MARCA_ITV,MODELO_ITV,PROVINCIA_VEH,CILINDRADA_ITV,COUNT
"AJP","AJP PR7","Barcelona","600",3
"AJP","AJP PR7","Girona","600",1
"AJP","AJP PR7","Huesca","600",1
"AJP","AJP PR7","Illes Balears","600",1
"AJP","AJP PR7","Madrid","600",2
"AJP","AJP PR7","Málaga","600",1
"ALPINA DI RENANIA","STRADA 125CC","Lleida","125",1
"APRILIA","RS 125","Barcelona","124",2
"APRILIA","RS 125","Cáceres","124",1
"APRILIA","RS 125","Palmas (Las)","124",1
"APRILIA","RS 457","Barcelona","457",2
"APRILIA","RS 457","Gipuzkoa","457",2
"APRILIA","RS 457","Granada","457",1
"APRILIA","RS 457","Huesca","457",1
"APRILIA","RS 457","Illes Balears","457",1
"APRILIA","RS 457","Madrid","457",3
"APRILIA","RS 457","Pontevedra","457",1
"APRILIA","RS 660","Barcelona","659",2
"APRILIA","RS 660","Bizkaia","659",1
"APRILIA","RS 660","Illes Balears","659",1
"APRILIA","RS 660","León","659",1
"APRILIA","RS 660","Madrid","659",15
"APRILIA","RS 660","Melilla","659",1
"APRILIA","RS 660","Murcia","659",2
"APRILIA","RS 660","Palmas (Las)","659",3
"APRILIA","RS 660","Santa Cruz de Tenerife","659",2
"APRILIA","RS 660","Sevilla","659",1
"APRILIA","RSV4","Murcia","1099",1
"APRILIA","RSV4","Sevilla","1099",1
"APRILIA","RX 125","Ávila","124",1
"APRILIA","RX 125","Badajoz","124",1
"APRILIA","RX 125","Barcelona","124",3
"APRILIA","RX 125","Cáceres","124",1
"APRILIA","RX 125","Cádiz","124",1
"APRILIA","RX 125","Córdoba","124",3
"APRILIA","RX 125","Huelva","124",1
"APRILIA","RX 125","Jaén","124",2
"APRILIA","RX 125","Málaga","124",3
"APRILIA","RX 125","Navarra","124",2
"APRILIA","RX 125","Palmas (Las)","124",3
"APRILIA","RX 125","Salamanca","124",3
"APRILIA","RX 125","Sevilla","124",1
"APRILIA","RX 125","Toledo","124",1
"APRILIA","SR GT 125","Albacete","125",2
"APRILIA","SR GT 125","Alicante/Alacant","125",4
"APRILIA","SR GT 125","Asturias","125",1
"APRILIA","SR GT 125","Badajoz","125",1
"APRILIA","SR GT 125","Barcelona","125",9
"APRILIA","SR GT 125","Bizkaia","125",6
"APRILIA","SR GT 125","Burgos","125",1
"APRILIA","SR GT 125","Cáceres","125",2
"APRILIA","SR GT 125","Cádiz","125",15
"APRILIA","SR GT 125","Cantabria","125",2
"APRILIA","SR GT 125","Córdoba","125",3
"APRILIA","SR GT 125","Granada","125",4
"APRILIA","SR GT 125","Guadalajara","125",1
"APRILIA","SR GT 125","Huelva","125",2
"APRILIA","SR GT 125","Illes Balears","125",3
"APRILIA","SR GT 125","Jaén","125",2
"APRILIA","SR GT 125","Lugo","125",1
"APRILIA","SR GT 125","Madrid","125",22
"APRILIA","SR GT 125","Málaga","125",10
"APRILIA","SR GT 125","Murcia","125",1
"APRILIA","SR GT 125","Navarra","125",1
"APRILIA","SR GT 125","Palmas (Las)","125",5
"APRILIA","SR GT 125","Pontevedra","125",1
"APRILIA","SR GT 125","Rioja (La)","125",3
"APRILIA","SR GT 125","Santa Cruz de Tenerife","125",14
"APRILIA","SR GT 125","Sevilla","125",7
"APRILIA","SR GT 125","Toledo","125",1
"APRILIA","SR GT 125","Valencia/València","125",4
"APRILIA","SR GT 125","Valladolid","125",1
"APRILIA","SR GT 200","Barcelona","174",1
"APRILIA","SX 125","Cádiz","124",2
"APRILIA","SX 125","Huesca","124",1
"APRILIA","SX 125","Madrid","124",2
"APRILIA","SX 125","Murcia","124",1
"APRILIA","TUAREG 660","Cádiz","659",1
"APRILIA","TUAREG 660","Madrid","659",2
"APRILIA","TUAREG 660","Málaga","659",3
"APRILIA","TUAREG 660","Toledo","659",1
"APRILIA","TUAREG 660","Valencia/València","659",1
"APRILIA","TUONO 125","Almería","124",1
"APRILIA","TUONO 125","Palmas (Las)","124",1
"APRILIA","TUONO 125","Sevilla","124",1
"APRILIA","TUONO 457","Madrid","457",1
"APRILIA","TUONO 660","Sevilla","659",1
"APRILIA","TUONO V4","Murcia","1077",1
"APRILIA","TUONO V4","Navarra","1077",1
"ARIIC","ARIIC 318","Alicante/Alacant","276",1
"ARIIC","ARIIC 318","Gipuzkoa","276",1
"ARIIC","ARIIC 318","Madrid","276",1
"BAJAJ","DOMINAR D 400","Barcelona","373",1
"BAJAJ","DOMINAR D 400","Illes Balears","373",1
"BAJAJ","DOMINAR D 400","Madrid","373",22
"BAJAJ","DOMINAR D 400","Sevilla","373",1
"BAJAJ","DOMINAR D 400","Valencia/València","373",2
"BAJAJ","PULSAR NS 125","Barcelona","124",2
"BAJAJ","PULSAR NS 125","Girona","124",1
"BAJAJ","PULSAR NS 125","Granada","124",1
"BAJAJ","PULSAR NS 125","Illes Balears","124",1
"BAJAJ","PULSAR NS 125","Madrid","124",1
"BAJAJ","PULSAR NS 125","Murcia","124",1
"BAJAJ","PULSAR NS 125","Navarra","124",1
"BAJAJ","PULSAR NS 125","Santa Cruz de Tenerife","124",1
"BAJAJ","PULSAR NS 125","Sevilla","124",2
"BAJAJ","PULSAR NS 125","Valencia/València","124",2
"BAJAJ","PULSAR NS 125","Zaragoza","124",1
"BAJAJ","PULSAR NS 400 Z","Álava/Araba","373",1
"BAJAJ","PULSAR NS 400 Z","Alicante/Alacant","373",1
"BAJAJ","PULSAR NS 400 Z","Barcelona","373",1
"BAJAJ","PULSAR NS 400 Z","Madrid","373",25
"BAJAJ","PULSAR NS 400 Z","Navarra","373",1
"BAJAJ","PULSAR NS 400 Z","Valencia/València","373",1
"BENDA","BENDA 302","Cádiz","298",1
"BENDA","BENDA 302","Cantabria","298",1
"BENDA","BENDA 302","Palmas (Las)","298",1
"BENDA","CHINCHILLA","Badajoz","476",1
"BENDA","CHINCHILLA","Barcelona","476",2
"BENDA","CHINCHILLA","Cádiz","476",1
"BENDA","CHINCHILLA","Ciudad Real","476",1
"BENDA","CHINCHILLA","Córdoba","476",1
"BENDA","CHINCHILLA","Girona","476",1
"BENDA","CHINCHILLA","Valencia/València","476",1
"BENDA","LFC700","Barcelona","677",2
"BENDA","LFC700","Cádiz","677",1
"BENDA","LFC700","Huelva","677",1
"BENDA","LFC700","Madrid","677",1
"BENDA","LFC700","Santa Cruz de Tenerife","677",1
"BENDA","NAPOLEON","Alicante/Alacant","249",2
"BENDA","NAPOLEON","Almería","249",1
"BENDA","NAPOLEON","Barcelona","249",1
"BENDA","NAPOLEON","Cáceres","249",1
"BENDA","NAPOLEON","Illes Balears","249",1
"BENDA","NAPOLEON","Madrid","249",3
"BENDA","NAPOLEON","Santa Cruz de Tenerife","249",1
"BENDA","NAPOLEON","Toledo","249",1
"BENDA","NAPOLEON","Valencia/València","249",2
"BENDA","NAPOLEON","Zaragoza","249",1
"BENDA","NAPOLEON 125","Alicante/Alacant","125",1
"BENDA","NAPOLEON 125","Barcelona","125",2
"BENDA","NAPOLEON 250","Barcelona","249",1
"BENDA","NAPOLEON 250","Palencia","249",1
"BENDA","NAPOLEON 250","Tarragona","249",1
"BENDA","V-CRUISE","Castellón/Castelló","125",1
"BENDA","V-CRUISE","Granada","125",1
"BENDA","V-CRUISE","Madrid","125",1
"BENDA","V-CRUISE","Murcia","125",1
"BENELLI","752S","Toledo","754",1
"BENELLI","BKX 125","Almería","125",1
"BENELLI","BKX 125","Barcelona","125",1
"BENELLI","BKX 125","Córdoba","125",1
"BENELLI","BN125","Alicante/Alacant","125",1
"BENELLI","BN125","Barcelona","125",4
"BENELLI","BN125","Cádiz","125",1
"BENELLI","BN125","Granada","125",1
"BENELLI","BN125","Illes Balears","125",1
"BENELLI","BN125","Lugo","125",1
"BENELLI","BN125","Madrid","125",6
"BENELLI","BN125","Málaga","125",4
"BENELLI","BN125","Rioja (La)","125",1
"BENELLI","BN125","Toledo","125",1
"BENELLI","BN125","Valencia/València","125",2
"BENELLI","LEONCINO 125","Coruña (A)","125",1
"BENELLI","LEONCINO 125","Madrid","125",1
"BENELLI","LEONCINO 250","Valladolid","249",1
"BENELLI","LEONCINO 800 TRAIL","Ciudad Real","754",1
"BENELLI","LEONCINO 800 TRAIL","Zaragoza","754",1
"BENELLI","LEONCINO BOBBER 400","Cádiz","385",1
"BENELLI","LEONCINO BOBBER 400","Huelva","385",1
"BENELLI","TORNADO 550","Asturias","554",1
"BENELLI","TORNADO 550 35KW","Asturias","554",1
"BENELLI","TRK 702","Alicante/Alacant","698",1
"BENELLI","TRK 702","Almería","698",1
"BENELLI","TRK 702","Asturias","698",1
"BENELLI","TRK 702","Badajoz","698",1
"BENELLI","TRK 702","Cádiz","698",1
"BENELLI","TRK 702","Huelva","698",1
"BENELLI","TRK 702","Illes Balears","698",1
"BENELLI","TRK 702","Madrid","698",2
"BENELLI","TRK 702","Málaga","698",1
"BENELLI","TRK 702","Murcia","698",2
"BENELLI","TRK 702","Pontevedra","698",1
"BENELLI","TRK 702","Rioja (La)","698",1
"BENELLI","TRK 702","Santa Cruz de Tenerife","698",1
"BENELLI","TRK 702","Sevilla","698",3
"BENELLI","TRK 702","Valencia/València","698",3
"BENELLI","TRK 702","Zaragoza","698",2
"BETA","EVO 2T 300CC 2020","Barcelona","297",1
"BETA","N/A","Albacete","293",1
"BETA","N/A","Alicante/Alacant","293",2
"BETA","N/A","Almería","293",3
"BETA","N/A","Asturias","293",2
"BETA","N/A","Barcelona","293",17
"BETA","N/A","Bizkaia","293",2
"BETA","N/A","Cáceres","293",1
"BETA","N/A","Cádiz","293",6
"BETA","N/A","Cantabria","293",1
"BETA","N/A","Castellón/Castelló","293",1
"BETA","N/A","Ciudad Real","293",2
"BETA","N/A","Coruña (A)","293",5
"BETA","N/A","Girona","293",2
"BETA","N/A","Huelva","293",3
"BETA","N/A","Jaén","293",1
"BETA","N/A","León","293",4
"BETA","N/A","Lleida","293",2
"BETA","N/A","Lugo","293",1
"BETA","N/A","Madrid","293",8
"BETA","N/A","Málaga","293",2
"BETA","N/A","Murcia","293",1
"BETA","N/A","Navarra","293",1
"BETA","N/A","Ourense","293",1
"BETA","N/A","Pontevedra","293",3
"BETA","N/A","Rioja (La)","293",1
"BETA","N/A","Sevilla","293",2
"BETA","N/A","Tarragona","293",1
"BETA","N/A","Toledo","293",1
"BETA","N/A","Valencia/València","293",4
"BETA","N/A","Zaragoza","293",1
"BETA","RR 125 LC MY21","Tarragona","125",1
"BETA","RR 4T 350 RACING MY22","Cantabria","349",1
"BETA","RR 4T 390 MY24","Ciudad Real","386",1
"BMW","C 400 GT","Álava/Araba","350",1
"BMW","C 400 GT","Alicante/Alacant","350",2
"BMW","C 400 GT","Barcelona","350",6
"BMW","C 400 GT","Castellón/Castelló","350",1
"BMW","C 400 GT","Illes Balears","350",1
"BMW","C 400 GT","Madrid","350",5
"BMW","C 400 GT","Málaga","350",1
"BMW","C 400 GT","Pontevedra","350",1
"BMW","C 400 GT","Rioja (La)","350",1
"BMW","C 400 GT","Santa Cruz de Tenerife","350",1
"BMW","C 400 GT","Sevilla","350",2
"BMW","C 400 GT","Valencia/València","350",5
"BMW","C 400 X","Álava/Araba","350",1
"BMW","C 400 X","Albacete","350",2
"BMW","C 400 X","Alicante/Alacant","350",1
"BMW","C 400 X","Barcelona","350",7
"BMW","C 400 X","Córdoba","350",1
"BMW","C 400 X","Granada","350",2
"BMW","C 400 X","Jaén","350",1
"BMW","C 400 X","Madrid","350",9
"BMW","C 400 X","Málaga","350",4
"BMW","C 400 X","Navarra","350",1
"BMW","C 400 X","Palmas (Las)","350",1
"BMW","C 400 X","Valencia/València","350",1
"BMW","F 800 GS","Alicante/Alacant","895",9
"BMW","F 800 GS","Barcelona","895",7
"BMW","F 800 GS","Cáceres","895",1
"BMW","F 800 GS","Cádiz","895",2
"BMW","F 800 GS","Córdoba","895",1
"BMW","F 800 GS","Gipuzkoa","895",2
"BMW","F 800 GS","Girona","895",3
"BMW","F 800 GS","Granada","895",1
"BMW","F 800 GS","León","895",1
"BMW","F 800 GS","Madrid","895",10
"BMW","F 800 GS","Málaga","895",2
"BMW","F 800 GS","Ourense","895",1
"BMW","F 800 GS","Pontevedra","895",1
"BMW","F 800 GS","Santa Cruz de Tenerife","895",1
"BMW","F 800 GS","Sevilla","895",2
"BMW","F 800 GS","Tarragona","895",2
"BMW","F 800 GS","Valencia/València","895",5
"BMW","F 800 GS","Valladolid","895",1
"BMW","F 900 GS","Albacete","895",1
"BMW","F 900 GS","Alicante/Alacant","895",1
"BMW","F 900 GS","Almería","895",1
"BMW","F 900 GS","Badajoz","895",1
"BMW","F 900 GS","Barcelona","895",3
"BMW","F 900 GS","Cádiz","895",1
"BMW","F 900 GS","Ciudad Real","895",1
"BMW","F 900 GS","Coruña (A)","895",2
"BMW","F 900 GS","Girona","895",1
"BMW","F 900 GS","Granada","895",1
"BMW","F 900 GS","Madrid","895",6
"BMW","F 900 GS","Málaga","895",3
"BMW","F 900 GS","Santa Cruz de Tenerife","895",5
"BMW","F 900 GS","Sevilla","895",1
"BMW","F 900 GS","Tarragona","895",4
"BMW","F 900 GS","Valencia/València","895",2
"BMW","F 900 GS","Zaragoza","895",1
"BMW","F 900 GS ADVENTURE","Albacete","895",1
"BMW","F 900 GS ADVENTURE","Alicante/Alacant","895",1
"BMW","F 900 GS ADVENTURE","Barcelona","895",2
"BMW","F 900 GS ADVENTURE","Bizkaia","895",1
"BMW","F 900 GS ADVENTURE","Ciudad Real","895",1
"BMW","F 900 GS ADVENTURE","Granada","895",2
"BMW","F 900 GS ADVENTURE","Jaén","895",1
"BMW","F 900 GS ADVENTURE","León","895",1
"BMW","F 900 GS ADVENTURE","Madrid","895",4
"BMW","F 900 GS ADVENTURE","Málaga","895",1
"BMW","F 900 GS ADVENTURE","Murcia","895",2
"BMW","F 900 GS ADVENTURE","Rioja (La)","895",1
"BMW","F 900 GS ADVENTURE","Tarragona","895",2
"BMW","F 900 GS ADVENTURE","Valencia/València","895",1
"BMW","F 900 GS ADVENTURE","Valladolid","895",1
"BMW","F 900 R","Alicante/Alacant","895",3
"BMW","F 900 R","Almería","895",1
"BMW","F 900 R","Barcelona","895",5
"BMW","F 900 R","Burgos","895",1
"BMW","F 900 R","Cádiz","895",1
"BMW","F 900 R","León","895",1
"BMW","F 900 R","Madrid","895",6
"BMW","F 900 R","Málaga","895",3
"BMW","F 900 R","Santa Cruz de Tenerife","895",1
"BMW","F 900 R","Tarragona","895",3
"BMW","F 900 R","Valencia/València","895",4
"BMW","F 900 R","Zaragoza","895",2
"BMW","F 900 R A2","Alicante/Alacant","895",3
"BMW","F 900 R A2","Almería","895",1
"BMW","F 900 R A2","Barcelona","895",2
"BMW","F 900 R A2","Illes Balears","895",1
"BMW","F 900 R A2","Lleida","895",2
"BMW","F 900 R A2","Valencia/València","895",1
"BMW","F 900 XR","Alicante/Alacant","895",1
"BMW","F 900 XR","Asturias","895",1
"BMW","F 900 XR","Barcelona","895",6
"BMW","F 900 XR","Cádiz","895",1
"BMW","F 900 XR","Cantabria","895",1
"BMW","F 900 XR","Córdoba","895",1
"BMW","F 900 XR","Gipuzkoa","895",1
"BMW","F 900 XR","Guadalajara","895",1
"BMW","F 900 XR","Madrid","895",4
"BMW","F 900 XR","Málaga","895",3
"BMW","F 900 XR","Murcia","895",1
"BMW","F 900 XR","Palmas (Las)","895",1
"BMW","F 900 XR","Santa Cruz de Tenerife","895",2
"BMW","F 900 XR","Sevilla","895",3
"BMW","F 900 XR","Tarragona","895",1
"BMW","F 900 XR","Valencia/València","895",4
"BMW","F 900 XR A2","Barcelona","895",2
"BMW","F 900 XR A2","Cádiz","895",1
"BMW","F 900 XR A2","Cantabria","895",1
"BMW","F 900 XR A2","Coruña (A)","895",2
"BMW","F 900 XR A2","Madrid","895",2
"BMW","F 900 XR A2","Palmas (Las)","895",1
"BMW","K 1600 B","Ciudad Real","1649",1
"BMW","K 1600 B","Málaga","1649",2
"BMW","K 1600 GT","Barcelona","1649",1
"BMW","K 1600 GTL","Barcelona","1649",1
"BMW","K 1600 GTL","Huesca","1649",1
"BMW","K 1600 GTL","Valencia/València","1649",3
"BMW","K 1600 GTL","Zaragoza","1649",1
"BMW","M 1000 R","Illes Balears","999",1
"BMW","M 1000 R","Ourense","999",1
"BMW","M 1000 RR","Zaragoza","999",1
"BMW","M 1000 XR","Albacete","999",1
"BMW","M 1000 XR","Alicante/Alacant","999",2
"BMW","M 1000 XR","Asturias","999",1
"BMW","M 1000 XR","Barcelona","999",2
"BMW","M 1000 XR","Burgos","999",1
"BMW","M 1000 XR","Granada","999",1
"BMW","M 1000 XR","Madrid","999",5
"BMW","M 1000 XR","Málaga","999",1
"BMW","M 1000 XR","Palencia","999",1
"BMW","R 12","Jaén","1170",1
"BMW","R 12","Madrid","1170",2
"BMW","R 12","Málaga","1170",1
"BMW","R 12","Murcia","1170",1
"BMW","R 12","Valencia/València","1170",1
"BMW","R 12 G/S","Barcelona","1170",3
"BMW","R 12 G/S","Bizkaia","1170",1
"BMW","R 12 G/S","Coruña (A)","1170",1
"BMW","R 12 G/S","Gipuzkoa","1170",1
"BMW","R 12 G/S","Madrid","1170",3
"BMW","R 12 G/S","Murcia","1170",1
"BMW","R 12 G/S","Santa Cruz de Tenerife","1170",1
"BMW","R 12 G/S","Sevilla","1170",1
"BMW","R 12 NINET","Barcelona","1170",3
"BMW","R 12 NINET","Gipuzkoa","1170",1
"BMW","R 12 NINET","Girona","1170",1
"BMW","R 12 NINET","Illes Balears","1170",1
"BMW","R 12 NINET","Madrid","1170",1
"BMW","R 12 NINET","Málaga","1170",1
"BMW","R 12 NINET","Murcia","1170",2
"BMW","R 1250 GS","Madrid","1254",2
"BMW","R 1250 GS ADVENTURE","Madrid","1254",2
"BMW","R 1250 RT","Madrid","1254",2
"BMW","R 1300 GS","Álava/Araba","1300",2
"BMW","R 1300 GS","Albacete","1300",1
"BMW","R 1300 GS","Alicante/Alacant","1300",8
"BMW","R 1300 GS","Badajoz","1300",1
"BMW","R 1300 GS","Barcelona","1300",17
"BMW","R 1300 GS","Bizkaia","1300",2
"BMW","R 1300 GS","Burgos","1300",2
"BMW","R 1300 GS","Cádiz","1300",2
"BMW","R 1300 GS","Cantabria","1300",2
"BMW","R 1300 GS","Córdoba","1300",1
"BMW","R 1300 GS","Cuenca","1300",1
"BMW","R 1300 GS","Gipuzkoa","1300",1
"BMW","R 1300 GS","Girona","1300",2
"BMW","R 1300 GS","Granada","1300",1
"BMW","R 1300 GS","Illes Balears","1300",2
"BMW","R 1300 GS","Jaén","1300",1
"BMW","R 1300 GS","León","1300",3
"BMW","R 1300 GS","Madrid","1300",13
"BMW","R 1300 GS","Málaga","1300",2
"BMW","R 1300 GS","Murcia","1300",4
"BMW","R 1300 GS","Navarra","1300",2
"BMW","R 1300 GS","Palencia","1300",1
"BMW","R 1300 GS","Palmas (Las)","1300",1
"BMW","R 1300 GS","Rioja (La)","1300",1
"BMW","R 1300 GS","Santa Cruz de Tenerife","1300",2
"BMW","R 1300 GS","Sevilla","1300",4
"BMW","R 1300 GS","Valencia/València","1300",9
"BMW","R 1300 GS","Valladolid","1300",1
"BMW","R 1300 GS","Zaragoza","1300",1
"BMW","R 1300 GS ADVENTURE","Álava/Araba","1300",2
"BMW","R 1300 GS ADVENTURE","Albacete","1300",1
"BMW","R 1300 GS ADVENTURE","Alicante/Alacant","1300",8
"BMW","R 1300 GS ADVENTURE","Almería","1300",2
"BMW","R 1300 GS ADVENTURE","Barcelona","1300",14
"BMW","R 1300 GS ADVENTURE","Bizkaia","1300",1
"BMW","R 1300 GS ADVENTURE","Cádiz","1300",1
"BMW","R 1300 GS ADVENTURE","Cantabria","1300",1
"BMW","R 1300 GS ADVENTURE","Castellón/Castelló","1300",1
"BMW","R 1300 GS ADVENTURE","Ciudad Real","1300",1
"BMW","R 1300 GS ADVENTURE","Córdoba","1300",2
"BMW","R 1300 GS ADVENTURE","Coruña (A)","1300",2
"BMW","R 1300 GS ADVENTURE","Gipuzkoa","1300",3
"BMW","R 1300 GS ADVENTURE","Granada","1300",1
"BMW","R 1300 GS ADVENTURE","Guadalajara","1300",1
"BMW","R 1300 GS ADVENTURE","Illes Balears","1300",3
"BMW","R 1300 GS ADVENTURE","Jaén","1300",1
"BMW","R 1300 GS ADVENTURE","Lleida","1300",1
"BMW","R 1300 GS ADVENTURE","Madrid","1300",7
"BMW","R 1300 GS ADVENTURE","Melilla","1300",1
"BMW","R 1300 GS ADVENTURE","Murcia","1300",11
"BMW","R 1300 GS ADVENTURE","Ourense","1300",1
"BMW","R 1300 GS ADVENTURE","Palmas (Las)","1300",2
"BMW","R 1300 GS ADVENTURE","Sevilla","1300",2
"BMW","R 1300 GS ADVENTURE","Valencia/València","1300",10
"BMW","R 1300 GS ADVENTURE","Valladolid","1300",2
"BMW","R 1300 GS ADVENTURE","Zaragoza","1300",2
"BMW","R 1300 R","Barcelona","1300",1
"BMW","R 1300 R","Cádiz","1300",1
"BMW","R 1300 R","Illes Balears","1300",1
"BMW","R 1300 R","Madrid","1300",1
"BMW","R 1300 R","Rioja (La)","1300",1
"BMW","R 1300 R","Valencia/València","1300",1
"BMW","R 1300 RS","Álava/Araba","1300",1
"BMW","R 1300 RS","Alicante/Alacant","1300",3
"BMW","R 1300 RS","Almería","1300",1
"BMW","R 1300 RS","Barcelona","1300",2
"BMW","R 1300 RS","Cádiz","1300",1
"BMW","R 1300 RS","Córdoba","1300",1
"BMW","R 1300 RS","Gipuzkoa","1300",2
"BMW","R 1300 RS","Lleida","1300",1
"BMW","R 1300 RS","Madrid","1300",8
"BMW","R 1300 RS","Murcia","1300",2
"BMW","R 1300 RS","Navarra","1300",1
"BMW","R 1300 RS","Palencia","1300",1
"BMW","R 1300 RS","Pontevedra","1300",1
"BMW","R 1300 RS","Rioja (La)","1300",1
"BMW","R 1300 RS","Sevilla","1300",2
"BMW","R 1300 RS","Tarragona","1300",2
"BMW","R 1300 RS","Valencia/València","1300",1
"BMW","R 1300 RT","Álava/Araba","1300",1
"BMW","R 1300 RT","Alicante/Alacant","1300",7
"BMW","R 1300 RT","Almería","1300",1
"BMW","R 1300 RT","Asturias","1300",1
"BMW","R 1300 RT","Barcelona","1300",7
"BMW","R 1300 RT","Bizkaia","1300",1
"BMW","R 1300 RT","Cantabria","1300",2
"BMW","R 1300 RT","Ciudad Real","1300",1
"BMW","R 1300 RT","Córdoba","1300",1
"BMW","R 1300 RT","Gipuzkoa","1300",1
"BMW","R 1300 RT","Girona","1300",3
"BMW","R 1300 RT","Granada","1300",1
"BMW","R 1300 RT","Huesca","1300",1
"BMW","R 1300 RT","Illes Balears","1300",1
"BMW","R 1300 RT","Madrid","1300",14
"BMW","R 1300 RT","Málaga","1300",6
"BMW","R 1300 RT","Murcia","1300",4
"BMW","R 1300 RT","Navarra","1300",2
"BMW","R 1300 RT","Palmas (Las)","1300",1
"BMW","R 1300 RT","Rioja (La)","1300",1
"BMW","R 1300 RT","Santa Cruz de Tenerife","1300",1
"BMW","R 1300 RT","Sevilla","1300",1
"BMW","R 1300 RT","Tarragona","1300",1
"BMW","R 1300 RT","Teruel","1300",1
"BMW","R 1300 RT","Toledo","1300",1
"BMW","R 1300 RT","Valencia/València","1300",6
"BMW","R 1300 RT","Valladolid","1300",1
"BMW","R 1300 RT","Zamora","1300",1
"BMW","R 18","Barcelona","1802",1
"BMW","R 18 B","Madrid","1802",1
"BMW","R 18 B","Navarra","1802",1
"BMW","R 18 TRANSCONTINENTAL","Huelva","1802",1
"BMW","R 18 TRANSCONTINENTAL","Sevilla","1802",1
"BMW","R 18 TRANSCONTINENTAL","Valencia/València","1802",1
"BMW","S 1000 R","Barcelona","999",1
"BMW","S 1000 R","Murcia","999",1
"BMW","S 1000 R","Palmas (Las)","999",1
"BMW","S 1000 R","Valencia/València","999",2
"BMW","S 1000 RR","Álava/Araba","999",1
"BMW","S 1000 RR","Barcelona","999",4
"BMW","S 1000 RR","Cantabria","999",2
"BMW","S 1000 RR","Girona","999",1
"BMW","S 1000 RR","Huelva","999",1
"BMW","S 1000 RR","Illes Balears","999",1
"BMW","S 1000 RR","Jaén","999",1
"BMW","S 1000 RR","León","999",1
"BMW","S 1000 RR","Madrid","999",2
"BMW","S 1000 RR","Palmas (Las)","999",1
"BMW","S 1000 RR","Pontevedra","999",2
"BMW","S 1000 RR","Sevilla","999",1
"BMW","S 1000 RR","Valencia/València","999",3
"BMW","S 1000 XR","Álava/Araba","999",1
"BMW","S 1000 XR","Alicante/Alacant","999",2
"BMW","S 1000 XR","Almería","999",1
"BMW","S 1000 XR","Barcelona","999",4
"BMW","S 1000 XR","Bizkaia","999",1
"BMW","S 1000 XR","Cantabria","999",1
"BMW","S 1000 XR","Córdoba","999",2
"BMW","S 1000 XR","Girona","999",1
"BMW","S 1000 XR","Illes Balears","999",1
"BMW","S 1000 XR","Madrid","999",5
"BMW","S 1000 XR","Málaga","999",1
"BMW","S 1000 XR","Murcia","999",3
"BMW","S 1000 XR","Rioja (La)","999",1
"BMW","S 1000 XR","Santa Cruz de Tenerife","999",1
"BMW","S 1000 XR","Tarragona","999",1
"BMW","S 1000 XR","Teruel","999",1
"BMW","S 1000 XR","Valencia/València","999",2
"BMW","S 1000 XR","Zaragoza","999",1
"BRIXTON","CROSSFIRE 125","Castellón/Castelló","124",1
"BRIXTON","CROSSFIRE 500","Málaga","486",1
"BRIXTON","CROSSFIRE125XS","Girona","125",1
"BSA","BANTAM","Valencia/València","334",4
"BSA","GOLDSTAR","Valladolid","652",1
"CFMOTO","125 NK","Badajoz","124",1
"CFMOTO","125 NK","Barcelona","124",1
"CFMOTO","125 NK","Bizkaia","124",2
"CFMOTO","125 NK","Cádiz","124",1
"CFMOTO","125 NK","Córdoba","124",1
"CFMOTO","125 NK","Granada","124",1
"CFMOTO","125 NK","Lleida","124",1
"CFMOTO","125 NK","Madrid","124",2
"CFMOTO","125 NK","Santa Cruz de Tenerife","124",1
"CFMOTO","125 NK","Sevilla","124",1
"CFMOTO","125 NK","Toledo","124",1
"CFMOTO","125 NK","Valencia/València","124",1
"CFMOTO","300CL-X","Madrid","292",1
"CFMOTO","450MT","Alicante/Alacant","449",3
"CFMOTO","450MT","Almería","449",1
"CFMOTO","450MT","Asturias","449",2
"CFMOTO","450MT","Barcelona","449",16
"CFMOTO","450MT","Bizkaia","449",1
"CFMOTO","450MT","Cáceres","449",4
"CFMOTO","450MT","Cádiz","449",7
"CFMOTO","450MT","Cantabria","449",4
"CFMOTO","450MT","Castellón/Castelló","449",3
"CFMOTO","450MT","Ceuta","449",1
"CFMOTO","450MT","Ciudad Real","449",2
"CFMOTO","450MT","Córdoba","449",3
"CFMOTO","450MT","Coruña (A)","449",1
"CFMOTO","450MT","Gipuzkoa","449",2
"CFMOTO","450MT","Girona","449",1
"CFMOTO","450MT","Granada","449",2
"CFMOTO","450MT","Huelva","449",4
"CFMOTO","450MT","Illes Balears","449",2
"CFMOTO","450MT","Jaén","449",4
"CFMOTO","450MT","Lleida","449",3
"CFMOTO","450MT","Madrid","449",12
"CFMOTO","450MT","Málaga","449",4
"CFMOTO","450MT","Melilla","449",1
"CFMOTO","450MT","Murcia","449",1
"CFMOTO","450MT","Palmas (Las)","449",2
"CFMOTO","450MT","Pontevedra","449",1
"CFMOTO","450MT","Santa Cruz de Tenerife","449",3
"CFMOTO","450MT","Sevilla","449",14
"CFMOTO","450MT","Tarragona","449",1
"CFMOTO","450MT","Toledo","449",1
"CFMOTO","450MT","Valencia/València","449",6
"CFMOTO","450MT","Zaragoza","449",2
"CFMOTO","450NK","Coruña (A)","449",1
"CFMOTO","675NK","Barcelona","674",1
"CFMOTO","675NK","Lleida","674",1
"CFMOTO","675NK","Madrid","674",1
"CFMOTO","675NK","Málaga","674",3
"CFMOTO","675NK","Palmas (Las)","674",1
"CFMOTO","675NK","Sevilla","674",1
"CFMOTO","675SR-R","Alicante/Alacant","674",1
"CFMOTO","675SR-R","Barcelona","674",1
"CFMOTO","675SR-R","Girona","674",1
"CFMOTO","675SR-R","Illes Balears","674",1
"CFMOTO","675SR-R","Madrid","674",1
"CFMOTO","675SR-R","Málaga","674",1
"CFMOTO","675SR-R","Santa Cruz de Tenerife","674",1
"CFMOTO","700MT","Alicante/Alacant","693",1
"CFMOTO","700MT","Almería","693",1
"CFMOTO","700MT","Asturias","693",1
"CFMOTO","700MT","Ávila","693",1
"CFMOTO","700MT","Barcelona","693",2
"CFMOTO","700MT","Bizkaia","693",1
"CFMOTO","700MT","Cádiz","693",1
"CFMOTO","700MT","Granada","693",1
"CFMOTO","700MT","Lleida","693",1
"CFMOTO","700MT","Madrid","693",3
"CFMOTO","700MT","Málaga","693",2
"CFMOTO","700MT","Murcia","693",1
"CFMOTO","700MT","Pontevedra","693",2
"CFMOTO","700MT","Sevilla","693",6
"CFMOTO","700MT","Valencia/València","693",3
"CFMOTO","800MT","Ávila","799",1
"CFMOTO","800MT","Badajoz","799",1
"CFMOTO","800MT","Barcelona","799",3
"CFMOTO","800MT","Cantabria","799",1
"CFMOTO","800MT","Illes Balears","799",1
"CFMOTO","800MT","Madrid","799",2
"CFMOTO","800MT","Málaga","799",1
"CFMOTO","800MT","Navarra","799",1
"CFMOTO","800MT","Sevilla","799",1
"CFMOTO","800MT","Toledo","799",1
"CFMOTO","800MT-X","Alicante/Alacant","799",1
"CFMOTO","800MT-X","Barcelona","799",1
"CFMOTO","800MT-X","Ceuta","799",1
"CFMOTO","800MT-X","Madrid","799",2
"CFMOTO","800MT-X","Santa Cruz de Tenerife","799",1
"CFMOTO","800MT-X","Sevilla","799",2
"CFMOTO","800MT-X","Valencia/València","799",1
"CYCLONE","CARRERA 125","Alicante/Alacant","125",3
"CYCLONE","CARRERA 125","Barcelona","125",1
"CYCLONE","CARRERA 125","Cáceres","125",1
"CYCLONE","CARRERA 125","Cádiz","125",1
"CYCLONE","CARRERA 125","Ciudad Real","125",1
"CYCLONE","CARRERA 125","Málaga","125",1
"CYCLONE","CARRERA 125","Sevilla","125",1
"CYCLONE","LS-Z","Alicante/Alacant","124",1
"CYCLONE","LS-Z","Barcelona","124",1
"CYCLONE","LS-Z","Cádiz","124",1
"CYCLONE","LS-Z","Córdoba","124",1
"CYCLONE","LS-Z","Coruña (A)","124",1
"CYCLONE","LS-Z","Girona","124",1
"CYCLONE","LS-Z","Guadalajara","124",1
"CYCLONE","LS-Z","Huesca","124",1
"CYCLONE","LS-Z","León","124",1
"CYCLONE","LS-Z","Lleida","124",1
"CYCLONE","LS-Z","Madrid","124",2
"CYCLONE","LS-Z","Málaga","124",1
"CYCLONE","LS-Z","Santa Cruz de Tenerife","124",1
"CYCLONE","LS-Z","Segovia","124",1
"CYCLONE","LS-Z","Valencia/València","124",1
"CYCLONE","LS-Z","Zaragoza","124",2
"CYCLONE","RA125 PLUS","Álava/Araba","124",1
"CYCLONE","RA125 PLUS","Alicante/Alacant","124",2
"CYCLONE","RA125 PLUS","Almería","124",2
"CYCLONE","RA125 PLUS","Barcelona","124",1
"CYCLONE","RA125 PLUS","Granada","124",1
"CYCLONE","RA125 PLUS","Illes Balears","124",1
"CYCLONE","RA125 PLUS","León","124",1
"CYCLONE","RA125 PLUS","Madrid","124",4
"CYCLONE","RA125 PLUS","Sevilla","124",1
"CYCLONE","RA125 PLUS","Toledo","124",1
"CYCLONE","RA2","Madrid","125",2
"CYCLONE","RT1","Almería","125",1
"CYCLONE","RT1","Asturias","125",1
"CYCLONE","RT1","Castellón/Castelló","125",1
"CYCLONE","RT1","Huesca","125",1
"CYCLONE","RT1","Illes Balears","125",1
"CYCLONE","RT1","León","125",1
"CYCLONE","RT1","Málaga","125",1
"CYCLONE","RT1","Palmas (Las)","125",1
"CYCLONE","RT1","Pontevedra","125",2
"CYCLONE","RT2","Alicante/Alacant","289",1
"CYCLONE","RT2","Pontevedra","289",1
"CYCLONE","RX1","Santa Cruz de Tenerife","124",1
"CYCLONE","RX1 PRO","Alicante/Alacant","124",2
"CYCLONE","RX1 PRO","Almería","124",1
"CYCLONE","RX1 PRO","Cádiz","124",1
"CYCLONE","RX1 PRO","Cantabria","124",2
"CYCLONE","RX1 PRO","Coruña (A)","124",1
"CYCLONE","RX1 PRO","Cuenca","124",1
"CYCLONE","RX1 PRO","Gipuzkoa","124",1
"CYCLONE","RX1 PRO","Granada","124",1
"CYCLONE","RX1 PRO","Guadalajara","124",1
"CYCLONE","RX1 PRO","Madrid","124",2
"CYCLONE","RX1 PRO","Málaga","124",1
"CYCLONE","RX1 PRO","Palmas (Las)","124",1
"CYCLONE","RX1 PRO","Pontevedra","124",1
"CYCLONE","RX1 PRO","Santa Cruz de Tenerife","124",1
"CYCLONE","RX1 PRO","Toledo","124",1
"CYCLONE","RX1 PRO","Valencia/València","124",1
"CYCLONE","RX1 PRO","Valladolid","124",1
"CYCLONE","RX401","Barcelona","401",1
"CYCLONE","RX401","Málaga","401",1
"CYCLONE","RX600","Almería","550",2
"CYCLONE","RX600","Jaén","550",1
"CYCLONE","RX600","Madrid","550",2
"CYCLONE","RX600","Málaga","550",1
"CYCLONE","RX600","Palmas (Las)","550",1
"CYCLONE","RX600","Rioja (La)","550",1
"CYCLONE","SR650","Gipuzkoa","650",1
"CYCLONE","SR650","Palmas (Las)","650",1
"CYCLONE","SR650","Zaragoza","650",1
"DAYANG","SAIGA125","Barcelona","125",1
"DAYANG","SAIGA125","Lleida","125",1
"DUCATI","DESERTX DISCOVERY","Cádiz","937",1
"DUCATI","DESERTX WHITE LIVERY","Madrid","937",1
"DUCATI","DIAVEL V4","Alicante/Alacant","1158",1
"DUCATI","DIAVEL V4","Barcelona","1158",1
"DUCATI","DIAVEL V4","Málaga","1158",1
"DUCATI","DIAVEL V4","Tarragona","1158",1
"DUCATI","DIAVEL V4","Zaragoza","1158",1
"DUCATI","DIAVEL V4 RS","Málaga","1103",2
"DUCATI","DIAVEL V4 RS","Palencia","1103",1
"DUCATI","DUCATI SCRAMBLER NIGHT","Álava/Araba","803",1
"DUCATI","DUCATI SCRAMBLER NIGHT","Barcelona","803",1
"DUCATI","DUCATI SCRAMBLER NIGHT","Illes Balears","803",1
"DUCATI","DUCATI SCRAMBLER NIGHT","Madrid","803",2
"DUCATI","DUCATI SCRAMBLER NIGHT","Sevilla","803",1
"DUCATI","DUCATI SCRAMBLER NIGHT","Valencia/València","803",1
"DUCATI","HYPERMOTARD 698 MONO D","Barcelona","659",1
"DUCATI","HYPERMOTARD 698 MONO R","Alicante/Alacant","659",1
"DUCATI","HYPERMOTARD 698 MONO R","Valencia/València","659",1
"DUCATI","HYPERMOTARD 950 REPLIC","Bizkaia","937",1
"DUCATI","MONSTER","Alicante/Alacant","937",1
"DUCATI","MULTISTRADA V2","Alicante/Alacant","890",3
"DUCATI","MULTISTRADA V2","Barcelona","890",8
"DUCATI","MULTISTRADA V2","Burgos","890",1
"DUCATI","MULTISTRADA V2","Cádiz","890",2
"DUCATI","MULTISTRADA V2","Ciudad Real","890",2
"DUCATI","MULTISTRADA V2","Córdoba","890",1
"DUCATI","MULTISTRADA V2","Coruña (A)","890",3
"DUCATI","MULTISTRADA V2","Illes Balears","890",1
"DUCATI","MULTISTRADA V2","Madrid","890",5
"DUCATI","MULTISTRADA V2","Murcia","890",1
"DUCATI","MULTISTRADA V2","Palmas (Las)","890",2
"DUCATI","MULTISTRADA V2","Santa Cruz de Tenerife","890",2
"DUCATI","MULTISTRADA V2","Tarragona","890",1
"DUCATI","MULTISTRADA V2","Toledo","890",1
"DUCATI","MULTISTRADA V2","Valencia/València","890",2
"DUCATI","MULTISTRADA V4","Álava/Araba","1158",1
"DUCATI","MULTISTRADA V4","Alicante/Alacant","1158",1
"DUCATI","MULTISTRADA V4","Almería","1158",1
"DUCATI","MULTISTRADA V4","Badajoz","1158",1
"DUCATI","MULTISTRADA V4","Barcelona","1158",4
"DUCATI","MULTISTRADA V4","Bizkaia","1158",1
"DUCATI","MULTISTRADA V4","Burgos","1158",1
"DUCATI","MULTISTRADA V4","Cádiz","1158",3
"DUCATI","MULTISTRADA V4","Cantabria","1158",2
"DUCATI","MULTISTRADA V4","Ciudad Real","1158",1
"DUCATI","MULTISTRADA V4","Córdoba","1158",1
"DUCATI","MULTISTRADA V4","Gipuzkoa","1158",1
"DUCATI","MULTISTRADA V4","Granada","1158",1
"DUCATI","MULTISTRADA V4","Illes Balears","1158",2
"DUCATI","MULTISTRADA V4","Lugo","1158",1
"DUCATI","MULTISTRADA V4","Madrid","1158",4
"DUCATI","MULTISTRADA V4","Navarra","1158",5
"DUCATI","MULTISTRADA V4","Palmas (Las)","1158",1
"DUCATI","MULTISTRADA V4","Santa Cruz de Tenerife","1158",1
"DUCATI","MULTISTRADA V4","Sevilla","1158",1
"DUCATI","MULTISTRADA V4","Tarragona","1158",1
"DUCATI","MULTISTRADA V4","Valencia/València","1158",3
"DUCATI","PANIGALE V2","Barcelona","890",6
"DUCATI","PANIGALE V2","Cádiz","890",1
"DUCATI","PANIGALE V2","Granada","890",1
"DUCATI","PANIGALE V2","Madrid","890",3
"DUCATI","PANIGALE V2","Murcia","890",1
"DUCATI","PANIGALE V2","Navarra","890",1
"DUCATI","PANIGALE V2","Palmas (Las)","890",2
"DUCATI","PANIGALE V2","Santa Cruz de Tenerife","890",1
"DUCATI","PANIGALE V2","Sevilla","890",2
"DUCATI","PANIGALE V2","Zaragoza","890",1
"DUCATI","PANIGALE V4","Almería","998",1
"DUCATI","PANIGALE V4","Barcelona","998",3
"DUCATI","PANIGALE V4","Bizkaia","998",1
"DUCATI","PANIGALE V4","Ciudad Real","998",1
"DUCATI","PANIGALE V4","Girona","998",1
"DUCATI","PANIGALE V4","Madrid","998",4
"DUCATI","PANIGALE V4","Málaga","998",2
"DUCATI","PANIGALE V4","Murcia","998",1
"DUCATI","PANIGALE V4","Palmas (Las)","998",1
"DUCATI","PANIGALE V4","Pontevedra","998",1
"DUCATI","PANIGALE V4","Rioja (La)","998",1
"DUCATI","PANIGALE V4","Sevilla","998",1
"DUCATI","PANIGALE V4","Zamora","998",1
"DUCATI","SCRAMBLER FULL THROTTL","Cádiz","803",1
"DUCATI","SCRAMBLER FULL THROTTL","León","803",1
"DUCATI","SCRAMBLER FULL THROTTL","Madrid","803",2
"DUCATI","SCRAMBLER FULL THROTTL","Navarra","803",1
"DUCATI","SCRAMBLER ICON","Madrid","803",2
"DUCATI","SCRAMBLER ICON DARK","Barcelona","803",3
"DUCATI","SCRAMBLER ICON DARK","Girona","803",1
"DUCATI","SCRAMBLER ICON DARK","Illes Balears","803",1
"DUCATI","SCRAMBLER ICON DARK","Madrid","803",1
"DUCATI","SCRAMBLER ICON DARK","Murcia","803",1
"DUCATI","SCRAMBLER ICON DARK","Ourense","803",1
"DUCATI","SCRAMBLER ICON DARK","Valencia/València","803",2
"DUCATI","SCRAMBLER ICON RED","Córdoba","803",1
"DUCATI","SCRAMBLER ICON RED","Tarragona","803",1
"DUCATI","SCRAMBLER ICON YELLOW","Granada","803",1
"DUCATI","SCRAMBLER NIGHTSHIFT N","Córdoba","803",1
"DUCATI","SCRAMBLER NIGHTSHIFT N","Sevilla","803",1
"DUCATI","STREETFIGHTER","Álava/Araba","890",1
"DUCATI","STREETFIGHTER","Alicante/Alacant","890",3
"DUCATI","STREETFIGHTER","Almería","890",1
"DUCATI","STREETFIGHTER","Barcelona","890",7
"DUCATI","STREETFIGHTER","Cádiz","890",1
"DUCATI","STREETFIGHTER","Cantabria","890",1
"DUCATI","STREETFIGHTER","Granada","890",1
"DUCATI","STREETFIGHTER","Madrid","890",2
"DUCATI","STREETFIGHTER","Málaga","890",3
"DUCATI","STREETFIGHTER","Palmas (Las)","890",1
"DUCATI","STREETFIGHTER","Tarragona","890",1
"DUCATI","STREETFIGHTER","Valencia/València","890",4
"DUCATI","XDIAVEL V4","Córdoba","1158",1
"EFUN","LION","Almería","125",1
"EFUN","LION","Barcelona","125",2
"EFUN","LION","Cádiz","125",1
"EFUN","LION","Castellón/Castelló","125",1
"EFUN","LION","Granada","125",2
"EFUN","LION","Huelva","125",1
"EFUN","LION","Illes Balears","125",1
"EFUN","LION","Madrid","125",4
"EFUN","LION","Palmas (Las)","125",1
"EFUN","LION","Rioja (La)","125",1
"EFUN","LION","Sevilla","125",2
"EFUN","LION","Toledo","125",2
"EFUN","LION","Valencia/València","125",1
"F.B MONDIAL","PIEGA 452","Bizkaia","450",1
"FANTIC MOTOR","---","Albacete","125",1
"FANTIC MOTOR","---","Almería","125",2
"FANTIC MOTOR","---","Asturias","125",1
"FANTIC MOTOR","---","Badajoz","125",1
"FANTIC MOTOR","---","Burgos","125",2
"FANTIC MOTOR","---","Cádiz","125",1
"FANTIC MOTOR","---","Granada","125",1
"FANTIC MOTOR","---","Guadalajara","125",1
"FANTIC MOTOR","---","Madrid","125",2
"FANTIC MOTOR","---","Málaga","125",1
"FANTIC MOTOR","---","Santa Cruz de Tenerife","125",2
"FANTIC MOTOR","---","Tarragona","125",1
"GASGAS","EC 250","Murcia","249",1
"GASGAS","EC 250F","Córdoba","250",1
"GASGAS","EC 250F","Teruel","250",1
"GASGAS","EC 300","Barcelona","293",2
"GASGAS","EC 300","Bizkaia","293",1
"GASGAS","EC 300","Burgos","293",1
"GASGAS","EC 300","Córdoba","293",2
"GASGAS","EC 300","Gipuzkoa","293",4
"GASGAS","EC 300","Madrid","293",1
"GASGAS","EC 300","Santa Cruz de Tenerife","293",1
"GASGAS","EC 300","Zaragoza","293",2
"GASGAS","EC 350F","Asturias","350",1
"GASGAS","EC 350F","Castellón/Castelló","350",1
"GASGAS","EC 500F","Madrid","510",1
"GASGAS","TXT 300","Barcelona","294",2
"GASGAS","TXT 300","Castellón/Castelló","294",1
"GASGAS","TXT 300","Rioja (La)","294",1
"HANWAY","BLACK CAFE","Santa Cruz de Tenerife","125",1
"HANWAY","PISTA 125","Gipuzkoa","124",1
"HARLEY-DAVIDSON","BREAKOUT","Asturias","1923",1
"HARLEY-DAVIDSON","CVO STREET GLIDE","Barcelona","1977",1
"HARLEY-DAVIDSON","FAT BOY","Barcelona","1923",1
"HARLEY-DAVIDSON","FAT BOY","Cádiz","1923",1
"HARLEY-DAVIDSON","FAT BOY","Sevilla","1923",1
"HARLEY-DAVIDSON","HERITAGE CLASSIC","Girona","1923",1
"HARLEY-DAVIDSON","LOW RIDER S","Toledo","1923",1
"HARLEY-DAVIDSON","LOW RIDER ST","Madrid","1923",1
"HARLEY-DAVIDSON","PAN AMERICA 1250 SPECI","Almería","1252",1
"HARLEY-DAVIDSON","PAN AMERICA 1250 SPECI","Barcelona","1252",2
"HARLEY-DAVIDSON","PAN AMERICA 1250 SPECI","Cantabria","1252",1
"HARLEY-DAVIDSON","PAN AMERICA 1250 SPECI","Castellón/Castelló","1252",1
"HARLEY-DAVIDSON","PAN AMERICA 1250 ST","Málaga","1252",1
"HARLEY-DAVIDSON","ROAD GLIDE","Madrid","1923",1
"HARLEY-DAVIDSON","ROAD GLIDE LIMITED","Barcelona","1923",1
"HARLEY-DAVIDSON","ROAD KING SPECIAL","Madrid","1868",1
"HARLEY-DAVIDSON","ROAD KING SPECIAL","Málaga","1868",1
"HARLEY-DAVIDSON","ROAD KING SPECIAL","Zaragoza","1868",1
"HARLEY-DAVIDSON","SPORTSTER S","Madrid","1252",1
"HARLEY-DAVIDSON","SPORTSTER S","Santa Cruz de Tenerife","1252",1
"HARLEY-DAVIDSON","SPORTSTER S","Toledo","1252",1
"HARLEY-DAVIDSON","STREET BOB","Alicante/Alacant","1923",1
"HARLEY-DAVIDSON","STREET BOB","Barcelona","1923",1
"HARLEY-DAVIDSON","STREET BOB","Granada","1923",1
"HARLEY-DAVIDSON","STREET BOB","Sevilla","1923",1
"HARLEY-DAVIDSON","STREET BOB","Valencia/València","1923",1
"HARLEY-DAVIDSON","STREET BOB","Zaragoza","1923",1
"HARLEY-DAVIDSON","STREET GLIDE","Alicante/Alacant","1923",1
"HARLEY-DAVIDSON","STREET GLIDE","Madrid","1923",1
"HARLEY-DAVIDSON","STREET GLIDE LIMITED","Barcelona","1923",1
"HARLEY-DAVIDSON","STREET GLIDE ULTRA","Ciudad Real","1923",1
"HARLEY-DAVIDSON","ULTRA LIMITED","Palmas (Las)","1868",1
"HERO MOTOCORP","HUNK 440","Albacete","440",1
"HERO MOTOCORP","HUNK 440","Madrid","440",3
"HERO MOTOCORP","HUNK 440","Málaga","440",2
"HERO MOTOCORP","HUNK 440","Toledo","440",1
"HERO MOTOCORP","HUNK 440","Valencia/València","440",1
"HERO MOTOCORP","X PULSE 200 4V","Álava/Araba","200",1
"HERO MOTOCORP","X PULSE 200 4V","Albacete","200",1
"HERO MOTOCORP","X PULSE 200 4V","Almería","200",2
"HERO MOTOCORP","X PULSE 200 4V","Asturias","200",1
"HERO MOTOCORP","X PULSE 200 4V","Barcelona","200",2
"HERO MOTOCORP","X PULSE 200 4V","Cáceres","200",1
"HERO MOTOCORP","X PULSE 200 4V","Castellón/Castelló","200",1
"HERO MOTOCORP","X PULSE 200 4V","Córdoba","200",1
"HERO MOTOCORP","X PULSE 200 4V","Girona","200",2
"HERO MOTOCORP","X PULSE 200 4V","Granada","200",3
"HERO MOTOCORP","X PULSE 200 4V","Huelva","200",1
"HERO MOTOCORP","X PULSE 200 4V","Illes Balears","200",1
"HERO MOTOCORP","X PULSE 200 4V","Jaén","200",1
"HERO MOTOCORP","X PULSE 200 4V","Lleida","200",1
"HERO MOTOCORP","X PULSE 200 4V","Madrid","200",9
"HERO MOTOCORP","X PULSE 200 4V","Málaga","200",2
"HERO MOTOCORP","X PULSE 200 4V","Murcia","200",2
"HERO MOTOCORP","X PULSE 200 4V","Navarra","200",1
"HERO MOTOCORP","X PULSE 200 4V","Palencia","200",1
"HERO MOTOCORP","X PULSE 200 4V","Santa Cruz de Tenerife","200",1
"HERO MOTOCORP","X PULSE 200 4V","Tarragona","200",1
"HERO MOTOCORP","X PULSE 200 4V","Toledo","200",2
"HERO MOTOCORP","X PULSE 200 4V","Valencia/València","200",6
"HONDA","ADV 350","Albacete","330",1
"HONDA","ADV 350","Alicante/Alacant","330",8
"HONDA","ADV 350","Almería","330",2
"HONDA","ADV 350","Asturias","330",5
"HONDA","ADV 350","Badajoz","330",1
"HONDA","ADV 350","Barcelona","330",69
"HONDA","ADV 350","Bizkaia","330",5
"HONDA","ADV 350","Cádiz","330",12
"HONDA","ADV 350","Cantabria","330",1
"HONDA","ADV 350","Castellón/Castelló","330",2
"HONDA","ADV 350","Ceuta","330",3
"HONDA","ADV 350","Córdoba","330",2
"HONDA","ADV 350","Gipuzkoa","330",2
"HONDA","ADV 350","Girona","330",5
"HONDA","ADV 350","Granada","330",7
"HONDA","ADV 350","Guadalajara","330",1
"HONDA","ADV 350","Huelva","330",1
"HONDA","ADV 350","Illes Balears","330",9
"HONDA","ADV 350","Jaén","330",1
"HONDA","ADV 350","Lleida","330",1
"HONDA","ADV 350","Madrid","330",24
"HONDA","ADV 350","Málaga","330",39
"HONDA","ADV 350","Melilla","330",2
"HONDA","ADV 350","Murcia","330",6
"HONDA","ADV 350","Ourense","330",1
"HONDA","ADV 350","Palmas (Las)","330",17
"HONDA","ADV 350","Pontevedra","330",2
"HONDA","ADV 350","Rioja (La)","330",1
"HONDA","ADV 350","Salamanca","330",1
"HONDA","ADV 350","Santa Cruz de Tenerife","330",12
"HONDA","ADV 350","Sevilla","330",6
"HONDA","ADV 350","Tarragona","330",2
"HONDA","ADV 350","Toledo","330",1
"HONDA","ADV 350","Valencia/València","330",20
"HONDA","ADV 350","Zaragoza","330",2
"HONDA","ADV 750","Alicante/Alacant","745",7
"HONDA","ADV 750","Almería","745",2
"HONDA","ADV 750","Asturias","745",3
"HONDA","ADV 750","Badajoz","745",1
"HONDA","ADV 750","Barcelona","745",32
"HONDA","ADV 750","Bizkaia","745",1
"HONDA","ADV 750","Cádiz","745",6
"HONDA","ADV 750","Cantabria","745",1
"HONDA","ADV 750","Castellón/Castelló","745",1
"HONDA","ADV 750","Ceuta","745",8
"HONDA","ADV 750","Córdoba","745",1
"HONDA","ADV 750","Coruña (A)","745",1
"HONDA","ADV 750","Gipuzkoa","745",2
"HONDA","ADV 750","Girona","745",11
"HONDA","ADV 750","Granada","745",17
"HONDA","ADV 750","Huelva","745",2
"HONDA","ADV 750","Huesca","745",1
"HONDA","ADV 750","Illes Balears","745",3
"HONDA","ADV 750","Jaén","745",2
"HONDA","ADV 750","León","745",1
"HONDA","ADV 750","Lleida","745",2
"HONDA","ADV 750","Madrid","745",19
"HONDA","ADV 750","Málaga","745",39
"HONDA","ADV 750","Melilla","745",3
"HONDA","ADV 750","Murcia","745",2
"HONDA","ADV 750","Navarra","745",1
"HONDA","ADV 750","Ourense","745",1
"HONDA","ADV 750","Palencia","745",1
"HONDA","ADV 750","Palmas (Las)","745",12
"HONDA","ADV 750","Pontevedra","745",1
"HONDA","ADV 750","Salamanca","745",1
"HONDA","ADV 750","Santa Cruz de Tenerife","745",14
"HONDA","ADV 750","Sevilla","745",6
"HONDA","ADV 750","Tarragona","745",4
"HONDA","ADV 750","Toledo","745",1
"HONDA","ADV 750","Valencia/València","745",11
"HONDA","ADV 750","Valladolid","745",1
"HONDA","C125A","Alicante/Alacant","124",1
"HONDA","C125A","Illes Balears","124",1
"HONDA","CB 125 F","Alicante/Alacant","124",5
"HONDA","CB 125 F","Asturias","124",1
"HONDA","CB 125 F","Barcelona","124",4
"HONDA","CB 125 F","Cádiz","124",4
"HONDA","CB 125 F","Castellón/Castelló","124",2
"HONDA","CB 125 F","Ciudad Real","124",1
"HONDA","CB 125 F","Granada","124",1
"HONDA","CB 125 F","Madrid","124",7
"HONDA","CB 125 F","Málaga","124",4
"HONDA","CB 125 F","Murcia","124",4
"HONDA","CB 125 F","Palmas (Las)","124",2
"HONDA","CB 125 F","Santa Cruz de Tenerife","124",4
"HONDA","CB 125 F","Sevilla","124",1
"HONDA","CB 125 F","Valencia/València","124",1
"HONDA","CB 125 F","Valladolid","124",1
"HONDA","CB 125 F","Zaragoza","124",1
"HONDA","CB 500 F","Barcelona","471",5
"HONDA","CB 500 F","Girona","471",2
"HONDA","CB 500 F","Granada","471",1
"HONDA","CB 500 F","Illes Balears","471",1
"HONDA","CB 500 F","Madrid","471",1
"HONDA","CB 500 F","Málaga","471",3
"HONDA","CB 500 F","Palmas (Las)","471",1
"HONDA","CB 500 F","Valencia/València","471",1
"HONDA","CB 500 X","Alicante/Alacant","471",5
"HONDA","CB 500 X","Almería","471",1
"HONDA","CB 500 X","Asturias","471",2
"HONDA","CB 500 X","Badajoz","471",1
"HONDA","CB 500 X","Barcelona","471",19
"HONDA","CB 500 X","Bizkaia","471",3
"HONDA","CB 500 X","Cádiz","471",3
"HONDA","CB 500 X","Cantabria","471",2
"HONDA","CB 500 X","Castellón/Castelló","471",2
"HONDA","CB 500 X","Girona","471",1
"HONDA","CB 500 X","Granada","471",2
"HONDA","CB 500 X","Huelva","471",2
"HONDA","CB 500 X","Illes Balears","471",4
"HONDA","CB 500 X","Lleida","471",1
"HONDA","CB 500 X","Madrid","471",10
"HONDA","CB 500 X","Málaga","471",7
"HONDA","CB 500 X","Murcia","471",1
"HONDA","CB 500 X","Navarra","471",2
"HONDA","CB 500 X","Palmas (Las)","471",2
"HONDA","CB 500 X","Pontevedra","471",1
"HONDA","CB 500 X","Santa Cruz de Tenerife","471",3
"HONDA","CB 500 X","Segovia","471",1
"HONDA","CB 500 X","Sevilla","471",5
"HONDA","CB 500 X","Tarragona","471",3
"HONDA","CB 500 X","Valencia/València","471",11
"HONDA","CB1000","Alicante/Alacant","1000",2
"HONDA","CB1000","Barcelona","1000",2
"HONDA","CB1000","Illes Balears","1000",2
"HONDA","CB1000","Madrid","1000",1
"HONDA","CB1000","Palmas (Las)","1000",1
"HONDA","CB1000","Santa Cruz de Tenerife","1000",3
"HONDA","CB1000","Valencia/València","1000",1
"HONDA","CB1000SP","Barcelona","1000",1
"HONDA","CB1000SP","Burgos","1000",1
"HONDA","CB1000SP","Santa Cruz de Tenerife","1000",4
"HONDA","CB650RA","Asturias","649",3
"HONDA","CB650RA","Barcelona","649",10
"HONDA","CB650RA","Burgos","649",1
"HONDA","CB650RA","Cádiz","649",2
"HONDA","CB650RA","Cantabria","649",2
"HONDA","CB650RA","Ciudad Real","649",1
"HONDA","CB650RA","Córdoba","649",1
"HONDA","CB650RA","Coruña (A)","649",1
"HONDA","CB650RA","Girona","649",1
"HONDA","CB650RA","Granada","649",3
"HONDA","CB650RA","Guadalajara","649",1
"HONDA","CB650RA","Huelva","649",3
"HONDA","CB650RA","Illes Balears","649",4
"HONDA","CB650RA","Jaén","649",2
"HONDA","CB650RA","Lugo","649",1
"HONDA","CB650RA","Madrid","649",7
"HONDA","CB650RA","Málaga","649",2
"HONDA","CB650RA","Murcia","649",1
"HONDA","CB650RA","Navarra","649",1
"HONDA","CB650RA","Palencia","649",1
"HONDA","CB650RA","Palmas (Las)","649",10
"HONDA","CB650RA","Pontevedra","649",3
"HONDA","CB650RA","Salamanca","649",1
"HONDA","CB650RA","Santa Cruz de Tenerife","649",1
"HONDA","CB650RA","Sevilla","649",1
"HONDA","CB650RA","Tarragona","649",1
"HONDA","CB650RA","Valencia/València","649",5
"HONDA","CB650RA","Valladolid","649",1
"HONDA","CB650RA","Zaragoza","649",1
"HONDA","CB750 Hornet","Alicante/Alacant","755",2
"HONDA","CB750 Hornet","Almería","755",1
"HONDA","CB750 Hornet","Asturias","755",1
"HONDA","CB750 Hornet","Ávila","755",1
"HONDA","CB750 Hornet","Barcelona","755",16
"HONDA","CB750 Hornet","Bizkaia","755",3
"HONDA","CB750 Hornet","Cádiz","755",2
"HONDA","CB750 Hornet","Castellón/Castelló","755",1
"HONDA","CB750 Hornet","Gipuzkoa","755",2
"HONDA","CB750 Hornet","Huelva","755",1
"HONDA","CB750 Hornet","Illes Balears","755",4
"HONDA","CB750 Hornet","Jaén","755",3
"HONDA","CB750 Hornet","León","755",1
"HONDA","CB750 Hornet","Lleida","755",1
"HONDA","CB750 Hornet","Madrid","755",9
"HONDA","CB750 Hornet","Málaga","755",3
"HONDA","CB750 Hornet","Murcia","755",3
"HONDA","CB750 Hornet","Ourense","755",1
"HONDA","CB750 Hornet","Palmas (Las)","755",1
"HONDA","CB750 Hornet","Pontevedra","755",2
"HONDA","CB750 Hornet","Santa Cruz de Tenerife","755",5
"HONDA","CB750 Hornet","Segovia","755",1
"HONDA","CB750 Hornet","Valencia/València","755",6
"HONDA","CB750 Hornet","Zaragoza","755",1
"HONDA","CBF 125","Alicante/Alacant","125",3
"HONDA","CBF 125","Asturias","125",2
"HONDA","CBF 125","Barcelona","125",8
"HONDA","CBF 125","Cádiz","125",1
"HONDA","CBF 125","Coruña (A)","125",2
"HONDA","CBF 125","Granada","125",2
"HONDA","CBF 125","León","125",1
"HONDA","CBF 125","Madrid","125",2
"HONDA","CBF 125","Málaga","125",4
"HONDA","CBF 125","Melilla","125",1
"HONDA","CBF 125","Murcia","125",3
"HONDA","CBF 125","Palmas (Las)","125",5
"HONDA","CBF 125","Santa Cruz de Tenerife","125",5
"HONDA","CBF 125","Sevilla","125",1
"HONDA","CBF 125","Valencia/València","125",1
"HONDA","CBF 125","Valladolid","125",1
"HONDA","CBR 650 R","Álava/Araba","649",1
"HONDA","CBR 650 R","Albacete","649",1
"HONDA","CBR 650 R","Alicante/Alacant","649",7
"HONDA","CBR 650 R","Almería","649",2
"HONDA","CBR 650 R","Asturias","649",1
"HONDA","CBR 650 R","Badajoz","649",1
"HONDA","CBR 650 R","Barcelona","649",12
"HONDA","CBR 650 R","Burgos","649",1
"HONDA","CBR 650 R","Cádiz","649",1
"HONDA","CBR 650 R","Cantabria","649",2
"HONDA","CBR 650 R","Castellón/Castelló","649",1
"HONDA","CBR 650 R","Córdoba","649",1
"HONDA","CBR 650 R","Coruña (A)","649",2
"HONDA","CBR 650 R","Girona","649",5
"HONDA","CBR 650 R","Granada","649",3
"HONDA","CBR 650 R","Illes Balears","649",1
"HONDA","CBR 650 R","Jaén","649",1
"HONDA","CBR 650 R","León","649",1
"HONDA","CBR 650 R","Lleida","649",1
"HONDA","CBR 650 R","Lugo","649",1
"HONDA","CBR 650 R","Madrid","649",19
"HONDA","CBR 650 R","Málaga","649",3
"HONDA","CBR 650 R","Murcia","649",1
"HONDA","CBR 650 R","Pontevedra","649",2
"HONDA","CBR 650 R","Salamanca","649",1
"HONDA","CBR 650 R","Sevilla","649",2
"HONDA","CBR 650 R","Tarragona","649",3
"HONDA","CBR 650 R","Teruel","649",1
"HONDA","CBR 650 R","Toledo","649",1
"HONDA","CBR 650 R","Valencia/València","649",6
"HONDA","CBR1000","Alicante/Alacant","1000",1
"HONDA","CBR1000","Girona","1000",2
"HONDA","CBR1000","Illes Balears","1000",1
"HONDA","CBR500","Alicante/Alacant","471",2
"HONDA","CBR500","Asturias","471",1
"HONDA","CBR500","Barcelona","471",4
"HONDA","CBR500","Cantabria","471",1
"HONDA","CBR500","Girona","471",1
"HONDA","CBR500","Madrid","471",4
"HONDA","CBR500","Santa Cruz de Tenerife","471",2
"HONDA","CBR500","Valencia/València","471",2
"HONDA","CBR600R3","Asturias","599",1
"HONDA","CBR600R3","Barcelona","599",3
"HONDA","CBR600R3","Bizkaia","599",1
"HONDA","CBR600R3","Cáceres","599",1
"HONDA","CBR600R3","Castellón/Castelló","599",1
"HONDA","CBR600R3","Huelva","599",1
"HONDA","CBR600R3","Illes Balears","599",1
"HONDA","CBR600R3","Madrid","599",7
"HONDA","CBR600R3","Málaga","599",1
"HONDA","CBR600R3","Palmas (Las)","599",1
"HONDA","CBR600R3","Santa Cruz de Tenerife","599",1
"HONDA","CBR600R3","Zaragoza","599",1
"HONDA","CBR650RA","Palmas (Las)","649",4
"HONDA","CBR650RA","Santa Cruz de Tenerife","649",4
"HONDA","CL500","Cantabria","471",1
"HONDA","CL500","Castellón/Castelló","471",1
"HONDA","CL500","Madrid","471",3
"HONDA","CL500","Murcia","471",1
"HONDA","CL500","Palmas (Las)","471",2
"HONDA","CL500","Santa Cruz de Tenerife","471",1
"HONDA","CL500","Sevilla","471",3
"HONDA","CL500","Valencia/València","471",4
"HONDA","CMX1100","Barcelona","1084",1
"HONDA","CMX1100","Illes Balears","1084",2
"HONDA","CMX1100","Madrid","1084",2
"HONDA","CMX1100","Palmas (Las)","1084",1
"HONDA","CMX1100","Santa Cruz de Tenerife","1084",1
"HONDA","CMX1100","Zaragoza","1084",1
"HONDA","CRF 300 L","Álava/Araba","286",1
"HONDA","CRF 300 L","Alicante/Alacant","286",1
"HONDA","CRF 300 L","Badajoz","286",1
"HONDA","CRF 300 L","Barcelona","286",10
"HONDA","CRF 300 L","Burgos","286",1
"HONDA","CRF 300 L","Cádiz","286",2
"HONDA","CRF 300 L","Cantabria","286",2
"HONDA","CRF 300 L","Castellón/Castelló","286",1
"HONDA","CRF 300 L","Granada","286",1
"HONDA","CRF 300 L","Guadalajara","286",2
"HONDA","CRF 300 L","Illes Balears","286",1
"HONDA","CRF 300 L","Jaén","286",1
"HONDA","CRF 300 L","Madrid","286",3
"HONDA","CRF 300 L","Málaga","286",4
"HONDA","CRF 300 L","Palmas (Las)","286",3
"HONDA","CRF 300 L","Rioja (La)","286",1
"HONDA","CRF 300 L","Sevilla","286",1
"HONDA","CRF 300 L","Tarragona","286",1
"HONDA","CRF 300 L","Valencia/València","286",2
"HONDA","CRF 300 L","Valladolid","286",1
"HONDA","CRF1100","Álava/Araba","1084",3
"HONDA","CRF1100","Albacete","1084",2
"HONDA","CRF1100","Alicante/Alacant","1084",4
"HONDA","CRF1100","Asturias","1084",3
"HONDA","CRF1100","Barcelona","1084",18
"HONDA","CRF1100","Bizkaia","1084",1
"HONDA","CRF1100","Burgos","1084",1
"HONDA","CRF1100","Cádiz","1084",2
"HONDA","CRF1100","Cantabria","1084",1
"HONDA","CRF1100","Castellón/Castelló","1084",2
"HONDA","CRF1100","Ceuta","1084",1
"HONDA","CRF1100","Coruña (A)","1084",3
"HONDA","CRF1100","Gipuzkoa","1084",1
"HONDA","CRF1100","Girona","1084",3
"HONDA","CRF1100","Granada","1084",3
"HONDA","CRF1100","Huelva","1084",1
"HONDA","CRF1100","Huesca","1084",1
"HONDA","CRF1100","Illes Balears","1084",4
"HONDA","CRF1100","León","1084",1
"HONDA","CRF1100","Lleida","1084",3
"HONDA","CRF1100","Madrid","1084",4
"HONDA","CRF1100","Málaga","1084",8
"HONDA","CRF1100","Murcia","1084",1
"HONDA","CRF1100","Navarra","1084",1
"HONDA","CRF1100","Palencia","1084",1
"HONDA","CRF1100","Palmas (Las)","1084",4
"HONDA","CRF1100","Rioja (La)","1084",1
"HONDA","CRF1100","Santa Cruz de Tenerife","1084",8
"HONDA","CRF1100","Tarragona","1084",1
"HONDA","CRF1100","Toledo","1084",1
"HONDA","CRF1100","Valencia/València","1084",3
"HONDA","CRF300LRA","Cádiz","286",1
"HONDA","CRF300LRA","León","286",2
"HONDA","CRF300LRA","Madrid","286",2
"HONDA","CRF300LRA","Málaga","286",2
"HONDA","CRF300LRA","Murcia","286",2
"HONDA","CRF300LRA","Palmas (Las)","286",1
"HONDA","FORZA 350","Álava/Araba","330",1
"HONDA","FORZA 350","Alicante/Alacant","330",5
"HONDA","FORZA 350","Almería","330",1
"HONDA","FORZA 350","Barcelona","330",30
"HONDA","FORZA 350","Bizkaia","330",1
"HONDA","FORZA 350","Cádiz","330",2
"HONDA","FORZA 350","Cantabria","330",2
"HONDA","FORZA 350","Ceuta","330",2
"HONDA","FORZA 350","Girona","330",1
"HONDA","FORZA 350","Granada","330",1
"HONDA","FORZA 350","Illes Balears","330",7
"HONDA","FORZA 350","León","330",1
"HONDA","FORZA 350","Lleida","330",1
"HONDA","FORZA 350","Madrid","330",11
"HONDA","FORZA 350","Málaga","330",7
"HONDA","FORZA 350","Palencia","330",1
"HONDA","FORZA 350","Palmas (Las)","330",4
"HONDA","FORZA 350","Santa Cruz de Tenerife","330",6
"HONDA","FORZA 350","Sevilla","330",9
"HONDA","FORZA 350","Valencia/València","330",10
"HONDA","FORZA 750","Álava/Araba","745",1
"HONDA","FORZA 750","Alicante/Alacant","745",2
"HONDA","FORZA 750","Almería","745",3
"HONDA","FORZA 750","Barcelona","745",17
"HONDA","FORZA 750","Cádiz","745",3
"HONDA","FORZA 750","Castellón/Castelló","745",1
"HONDA","FORZA 750","Ceuta","745",1
"HONDA","FORZA 750","Gipuzkoa","745",2
"HONDA","FORZA 750","Girona","745",3
"HONDA","FORZA 750","Granada","745",3
"HONDA","FORZA 750","Huelva","745",1
"HONDA","FORZA 750","Illes Balears","745",10
"HONDA","FORZA 750","Madrid","745",16
"HONDA","FORZA 750","Málaga","745",8
"HONDA","FORZA 750","Murcia","745",2
"HONDA","FORZA 750","Palmas (Las)","745",7
"HONDA","FORZA 750","Pontevedra","745",3
"HONDA","FORZA 750","Salamanca","745",1
"HONDA","FORZA 750","Santa Cruz de Tenerife","745",3
"HONDA","FORZA 750","Sevilla","745",4
"HONDA","FORZA 750","Tarragona","745",4
"HONDA","FORZA 750","Valencia/València","745",4
"HONDA","FORZA 750","Valladolid","745",1
"HONDA","FORZA 750","Zaragoza","745",2
"HONDA","FORZA125","Álava/Araba","125",2
"HONDA","FORZA125","Alicante/Alacant","125",13
"HONDA","FORZA125","Almería","125",4
"HONDA","FORZA125","Asturias","125",2
"HONDA","FORZA125","Badajoz","125",2
"HONDA","FORZA125","Barcelona","125",67
"HONDA","FORZA125","Bizkaia","125",4
"HONDA","FORZA125","Burgos","125",1
"HONDA","FORZA125","Cádiz","125",8
"HONDA","FORZA125","Cantabria","125",3
"HONDA","FORZA125","Castellón/Castelló","125",3
"HONDA","FORZA125","Ceuta","125",1
"HONDA","FORZA125","Ciudad Real","125",1
"HONDA","FORZA125","Córdoba","125",3
"HONDA","FORZA125","Coruña (A)","125",2
"HONDA","FORZA125","Gipuzkoa","125",7
"HONDA","FORZA125","Girona","125",2
"HONDA","FORZA125","Granada","125",5
"HONDA","FORZA125","Huelva","125",2
"HONDA","FORZA125","Illes Balears","125",10
"HONDA","FORZA125","Jaén","125",1
"HONDA","FORZA125","León","125",2
"HONDA","FORZA125","Madrid","125",25
"HONDA","FORZA125","Málaga","125",20
"HONDA","FORZA125","Murcia","125",4
"HONDA","FORZA125","Navarra","125",2
"HONDA","FORZA125","Palencia","125",2
"HONDA","FORZA125","Palmas (Las)","125",27
"HONDA","FORZA125","Pontevedra","125",3
"HONDA","FORZA125","Santa Cruz de Tenerife","125",22
"HONDA","FORZA125","Sevilla","125",14
"HONDA","FORZA125","Tarragona","125",3
"HONDA","FORZA125","Valencia/València","125",19
"HONDA","FORZA125","Valladolid","125",4
"HONDA","FORZA125","Zaragoza","125",4
"HONDA","GB350S","Albacete","348",1
"HONDA","GB350S","Alicante/Alacant","348",4
"HONDA","GB350S","Almería","348",1
"HONDA","GB350S","Barcelona","348",8
"HONDA","GB350S","Cáceres","348",1
"HONDA","GB350S","Cádiz","348",4
"HONDA","GB350S","Cantabria","348",1
"HONDA","GB350S","Coruña (A)","348",1
"HONDA","GB350S","Granada","348",4
"HONDA","GB350S","Huelva","348",2
"HONDA","GB350S","Illes Balears","348",2
"HONDA","GB350S","León","348",1
"HONDA","GB350S","Lleida","348",1
"HONDA","GB350S","Madrid","348",6
"HONDA","GB350S","Málaga","348",3
"HONDA","GB350S","Murcia","348",1
"HONDA","GB350S","Ourense","348",1
"HONDA","GB350S","Pontevedra","348",1
"HONDA","GB350S","Santa Cruz de Tenerife","348",2
"HONDA","GB350S","Segovia","348",1
"HONDA","GB350S","Sevilla","348",5
"HONDA","GB350S","Tarragona","348",1
"HONDA","GB350S","Valencia/València","348",4
"HONDA","GB350S","Zaragoza","348",1
"HONDA","GL1800BD","Cuenca","1833",1
"HONDA","GL1800BD","Illes Balears","1833",1
"HONDA","GL1800BD","Madrid","1833",1
"HONDA","GL1800DA","Gipuzkoa","1833",1
"HONDA","GL1800DA","Madrid","1833",1
"HONDA","GL1800DA","Tarragona","1833",1
"HONDA","MSX125A","Almería","124",1
"HONDA","MSX125A","Barcelona","124",3
"HONDA","MSX125A","Girona","124",1
"HONDA","MSX125A","Madrid","124",1
"HONDA","MSX125A","Málaga","124",1
"HONDA","MSX125A","Palmas (Las)","124",2
"HONDA","MSX125A","Santa Cruz de Tenerife","124",3
"HONDA","MSX125A","Sevilla","124",1
"HONDA","NC 750 X","Albacete","745",1
"HONDA","NC 750 X","Alicante/Alacant","745",3
"HONDA","NC 750 X","Almería","745",2
"HONDA","NC 750 X","Asturias","745",3
"HONDA","NC 750 X","Barcelona","745",21
"HONDA","NC 750 X","Bizkaia","745",2
"HONDA","NC 750 X","Cádiz","745",2
"HONDA","NC 750 X","Cantabria","745",1
"HONDA","NC 750 X","Córdoba","745",1
"HONDA","NC 750 X","Gipuzkoa","745",5
"HONDA","NC 750 X","Girona","745",5
"HONDA","NC 750 X","Granada","745",2
"HONDA","NC 750 X","Illes Balears","745",6
"HONDA","NC 750 X","Jaén","745",2
"HONDA","NC 750 X","Madrid","745",12
"HONDA","NC 750 X","Málaga","745",5
"HONDA","NC 750 X","Murcia","745",2
"HONDA","NC 750 X","Navarra","745",3
"HONDA","NC 750 X","Palmas (Las)","745",1
"HONDA","NC 750 X","Pontevedra","745",4
"HONDA","NC 750 X","Sevilla","745",5
"HONDA","NC 750 X","Tarragona","745",4
"HONDA","NC 750 X","Teruel","745",1
"HONDA","NC 750 X","Valencia/València","745",8
"HONDA","NC 750 X","Zaragoza","745",1
"HONDA","NT1100","Alicante/Alacant","1084",3
"HONDA","NT1100","Almería","1084",1
"HONDA","NT1100","Badajoz","1084",1
"HONDA","NT1100","Barcelona","1084",6
"HONDA","NT1100","Bizkaia","1084",1
"HONDA","NT1100","Cádiz","1084",1
"HONDA","NT1100","Castellón/Castelló","1084",1
"HONDA","NT1100","Cuenca","1084",1
"HONDA","NT1100","Girona","1084",1
"HONDA","NT1100","Granada","1084",1
"HONDA","NT1100","Huesca","1084",1
"HONDA","NT1100","Illes Balears","1084",2
"HONDA","NT1100","Madrid","1084",6
"HONDA","NT1100","Málaga","1084",2
"HONDA","NT1100","Palmas (Las)","1084",1
"HONDA","NT1100","Pontevedra","1084",1
"HONDA","NT1100","Rioja (La)","1084",1
"HONDA","NT1100","Santa Cruz de Tenerife","1084",2
"HONDA","NT1100","Sevilla","1084",1
"HONDA","NT1100","Valencia/València","1084",3
"HONDA","NT1100","Valladolid","1084",1
"HONDA","NT1100","Zamora","1084",1
"HONDA","PCX125","Álava/Araba","125",2
"HONDA","PCX125","Albacete","125",1
"HONDA","PCX125","Alicante/Alacant","125",22
"HONDA","PCX125","Almería","125",15
"HONDA","PCX125","Asturias","125",3
"HONDA","PCX125","Ávila","125",1
"HONDA","PCX125","Badajoz","125",4
"HONDA","PCX125","Barcelona","125",73
"HONDA","PCX125","Bizkaia","125",4
"HONDA","PCX125","Cáceres","125",2
"HONDA","PCX125","Cádiz","125",45
"HONDA","PCX125","Cantabria","125",1
"HONDA","PCX125","Castellón/Castelló","125",8
"HONDA","PCX125","Ceuta","125",1
"HONDA","PCX125","Córdoba","125",7
"HONDA","PCX125","Coruña (A)","125",3
"HONDA","PCX125","Gipuzkoa","125",1
"HONDA","PCX125","Girona","125",2
"HONDA","PCX125","Granada","125",24
"HONDA","PCX125","Huelva","125",4
"HONDA","PCX125","Illes Balears","125",32
"HONDA","PCX125","Jaén","125",5
"HONDA","PCX125","León","125",1
"HONDA","PCX125","Lleida","125",1
"HONDA","PCX125","Lugo","125",1
"HONDA","PCX125","Madrid","125",71
"HONDA","PCX125","Málaga","125",62
"HONDA","PCX125","Melilla","125",5
"HONDA","PCX125","Murcia","125",17
"HONDA","PCX125","Navarra","125",4
"HONDA","PCX125","Ourense","125",1
"HONDA","PCX125","Palmas (Las)","125",19
"HONDA","PCX125","Pontevedra","125",4
"HONDA","PCX125","Rioja (La)","125",2
"HONDA","PCX125","Salamanca","125",1
"HONDA","PCX125","Santa Cruz de Tenerife","125",41
"HONDA","PCX125","Sevilla","125",34
"HONDA","PCX125","Tarragona","125",8
"HONDA","PCX125","Toledo","125",1
"HONDA","PCX125","Valencia/València","125",42
"HONDA","PCX125","Zamora","125",1
"HONDA","PCX125","Zaragoza","125",9
"HONDA","Rebel 500","Almería","471",2
"HONDA","Rebel 500","Barcelona","471",4
"HONDA","Rebel 500","Cádiz","471",2
"HONDA","Rebel 500","Coruña (A)","471",1
"HONDA","Rebel 500","Granada","471",1
"HONDA","Rebel 500","Illes Balears","471",3
"HONDA","Rebel 500","Madrid","471",5
"HONDA","Rebel 500","Málaga","471",5
"HONDA","Rebel 500","Murcia","471",4
"HONDA","Rebel 500","Palmas (Las)","471",3
"HONDA","Rebel 500","Sevilla","471",2
"HONDA","Rebel 500","Valencia/València","471",4
"HONDA","Rebel 500","Valladolid","471",1
"HONDA","SH Mode 125","Albacete","125",1
"HONDA","SH Mode 125","Alicante/Alacant","125",2
"HONDA","SH Mode 125","Barcelona","125",39
"HONDA","SH Mode 125","Bizkaia","125",1
"HONDA","SH Mode 125","Cádiz","125",1
"HONDA","SH Mode 125","Córdoba","125",2
"HONDA","SH Mode 125","Cuenca","125",1
"HONDA","SH Mode 125","Gipuzkoa","125",3
"HONDA","SH Mode 125","Girona","125",2
"HONDA","SH Mode 125","Granada","125",1
"HONDA","SH Mode 125","Illes Balears","125",4
"HONDA","SH Mode 125","Jaén","125",1
"HONDA","SH Mode 125","Madrid","125",2
"HONDA","SH Mode 125","Málaga","125",11
"HONDA","SH Mode 125","Palmas (Las)","125",1
"HONDA","SH Mode 125","Salamanca","125",1
"HONDA","SH Mode 125","Santa Cruz de Tenerife","125",3
"HONDA","SH Mode 125","Sevilla","125",1
"HONDA","SH Mode 125","Valencia/València","125",2
"HONDA","SH125i","Álava/Araba","125",1
"HONDA","SH125i","Almería","125",1
"HONDA","SH125i","Barcelona","125",114
"HONDA","SH125i","Bizkaia","125",1
"HONDA","SH125i","Cádiz","125",6
"HONDA","SH125i","Ceuta","125",5
"HONDA","SH125i","Gipuzkoa","125",12
"HONDA","SH125i","Girona","125",10
"HONDA","SH125i","Granada","125",4
"HONDA","SH125i","Illes Balears","125",5
"HONDA","SH125i","Madrid","125",2
"HONDA","SH125i","Málaga","125",61
"HONDA","SH125i","Melilla","125",1
"HONDA","SH125i","Murcia","125",1
"HONDA","SH125i","Palmas (Las)","125",3
"HONDA","SH125i","Salamanca","125",1
"HONDA","SH125i","Santa Cruz de Tenerife","125",4
"HONDA","SH125i","Sevilla","125",2
"HONDA","SH125i","Tarragona","125",2
"HONDA","SH125i","Valencia/València","125",7
"HONDA","SH125i","Zaragoza","125",1
"HONDA","SH350i","Alicante/Alacant","330",4
"HONDA","SH350i","Almería","330",1
"HONDA","SH350i","Barcelona","330",38
"HONDA","SH350i","Cáceres","330",1
"HONDA","SH350i","Cádiz","330",1
"HONDA","SH350i","Cantabria","330",1
"HONDA","SH350i","Ceuta","330",2
"HONDA","SH350i","Córdoba","330",1
"HONDA","SH350i","Gipuzkoa","330",1
"HONDA","SH350i","Girona","330",5
"HONDA","SH350i","Madrid","330",1
"HONDA","SH350i","Málaga","330",9
"HONDA","SH350i","Palmas (Las)","330",1
"HONDA","SH350i","Santa Cruz de Tenerife","330",1
"HONDA","SH350i","Valencia/València","330",1
"HONDA","ST125A","Alicante/Alacant","124",1
"HONDA","ST125A","Asturias","124",1
"HONDA","ST125A","Barcelona","124",1
"HONDA","ST125A","Ceuta","124",3
"HONDA","ST125A","Illes Balears","124",1
"HONDA","ST125A","Madrid","124",1
"HONDA","ST125A","Málaga","124",1
"HONDA","ST125A","Palmas (Las)","124",2
"HONDA","ST125A","Santa Cruz de Tenerife","124",2
"HONDA","VISION 110","Albacete","109",2
"HONDA","VISION 110","Alicante/Alacant","109",8
"HONDA","VISION 110","Almería","109",3
"HONDA","VISION 110","Barcelona","109",57
"HONDA","VISION 110","Bizkaia","109",4
"HONDA","VISION 110","Cádiz","109",8
"HONDA","VISION 110","Cantabria","109",1
"HONDA","VISION 110","Castellón/Castelló","109",1
"HONDA","VISION 110","Ceuta","109",1
"HONDA","VISION 110","Córdoba","109",4
"HONDA","VISION 110","Gipuzkoa","109",6
"HONDA","VISION 110","Girona","109",5
"HONDA","VISION 110","Granada","109",2
"HONDA","VISION 110","Illes Balears","109",8
"HONDA","VISION 110","Jaén","109",2
"HONDA","VISION 110","León","109",1
"HONDA","VISION 110","Lugo","109",2
"HONDA","VISION 110","Madrid","109",4
"HONDA","VISION 110","Málaga","109",16
"HONDA","VISION 110","Melilla","109",1
"HONDA","VISION 110","Murcia","109",1
"HONDA","VISION 110","Navarra","109",1
"HONDA","VISION 110","Palmas (Las)","109",1
"HONDA","VISION 110","Rioja (La)","109",1
"HONDA","VISION 110","Santa Cruz de Tenerife","109",1
"HONDA","VISION 110","Segovia","109",1
"HONDA","VISION 110","Sevilla","109",5
"HONDA","VISION 110","Tarragona","109",2
"HONDA","VISION 110","Valencia/València","109",3
"HONDA","VISION 110","Zaragoza","109",4
"HONDA","XL750 Transalp","Albacete","755",2
"HONDA","XL750 Transalp","Alicante/Alacant","755",8
"HONDA","XL750 Transalp","Asturias","755",1
"HONDA","XL750 Transalp","Barcelona","755",23
"HONDA","XL750 Transalp","Bizkaia","755",3
"HONDA","XL750 Transalp","Burgos","755",1
"HONDA","XL750 Transalp","Cádiz","755",4
"HONDA","XL750 Transalp","Cantabria","755",1
"HONDA","XL750 Transalp","Córdoba","755",7
"HONDA","XL750 Transalp","Coruña (A)","755",1
"HONDA","XL750 Transalp","Girona","755",2
"HONDA","XL750 Transalp","Granada","755",4
"HONDA","XL750 Transalp","Guadalajara","755",1
"HONDA","XL750 Transalp","Huelva","755",1
"HONDA","XL750 Transalp","Illes Balears","755",7
"HONDA","XL750 Transalp","Madrid","755",4
"HONDA","XL750 Transalp","Málaga","755",7
"HONDA","XL750 Transalp","Navarra","755",1
"HONDA","XL750 Transalp","Palmas (Las)","755",9
"HONDA","XL750 Transalp","Rioja (La)","755",1
"HONDA","XL750 Transalp","Santa Cruz de Tenerife","755",7
"HONDA","XL750 Transalp","Sevilla","755",3
"HONDA","XL750 Transalp","Tarragona","755",3
"HONDA","XL750 Transalp","Toledo","755",1
"HONDA","XL750 Transalp","Valencia/València","755",11
"HONDA","XL750 Transalp","Zaragoza","755",1
"HONDA","Z125MA","Alicante/Alacant","124",1
"HONDA","Z125MA","Barcelona","124",1
"HONDA","Z125MA","Cuenca","124",1
"HONDA","Z125MA","Girona","124",1
"HONDA","Z125MA","Madrid","124",1
"HONDA","Z125MA","Málaga","124",1
"HONDA","Z125MA","Murcia","124",2
"HONDA","Z125MA","Palmas (Las)","124",1
"HONDA","Z125MA","Valencia/València","124",1
"HUSQVARNA","HUSQVARNA 701 ENDURO","Álava/Araba","693",1
"HUSQVARNA","HUSQVARNA 701 ENDURO","Barcelona","693",1
"HUSQVARNA","HUSQVARNA 701 ENDURO","Cádiz","693",1
"HUSQVARNA","HUSQVARNA 701 ENDURO","Gipuzkoa","693",1
"HUSQVARNA","HUSQVARNA 701 ENDURO","Madrid","693",2
"HUSQVARNA","HUSQVARNA 701 ENDURO","Pontevedra","693",1
"HUSQVARNA","HUSQVARNA 701 ENDURO","Toledo","693",1
"HUSQVARNA","HUSQVARNA 701 SUPERMOT","Alicante/Alacant","693",1
"HUSQVARNA","HUSQVARNA 701 SUPERMOT","Asturias","693",1
"HUSQVARNA","HUSQVARNA 701 SUPERMOT","Badajoz","693",1
"HUSQVARNA","HUSQVARNA 701 SUPERMOT","Barcelona","693",1
"HUSQVARNA","HUSQVARNA 701 SUPERMOT","Bizkaia","693",1
"HUSQVARNA","HUSQVARNA 701 SUPERMOT","Cuenca","693",1
"HUSQVARNA","HUSQVARNA 701 SUPERMOT","Madrid","693",4
"HUSQVARNA","HUSQVARNA 701 SUPERMOT","Málaga","693",1
"HUSQVARNA","HUSQVARNA 701 SUPERMOT","Ourense","693",1
"HUSQVARNA","HUSQVARNA 701 SUPERMOT","Pontevedra","693",1
"HUSQVARNA","HUSQVARNA 701 SUPERMOT","Teruel","693",1
"HUSQVARNA","HUSQVARNA 801 SVARTPIL","Bizkaia","799",1
"HUSQVARNA","HUSQVARNA 801 SVARTPIL","Rioja (La)","799",1
"HUSQVARNA","HUSQVARNA 901 NORDEN","Cantabria","889",1
"HUSQVARNA","HUSQVARNA 901 NORDEN","Granada","889",1
"HUSQVARNA","HUSQVARNA 901 NORDEN","Madrid","889",1
"HUSQVARNA","HUSQVARNA 901 NORDEN","Murcia","889",1
"HUSQVARNA","HUSQVARNA 901 NORDEN","Palmas (Las)","889",1
"HUSQVARNA","HUSQVARNA 901 NORDEN","Salamanca","889",1
"HUSQVARNA","HUSQVARNA 901 NORDEN","Tarragona","889",1
"HUSQVARNA","HUSQVARNA 901 NORDEN E","Alicante/Alacant","889",1
"HUSQVARNA","HUSQVARNA 901 NORDEN E","Barcelona","889",1
"HUSQVARNA","HUSQVARNA 901 NORDEN E","Huesca","889",1
"HUSQVARNA","HUSQVARNA 901 NORDEN E","Madrid","889",3
"HUSQVARNA","HUSQVARNA 901 NORDEN E","Melilla","889",1
"HUSQVARNA","HUSQVARNA 901 NORDEN E","Sevilla","889",1
"HUSQVARNA","HUSQVARNA 901 NORDEN E","Zaragoza","889",1
"HUSQVARNA","HUSQVARNA FE 250","Illes Balears","250",1
"HUSQVARNA","HUSQVARNA FE 350","Girona","350",1
"HUSQVARNA","HUSQVARNA FE 350","Málaga","350",1
"HUSQVARNA","HUSQVARNA FE 350","Sevilla","350",2
"HUSQVARNA","HUSQVARNA FE 350","Toledo","350",1
"HUSQVARNA","HUSQVARNA FE 350","Valencia/València","350",1
"HUSQVARNA","HUSQVARNA FE 450","Granada","450",1
"HUSQVARNA","HUSQVARNA FE 450","Murcia","450",1
"HUSQVARNA","HUSQVARNA FE 450","Santa Cruz de Tenerife","450",1
"HUSQVARNA","HUSQVARNA FE 450","Zaragoza","450",1
"HUSQVARNA","HUSQVARNA FE 501","Asturias","510",1
"HUSQVARNA","HUSQVARNA FE 501","Madrid","510",1
"HUSQVARNA","HUSQVARNA SVARTPILEN 4","Madrid","373",1
"HUSQVARNA","HUSQVARNA SVARTPILEN 4","Valencia/València","373",1
"HUSQVARNA","HUSQVARNA SVARTPILEN12","Málaga","125",1
"HUSQVARNA","HUSQVARNA TE 250","Girona","249",1
"HUSQVARNA","HUSQVARNA TE 250","Madrid","249",1
"HUSQVARNA","HUSQVARNA TE 300","Álava/Araba","293",1
"HUSQVARNA","HUSQVARNA TE 300","Almería","293",1
"HUSQVARNA","HUSQVARNA TE 300","Asturias","293",1
"HUSQVARNA","HUSQVARNA TE 300","Badajoz","293",1
"HUSQVARNA","HUSQVARNA TE 300","Barcelona","293",2
"HUSQVARNA","HUSQVARNA TE 300","Bizkaia","293",1
"HUSQVARNA","HUSQVARNA TE 300","Burgos","293",1
"HUSQVARNA","HUSQVARNA TE 300","Cáceres","293",1
"HUSQVARNA","HUSQVARNA TE 300","Cádiz","293",1
"HUSQVARNA","HUSQVARNA TE 300","Coruña (A)","293",2
"HUSQVARNA","HUSQVARNA TE 300","Gipuzkoa","293",1
"HUSQVARNA","HUSQVARNA TE 300","Huesca","293",1
"HUSQVARNA","HUSQVARNA TE 300","Lugo","293",1
"HUSQVARNA","HUSQVARNA TE 300","Madrid","293",3
"HUSQVARNA","HUSQVARNA TE 300","Málaga","293",3
"HUSQVARNA","HUSQVARNA TE 300","Murcia","293",1
"HUSQVARNA","HUSQVARNA TE 300","Navarra","293",1
"HUSQVARNA","HUSQVARNA TE 300","Ourense","293",1
"HUSQVARNA","HUSQVARNA TE 300","Palencia","293",1
"HUSQVARNA","HUSQVARNA TE 300","Rioja (La)","293",1
"HUSQVARNA","HUSQVARNA TE 300","Santa Cruz de Tenerife","293",3
"HUSQVARNA","HUSQVARNA TE 300","Sevilla","293",1
"HUSQVARNA","HUSQVARNA TE 300","Teruel","293",1
"HUSQVARNA","HUSQVARNA TE 300","Toledo","293",1
"HUSQVARNA","HUSQVARNA TE 300","Valencia/València","293",2
"HUSQVARNA","HUSQVARNA VITPILEN 125","Barcelona","125",1
"HUSQVARNA","HUSQVARNA VITPILEN 401","Murcia","399",1
"HUSQVARNA","HUSQVARNA VITPILEN 401","Palmas (Las)","399",1
"HYOSUNG","GV300","Valencia/València","296",1
"INDIAN MOTORCYCLE","101 SCOUT","Barcelona","1250",1
"INDIAN MOTORCYCLE","CHALLENGER DARK HORSE","Barcelona","1834",1
"INDIAN MOTORCYCLE","CHIEF VINTAGE","Barcelona","1890",5
"INDIAN MOTORCYCLE","FTR R CARBON","Lugo","1203",1
"INDIAN MOTORCYCLE","PURSUIT DARK HORSE","Valladolid","1834",1
"INDIAN MOTORCYCLE","PURSUIT LIMITED","Barcelona","1834",1
"INDIAN MOTORCYCLE","SCOUT","Murcia","1133",1
"INDIAN MOTORCYCLE","SCOUT BOBBER","Alicante/Alacant","1250",1
"INDIAN MOTORCYCLE","SCOUT BOBBER","Madrid","1250",1
"INDIAN MOTORCYCLE","SCOUT BOBBER LIMITED +","Alicante/Alacant","1250",1
"INDIAN MOTORCYCLE","SCOUT BOBBER LIMITED +","Lleida","1250",1
"INDIAN MOTORCYCLE","SCOUT BOBBER LIMITED +","Madrid","1250",1
"INDIAN MOTORCYCLE","SCOUT BOBBER LIMITED +","Sevilla","1250",1
"INDIAN MOTORCYCLE","SCOUT BOBBER LIMITED+T","Ciudad Real","1250",1
"INDIAN MOTORCYCLE","SCOUT BOBBER LIMITED+T","Palmas (Las)","1250",1
"INDIAN MOTORCYCLE","SCOUT BOBBER LIMITED+T","Valencia/València","1250",1
"INDIAN MOTORCYCLE","SCOUT CLASSIC LIMITED","Madrid","1250",1
"INDIAN MOTORCYCLE","SCOUT SIXTY BOBBER","Barcelona","1000",1
"INDIAN MOTORCYCLE","SCOUT SIXTY BOBBER","Coruña (A)","1000",1
"INDIAN MOTORCYCLE","SCOUT SIXTY BOBBER LIM","Huesca","1000",1
"INDIAN MOTORCYCLE","SCOUT SIXTY BOBBER LIM","Santa Cruz de Tenerife","1000",1
"INDIAN MOTORCYCLE","SCOUT SIXTY BOBBER LIM","Tarragona","1000",1
"INDIAN MOTORCYCLE","SCOUT SIXTY CLASSIC","Alicante/Alacant","1000",1
"INDIAN MOTORCYCLE","SCOUT SIXTY CLASSIC","Palmas (Las)","1000",1
"INDIAN MOTORCYCLE","SCOUT SIXTY CLASSIC","Valencia/València","1000",1
"INDIAN MOTORCYCLE","SCOUT SIXTY CLASSIC LI","Barcelona","1000",1
"INDIAN MOTORCYCLE","SPORT SCOUT LIMITED+TE","Tarragona","1250",1
"INDIAN MOTORCYCLE","SPORT SCOUT RT LIMITED","Barcelona","1250",1
"INDIAN MOTORCYCLE","SUPER CHIEF LIMITED","Valencia/València","1890",1
"INDIAN MOTORCYCLE","SUPER SCOUT LIMITED +","Girona","1250",1
"INDIAN MOTORCYCLE","SUPER SCOUT LIMITED +","Madrid","1250",1
"ITALJET","DRAGSTER125","Bizkaia","124",1
"ITALJET","DRAGSTER125","Santa Cruz de Tenerife","124",1
"ITALJET","DRAGSTER300","Madrid","278",1
"ITALJET","DRAGSTER300","Valencia/València","278",1
"KAWASAKI","ELIMINATOR","Barcelona","451",3
"KAWASAKI","ELIMINATOR","Burgos","451",1
"KAWASAKI","ELIMINATOR","Castellón/Castelló","451",1
"KAWASAKI","ELIMINATOR","Coruña (A)","451",1
"KAWASAKI","ELIMINATOR","Granada","451",1
"KAWASAKI","ELIMINATOR","Jaén","451",1
"KAWASAKI","ELIMINATOR","Madrid","451",2
"KAWASAKI","ELIMINATOR","Palmas (Las)","451",3
"KAWASAKI","ELIMINATOR","Salamanca","451",1
"KAWASAKI","ELIMINATOR","Sevilla","451",1
"KAWASAKI","ELIMINATOR","Tarragona","451",1
"KAWASAKI","ELIMINATOR","Teruel","451",1
"KAWASAKI","ELIMINATOR","Toledo","451",1
"KAWASAKI","ELIMINATOR","Valencia/València","451",2
"KAWASAKI","NINJA 1100SX","Almería","1099",1
"KAWASAKI","NINJA 1100SX","Asturias","1099",1
"KAWASAKI","NINJA 1100SX","Barcelona","1099",1
"KAWASAKI","NINJA 1100SX","Illes Balears","1099",1
"KAWASAKI","NINJA 1100SX","Madrid","1099",1
"KAWASAKI","NINJA 1100SX","Murcia","1099",1
"KAWASAKI","NINJA 1100SX","Palmas (Las)","1099",1
"KAWASAKI","NINJA 1100SX","Toledo","1099",1
"KAWASAKI","NINJA 125","Alicante/Alacant","125",1
"KAWASAKI","NINJA 125","Asturias","125",1
"KAWASAKI","NINJA 125","Coruña (A)","125",2
"KAWASAKI","NINJA 125","Illes Balears","125",1
"KAWASAKI","NINJA 125","Madrid","125",3
"KAWASAKI","NINJA 500","Asturias","451",1
"KAWASAKI","NINJA 500","Barcelona","451",2
"KAWASAKI","NINJA 500","Cáceres","451",1
"KAWASAKI","NINJA 500","Cantabria","451",1
"KAWASAKI","NINJA 500","Coruña (A)","451",1
"KAWASAKI","NINJA 500","Girona","451",1
"KAWASAKI","NINJA 500","Granada","451",1
"KAWASAKI","NINJA 500","Illes Balears","451",3
"KAWASAKI","NINJA 500","Madrid","451",4
"KAWASAKI","NINJA 500","Murcia","451",2
"KAWASAKI","NINJA 500","Pontevedra","451",1
"KAWASAKI","NINJA 500","Salamanca","451",1
"KAWASAKI","NINJA 500","Santa Cruz de Tenerife","451",1
"KAWASAKI","NINJA 500","Valencia/València","451",1
"KAWASAKI","NINJA 500","Zaragoza","451",1
"KAWASAKI","NINJA 650","Asturias","649",1
"KAWASAKI","NINJA 650","Barcelona","649",6
"KAWASAKI","NINJA 650","Cádiz","649",1
"KAWASAKI","NINJA 650","Cantabria","649",1
"KAWASAKI","NINJA 650","Coruña (A)","649",1
"KAWASAKI","NINJA 650","Gipuzkoa","649",1
"KAWASAKI","NINJA 650","Granada","649",2
"KAWASAKI","NINJA 650","Huelva","649",1
"KAWASAKI","NINJA 650","León","649",1
"KAWASAKI","NINJA 650","Madrid","649",2
"KAWASAKI","NINJA 650","Málaga","649",3
"KAWASAKI","NINJA 650","Sevilla","649",1
"KAWASAKI","NINJA 650","Toledo","649",1
"KAWASAKI","NINJA 650","Valencia/València","649",1
"KAWASAKI","NINJA 650","Valladolid","649",1
"KAWASAKI","NINJA 7 HYBRID","Madrid","451",1
"KAWASAKI","NINJA ZX-10R","Barcelona","998",1
"KAWASAKI","NINJA ZX-10R","Girona","998",1
"KAWASAKI","NINJA ZX-10R","Navarra","998",1
"KAWASAKI","NINJA ZX-10R","Pontevedra","998",1
"KAWASAKI","NINJA ZX-4R","Barcelona","399",3
"KAWASAKI","NINJA ZX-4R","Bizkaia","399",2
"KAWASAKI","NINJA ZX-4R","Castellón/Castelló","399",2
"KAWASAKI","NINJA ZX-4R","Gipuzkoa","399",2
"KAWASAKI","NINJA ZX-4R","Lleida","399",1
"KAWASAKI","NINJA ZX-4R","Madrid","399",4
"KAWASAKI","NINJA ZX-4R","Málaga","399",1
"KAWASAKI","NINJA ZX-4R","Murcia","399",1
"KAWASAKI","NINJA ZX-4R","Navarra","399",1
"KAWASAKI","NINJA ZX-4R","Pontevedra","399",1
"KAWASAKI","NINJA ZX-4R","Santa Cruz de Tenerife","399",2
"KAWASAKI","NINJA ZX-4R","Valencia/València","399",1
"KAWASAKI","NINJA ZX-4R","Zaragoza","399",2
"KAWASAKI","NINJA ZX-6R","Álava/Araba","636",1
"KAWASAKI","NINJA ZX-6R","Alicante/Alacant","636",3
"KAWASAKI","NINJA ZX-6R","Almería","636",1
"KAWASAKI","NINJA ZX-6R","Barcelona","636",7
"KAWASAKI","NINJA ZX-6R","Cádiz","636",1
"KAWASAKI","NINJA ZX-6R","Cantabria","636",2
"KAWASAKI","NINJA ZX-6R","Girona","636",2
"KAWASAKI","NINJA ZX-6R","Granada","636",3
"KAWASAKI","NINJA ZX-6R","Illes Balears","636",2
"KAWASAKI","NINJA ZX-6R","León","636",1
"KAWASAKI","NINJA ZX-6R","Madrid","636",5
"KAWASAKI","NINJA ZX-6R","Murcia","636",1
"KAWASAKI","NINJA ZX-6R","Navarra","636",1
"KAWASAKI","NINJA ZX-6R","Palmas (Las)","636",1
"KAWASAKI","NINJA ZX-6R","Toledo","636",1
"KAWASAKI","NINJA ZX-6R","Valencia/València","636",4
"KAWASAKI","NINJA ZX-6R","Zaragoza","636",1
"KAWASAKI","VERSYS 1100","Alicante/Alacant","1099",1
"KAWASAKI","VERSYS 1100","Almería","1099",1
"KAWASAKI","VERSYS 1100","Badajoz","1099",1
"KAWASAKI","VERSYS 1100","Barcelona","1099",2
"KAWASAKI","VERSYS 1100","Castellón/Castelló","1099",2
"KAWASAKI","VERSYS 1100","Coruña (A)","1099",1
"KAWASAKI","VERSYS 1100","Gipuzkoa","1099",1
"KAWASAKI","VERSYS 1100","Jaén","1099",1
"KAWASAKI","VERSYS 1100","Madrid","1099",2
"KAWASAKI","VERSYS 1100","Murcia","1099",1
"KAWASAKI","VERSYS 1100","Pontevedra","1099",1
"KAWASAKI","VERSYS 1100","Sevilla","1099",1
"KAWASAKI","VERSYS 1100","Toledo","1099",1
"KAWASAKI","VERSYS 1100","Valencia/València","1099",3
"KAWASAKI","VERSYS 1100","Valladolid","1099",1
"KAWASAKI","VERSYS 650","Alicante/Alacant","649",6
"KAWASAKI","VERSYS 650","Almería","649",1
"KAWASAKI","VERSYS 650","Barcelona","649",3
"KAWASAKI","VERSYS 650","Burgos","649",1
"KAWASAKI","VERSYS 650","Cádiz","649",2
"KAWASAKI","VERSYS 650","Cantabria","649",1
"KAWASAKI","VERSYS 650","Castellón/Castelló","649",1
"KAWASAKI","VERSYS 650","Gipuzkoa","649",2
"KAWASAKI","VERSYS 650","Illes Balears","649",1
"KAWASAKI","VERSYS 650","Madrid","649",4
"KAWASAKI","VERSYS 650","Málaga","649",1
"KAWASAKI","VERSYS 650","Murcia","649",1
"KAWASAKI","VERSYS 650","Palmas (Las)","649",1
"KAWASAKI","VERSYS 650","Santa Cruz de Tenerife","649",1
"KAWASAKI","VERSYS 650","Sevilla","649",1
"KAWASAKI","VERSYS 650","Valencia/València","649",1
"KAWASAKI","VULCAN S","Alicante/Alacant","649",1
"KAWASAKI","VULCAN S","Asturias","649",1
"KAWASAKI","VULCAN S","Barcelona","649",5
"KAWASAKI","VULCAN S","Cádiz","649",1
"KAWASAKI","VULCAN S","Cantabria","649",2
"KAWASAKI","VULCAN S","Ciudad Real","649",1
"KAWASAKI","VULCAN S","Granada","649",1
"KAWASAKI","VULCAN S","Huelva","649",1
"KAWASAKI","VULCAN S","Illes Balears","649",1
"KAWASAKI","VULCAN S","Madrid","649",3
"KAWASAKI","VULCAN S","Ourense","649",1
"KAWASAKI","VULCAN S","Pontevedra","649",1
"KAWASAKI","VULCAN S","Rioja (La)","649",1
"KAWASAKI","VULCAN S","Sevilla","649",2
"KAWASAKI","VULCAN S","Valencia/València","649",3
"KAWASAKI","VULCAN S","Zaragoza","649",2
"KAWASAKI","W800","Illes Balears","773",1
"KAWASAKI","Z1100","Alicante/Alacant","1099",6
"KAWASAKI","Z1100","Almería","1099",2
"KAWASAKI","Z1100","Barcelona","1099",4
"KAWASAKI","Z1100","Cáceres","1099",1
"KAWASAKI","Z1100","Cantabria","1099",1
"KAWASAKI","Z1100","Castellón/Castelló","1099",2
"KAWASAKI","Z1100","Madrid","1099",4
"KAWASAKI","Z1100","Málaga","1099",1
"KAWASAKI","Z1100","Murcia","1099",1
"KAWASAKI","Z1100","Palmas (Las)","1099",2
"KAWASAKI","Z1100","Santa Cruz de Tenerife","1099",1
"KAWASAKI","Z1100","Sevilla","1099",1
"KAWASAKI","Z125","Albacete","125",1
"KAWASAKI","Z125","Almería","125",1
"KAWASAKI","Z125","Barcelona","125",1
"KAWASAKI","Z125","Castellón/Castelló","125",1
"KAWASAKI","Z125","Córdoba","125",2
"KAWASAKI","Z125","Gipuzkoa","125",1
"KAWASAKI","Z125","Girona","125",1
"KAWASAKI","Z125","Granada","125",1
"KAWASAKI","Z125","Illes Balears","125",2
"KAWASAKI","Z125","León","125",1
"KAWASAKI","Z125","Málaga","125",1
"KAWASAKI","Z125","Navarra","125",1
"KAWASAKI","Z125","Valencia/València","125",2
"KAWASAKI","Z500","Alicante/Alacant","451",1
"KAWASAKI","Z500","Almería","451",1
"KAWASAKI","Z500","Barcelona","451",6
"KAWASAKI","Z500","Córdoba","451",1
"KAWASAKI","Z500","Girona","451",1
"KAWASAKI","Z500","Granada","451",2
"KAWASAKI","Z500","Guadalajara","451",1
"KAWASAKI","Z500","Illes Balears","451",5
"KAWASAKI","Z500","Lleida","451",1
"KAWASAKI","Z500","Madrid","451",2
"KAWASAKI","Z500","Murcia","451",2
"KAWASAKI","Z500","Santa Cruz de Tenerife","451",2
"KAWASAKI","Z500","Sevilla","451",2
"KAWASAKI","Z500","Valencia/València","451",1
"KAWASAKI","Z500","Zamora","451",1
"KAWASAKI","Z500","Zaragoza","451",1
"KAWASAKI","Z650","Alicante/Alacant","649",2
"KAWASAKI","Z650","Almería","649",2
"KAWASAKI","Z650","Ávila","649",1
"KAWASAKI","Z650","Badajoz","649",1
"KAWASAKI","Z650","Barcelona","649",12
"KAWASAKI","Z650","Bizkaia","649",1
"KAWASAKI","Z650","Ciudad Real","649",1
"KAWASAKI","Z650","Gipuzkoa","649",1
"KAWASAKI","Z650","Granada","649",3
"KAWASAKI","Z650","Huelva","649",1
"KAWASAKI","Z650","Huesca","649",2
"KAWASAKI","Z650","Illes Balears","649",3
"KAWASAKI","Z650","Jaén","649",1
"KAWASAKI","Z650","León","649",1
"KAWASAKI","Z650","Lleida","649",1
"KAWASAKI","Z650","Madrid","649",3
"KAWASAKI","Z650","Málaga","649",1
"KAWASAKI","Z650","Murcia","649",3
"KAWASAKI","Z650","Palmas (Las)","649",1
"KAWASAKI","Z650","Salamanca","649",1
"KAWASAKI","Z650","Santa Cruz de Tenerife","649",4
"KAWASAKI","Z650","Sevilla","649",2
"KAWASAKI","Z650","Tarragona","649",1
"KAWASAKI","Z650","Toledo","649",2
"KAWASAKI","Z650","Valencia/València","649",3
"KAWASAKI","Z650RS","Badajoz","649",1
"KAWASAKI","Z650RS","Barcelona","649",4
"KAWASAKI","Z650RS","Córdoba","649",1
"KAWASAKI","Z650RS","Coruña (A)","649",1
"KAWASAKI","Z650RS","Illes Balears","649",2
"KAWASAKI","Z650RS","Jaén","649",1
"KAWASAKI","Z650RS","Madrid","649",3
"KAWASAKI","Z650RS","Málaga","649",1
"KAWASAKI","Z650RS","Murcia","649",1
"KAWASAKI","Z650RS","Palmas (Las)","649",1
"KAWASAKI","Z650RS","Pontevedra","649",1
"KAWASAKI","Z650RS","Santa Cruz de Tenerife","649",1
"KAWASAKI","Z650RS","Zaragoza","649",1
"KAWASAKI","Z900","Álava/Araba","948",1
"KAWASAKI","Z900","Alicante/Alacant","948",12
"KAWASAKI","Z900","Almería","948",3
"KAWASAKI","Z900","Badajoz","948",3
"KAWASAKI","Z900","Barcelona","948",15
"KAWASAKI","Z900","Bizkaia","948",3
"KAWASAKI","Z900","Cáceres","948",2
"KAWASAKI","Z900","Cádiz","948",8
"KAWASAKI","Z900","Cantabria","948",1
"KAWASAKI","Z900","Castellón/Castelló","948",5
"KAWASAKI","Z900","Ciudad Real","948",2
"KAWASAKI","Z900","Córdoba","948",1
"KAWASAKI","Z900","Coruña (A)","948",2
"KAWASAKI","Z900","Cuenca","948",1
"KAWASAKI","Z900","Gipuzkoa","948",2
"KAWASAKI","Z900","Girona","948",6
"KAWASAKI","Z900","Granada","948",4
"KAWASAKI","Z900","Huelva","948",3
"KAWASAKI","Z900","Illes Balears","948",8
"KAWASAKI","Z900","León","948",2
"KAWASAKI","Z900","Lleida","948",2
"KAWASAKI","Z900","Lugo","948",1
"KAWASAKI","Z900","Madrid","948",15
"KAWASAKI","Z900","Málaga","948",12
"KAWASAKI","Z900","Melilla","948",1
"KAWASAKI","Z900","Murcia","948",5
"KAWASAKI","Z900","Navarra","948",1
"KAWASAKI","Z900","Ourense","948",2
"KAWASAKI","Z900","Palencia","948",1
"KAWASAKI","Z900","Palmas (Las)","948",9
"KAWASAKI","Z900","Pontevedra","948",3
"KAWASAKI","Z900","Santa Cruz de Tenerife","948",7
"KAWASAKI","Z900","Segovia","948",1
"KAWASAKI","Z900","Sevilla","948",1
"KAWASAKI","Z900","Tarragona","948",6
"KAWASAKI","Z900","Toledo","948",3
"KAWASAKI","Z900","Valencia/València","948",6
"KAWASAKI","Z900","Valladolid","948",4
"KAWASAKI","Z900","Zaragoza","948",6
"KAWASAKI","Z900RS","Alicante/Alacant","948",1
"KAWASAKI","Z900RS","Barcelona","948",3
"KAWASAKI","Z900RS","Madrid","948",1
"KAWASAKI","Z900RS","Tarragona","948",1
"KAWASAKI","Z900RS","Valladolid","948",1
"KEEWAY","GEMMA","Barcelona","117",3
"KEEWAY","GEMMA","Cádiz","117",1
"KEEWAY","GEMMA","Ceuta","117",1
"KEEWAY","GEMMA","Huelva","117",1
"KEEWAY","GEMMA","Santa Cruz de Tenerife","117",1
"KEEWAY","GEMMA","Sevilla","117",1
"KEEWAY","ICON 125 S","Alicante/Alacant","124",2
"KEEWAY","ICON 125 S","Murcia","124",1
"KEEWAY","M502N","Sevilla","486",1
"KEEWAY","M502N","Tarragona","486",1
"KEEWAY","M502N","Valencia/València","486",1
"KEEWAY","RKF 125 ABS","Barcelona","125",1
"KEEWAY","RKF 125 ABS","Córdoba","125",1
"KEEWAY","RKF 125 ABS","Madrid","125",4
"KEEWAY","RKF 125 ABS","Navarra","125",1
"KEEWAY","RKF 125 ABS","Salamanca","125",1
"KEEWAY","RKF 125 ABS","Sevilla","125",1
"KEEWAY","RKF 125 ABS","Tarragona","125",1
"KEEWAY","RKF 125 ABS","Valencia/València","125",1
"KEEWAY","RKF 125 ABS","Valladolid","125",1
"KEEWAY","RKS 125","Alicante/Alacant","124",3
"KEEWAY","RKS 125","Barcelona","124",3
"KEEWAY","RKS 125","Cádiz","124",1
"KEEWAY","RKS 125","Cantabria","124",2
"KEEWAY","RKS 125","Castellón/Castelló","124",1
"KEEWAY","RKS 125","Madrid","124",3
"KEEWAY","RKS 125","Sevilla","124",1
"KEEWAY","V-CRUISE","Alicante/Alacant","125",1
"KEEWAY","V-CRUISE","Barcelona","125",3
"KEEWAY","V-CRUISE","Coruña (A)","125",1
"KEEWAY","V-CRUISE","Madrid","125",1
"KEEWAY","V-CRUISE","Pontevedra","125",1
"KEEWAY","V-CRUISE","Valencia/València","125",1
"KEEWAY","V-CRUISE","Zaragoza","125",1
"KEEWAY","VERSILIA 125","Huelva","125",1
"KEEWAY","VIESTE 125","Almería","125",1
"KEEWAY","VIESTE 125","Barcelona","125",4
"KEEWAY","VIESTE 125","Cáceres","125",1
"KEEWAY","VIESTE 125","Córdoba","125",1
"KEEWAY","VIESTE 125","Cuenca","125",1
"KEEWAY","VIESTE 125","Girona","125",1
"KEEWAY","VIESTE 125","Guadalajara","125",2
"KEEWAY","VIESTE 125","Huelva","125",1
"KEEWAY","VIESTE 125","Madrid","125",3
"KEEWAY","VIESTE 125","Murcia","125",1
"KEEWAY","VIESTE 125","Navarra","125",2
"KEEWAY","VIESTE 125","Salamanca","125",1
"KEEWAY","VIESTE 125","Sevilla","125",3
"KEEWAY","VIESTE 125","Valencia/València","125",1
"KEEWAY","VIESTE 125LX","Cáceres","125",1
"KEEWAY","VIESTE 125LX","Málaga","125",1
"KEEWAY","VIESTE 125XDV","Asturias","125",1
"KEEWAY","VIESTE 125XDV","Badajoz","125",1
"KEEWAY","VIESTE 125XDV","Barcelona","125",1
"KEEWAY","VIESTE 125XDV","Ceuta","125",1
"KEEWAY","VIESTE 125XDV","Jaén","125",1
"KEEWAY","VIESTE 125XDV","Madrid","125",1
"KEEWAY","VIESTE 125XDV","Málaga","125",2
"KEEWAY","VIESTE 125XDV","Tarragona","125",3
"KEEWAY","VIESTE 300","Tarragona","278",1
"KEEWAY","VIESTE 300XDV","Madrid","278",1
"KEEWAY","VIESTE300 XDV","Barcelona","278",1
"KEEWAY","X-LIGHT 125","Bizkaia","125",1
"KEEWAY","XDV 125 EVO PRO","Álava/Araba","125",1
"KEEWAY","XDV 125 EVO PRO","Almería","125",1
"KEEWAY","XDV 125 EVO PRO","Asturias","125",1
"KEEWAY","XDV 125 EVO PRO","Badajoz","125",3
"KEEWAY","XDV 125 EVO PRO","Barcelona","125",1
"KEEWAY","XDV 125 EVO PRO","Castellón/Castelló","125",1
"KEEWAY","XDV 125 EVO PRO","Ceuta","125",1
"KEEWAY","XDV 125 EVO PRO","Córdoba","125",1
"KEEWAY","XDV 125 EVO PRO","Granada","125",2
"KEEWAY","XDV 125 EVO PRO","Guadalajara","125",1
"KEEWAY","XDV 125 EVO PRO","Madrid","125",6
"KEEWAY","XDV 125 EVO PRO","Málaga","125",2
"KEEWAY","XDV 125 EVO PRO","Murcia","125",1
"KEEWAY","XDV 125 EVO PRO","Navarra","125",1
"KEEWAY","XDV 125 EVO PRO","Palmas (Las)","125",6
"KEEWAY","XDV 125 EVO PRO","Santa Cruz de Tenerife","125",1
"KEEWAY","XDV 125 EVO PRO","Sevilla","125",2
"KEEWAY","XDV 125 EVO PRO","Valladolid","125",1
"KEEWAY","ZAHARA 125","Madrid","125",1
"KOVE","450 RALLY","Alicante/Alacant","449",1
"KOVE","450 RALLY","Barcelona","449",3
"KOVE","450 RALLY","Bizkaia","449",1
"KOVE","450 RALLY","Ciudad Real","449",1
"KOVE","450 RALLY","Lleida","449",1
"KOVE","450 RALLY E5+","Barcelona","449",1
"KOVE","800RALLY","Madrid","799",1
"KOVE","KOVE 800 X GT","Barcelona","799",9
"KOVE","KOVE 800 X PRO","Alicante/Alacant","799",5
"KOVE","KOVE 800 X PRO","Almería","799",6
"KOVE","KOVE 800 X PRO","Asturias","799",1
"KOVE","KOVE 800 X PRO","Ávila","799",1
"KOVE","KOVE 800 X PRO","Badajoz","799",2
"KOVE","KOVE 800 X PRO","Barcelona","799",27
"KOVE","KOVE 800 X PRO","Bizkaia","799",3
"KOVE","KOVE 800 X PRO","Burgos","799",2
"KOVE","KOVE 800 X PRO","Cádiz","799",3
"KOVE","KOVE 800 X PRO","Cantabria","799",3
"KOVE","KOVE 800 X PRO","Castellón/Castelló","799",1
"KOVE","KOVE 800 X PRO","Córdoba","799",3
"KOVE","KOVE 800 X PRO","Coruña (A)","799",1
"KOVE","KOVE 800 X PRO","Gipuzkoa","799",3
"KOVE","KOVE 800 X PRO","Girona","799",1
"KOVE","KOVE 800 X PRO","Granada","799",12
"KOVE","KOVE 800 X PRO","Guadalajara","799",3
"KOVE","KOVE 800 X PRO","Huelva","799",3
"KOVE","KOVE 800 X PRO","Jaén","799",2
"KOVE","KOVE 800 X PRO","Lleida","799",4
"KOVE","KOVE 800 X PRO","Madrid","799",23
"KOVE","KOVE 800 X PRO","Málaga","799",10
"KOVE","KOVE 800 X PRO","Murcia","799",1
"KOVE","KOVE 800 X PRO","Navarra","799",1
"KOVE","KOVE 800 X PRO","Pontevedra","799",3
"KOVE","KOVE 800 X PRO","Santa Cruz de Tenerife","799",2
"KOVE","KOVE 800 X PRO","Sevilla","799",9
"KOVE","KOVE 800 X PRO","Soria","799",1
"KOVE","KOVE 800 X PRO","Tarragona","799",3
"KOVE","KOVE 800 X PRO","Toledo","799",1
"KOVE","KOVE 800 X PRO","Valencia/València","799",2
"KOVE","KOVE 800 X PRO","Zaragoza","799",6
"KOVE","KOVE 800 X RALLY","Álava/Araba","799",1
"KOVE","KOVE 800 X RALLY","Alicante/Alacant","799",3
"KOVE","KOVE 800 X RALLY","Almería","799",2
"KOVE","KOVE 800 X RALLY","Asturias","799",1
"KOVE","KOVE 800 X RALLY","Barcelona","799",9
"KOVE","KOVE 800 X RALLY","Cádiz","799",2
"KOVE","KOVE 800 X RALLY","Cantabria","799",2
"KOVE","KOVE 800 X RALLY","Castellón/Castelló","799",1
"KOVE","KOVE 800 X RALLY","Gipuzkoa","799",3
"KOVE","KOVE 800 X RALLY","Girona","799",4
"KOVE","KOVE 800 X RALLY","Granada","799",5
"KOVE","KOVE 800 X RALLY","Jaén","799",1
"KOVE","KOVE 800 X RALLY","Lleida","799",1
"KOVE","KOVE 800 X RALLY","Madrid","799",4
"KOVE","KOVE 800 X RALLY","Málaga","799",1
"KOVE","KOVE 800 X RALLY","Murcia","799",2
"KOVE","KOVE 800 X RALLY","Santa Cruz de Tenerife","799",1
"KOVE","KOVE 800 X RALLY","Sevilla","799",1
"KOVE","KOVE 800 X RALLY","Tarragona","799",2
"KOVE","KOVE 800 X RALLY","Valencia/València","799",1
"KOVE","NK 125 R","Barcelona","125",1
"KOVE","NK 125 R","Girona","125",1
"KOVE","NK 125 R","Granada","125",1
"KOVE","NK 125 R","Madrid","125",1
"KOVE","NK 125 R","Ourense","125",1
"KOVE","NK 125 R","Sevilla","125",1
"KOVE","NK 125 R","Tarragona","125",1
"KOVE","NK 125 R","Valencia/València","125",1
"KTM","KTM 125 DUKE","Alicante/Alacant","125",1
"KTM","KTM 125 DUKE","Barcelona","125",5
"KTM","KTM 125 DUKE","Cádiz","125",4
"KTM","KTM 125 DUKE","Cantabria","125",1
"KTM","KTM 125 DUKE","Ciudad Real","125",2
"KTM","KTM 125 DUKE","Córdoba","125",2
"KTM","KTM 125 DUKE","Gipuzkoa","125",1
"KTM","KTM 125 DUKE","Girona","125",2
"KTM","KTM 125 DUKE","Granada","125",1
"KTM","KTM 125 DUKE","Huelva","125",1
"KTM","KTM 125 DUKE","Illes Balears","125",1
"KTM","KTM 125 DUKE","Lleida","125",2
"KTM","KTM 125 DUKE","Madrid","125",6
"KTM","KTM 125 DUKE","Málaga","125",3
"KTM","KTM 125 DUKE","Murcia","125",1
"KTM","KTM 125 DUKE","Navarra","125",1
"KTM","KTM 125 DUKE","Santa Cruz de Tenerife","125",1
"KTM","KTM 125 DUKE","Tarragona","125",1
"KTM","KTM 125 DUKE","Valencia/València","125",2
"KTM","KTM 125 DUKE","Zaragoza","125",1
"KTM","KTM 125 ENDURO","Barcelona","125",2
"KTM","KTM 125 ENDURO","Huesca","125",1
"KTM","KTM 125 ENDURO","Lleida","125",2
"KTM","KTM 125 ENDURO","Madrid","125",1
"KTM","KTM 125 ENDURO","Málaga","125",1
"KTM","KTM 125 ENDURO","Navarra","125",1
"KTM","KTM 125 ENDURO","Ourense","125",1
"KTM","KTM 125 ENDURO","Salamanca","125",1
"KTM","KTM 125 ENDURO","Sevilla","125",3
"KTM","KTM 125 ENDURO","Valencia/València","125",2
"KTM","KTM 125 ENDURO","Valladolid","125",1
"KTM","KTM 125 SMC R","Barcelona","125",1
"KTM","KTM 125 SMC R","Bizkaia","125",1
"KTM","KTM 125 SMC R","Cáceres","125",1
"KTM","KTM 125 SMC R","Girona","125",1
"KTM","KTM 125 SMC R","Madrid","125",4
"KTM","KTM 125 SMC R","Rioja (La)","125",1
"KTM","KTM 125 SMC R","Toledo","125",1
"KTM","KTM 1290 SUPER ADVENTU","Coruña (A)","1301",1
"KTM","KTM 1290 SUPER DUKE GT","Málaga","1301",1
"KTM","KTM 1390 SUPER ADVENTU","Albacete","1350",2
"KTM","KTM 1390 SUPER ADVENTU","Ávila","1350",1
"KTM","KTM 1390 SUPER ADVENTU","Barcelona","1350",3
"KTM","KTM 1390 SUPER ADVENTU","Cádiz","1350",2
"KTM","KTM 1390 SUPER ADVENTU","Córdoba","1350",1
"KTM","KTM 1390 SUPER ADVENTU","Girona","1350",3
"KTM","KTM 1390 SUPER ADVENTU","Granada","1350",1
"KTM","KTM 1390 SUPER ADVENTU","Guadalajara","1350",1
"KTM","KTM 1390 SUPER ADVENTU","Lleida","1350",1
"KTM","KTM 1390 SUPER ADVENTU","Madrid","1350",3
"KTM","KTM 1390 SUPER ADVENTU","Málaga","1350",3
"KTM","KTM 1390 SUPER ADVENTU","Palencia","1350",1
"KTM","KTM 1390 SUPER ADVENTU","Sevilla","1350",2
"KTM","KTM 1390 SUPER ADVENTU","Toledo","1350",1
"KTM","KTM 1390 SUPER DUKE R","Barcelona","1350",1
"KTM","KTM 1390 SUPER DUKE R","Málaga","1350",1
"KTM","KTM 1390 SUPER DUKE R","Palmas (Las)","1350",1
"KTM","KTM 1390 SUPER DUKE R","Zaragoza","1350",1
"KTM","KTM 250 EXC","Albacete","249",2
"KTM","KTM 250 EXC","Bizkaia","249",1
"KTM","KTM 250 EXC","Burgos","249",1
"KTM","KTM 250 EXC","Cuenca","249",1
"KTM","KTM 250 EXC","Girona","249",1
"KTM","KTM 250 EXC","Huelva","249",1
"KTM","KTM 250 EXC","Lleida","249",1
"KTM","KTM 250 EXC","Madrid","249",2
"KTM","KTM 250 EXC","Murcia","249",1
"KTM","KTM 250 EXC","Navarra","249",1
"KTM","KTM 250 EXC","Rioja (La)","249",1
"KTM","KTM 300 EXC","Álava/Araba","293",2
"KTM","KTM 300 EXC","Albacete","293",1
"KTM","KTM 300 EXC","Alicante/Alacant","293",1
"KTM","KTM 300 EXC","Asturias","293",1
"KTM","KTM 300 EXC","Badajoz","293",5
"KTM","KTM 300 EXC","Barcelona","293",4
"KTM","KTM 300 EXC","Bizkaia","293",1
"KTM","KTM 300 EXC","Burgos","293",2
"KTM","KTM 300 EXC","Cádiz","293",2
"KTM","KTM 300 EXC","Cantabria","293",1
"KTM","KTM 300 EXC","Ceuta","293",3
"KTM","KTM 300 EXC","Ciudad Real","293",1
"KTM","KTM 300 EXC","Córdoba","293",1
"KTM","KTM 300 EXC","Coruña (A)","293",2
"KTM","KTM 300 EXC","Gipuzkoa","293",1
"KTM","KTM 300 EXC","Girona","293",1
"KTM","KTM 300 EXC","Granada","293",2
"KTM","KTM 300 EXC","Guadalajara","293",2
"KTM","KTM 300 EXC","Huelva","293",1
"KTM","KTM 300 EXC","Huesca","293",1
"KTM","KTM 300 EXC","Jaén","293",2
"KTM","KTM 300 EXC","León","293",1
"KTM","KTM 300 EXC","Lugo","293",2
"KTM","KTM 300 EXC","Madrid","293",9
"KTM","KTM 300 EXC","Málaga","293",7
"KTM","KTM 300 EXC","Murcia","293",5
"KTM","KTM 300 EXC","Navarra","293",4
"KTM","KTM 300 EXC","Ourense","293",1
"KTM","KTM 300 EXC","Palencia","293",1
"KTM","KTM 300 EXC","Pontevedra","293",4
"KTM","KTM 300 EXC","Rioja (La)","293",2
"KTM","KTM 300 EXC","Salamanca","293",1
"KTM","KTM 300 EXC","Santa Cruz de Tenerife","293",4
"KTM","KTM 300 EXC","Segovia","293",1
"KTM","KTM 300 EXC","Sevilla","293",2
"KTM","KTM 300 EXC","Soria","293",2
"KTM","KTM 300 EXC","Tarragona","293",2
"KTM","KTM 300 EXC","Teruel","293",1
"KTM","KTM 300 EXC","Valencia/València","293",2
"KTM","KTM 300 EXC","Zamora","293",1
"KTM","KTM 300 EXC","Zaragoza","293",2
"KTM","KTM 350 EXC-F","Ávila","350",1
"KTM","KTM 350 EXC-F","Barcelona","350",3
"KTM","KTM 350 EXC-F","Granada","350",1
"KTM","KTM 350 EXC-F","Huelva","350",1
"KTM","KTM 350 EXC-F","Illes Balears","350",1
"KTM","KTM 350 EXC-F","Madrid","350",1
"KTM","KTM 350 EXC-F","Málaga","350",2
"KTM","KTM 350 EXC-F","Teruel","350",1
"KTM","KTM 350 EXC-F","Valladolid","350",1
"KTM","KTM 350 EXC-F","Zaragoza","350",1
"KTM","KTM 390 ADVENTURE","Almería","373",1
"KTM","KTM 390 ADVENTURE","Barcelona","373",1
"KTM","KTM 390 ADVENTURE","Illes Balears","373",1
"KTM","KTM 390 ADVENTURE","Valencia/València","373",1
"KTM","KTM 390 ADVENTURE R","Alicante/Alacant","399",3
"KTM","KTM 390 ADVENTURE R","Barcelona","399",3
"KTM","KTM 390 ADVENTURE R","Cádiz","399",2
"KTM","KTM 390 ADVENTURE R","Córdoba","399",1
"KTM","KTM 390 ADVENTURE R","Coruña (A)","399",1
"KTM","KTM 390 ADVENTURE R","Gipuzkoa","399",3
"KTM","KTM 390 ADVENTURE R","Girona","399",1
"KTM","KTM 390 ADVENTURE R","Huesca","399",2
"KTM","KTM 390 ADVENTURE R","Illes Balears","399",1
"KTM","KTM 390 ADVENTURE R","Jaén","399",1
"KTM","KTM 390 ADVENTURE R","Lleida","399",1
"KTM","KTM 390 ADVENTURE R","Madrid","399",7
"KTM","KTM 390 ADVENTURE R","Málaga","399",8
"KTM","KTM 390 ADVENTURE R","Navarra","399",1
"KTM","KTM 390 ADVENTURE R","Pontevedra","399",2
"KTM","KTM 390 ADVENTURE R","Rioja (La)","399",1
"KTM","KTM 390 ADVENTURE R","Sevilla","399",1
"KTM","KTM 390 ADVENTURE R","Tarragona","399",2
"KTM","KTM 390 ADVENTURE R","Toledo","399",1
"KTM","KTM 390 ADVENTURE R","Valencia/València","399",4
"KTM","KTM 390 ADVENTURE R","Zaragoza","399",1
"KTM","KTM 390 ADVENTURE X","Alicante/Alacant","399",1
"KTM","KTM 390 ADVENTURE X","Ávila","399",1
"KTM","KTM 390 ADVENTURE X","Badajoz","399",1
"KTM","KTM 390 ADVENTURE X","Barcelona","399",1
"KTM","KTM 390 ADVENTURE X","Madrid","399",2
"KTM","KTM 390 ADVENTURE X","Palencia","399",1
"KTM","KTM 390 ADVENTURE X","Santa Cruz de Tenerife","399",1
"KTM","KTM 390 ADVENTURE X","Sevilla","399",1
"KTM","KTM 390 ADVENTURE X","Valladolid","399",1
"KTM","KTM 390 DUKE","Álava/Araba","399",1
"KTM","KTM 390 DUKE","Alicante/Alacant","399",1
"KTM","KTM 390 DUKE","Barcelona","399",2
"KTM","KTM 390 DUKE","Coruña (A)","399",1
"KTM","KTM 390 DUKE","Granada","399",1
"KTM","KTM 390 DUKE","Jaén","399",1
"KTM","KTM 390 DUKE","Lleida","399",1
"KTM","KTM 390 DUKE","Madrid","399",4
"KTM","KTM 390 DUKE","Málaga","399",1
"KTM","KTM 390 DUKE","Murcia","399",1
"KTM","KTM 390 DUKE","Palmas (Las)","399",1
"KTM","KTM 390 DUKE","Sevilla","399",1
"KTM","KTM 390 DUKE","Valencia/València","399",1
"KTM","KTM 390 ENDURO","Cádiz","399",1
"KTM","KTM 390 ENDURO","Córdoba","399",1
"KTM","KTM 390 ENDURO","Illes Balears","399",1
"KTM","KTM 390 ENDURO","Lugo","399",1
"KTM","KTM 390 ENDURO","Madrid","399",1
"KTM","KTM 390 ENDURO","Murcia","399",1
"KTM","KTM 390 ENDURO","Navarra","399",1
"KTM","KTM 390 ENDURO R","Barcelona","399",2
"KTM","KTM 390 ENDURO R","Castellón/Castelló","399",1
"KTM","KTM 390 ENDURO R","Madrid","399",2
"KTM","KTM 390 ENDURO R","Málaga","399",2
"KTM","KTM 390 ENDURO R","Sevilla","399",1
"KTM","KTM 390 ENDURO R","Tarragona","399",1
"KTM","KTM 390 SMC R","Albacete","399",1
"KTM","KTM 390 SMC R","Barcelona","399",4
"KTM","KTM 390 SMC R","Cantabria","399",1
"KTM","KTM 390 SMC R","Huelva","399",1
"KTM","KTM 390 SMC R","Madrid","399",1
"KTM","KTM 390 SMC R","Sevilla","399",1
"KTM","KTM 390 SMC R","Valencia/València","399",1
"KTM","KTM 450 EXC-F","Albacete","450",1
"KTM","KTM 450 EXC-F","Alicante/Alacant","450",1
"KTM","KTM 450 EXC-F","Barcelona","450",1
"KTM","KTM 450 EXC-F","Cádiz","450",2
"KTM","KTM 450 EXC-F","Cantabria","450",2
"KTM","KTM 450 EXC-F","Granada","450",1
"KTM","KTM 450 EXC-F","Huesca","450",1
"KTM","KTM 450 EXC-F","Illes Balears","450",1
"KTM","KTM 450 EXC-F","Málaga","450",1
"KTM","KTM 450 EXC-F","Murcia","450",1
"KTM","KTM 450 EXC-F","Palencia","450",1
"KTM","KTM 450 EXC-F","Sevilla","450",1
"KTM","KTM 450 EXC-F","Soria","450",1
"KTM","KTM 450 EXC-F","Teruel","450",1
"KTM","KTM 450 RALLY FACTORY","Santa Cruz de Tenerife","449",1
"KTM","KTM 500 EXC-F","Badajoz","510",1
"KTM","KTM 500 EXC-F","Barcelona","510",1
"KTM","KTM 500 EXC-F","Burgos","510",1
"KTM","KTM 500 EXC-F","Ceuta","510",1
"KTM","KTM 500 EXC-F","Gipuzkoa","510",1
"KTM","KTM 500 EXC-F","Jaén","510",1
"KTM","KTM 500 EXC-F","Sevilla","510",1
"KTM","KTM 500 EXC-F","Valencia/València","510",1
"KTM","KTM 690 ENDURO R","Cantabria","693",1
"KTM","KTM 690 ENDURO R","Córdoba","693",1
"KTM","KTM 690 ENDURO R","Gipuzkoa","693",1
"KTM","KTM 690 ENDURO R","Girona","693",1
"KTM","KTM 690 ENDURO R","Lleida","693",1
"KTM","KTM 690 ENDURO R","Madrid","693",3
"KTM","KTM 690 ENDURO R","Málaga","693",1
"KTM","KTM 690 ENDURO R","Palmas (Las)","693",1
"KTM","KTM 690 ENDURO R","Tarragona","693",1
"KTM","KTM 690 ENDURO R","Valladolid","693",1
"KTM","KTM 690 SMC R","Alicante/Alacant","693",1
"KTM","KTM 690 SMC R","Barcelona","693",2
"KTM","KTM 690 SMC R","Bizkaia","693",1
"KTM","KTM 690 SMC R","Córdoba","693",1
"KTM","KTM 690 SMC R","Guadalajara","693",1
"KTM","KTM 690 SMC R","Illes Balears","693",1
"KTM","KTM 690 SMC R","Madrid","693",1
"KTM","KTM 690 SMC R","Málaga","693",1
"KTM","KTM 690 SMC R","Murcia","693",1
"KTM","KTM 690 SMC R","Santa Cruz de Tenerife","693",1
"KTM","KTM 790 ADVENTURE","Barcelona","799",1
"KTM","KTM 790 ADVENTURE","Bizkaia","799",1
"KTM","KTM 790 ADVENTURE","Huelva","799",1
"KTM","KTM 790 ADVENTURE","Málaga","799",2
"KTM","KTM 790 ADVENTURE","Valencia/València","799",1
"KTM","KTM 790 DUKE","Albacete","799",1
"KTM","KTM 790 DUKE","Alicante/Alacant","799",1
"KTM","KTM 790 DUKE","Madrid","799",1
"KTM","KTM 790 DUKE","Málaga","799",1
"KTM","KTM 790 DUKE","Santa Cruz de Tenerife","799",2
"KTM","KTM 790 DUKE","Sevilla","799",1
"KTM","KTM 790 DUKE L","Madrid","799",1
"KTM","KTM 790 DUKE L","Palmas (Las)","799",1
"KTM","KTM 890 ADVENTURE","Almería","889",1
"KTM","KTM 890 ADVENTURE","Barcelona","889",1
"KTM","KTM 890 ADVENTURE","Lleida","889",1
"KTM","KTM 890 ADVENTURE","Murcia","889",1
"KTM","KTM 890 ADVENTURE","Valladolid","889",1
"KTM","KTM 890 ADVENTURE R","Asturias","889",2
"KTM","KTM 890 ADVENTURE R","Barcelona","889",1
"KTM","KTM 890 ADVENTURE R","Córdoba","889",1
"KTM","KTM 890 ADVENTURE R","Coruña (A)","889",1
"KTM","KTM 890 ADVENTURE R","Huelva","889",1
"KTM","KTM 890 ADVENTURE R","Illes Balears","889",1
"KTM","KTM 890 ADVENTURE R","Lleida","889",1
"KTM","KTM 890 ADVENTURE R","Málaga","889",2
"KTM","KTM 890 ADVENTURE R","Murcia","889",2
"KTM","KTM 890 ADVENTURE R","Pontevedra","889",2
"KTM","KTM 890 ADVENTURE R","Sevilla","889",1
"KTM","KTM 890 ADVENTURE R","Valencia/València","889",1
"KTM","KTM 890 SM T","Valencia/València","889",2
"KTM","KTM 890 SM T","Valladolid","889",1
"KTM","KTM 890 SM T","Zaragoza","889",1
"KTM","KTM 990 DUKE","Barcelona","947",1
"KTM","KTM 990 DUKE","Cantabria","947",1
"KTM","KTM 990 DUKE","Girona","947",1
"KTM","KTM 990 DUKE","Granada","947",1
"KTM","KTM 990 DUKE","Valencia/València","947",1
"KTM","KTM 990 RC R","Alicante/Alacant","947",1
"KTM","KTM RC 390","Palmas (Las)","373",1
"KYMCO","AGILITY CITY 125","Jaén","125",1
"KYMCO","AGILITY CITY 125","Murcia","125",1
"KYMCO","AGILITY S","Álava/Araba","125",2
"KYMCO","AGILITY S","Albacete","125",2
"KYMCO","AGILITY S","Alicante/Alacant","125",10
"KYMCO","AGILITY S","Almería","125",4
"KYMCO","AGILITY S","Asturias","125",4
"KYMCO","AGILITY S","Barcelona","125",21
"KYMCO","AGILITY S","Bizkaia","125",3
"KYMCO","AGILITY S","Burgos","125",2
"KYMCO","AGILITY S","Cáceres","125",2
"KYMCO","AGILITY S","Cádiz","125",22
"KYMCO","AGILITY S","Cantabria","125",3
"KYMCO","AGILITY S","Ceuta","125",1
"KYMCO","AGILITY S","Ciudad Real","125",2
"KYMCO","AGILITY S","Córdoba","125",2
"KYMCO","AGILITY S","Cuenca","125",1
"KYMCO","AGILITY S","Gipuzkoa","125",2
"KYMCO","AGILITY S","Girona","125",3
"KYMCO","AGILITY S","Granada","125",5
"KYMCO","AGILITY S","Huelva","125",3
"KYMCO","AGILITY S","Illes Balears","125",13
"KYMCO","AGILITY S","Jaén","125",6
"KYMCO","AGILITY S","León","125",2
"KYMCO","AGILITY S","Lugo","125",1
"KYMCO","AGILITY S","Madrid","125",15
"KYMCO","AGILITY S","Málaga","125",30
"KYMCO","AGILITY S","Melilla","125",1
"KYMCO","AGILITY S","Murcia","125",14
"KYMCO","AGILITY S","Navarra","125",2
"KYMCO","AGILITY S","Palmas (Las)","125",3
"KYMCO","AGILITY S","Pontevedra","125",3
"KYMCO","AGILITY S","Rioja (La)","125",2
"KYMCO","AGILITY S","Salamanca","125",1
"KYMCO","AGILITY S","Santa Cruz de Tenerife","125",6
"KYMCO","AGILITY S","Tarragona","125",5
"KYMCO","AGILITY S","Toledo","125",2
"KYMCO","AGILITY S","Valencia/València","125",12
"KYMCO","AGILITY S","Valladolid","125",1
"KYMCO","AGILITY S","Zaragoza","125",3
"KYMCO","AK 550","Barcelona","550",3
"KYMCO","AK 550","Valladolid","550",1
"KYMCO","DTX","Alicante/Alacant","124",7
"KYMCO","DTX","Almería","124",1
"KYMCO","DTX","Asturias","124",1
"KYMCO","DTX","Barcelona","124",20
"KYMCO","DTX","Bizkaia","124",1
"KYMCO","DTX","Cáceres","124",3
"KYMCO","DTX","Cádiz","124",4
"KYMCO","DTX","Cantabria","124",1
"KYMCO","DTX","Castellón/Castelló","124",1
"KYMCO","DTX","Córdoba","124",2
"KYMCO","DTX","Cuenca","124",1
"KYMCO","DTX","Gipuzkoa","124",1
"KYMCO","DTX","Granada","124",3
"KYMCO","DTX","Huelva","124",2
"KYMCO","DTX","Illes Balears","124",4
"KYMCO","DTX","León","124",1
"KYMCO","DTX","Madrid","124",3
"KYMCO","DTX","Málaga","124",8
"KYMCO","DTX","Murcia","124",10
"KYMCO","DTX","Ourense","124",1
"KYMCO","DTX","Palmas (Las)","124",1
"KYMCO","DTX","Santa Cruz de Tenerife","124",2
"KYMCO","DTX","Tarragona","124",1
"KYMCO","DTX","Valencia/València","124",6
"KYMCO","DTX","Valladolid","124",1
"KYMCO","DTX","Zaragoza","124",4
"KYMCO","DTX 125","Illes Balears","124",1
"KYMCO","DTX 125","Madrid","124",1
"KYMCO","DTX 125","Málaga","124",1
"KYMCO","PEOPLE S 125","Palmas (Las)","125",1
"KYMCO","PEOPLE S 125 E5+","Alicante/Alacant","125",1
"KYMCO","PEOPLE S 125 E5+","Almería","125",1
"KYMCO","PEOPLE S 125 E5+","Asturias","125",1
"KYMCO","PEOPLE S 125 E5+","Barcelona","125",18
"KYMCO","PEOPLE S 125 E5+","Córdoba","125",1
"KYMCO","PEOPLE S 125 E5+","Gipuzkoa","125",1
"KYMCO","PEOPLE S 125 E5+","Illes Balears","125",3
"KYMCO","PEOPLE S 125 E5+","Jaén","125",1
"KYMCO","PEOPLE S 125 E5+","Madrid","125",2
"KYMCO","PEOPLE S 125 E5+","Navarra","125",1
"KYMCO","PEOPLE S 125 E5+","Rioja (La)","125",1
"KYMCO","PEOPLE S 125 E5+","Valladolid","125",1
"KYMCO","SKYTOWN 125","Albacete","125",1
"KYMCO","SKYTOWN 125","Alicante/Alacant","125",5
"KYMCO","SKYTOWN 125","Almería","125",7
"KYMCO","SKYTOWN 125","Badajoz","125",3
"KYMCO","SKYTOWN 125","Barcelona","125",30
"KYMCO","SKYTOWN 125","Bizkaia","125",9
"KYMCO","SKYTOWN 125","Burgos","125",1
"KYMCO","SKYTOWN 125","Cáceres","125",1
"KYMCO","SKYTOWN 125","Cádiz","125",17
"KYMCO","SKYTOWN 125","Cantabria","125",2
"KYMCO","SKYTOWN 125","Castellón/Castelló","125",1
"KYMCO","SKYTOWN 125","Ciudad Real","125",2
"KYMCO","SKYTOWN 125","Córdoba","125",6
"KYMCO","SKYTOWN 125","Coruña (A)","125",2
"KYMCO","SKYTOWN 125","Gipuzkoa","125",2
"KYMCO","SKYTOWN 125","Granada","125",3
"KYMCO","SKYTOWN 125","Huelva","125",1
"KYMCO","SKYTOWN 125","Huesca","125",1
"KYMCO","SKYTOWN 125","Illes Balears","125",5
"KYMCO","SKYTOWN 125","Madrid","125",17
"KYMCO","SKYTOWN 125","Málaga","125",11
"KYMCO","SKYTOWN 125","Murcia","125",5
"KYMCO","SKYTOWN 125","Navarra","125",2
"KYMCO","SKYTOWN 125","Ourense","125",2
"KYMCO","SKYTOWN 125","Palmas (Las)","125",3
"KYMCO","SKYTOWN 125","Pontevedra","125",3
"KYMCO","SKYTOWN 125","Santa Cruz de Tenerife","125",3
"KYMCO","SKYTOWN 125","Sevilla","125",6
"KYMCO","SKYTOWN 125","Toledo","125",1
"KYMCO","SKYTOWN 125","Valencia/València","125",17
"KYMCO","SKYTOWN 125","Valladolid","125",2
"KYMCO","SKYTOWN 125","Zaragoza","125",7
"KYMCO","SUPER DINK GT","Alicante/Alacant","321",1
"KYMCO","SUPER DINK GT","Barcelona","321",16
"KYMCO","SUPER DINK GT","Bizkaia","321",1
"KYMCO","SUPER DINK GT","Cádiz","321",2
"KYMCO","SUPER DINK GT","Castellón/Castelló","321",2
"KYMCO","SUPER DINK GT","Ceuta","321",2
"KYMCO","SUPER DINK GT","Coruña (A)","321",1
"KYMCO","SUPER DINK GT","Granada","321",1
"KYMCO","SUPER DINK GT","Huelva","321",1
"KYMCO","SUPER DINK GT","Lugo","321",1
"KYMCO","SUPER DINK GT","Madrid","321",13
"KYMCO","SUPER DINK GT","Málaga","321",2
"KYMCO","SUPER DINK GT","Murcia","321",4
"KYMCO","SUPER DINK GT","Palmas (Las)","321",3
"KYMCO","SUPER DINK GT","Pontevedra","321",1
"KYMCO","SUPER DINK GT","Santa Cruz de Tenerife","321",3
"KYMCO","SUPER DINK GT","Sevilla","321",1
"KYMCO","SUPER DINK GT","Tarragona","321",2
"KYMCO","SUPER DINK GT","Valencia/València","321",1
"KYMCO","SUPER DINK GT","Zaragoza","321",2
"KYMCO","SUPER DINK GT 125 E5+","Alicante/Alacant","124",6
"KYMCO","SUPER DINK GT 125 E5+","Almería","124",2
"KYMCO","SUPER DINK GT 125 E5+","Asturias","124",3
"KYMCO","SUPER DINK GT 125 E5+","Badajoz","124",1
"KYMCO","SUPER DINK GT 125 E5+","Barcelona","124",18
"KYMCO","SUPER DINK GT 125 E5+","Bizkaia","124",3
"KYMCO","SUPER DINK GT 125 E5+","Burgos","124",1
"KYMCO","SUPER DINK GT 125 E5+","Cádiz","124",8
"KYMCO","SUPER DINK GT 125 E5+","Cantabria","124",1
"KYMCO","SUPER DINK GT 125 E5+","Ciudad Real","124",1
"KYMCO","SUPER DINK GT 125 E5+","Córdoba","124",1
"KYMCO","SUPER DINK GT 125 E5+","Coruña (A)","124",1
"KYMCO","SUPER DINK GT 125 E5+","Girona","124",1
"KYMCO","SUPER DINK GT 125 E5+","Granada","124",1
"KYMCO","SUPER DINK GT 125 E5+","Huelva","124",1
"KYMCO","SUPER DINK GT 125 E5+","Illes Balears","124",4
"KYMCO","SUPER DINK GT 125 E5+","León","124",1
"KYMCO","SUPER DINK GT 125 E5+","Madrid","124",13
"KYMCO","SUPER DINK GT 125 E5+","Málaga","124",6
"KYMCO","SUPER DINK GT 125 E5+","Murcia","124",6
"KYMCO","SUPER DINK GT 125 E5+","Rioja (La)","124",1
"KYMCO","SUPER DINK GT 125 E5+","Santa Cruz de Tenerife","124",1
"KYMCO","SUPER DINK GT 125 E5+","Sevilla","124",3
"KYMCO","SUPER DINK GT 125 E5+","Tarragona","124",1
"KYMCO","SUPER DINK GT 125 E5+","Valencia/València","124",11
"KYMCO","SUPER DINK GT 125 E5+","Valladolid","124",1
"KYMCO","SUPER DINK GT 125 E5+","Zamora","124",1
"KYMCO","SUPER DINK GT 125 E5+","Zaragoza","124",2
"KYMCO","X-TOWN CT 125","Murcia","125",1
"KYMCO","XCITING VS 400","Alicante/Alacant","400",1
"KYMCO","XCITING VS 400","Asturias","400",1
"KYMCO","XCITING VS 400","Badajoz","400",1
"KYMCO","XCITING VS 400","Cádiz","400",1
"KYMCO","XCITING VS 400","Granada","400",1
"KYMCO","XCITING VS 400","Illes Balears","400",1
"KYMCO","XCITING VS 400","Madrid","400",3
"KYMCO","XCITING VS 400","Valencia/València","400",2
"KYMCO","XCITING VS 400","Zaragoza","400",2
"LAMBRETTA","V125 SPECIAL FLEX","Alicante/Alacant","125",3
"LAMBRETTA","V125 SPECIAL FLEX","Cáceres","125",1
"LAMBRETTA","V125 SPECIAL FLEX","Castellón/Castelló","125",2
"LAMBRETTA","V125 SPECIAL FLEX","Granada","125",1
"LAMBRETTA","V125 SPECIAL FLEX","Melilla","125",1
"LAMBRETTA","V125 SPECIAL FLEX","Murcia","125",1
"LAMBRETTA","V125 SPECIAL FLEX","Santa Cruz de Tenerife","125",1
"LAMBRETTA","X125","Illes Balears","124",1
"LEONART","M16-125, PILDER 125","Badajoz","125",1
"LEONART","PILDER 125","Barcelona","125",1
"LEONART","PILDER 125","Madrid","125",1
"LEONART","PILDER 125","Sevilla","125",1
"LEONART","PILDER 125","Valencia/València","125",1
"LEONART","TRACKER 125","Palmas (Las)","125",3
"LETBE","FLYGON","Cádiz","125",1
"LETBE","FLYGON","Málaga","125",2
"LETBE","FLYGON","Pontevedra","125",1
"LETBE","FLYGON","Sevilla","125",1
"LETBE","ISLAND","Barcelona","125",2
"LETBE","ISLAND","Cádiz","125",1
"LETBE","ISLAND","Granada","125",1
"LETBE","ISLAND","Illes Balears","125",2
"LETBE","ISLAND","Madrid","125",2
"LETBE","S125","Asturias","125",1
"LETBE","S125","Cádiz","125",1
"LETBE","S125","Coruña (A)","125",1
"LETBE","S125","Girona","125",1
"LETBE","S125","Granada","125",1
"LETBE","S125","Illes Balears","125",1
"LETBE","S125","Málaga","125",1
"LETBE","S125","Ourense","125",1
"LETBE","S125","Sevilla","125",1
"LETBE","S125","Tarragona","125",1
"LETBE","S125","Zaragoza","125",1
"LETBE","VELOCITY","Barcelona","125",2
"LETBE","VELOCITY","Granada","125",1
"LETBE","VELOCITY","Illes Balears","125",1
"LETBE","VELOCITY","Murcia","125",1
"LETBE","VELOCITY","Pontevedra","125",1
"LINHAI","---","Málaga","125",1
"LINHAI","BUCK ADV","Gipuzkoa","124",1
"MACBOR","EIGHT MILE 125 LC","Barcelona","124",3
"MACBOR","EIGHT MILE 125 LC","Burgos","124",1
"MACBOR","EIGHT MILE 125 LC","Granada","124",1
"MACBOR","EIGHT MILE 125 LC","Madrid","124",1
"MACBOR","EIGHT MILE 125 LC","Murcia","124",1
"MACBOR","EIGHT MILE 125 LC","Palmas (Las)","124",1
"MACBOR","MONTANA XR1 125","Santa Cruz de Tenerife","124",1
"MACBOR","MONTANA XR1 125 EVO","Álava/Araba","124",1
"MACBOR","MONTANA XR1 125 EVO","Albacete","124",3
"MACBOR","MONTANA XR1 125 EVO","Alicante/Alacant","124",4
"MACBOR","MONTANA XR1 125 EVO","Almería","124",2
"MACBOR","MONTANA XR1 125 EVO","Ávila","124",1
"MACBOR","MONTANA XR1 125 EVO","Barcelona","124",9
"MACBOR","MONTANA XR1 125 EVO","Bizkaia","124",1
"MACBOR","MONTANA XR1 125 EVO","Cádiz","124",1
"MACBOR","MONTANA XR1 125 EVO","Castellón/Castelló","124",3
"MACBOR","MONTANA XR1 125 EVO","Ciudad Real","124",1
"MACBOR","MONTANA XR1 125 EVO","Córdoba","124",2
"MACBOR","MONTANA XR1 125 EVO","Coruña (A)","124",1
"MACBOR","MONTANA XR1 125 EVO","Cuenca","124",1
"MACBOR","MONTANA XR1 125 EVO","Gipuzkoa","124",1
"MACBOR","MONTANA XR1 125 EVO","Girona","124",1
"MACBOR","MONTANA XR1 125 EVO","Granada","124",4
"MACBOR","MONTANA XR1 125 EVO","Huelva","124",1
"MACBOR","MONTANA XR1 125 EVO","Illes Balears","124",2
"MACBOR","MONTANA XR1 125 EVO","Jaén","124",1
"MACBOR","MONTANA XR1 125 EVO","León","124",1
"MACBOR","MONTANA XR1 125 EVO","Lleida","124",1
"MACBOR","MONTANA XR1 125 EVO","Madrid","124",5
"MACBOR","MONTANA XR1 125 EVO","Málaga","124",6
"MACBOR","MONTANA XR1 125 EVO","Navarra","124",1
"MACBOR","MONTANA XR1 125 EVO","Palmas (Las)","124",6
"MACBOR","MONTANA XR1 125 EVO","Pontevedra","124",3
"MACBOR","MONTANA XR1 125 EVO","Rioja (La)","124",3
"MACBOR","MONTANA XR1 125 EVO","Santa Cruz de Tenerife","124",4
"MACBOR","MONTANA XR1 125 EVO","Sevilla","124",6
"MACBOR","MONTANA XR1 125 EVO","Tarragona","124",3
"MACBOR","MONTANA XR1 125 EVO","Teruel","124",1
"MACBOR","MONTANA XR1 125 EVO","Toledo","124",2
"MACBOR","MONTANA XR1 125 EVO","Valencia/València","124",2
"MACBOR","MONTANA XR1 125 EVO","Valladolid","124",1
"MACBOR","MONTANA XR1 125 EVO","Zaragoza","124",3
"MACBOR","MONTANA XR5 510","Sevilla","498",1
"MACBOR","MONTANA XR5 510 E5+","Alicante/Alacant","498",1
"MACBOR","MONTANA XR5 510 E5+","Asturias","498",1
"MACBOR","MONTANA XR5 510 E5+","Barcelona","498",2
"MACBOR","MONTANA XR5 510 E5+","Ciudad Real","498",2
"MACBOR","MONTANA XR5 510 E5+","Girona","498",1
"MACBOR","MONTANA XR5 510 E5+","Madrid","498",1
"MACBOR","MONTANA XR5 510 E5+","Málaga","498",1
"MACBOR","MONTANA XR5 510 E5+","Sevilla","498",1
"MACBOR","MONTANA XR5 510 E5+","Tarragona","498",3
"MACBOR","MONTANA XR5 510 E5+","Toledo","498",2
"MACBOR","MONTANA XR5 510 E5+","Valencia/València","498",2
"MACBOR","ROCKSTER 125 EVO E5+","Alicante/Alacant","125",2
"MACBOR","ROCKSTER 125 EVO E5+","Almería","125",1
"MACBOR","ROCKSTER 125 EVO E5+","Barcelona","125",3
"MACBOR","ROCKSTER 125 EVO E5+","Girona","125",1
"MACBOR","ROCKSTER 125 EVO E5+","Madrid","125",1
"MACBOR","ROCKSTER 125 EVO E5+","Pontevedra","125",1
"MACBOR","ROCKSTER 410","Barcelona","401",1
"MACBOR","ROCKSTER 410","Bizkaia","401",1
"MACBOR","ROCKSTER 410","Cádiz","401",1
"MACBOR","ROCKSTER 410","Girona","401",1
"MACBOR","ROCKSTER 410","Málaga","401",1
"MACBOR","ROCKSTER 410","Sevilla","401",1
"MACBOR","ROCKSTER 410","Tarragona","401",1
"MACBOR","ROCKSTER 410","Valladolid","401",1
"MACBOR","ROCKSTER 410","Zaragoza","401",1
"MACBOR","ROCKSTER FLAT 125 EVO","Alicante/Alacant","125",1
"MACBOR","ROCKSTER FLAT 125 EVO","Almería","125",1
"MACBOR","ROCKSTER FLAT 125 EVO","Barcelona","125",3
"MACBOR","ROCKSTER FLAT 125 EVO","Cádiz","125",1
"MACBOR","ROCKSTER FLAT 125 EVO","Illes Balears","125",1
"MACBOR","ROCKSTER FLAT 125 EVO","Murcia","125",2
"MACBOR","ROCKSTER FLAT 125 EVO","Palmas (Las)","125",2
"MACBOR","ROCKSTER FLAT 125 EVO","Sevilla","125",1
"MACBOR","ROCKSTER FLAT 125 EVO","Tarragona","125",1
"MALCOR IBERICA","ROME","Cádiz","125",1
"MALCOR IBERICA","SX125","Almería","125",1
"MALCOR IBERICA","SX125","Murcia","125",1
"MALCOR IBERICA","SX125","Sevilla","125",2
"MBP","C1002V","Cádiz","997",1
"MBP","SC 125","Cádiz","125",1
"MBP","SC125LX","Málaga","125",1
"MBP","SC300","Illes Balears","278",1
"MH MOTORCYCLES","BOGGA","Salamanca","125",1
"MH MOTORCYCLES","BOGGA","Sevilla","125",1
"MH MOTORCYCLES","BOGGA ROCKER","Sevilla","125",1
"MH MOTORCYCLES","RYX","Zaragoza","124",1
"MH MOTORCYCLES","TRAY","Alicante/Alacant","125",1
"MH MOTORCYCLES","TRAY","Barcelona","125",3
"MH MOTORCYCLES","TRAY","Bizkaia","125",1
"MH MOTORCYCLES","TRAY","Cádiz","125",2
"MH MOTORCYCLES","TRAY","Córdoba","125",1
"MH MOTORCYCLES","TRAY","Huesca","125",1
"MH MOTORCYCLES","TRAY","Madrid","125",5
"MH MOTORCYCLES","TRAY","Murcia","125",3
"MH MOTORCYCLES","TRAY","Palmas (Las)","125",3
"MH MOTORCYCLES","TRAY","Salamanca","125",1
"MH MOTORCYCLES","TRAY","Sevilla","125",4
"MH MOTORCYCLES","TRAY","Tarragona","125",1
"MH MOTORCYCLES","TRAY","Toledo","125",1
"MH MOTORCYCLES","TRAY","Valencia/València","125",2
"MH MOTORCYCLES","VIRO","Almería","333",1
"MH MOTORCYCLES","VR10","Almería","124",1
"MH MOTORCYCLES","VR10","Ciudad Real","124",1
"MH MOTORCYCLES","VR10","Granada","124",1
"MH MOTORCYCLES","VR10","Illes Balears","124",2
"MH MOTORCYCLES","VR10","Madrid","124",1
"MH MOTORCYCLES","VR10","Murcia","124",1
"MH MOTORCYCLES","VR10","Navarra","124",1
"MH MOTORCYCLES","VR10","Ourense","124",1
"MH MOTORCYCLES","VR10","Sevilla","124",4
"MH MOTORCYCLES","VRS","Alicante/Alacant","124",1
"MH MOTORCYCLES","VRS","Almería","124",1
"MH MOTORCYCLES","VRS","Barcelona","124",1
"MH MOTORCYCLES","VRS","Granada","124",1
"MH MOTORCYCLES","VRS","Navarra","124",1
"MH MOTORCYCLES","VRS","Sevilla","124",1
"MH MOTORCYCLES","VRT","Barcelona","124",2
"MH MOTORCYCLES","VRT","Cantabria","124",1
"MH MOTORCYCLES","VRT","Illes Balears","124",3
"MH MOTORCYCLES","VRT","Jaén","124",1
"MH MOTORCYCLES","VRT","Málaga","124",1
"MH MOTORCYCLES","VRT","Ourense","124",1
"MH MOTORCYCLES","VRT","Salamanca","124",1
"MH MOTORCYCLES","VRT","Santa Cruz de Tenerife","124",1
"MH MOTORCYCLES","VRT","Toledo","124",1
"MH MOTORCYCLES","XRT","Alicante/Alacant","125",1
"MH MOTORCYCLES","XRT","Cádiz","125",1
"MITT","125 DESERT","Almería","125",1
"MITT","125 DESERT","Barcelona","125",3
"MITT","125 DESERT","Burgos","125",1
"MITT","125 DESERT","Cádiz","125",1
"MITT","125 DESERT","Gipuzkoa","125",1
"MITT","125 DESERT","Guadalajara","125",1
"MITT","125 DESERT","Illes Balears","125",1
"MITT","125 DESERT","Madrid","125",2
"MITT","125 DESERT","Málaga","125",1
"MITT","125 DESERT","Pontevedra","125",1
"MITT","125 DESERT","Sevilla","125",3
"MITT","125 DESERT","Toledo","125",1
"MITT","125 DESERT","Zaragoza","125",1
"MITT","125 NK","Cantabria","124",1
"MITT","125 NK","Huelva","124",1
"MITT","125 NK","Madrid","124",2
"MITT","125 NK","Málaga","124",1
"MITT","125 NK","Sevilla","124",3
"MITT","125 NK","Valencia/València","124",1
"MITT","125GP","Cádiz","124",1
"MITT","125GP","Córdoba","124",1
"MITT","125GP","Huelva","124",1
"MITT","125GP","León","124",1
"MITT","125GP","Madrid","124",4
"MITT","125GP","Málaga","124",2
"MITT","125GP","Salamanca","124",1
"MITT","125GP","Segovia","124",1
"MITT","125GP","Valencia/València","124",4
"MITT","125GTS","Barcelona","125",2
"MITT","125GTS","Cantabria","125",1
"MITT","125GTS","Madrid","125",2
"MITT","125GTS","Málaga","125",2
"MITT","125GTS","Murcia","125",1
"MITT","125GTS","Santa Cruz de Tenerife","125",2
"MITT","125GTS","Sevilla","125",8
"MITT","125GTS","Toledo","125",1
"MITT","300GT MAX","Madrid","276",2
"MITT","808","Ciudad Real","799",1
"MITT","808","Lleida","799",1
"MITT","CPX 125 LIQUID","Madrid","125",1
"MITT","CPX 125 LIQUID","Zaragoza","125",1
"MITT","EMPEROR","Castellón/Castelló","125",1
"MITT","EMPEROR","Madrid","125",2
"MITT","EMPEROR","Sevilla","125",1
"MITT","GT-S","Almería","125",1
"MITT","GT-S","Cádiz","125",1
"MITT","GT-S","Ciudad Real","125",2
"MITT","GT-S","Córdoba","125",1
"MITT","GT-S","Madrid","125",1
"MITT","GT-S","Málaga","125",1
"MITT","GT-S","Navarra","125",1
"MITT","GT-S","Sevilla","125",2
"MITT","GT-S","Zaragoza","125",1
"MITT","IBIZA","Badajoz","125",1
"MITT","IBIZA","Coruña (A)","125",1
"MITT","IBIZA","Madrid","125",1
"MITT","IBIZA","Ourense","125",1
"MITT","IBIZA","Valencia/València","125",1
"MITT","MITT SUPPER","Lleida","125",1
"MITT","MITT SUPPER","Málaga","125",1
"MITT","MITT SUPPER","Palmas (Las)","125",3
"MITT","OGAR LEGEND","Madrid","125",2
"MITT","OGAR LEGEND","Sevilla","125",1
"MITT","TY125T-26F","Almería","125",2
"MITT","TY125T-26F","Badajoz","125",2
"MITT","TY125T-26F","Cádiz","125",2
"MITT","TY125T-26F","Ciudad Real","125",2
"MITT","TY125T-26F","Madrid","125",3
"MITT","TY125T-26F","Pontevedra","125",1
"MITT","TY125T-26F","Santa Cruz de Tenerife","125",4
"MITT","TY125T-26F","Sevilla","125",3
"MITT","TY125T-26F","Zaragoza","125",1
"MITT","TY125T-58E","Albacete","125",2
"MITT","TY125T-58E","Alicante/Alacant","125",1
"MITT","TY125T-58E","Almería","125",2
"MITT","TY125T-58E","Bizkaia","125",1
"MITT","TY125T-58E","Cádiz","125",4
"MITT","TY125T-58E","Cantabria","125",2
"MITT","TY125T-58E","Madrid","125",2
"MITT","TY125T-58E","Málaga","125",4
"MITT","TY125T-58E","Sevilla","125",6
"MITT","TY125T-58E","Zaragoza","125",1
"MITT","URBAN","Madrid","125",1
"MITT","URBAN","Rioja (La)","125",1
"MITT","XRS","Sevilla","125",1
"MONDIAL","HPS","Valencia/València","124",1
"MONDIAL","SMX","Álava/Araba","124",1
"MONTESA","COTA 4RT 260","Barcelona","259",2
"MONTESA","COTA 4RT 260","Málaga","259",1
"MONTESA","COTA 4RT 260","Pontevedra","259",1
"MONTESA","COTA 4RT 301RR","Barcelona","298",3
"MONTESA","COTA 4RT 301RR","Girona","298",1
"MONTESA","COTA 4RT 301RR","Palencia","298",1
"MONTESA","COTA 4RT 301RR","Tarragona","298",1
"MORBIDELLI","C1002V","Alicante/Alacant","997",2
"MORBIDELLI","C1002V","Barcelona","997",1
"MORBIDELLI","C1002V","Madrid","997",1
"MORBIDELLI","F125","Alicante/Alacant","125",1
"MORBIDELLI","F125","Barcelona","125",2
"MORBIDELLI","F125","Bizkaia","125",1
"MORBIDELLI","F125","Coruña (A)","125",1
"MORBIDELLI","F125","Gipuzkoa","125",1
"MORBIDELLI","F125","Huelva","125",1
"MORBIDELLI","F352","Alicante/Alacant","349",1
"MORBIDELLI","F352","Bizkaia","349",1
"MORBIDELLI","F352","Guadalajara","349",1
"MORBIDELLI","F352","Madrid","349",1
"MORBIDELLI","SC 125","Barcelona","125",1
"MORBIDELLI","SC 125","Sevilla","125",1
"MORBIDELLI","SC 125","Tarragona","125",3
"MORBIDELLI","SC 125","Zaragoza","125",1
"MORBIDELLI","SC125 RE","Almería","125",1
"MORBIDELLI","SC125 RE","Asturias","125",1
"MORBIDELLI","SC125 RE","Cáceres","125",1
"MORBIDELLI","SC125 RE","Valencia/València","125",4
"MORBIDELLI","SC125LX","Barcelona","125",1
"MORBIDELLI","SC125LX","Ceuta","125",1
"MORBIDELLI","SC125LX","Madrid","125",2
"MORBIDELLI","SC125LX","Tarragona","125",1
"MORBIDELLI","SC300","Sevilla","278",1
"MORBIDELLI","T1002VX","Barcelona","997",2
"MORBIDELLI","T1002VX","Guadalajara","997",1
"MORBIDELLI","T1002VX","Murcia","997",1
"MORBIDELLI","T1002VX","Tarragona","997",1
"MORBIDELLI","T1002VX","Toledo","997",1
"MORBIDELLI","T125","Álava/Araba","124",1
"MORBIDELLI","T125","Rioja (La)","124",1
"MORBIDELLI","T352X","Córdoba","349",1
"MORBIDELLI","T352X","Jaén","349",1
"MORBIDELLI","T352X","Salamanca","349",1
"MORBIDELLI","T352X","Sevilla","349",1
"MORBIDELLI","T352X","Valencia/València","349",1
"MORBIDELLI","T502X","Alicante/Alacant","486",2
"MORBIDELLI","T502X","Almería","486",1
"MORBIDELLI","T502X","Barcelona","486",3
"MORBIDELLI","T502X","Cádiz","486",1
"MORBIDELLI","T502X","Castellón/Castelló","486",1
"MORBIDELLI","T502X","Huesca","486",1
"MORBIDELLI","T502X","Navarra","486",2
"MORBIDELLI","T502X","Soria","486",1
"MORBIDELLI","T502X","Valencia/València","486",2
"MOTO GUZZI","STELVIO","Bizkaia","1042",1
"MOTO GUZZI","V100 MANDELLO","Córdoba","1042",1
"MOTO GUZZI","V100 MANDELLO","Toledo","1042",1
"MOTO GUZZI","V7 CORSA","Madrid","853",1
"MOTO GUZZI","V7 SPECIAL","Castellón/Castelló","853",1
"MOTO GUZZI","V7 SPECIAL","Madrid","853",1
"MOTO GUZZI","V7 SPORT","Barcelona","853",1
"MOTO GUZZI","V7 STONE","Madrid","853",1
"MOTO GUZZI","V7 STONE","Palmas (Las)","853",1
"MOTO GUZZI","V7 STONE","Segovia","853",1
"MOTO GUZZI","V7 STONE","Tarragona","853",1
"MOTO GUZZI","V85 STRADA","Madrid","853",1
"MOTO GUZZI","V85 STRADA","Valencia/València","853",1
"MOTO GUZZI","V85 TT","Barcelona","853",1
"MOTO GUZZI","V85 TT","Cádiz","853",1
"MOTO GUZZI","V85 TT","Madrid","853",2
"MOTO GUZZI","V85 TT TRAVEL","Cáceres","853",1
"MOTO GUZZI","V85 TT TRAVEL","Sevilla","853",1
"MOTO GUZZI","V85 TT TRAVEL","Zaragoza","853",1
"MOTO MORINI","6 ½ STR","Barcelona","649",1
"MOTO MORINI","6 ½ STR","Madrid","649",1
"MOTO MORINI","CALIBRO","Cádiz","693",1
"MOTO MORINI","CALIBRO","Cantabria","693",1
"MOTO MORINI","CALIBRO","Illes Balears","693",1
"MOTO MORINI","CALIBRO","Madrid","693",1
"MOTO MORINI","CALIBRO","Palmas (Las)","693",1
"MOTO MORINI","CALIBRO","Zaragoza","693",1
"MOTO MORINI","CALIBRO 700","Barcelona","693",1
"MOTO MORINI","CALIBRO 700","Bizkaia","693",1
"MOTO MORINI","CALIBRO 700","Córdoba","693",1
"MOTO MORINI","CALIBRO 700","Madrid","693",2
"MOTO MORINI","CALIBRO 700","Málaga","693",4
"MOTO MORINI","CALIBRO 700","Tarragona","693",1
"MOTO MORINI","SEIEMMEZZO","Barcelona","649",3
"MOTO MORINI","SEIEMMEZZO","Bizkaia","649",1
"MOTO MORINI","SEIEMMEZZO","Cáceres","649",1
"MOTO MORINI","SEIEMMEZZO","Castellón/Castelló","649",1
"MOTO MORINI","SEIEMMEZZO","Coruña (A)","649",1
"MOTO MORINI","SEIEMMEZZO","León","649",1
"MOTO MORINI","SEIEMMEZZO","Madrid","649",1
"MOTO MORINI","SEIEMMEZZO","Málaga","649",1
"MOTO MORINI","SEIEMMEZZO","Navarra","649",1
"MOTO MORINI","X-CAPE","Álava/Araba","649",1
"MOTO MORINI","X-CAPE","Albacete","649",2
"MOTO MORINI","X-CAPE","Asturias","649",1
"MOTO MORINI","X-CAPE","Ávila","649",2
"MOTO MORINI","X-CAPE","Badajoz","649",1
"MOTO MORINI","X-CAPE","Barcelona","649",6
"MOTO MORINI","X-CAPE","Bizkaia","649",2
"MOTO MORINI","X-CAPE","Burgos","649",1
"MOTO MORINI","X-CAPE","Cádiz","649",1
"MOTO MORINI","X-CAPE","Cantabria","649",1
"MOTO MORINI","X-CAPE","Coruña (A)","649",2
"MOTO MORINI","X-CAPE","Guadalajara","649",1
"MOTO MORINI","X-CAPE","Madrid","649",1
"MOTO MORINI","X-CAPE","Málaga","649",5
"MOTO MORINI","X-CAPE","Murcia","649",4
"MOTO MORINI","X-CAPE","Navarra","649",1
"MOTO MORINI","X-CAPE","Sevilla","649",2
"MOTO MORINI","X-CAPE","Valencia/València","649",1
"MOTO MORINI","X-CAPE","Valladolid","649",1
"MOTO MORINI","X-CAPE 700","Barcelona","693",2
"MOTO MORINI","X-CAPE 700","Zaragoza","693",1
"MOTRON MOTORRAD","IDEO","Barcelona","125",1
"MOTRON MOTORRAD","IDEO","Palencia","125",1
"MOTRON MOTORRAD","X-NORD 125","Almería","124",1
"MTR BIKES","S8-ZY125","Cádiz","124",1
"MTR BIKES","VMAX 125","Cádiz","125",1
"MV AGUSTA","BRUTALE 1000 RR","Barcelona","998",1
"MV AGUSTA","BRUTALE 1000 RR","Málaga","998",1
"MV AGUSTA","BRUTALE R","Álava/Araba","798",1
"MV AGUSTA","DRAGSTER R","Illes Balears","798",1
"MV AGUSTA","F3 ROSSO","Madrid","798",1
"MV AGUSTA","SUPERVELOCE","Alicante/Alacant","798",1
"MV AGUSTA","SUPERVELOCE","Barcelona","798",2
"MV AGUSTA","SUPERVELOCE","Madrid","798",1
"MV AGUSTA","SUPERVELOCE","Málaga","798",1
"MV AGUSTA","TURISMO VELOCE LUSSO","Cádiz","798",1
"MV AGUSTA","TURISMO VELOCE LUSSO","Madrid","798",1
"MV AGUSTA","TURISMO VELOCE LUSSO","Valladolid","798",1
"NEXT","NX CROSS 125I","Alicante/Alacant","125",2
"NEXT","NX CROSS 125I","Almería","125",1
"NEXT","NX CROSS 125I","Barcelona","125",2
"NEXT","NX CROSS 125I","Granada","125",1
"NEXT","NX CROSS 125I","Illes Balears","125",1
"NEXT","NX CROSS 125I","Madrid","125",8
"NEXT","NX CROSS 125I","Murcia","125",2
"NEXT","NX CROSS 125I","Sevilla","125",1
"NEXT","NX2 125I","Alicante/Alacant","125",1
"NEXT","NX2 125I","Almería","125",1
"NEXT","NX2 125I","Bizkaia","125",1
"NEXT","NX2 125I","Illes Balears","125",3
"NEXT","NX2 125I","Madrid","125",2
"NEXT","NX2 125I","Málaga","125",1
"NEXT","NX2 125I","Murcia","125",1
"NEXT","NX2 125I","Sevilla","125",1
"NEXT","NX2 125I","Valencia/València","125",1
"ORCAL","SK125-K","Badajoz","124",1
"PEUGEOT","DJANGO","Alicante/Alacant","125",1
"PEUGEOT","DJANGO","Almería","125",1
"PEUGEOT","DJANGO","Cuenca","125",1
"PEUGEOT","DJANGO","Lugo","125",1
"PEUGEOT","DJANGO","Madrid","125",2
"PEUGEOT","DJANGO","Málaga","125",2
"PEUGEOT","DJANGO","Murcia","125",2
"PEUGEOT","DJANGO","Santa Cruz de Tenerife","125",1
"PEUGEOT","DJANGO","Valencia/València","125",1
"PEUGEOT","KISBEE M","Albacete","125",1
"PEUGEOT","KISBEE M","Alicante/Alacant","125",1
"PEUGEOT","KISBEE M","Almería","125",1
"PEUGEOT","KISBEE M","Badajoz","125",1
"PEUGEOT","KISBEE M","Cádiz","125",2
"PEUGEOT","KISBEE M","Castellón/Castelló","125",1
"PEUGEOT","KISBEE M","Córdoba","125",3
"PEUGEOT","KISBEE M","Madrid","125",1
"PEUGEOT","KISBEE M","Málaga","125",9
"PEUGEOT","KISBEE M","Murcia","125",3
"PEUGEOT","KISBEE M","Palmas (Las)","125",1
"PEUGEOT","KISBEE M","Pontevedra","125",1
"PEUGEOT","KISBEE M","Sevilla","125",1
"PEUGEOT","KISBEE M","Zaragoza","125",1
"PEUGEOT","PM-01","Alicante/Alacant","125",1
"PEUGEOT","PM-01","Murcia","125",2
"PEUGEOT","PM-03","Cuenca","292",1
"PEUGEOT","PM-03","Madrid","292",1
"PEUGEOT","PULSION","Madrid","125",1
"PEUGEOT","PULSION","Tarragona","125",1
"PEUGEOT","PULSION","Valencia/València","125",1
"PEUGEOT","PULSION EVO","Barcelona","125",1
"PEUGEOT","PULSION EVO","Madrid","125",1
"PEUGEOT","TWEET","Málaga","125",2
"PEUGEOT","TWEET FL 125 CC","Albacete","125",1
"PEUGEOT","TWEET FL 125 CC","Almería","125",1
"PEUGEOT","TWEET FL 125 CC","Badajoz","125",1
"PEUGEOT","TWEET FL 125 CC","Barcelona","125",3
"PEUGEOT","TWEET FL 125 CC","Bizkaia","125",1
"PEUGEOT","TWEET FL 125 CC","Cádiz","125",1
"PEUGEOT","TWEET FL 125 CC","Ciudad Real","125",1
"PEUGEOT","TWEET FL 125 CC","Illes Balears","125",2
"PEUGEOT","TWEET FL 125 CC","Málaga","125",4
"PEUGEOT","TWEET FL 125 CC","Sevilla","125",2
"PEUGEOT","TWEET FL 125 CC","Toledo","125",2
"PEUGEOT","TWEET FL 125 CC","Valencia/València","125",1
"PEUGEOT","XP","Córdoba","399",1
"PEUGEOT","XP","Girona","399",1
"PEUGEOT","XP","Madrid","399",1
"PEUGEOT","XP","Murcia","399",1
"PIAGGIO","BEVERLY 310 HPE","Barcelona","310",1
"PIAGGIO","BEVERLY 310 HPE","Cantabria","310",1
"PIAGGIO","BEVERLY 310 HPE","Illes Balears","310",1
"PIAGGIO","BEVERLY 310 HPE","Palmas (Las)","310",1
"PIAGGIO","BEVERLY 400 HPE","Barcelona","399",1
"PIAGGIO","BEVERLY 400 HPE","Coruña (A)","399",1
"PIAGGIO","BEVERLY 400 HPE","Madrid","399",1
"PIAGGIO","BEVERLY 400 HPE","Málaga","399",1
"PIAGGIO","BEVERLY 400 HPE","Palmas (Las)","399",2
"PIAGGIO","BEVERLY 400 HPE","Valencia/València","399",1
"PIAGGIO","LIBERTY 125 ABS","Álava/Araba","124",1
"PIAGGIO","LIBERTY 125 ABS","Albacete","124",2
"PIAGGIO","LIBERTY 125 ABS","Alicante/Alacant","124",7
"PIAGGIO","LIBERTY 125 ABS","Almería","124",1
"PIAGGIO","LIBERTY 125 ABS","Asturias","124",1
"PIAGGIO","LIBERTY 125 ABS","Badajoz","124",3
"PIAGGIO","LIBERTY 125 ABS","Barcelona","124",14
"PIAGGIO","LIBERTY 125 ABS","Bizkaia","124",1
"PIAGGIO","LIBERTY 125 ABS","Cádiz","124",37
"PIAGGIO","LIBERTY 125 ABS","Cantabria","124",1
"PIAGGIO","LIBERTY 125 ABS","Castellón/Castelló","124",2
"PIAGGIO","LIBERTY 125 ABS","Ceuta","124",3
"PIAGGIO","LIBERTY 125 ABS","Córdoba","124",1
"PIAGGIO","LIBERTY 125 ABS","Cuenca","124",1
"PIAGGIO","LIBERTY 125 ABS","Gipuzkoa","124",5
"PIAGGIO","LIBERTY 125 ABS","Granada","124",4
"PIAGGIO","LIBERTY 125 ABS","Huelva","124",1
"PIAGGIO","LIBERTY 125 ABS","Illes Balears","124",4
"PIAGGIO","LIBERTY 125 ABS","Jaén","124",1
"PIAGGIO","LIBERTY 125 ABS","Lleida","124",1
"PIAGGIO","LIBERTY 125 ABS","Lugo","124",1
"PIAGGIO","LIBERTY 125 ABS","Madrid","124",21
"PIAGGIO","LIBERTY 125 ABS","Málaga","124",7
"PIAGGIO","LIBERTY 125 ABS","Melilla","124",1
"PIAGGIO","LIBERTY 125 ABS","Rioja (La)","124",1
"PIAGGIO","LIBERTY 125 ABS","Santa Cruz de Tenerife","124",1
"PIAGGIO","LIBERTY 125 ABS","Sevilla","124",9
"PIAGGIO","LIBERTY 125 ABS","Tarragona","124",3
"PIAGGIO","LIBERTY 125 ABS","Valencia/València","124",2
"PIAGGIO","LIBERTY 125 ABS","Valladolid","124",1
"PIAGGIO","LIBERTY 125 ABS","Zamora","124",1
"PIAGGIO","LIBERTY 125 ABS","Zaragoza","124",1
"PIAGGIO","MEDLEY 125","Álava/Araba","125",1
"PIAGGIO","MEDLEY 125","Alicante/Alacant","125",1
"PIAGGIO","MEDLEY 125","Barcelona","125",8
"PIAGGIO","MEDLEY 125","Cádiz","125",3
"PIAGGIO","MEDLEY 125","Córdoba","125",2
"PIAGGIO","MEDLEY 125","Gipuzkoa","125",3
"PIAGGIO","MEDLEY 125","Granada","125",8
"PIAGGIO","MEDLEY 125","Illes Balears","125",1
"PIAGGIO","MEDLEY 125","Madrid","125",2
"PIAGGIO","MEDLEY 125","Málaga","125",1
"PIAGGIO","MEDLEY 125","Murcia","125",3
"PIAGGIO","MEDLEY 125","Palmas (Las)","125",3
"PIAGGIO","MEDLEY 125","Santa Cruz de Tenerife","125",8
"PIAGGIO","MEDLEY 125","Sevilla","125",7
"PIAGGIO","MEDLEY 125","Valencia/València","125",1
"PIAGGIO","MEDLEY 200","Barcelona","174",1
"PIAGGIO","MEDLEY 200","Cádiz","174",1
"PIAGGIO","MEDLEY 200","Valencia/València","174",1
"PIAGGIO","VESPA GTS","Alicante/Alacant","310",1
"PIAGGIO","VESPA GTS","Asturias","310",1
"PIAGGIO","VESPA GTS","Badajoz","310",1
"PIAGGIO","VESPA GTS","Barcelona","310",2
"PIAGGIO","VESPA GTS","Illes Balears","310",2
"PIAGGIO","VESPA GTS","Madrid","310",2
"PIAGGIO","VESPA GTS","Málaga","310",1
"PIAGGIO","VESPA GTS","Palmas (Las)","310",1
"PIAGGIO","VESPA GTS 125","Albacete","125",1
"PIAGGIO","VESPA GTS 125","Alicante/Alacant","125",3
"PIAGGIO","VESPA GTS 125","Barcelona","125",2
"PIAGGIO","VESPA GTS 125","Castellón/Castelló","125",1
"PIAGGIO","VESPA GTS 125","Córdoba","125",2
"PIAGGIO","VESPA GTS 125","Coruña (A)","125",1
"PIAGGIO","VESPA GTS 125","Granada","125",1
"PIAGGIO","VESPA GTS 125","Huelva","125",1
"PIAGGIO","VESPA GTS 125","Illes Balears","125",2
"PIAGGIO","VESPA GTS 125","Madrid","125",2
"PIAGGIO","VESPA GTS 125","Málaga","125",1
"PIAGGIO","VESPA GTS 125","Murcia","125",1
"PIAGGIO","VESPA GTS 125","Palmas (Las)","125",1
"PIAGGIO","VESPA GTS 125","Santa Cruz de Tenerife","125",1
"PIAGGIO","VESPA GTS 125","Valencia/València","125",1
"PIAGGIO","VESPA GTS 125","Zaragoza","125",2
"PIAGGIO","VESPA GTS SUPERTECH","Bizkaia","310",1
"PIAGGIO","VESPA GTS SUPERTECH","Illes Balears","310",1
"PIAGGIO","VESPA GTV","Alicante/Alacant","310",2
"PIAGGIO","VESPA GTV","Cádiz","310",1
"PIAGGIO","VESPA GTV","Illes Balears","310",1
"PIAGGIO","VESPA GTV","Madrid","310",1
"PIAGGIO","VESPA PRIMAVERA 125","Alicante/Alacant","124",5
"PIAGGIO","VESPA PRIMAVERA 125","Almería","124",2
"PIAGGIO","VESPA PRIMAVERA 125","Asturias","124",1
"PIAGGIO","VESPA PRIMAVERA 125","Barcelona","124",4
"PIAGGIO","VESPA PRIMAVERA 125","Bizkaia","124",1
"PIAGGIO","VESPA PRIMAVERA 125","Cádiz","124",2
"PIAGGIO","VESPA PRIMAVERA 125","Cantabria","124",1
"PIAGGIO","VESPA PRIMAVERA 125","Ciudad Real","124",1
"PIAGGIO","VESPA PRIMAVERA 125","Córdoba","124",2
"PIAGGIO","VESPA PRIMAVERA 125","Gipuzkoa","124",2
"PIAGGIO","VESPA PRIMAVERA 125","Girona","124",1
"PIAGGIO","VESPA PRIMAVERA 125","Huelva","124",1
"PIAGGIO","VESPA PRIMAVERA 125","Illes Balears","124",3
"PIAGGIO","VESPA PRIMAVERA 125","Jaén","124",1
"PIAGGIO","VESPA PRIMAVERA 125","Lugo","124",1
"PIAGGIO","VESPA PRIMAVERA 125","Madrid","124",7
"PIAGGIO","VESPA PRIMAVERA 125","Málaga","124",4
"PIAGGIO","VESPA PRIMAVERA 125","Melilla","124",1
"PIAGGIO","VESPA PRIMAVERA 125","Murcia","124",5
"PIAGGIO","VESPA PRIMAVERA 125","Rioja (La)","124",1
"PIAGGIO","VESPA PRIMAVERA 125","Santa Cruz de Tenerife","124",4
"PIAGGIO","VESPA PRIMAVERA 125","Sevilla","124",8
"PIAGGIO","VESPA PRIMAVERA 125","Tarragona","124",1
"PIAGGIO","VESPA PRIMAVERA 125","Valencia/València","124",4
"PIAGGIO","VESPA PRIMAVERA 125","Valladolid","124",1
"PIAGGIO","VESPA PRIMAVERA 125 AB","Sevilla","124",1
"PIAGGIO","VESPA PRIMAVERA 125 AB","Zaragoza","124",1
"PIAGGIO","VESPA SPRINT 125","Cádiz","124",1
"PIAGGIO","VESPA SPRINT 125 ABS","Málaga","124",1
"QJMOTOR","ATR 125 E5+","Álava/Araba","125",1
"QJMOTOR","ATR 125 E5+","Albacete","125",1
"QJMOTOR","ATR 125 E5+","Alicante/Alacant","125",3
"QJMOTOR","ATR 125 E5+","Almería","125",2
"QJMOTOR","ATR 125 E5+","Barcelona","125",15
"QJMOTOR","ATR 125 E5+","Cádiz","125",2
"QJMOTOR","ATR 125 E5+","Cantabria","125",1
"QJMOTOR","ATR 125 E5+","Córdoba","125",2
"QJMOTOR","ATR 125 E5+","Coruña (A)","125",2
"QJMOTOR","ATR 125 E5+","Girona","125",4
"QJMOTOR","ATR 125 E5+","Granada","125",3
"QJMOTOR","ATR 125 E5+","Huelva","125",1
"QJMOTOR","ATR 125 E5+","Illes Balears","125",1
"QJMOTOR","ATR 125 E5+","Lleida","125",2
"QJMOTOR","ATR 125 E5+","Madrid","125",7
"QJMOTOR","ATR 125 E5+","Málaga","125",5
"QJMOTOR","ATR 125 E5+","Ourense","125",1
"QJMOTOR","ATR 125 E5+","Santa Cruz de Tenerife","125",8
"QJMOTOR","ATR 125 E5+","Sevilla","125",3
"QJMOTOR","ATR 125 E5+","Tarragona","125",1
"QJMOTOR","ATR 125 E5+","Valencia/València","125",5
"QJMOTOR","ATR 125 E5+","Valladolid","125",1
"QJMOTOR","FORT 125 N E5+","Alicante/Alacant","125",1
"QJMOTOR","FORT 125 N E5+","Almería","125",1
"QJMOTOR","FORT 125 N E5+","Barcelona","125",20
"QJMOTOR","FORT 125 N E5+","Cádiz","125",3
"QJMOTOR","FORT 125 N E5+","Castellón/Castelló","125",2
"QJMOTOR","FORT 125 N E5+","Córdoba","125",1
"QJMOTOR","FORT 125 N E5+","Coruña (A)","125",1
"QJMOTOR","FORT 125 N E5+","Girona","125",1
"QJMOTOR","FORT 125 N E5+","Guadalajara","125",1
"QJMOTOR","FORT 125 N E5+","Illes Balears","125",1
"QJMOTOR","FORT 125 N E5+","Lleida","125",1
"QJMOTOR","FORT 125 N E5+","Madrid","125",6
"QJMOTOR","FORT 125 N E5+","Málaga","125",8
"QJMOTOR","FORT 125 N E5+","Palmas (Las)","125",2
"QJMOTOR","FORT 125 N E5+","Pontevedra","125",1
"QJMOTOR","FORT 125 N E5+","Rioja (La)","125",1
"QJMOTOR","FORT 125 N E5+","Sevilla","125",5
"QJMOTOR","FORT 125 N E5+","Valencia/València","125",1
"QJMOTOR","FORT 125 N E5+","Zaragoza","125",1
"QJMOTOR","FORT 350","Barcelona","350",1
"QJMOTOR","FORT 350","Palmas (Las)","350",1
"QJMOTOR","FORT 4.0 E5+","Alicante/Alacant","350",1
"QJMOTOR","FORT 4.0 E5+","Barcelona","350",1
"QJMOTOR","FORT 4.0 E5+","Castellón/Castelló","350",1
"QJMOTOR","FORT 4.0 E5+","Illes Balears","350",2
"QJMOTOR","FORT 4.0 E5+","Madrid","350",1
"QJMOTOR","FORT 4.0 E5+","Santa Cruz de Tenerife","350",1
"QJMOTOR","FORT 4.0 E5+","Valencia/València","350",2
"QJMOTOR","LTR 125","Barcelona","125",1
"QJMOTOR","LTR 125","Cádiz","125",1
"QJMOTOR","LTR 125","Tarragona","125",1
"QJMOTOR","LTR 125 E5+","Alicante/Alacant","125",3
"QJMOTOR","LTR 125 E5+","Barcelona","125",2
"QJMOTOR","LTR 125 E5+","Bizkaia","125",1
"QJMOTOR","LTR 125 E5+","Girona","125",1
"QJMOTOR","LTR 125 E5+","Illes Balears","125",1
"QJMOTOR","LTR 125 E5+","Madrid","125",1
"QJMOTOR","LTR 125 E5+","Palmas (Las)","125",2
"QJMOTOR","LTR 125 E5+","Santa Cruz de Tenerife","125",1
"QJMOTOR","MTX 125","Málaga","125",1
"QJMOTOR","MTX 125","Murcia","125",3
"QJMOTOR","MTX 125 E5+","Albacete","125",1
"QJMOTOR","MTX 125 E5+","Alicante/Alacant","125",3
"QJMOTOR","MTX 125 E5+","Barcelona","125",14
"QJMOTOR","MTX 125 E5+","Burgos","125",1
"QJMOTOR","MTX 125 E5+","Cádiz","125",2
"QJMOTOR","MTX 125 E5+","Córdoba","125",1
"QJMOTOR","MTX 125 E5+","Coruña (A)","125",2
"QJMOTOR","MTX 125 E5+","Granada","125",2
"QJMOTOR","MTX 125 E5+","Illes Balears","125",1
"QJMOTOR","MTX 125 E5+","Jaén","125",1
"QJMOTOR","MTX 125 E5+","Madrid","125",5
"QJMOTOR","MTX 125 E5+","Málaga","125",2
"QJMOTOR","MTX 125 E5+","Ourense","125",1
"QJMOTOR","MTX 125 E5+","Palmas (Las)","125",4
"QJMOTOR","MTX 125 E5+","Pontevedra","125",1
"QJMOTOR","MTX 125 E5+","Santa Cruz de Tenerife","125",1
"QJMOTOR","MTX 125 E5+","Sevilla","125",4
"QJMOTOR","MTX 125 E5+","Valencia/València","125",2
"QJMOTOR","MTX 125 E5+","Valladolid","125",1
"QJMOTOR","SQ 16 E5+","Barcelona","125",20
"QJMOTOR","SQ 16 E5+","Madrid","125",1
"QJMOTOR","SQ 16 E5+","Málaga","125",2
"QJMOTOR","SQ 16 E5+","Murcia","125",1
"QJMOTOR","SQ 16 E5+","Palmas (Las)","125",1
"QJMOTOR","SQ 16 E5+","Sevilla","125",2
"QJMOTOR","SQ 16 E5+","Zaragoza","125",1
"QJMOTOR","SRK 125 R E5+","Burgos","125",1
"QJMOTOR","SRK 125 R E5+","Cádiz","125",1
"QJMOTOR","SRK 125 R E5+","Granada","125",2
"QJMOTOR","SRK 125 R E5+","Lleida","125",1
"QJMOTOR","SRK 125 R E5+","Madrid","125",1
"QJMOTOR","SRK 125 R E5+","Valencia/València","125",1
"QJMOTOR","SRK 125 S","Gipuzkoa","125",1
"QJMOTOR","SRK 125 S","Santa Cruz de Tenerife","125",1
"QJMOTOR","SRK 125 S E5+","Almería","125",1
"QJMOTOR","SRK 125 S E5+","Barcelona","125",3
"QJMOTOR","SRK 125 S E5+","Burgos","125",1
"QJMOTOR","SRK 125 S E5+","Cádiz","125",1
"QJMOTOR","SRK 125 S E5+","Córdoba","125",1
"QJMOTOR","SRK 125 S E5+","Illes Balears","125",2
"QJMOTOR","SRK 125 S E5+","Lleida","125",1
"QJMOTOR","SRK 125 S E5+","Madrid","125",1
"QJMOTOR","SRK 125 S E5+","Santa Cruz de Tenerife","125",6
"QJMOTOR","SRK 125 S E5+","Sevilla","125",1
"QJMOTOR","SRK 125 S E5+","Tarragona","125",1
"QJMOTOR","SRK 125 S E5+","Toledo","125",1
"QJMOTOR","SRK 125 S E5+","Valencia/València","125",4
"QJMOTOR","SRK 125 S E5+","Zaragoza","125",1
"QJMOTOR","SRK 600","Albacete","554",1
"QJMOTOR","SRK 600","Barcelona","554",2
"QJMOTOR","SRK 600","Coruña (A)","554",1
"QJMOTOR","SRK 600","Granada","554",2
"QJMOTOR","SRK 600","Madrid","554",1
"QJMOTOR","SRK 600","Málaga","554",1
"QJMOTOR","SRK 600","Murcia","554",1
"QJMOTOR","SRK 600","Palmas (Las)","554",1
"QJMOTOR","SRK 600","Toledo","554",1
"QJMOTOR","SRK 700","Murcia","698",1
"QJMOTOR","SRK 800","Barcelona","778",1
"QJMOTOR","SRT 500 X 35KW","Barcelona","554",1
"QJMOTOR","SRT 600 SX E5+","Alicante/Alacant","554",2
"QJMOTOR","SRT 600 SX E5+","Asturias","554",2
"QJMOTOR","SRT 600 SX E5+","Barcelona","554",5
"QJMOTOR","SRT 600 SX E5+","Castellón/Castelló","554",1
"QJMOTOR","SRT 600 SX E5+","Gipuzkoa","554",1
"QJMOTOR","SRT 600 SX E5+","Illes Balears","554",1
"QJMOTOR","SRT 600 SX E5+","Madrid","554",2
"QJMOTOR","SRT 600 SX E5+","Málaga","554",2
"QJMOTOR","SRT 600 SX E5+","Murcia","554",1
"QJMOTOR","SRT 600 SX E5+","Palmas (Las)","554",1
"QJMOTOR","SRT 600 SX E5+","Pontevedra","554",1
"QJMOTOR","SRT 600 SX E5+","Santa Cruz de Tenerife","554",1
"QJMOTOR","SRT 600 SX E5+","Valencia/València","554",4
"QJMOTOR","SRT 700 E5+","Albacete","698",1
"QJMOTOR","SRT 700 E5+","Alicante/Alacant","698",1
"QJMOTOR","SRT 700 E5+","Asturias","698",1
"QJMOTOR","SRT 700 E5+","Barcelona","698",7
"QJMOTOR","SRT 700 E5+","Girona","698",2
"QJMOTOR","SRT 700 E5+","Granada","698",1
"QJMOTOR","SRT 700 E5+","Guadalajara","698",1
"QJMOTOR","SRT 700 E5+","Illes Balears","698",2
"QJMOTOR","SRT 700 E5+","Lleida","698",1
"QJMOTOR","SRT 700 E5+","Lugo","698",1
"QJMOTOR","SRT 700 E5+","Madrid","698",6
"QJMOTOR","SRT 700 E5+","Málaga","698",1
"QJMOTOR","SRT 700 E5+","Murcia","698",2
"QJMOTOR","SRT 700 E5+","Ourense","698",1
"QJMOTOR","SRT 700 E5+","Palencia","698",1
"QJMOTOR","SRT 700 E5+","Salamanca","698",1
"QJMOTOR","SRT 700 E5+","Toledo","698",1
"QJMOTOR","SRT 700 E5+","Valencia/València","698",4
"QJMOTOR","SRT 700 X","Palmas (Las)","698",1
"QJMOTOR","SRT 700 X E5+","Alicante/Alacant","698",1
"QJMOTOR","SRT 700 X E5+","Almería","698",1
"QJMOTOR","SRT 700 X E5+","Barcelona","698",7
"QJMOTOR","SRT 700 X E5+","Cádiz","698",2
"QJMOTOR","SRT 700 X E5+","Ciudad Real","698",1
"QJMOTOR","SRT 700 X E5+","Coruña (A)","698",1
"QJMOTOR","SRT 700 X E5+","Girona","698",2
"QJMOTOR","SRT 700 X E5+","Granada","698",4
"QJMOTOR","SRT 700 X E5+","Guadalajara","698",1
"QJMOTOR","SRT 700 X E5+","Huelva","698",1
"QJMOTOR","SRT 700 X E5+","Huesca","698",1
"QJMOTOR","SRT 700 X E5+","Illes Balears","698",2
"QJMOTOR","SRT 700 X E5+","Jaén","698",1
"QJMOTOR","SRT 700 X E5+","Madrid","698",3
"QJMOTOR","SRT 700 X E5+","Málaga","698",2
"QJMOTOR","SRT 700 X E5+","Murcia","698",3
"QJMOTOR","SRT 700 X E5+","Palmas (Las)","698",1
"QJMOTOR","SRT 700 X E5+","Rioja (La)","698",1
"QJMOTOR","SRT 700 X E5+","Salamanca","698",1
"QJMOTOR","SRT 700 X E5+","Santa Cruz de Tenerife","698",3
"QJMOTOR","SRT 700 X E5+","Tarragona","698",2
"QJMOTOR","SRT 700 X E5+","Toledo","698",2
"QJMOTOR","SRT 700 X E5+","Valencia/València","698",1
"QJMOTOR","SRT 900 S","Alicante/Alacant","904",2
"QJMOTOR","SRT 900 S","Almería","904",1
"QJMOTOR","SRT 900 S","Asturias","904",1
"QJMOTOR","SRT 900 S","Barcelona","904",6
"QJMOTOR","SRT 900 S","Bizkaia","904",1
"QJMOTOR","SRT 900 S","Burgos","904",1
"QJMOTOR","SRT 900 S","Cádiz","904",1
"QJMOTOR","SRT 900 S","Cantabria","904",2
"QJMOTOR","SRT 900 S","Coruña (A)","904",2
"QJMOTOR","SRT 900 S","Cuenca","904",1
"QJMOTOR","SRT 900 S","Girona","904",1
"QJMOTOR","SRT 900 S","Granada","904",1
"QJMOTOR","SRT 900 S","Illes Balears","904",4
"QJMOTOR","SRT 900 S","Lleida","904",1
"QJMOTOR","SRT 900 S","Madrid","904",4
"QJMOTOR","SRT 900 S","Málaga","904",2
"QJMOTOR","SRT 900 S","Murcia","904",1
"QJMOTOR","SRT 900 S","Palmas (Las)","904",2
"QJMOTOR","SRT 900 S","Pontevedra","904",2
"QJMOTOR","SRT 900 S","Santa Cruz de Tenerife","904",1
"QJMOTOR","SRT 900 S","Sevilla","904",1
"QJMOTOR","SRT 900 S","Toledo","904",1
"QJMOTOR","SRT 900 S","Valencia/València","904",3
"QJMOTOR","SRT 900 S","Valladolid","904",1
"QJMOTOR","SRT 900 S","Zaragoza","904",1
"QJMOTOR","SRT 900 SX","Almería","904",2
"QJMOTOR","SRT 900 SX","Asturias","904",2
"QJMOTOR","SRT 900 SX","Barcelona","904",5
"QJMOTOR","SRT 900 SX","Bizkaia","904",1
"QJMOTOR","SRT 900 SX","Cádiz","904",3
"QJMOTOR","SRT 900 SX","Córdoba","904",1
"QJMOTOR","SRT 900 SX","Girona","904",1
"QJMOTOR","SRT 900 SX","Granada","904",4
"QJMOTOR","SRT 900 SX","Illes Balears","904",4
"QJMOTOR","SRT 900 SX","Jaén","904",2
"QJMOTOR","SRT 900 SX","León","904",1
"QJMOTOR","SRT 900 SX","Lleida","904",1
"QJMOTOR","SRT 900 SX","Madrid","904",6
"QJMOTOR","SRT 900 SX","Málaga","904",2
"QJMOTOR","SRT 900 SX","Murcia","904",3
"QJMOTOR","SRT 900 SX","Pontevedra","904",2
"QJMOTOR","SRT 900 SX","Rioja (La)","904",1
"QJMOTOR","SRT 900 SX","Santa Cruz de Tenerife","904",2
"QJMOTOR","SRT 900 SX","Sevilla","904",2
"QJMOTOR","SRT 900 SX","Valencia/València","904",1
"QJMOTOR","SRT 900 SX","Zamora","904",1
"QJMOTOR","SRV 12 E5+","Almería","125",1
"QJMOTOR","SRV 12 E5+","Barcelona","125",1
"QJMOTOR","SRV 12 E5+","Girona","125",1
"QJMOTOR","SRV 12 E5+","Madrid","125",2
"QJMOTOR","SRV 12 E5+","Palmas (Las)","125",1
"QJMOTOR","SRV 12 E5+","Santa Cruz de Tenerife","125",1
"QJMOTOR","SRV 125 E5+","Alicante/Alacant","125",4
"QJMOTOR","SRV 125 E5+","Barcelona","125",4
"QJMOTOR","SRV 125 E5+","Castellón/Castelló","125",1
"QJMOTOR","SRV 125 E5+","Guadalajara","125",2
"QJMOTOR","SRV 125 E5+","Madrid","125",2
"QJMOTOR","SRV 125 E5+","Málaga","125",2
"QJMOTOR","SRV 125 E5+","Santa Cruz de Tenerife","125",5
"QJMOTOR","SRV 125 E5+","Sevilla","125",1
"QJMOTOR","SRV 125 E5+","Valencia/València","125",1
"QJMOTOR","TRX 125","Málaga","125",1
"QJMOTOR","TRX 125 E5+","Álava/Araba","125",1
"QJMOTOR","TRX 125 E5+","Alicante/Alacant","125",1
"QJMOTOR","TRX 125 E5+","Barcelona","125",1
"QJMOTOR","TRX 125 E5+","Málaga","125",1
"QJMOTOR","TRX 125 E5+","Murcia","125",3
"QJMOTOR","TRX 125 E5+","Palmas (Las)","125",1
"QJMOTOR","TRX 125 E5+","Santa Cruz de Tenerife","125",3
"REDMOTO","---","Alicante/Alacant","249",2
"REDMOTO","---","Almería","249",1
"REDMOTO","---","Barcelona","249",2
"REDMOTO","---","Bizkaia","249",1
"REDMOTO","---","Huelva","249",1
"REDMOTO","---","Madrid","249",1
"REDMOTO","---","Sevilla","249",1
"RIEJU","CENTURY125","Albacete","124",1
"RIEJU","CENTURY125","Girona","124",1
"RIEJU","CENTURY125","León","124",1
"RIEJU","CENTURY125","Rioja (La)","124",1
"RIEJU","N/A","Albacete","297",1
"RIEJU","N/A","Almería","297",4
"RIEJU","N/A","Asturias","297",1
"RIEJU","N/A","Badajoz","297",1
"RIEJU","N/A","Barcelona","297",12
"RIEJU","N/A","Burgos","297",1
"RIEJU","N/A","Cáceres","297",2
"RIEJU","N/A","Cádiz","297",7
"RIEJU","N/A","Castellón/Castelló","297",1
"RIEJU","N/A","Ciudad Real","297",2
"RIEJU","N/A","Córdoba","297",2
"RIEJU","N/A","Coruña (A)","297",1
"RIEJU","N/A","Girona","297",2
"RIEJU","N/A","Granada","297",2
"RIEJU","N/A","Guadalajara","297",1
"RIEJU","N/A","Huelva","297",3
"RIEJU","N/A","Illes Balears","297",1
"RIEJU","N/A","Jaén","297",2
"RIEJU","N/A","León","297",1
"RIEJU","N/A","Lugo","297",3
"RIEJU","N/A","Madrid","297",3
"RIEJU","N/A","Málaga","297",4
"RIEJU","N/A","Murcia","297",2
"RIEJU","N/A","Navarra","297",2
"RIEJU","N/A","Ourense","297",1
"RIEJU","N/A","Pontevedra","297",1
"RIEJU","N/A","Rioja (La)","297",1
"RIEJU","N/A","Santa Cruz de Tenerife","297",1
"RIEJU","N/A","Sevilla","297",2
"RIEJU","N/A","Tarragona","297",1
"RIEJU","N/A","Toledo","297",3
"RIEJU","N/A","Valladolid","297",1
"RIEJU","NOT APPLICABLE","Albacete","124",1
"RIEJU","NOT APPLICABLE","Asturias","124",1
"RIEJU","NOT APPLICABLE","Barcelona","124",5
"RIEJU","NOT APPLICABLE","Burgos","124",1
"RIEJU","NOT APPLICABLE","Cádiz","124",2
"RIEJU","NOT APPLICABLE","Cantabria","124",1
"RIEJU","NOT APPLICABLE","Ceuta","124",2
"RIEJU","NOT APPLICABLE","Córdoba","124",1
"RIEJU","NOT APPLICABLE","Cuenca","124",1
"RIEJU","NOT APPLICABLE","Gipuzkoa","124",1
"RIEJU","NOT APPLICABLE","Huesca","124",1
"RIEJU","NOT APPLICABLE","Illes Balears","124",1
"RIEJU","NOT APPLICABLE","Lugo","124",1
"RIEJU","NOT APPLICABLE","Madrid","124",3
"RIEJU","NOT APPLICABLE","Málaga","124",3
"RIEJU","NOT APPLICABLE","Palmas (Las)","124",1
"RIEJU","NOT APPLICABLE","Rioja (La)","124",1
"RIEJU","NOT APPLICABLE","Sevilla","124",3
"RIEJU","NOT APPLICABLE","Valencia/València","124",2
"RIEJU","NOT APPLICABLE","Valladolid","124",1
"RIEJU","RALLY 307","Álava/Araba","292",1
"RIEJU","RALLY 307","Alicante/Alacant","292",12
"RIEJU","RALLY 307","Almería","292",5
"RIEJU","RALLY 307","Asturias","292",5
"RIEJU","RALLY 307","Ávila","292",1
"RIEJU","RALLY 307","Badajoz","292",1
"RIEJU","RALLY 307","Barcelona","292",48
"RIEJU","RALLY 307","Bizkaia","292",4
"RIEJU","RALLY 307","Burgos","292",1
"RIEJU","RALLY 307","Cádiz","292",5
"RIEJU","RALLY 307","Cantabria","292",8
"RIEJU","RALLY 307","Castellón/Castelló","292",2
"RIEJU","RALLY 307","Ciudad Real","292",3
"RIEJU","RALLY 307","Córdoba","292",6
"RIEJU","RALLY 307","Coruña (A)","292",1
"RIEJU","RALLY 307","Gipuzkoa","292",6
"RIEJU","RALLY 307","Girona","292",8
"RIEJU","RALLY 307","Granada","292",2
"RIEJU","RALLY 307","Guadalajara","292",5
"RIEJU","RALLY 307","Huelva","292",4
"RIEJU","RALLY 307","Huesca","292",3
"RIEJU","RALLY 307","Illes Balears","292",4
"RIEJU","RALLY 307","Jaén","292",1
"RIEJU","RALLY 307","León","292",1
"RIEJU","RALLY 307","Lleida","292",3
"RIEJU","RALLY 307","Madrid","292",8
"RIEJU","RALLY 307","Málaga","292",11
"RIEJU","RALLY 307","Murcia","292",9
"RIEJU","RALLY 307","Navarra","292",2
"RIEJU","RALLY 307","Ourense","292",2
"RIEJU","RALLY 307","Palencia","292",1
"RIEJU","RALLY 307","Palmas (Las)","292",2
"RIEJU","RALLY 307","Pontevedra","292",2
"RIEJU","RALLY 307","Rioja (La)","292",2
"RIEJU","RALLY 307","Salamanca","292",2
"RIEJU","RALLY 307","Santa Cruz de Tenerife","292",3
"RIEJU","RALLY 307","Segovia","292",1
"RIEJU","RALLY 307","Sevilla","292",4
"RIEJU","RALLY 307","Soria","292",1
"RIEJU","RALLY 307","Tarragona","292",9
"RIEJU","RALLY 307","Teruel","292",1
"RIEJU","RALLY 307","Toledo","292",5
"RIEJU","RALLY 307","Valencia/València","292",4
"RIEJU","RALLY 307","Zaragoza","292",6
"RIEJU","XPLORA 557","Barcelona","554",1
"RIEJU","XPLORA 557","Girona","554",1
"RIEJU","XPLORA 557","Huelva","554",1
"RIEJU","XPLORA 557 X","Barcelona","554",1
"RIEJU","XPLORA 707","Badajoz","698",1
"RIEJU","XPLORA 707","Gipuzkoa","698",1
"RIEJU","XPLORA 707","Tarragona","698",1
"RIEJU","XPLORA 707 S","Albacete","698",1
"RIEJU","XPLORA 707 S","Barcelona","698",4
"RIEJU","XPLORA 707 S","Ciudad Real","698",1
"RIEJU","XPLORA 707 S","Córdoba","698",1
"RIEJU","XPLORA 707 S","Illes Balears","698",1
"ROYAL ALLOY","GP125S","Málaga","124",1
"ROYAL ALLOY","JPS350","Málaga","309",1
"ROYAL ENFIELD","CLASSIC 350","Asturias","349",2
"ROYAL ENFIELD","CLASSIC 350","Badajoz","349",1
"ROYAL ENFIELD","CLASSIC 350","Barcelona","349",3
"ROYAL ENFIELD","CLASSIC 350","Guadalajara","349",1
"ROYAL ENFIELD","CLASSIC 350","Madrid","349",2
"ROYAL ENFIELD","CLASSIC 350","Tarragona","349",1
"ROYAL ENFIELD","CLASSIC 350","Valencia/València","349",1
"ROYAL ENFIELD","CLASSIC 650 TWIN","Alicante/Alacant","648",1
"ROYAL ENFIELD","CLASSIC 650 TWIN","Asturias","648",1
"ROYAL ENFIELD","CLASSIC 650 TWIN","Barcelona","648",1
"ROYAL ENFIELD","CLASSIC 650 TWIN","Illes Balears","648",1
"ROYAL ENFIELD","CLASSIC 650 TWIN","Lleida","648",1
"ROYAL ENFIELD","CLASSIC 650 TWIN","Madrid","648",1
"ROYAL ENFIELD","CLASSIC 650 TWIN","Málaga","648",1
"ROYAL ENFIELD","CLASSIC 650 TWIN","Murcia","648",1
"ROYAL ENFIELD","CLASSIC 650 TWIN","Santa Cruz de Tenerife","648",1
"ROYAL ENFIELD","CLASSIC 650 TWIN","Valencia/València","648",1
"ROYAL ENFIELD","CONTINENTAL GT 650","Albacete","648",1
"ROYAL ENFIELD","GOAN CLASSIC 350","Córdoba","349",1
"ROYAL ENFIELD","GOAN CLASSIC 350","Madrid","349",1
"ROYAL ENFIELD","GOAN CLASSIC 350","Palmas (Las)","349",1
"ROYAL ENFIELD","GOAN CLASSIC 350","Valencia/València","349",1
"ROYAL ENFIELD","GUERRILLA 450","Almería","452",1
"ROYAL ENFIELD","GUERRILLA 450","Barcelona","452",3
"ROYAL ENFIELD","GUERRILLA 450","Cádiz","452",1
"ROYAL ENFIELD","GUERRILLA 450","Illes Balears","452",1
"ROYAL ENFIELD","GUERRILLA 450","Sevilla","452",1
"ROYAL ENFIELD","GUERRILLA 450","Valencia/València","452",1
"ROYAL ENFIELD","HIMALAYAN 452","Albacete","452",1
"ROYAL ENFIELD","HIMALAYAN 452","Alicante/Alacant","452",1
"ROYAL ENFIELD","HIMALAYAN 452","Asturias","452",1
"ROYAL ENFIELD","HIMALAYAN 452","Barcelona","452",5
"ROYAL ENFIELD","HIMALAYAN 452","Bizkaia","452",2
"ROYAL ENFIELD","HIMALAYAN 452","Burgos","452",1
"ROYAL ENFIELD","HIMALAYAN 452","Cádiz","452",1
"ROYAL ENFIELD","HIMALAYAN 452","Girona","452",1
"ROYAL ENFIELD","HIMALAYAN 452","Illes Balears","452",1
"ROYAL ENFIELD","HIMALAYAN 452","Jaén","452",1
"ROYAL ENFIELD","HIMALAYAN 452","Madrid","452",3
"ROYAL ENFIELD","HIMALAYAN 452","Murcia","452",2
"ROYAL ENFIELD","HIMALAYAN 452","Navarra","452",1
"ROYAL ENFIELD","HIMALAYAN 452","Sevilla","452",4
"ROYAL ENFIELD","HIMALAYAN 452","Tarragona","452",1
"ROYAL ENFIELD","HIMALAYAN 452","Toledo","452",2
"ROYAL ENFIELD","HIMALAYAN 452","Valencia/València","452",5
"ROYAL ENFIELD","HIMALAYAN 452","Zaragoza","452",2
"ROYAL ENFIELD","HNTR 350","Alicante/Alacant","349",1
"ROYAL ENFIELD","HNTR 350","Asturias","349",1
"ROYAL ENFIELD","HNTR 350","Illes Balears","349",1
"ROYAL ENFIELD","HNTR 350","Murcia","349",1
"ROYAL ENFIELD","INTERCEPTOR 650","Cádiz","648",1
"ROYAL ENFIELD","INTERCEPTOR 650 O INTE","Valencia/València","648",1
"ROYAL ENFIELD","INTERCEPTOR BEAR 650","Alicante/Alacant","648",1
"ROYAL ENFIELD","INTERCEPTOR BEAR 650","Asturias","648",1
"ROYAL ENFIELD","INTERCEPTOR BEAR 650","Córdoba","648",1
"ROYAL ENFIELD","INTERCEPTOR BEAR 650","Girona","648",1
"ROYAL ENFIELD","INTERCEPTOR BEAR 650","Illes Balears","648",1
"ROYAL ENFIELD","INTERCEPTOR BEAR 650","Murcia","648",1
"ROYAL ENFIELD","INTERCEPTOR BEAR 650","Palmas (Las)","648",1
"ROYAL ENFIELD","INTERCEPTOR BEAR 650","Pontevedra","648",1
"ROYAL ENFIELD","METEOR 350","Alicante/Alacant","349",1
"ROYAL ENFIELD","SCRAM 411","Málaga","411",1
"ROYAL ENFIELD","SHOTGUN 650","Barcelona","648",2
"ROYAL ENFIELD","SHOTGUN 650","Murcia","648",2
"ROYAL ENFIELD","SUPER METEOR 650","Bizkaia","648",1
"ROYAL ENFIELD","SUPER METEOR 650","Cádiz","648",1
"ROYAL ENFIELD","SUPER METEOR 650","Castellón/Castelló","648",1
"ROYAL ENFIELD","SUPER METEOR 650","Girona","648",1
"ROYAL ENFIELD","SUPER METEOR 650","Madrid","648",1
"ROYAL ENFIELD","SUPER METEOR 650","Málaga","648",1
"ROYAL ENFIELD","SUPER METEOR 650","Murcia","648",2
"ROYAL ENFIELD","SUPER METEOR 650","Palmas (Las)","648",1
"ROYAL ENFIELD","SUPER METEOR 650","Toledo","648",1
"ROYAL ENFIELD","SUPER METEOR 650","Valencia/València","648",3
"SCORPA","__","Madrid","124",2
"SHERCO","125 SE-R","Ávila","125",1
"SHERCO","125 SE-R","Cádiz","125",1
"SHERCO","125 SE-R","León","125",1
"SHERCO","125 SE-R","Málaga","125",1
"SHERCO","125 SE-R","Santa Cruz de Tenerife","125",1
"SHERCO","125 SE-R","Sevilla","125",1
"SHERCO","125 SE-R","Tarragona","125",1
"SHERCO","125 SE-R","Toledo","125",1
"SHERCO","125 SE-R","Zaragoza","125",1
"SHERCO","250 SE-R","Badajoz","249",1
"SHERCO","250 SE-R","Huelva","249",1
"SHERCO","250 SE-R","Madrid","249",1
"SHERCO","250 SEF-R","Granada","249",1
"SHERCO","300 SE-R","Bizkaia","293",1
"SHERCO","300 SE-R","Cádiz","293",2
"SHERCO","300 SE-R","Coruña (A)","293",1
"SHERCO","300 SE-R","Girona","293",2
"SHERCO","300 SE-R","Huelva","293",2
"SHERCO","300 SE-R","Illes Balears","293",1
"SHERCO","300 SE-R","Málaga","293",8
"SHERCO","300 SE-R","Navarra","293",1
"SHERCO","300 SE-R","Pontevedra","293",1
"SHERCO","300 SE-R","Santa Cruz de Tenerife","293",2
"SHERCO","300 SE-R","Sevilla","293",1
"SHERCO","300 SE-R","Zamora","293",2
"SHERCO","300 SE-R","Zaragoza","293",1
"SHERCO","300 SEF-R","Alicante/Alacant","304",1
"SHERCO","300 SEF-R","Asturias","304",1
"SHERCO","300 SEF-R","Madrid","304",1
"SHERCO","300 SEF-R","Málaga","304",1
"SHERCO","300 SEF-R","Murcia","304",1
"SHERCO","300 ST","Cantabria","294",1
"SHERCO","N.A","Huelva","125",1
"SHERCO","N.A","Illes Balears","125",1
"SHERCO","N.A","Palmas (Las)","125",1
"SHERCO","N.A","Rioja (La)","125",1
"SHERCO","N.A","Santa Cruz de Tenerife","125",1
"SUZUKI","ADDRESS 125","Alicante/Alacant","124",6
"SUZUKI","ADDRESS 125","Barcelona","124",10
"SUZUKI","ADDRESS 125","Bizkaia","124",2
"SUZUKI","ADDRESS 125","Cantabria","124",1
"SUZUKI","ADDRESS 125","Córdoba","124",1
"SUZUKI","ADDRESS 125","Girona","124",1
"SUZUKI","ADDRESS 125","Illes Balears","124",1
"SUZUKI","ADDRESS 125","Lugo","124",1
"SUZUKI","ADDRESS 125","Madrid","124",2
"SUZUKI","ADDRESS 125","Málaga","124",4
"SUZUKI","ADDRESS 125","Murcia","124",3
"SUZUKI","ADDRESS 125","Palmas (Las)","124",3
"SUZUKI","ADDRESS 125","Santa Cruz de Tenerife","124",1
"SUZUKI","ADDRESS 125","Sevilla","124",2
"SUZUKI","ADDRESS 125","Valencia/València","124",2
"SUZUKI","AVENIS 125","Alicante/Alacant","124",4
"SUZUKI","AVENIS 125","Barcelona","124",4
"SUZUKI","AVENIS 125","Cádiz","124",1
"SUZUKI","AVENIS 125","Cantabria","124",1
"SUZUKI","AVENIS 125","Madrid","124",4
"SUZUKI","AVENIS 125","Málaga","124",1
"SUZUKI","AVENIS 125","Tarragona","124",1
"SUZUKI","AVENIS 125","Valencia/València","124",1
"SUZUKI","BURGMAN 400","Alicante/Alacant","400",3
"SUZUKI","BURGMAN 400","Asturias","400",1
"SUZUKI","BURGMAN 400","Cádiz","400",1
"SUZUKI","BURGMAN 400","Madrid","400",1
"SUZUKI","BURGMAN 400","Málaga","400",1
"SUZUKI","BURGMAN 400","Pontevedra","400",1
"SUZUKI","DL650U","Palmas (Las)","645",2
"SUZUKI","DL650U","Santa Cruz de Tenerife","645",1
"SUZUKI","DR-Z400","Barcelona","398",3
"SUZUKI","DR-Z400","Cantabria","398",1
"SUZUKI","DR-Z400","Castellón/Castelló","398",1
"SUZUKI","DR-Z400","Girona","398",2
"SUZUKI","DR-Z400","Madrid","398",2
"SUZUKI","DR-Z400","Málaga","398",1
"SUZUKI","DR-Z400","Murcia","398",1
"SUZUKI","DR-Z400","Santa Cruz de Tenerife","398",1
"SUZUKI","GSX-8S","Alicante/Alacant","776",3
"SUZUKI","GSX-8S","Asturias","776",1
"SUZUKI","GSX-8S","Badajoz","776",1
"SUZUKI","GSX-8S","Barcelona","776",11
"SUZUKI","GSX-8S","Cádiz","776",3
"SUZUKI","GSX-8S","Ciudad Real","776",1
"SUZUKI","GSX-8S","Girona","776",2
"SUZUKI","GSX-8S","Huelva","776",1
"SUZUKI","GSX-8S","Illes Balears","776",5
"SUZUKI","GSX-8S","Madrid","776",4
"SUZUKI","GSX-8S","Málaga","776",2
"SUZUKI","GSX-8S","Murcia","776",2
"SUZUKI","GSX-8S","Navarra","776",1
"SUZUKI","GSX-8S","Palmas (Las)","776",1
"SUZUKI","GSX-8S","Santa Cruz de Tenerife","776",2
"SUZUKI","GSX-8S","Sevilla","776",2
"SUZUKI","GSX-8S","Toledo","776",1
"SUZUKI","GSX-8S","Valencia/València","776",1
"SUZUKI","GSX-8S","Zaragoza","776",2
"SUZUKI","GSX-R125","Alicante/Alacant","124",1
"SUZUKI","GSX-R125","Almería","124",1
"SUZUKI","GSX-R125","Murcia","124",1
"SUZUKI","GSX-S 1000","Álava/Araba","999",1
"SUZUKI","GSX-S 1000","Barcelona","999",1
"SUZUKI","GSX-S 1000","Bizkaia","999",2
"SUZUKI","GSX-S 1000","Burgos","999",1
"SUZUKI","GSX-S 1000","Gipuzkoa","999",2
"SUZUKI","GSX-S 1000","Huelva","999",1
"SUZUKI","GSX-S 1000","Illes Balears","999",1
"SUZUKI","GSX-S 1000","Madrid","999",2
"SUZUKI","GSX-S 1000","Málaga","999",1
"SUZUKI","GSX-S 1000","Murcia","999",1
"SUZUKI","GSX-S 1000","Palmas (Las)","999",1
"SUZUKI","GSX-S 1000","Rioja (La)","999",1
"SUZUKI","GSX-S 1000","Santa Cruz de Tenerife","999",1
"SUZUKI","GSX-S 1000","Sevilla","999",1
"SUZUKI","GSX-S 1000","Tarragona","999",1
"SUZUKI","GSX-S 1000","Valencia/València","999",2
"SUZUKI","GSX-S 1000","Zamora","999",1
"SUZUKI","GSX-S 1000","Zaragoza","999",1
"SUZUKI","GSX-S125","Palmas (Las)","124",1
"SUZUKI","GSX1300R","Madrid","1340",1
"SUZUKI","GSX1300R","Valencia/València","1340",1
"SUZUKI","SV650U","Santa Cruz de Tenerife","645",1
"SUZUKI","SV650U","Sevilla","645",1
"SUZUKI","V-Strom 1050","Bizkaia","1037",1
"SUZUKI","V-Strom 1050","Burgos","1037",1
"SUZUKI","V-Strom 1050","Cantabria","1037",1
"SUZUKI","V-Strom 1050","Coruña (A)","1037",1
"SUZUKI","V-Strom 1050","Tarragona","1037",2
"SUZUKI","V-Strom 1050","Valencia/València","1037",1
"SUZUKI","V-Strom 1050","Zaragoza","1037",1
"SUZUKI","V-Strom 800","Álava/Araba","776",1
"SUZUKI","V-Strom 800","Alicante/Alacant","776",11
"SUZUKI","V-Strom 800","Almería","776",1
"SUZUKI","V-Strom 800","Asturias","776",1
"SUZUKI","V-Strom 800","Badajoz","776",3
"SUZUKI","V-Strom 800","Barcelona","776",8
"SUZUKI","V-Strom 800","Bizkaia","776",4
"SUZUKI","V-Strom 800","Cádiz","776",4
"SUZUKI","V-Strom 800","Cantabria","776",1
"SUZUKI","V-Strom 800","Coruña (A)","776",1
"SUZUKI","V-Strom 800","Gipuzkoa","776",1
"SUZUKI","V-Strom 800","Girona","776",5
"SUZUKI","V-Strom 800","Illes Balears","776",4
"SUZUKI","V-Strom 800","Jaén","776",3
"SUZUKI","V-Strom 800","León","776",1
"SUZUKI","V-Strom 800","Madrid","776",7
"SUZUKI","V-Strom 800","Málaga","776",2
"SUZUKI","V-Strom 800","Murcia","776",6
"SUZUKI","V-Strom 800","Palmas (Las)","776",6
"SUZUKI","V-Strom 800","Pontevedra","776",4
"SUZUKI","V-Strom 800","Santa Cruz de Tenerife","776",2
"SUZUKI","V-Strom 800","Sevilla","776",4
"SUZUKI","V-Strom 800","Tarragona","776",1
"SUZUKI","V-Strom 800","Valencia/València","776",4
"SUZUKI","V-Strom 800","Zaragoza","776",3
"SWM","HOKU 125","Almería","125",1
"SWM","HOKU 125","Illes Balears","125",1
"SWM","HOKU 125","Murcia","125",1
"SWM","RS300R","Valencia/València","298",1
"SWM","SM125R","Alicante/Alacant","125",1
"SWM","SUPERDUAL X","Barcelona","600",2
"SWM","SUPERDUAL X","Madrid","600",1
"SWM","URBAN 525","Alicante/Alacant","494",1
"SYM","ADX 125 ABS","Cantabria","125",1
"SYM","ADX 125 ABS","Castellón/Castelló","125",1
"SYM","ADX 125 ABS","Murcia","125",1
"SYM","ADX 125 ABS","Pontevedra","125",1
"SYM","ADX 125 LC TCS E5+","Alicante/Alacant","125",1
"SYM","ADX 125 LC TCS E5+","Barcelona","125",5
"SYM","ADX 125 LC TCS E5+","Cádiz","125",2
"SYM","ADX 125 LC TCS E5+","Coruña (A)","125",1
"SYM","ADX 125 LC TCS E5+","Granada","125",1
"SYM","ADX 125 LC TCS E5+","Huelva","125",1
"SYM","ADX 125 LC TCS E5+","Málaga","125",1
"SYM","ADX 125 LC TCS E5+","Palencia","125",1
"SYM","ADX 125 LC TCS E5+","Palmas (Las)","125",2
"SYM","ADX 125 LC TCS E5+","Santa Cruz de Tenerife","125",5
"SYM","ADX 125 LC TCS E5+","Sevilla","125",1
"SYM","ADX 125 LC TCS E5+","Tarragona","125",1
"SYM","ADX 125 LC TCS E5+","Valencia/València","125",3
"SYM","ADX 125 LC TCS E5+","Valladolid","125",1
"SYM","ADX 300 TCS","Alicante/Alacant","278",3
"SYM","ADX 300 TCS","Asturias","278",1
"SYM","ADX 300 TCS","Barcelona","278",8
"SYM","ADX 300 TCS","Burgos","278",1
"SYM","ADX 300 TCS","Cádiz","278",1
"SYM","ADX 300 TCS","Castellón/Castelló","278",2
"SYM","ADX 300 TCS","Girona","278",2
"SYM","ADX 300 TCS","Illes Balears","278",2
"SYM","ADX 300 TCS","Jaén","278",1
"SYM","ADX 300 TCS","Lleida","278",1
"SYM","ADX 300 TCS","Madrid","278",2
"SYM","ADX 300 TCS","Málaga","278",3
"SYM","ADX 300 TCS","Murcia","278",2
"SYM","ADX 300 TCS","Palmas (Las)","278",1
"SYM","ADX 300 TCS","Pontevedra","278",1
"SYM","ADX 300 TCS","Santa Cruz de Tenerife","278",2
"SYM","ADX 300 TCS","Sevilla","278",1
"SYM","ADX 300 TCS","Tarragona","278",1
"SYM","ADXTG 400","Barcelona","399",1
"SYM","ADXTG 400","Girona","399",2
"SYM","ADXTG 400","Navarra","399",1
"SYM","ADXTG 400","Palmas (Las)","399",1
"SYM","CRUISYM 125 E5 TCS","Girona","124",1
"SYM","CRUISYM 125 TCS E5+","Alicante/Alacant","124",2
"SYM","CRUISYM 125 TCS E5+","Barcelona","124",12
"SYM","CRUISYM 125 TCS E5+","Cádiz","124",1
"SYM","CRUISYM 125 TCS E5+","Castellón/Castelló","124",1
"SYM","CRUISYM 125 TCS E5+","Girona","124",2
"SYM","CRUISYM 125 TCS E5+","Illes Balears","124",1
"SYM","CRUISYM 125 TCS E5+","Madrid","124",1
"SYM","CRUISYM 125 TCS E5+","Málaga","124",1
"SYM","CRUISYM 125 TCS E5+","Murcia","124",1
"SYM","CRUISYM 125 TCS E5+","Sevilla","124",7
"SYM","CRUISYM 125 TCS E5+","Tarragona","124",1
"SYM","CRUISYM 125 TCS E5+","Valencia/València","124",1
"SYM","CRUISYM 125 TCS E5+","Zaragoza","124",2
"SYM","CRUISYM 300 E5 TCS","Zaragoza","278",1
"SYM","FUGUE 125 ABS TOP CASE","Alicante/Alacant","124",2
"SYM","FUGUE 125 ABS TOP CASE","Almería","124",2
"SYM","FUGUE 125 ABS TOP CASE","Asturias","124",1
"SYM","FUGUE 125 ABS TOP CASE","Barcelona","124",1
"SYM","FUGUE 125 ABS TOP CASE","Girona","124",1
"SYM","FUGUE 125 ABS TOP CASE","Madrid","124",1
"SYM","FUGUE 125 ABS TOP CASE","Málaga","124",1
"SYM","FUGUE 125 ABS TOP CASE","Sevilla","124",1
"SYM","JET 14","Álava/Araba","125",1
"SYM","JET 14","Albacete","125",3
"SYM","JET 14","Alicante/Alacant","125",6
"SYM","JET 14","Barcelona","125",27
"SYM","JET 14","Burgos","125",1
"SYM","JET 14","Cádiz","125",16
"SYM","JET 14","Cantabria","125",1
"SYM","JET 14","Córdoba","125",2
"SYM","JET 14","Coruña (A)","125",1
"SYM","JET 14","Gipuzkoa","125",3
"SYM","JET 14","Girona","125",5
"SYM","JET 14","Granada","125",1
"SYM","JET 14","Huelva","125",1
"SYM","JET 14","Illes Balears","125",12
"SYM","JET 14","León","125",1
"SYM","JET 14","Lleida","125",1
"SYM","JET 14","Madrid","125",7
"SYM","JET 14","Málaga","125",4
"SYM","JET 14","Murcia","125",5
"SYM","JET 14","Palmas (Las)","125",4
"SYM","JET 14","Pontevedra","125",2
"SYM","JET 14","Santa Cruz de Tenerife","125",2
"SYM","JET 14","Sevilla","125",7
"SYM","JET 14","Tarragona","125",3
"SYM","JET 14","Valencia/València","125",6
"SYM","JET 14","Zaragoza","125",2
"SYM","JET X","Alicante/Alacant","125",2
"SYM","JET X","Almería","125",1
"SYM","JET X","Barcelona","125",6
"SYM","JET X","Cádiz","125",4
"SYM","JET X","Castellón/Castelló","125",1
"SYM","JET X","Córdoba","125",1
"SYM","JET X","Coruña (A)","125",2
"SYM","JET X","Girona","125",1
"SYM","JET X","Granada","125",1
"SYM","JET X","Illes Balears","125",4
"SYM","JET X","Madrid","125",10
"SYM","JET X","Málaga","125",3
"SYM","JET X","Murcia","125",1
"SYM","JET X","Navarra","125",1
"SYM","JET X","Santa Cruz de Tenerife","125",3
"SYM","JET X","Sevilla","125",2
"SYM","JET X","Valencia/València","125",3
"SYM","JET X","Zaragoza","125",1
"SYM","JOYMAX Z 125 TCS","Gipuzkoa","124",1
"SYM","JOYMAX Z 300 E5+","Barcelona","278",8
"SYM","JOYMAX Z 300 E5+","Bizkaia","278",1
"SYM","JOYMAX Z 300 E5+","Cádiz","278",1
"SYM","JOYMAX Z 300 E5+","Granada","278",1
"SYM","JOYMAX Z 300 E5+","Illes Balears","278",1
"SYM","JOYMAX Z 300 E5+","Madrid","278",3
"SYM","JOYMAX Z 300 E5+","Málaga","278",1
"SYM","JOYMAX Z 300 E5+","Santa Cruz de Tenerife","278",1
"SYM","JOYMAX Z 300 E5+","Valencia/València","278",1
"SYM","JOYMAX Z 300 E5+","Zaragoza","278",1
"SYM","MAXSYM TL 508 E5+","Alicante/Alacant","508",1
"SYM","MAXSYM TL 508 E5+","Barcelona","508",1
"SYM","MAXSYM TL 508 E5+","Granada","508",1
"SYM","MAXSYM TL 508 E5+","Málaga","508",1
"SYM","MAXSYM TL 508 E5+","Palmas (Las)","508",1
"SYM","MAXSYM TL 508 E5+","Valencia/València","508",1
"SYM","MAXSYM TL TCS","Pontevedra","508",1
"SYM","MAXSYM TL TCS","Toledo","508",1
"SYM","SYMPHONY 125","Alicante/Alacant","125",11
"SYM","SYMPHONY 125","Almería","125",3
"SYM","SYMPHONY 125","Barcelona","125",190
"SYM","SYMPHONY 125","Bizkaia","125",3
"SYM","SYMPHONY 125","Burgos","125",1
"SYM","SYMPHONY 125","Cáceres","125",1
"SYM","SYMPHONY 125","Cádiz","125",14
"SYM","SYMPHONY 125","Cantabria","125",1
"SYM","SYMPHONY 125","Castellón/Castelló","125",3
"SYM","SYMPHONY 125","Ciudad Real","125",1
"SYM","SYMPHONY 125","Córdoba","125",9
"SYM","SYMPHONY 125","Coruña (A)","125",3
"SYM","SYMPHONY 125","Gipuzkoa","125",9
"SYM","SYMPHONY 125","Girona","125",21
"SYM","SYMPHONY 125","Granada","125",5
"SYM","SYMPHONY 125","Guadalajara","125",1
"SYM","SYMPHONY 125","Huelva","125",3
"SYM","SYMPHONY 125","Huesca","125",1
"SYM","SYMPHONY 125","Illes Balears","125",15
"SYM","SYMPHONY 125","Jaén","125",2
"SYM","SYMPHONY 125","León","125",1
"SYM","SYMPHONY 125","Lleida","125",2
"SYM","SYMPHONY 125","Madrid","125",23
"SYM","SYMPHONY 125","Málaga","125",20
"SYM","SYMPHONY 125","Murcia","125",4
"SYM","SYMPHONY 125","Navarra","125",2
"SYM","SYMPHONY 125","Ourense","125",1
"SYM","SYMPHONY 125","Palencia","125",2
"SYM","SYMPHONY 125","Palmas (Las)","125",8
"SYM","SYMPHONY 125","Pontevedra","125",2
"SYM","SYMPHONY 125","Rioja (La)","125",5
"SYM","SYMPHONY 125","Santa Cruz de Tenerife","125",12
"SYM","SYMPHONY 125","Sevilla","125",14
"SYM","SYMPHONY 125","Tarragona","125",9
"SYM","SYMPHONY 125","Teruel","125",2
"SYM","SYMPHONY 125","Valencia/València","125",10
"SYM","SYMPHONY 125","Valladolid","125",1
"SYM","SYMPHONY 125","Zamora","125",1
"SYM","SYMPHONY 125","Zaragoza","125",1
"TM MOTO","---","Granada","299",1
"TM RACING","---","Barcelona","293",1
"TRIUMPH","BONNEVILLE SPEEDMASTER","Alicante/Alacant","1200",1
"TRIUMPH","BONNEVILLE SPEEDMASTER","Madrid","1200",1
"TRIUMPH","BONNEVILLE SPEEDMASTER","Valencia/València","1200",1
"TRIUMPH","BONNEVILLE T120","Barcelona","1200",1
"TRIUMPH","BONNEVILLE T120","Cádiz","1200",2
"TRIUMPH","BONNEVILLE T120","Girona","1200",1
"TRIUMPH","BONNEVILLE T120","Madrid","1200",1
"TRIUMPH","BONNEVILLE T120","Málaga","1200",1
"TRIUMPH","BONNEVILLE T120 (E5 VB","Navarra","1200",1
"TRIUMPH","BONNEVILLE T120 BLACK","Barcelona","1200",2
"TRIUMPH","BONNEVILLE T120 BLACK","Madrid","1200",1
"TRIUMPH","BONNEVILLE T120 BLACK","Sevilla","1200",1
"TRIUMPH","BONNEVILLE T120 BLACK","Tarragona","1200",1
"TRIUMPH","DAYTONA 660","Bizkaia","660",1
"TRIUMPH","DAYTONA 660","Málaga","660",1
"TRIUMPH","ROCKET 3 STORM R","Barcelona","2458",1
"TRIUMPH","ROCKET 3 STORM R","Cantabria","2458",1
"TRIUMPH","ROCKET 3 STORM R","Madrid","2458",1
"TRIUMPH","ROCKET 3 STORM R","Santa Cruz de Tenerife","2458",1
"TRIUMPH","ROCKET 3 STORM R","Zaragoza","2458",1
"TRIUMPH","SCRAMBLER 1200 XE","Barcelona","1200",1
"TRIUMPH","SCRAMBLER 1200 XE","Granada","1200",1
"TRIUMPH","SCRAMBLER 1200 XE","Madrid","1200",1
"TRIUMPH","SCRAMBLER 1200 XE","Palmas (Las)","1200",1
"TRIUMPH","SCRAMBLER 1200 XE","Valladolid","1200",1
"TRIUMPH","SCRAMBLER 400 X","Asturias","398",1
"TRIUMPH","SCRAMBLER 400 X","Barcelona","398",1
"TRIUMPH","SCRAMBLER 400 X","Bizkaia","398",1
"TRIUMPH","SCRAMBLER 400 X","Cádiz","398",3
"TRIUMPH","SCRAMBLER 400 X","Madrid","398",2
"TRIUMPH","SCRAMBLER 400 X","Palmas (Las)","398",1
"TRIUMPH","SCRAMBLER 400 X","Valencia/València","398",1
"TRIUMPH","SCRAMBLER 400 XC","Illes Balears","398",1
"TRIUMPH","SCRAMBLER 400 XC","Santa Cruz de Tenerife","398",1
"TRIUMPH","SCRAMBLER 400 XC","Valencia/València","398",1
"TRIUMPH","SCRAMBLER 400 XC","Zaragoza","398",1
"TRIUMPH","SCRAMBLER 400XC","Navarra","398",1
"TRIUMPH","SCRAMBLER 900","Palmas (Las)","900",2
"TRIUMPH","SCRAMBLER 900","Santa Cruz de Tenerife","900",1
"TRIUMPH","SCRAMBLER 900","Sevilla","900",1
"TRIUMPH","SCRAMBLER 900","Valencia/València","900",1
"TRIUMPH","SPEED 400","Alicante/Alacant","398",2
"TRIUMPH","SPEED 400","Asturias","398",1
"TRIUMPH","SPEED 400","Badajoz","398",1
"TRIUMPH","SPEED 400","Barcelona","398",1
"TRIUMPH","SPEED 400","Bizkaia","398",1
"TRIUMPH","SPEED 400","Cantabria","398",1
"TRIUMPH","SPEED 400","Girona","398",1
"TRIUMPH","SPEED 400","Madrid","398",2
"TRIUMPH","SPEED 400","Málaga","398",3
"TRIUMPH","SPEED 400","Navarra","398",1
"TRIUMPH","SPEED 400","Valencia/València","398",2
"TRIUMPH","SPEED 400","Valladolid","398",1
"TRIUMPH","SPEED TRIPLE RX","Murcia","1160",1
"TRIUMPH","SPEED TWIN 1200","Madrid","1200",1
"TRIUMPH","SPEED TWIN 1200 RS","Barcelona","1200",2
"TRIUMPH","SPEED TWIN 1200 RS","Navarra","1200",1
"TRIUMPH","SPEED TWIN 900","Alicante/Alacant","900",1
"TRIUMPH","SPEED TWIN 900","Barcelona","900",4
"TRIUMPH","SPEED TWIN 900","Cádiz","900",1
"TRIUMPH","SPEED TWIN 900","Girona","900",2
"TRIUMPH","SPEED TWIN 900","Granada","900",1
"TRIUMPH","SPEED TWIN 900","Huelva","900",1
"TRIUMPH","SPEED TWIN 900","Málaga","900",1
"TRIUMPH","SPEED TWIN 900","Palmas (Las)","900",1
"TRIUMPH","SPEED TWIN 900","Pontevedra","900",1
"TRIUMPH","SPEED TWIN 900","Tarragona","900",1
"TRIUMPH","STREET TRIPLE 765 RS","Barcelona","765",1
"TRIUMPH","STREET TRIPLE 765 RS","Illes Balears","765",1
"TRIUMPH","STREET TRIPLE 765 RX","Alicante/Alacant","765",1
"TRIUMPH","STREET TRIPLE 765 RX","Barcelona","765",1
"TRIUMPH","STREET TRIPLE 765 RX","Cádiz","765",1
"TRIUMPH","STREET TRIPLE 765 RX","Castellón/Castelló","765",1
"TRIUMPH","STREET TRIPLE 765 RX","Madrid","765",1
"TRIUMPH","STREET TRIPLE 765 RX","Málaga","765",1
"TRIUMPH","STREET TRIPLE 765 RX","Valencia/València","765",1
"TRIUMPH","STREET TRIPLE R","Barcelona","765",1
"TRIUMPH","STREET TRIPLE R (A2)","Alicante/Alacant","765",1
"TRIUMPH","STREET TRIPLE R (A2)","Illes Balears","765",1
"TRIUMPH","STREET TRIPLE R (A2)","Pontevedra","765",1
"TRIUMPH","STREET TRIPLE R (A2)","Santa Cruz de Tenerife","765",2
"TRIUMPH","STREET TRIPLE RS","Barcelona","765",3
"TRIUMPH","STREET TRIPLE RS","Cantabria","765",1
"TRIUMPH","STREET TRIPLE RS","Huelva","765",1
"TRIUMPH","STREET TRIPLE RS","Madrid","765",1
"TRIUMPH","STREET TRIPLE RS","Murcia","765",1
"TRIUMPH","STREET TRIPLE RS","Navarra","765",1
"TRIUMPH","STREET TRIPLE RS","Santa Cruz de Tenerife","765",1
"TRIUMPH","TF250-E","Illes Balears","250",2
"TRIUMPH","TF250-E","Zaragoza","250",1
"TRIUMPH","TF450-E","Madrid","450",2
"TRIUMPH","TF450-E","Santa Cruz de Tenerife","450",1
"TRIUMPH","TIGER 1200 GT EXPLORER","Granada","1160",1
"TRIUMPH","TIGER 1200 GT EXPLORER","Madrid","1160",1
"TRIUMPH","TIGER 1200 GT EXPLORER","Zaragoza","1160",1
"TRIUMPH","TIGER 1200 GT PRO","Pontevedra","1160",1
"TRIUMPH","TIGER 1200 RALLY EXPLO","Madrid","1160",1
"TRIUMPH","TIGER 1200 RALLY EXPLO","Valencia/València","1160",1
"TRIUMPH","TIGER 1200 RALLY PRO","Ciudad Real","1160",1
"TRIUMPH","TIGER 1200 RALLY PRO","Granada","1160",1
"TRIUMPH","TIGER 900 GT","Cádiz","888",1
"TRIUMPH","TIGER 900 GT","Málaga","888",1
"TRIUMPH","TIGER 900 GT PRO","Barcelona","888",5
"TRIUMPH","TIGER 900 GT PRO","Bizkaia","888",1
"TRIUMPH","TIGER 900 GT PRO","Cádiz","888",2
"TRIUMPH","TIGER 900 GT PRO","Coruña (A)","888",1
"TRIUMPH","TIGER 900 GT PRO","Granada","888",1
"TRIUMPH","TIGER 900 GT PRO","Illes Balears","888",1
"TRIUMPH","TIGER 900 GT PRO","Madrid","888",1
"TRIUMPH","TIGER 900 GT PRO","Málaga","888",1
"TRIUMPH","TIGER 900 GT PRO","Palencia","888",1
"TRIUMPH","TIGER 900 GT PRO","Palmas (Las)","888",1
"TRIUMPH","TIGER 900 RALLY PRO","Badajoz","888",1
"TRIUMPH","TIGER 900 RALLY PRO","Granada","888",1
"TRIUMPH","TIGER 900 RALLY PRO","Málaga","888",1
"TRIUMPH","TIGER 900 RALLY PRO","Palmas (Las)","888",1
"TRIUMPH","TIGER SPORT","Barcelona","660",1
"TRIUMPH","TIGER SPORT","Madrid","660",2
"TRIUMPH","TIGER SPORT","Málaga","660",2
"TRIUMPH","TIGER SPORT","Santa Cruz de Tenerife","660",1
"TRIUMPH","TIGER SPORT","Sevilla","660",1
"TRIUMPH","TIGER SPORT","Valencia/València","660",1
"TRIUMPH","TIGER SPORT 800","Asturias","798",1
"TRIUMPH","TIGER SPORT 800","Barcelona","798",1
"TRIUMPH","TIGER SPORT 800","Cádiz","798",1
"TRIUMPH","TIGER SPORT 800","Coruña (A)","798",1
"TRIUMPH","TIGER SPORT 800","Illes Balears","798",1
"TRIUMPH","TIGER SPORT 800","Lleida","798",1
"TRIUMPH","TIGER SPORT 800","Madrid","798",2
"TRIUMPH","TIGER SPORT 800","Málaga","798",2
"TRIUMPH","TIGER SPORT 800 TOURIN","Alicante/Alacant","798",1
"TRIUMPH","TIGER SPORT 800 TOURIN","Barcelona","798",2
"TRIUMPH","TRIDENT","Barcelona","660",1
"TRIUMPH","TRIDENT","Bizkaia","660",1
"TRIUMPH","TRIDENT","Lleida","660",1
"TRIUMPH","TRIDENT 660","Albacete","660",1
"TRIUMPH","TRIDENT 660","Cádiz","660",1
"TRIUMPH","TRIDENT 660","Cantabria","660",1
"TRIUMPH","TRIDENT 660","Lleida","660",1
"TRIUMPH","TRIDENT 660","Santa Cruz de Tenerife","660",1
"TRIUMPH","TRIDENT 660 - TRIPLE T","Álava/Araba","660",2
"TRIUMPH","TRIDENT 660 - TRIPLE T","Cádiz","660",1
"TRIUMPH","TRIDENT 660 - TRIPLE T","Girona","660",1
"TRIUMPH","TRIDENT 660 - TRIPLE T","Málaga","660",1
"TRIUMPH","TRIDENT 660 - TRIPLE T","Santa Cruz de Tenerife","660",1
"TRS","TR1 250","Alicante/Alacant","248",1
"TRS","TR1 250","Barcelona","248",1
"TRS","TR1 300","Alicante/Alacant","294",1
"TRS","TR1 300","Ávila","294",1
"TRS","TR1 300","Barcelona","294",6
"TRS","TR1 300","Cantabria","294",1
"TRS","TR1 300","Castellón/Castelló","294",1
"TRS","TR1 300","Granada","294",2
"TRS","TR1 300","Guadalajara","294",2
"TRS","TR1 300","Jaén","294",1
"TRS","TR1 300","León","294",1
"TRS","TR1 300","Madrid","294",1
"TRS","TR1 300","Murcia","294",1
"TRS","TR1 300","Navarra","294",1
"TRS","TR1 300","Palencia","294",1
"TRS","TR1 300","Santa Cruz de Tenerife","294",2
"TRS","TR1 300","Toledo","294",1
"TRS","TR1 300I","Asturias","294",1
"TRS","TR1 300I","Coruña (A)","294",1
"TRS","TR1 300I","Gipuzkoa","294",1
"TRS","TR1 300I","Illes Balears","294",2
"TRS","TR1 300I","Palmas (Las)","294",1
"TRS","TR1 300I","Valencia/València","294",1
"UM","DSR ADVENTURE","Madrid","124",1
"UM","DSR EX 125","Jaén","124",1
"UM","DSR EX 125","Madrid","124",1
"UM","DSR EX 125","Pontevedra","124",1
"UM","DSR SM 125","Zamora","124",1
"VENT S.R.L.","---","Barcelona","125",1
"VENT S.R.L.","---","Gipuzkoa","125",1
"VENT S.R.L.","---","Lleida","125",3
"VERTIGO MOTORS","VERTIGO NITRO 300","Rioja (La)","294",1
"VOGE","300DS","Santa Cruz de Tenerife","292",1
"VOGE","300RALLY","Alicante/Alacant","292",1
"VOGE","300RALLY","Almería","292",3
"VOGE","300RALLY","Asturias","292",1
"VOGE","300RALLY","Barcelona","292",8
"VOGE","300RALLY","Bizkaia","292",1
"VOGE","300RALLY","Burgos","292",1
"VOGE","300RALLY","Cantabria","292",2
"VOGE","300RALLY","Ciudad Real","292",2
"VOGE","300RALLY","Córdoba","292",2
"VOGE","300RALLY","Granada","292",4
"VOGE","300RALLY","Guadalajara","292",2
"VOGE","300RALLY","Huelva","292",1
"VOGE","300RALLY","Illes Balears","292",2
"VOGE","300RALLY","Jaén","292",1
"VOGE","300RALLY","Madrid","292",13
"VOGE","300RALLY","Málaga","292",7
"VOGE","300RALLY","Murcia","292",1
"VOGE","300RALLY","Navarra","292",2
"VOGE","300RALLY","Palmas (Las)","292",1
"VOGE","300RALLY","Pontevedra","292",1
"VOGE","300RALLY","Santa Cruz de Tenerife","292",1
"VOGE","300RALLY","Segovia","292",2
"VOGE","300RALLY","Sevilla","292",6
"VOGE","300RALLY","Tarragona","292",1
"VOGE","300RALLY","Teruel","292",2
"VOGE","300RALLY","Toledo","292",2
"VOGE","300RALLY","Valencia/València","292",3
"VOGE","300RALLY","Valladolid","292",1
"VOGE","625DSX","Albacete","581",2
"VOGE","625DSX","Alicante/Alacant","581",9
"VOGE","625DSX","Almería","581",5
"VOGE","625DSX","Asturias","581",1
"VOGE","625DSX","Badajoz","581",2
"VOGE","625DSX","Barcelona","581",25
"VOGE","625DSX","Bizkaia","581",5
"VOGE","625DSX","Cádiz","581",15
"VOGE","625DSX","Cantabria","581",2
"VOGE","625DSX","Castellón/Castelló","581",5
"VOGE","625DSX","Ceuta","581",1
"VOGE","625DSX","Córdoba","581",2
"VOGE","625DSX","Coruña (A)","581",2
"VOGE","625DSX","Gipuzkoa","581",2
"VOGE","625DSX","Girona","581",2
"VOGE","625DSX","Granada","581",7
"VOGE","625DSX","Guadalajara","581",2
"VOGE","625DSX","Huelva","581",2
"VOGE","625DSX","Huesca","581",1
"VOGE","625DSX","Illes Balears","581",4
"VOGE","625DSX","Jaén","581",7
"VOGE","625DSX","Lleida","581",1
"VOGE","625DSX","Madrid","581",18
"VOGE","625DSX","Málaga","581",18
"VOGE","625DSX","Melilla","581",2
"VOGE","625DSX","Murcia","581",6
"VOGE","625DSX","Navarra","581",1
"VOGE","625DSX","Ourense","581",1
"VOGE","625DSX","Palmas (Las)","581",3
"VOGE","625DSX","Rioja (La)","581",2
"VOGE","625DSX","Salamanca","581",1
"VOGE","625DSX","Santa Cruz de Tenerife","581",7
"VOGE","625DSX","Segovia","581",1
"VOGE","625DSX","Sevilla","581",13
"VOGE","625DSX","Tarragona","581",4
"VOGE","625DSX","Toledo","581",1
"VOGE","625DSX","Valencia/València","581",33
"VOGE","625DSX","Zaragoza","581",5
"VOGE","625R","Albacete","581",1
"VOGE","625R","Alicante/Alacant","581",2
"VOGE","625R","Asturias","581",1
"VOGE","625R","Barcelona","581",4
"VOGE","625R","Cádiz","581",1
"VOGE","625R","Castellón/Castelló","581",1
"VOGE","625R","Córdoba","581",1
"VOGE","625R","Granada","581",1
"VOGE","625R","Jaén","581",1
"VOGE","625R","Lleida","581",1
"VOGE","625R","Madrid","581",4
"VOGE","625R","Rioja (La)","581",1
"VOGE","625R","Santa Cruz de Tenerife","581",1
"VOGE","625R","Sevilla","581",1
"VOGE","625R","Tarragona","581",1
"VOGE","625R","Toledo","581",1
"VOGE","625R","Valencia/València","581",5
"VOGE","650DS","Navarra","652",1
"VOGE","DS525X","Álava/Araba","494",1
"VOGE","DS525X","Alicante/Alacant","494",3
"VOGE","DS525X","Badajoz","494",1
"VOGE","DS525X","Barcelona","494",16
"VOGE","DS525X","Bizkaia","494",3
"VOGE","DS525X","Cáceres","494",1
"VOGE","DS525X","Cádiz","494",5
"VOGE","DS525X","Castellón/Castelló","494",4
"VOGE","DS525X","Ceuta","494",2
"VOGE","DS525X","Córdoba","494",3
"VOGE","DS525X","Coruña (A)","494",2
"VOGE","DS525X","Gipuzkoa","494",2
"VOGE","DS525X","Girona","494",3
"VOGE","DS525X","Granada","494",4
"VOGE","DS525X","Illes Balears","494",5
"VOGE","DS525X","Jaén","494",3
"VOGE","DS525X","León","494",1
"VOGE","DS525X","Lleida","494",1
"VOGE","DS525X","Madrid","494",19
"VOGE","DS525X","Málaga","494",6
"VOGE","DS525X","Melilla","494",1
"VOGE","DS525X","Murcia","494",2
"VOGE","DS525X","Navarra","494",1
"VOGE","DS525X","Pontevedra","494",1
"VOGE","DS525X","Santa Cruz de Tenerife","494",4
"VOGE","DS525X","Sevilla","494",4
"VOGE","DS525X","Tarragona","494",4
"VOGE","DS525X","Toledo","494",1
"VOGE","DS525X","Valencia/València","494",10
"VOGE","DS525X","Zaragoza","494",1
"VOGE","DS800X RALLY","Álava/Araba","798",1
"VOGE","DS800X RALLY","Alicante/Alacant","798",16
"VOGE","DS800X RALLY","Almería","798",9
"VOGE","DS800X RALLY","Asturias","798",4
"VOGE","DS800X RALLY","Badajoz","798",1
"VOGE","DS800X RALLY","Barcelona","798",30
"VOGE","DS800X RALLY","Bizkaia","798",7
"VOGE","DS800X RALLY","Burgos","798",2
"VOGE","DS800X RALLY","Cáceres","798",12
"VOGE","DS800X RALLY","Cádiz","798",15
"VOGE","DS800X RALLY","Cantabria","798",5
"VOGE","DS800X RALLY","Castellón/Castelló","798",8
"VOGE","DS800X RALLY","Ceuta","798",1
"VOGE","DS800X RALLY","Ciudad Real","798",2
"VOGE","DS800X RALLY","Córdoba","798",4
"VOGE","DS800X RALLY","Coruña (A)","798",4
"VOGE","DS800X RALLY","Cuenca","798",2
"VOGE","DS800X RALLY","Gipuzkoa","798",1
"VOGE","DS800X RALLY","Girona","798",2
"VOGE","DS800X RALLY","Granada","798",26
"VOGE","DS800X RALLY","Guadalajara","798",6
"VOGE","DS800X RALLY","Huelva","798",4
"VOGE","DS800X RALLY","Huesca","798",1
"VOGE","DS800X RALLY","Illes Balears","798",8
"VOGE","DS800X RALLY","Jaén","798",9
"VOGE","DS800X RALLY","León","798",4
"VOGE","DS800X RALLY","Lleida","798",2
"VOGE","DS800X RALLY","Madrid","798",44
"VOGE","DS800X RALLY","Málaga","798",39
"VOGE","DS800X RALLY","Murcia","798",9
"VOGE","DS800X RALLY","Navarra","798",3
"VOGE","DS800X RALLY","Ourense","798",2
"VOGE","DS800X RALLY","Palmas (Las)","798",6
"VOGE","DS800X RALLY","Pontevedra","798",8
"VOGE","DS800X RALLY","Rioja (La)","798",4
"VOGE","DS800X RALLY","Salamanca","798",1
"VOGE","DS800X RALLY","Segovia","798",4
"VOGE","DS800X RALLY","Sevilla","798",10
"VOGE","DS800X RALLY","Tarragona","798",9
"VOGE","DS800X RALLY","Teruel","798",1
"VOGE","DS800X RALLY","Toledo","798",15
"VOGE","DS800X RALLY","Valencia/València","798",20
"VOGE","DS800X RALLY","Valladolid","798",3
"VOGE","DS800X RALLY","Zamora","798",1
"VOGE","DS800X RALLY","Zaragoza","798",7
"VOGE","DS900X","Álava/Araba","895",1
"VOGE","DS900X","Alicante/Alacant","895",14
"VOGE","DS900X","Almería","895",9
"VOGE","DS900X","Asturias","895",8
"VOGE","DS900X","Badajoz","895",9
"VOGE","DS900X","Barcelona","895",61
"VOGE","DS900X","Bizkaia","895",8
"VOGE","DS900X","Burgos","895",4
"VOGE","DS900X","Cáceres","895",9
"VOGE","DS900X","Cádiz","895",12
"VOGE","DS900X","Cantabria","895",3
"VOGE","DS900X","Castellón/Castelló","895",3
"VOGE","DS900X","Ciudad Real","895",3
"VOGE","DS900X","Córdoba","895",11
"VOGE","DS900X","Coruña (A)","895",4
"VOGE","DS900X","Cuenca","895",1
"VOGE","DS900X","Gipuzkoa","895",4
"VOGE","DS900X","Girona","895",3
"VOGE","DS900X","Granada","895",14
"VOGE","DS900X","Guadalajara","895",1
"VOGE","DS900X","Huelva","895",6
"VOGE","DS900X","Illes Balears","895",9
"VOGE","DS900X","Jaén","895",13
"VOGE","DS900X","León","895",6
"VOGE","DS900X","Lleida","895",1
"VOGE","DS900X","Lugo","895",2
"VOGE","DS900X","Madrid","895",49
"VOGE","DS900X","Málaga","895",39
"VOGE","DS900X","Melilla","895",1
"VOGE","DS900X","Murcia","895",7
"VOGE","DS900X","Navarra","895",1
"VOGE","DS900X","Ourense","895",2
"VOGE","DS900X","Palmas (Las)","895",4
"VOGE","DS900X","Pontevedra","895",2
"VOGE","DS900X","Rioja (La)","895",3
"VOGE","DS900X","Salamanca","895",2
"VOGE","DS900X","Santa Cruz de Tenerife","895",10
"VOGE","DS900X","Segovia","895",3
"VOGE","DS900X","Sevilla","895",20
"VOGE","DS900X","Tarragona","895",9
"VOGE","DS900X","Toledo","895",3
"VOGE","DS900X","Valencia/València","895",33
"VOGE","DS900X","Valladolid","895",5
"VOGE","DS900X","Zamora","895",5
"VOGE","DS900X","Zaragoza","895",3
"VOGE","R125","Alicante/Alacant","125",7
"VOGE","R125","Almería","125",1
"VOGE","R125","Asturias","125",3
"VOGE","R125","Ávila","125",2
"VOGE","R125","Barcelona","125",12
"VOGE","R125","Cádiz","125",4
"VOGE","R125","Cantabria","125",2
"VOGE","R125","Castellón/Castelló","125",1
"VOGE","R125","Ciudad Real","125",2
"VOGE","R125","Gipuzkoa","125",1
"VOGE","R125","Granada","125",2
"VOGE","R125","Huelva","125",2
"VOGE","R125","Illes Balears","125",5
"VOGE","R125","Jaén","125",3
"VOGE","R125","Madrid","125",6
"VOGE","R125","Málaga","125",8
"VOGE","R125","Melilla","125",1
"VOGE","R125","Murcia","125",5
"VOGE","R125","Ourense","125",1
"VOGE","R125","Palmas (Las)","125",2
"VOGE","R125","Pontevedra","125",2
"VOGE","R125","Salamanca","125",1
"VOGE","R125","Santa Cruz de Tenerife","125",10
"VOGE","R125","Sevilla","125",5
"VOGE","R125","Tarragona","125",5
"VOGE","R125","Toledo","125",1
"VOGE","R125","Valencia/València","125",22
"VOGE","R125","Valladolid","125",2
"VOGE","R125","Zaragoza","125",1
"VOGE","SR1","Alicante/Alacant","125",3
"VOGE","SR1","Asturias","125",1
"VOGE","SR1","Barcelona","125",11
"VOGE","SR1","Cáceres","125",1
"VOGE","SR1","Cádiz","125",1
"VOGE","SR1","Cantabria","125",2
"VOGE","SR1","Castellón/Castelló","125",1
"VOGE","SR1","Ceuta","125",3
"VOGE","SR1","Córdoba","125",1
"VOGE","SR1","Granada","125",1
"VOGE","SR1","Jaén","125",1
"VOGE","SR1","León","125",1
"VOGE","SR1","Madrid","125",5
"VOGE","SR1","Málaga","125",6
"VOGE","SR1","Melilla","125",3
"VOGE","SR1","Murcia","125",1
"VOGE","SR1","Navarra","125",1
"VOGE","SR1","Palmas (Las)","125",2
"VOGE","SR1","Salamanca","125",2
"VOGE","SR1","Santa Cruz de Tenerife","125",5
"VOGE","SR1","Sevilla","125",6
"VOGE","SR1","Tarragona","125",1
"VOGE","SR1","Toledo","125",2
"VOGE","SR1","Valencia/València","125",1
"VOGE","SR16","Almería","125",2
"VOGE","SR16","Barcelona","125",9
"VOGE","SR16","Cádiz","125",2
"VOGE","SR16","Cantabria","125",1
"VOGE","SR16","Castellón/Castelló","125",1
"VOGE","SR16","Ceuta","125",1
"VOGE","SR16","Córdoba","125",1
"VOGE","SR16","Coruña (A)","125",1
"VOGE","SR16","Gipuzkoa","125",1
"VOGE","SR16","Girona","125",1
"VOGE","SR16","Granada","125",4
"VOGE","SR16","Illes Balears","125",3
"VOGE","SR16","Jaén","125",1
"VOGE","SR16","Madrid","125",1
"VOGE","SR16","Málaga","125",2
"VOGE","SR16","Melilla","125",1
"VOGE","SR16","Murcia","125",3
"VOGE","SR16","Sevilla","125",2
"VOGE","SR16","Tarragona","125",1
"VOGE","SR16","Toledo","125",1
"VOGE","SR16","Valencia/València","125",1
"VOGE","SR16","Valladolid","125",1
"VOGE","SR1ADV","Álava/Araba","125",1
"VOGE","SR1ADV","Albacete","125",1
"VOGE","SR1ADV","Alicante/Alacant","125",4
"VOGE","SR1ADV","Almería","125",2
"VOGE","SR1ADV","Asturias","125",1
"VOGE","SR1ADV","Badajoz","125",2
"VOGE","SR1ADV","Barcelona","125",9
"VOGE","SR1ADV","Cádiz","125",6
"VOGE","SR1ADV","Cantabria","125",1
"VOGE","SR1ADV","Ceuta","125",1
"VOGE","SR1ADV","Ciudad Real","125",2
"VOGE","SR1ADV","Coruña (A)","125",2
"VOGE","SR1ADV","Granada","125",2
"VOGE","SR1ADV","Huelva","125",2
"VOGE","SR1ADV","Illes Balears","125",1
"VOGE","SR1ADV","Jaén","125",3
"VOGE","SR1ADV","Madrid","125",7
"VOGE","SR1ADV","Málaga","125",7
"VOGE","SR1ADV","Melilla","125",4
"VOGE","SR1ADV","Murcia","125",3
"VOGE","SR1ADV","Palmas (Las)","125",5
"VOGE","SR1ADV","Pontevedra","125",1
"VOGE","SR1ADV","Santa Cruz de Tenerife","125",8
"VOGE","SR1ADV","Sevilla","125",1
"VOGE","SR1ADV","Toledo","125",1
"VOGE","SR1ADV","Valencia/València","125",3
"VOGE","SR3","Álava/Araba","244",1
"VOGE","SR3","Alicante/Alacant","244",1
"VOGE","SR3","Almería","244",3
"VOGE","SR3","Badajoz","244",1
"VOGE","SR3","Barcelona","244",7
"VOGE","SR3","Bizkaia","244",1
"VOGE","SR3","Cáceres","244",1
"VOGE","SR3","Cádiz","244",2
"VOGE","SR3","Ciudad Real","244",1
"VOGE","SR3","Gipuzkoa","244",1
"VOGE","SR3","Illes Balears","244",1
"VOGE","SR3","Jaén","244",2
"VOGE","SR3","Madrid","244",1
"VOGE","SR3","Málaga","244",3
"VOGE","SR3","Murcia","244",3
"VOGE","SR3","Navarra","244",2
"VOGE","SR3","Palmas (Las)","244",1
"VOGE","SR3","Santa Cruz de Tenerife","244",4
"VOGE","SR3","Sevilla","244",1
"VOGE","SR3","Tarragona","244",1
"VOGE","SR3","Valencia/València","244",1
"VOGE","SR4 MAX","Alicante/Alacant","350",2
"VOGE","SR4 MAX","Almería","350",1
"VOGE","SR4 MAX","Barcelona","350",2
"VOGE","SR4 MAX","Cádiz","350",1
"VOGE","SR4 MAX","Castellón/Castelló","350",1
"VOGE","SR4 MAX","Coruña (A)","350",1
"VOGE","SR4 MAX","Illes Balears","350",1
"VOGE","SR4 MAX","Jaén","350",1
"VOGE","SR4 MAX","Lleida","350",1
"VOGE","SR4 MAX","Madrid","350",3
"VOGE","SR4 MAX","Málaga","350",3
"VOGE","SR4 MAX","Murcia","350",1
"VOGE","SR4 MAX","Palmas (Las)","350",1
"VOGE","SR4 MAX","Pontevedra","350",1
"VOGE","SR4 MAX","Salamanca","350",1
"VOGE","SR4 MAX","Santa Cruz de Tenerife","350",2
"VOGE","SR4 MAX","Sevilla","350",1
"VOGE","SR4 MAX","Valencia/València","350",4
"VOGE","SR4 MAX","Zaragoza","350",2
"WOTTAN","CIVIS-C","Illes Balears","125",1
"WOTTAN","GT2","Alicante/Alacant","125",2
"WOTTAN","GT2","Almería","125",1
"WOTTAN","GT2","Cádiz","125",3
"WOTTAN","GT2","Castellón/Castelló","125",1
"WOTTAN","GT2","Guadalajara","125",1
"WOTTAN","GT2","Jaén","125",1
"WOTTAN","GT2","Madrid","125",2
"WOTTAN","GT2","Málaga","125",1
"WOTTAN","GT2","Valencia/València","125",1
"WOTTAN","REBBE","Alicante/Alacant","124",1
"WOTTAN","REBBE","Bizkaia","124",1
"WOTTAN","STORM-X","Alicante/Alacant","125",4
"WOTTAN","STORM-X","Barcelona","125",1
"WOTTAN","STORM-X","Castellón/Castelló","125",1
"WOTTAN","STORM-X","Madrid","125",2
"WOTTAN","STORM-X","Málaga","125",1
"WOTTAN","STORM-X","Valencia/València","125",3
"WOTTAN MOTOR","GP-1","Cáceres","124",1
"WOTTAN MOTOR","GP-1","Murcia","124",1
"WOTTAN MOTOR","GP-1","Sevilla","124",1
"WOTTAN MOTOR","REBBE","Illes Balears","401",1
"WOTTAN MOTOR","SIXTEEN","Alicante/Alacant","125",1
"WOTTAN MOTOR","SIXTEEN","Santa Cruz de Tenerife","125",1
"WOTTAN MOTOR","STORM","Castellón/Castelló","125",1
"WOTTAN MOTOR","STORM","Girona","125",1
"WOTTAN MOTOR","STORM","Murcia","125",1
"WOTTAN MOTOR","STORM","Sevilla","125",2
"WOTTAN MOTOR","STORM","Valencia/València","125",7
"WOTTAN MOTOR","STORM-S","Palmas (Las)","278",1
"WOTTAN MOTOR","STORM-S","Valencia/València","278",1
"WOTTAN MOTOR","STORM-T","Alicante/Alacant","125",1
"WOTTAN MOTOR","STORM-T","Castellón/Castelló","125",3
"WOTTAN MOTOR","STORM-T","Granada","125",1
"WOTTAN MOTOR","STORM-T","Madrid","125",1
"WOTTAN MOTOR","STORM-T","Málaga","125",2
"WOTTAN MOTOR","STORM-T","Sevilla","125",1
"WOTTAN MOTOR","STORM-T","Valencia/València","125",9
"WOTTAN MOTOR","STORM-X","León","125",1
"YAMAHA","LTS125-C","Barcelona","125",1
"YAMAHA","LTS125-C","Madrid","125",1
"YAMAHA","LTS125-C","Santa Cruz de Tenerife","125",1
"YAMAHA","LTS125-C","Sevilla","125",1
"YAMAHA","MT-03","Barcelona","321",1
"YAMAHA","MT-03","Cáceres","321",1
"YAMAHA","MT-07","Álava/Araba","689",1
"YAMAHA","MT-07","Albacete","689",2
"YAMAHA","MT-07","Alicante/Alacant","689",14
"YAMAHA","MT-07","Almería","689",3
"YAMAHA","MT-07","Asturias","689",7
"YAMAHA","MT-07","Badajoz","689",3
"YAMAHA","MT-07","Barcelona","689",57
"YAMAHA","MT-07","Bizkaia","689",5
"YAMAHA","MT-07","Cáceres","689",2
"YAMAHA","MT-07","Cádiz","689",8
"YAMAHA","MT-07","Cantabria","689",1
"YAMAHA","MT-07","Castellón/Castelló","689",3
"YAMAHA","MT-07","Ceuta","689",1
"YAMAHA","MT-07","Córdoba","689",1
"YAMAHA","MT-07","Coruña (A)","689",1
"YAMAHA","MT-07","Gipuzkoa","689",2
"YAMAHA","MT-07","Girona","689",6
"YAMAHA","MT-07","Granada","689",8
"YAMAHA","MT-07","Huelva","689",2
"YAMAHA","MT-07","Illes Balears","689",5
"YAMAHA","MT-07","León","689",1
"YAMAHA","MT-07","Lugo","689",2
"YAMAHA","MT-07","Madrid","689",28
"YAMAHA","MT-07","Málaga","689",9
"YAMAHA","MT-07","Melilla","689",1
"YAMAHA","MT-07","Murcia","689",13
"YAMAHA","MT-07","Navarra","689",2
"YAMAHA","MT-07","Palmas (Las)","689",8
"YAMAHA","MT-07","Pontevedra","689",2
"YAMAHA","MT-07","Rioja (La)","689",1
"YAMAHA","MT-07","Santa Cruz de Tenerife","689",9
"YAMAHA","MT-07","Sevilla","689",8
"YAMAHA","MT-07","Tarragona","689",3
"YAMAHA","MT-07","Teruel","689",1
"YAMAHA","MT-07","Toledo","689",1
"YAMAHA","MT-07","Valencia/València","689",12
"YAMAHA","MT-07","Valladolid","689",1
"YAMAHA","MT-07","Zaragoza","689",2
"YAMAHA","MT-09","Alicante/Alacant","890",5
"YAMAHA","MT-09","Almería","890",4
"YAMAHA","MT-09","Asturias","890",3
"YAMAHA","MT-09","Badajoz","890",5
"YAMAHA","MT-09","Barcelona","890",38
"YAMAHA","MT-09","Bizkaia","890",2
"YAMAHA","MT-09","Burgos","890",1
"YAMAHA","MT-09","Cáceres","890",1
"YAMAHA","MT-09","Cádiz","890",3
"YAMAHA","MT-09","Cantabria","890",1
"YAMAHA","MT-09","Castellón/Castelló","890",4
"YAMAHA","MT-09","Ciudad Real","890",1
"YAMAHA","MT-09","Córdoba","890",1
"YAMAHA","MT-09","Coruña (A)","890",1
"YAMAHA","MT-09","Gipuzkoa","890",2
"YAMAHA","MT-09","Girona","890",1
"YAMAHA","MT-09","Granada","890",4
"YAMAHA","MT-09","Huelva","890",3
"YAMAHA","MT-09","Huesca","890",1
"YAMAHA","MT-09","Illes Balears","890",10
"YAMAHA","MT-09","Madrid","890",24
"YAMAHA","MT-09","Málaga","890",9
"YAMAHA","MT-09","Murcia","890",3
"YAMAHA","MT-09","Navarra","890",4
"YAMAHA","MT-09","Palmas (Las)","890",10
"YAMAHA","MT-09","Pontevedra","890",3
"YAMAHA","MT-09","Santa Cruz de Tenerife","890",12
"YAMAHA","MT-09","Sevilla","890",10
"YAMAHA","MT-09","Tarragona","890",4
"YAMAHA","MT-09","Teruel","890",2
"YAMAHA","MT-09","Toledo","890",1
"YAMAHA","MT-09","Valencia/València","890",7
"YAMAHA","MT-09","Zamora","890",1
"YAMAHA","MT-10","Barcelona","998",2
"YAMAHA","MT-10","Murcia","998",2
"YAMAHA","MT-10","Palmas (Las)","998",1
"YAMAHA","MT-10","Pontevedra","998",2
"YAMAHA","MT-125","Alicante/Alacant","125",7
"YAMAHA","MT-125","Almería","125",1
"YAMAHA","MT-125","Asturias","125",4
"YAMAHA","MT-125","Barcelona","125",28
"YAMAHA","MT-125","Bizkaia","125",1
"YAMAHA","MT-125","Cáceres","125",1
"YAMAHA","MT-125","Cádiz","125",3
"YAMAHA","MT-125","Cantabria","125",3
"YAMAHA","MT-125","Córdoba","125",1
"YAMAHA","MT-125","Cuenca","125",1
"YAMAHA","MT-125","Gipuzkoa","125",1
"YAMAHA","MT-125","Girona","125",3
"YAMAHA","MT-125","Granada","125",3
"YAMAHA","MT-125","Guadalajara","125",1
"YAMAHA","MT-125","Huelva","125",1
"YAMAHA","MT-125","Illes Balears","125",3
"YAMAHA","MT-125","Lleida","125",6
"YAMAHA","MT-125","Madrid","125",7
"YAMAHA","MT-125","Málaga","125",5
"YAMAHA","MT-125","Murcia","125",1
"YAMAHA","MT-125","Navarra","125",1
"YAMAHA","MT-125","Palmas (Las)","125",4
"YAMAHA","MT-125","Pontevedra","125",2
"YAMAHA","MT-125","Rioja (La)","125",1
"YAMAHA","MT-125","Santa Cruz de Tenerife","125",4
"YAMAHA","MT-125","Sevilla","125",1
"YAMAHA","MT-125","Tarragona","125",2
"YAMAHA","MT-125","Toledo","125",1
"YAMAHA","MT-125","Valencia/València","125",10
"YAMAHA","NMAX125","Álava/Araba","125",4
"YAMAHA","NMAX125","Albacete","125",4
"YAMAHA","NMAX125","Alicante/Alacant","125",38
"YAMAHA","NMAX125","Almería","125",5
"YAMAHA","NMAX125","Asturias","125",6
"YAMAHA","NMAX125","Badajoz","125",6
"YAMAHA","NMAX125","Barcelona","125",91
"YAMAHA","NMAX125","Bizkaia","125",6
"YAMAHA","NMAX125","Burgos","125",1
"YAMAHA","NMAX125","Cáceres","125",2
"YAMAHA","NMAX125","Cádiz","125",45
"YAMAHA","NMAX125","Cantabria","125",2
"YAMAHA","NMAX125","Castellón/Castelló","125",2
"YAMAHA","NMAX125","Ceuta","125",2
"YAMAHA","NMAX125","Ciudad Real","125",1
"YAMAHA","NMAX125","Córdoba","125",10
"YAMAHA","NMAX125","Coruña (A)","125",6
"YAMAHA","NMAX125","Cuenca","125",1
"YAMAHA","NMAX125","Gipuzkoa","125",3
"YAMAHA","NMAX125","Girona","125",2
"YAMAHA","NMAX125","Granada","125",18
"YAMAHA","NMAX125","Guadalajara","125",2
"YAMAHA","NMAX125","Huelva","125",7
"YAMAHA","NMAX125","Huesca","125",1
"YAMAHA","NMAX125","Illes Balears","125",24
"YAMAHA","NMAX125","Jaén","125",6
"YAMAHA","NMAX125","León","125",3
"YAMAHA","NMAX125","Lleida","125",1
"YAMAHA","NMAX125","Madrid","125",93
"YAMAHA","NMAX125","Málaga","125",37
"YAMAHA","NMAX125","Murcia","125",9
"YAMAHA","NMAX125","Navarra","125",2
"YAMAHA","NMAX125","Palmas (Las)","125",5
"YAMAHA","NMAX125","Pontevedra","125",9
"YAMAHA","NMAX125","Salamanca","125",4
"YAMAHA","NMAX125","Santa Cruz de Tenerife","125",7
"YAMAHA","NMAX125","Segovia","125",1
"YAMAHA","NMAX125","Sevilla","125",61
"YAMAHA","NMAX125","Tarragona","125",5
"YAMAHA","NMAX125","Toledo","125",4
"YAMAHA","NMAX125","Valencia/València","125",41
"YAMAHA","NMAX125","Valladolid","125",3
"YAMAHA","NMAX125","Zaragoza","125",8
"YAMAHA","RayZR 125","Alicante/Alacant","125",14
"YAMAHA","RayZR 125","Almería","125",4
"YAMAHA","RayZR 125","Asturias","125",1
"YAMAHA","RayZR 125","Badajoz","125",2
"YAMAHA","RayZR 125","Barcelona","125",12
"YAMAHA","RayZR 125","Bizkaia","125",2
"YAMAHA","RayZR 125","Cádiz","125",9
"YAMAHA","RayZR 125","Castellón/Castelló","125",1
"YAMAHA","RayZR 125","Ceuta","125",4
"YAMAHA","RayZR 125","Ciudad Real","125",1
"YAMAHA","RayZR 125","Córdoba","125",4
"YAMAHA","RayZR 125","Coruña (A)","125",2
"YAMAHA","RayZR 125","Girona","125",2
"YAMAHA","RayZR 125","Granada","125",6
"YAMAHA","RayZR 125","Illes Balears","125",6
"YAMAHA","RayZR 125","Jaén","125",2
"YAMAHA","RayZR 125","León","125",1
"YAMAHA","RayZR 125","Madrid","125",8
"YAMAHA","RayZR 125","Málaga","125",11
"YAMAHA","RayZR 125","Melilla","125",1
"YAMAHA","RayZR 125","Murcia","125",2
"YAMAHA","RayZR 125","Navarra","125",2
"YAMAHA","RayZR 125","Ourense","125",1
"YAMAHA","RayZR 125","Palmas (Las)","125",2
"YAMAHA","RayZR 125","Salamanca","125",2
"YAMAHA","RayZR 125","Sevilla","125",6
"YAMAHA","RayZR 125","Tarragona","125",2
"YAMAHA","RayZR 125","Toledo","125",2
"YAMAHA","RayZR 125","Valencia/València","125",8
"YAMAHA","RayZR 125","Valladolid","125",3
"YAMAHA","TMAX 560","Alicante/Alacant","562",5
"YAMAHA","TMAX 560","Almería","562",2
"YAMAHA","TMAX 560","Asturias","562",1
"YAMAHA","TMAX 560","Badajoz","562",2
"YAMAHA","TMAX 560","Barcelona","562",21
"YAMAHA","TMAX 560","Cádiz","562",3
"YAMAHA","TMAX 560","Cantabria","562",2
"YAMAHA","TMAX 560","Ceuta","562",2
"YAMAHA","TMAX 560","Córdoba","562",1
"YAMAHA","TMAX 560","Coruña (A)","562",1
"YAMAHA","TMAX 560","Granada","562",4
"YAMAHA","TMAX 560","Illes Balears","562",6
"YAMAHA","TMAX 560","Madrid","562",7
"YAMAHA","TMAX 560","Málaga","562",7
"YAMAHA","TMAX 560","Murcia","562",4
"YAMAHA","TMAX 560","Palmas (Las)","562",5
"YAMAHA","TMAX 560","Pontevedra","562",3
"YAMAHA","TMAX 560","Santa Cruz de Tenerife","562",3
"YAMAHA","TMAX 560","Sevilla","562",6
"YAMAHA","TMAX 560","Tarragona","562",5
"YAMAHA","TMAX 560","Toledo","562",2
"YAMAHA","TMAX 560","Valencia/València","562",13
"YAMAHA","TMAX 560","Zaragoza","562",1
"YAMAHA","TRICITY 125","Alicante/Alacant","125",1
"YAMAHA","TRICITY 125","Barcelona","125",2
"YAMAHA","TRICITY 125","Granada","125",1
"YAMAHA","TRICITY 125","Illes Balears","125",2
"YAMAHA","TRICITY 125","León","125",1
"YAMAHA","TRICITY 125","Madrid","125",3
"YAMAHA","TRICITY 125","Málaga","125",1
"YAMAHA","TRICITY 125","Palmas (Las)","125",1
"YAMAHA","TRICITY 125","Sevilla","125",3
"YAMAHA","TRICITY 125","Valencia/València","125",4
"YAMAHA","TRICITY 125","Zaragoza","125",1
"YAMAHA","WR125","Barcelona","125",1
"YAMAHA","XMAX 300","Alicante/Alacant","292",6
"YAMAHA","XMAX 300","Barcelona","292",27
"YAMAHA","XMAX 300","Bizkaia","292",2
"YAMAHA","XMAX 300","Cáceres","292",1
"YAMAHA","XMAX 300","Cádiz","292",3
"YAMAHA","XMAX 300","Cantabria","292",1
"YAMAHA","XMAX 300","Castellón/Castelló","292",3
"YAMAHA","XMAX 300","Coruña (A)","292",1
"YAMAHA","XMAX 300","Gipuzkoa","292",1
"YAMAHA","XMAX 300","Girona","292",2
"YAMAHA","XMAX 300","Granada","292",5
"YAMAHA","XMAX 300","Huelva","292",1
"YAMAHA","XMAX 300","Illes Balears","292",6
"YAMAHA","XMAX 300","Jaén","292",2
"YAMAHA","XMAX 300","León","292",1
"YAMAHA","XMAX 300","Lleida","292",1
"YAMAHA","XMAX 300","Madrid","292",17
"YAMAHA","XMAX 300","Málaga","292",6
"YAMAHA","XMAX 300","Murcia","292",4
"YAMAHA","XMAX 300","Palmas (Las)","292",2
"YAMAHA","XMAX 300","Pontevedra","292",3
"YAMAHA","XMAX 300","Salamanca","292",1
"YAMAHA","XMAX 300","Santa Cruz de Tenerife","292",1
"YAMAHA","XMAX 300","Sevilla","292",6
"YAMAHA","XMAX 300","Toledo","292",1
"YAMAHA","XMAX 300","Valencia/València","292",7
"YAMAHA","XMAX 300","Valladolid","292",1
"YAMAHA","XMAX 300","Zaragoza","292",1
"YAMAHA","XMAX125","Albacete","125",1
"YAMAHA","XMAX125","Alicante/Alacant","125",15
"YAMAHA","XMAX125","Almería","125",2
"YAMAHA","XMAX125","Asturias","125",1
"YAMAHA","XMAX125","Badajoz","125",2
"YAMAHA","XMAX125","Barcelona","125",51
"YAMAHA","XMAX125","Bizkaia","125",5
"YAMAHA","XMAX125","Burgos","125",1
"YAMAHA","XMAX125","Cádiz","125",7
"YAMAHA","XMAX125","Cantabria","125",3
"YAMAHA","XMAX125","Castellón/Castelló","125",1
"YAMAHA","XMAX125","Ceuta","125",1
"YAMAHA","XMAX125","Coruña (A)","125",3
"YAMAHA","XMAX125","Gipuzkoa","125",1
"YAMAHA","XMAX125","Girona","125",5
"YAMAHA","XMAX125","Granada","125",9
"YAMAHA","XMAX125","Guadalajara","125",2
"YAMAHA","XMAX125","Huelva","125",2
"YAMAHA","XMAX125","Illes Balears","125",11
"YAMAHA","XMAX125","Jaén","125",2
"YAMAHA","XMAX125","Madrid","125",32
"YAMAHA","XMAX125","Málaga","125",17
"YAMAHA","XMAX125","Melilla","125",1
"YAMAHA","XMAX125","Murcia","125",4
"YAMAHA","XMAX125","Navarra","125",1
"YAMAHA","XMAX125","Palmas (Las)","125",8
"YAMAHA","XMAX125","Pontevedra","125",2
"YAMAHA","XMAX125","Santa Cruz de Tenerife","125",6
"YAMAHA","XMAX125","Sevilla","125",12
"YAMAHA","XMAX125","Tarragona","125",4
"YAMAHA","XMAX125","Toledo","125",1
"YAMAHA","XMAX125","Valencia/València","125",16
"YAMAHA","XMAX125","Zaragoza","125",4
"YAMAHA","XTZ 700 Tenere","Albacete","689",1
"YAMAHA","XTZ 700 Tenere","Alicante/Alacant","689",2
"YAMAHA","XTZ 700 Tenere","Almería","689",1
"YAMAHA","XTZ 700 Tenere","Asturias","689",2
"YAMAHA","XTZ 700 Tenere","Ávila","689",1
"YAMAHA","XTZ 700 Tenere","Badajoz","689",7
"YAMAHA","XTZ 700 Tenere","Barcelona","689",19
"YAMAHA","XTZ 700 Tenere","Bizkaia","689",4
"YAMAHA","XTZ 700 Tenere","Burgos","689",1
"YAMAHA","XTZ 700 Tenere","Cáceres","689",1
"YAMAHA","XTZ 700 Tenere","Cádiz","689",20
"YAMAHA","XTZ 700 Tenere","Cantabria","689",2
"YAMAHA","XTZ 700 Tenere","Castellón/Castelló","689",2
"YAMAHA","XTZ 700 Tenere","Ceuta","689",1
"YAMAHA","XTZ 700 Tenere","Córdoba","689",1
"YAMAHA","XTZ 700 Tenere","Coruña (A)","689",2
"YAMAHA","XTZ 700 Tenere","Girona","689",4
"YAMAHA","XTZ 700 Tenere","Granada","689",6
"YAMAHA","XTZ 700 Tenere","Guadalajara","689",2
"YAMAHA","XTZ 700 Tenere","Huelva","689",6
"YAMAHA","XTZ 700 Tenere","Illes Balears","689",6
"YAMAHA","XTZ 700 Tenere","Jaén","689",1
"YAMAHA","XTZ 700 Tenere","León","689",5
"YAMAHA","XTZ 700 Tenere","Lleida","689",1
"YAMAHA","XTZ 700 Tenere","Madrid","689",11
"YAMAHA","XTZ 700 Tenere","Málaga","689",11
"YAMAHA","XTZ 700 Tenere","Murcia","689",3
"YAMAHA","XTZ 700 Tenere","Navarra","689",3
"YAMAHA","XTZ 700 Tenere","Palmas (Las)","689",1
"YAMAHA","XTZ 700 Tenere","Pontevedra","689",2
"YAMAHA","XTZ 700 Tenere","Santa Cruz de Tenerife","689",5
"YAMAHA","XTZ 700 Tenere","Sevilla","689",12
"YAMAHA","XTZ 700 Tenere","Tarragona","689",2
"YAMAHA","XTZ 700 Tenere","Teruel","689",1
"YAMAHA","XTZ 700 Tenere","Toledo","689",3
"YAMAHA","XTZ 700 Tenere","Valencia/València","689",1
"YAMAHA","XTZ 700 Tenere","Zamora","689",2
"YAMAHA","XTZ 700 Tenere","Zaragoza","689",1
"YAMAHA","YZF-R125","Alicante/Alacant","125",5
"YAMAHA","YZF-R125","Asturias","125",1
"YAMAHA","YZF-R125","Badajoz","125",2
"YAMAHA","YZF-R125","Barcelona","125",12
"YAMAHA","YZF-R125","Bizkaia","125",2
"YAMAHA","YZF-R125","Cáceres","125",1
"YAMAHA","YZF-R125","Cádiz","125",3
"YAMAHA","YZF-R125","Cantabria","125",3
"YAMAHA","YZF-R125","Castellón/Castelló","125",3
"YAMAHA","YZF-R125","Córdoba","125",1
"YAMAHA","YZF-R125","Girona","125",2
"YAMAHA","YZF-R125","Granada","125",1
"YAMAHA","YZF-R125","Guadalajara","125",1
"YAMAHA","YZF-R125","Illes Balears","125",4
"YAMAHA","YZF-R125","Lleida","125",2
"YAMAHA","YZF-R125","Madrid","125",12
"YAMAHA","YZF-R125","Málaga","125",4
"YAMAHA","YZF-R125","Murcia","125",2
"YAMAHA","YZF-R125","Ourense","125",3
"YAMAHA","YZF-R125","Pontevedra","125",2
"YAMAHA","YZF-R125","Rioja (La)","125",2
"YAMAHA","YZF-R125","Santa Cruz de Tenerife","125",1
"YAMAHA","YZF-R125","Sevilla","125",2
"YAMAHA","YZF-R125","Toledo","125",3
"YAMAHA","YZF-R125","Valencia/València","125",9
"YAMAHA","YZF-R125","Valladolid","125",1
"YAMAHA","YZF-R125","Zaragoza","125",3
"YAMAHA","YZF-R3","Alicante/Alacant","321",1
"YAMAHA","YZF-R9","Alicante/Alacant","890",2
"YAMAHA","YZF-R9","Badajoz","890",1
"YAMAHA","YZF-R9","Barcelona","890",2
"YAMAHA","YZF-R9","Burgos","890",1
"YAMAHA","YZF-R9","Cádiz","890",1
"YAMAHA","YZF-R9","Cantabria","890",1
"YAMAHA","YZF-R9","Castellón/Castelló","890",1
"YAMAHA","YZF-R9","Córdoba","890",1
"YAMAHA","YZF-R9","Coruña (A)","890",1
"YAMAHA","YZF-R9","Madrid","890",4
"YAMAHA","YZF-R9","Murcia","890",1
"YAMAHA","YZF-R9","Navarra","890",1
"YAMAHA","YZF-R9","Palmas (Las)","890",1
"YAMAHA","YZF-R9","Pontevedra","890",1
"YAMAHA","YZF-R9","Santa Cruz de Tenerife","890",2
"YAMAHA","YZF-R9","Sevilla","890",2
"YAMAHA","YZF-R9","Toledo","890",1
"YAMAHA","YZF-R9","Valencia/València","890",2
"YAMAHA","YZF-R9","Zaragoza","890",1
"YAMAHA","YZF690-U","Barcelona","689",2
"ZNEN","NVH","Valencia/València","125",8
"ZNEN","P45","Valencia/València","125",2
"ZONTES","125C","Albacete","125",2
"ZONTES","125C","Alicante/Alacant","125",9
"ZONTES","125C","Almería","125",4
"ZONTES","125C","Asturias","125",3
"ZONTES","125C","Badajoz","125",1
"ZONTES","125C","Barcelona","125",15
"ZONTES","125C","Bizkaia","125",1
"ZONTES","125C","Cáceres","125",2
"ZONTES","125C","Cádiz","125",3
"ZONTES","125C","Cantabria","125",1
"ZONTES","125C","Castellón/Castelló","125",2
"ZONTES","125C","Ciudad Real","125",1
"ZONTES","125C","Córdoba","125",2
"ZONTES","125C","Coruña (A)","125",1
"ZONTES","125C","Girona","125",4
"ZONTES","125C","Granada","125",2
"ZONTES","125C","Guadalajara","125",3
"ZONTES","125C","Illes Balears","125",3
"ZONTES","125C","León","125",1
"ZONTES","125C","Lleida","125",2
"ZONTES","125C","Lugo","125",1
"ZONTES","125C","Madrid","125",14
"ZONTES","125C","Málaga","125",7
"ZONTES","125C","Melilla","125",1
"ZONTES","125C","Navarra","125",2
"ZONTES","125C","Palmas (Las)","125",4
"ZONTES","125C","Pontevedra","125",1
"ZONTES","125C","Salamanca","125",1
"ZONTES","125C","Santa Cruz de Tenerife","125",5
"ZONTES","125C","Segovia","125",1
"ZONTES","125C","Sevilla","125",3
"ZONTES","125C","Tarragona","125",1
"ZONTES","125C","Toledo","125",2
"ZONTES","125C","Valencia/València","125",7
"ZONTES","125C","Valladolid","125",3
"ZONTES","125C","Zaragoza","125",1
"ZONTES","125D","Álava/Araba","125",3
"ZONTES","125D","Albacete","125",2
"ZONTES","125D","Alicante/Alacant","125",5
"ZONTES","125D","Almería","125",2
"ZONTES","125D","Barcelona","125",18
"ZONTES","125D","Cáceres","125",1
"ZONTES","125D","Cádiz","125",2
"ZONTES","125D","Cantabria","125",1
"ZONTES","125D","Castellón/Castelló","125",1
"ZONTES","125D","Coruña (A)","125",1
"ZONTES","125D","Girona","125",2
"ZONTES","125D","Granada","125",1
"ZONTES","125D","Illes Balears","125",4
"ZONTES","125D","Jaén","125",1
"ZONTES","125D","Madrid","125",5
"ZONTES","125D","Málaga","125",4
"ZONTES","125D","Melilla","125",1
"ZONTES","125D","Murcia","125",1
"ZONTES","125D","Navarra","125",1
"ZONTES","125D","Palmas (Las)","125",4
"ZONTES","125D","Santa Cruz de Tenerife","125",2
"ZONTES","125D","Sevilla","125",5
"ZONTES","125D","Tarragona","125",3
"ZONTES","125D","Valencia/València","125",8
"ZONTES","125D","Zaragoza","125",2
"ZONTES","125E","Albacete","125",1
"ZONTES","125E","Alicante/Alacant","125",3
"ZONTES","125E","Almería","125",1
"ZONTES","125E","Asturias","125",1
"ZONTES","125E","Barcelona","125",20
"ZONTES","125E","Cáceres","125",1
"ZONTES","125E","Cádiz","125",2
"ZONTES","125E","Castellón/Castelló","125",1
"ZONTES","125E","Coruña (A)","125",1
"ZONTES","125E","Girona","125",2
"ZONTES","125E","Granada","125",3
"ZONTES","125E","Guadalajara","125",2
"ZONTES","125E","Huelva","125",1
"ZONTES","125E","Illes Balears","125",7
"ZONTES","125E","Jaén","125",1
"ZONTES","125E","Madrid","125",14
"ZONTES","125E","Málaga","125",6
"ZONTES","125E","Murcia","125",3
"ZONTES","125E","Palmas (Las)","125",3
"ZONTES","125E","Pontevedra","125",1
"ZONTES","125E","Sevilla","125",3
"ZONTES","125E","Tarragona","125",2
"ZONTES","125E","Valencia/València","125",11
"ZONTES","125E","Valladolid","125",2
"ZONTES","125E","Zaragoza","125",2
"ZONTES","125M","Alicante/Alacant","125",1
"ZONTES","125M","Barcelona","125",3
"ZONTES","125M","Córdoba","125",1
"ZONTES","125M","Granada","125",1
"ZONTES","125M","Guadalajara","125",1
"ZONTES","125M","Madrid","125",3
"ZONTES","125M","Málaga","125",3
"ZONTES","125M","Melilla","125",1
"ZONTES","125M","Palmas (Las)","125",2
"ZONTES","125M","Sevilla","125",1
"ZONTES","125M","Valencia/València","125",2
"ZONTES","125M","Valladolid","125",1
"ZONTES","350D","Barcelona","349",1
"ZONTES","350D","Murcia","349",1
"ZONTES","350E","Barcelona","349",1
"ZONTES","350E","Córdoba","349",1
"ZONTES","350R","Alicante/Alacant","348",1
"ZONTES","350R","Barcelona","348",2
"ZONTES","350R","Illes Balears","348",1
"ZONTES","350R","Madrid","348",2
"ZONTES","350R","Málaga","348",1
"ZONTES","350R","Murcia","348",1
"ZONTES","350R","Salamanca","348",1
"ZONTES","350R","Sevilla","348",1
"ZONTES","350R","Valencia/València","348",2
"ZONTES","350S","Alicante/Alacant","348",1
"ZONTES","350S","Salamanca","348",1
"ZONTES","350X","Málaga","348",1
"ZONTES","368D","Albacete","368",1
"ZONTES","368D","Barcelona","368",2
"ZONTES","368D","Bizkaia","368",1
"ZONTES","368D","Cáceres","368",1
"ZONTES","368D","Cantabria","368",1
"ZONTES","368D","Córdoba","368",3
"ZONTES","368D","Gipuzkoa","368",1
"ZONTES","368D","Granada","368",1
"ZONTES","368D","Huelva","368",1
"ZONTES","368D","Illes Balears","368",1
"ZONTES","368D","Jaén","368",1
"ZONTES","368D","Madrid","368",1
"ZONTES","368D","Málaga","368",2
"ZONTES","368D","Murcia","368",1
"ZONTES","368D","Ourense","368",1
"ZONTES","368D","Palmas (Las)","368",3
"ZONTES","368D","Valencia/València","368",2
"ZONTES","368E","Albacete","368",1
"ZONTES","368E","Alicante/Alacant","368",4
"ZONTES","368E","Almería","368",1
"ZONTES","368E","Asturias","368",1
"ZONTES","368E","Barcelona","368",17
"ZONTES","368E","Bizkaia","368",2
"ZONTES","368E","Cáceres","368",1
"ZONTES","368E","Cádiz","368",1
"ZONTES","368E","Castellón/Castelló","368",1
"ZONTES","368E","Gipuzkoa","368",2
"ZONTES","368E","Granada","368",3
"ZONTES","368E","Illes Balears","368",4
"ZONTES","368E","Madrid","368",11
"ZONTES","368E","Málaga","368",4
"ZONTES","368E","Murcia","368",1
"ZONTES","368E","Navarra","368",1
"ZONTES","368E","Palmas (Las)","368",3
"ZONTES","368E","Pontevedra","368",5
"ZONTES","368E","Rioja (La)","368",2
"ZONTES","368E","Santa Cruz de Tenerife","368",1
"ZONTES","368E","Sevilla","368",3
"ZONTES","368E","Valencia/València","368",7
"ZONTES","368E","Zaragoza","368",1
"ZONTES","368G","Álava/Araba","368",1
"ZONTES","368G","Albacete","368",1
"ZONTES","368G","Alicante/Alacant","368",36
"ZONTES","368G","Almería","368",7
"ZONTES","368G","Asturias","368",10
"ZONTES","368G","Badajoz","368",6
"ZONTES","368G","Barcelona","368",107
"ZONTES","368G","Bizkaia","368",7
"ZONTES","368G","Burgos","368",3
"ZONTES","368G","Cáceres","368",8
"ZONTES","368G","Cádiz","368",27
"ZONTES","368G","Cantabria","368",4
"ZONTES","368G","Castellón/Castelló","368",12
"ZONTES","368G","Ceuta","368",4
"ZONTES","368G","Ciudad Real","368",1
"ZONTES","368G","Córdoba","368",8
"ZONTES","368G","Coruña (A)","368",3
"ZONTES","368G","Cuenca","368",2
"ZONTES","368G","Gipuzkoa","368",6
"ZONTES","368G","Girona","368",10
"ZONTES","368G","Granada","368",12
"ZONTES","368G","Guadalajara","368",1
"ZONTES","368G","Huelva","368",4
"ZONTES","368G","Illes Balears","368",11
"ZONTES","368G","Jaén","368",6
"ZONTES","368G","León","368",1
"ZONTES","368G","Lleida","368",3
"ZONTES","368G","Lugo","368",1
"ZONTES","368G","Madrid","368",51
"ZONTES","368G","Málaga","368",35
"ZONTES","368G","Melilla","368",6
"ZONTES","368G","Murcia","368",14
"ZONTES","368G","Navarra","368",6
"ZONTES","368G","Ourense","368",2
"ZONTES","368G","Palencia","368",1
"ZONTES","368G","Palmas (Las)","368",23
"ZONTES","368G","Pontevedra","368",5
"ZONTES","368G","Rioja (La)","368",3
"ZONTES","368G","Salamanca","368",2
"ZONTES","368G","Santa Cruz de Tenerife","368",13
"ZONTES","368G","Segovia","368",1
"ZONTES","368G","Sevilla","368",25
"ZONTES","368G","Tarragona","368",9
"ZONTES","368G","Toledo","368",3
"ZONTES","368G","Valencia/València","368",26
"ZONTES","368G","Valladolid","368",7
"ZONTES","368G","Zaragoza","368",8
"ZONTES","368K","Albacete","368",1
"ZONTES","368K","Alicante/Alacant","368",5
"ZONTES","368K","Almería","368",1
"ZONTES","368K","Asturias","368",1
"ZONTES","368K","Barcelona","368",18
"ZONTES","368K","Bizkaia","368",2
"ZONTES","368K","Burgos","368",1
"ZONTES","368K","Cádiz","368",2
"ZONTES","368K","Castellón/Castelló","368",2
"ZONTES","368K","Córdoba","368",3
"ZONTES","368K","Cuenca","368",1
"ZONTES","368K","Granada","368",2
"ZONTES","368K","Huelva","368",1
"ZONTES","368K","Jaén","368",1
"ZONTES","368K","Madrid","368",11
"ZONTES","368K","Málaga","368",1
"ZONTES","368K","Palmas (Las)","368",2
"ZONTES","368K","Pontevedra","368",1
"ZONTES","368K","Sevilla","368",1
"ZONTES","368K","Tarragona","368",3
"ZONTES","368K","Toledo","368",1
"ZONTES","368K","Valencia/València","368",3
"ZONTES","368M","Alicante/Alacant","368",1
"ZONTES","368M","Barcelona","368",10
"ZONTES","368M","Córdoba","368",1
"ZONTES","368M","Gipuzkoa","368",1
"ZONTES","368M","Illes Balears","368",5
"ZONTES","368M","Madrid","368",3
"ZONTES","368M","Palmas (Las)","368",2
"ZONTES","368M","Rioja (La)","368",1
"ZONTES","368M","Toledo","368",1
"ZONTES","368M","Valencia/València","368",1
"ZONTES","703F","Álava/Araba","699",1
"ZONTES","703F","Alicante/Alacant","699",6
"ZONTES","703F","Almería","699",1
"ZONTES","703F","Asturias","699",1
"ZONTES","703F","Badajoz","699",3
"ZONTES","703F","Barcelona","699",7
"ZONTES","703F","Cádiz","699",7
"ZONTES","703F","Cantabria","699",1
"ZONTES","703F","Córdoba","699",3
"ZONTES","703F","Coruña (A)","699",2
"ZONTES","703F","Girona","699",1
"ZONTES","703F","Granada","699",2
"ZONTES","703F","Illes Balears","699",1
"ZONTES","703F","León","699",1
"ZONTES","703F","Lleida","699",4
"ZONTES","703F","Lugo","699",1
"ZONTES","703F","Madrid","699",3
"ZONTES","703F","Málaga","699",1
"ZONTES","703F","Palencia","699",1
"ZONTES","703F","Palmas (Las)","699",1
"ZONTES","703F","Pontevedra","699",1
"ZONTES","703F","Santa Cruz de Tenerife","699",1
"ZONTES","703F","Sevilla","699",1
"ZONTES","703F","Toledo","699",1
"ZONTES","703F","Valencia/València","699",8
"ZONTES","703F","Valladolid","699",1
"ZONTES","703F","Zaragoza","699",1
"ZONTES","703RR","Álava/Araba","699",1
"ZONTES","703RR","Albacete","699",1
"ZONTES","703RR","Alicante/Alacant","699",8
"ZONTES","703RR","Almería","699",2
"ZONTES","703RR","Badajoz","699",2
"ZONTES","703RR","Barcelona","699",18
"ZONTES","703RR","Bizkaia","699",2
"ZONTES","703RR","Cádiz","699",5
"ZONTES","703RR","Cantabria","699",1
"ZONTES","703RR","Castellón/Castelló","699",4
"ZONTES","703RR","Ciudad Real","699",1
"ZONTES","703RR","Córdoba","699",2
"ZONTES","703RR","Guadalajara","699",4
"ZONTES","703RR","Illes Balears","699",2
"ZONTES","703RR","León","699",1
"ZONTES","703RR","Madrid","699",18
"ZONTES","703RR","Málaga","699",3
"ZONTES","703RR","Murcia","699",1
"ZONTES","703RR","Palmas (Las)","699",3
"ZONTES","703RR","Pontevedra","699",1
"ZONTES","703RR","Santa Cruz de Tenerife","699",1
"ZONTES","703RR","Sevilla","699",3
"ZONTES","703RR","Teruel","699",1
"ZONTES","703RR","Toledo","699",1
"ZONTES","703RR","Valencia/València","699",16
"ZONTES","703RR","Zaragoza","699",2
"ZONTES","ZT125-G1","Álava/Araba","125",1
"ZONTES","ZT125-G1","Alicante/Alacant","125",4
"ZONTES","ZT125-G1","Almería","125",1
"ZONTES","ZT125-G1","Barcelona","125",6
"ZONTES","ZT125-G1","Cádiz","125",2
"ZONTES","ZT125-G1","Coruña (A)","125",1
"ZONTES","ZT125-G1","Girona","125",2
"ZONTES","ZT125-G1","Guadalajara","125",1
"ZONTES","ZT125-G1","Illes Balears","125",5
"ZONTES","ZT125-G1","León","125",1
"ZONTES","ZT125-G1","Lleida","125",1
"ZONTES","ZT125-G1","Madrid","125",6
"ZONTES","ZT125-G1","Málaga","125",3
"ZONTES","ZT125-G1","Melilla","125",1
"ZONTES","ZT125-G1","Murcia","125",4
"ZONTES","ZT125-G1","Ourense","125",1
"ZONTES","ZT125-G1","Pontevedra","125",2
"ZONTES","ZT125-G1","Tarragona","125",1
"ZONTES","ZT125-G1","Toledo","125",1
"ZONTES","ZT125-G1","Valencia/València","125",4
"ZONTES","ZT125-G1","Valladolid","125",1
"ZONTES","ZT125-GK","Illes Balears","125",1
"ZONTES","ZT125-U","Alicante/Alacant","125",1
"ZONTES","ZT125-U","Barcelona","125",6
"ZONTES","ZT125-U","Cantabria","125",1
"ZONTES","ZT125-U","Córdoba","125",3
"ZONTES","ZT125-U","Coruña (A)","125",1
"ZONTES","ZT125-U","Granada","125",2
"ZONTES","ZT125-U","Huelva","125",1
"ZONTES","ZT125-U","Illes Balears","125",2
"ZONTES","ZT125-U","Lugo","125",1
"ZONTES","ZT125-U","Madrid","125",4
"ZONTES","ZT125-U","Melilla","125",1
"ZONTES","ZT125-U","Navarra","125",1
"ZONTES","ZT125-U","Pontevedra","125",1
"ZONTES","ZT125-U","Toledo","125",1
"ZONTES","ZT125-U","Valencia/València","125",3
"ZONTES","ZT125-U1","Alicante/Alacant","125",1
"ZONTES","ZT125-U1","Barcelona","125",1
"ZONTES","ZT125-U1","Cádiz","125",1
"ZONTES","ZT125-U1","Castellón/Castelló","125",1
"ZONTES","ZT125-U1","Girona","125",1
"ZONTES","ZT125-U1","Madrid","125",3
"ZONTES","ZT125-U1","Málaga","125",1
"ZONTES","ZT125-U1","Navarra","125",1
"ZONTES","ZT125-U1","Toledo","125",1
"ZONTES","ZT125-U1","Valladolid","125",1
"ZONTES","ZT125-Z2","Álava/Araba","125",1
"ZONTES","ZT125-Z2","Albacete","125",1
"ZONTES","ZT125-Z2","Alicante/Alacant","125",4
"ZONTES","ZT125-Z2","Almería","125",2
"ZONTES","ZT125-Z2","Badajoz","125",1
"ZONTES","ZT125-Z2","Barcelona","125",9
"ZONTES","ZT125-Z2","Bizkaia","125",1
"ZONTES","ZT125-Z2","Cádiz","125",2
"ZONTES","ZT125-Z2","Castellón/Castelló","125",1
"ZONTES","ZT125-Z2","Cuenca","125",1
"ZONTES","ZT125-Z2","Gipuzkoa","125",1
"ZONTES","ZT125-Z2","Girona","125",1
"ZONTES","ZT125-Z2","Illes Balears","125",2
"ZONTES","ZT125-Z2","Jaén","125",1
"ZONTES","ZT125-Z2","Madrid","125",6
"ZONTES","ZT125-Z2","Málaga","125",2
"ZONTES","ZT125-Z2","Murcia","125",2
"ZONTES","ZT125-Z2","Palencia","125",1
"ZONTES","ZT125-Z2","Palmas (Las)","125",1
"ZONTES","ZT125-Z2","Sevilla","125",3
"ZONTES","ZT125-Z2","Tarragona","125",1
"ZONTES","ZT125-Z2","Toledo","125",2
"ZONTES","ZT125-Z2","Valencia/València","125",7
"ZONTES","ZT125-Z2","Zaragoza","125",1
