MARCA_ITV,MODELO_ITV,PROVINCIA_VEH,CILINDRADA_ITV,COUNT
"AJP","AJP PR7","Barcelona","600",2
"AJP","AJP PR7","Castellón/Castelló","600",1
"AJP","AJP PR7","Illes Balears","600",1
"AJP","AJP PR7","Madrid","600",1
"AJP","AJP PR7","Málaga","600",2
"AJP","AJP PR7","Murcia","600",1
"AJP","AJP PR7","Sevilla","600",1
"AJP","AJP PR7","Valencia/València","600",1
"AJP","AJP PR7","Zaragoza","600",1
"ALPINA DI RENANIA","STRADA 125CC","Barcelona","125",1
"APRILIA","RS 125","Barcelona","124",2
"APRILIA","RS 125","Castellón/Castelló","124",1
"APRILIA","RS 125","Coruña (A)","124",1
"APRILIA","RS 125","Granada","124",1
"APRILIA","RS 125","Sevilla","124",1
"APRILIA","RS 125","Zamora","124",1
"APRILIA","RS 457","Alicante/Alacant","457",2
"APRILIA","RS 457","Barcelona","457",6
"APRILIA","RS 457","Cantabria","457",1
"APRILIA","RS 457","Granada","457",2
"APRILIA","RS 457","Madrid","457",1
"APRILIA","RS 457","Sevilla","457",1
"APRILIA","RS 457","Valencia/València","457",2
"APRILIA","RS 660","Álava/Araba","659",1
"APRILIA","RS 660","Albacete","659",1
"APRILIA","RS 660","Alicante/Alacant","659",2
"APRILIA","RS 660","Almería","659",1
"APRILIA","RS 660","Asturias","659",1
"APRILIA","RS 660","Badajoz","659",1
"APRILIA","RS 660","Barcelona","659",7
"APRILIA","RS 660","Bizkaia","659",1
"APRILIA","RS 660","Cantabria","659",1
"APRILIA","RS 660","Illes Balears","659",1
"APRILIA","RS 660","Lleida","659",1
"APRILIA","RS 660","Madrid","659",9
"APRILIA","RS 660","Málaga","659",2
"APRILIA","RS 660","Palmas (Las)","659",1
"APRILIA","RS 660","Santa Cruz de Tenerife","659",2
"APRILIA","RS 660","Sevilla","659",3
"APRILIA","RS 660","Tarragona","659",1
"APRILIA","RS 660","Toledo","659",2
"APRILIA","RS 660","Valencia/València","659",4
"APRILIA","RSV4","Alicante/Alacant","1099",1
"APRILIA","RSV4","Coruña (A)","1099",1
"APRILIA","RSV4","Málaga","1099",2
"APRILIA","RX 125","Badajoz","124",3
"APRILIA","RX 125","Cáceres","124",1
"APRILIA","RX 125","Cádiz","124",2
"APRILIA","RX 125","Córdoba","124",1
"APRILIA","RX 125","Huelva","124",1
"APRILIA","RX 125","Huesca","124",1
"APRILIA","RX 125","Lleida","124",1
"APRILIA","RX 125","Madrid","124",2
"APRILIA","RX 125","Málaga","124",1
"APRILIA","RX 125","Murcia","124",1
"APRILIA","RX 125","Palmas (Las)","124",1
"APRILIA","RX 125","Sevilla","124",3
"APRILIA","RX 125","Tarragona","124",2
"APRILIA","RX 125","Toledo","124",1
"APRILIA","RX 125","Valencia/València","124",2
"APRILIA","SR GT 125","Alicante/Alacant","125",2
"APRILIA","SR GT 125","Barcelona","125",2
"APRILIA","SR GT 125","Bizkaia","125",1
"APRILIA","SR GT 125","Cádiz","125",6
"APRILIA","SR GT 125","Córdoba","125",1
"APRILIA","SR GT 125","Gipuzkoa","125",1
"APRILIA","SR GT 125","Girona","125",1
"APRILIA","SR GT 125","Huelva","125",1
"APRILIA","SR GT 125","Illes Balears","125",1
"APRILIA","SR GT 125","Málaga","125",4
"APRILIA","SR GT 125","Melilla","125",1
"APRILIA","SR GT 125","Palmas (Las)","125",2
"APRILIA","SR GT 125","Pontevedra","125",1
"APRILIA","SR GT 125","Santa Cruz de Tenerife","125",5
"APRILIA","SR GT 125","Sevilla","125",5
"APRILIA","SR GT 200","Cádiz","174",1
"APRILIA","SR GT 200","Guadalajara","174",1
"APRILIA","SR GT 200","Illes Balears","174",1
"APRILIA","SX 125","Alicante/Alacant","124",1
"APRILIA","SX 125","Barcelona","124",4
"APRILIA","SX 125","Bizkaia","124",1
"APRILIA","SX 125","Huelva","124",1
"APRILIA","SX 125","Illes Balears","124",2
"APRILIA","SX 125","Murcia","124",2
"APRILIA","SX 125","Navarra","124",1
"APRILIA","SX 125","Ourense","124",1
"APRILIA","SX 125","Rioja (La)","124",1
"APRILIA","SX 125","Santa Cruz de Tenerife","124",1
"APRILIA","SX 125","Valencia/València","124",1
"APRILIA","SX 125","Valladolid","124",1
"APRILIA","TUAREG 660","Albacete","659",2
"APRILIA","TUAREG 660","Ávila","659",1
"APRILIA","TUAREG 660","Barcelona","659",3
"APRILIA","TUAREG 660","Cádiz","659",3
"APRILIA","TUAREG 660","Cuenca","659",1
"APRILIA","TUAREG 660","Gipuzkoa","659",1
"APRILIA","TUAREG 660","León","659",1
"APRILIA","TUAREG 660","Lleida","659",1
"APRILIA","TUAREG 660","Madrid","659",6
"APRILIA","TUAREG 660","Málaga","659",3
"APRILIA","TUAREG 660","Palmas (Las)","659",1
"APRILIA","TUAREG 660","Sevilla","659",1
"APRILIA","TUAREG 660","Tarragona","659",1
"APRILIA","TUONO 125","Barcelona","124",1
"APRILIA","TUONO 125","Murcia","124",2
"APRILIA","TUONO 125","Tarragona","124",1
"APRILIA","TUONO 457","Málaga","457",1
"APRILIA","TUONO 457","Sevilla","457",4
"APRILIA","TUONO 457","Soria","457",1
"APRILIA","TUONO 660 FACTORY","Albacete","659",1
"APRILIA","TUONO 660 FACTORY","Barcelona","659",2
"APRILIA","TUONO 660 FACTORY","Madrid","659",1
"APRILIA","TUONO 660 FACTORY","Murcia","659",1
"APRILIA","TUONO V4","Alicante/Alacant","1077",1
"APRILIA","TUONO V4","Barcelona","1077",1
"APRILIA","TUONO V4","León","1077",1
"APRILIA","TUONO V4","Murcia","1077",1
"APRILIA","TUONO V4","Navarra","1077",1
"APRILIA","TUONO V4","Sevilla","1077",2
"APRILIA","TUONO V4","Zamora","1077",1
"ARIIC","ARIIC 108","Alicante/Alacant","117",1
"ARIIC","ARIIC 108","Almería","117",3
"ARIIC","ARIIC 108","Cádiz","117",1
"ARIIC","ARIIC 108","Cantabria","117",1
"ARIIC","ARIIC 108","Ceuta","117",1
"ARIIC","ARIIC 108","Córdoba","117",1
"ARIIC","ARIIC 108","Jaén","117",1
"ARIIC","ARIIC 108","Madrid","117",6
"ARIIC","ARIIC 108","Málaga","117",1
"ARIIC","ARIIC 108","Palmas (Las)","117",1
"ARIIC","ARIIC 318","Sevilla","276",2
"BAJAJ","DOMINAR D 400","Almería","373",1
"BAJAJ","DOMINAR D 400","Barcelona","373",1
"BAJAJ","DOMINAR D 400","Bizkaia","373",3
"BAJAJ","DOMINAR D 400","Burgos","373",1
"BAJAJ","DOMINAR D 400","Castellón/Castelló","373",1
"BAJAJ","DOMINAR D 400","Coruña (A)","373",1
"BAJAJ","DOMINAR D 400","Girona","373",1
"BAJAJ","DOMINAR D 400","Madrid","373",2
"BAJAJ","DOMINAR D 400","Valencia/València","373",2
"BAJAJ","PULSAR NS 125","Almería","124",1
"BAJAJ","PULSAR NS 125","Badajoz","124",1
"BAJAJ","PULSAR NS 125","Barcelona","124",3
"BAJAJ","PULSAR NS 125","Bizkaia","124",3
"BAJAJ","PULSAR NS 125","Cantabria","124",1
"BAJAJ","PULSAR NS 125","Castellón/Castelló","124",1
"BAJAJ","PULSAR NS 125","Guadalajara","124",1
"BAJAJ","PULSAR NS 125","Madrid","124",10
"BAJAJ","PULSAR NS 125","Murcia","124",1
"BAJAJ","PULSAR NS 125","Sevilla","124",3
"BAJAJ","PULSAR NS 125","Teruel","124",1
"BAJAJ","PULSAR NS 125","Valencia/València","124",4
"BAJAJ","PULSAR NS 125","Valladolid","124",1
"BENDA","CHINCHILLA","Álava/Araba","476",1
"BENDA","CHINCHILLA","Cáceres","476",1
"BENDA","CHINCHILLA","León","476",1
"BENDA","CHINCHILLA","Madrid","476",2
"BENDA","CHINCHILLA","Málaga","476",1
"BENDA","CHINCHILLA","Santa Cruz de Tenerife","476",1
"BENDA","CHINCHILLA","Valencia/València","476",1
"BENDA","LFC700","Alicante/Alacant","677",1
"BENDA","LFC700","Barcelona","677",1
"BENDA","LFC700","Castellón/Castelló","677",1
"BENDA","LFC700","Gipuzkoa","677",1
"BENDA","LFC700","Lleida","677",1
"BENDA","LFC700","Madrid","677",3
"BENDA","LFC700","Murcia","677",1
"BENDA","LFC700","Salamanca","677",1
"BENDA","LFC700","Toledo","677",1
"BENDA","NAPOLEON","Alicante/Alacant","476",1
"BENDA","NAPOLEON","Badajoz","476",1
"BENDA","NAPOLEON","Barcelona","476",1
"BENDA","NAPOLEON","Castellón/Castelló","476",1
"BENDA","NAPOLEON","Coruña (A)","476",1
"BENDA","NAPOLEON","Girona","476",2
"BENDA","NAPOLEON","Granada","476",1
"BENDA","NAPOLEON","Illes Balears","476",1
"BENDA","NAPOLEON","Jaén","476",1
"BENDA","NAPOLEON","León","476",1
"BENDA","NAPOLEON","Madrid","476",8
"BENDA","NAPOLEON","Málaga","476",1
"BENDA","NAPOLEON","Murcia","476",1
"BENDA","NAPOLEON","Palmas (Las)","476",1
"BENDA","NAPOLEON","Pontevedra","476",2
"BENDA","NAPOLEON","Santa Cruz de Tenerife","476",1
"BENDA","NAPOLEON","Sevilla","476",1
"BENDA","NAPOLEON","Valencia/València","476",1
"BENDA","NAPOLEON","Valladolid","476",1
"BENDA","NAPOLEON","Zaragoza","476",1
"BENELLI","125 2C SPORT","Illes Balears","125",1
"BENELLI","502C CRUISER","Sevilla","500",1
"BENELLI","BN125","Albacete","125",1
"BENELLI","BN125","Alicante/Alacant","125",1
"BENELLI","BN125","Asturias","125",1
"BENELLI","BN125","Badajoz","125",1
"BENELLI","BN125","Barcelona","125",3
"BENELLI","BN125","Bizkaia","125",1
"BENELLI","BN125","Cádiz","125",1
"BENELLI","BN125","Cantabria","125",3
"BENELLI","BN125","Castellón/Castelló","125",1
"BENELLI","BN125","Girona","125",4
"BENELLI","BN125","Guadalajara","125",1
"BENELLI","BN125","Huesca","125",1
"BENELLI","BN125","Illes Balears","125",1
"BENELLI","BN125","Lugo","125",2
"BENELLI","BN125","Madrid","125",4
"BENELLI","BN125","Málaga","125",2
"BENELLI","BN125","Ourense","125",1
"BENELLI","BN125","Pontevedra","125",1
"BENELLI","BN125","Sevilla","125",5
"BENELLI","BN125","Toledo","125",1
"BENELLI","BN125","Valencia/València","125",2
"BENELLI","BN125","Zaragoza","125",1
"BENELLI","IMPERIALE 400","Alicante/Alacant","374",1
"BENELLI","LEONCINO 125","Badajoz","125",1
"BENELLI","LEONCINO 125","Barcelona","125",1
"BENELLI","LEONCINO 125","Coruña (A)","125",1
"BENELLI","LEONCINO 125","Málaga","125",1
"BENELLI","LEONCINO 250","Navarra","249",1
"BENELLI","LEONCINO 500","Barcelona","500",1
"BENELLI","LEONCINO 500","Bizkaia","500",1
"BENELLI","LEONCINO 500 TRAIL","Lleida","500",1
"BENELLI","LEONCINO 500 TRAIL","Madrid","500",1
"BENELLI","LEONCINO 800","Badajoz","754",1
"BENELLI","LEONCINO 800","Córdoba","754",1
"BENELLI","LEONCINO 800","Málaga","754",1
"BENELLI","LEONCINO 800","Zamora","754",1
"BENELLI","LEONCINO 800 TRAIL","Coruña (A)","754",1
"BENELLI","LEONCINO 800 TRAIL","Madrid","754",1
"BENELLI","LEONCINO 800 TRAIL","Pontevedra","754",1
"BENELLI","LEONCINO 800 TRAIL","Valencia/València","754",1
"BENELLI","TNT 125","Almería","125",1
"BENELLI","TNT 125","Illes Balears","125",1
"BENELLI","TNT 125","Madrid","125",1
"BENELLI","TNT 125","Palmas (Las)","125",2
"BENELLI","TNT 125","Zaragoza","125",1
"BENELLI","TORNADO 550","Barcelona","554",1
"BENELLI","TORNADO 550","Valencia/València","554",1
"BENELLI","TRK 502 X","Ávila","500",1
"BENELLI","TRK 502 X","Castellón/Castelló","500",1
"BENELLI","TRK 502 X","Córdoba","500",1
"BENELLI","TRK 502 X","Madrid","500",1
"BENELLI","TRK 502 X","Sevilla","500",1
"BENELLI","TRK 702","Albacete","698",1
"BENELLI","TRK 702","Alicante/Alacant","698",4
"BENELLI","TRK 702","Asturias","698",4
"BENELLI","TRK 702","Ávila","698",2
"BENELLI","TRK 702","Badajoz","698",1
"BENELLI","TRK 702","Barcelona","698",4
"BENELLI","TRK 702","Bizkaia","698",2
"BENELLI","TRK 702","Cáceres","698",1
"BENELLI","TRK 702","Cádiz","698",3
"BENELLI","TRK 702","Cantabria","698",1
"BENELLI","TRK 702","Castellón/Castelló","698",2
"BENELLI","TRK 702","Coruña (A)","698",1
"BENELLI","TRK 702","Huelva","698",3
"BENELLI","TRK 702","Madrid","698",6
"BENELLI","TRK 702","Málaga","698",3
"BENELLI","TRK 702","Murcia","698",2
"BENELLI","TRK 702","Pontevedra","698",1
"BENELLI","TRK 702","Sevilla","698",1
"BENELLI","TRK 702","Tarragona","698",2
"BENELLI","TRK 702","Toledo","698",3
"BENELLI","TRK 702","Valencia/València","698",5
"BENELLI","TRK 702","Zamora","698",1
"BENELLI","TRK502","Cantabria","500",1
"BENELLI","TRK502","Granada","500",1
"BENELLI","TRK502","Huelva","500",1
"BENELLI","TRK502","Lugo","500",1
"BENELLI","TRK502","Murcia","500",1
"BENELLI","TRK502","Valencia/València","500",1
"BENELLI","TRK502","Valladolid","500",1
"BETA","--","Madrid","293",1
"BETA","EVO 2T 300 FACTORY MY2","Barcelona","297",1
"BETA","N/A","Albacete","293",1
"BETA","N/A","Alicante/Alacant","293",1
"BETA","N/A","Almería","293",2
"BETA","N/A","Asturias","293",3
"BETA","N/A","Badajoz","293",1
"BETA","N/A","Barcelona","293",10
"BETA","N/A","Bizkaia","293",1
"BETA","N/A","Cáceres","293",1
"BETA","N/A","Cádiz","293",5
"BETA","N/A","Cantabria","293",2
"BETA","N/A","Castellón/Castelló","293",1
"BETA","N/A","Córdoba","293",1
"BETA","N/A","Coruña (A)","293",2
"BETA","N/A","Gipuzkoa","293",1
"BETA","N/A","Girona","293",4
"BETA","N/A","Granada","293",3
"BETA","N/A","Guadalajara","293",1
"BETA","N/A","Jaén","293",1
"BETA","N/A","León","293",1
"BETA","N/A","Lleida","293",1
"BETA","N/A","Madrid","293",4
"BETA","N/A","Málaga","293",1
"BETA","N/A","Palencia","293",1
"BETA","N/A","Palmas (Las)","293",1
"BETA","N/A","Salamanca","293",1
"BETA","N/A","Santa Cruz de Tenerife","293",3
"BETA","N/A","Sevilla","293",2
"BETA","N/A","Tarragona","293",1
"BETA","N/A","Teruel","293",1
"BETA","N/A","Toledo","293",1
"BETA","N/A","Valencia/València","293",2
"BETA","N/A","Zaragoza","293",1
"BETA","RR 125 LC MY21","Tarragona","125",1
"BETA","RR 2T 125 RACING MY24","Toledo","125",1
"BETA","RR 4T 350 MY24","Girona","349",1
"BMW","BMW R61","Cádiz","596",1
"BMW","C 400 GT","Álava/Araba","350",1
"BMW","C 400 GT","Albacete","350",1
"BMW","C 400 GT","Alicante/Alacant","350",5
"BMW","C 400 GT","Almería","350",1
"BMW","C 400 GT","Asturias","350",1
"BMW","C 400 GT","Barcelona","350",20
"BMW","C 400 GT","Bizkaia","350",1
"BMW","C 400 GT","Cádiz","350",2
"BMW","C 400 GT","Castellón/Castelló","350",4
"BMW","C 400 GT","Ceuta","350",1
"BMW","C 400 GT","Córdoba","350",3
"BMW","C 400 GT","Cuenca","350",1
"BMW","C 400 GT","Girona","350",2
"BMW","C 400 GT","Granada","350",1
"BMW","C 400 GT","Illes Balears","350",8
"BMW","C 400 GT","Jaén","350",1
"BMW","C 400 GT","León","350",1
"BMW","C 400 GT","Madrid","350",14
"BMW","C 400 GT","Málaga","350",3
"BMW","C 400 GT","Murcia","350",5
"BMW","C 400 GT","Ourense","350",1
"BMW","C 400 GT","Palencia","350",1
"BMW","C 400 GT","Palmas (Las)","350",1
"BMW","C 400 GT","Santa Cruz de Tenerife","350",3
"BMW","C 400 GT","Sevilla","350",1
"BMW","C 400 GT","Tarragona","350",3
"BMW","C 400 GT","Toledo","350",1
"BMW","C 400 GT","Valencia/València","350",10
"BMW","C 400 GT","Zaragoza","350",1
"BMW","C 400 X","Alicante/Alacant","350",1
"BMW","C 400 X","Almería","350",1
"BMW","C 400 X","Asturias","350",3
"BMW","C 400 X","Ávila","350",1
"BMW","C 400 X","Badajoz","350",1
"BMW","C 400 X","Barcelona","350",14
"BMW","C 400 X","Bizkaia","350",2
"BMW","C 400 X","Cádiz","350",3
"BMW","C 400 X","Castellón/Castelló","350",1
"BMW","C 400 X","Ceuta","350",1
"BMW","C 400 X","Ciudad Real","350",1
"BMW","C 400 X","Córdoba","350",1
"BMW","C 400 X","Girona","350",2
"BMW","C 400 X","Granada","350",3
"BMW","C 400 X","Guadalajara","350",1
"BMW","C 400 X","Huesca","350",1
"BMW","C 400 X","Illes Balears","350",13
"BMW","C 400 X","Lleida","350",1
"BMW","C 400 X","Madrid","350",16
"BMW","C 400 X","Málaga","350",2
"BMW","C 400 X","Murcia","350",1
"BMW","C 400 X","Navarra","350",3
"BMW","C 400 X","Pontevedra","350",1
"BMW","C 400 X","Santa Cruz de Tenerife","350",1
"BMW","C 400 X","Sevilla","350",3
"BMW","C 400 X","Valencia/València","350",2
"BMW","C 400 X","Zaragoza","350",1
"BMW","F 800 GS","Álava/Araba","895",1
"BMW","F 800 GS","Albacete","895",3
"BMW","F 800 GS","Alicante/Alacant","895",7
"BMW","F 800 GS","Almería","895",1
"BMW","F 800 GS","Asturias","895",1
"BMW","F 800 GS","Badajoz","895",1
"BMW","F 800 GS","Barcelona","895",20
"BMW","F 800 GS","Bizkaia","895",1
"BMW","F 800 GS","Burgos","895",1
"BMW","F 800 GS","Cádiz","895",4
"BMW","F 800 GS","Cantabria","895",2
"BMW","F 800 GS","Castellón/Castelló","895",1
"BMW","F 800 GS","Ceuta","895",1
"BMW","F 800 GS","Coruña (A)","895",2
"BMW","F 800 GS","Gipuzkoa","895",1
"BMW","F 800 GS","Girona","895",5
"BMW","F 800 GS","Granada","895",2
"BMW","F 800 GS","Huelva","895",1
"BMW","F 800 GS","Jaén","895",1
"BMW","F 800 GS","Lleida","895",3
"BMW","F 800 GS","Madrid","895",17
"BMW","F 800 GS","Málaga","895",8
"BMW","F 800 GS","Murcia","895",5
"BMW","F 800 GS","Navarra","895",1
"BMW","F 800 GS","Palmas (Las)","895",1
"BMW","F 800 GS","Pontevedra","895",1
"BMW","F 800 GS","Rioja (La)","895",1
"BMW","F 800 GS","Santa Cruz de Tenerife","895",1
"BMW","F 800 GS","Sevilla","895",5
"BMW","F 800 GS","Tarragona","895",2
"BMW","F 800 GS","Toledo","895",1
"BMW","F 800 GS","Valencia/València","895",11
"BMW","F 800 GS","Valladolid","895",1
"BMW","F 800 GS","Zaragoza","895",1
"BMW","F 900 GS","Albacete","895",3
"BMW","F 900 GS","Alicante/Alacant","895",5
"BMW","F 900 GS","Almería","895",4
"BMW","F 900 GS","Asturias","895",2
"BMW","F 900 GS","Badajoz","895",3
"BMW","F 900 GS","Barcelona","895",21
"BMW","F 900 GS","Bizkaia","895",1
"BMW","F 900 GS","Burgos","895",2
"BMW","F 900 GS","Cádiz","895",5
"BMW","F 900 GS","Cantabria","895",2
"BMW","F 900 GS","Castellón/Castelló","895",3
"BMW","F 900 GS","Ciudad Real","895",2
"BMW","F 900 GS","Córdoba","895",3
"BMW","F 900 GS","Coruña (A)","895",2
"BMW","F 900 GS","Girona","895",2
"BMW","F 900 GS","Granada","895",9
"BMW","F 900 GS","Huelva","895",2
"BMW","F 900 GS","Huesca","895",1
"BMW","F 900 GS","Illes Balears","895",8
"BMW","F 900 GS","Jaén","895",1
"BMW","F 900 GS","León","895",2
"BMW","F 900 GS","Lleida","895",3
"BMW","F 900 GS","Lugo","895",1
"BMW","F 900 GS","Madrid","895",23
"BMW","F 900 GS","Málaga","895",16
"BMW","F 900 GS","Murcia","895",7
"BMW","F 900 GS","Navarra","895",2
"BMW","F 900 GS","Palmas (Las)","895",3
"BMW","F 900 GS","Pontevedra","895",2
"BMW","F 900 GS","Santa Cruz de Tenerife","895",5
"BMW","F 900 GS","Sevilla","895",5
"BMW","F 900 GS","Soria","895",1
"BMW","F 900 GS","Tarragona","895",3
"BMW","F 900 GS","Valencia/València","895",4
"BMW","F 900 GS","Valladolid","895",1
"BMW","F 900 GS","Zaragoza","895",1
"BMW","F 900 GS ADVENTURE","Alicante/Alacant","895",1
"BMW","F 900 GS ADVENTURE","Asturias","895",3
"BMW","F 900 GS ADVENTURE","Ávila","895",2
"BMW","F 900 GS ADVENTURE","Badajoz","895",2
"BMW","F 900 GS ADVENTURE","Barcelona","895",4
"BMW","F 900 GS ADVENTURE","Bizkaia","895",1
"BMW","F 900 GS ADVENTURE","Cádiz","895",1
"BMW","F 900 GS ADVENTURE","Castellón/Castelló","895",1
"BMW","F 900 GS ADVENTURE","Ciudad Real","895",1
"BMW","F 900 GS ADVENTURE","Córdoba","895",1
"BMW","F 900 GS ADVENTURE","Gipuzkoa","895",1
"BMW","F 900 GS ADVENTURE","Girona","895",1
"BMW","F 900 GS ADVENTURE","Illes Balears","895",3
"BMW","F 900 GS ADVENTURE","Madrid","895",6
"BMW","F 900 GS ADVENTURE","Málaga","895",7
"BMW","F 900 GS ADVENTURE","Murcia","895",1
"BMW","F 900 GS ADVENTURE","Navarra","895",1
"BMW","F 900 GS ADVENTURE","Santa Cruz de Tenerife","895",1
"BMW","F 900 GS ADVENTURE","Sevilla","895",1
"BMW","F 900 GS ADVENTURE","Tarragona","895",2
"BMW","F 900 GS ADVENTURE","Toledo","895",1
"BMW","F 900 GS ADVENTURE","Valencia/València","895",6
"BMW","F 900 GS ADVENTURE","Valladolid","895",2
"BMW","F 900 GS ADVENTURE","Zamora","895",2
"BMW","F 900 GS ADVENTURE","Zaragoza","895",2
"BMW","F 900 R","Albacete","895",1
"BMW","F 900 R","Alicante/Alacant","895",2
"BMW","F 900 R","Almería","895",1
"BMW","F 900 R","Barcelona","895",8
"BMW","F 900 R","Bizkaia","895",1
"BMW","F 900 R","Cádiz","895",1
"BMW","F 900 R","Cantabria","895",1
"BMW","F 900 R","Coruña (A)","895",2
"BMW","F 900 R","Girona","895",1
"BMW","F 900 R","Granada","895",2
"BMW","F 900 R","Guadalajara","895",1
"BMW","F 900 R","Illes Balears","895",2
"BMW","F 900 R","Madrid","895",7
"BMW","F 900 R","Málaga","895",8
"BMW","F 900 R","Murcia","895",2
"BMW","F 900 R","Navarra","895",1
"BMW","F 900 R","Pontevedra","895",2
"BMW","F 900 R","Salamanca","895",1
"BMW","F 900 R","Santa Cruz de Tenerife","895",2
"BMW","F 900 R","Sevilla","895",2
"BMW","F 900 R","Tarragona","895",4
"BMW","F 900 R","Valencia/València","895",2
"BMW","F 900 R","Valladolid","895",1
"BMW","F 900 R","Zaragoza","895",2
"BMW","F 900 R A2","Albacete","895",1
"BMW","F 900 R A2","Alicante/Alacant","895",1
"BMW","F 900 R A2","Almería","895",1
"BMW","F 900 R A2","Badajoz","895",1
"BMW","F 900 R A2","Barcelona","895",4
"BMW","F 900 R A2","Gipuzkoa","895",1
"BMW","F 900 R A2","Illes Balears","895",1
"BMW","F 900 R A2","Madrid","895",2
"BMW","F 900 R A2","Murcia","895",1
"BMW","F 900 R A2","Santa Cruz de Tenerife","895",2
"BMW","F 900 R A2","Tarragona","895",1
"BMW","F 900 R A2","Toledo","895",1
"BMW","F 900 R A2","Valencia/València","895",4
"BMW","F 900 XR","Alicante/Alacant","895",3
"BMW","F 900 XR","Almería","895",1
"BMW","F 900 XR","Asturias","895",3
"BMW","F 900 XR","Badajoz","895",2
"BMW","F 900 XR","Barcelona","895",7
"BMW","F 900 XR","Bizkaia","895",3
"BMW","F 900 XR","Cádiz","895",2
"BMW","F 900 XR","Cantabria","895",3
"BMW","F 900 XR","Castellón/Castelló","895",4
"BMW","F 900 XR","Ciudad Real","895",1
"BMW","F 900 XR","Gipuzkoa","895",1
"BMW","F 900 XR","Granada","895",2
"BMW","F 900 XR","Huelva","895",1
"BMW","F 900 XR","Illes Balears","895",1
"BMW","F 900 XR","León","895",1
"BMW","F 900 XR","Lleida","895",1
"BMW","F 900 XR","Madrid","895",9
"BMW","F 900 XR","Málaga","895",4
"BMW","F 900 XR","Murcia","895",3
"BMW","F 900 XR","Navarra","895",1
"BMW","F 900 XR","Ourense","895",1
"BMW","F 900 XR","Palmas (Las)","895",1
"BMW","F 900 XR","Sevilla","895",2
"BMW","F 900 XR","Tarragona","895",3
"BMW","F 900 XR","Valencia/València","895",2
"BMW","F 900 XR","Zamora","895",2
"BMW","F 900 XR","Zaragoza","895",1
"BMW","F 900 XR A2","Barcelona","895",4
"BMW","F 900 XR A2","Bizkaia","895",1
"BMW","F 900 XR A2","Cádiz","895",2
"BMW","F 900 XR A2","Castellón/Castelló","895",1
"BMW","F 900 XR A2","Illes Balears","895",1
"BMW","F 900 XR A2","Madrid","895",2
"BMW","F 900 XR A2","Málaga","895",2
"BMW","F 900 XR A2","Valencia/València","895",1
"BMW","G 310 GS","Alicante/Alacant","313",2
"BMW","G 310 GS","Barcelona","313",1
"BMW","G 310 GS","Burgos","313",1
"BMW","G 310 GS","Cádiz","313",1
"BMW","G 310 GS","Cantabria","313",1
"BMW","G 310 GS","Guadalajara","313",1
"BMW","G 310 GS","Illes Balears","313",2
"BMW","G 310 GS","Madrid","313",3
"BMW","G 310 GS","Murcia","313",1
"BMW","G 310 GS","Salamanca","313",1
"BMW","G 310 GS","Valencia/València","313",1
"BMW","G 310 GS","Zaragoza","313",1
"BMW","G 310 R","Barcelona","313",1
"BMW","G 310 R","Cádiz","313",1
"BMW","G 310 R","Castellón/Castelló","313",1
"BMW","G 310 R","Ciudad Real","313",1
"BMW","K 1600 GT","Alicante/Alacant","1649",1
"BMW","K 1600 GT","Barcelona","1649",1
"BMW","K 1600 GT","Madrid","1649",1
"BMW","K 1600 GT","Salamanca","1649",1
"BMW","K 1600 GT","Valencia/València","1649",2
"BMW","K 1600 GTL","Gipuzkoa","1649",2
"BMW","K 1600 GTL","Illes Balears","1649",1
"BMW","K 1600 GTL","Madrid","1649",2
"BMW","K 1600 GTL","Málaga","1649",1
"BMW","K 1600 GTL","Murcia","1649",1
"BMW","M 1000 R","Barcelona","999",1
"BMW","M 1000 R","Burgos","999",1
"BMW","M 1000 R","Lleida","999",2
"BMW","M 1000 R","Madrid","999",2
"BMW","M 1000 R","Palmas (Las)","999",1
"BMW","M 1000 R","Zaragoza","999",1
"BMW","M 1000 RR","Barcelona","999",1
"BMW","M 1000 RR","Málaga","999",1
"BMW","M 1000 XR","Barcelona","999",2
"BMW","M 1000 XR","Burgos","999",1
"BMW","M 1000 XR","Cantabria","999",1
"BMW","M 1000 XR","Ciudad Real","999",1
"BMW","M 1000 XR","Gipuzkoa","999",2
"BMW","M 1000 XR","Girona","999",2
"BMW","M 1000 XR","Granada","999",1
"BMW","M 1000 XR","Illes Balears","999",1
"BMW","M 1000 XR","Málaga","999",1
"BMW","M 1000 XR","Palencia","999",1
"BMW","M 1000 XR","Sevilla","999",1
"BMW","M 1000 XR","Valencia/València","999",2
"BMW","M 1000 XR","Zaragoza","999",1
"BMW","R 12","Barcelona","1170",1
"BMW","R 12","Madrid","1170",3
"BMW","R 12","Murcia","1170",1
"BMW","R 12","Valencia/València","1170",2
"BMW","R 12 G/S","Madrid","1170",2
"BMW","R 12 NINET","Álava/Araba","1170",1
"BMW","R 12 NINET","Alicante/Alacant","1170",1
"BMW","R 12 NINET","Asturias","1170",1
"BMW","R 12 NINET","Barcelona","1170",5
"BMW","R 12 NINET","Cantabria","1170",1
"BMW","R 12 NINET","Castellón/Castelló","1170",1
"BMW","R 12 NINET","Coruña (A)","1170",1
"BMW","R 12 NINET","Illes Balears","1170",1
"BMW","R 12 NINET","Madrid","1170",6
"BMW","R 12 NINET","Málaga","1170",1
"BMW","R 12 NINET","Murcia","1170",1
"BMW","R 12 NINET","Pontevedra","1170",2
"BMW","R 12 NINET","Santa Cruz de Tenerife","1170",1
"BMW","R 12 NINET","Sevilla","1170",1
"BMW","R 12 NINET","Valencia/València","1170",1
"BMW","R 12 NINET","Valladolid","1170",1
"BMW","R 12 NINET A2","Málaga","1170",1
"BMW","R 12 NINET A2","Valencia/València","1170",1
"BMW","R 1250 R","Barcelona","1254",1
"BMW","R 1250 R","Bizkaia","1254",1
"BMW","R 1250 R","Burgos","1254",1
"BMW","R 1250 R","Cádiz","1254",1
"BMW","R 1250 R","Illes Balears","1254",1
"BMW","R 1250 R","Madrid","1254",1
"BMW","R 1250 RT","Madrid","1254",1
"BMW","R 1250 RT","Valencia/València","1254",1
"BMW","R 1300 GS","Álava/Araba","1300",1
"BMW","R 1300 GS","Albacete","1300",2
"BMW","R 1300 GS","Alicante/Alacant","1300",9
"BMW","R 1300 GS","Almería","1300",2
"BMW","R 1300 GS","Asturias","1300",1
"BMW","R 1300 GS","Badajoz","1300",2
"BMW","R 1300 GS","Barcelona","1300",44
"BMW","R 1300 GS","Bizkaia","1300",1
"BMW","R 1300 GS","Burgos","1300",2
"BMW","R 1300 GS","Cáceres","1300",1
"BMW","R 1300 GS","Cádiz","1300",2
"BMW","R 1300 GS","Cantabria","1300",2
"BMW","R 1300 GS","Castellón/Castelló","1300",4
"BMW","R 1300 GS","Ceuta","1300",1
"BMW","R 1300 GS","Ciudad Real","1300",1
"BMW","R 1300 GS","Córdoba","1300",2
"BMW","R 1300 GS","Coruña (A)","1300",2
"BMW","R 1300 GS","Gipuzkoa","1300",4
"BMW","R 1300 GS","Girona","1300",4
"BMW","R 1300 GS","Granada","1300",3
"BMW","R 1300 GS","Illes Balears","1300",3
"BMW","R 1300 GS","Jaén","1300",2
"BMW","R 1300 GS","Lleida","1300",1
"BMW","R 1300 GS","Lugo","1300",2
"BMW","R 1300 GS","Madrid","1300",29
"BMW","R 1300 GS","Málaga","1300",10
"BMW","R 1300 GS","Murcia","1300",1
"BMW","R 1300 GS","Navarra","1300",4
"BMW","R 1300 GS","Palmas (Las)","1300",2
"BMW","R 1300 GS","Pontevedra","1300",2
"BMW","R 1300 GS","Rioja (La)","1300",1
"BMW","R 1300 GS","Salamanca","1300",1
"BMW","R 1300 GS","Santa Cruz de Tenerife","1300",1
"BMW","R 1300 GS","Segovia","1300",1
"BMW","R 1300 GS","Sevilla","1300",1
"BMW","R 1300 GS","Tarragona","1300",5
"BMW","R 1300 GS","Valencia/València","1300",13
"BMW","R 1300 GS","Valladolid","1300",3
"BMW","R 1300 GS","Zamora","1300",1
"BMW","R 1300 GS","Zaragoza","1300",7
"BMW","R 1300 GS ADVENTURE","Álava/Araba","1300",3
"BMW","R 1300 GS ADVENTURE","Alicante/Alacant","1300",9
"BMW","R 1300 GS ADVENTURE","Asturias","1300",6
"BMW","R 1300 GS ADVENTURE","Barcelona","1300",20
"BMW","R 1300 GS ADVENTURE","Bizkaia","1300",1
"BMW","R 1300 GS ADVENTURE","Burgos","1300",1
"BMW","R 1300 GS ADVENTURE","Cádiz","1300",3
"BMW","R 1300 GS ADVENTURE","Cantabria","1300",2
"BMW","R 1300 GS ADVENTURE","Castellón/Castelló","1300",1
"BMW","R 1300 GS ADVENTURE","Ceuta","1300",1
"BMW","R 1300 GS ADVENTURE","Córdoba","1300",1
"BMW","R 1300 GS ADVENTURE","Coruña (A)","1300",4
"BMW","R 1300 GS ADVENTURE","Gipuzkoa","1300",1
"BMW","R 1300 GS ADVENTURE","Girona","1300",3
"BMW","R 1300 GS ADVENTURE","Granada","1300",1
"BMW","R 1300 GS ADVENTURE","Guadalajara","1300",1
"BMW","R 1300 GS ADVENTURE","Huelva","1300",1
"BMW","R 1300 GS ADVENTURE","Illes Balears","1300",1
"BMW","R 1300 GS ADVENTURE","Lugo","1300",1
"BMW","R 1300 GS ADVENTURE","Madrid","1300",17
"BMW","R 1300 GS ADVENTURE","Málaga","1300",14
"BMW","R 1300 GS ADVENTURE","Melilla","1300",1
"BMW","R 1300 GS ADVENTURE","Murcia","1300",9
"BMW","R 1300 GS ADVENTURE","Navarra","1300",1
"BMW","R 1300 GS ADVENTURE","Ourense","1300",1
"BMW","R 1300 GS ADVENTURE","Palmas (Las)","1300",1
"BMW","R 1300 GS ADVENTURE","Pontevedra","1300",4
"BMW","R 1300 GS ADVENTURE","Santa Cruz de Tenerife","1300",5
"BMW","R 1300 GS ADVENTURE","Sevilla","1300",2
"BMW","R 1300 GS ADVENTURE","Tarragona","1300",1
"BMW","R 1300 GS ADVENTURE","Toledo","1300",1
"BMW","R 1300 GS ADVENTURE","Valencia/València","1300",13
"BMW","R 1300 GS ADVENTURE","Valladolid","1300",1
"BMW","R 1300 GS ADVENTURE","Zaragoza","1300",3
"BMW","R 1300 RT","Madrid","1300",20
"BMW","R 18 B","Madrid","1802",1
"BMW","R 18 CLASSIC","Zaragoza","1802",1
"BMW","R 18 ROCTANE","Barcelona","1802",1
"BMW","R 18 TRANSCONTINENTAL","Bizkaia","1802",1
"BMW","R 18 TRANSCONTINENTAL","Murcia","1802",1
"BMW","R NINE T PURE","Córdoba","1170",1
"BMW","S 1000 R","Barcelona","999",1
"BMW","S 1000 R","Pontevedra","999",1
"BMW","S 1000 R","Santa Cruz de Tenerife","999",1
"BMW","S 1000 RR","Álava/Araba","999",1
"BMW","S 1000 RR","Almería","999",1
"BMW","S 1000 RR","Asturias","999",1
"BMW","S 1000 RR","Badajoz","999",1
"BMW","S 1000 RR","Barcelona","999",5
"BMW","S 1000 RR","Bizkaia","999",1
"BMW","S 1000 RR","Burgos","999",1
"BMW","S 1000 RR","Cantabria","999",1
"BMW","S 1000 RR","Coruña (A)","999",1
"BMW","S 1000 RR","Guadalajara","999",1
"BMW","S 1000 RR","Illes Balears","999",3
"BMW","S 1000 RR","León","999",1
"BMW","S 1000 RR","Madrid","999",11
"BMW","S 1000 RR","Málaga","999",5
"BMW","S 1000 RR","Murcia","999",1
"BMW","S 1000 RR","Navarra","999",2
"BMW","S 1000 RR","Pontevedra","999",1
"BMW","S 1000 RR","Rioja (La)","999",1
"BMW","S 1000 RR","Santa Cruz de Tenerife","999",1
"BMW","S 1000 RR","Valencia/València","999",3
"BMW","S 1000 RR","Zamora","999",1
"BMW","S 1000 RR","Zaragoza","999",1
"BMW","S 1000 XR","Albacete","999",1
"BMW","S 1000 XR","Alicante/Alacant","999",2
"BMW","S 1000 XR","Asturias","999",2
"BMW","S 1000 XR","Barcelona","999",9
"BMW","S 1000 XR","Bizkaia","999",3
"BMW","S 1000 XR","Burgos","999",1
"BMW","S 1000 XR","Cádiz","999",1
"BMW","S 1000 XR","Cantabria","999",2
"BMW","S 1000 XR","Castellón/Castelló","999",4
"BMW","S 1000 XR","Coruña (A)","999",1
"BMW","S 1000 XR","Gipuzkoa","999",1
"BMW","S 1000 XR","Girona","999",1
"BMW","S 1000 XR","Granada","999",1
"BMW","S 1000 XR","Huelva","999",1
"BMW","S 1000 XR","Madrid","999",7
"BMW","S 1000 XR","Málaga","999",2
"BMW","S 1000 XR","Palencia","999",1
"BMW","S 1000 XR","Pontevedra","999",1
"BMW","S 1000 XR","Salamanca","999",1
"BMW","S 1000 XR","Santa Cruz de Tenerife","999",2
"BMW","S 1000 XR","Tarragona","999",2
"BMW","S 1000 XR","Valencia/València","999",4
"BMW","S 1000 XR","Zaragoza","999",2
"BRIXTON","CROMWELL 125 ABS","Bizkaia","125",1
"BRIXTON","CROMWELL 125 ABS","Gipuzkoa","125",1
"BRIXTON","CROSSFIRE 125","Almería","124",1
"BRIXTON","CROSSFIRE 125","Madrid","124",1
"BRIXTON","CROSSFIRE 125","Palmas (Las)","124",1
"BRIXTON","CROSSFIRE 500","Barcelona","486",1
"BRIXTON","CROSSFIRE125XS","Badajoz","125",1
"BRIXTON","CROSSFIRE125XS","Bizkaia","125",1
"BRIXTON","CROSSFIRE125XS","Madrid","125",1
"BRIXTON","CROSSFIRE125XS","Málaga","125",1
"BRIXTON","FELSBERG 125 ABS","Barcelona","125",2
"BRIXTON","RAYBURN 125","Guadalajara","125",1
"BSA","M20","Cádiz","591",1
"CFMOTO","300CL-X","Cáceres","292",1
"CFMOTO","300CL-X","Cádiz","292",1
"CFMOTO","300CL-X","Córdoba","292",2
"CFMOTO","300CL-X","Girona","292",1
"CFMOTO","450CL-C","Barcelona","449",1
"CFMOTO","450CL-C","Santa Cruz de Tenerife","449",1
"CFMOTO","450MT","Barcelona","449",1
"CFMOTO","450MT","Cantabria","449",1
"CFMOTO","450MT","Córdoba","449",1
"CFMOTO","450MT","Coruña (A)","449",4
"CFMOTO","450MT","Granada","449",2
"CFMOTO","450MT","Lugo","449",1
"CFMOTO","450MT","Madrid","449",1
"CFMOTO","450MT","Palencia","449",1
"CFMOTO","450MT","Pontevedra","449",1
"CFMOTO","450MT","Santa Cruz de Tenerife","449",1
"CFMOTO","450MT","Sevilla","449",1
"CFMOTO","450MT","Valencia/València","449",3
"CFMOTO","450NK","Barcelona","449",1
"CFMOTO","450NK","Cádiz","449",1
"CFMOTO","450NK","Granada","449",1
"CFMOTO","450NK","Madrid","449",2
"CFMOTO","450SR S","Barcelona","449",2
"CFMOTO","675SR-R","Barcelona","674",1
"CFMOTO","700CL-X HERITAGE","Zamora","693",1
"CFMOTO","700MT","Albacete","693",1
"CFMOTO","700MT","Madrid","693",1
"CFMOTO","800MT","Álava/Araba","799",2
"CFMOTO","800MT","Albacete","799",1
"CFMOTO","800MT","Alicante/Alacant","799",1
"CFMOTO","800MT","Asturias","799",1
"CFMOTO","800MT","Badajoz","799",1
"CFMOTO","800MT","Barcelona","799",2
"CFMOTO","800MT","Bizkaia","799",2
"CFMOTO","800MT","Cádiz","799",3
"CFMOTO","800MT","Gipuzkoa","799",1
"CFMOTO","800MT","Granada","799",1
"CFMOTO","800MT","Huelva","799",1
"CFMOTO","800MT","Illes Balears","799",1
"CFMOTO","800MT","Lugo","799",1
"CFMOTO","800MT","Madrid","799",3
"CFMOTO","800MT","Málaga","799",2
"CFMOTO","800MT","Murcia","799",1
"CFMOTO","800MT","Pontevedra","799",1
"CFMOTO","800MT","Sevilla","799",2
"CFMOTO","800MT","Teruel","799",1
"CFMOTO","800MT","Valladolid","799",1
"CFMOTO","800NK","Alicante/Alacant","799",1
"CFMOTO","800NK","Málaga","799",1
"CYCLONE","LS-Z","Almería","124",1
"CYCLONE","LS-Z","Ávila","124",1
"CYCLONE","LS-Z","Gipuzkoa","124",1
"CYCLONE","LS-Z","Lleida","124",1
"CYCLONE","LS-Z","Madrid","124",1
"CYCLONE","LS-Z","Málaga","124",1
"CYCLONE","LS-Z","Murcia","124",2
"CYCLONE","LS-Z","Navarra","124",1
"CYCLONE","LS-Z","Pontevedra","124",1
"CYCLONE","LS-Z","Sevilla","124",1
"CYCLONE","LS-Z","Tarragona","124",4
"CYCLONE","LS-Z","Valencia/València","124",2
"CYCLONE","RX1","Ávila","124",1
"CYCLONE","RX1","Barcelona","124",2
"CYCLONE","RX1","Cáceres","124",1
"CYCLONE","RX1","Cádiz","124",1
"CYCLONE","RX1","Córdoba","124",3
"CYCLONE","RX1","León","124",1
"CYCLONE","RX1","Lleida","124",1
"CYCLONE","RX1","Madrid","124",1
"CYCLONE","RX1","Valencia/València","124",1
"CYCLONE","RX1","Zamora","124",1
"CYCLONE","RX1 PRO","Alicante/Alacant","124",2
"CYCLONE","RX1 PRO","Almería","124",1
"CYCLONE","RX1 PRO","Barcelona","124",1
"CYCLONE","RX1 PRO","Cuenca","124",1
"CYCLONE","RX1 PRO","Gipuzkoa","124",1
"CYCLONE","RX1 PRO","Girona","124",1
"CYCLONE","RX1 PRO","Guadalajara","124",1
"CYCLONE","RX1 PRO","Huesca","124",1
"CYCLONE","RX1 PRO","Madrid","124",2
"CYCLONE","RX1 PRO","Málaga","124",3
"CYCLONE","RX1 PRO","Murcia","124",1
"CYCLONE","RX1 PRO","Ourense","124",1
"CYCLONE","RX1 PRO","Sevilla","124",1
"CYCLONE","RX1 PRO","Tarragona","124",1
"CYCLONE","RX1 PRO","Toledo","124",1
"CYCLONE","RX1 PRO","Valencia/València","124",1
"CYCLONE","RX401","Barcelona","401",1
"CYCLONE","RX401","Bizkaia","401",1
"CYCLONE","RX401","Cádiz","401",1
"CYCLONE","RX401","Girona","401",1
"CYCLONE","RX401","Madrid","401",2
"CYCLONE","RX401","Málaga","401",1
"CYCLONE","RX401","Murcia","401",2
"CYCLONE","RX401","Tarragona","401",1
"DUCATI","DESERTX","Madrid","937",1
"DUCATI","DESERTX","Málaga","937",1
"DUCATI","DESERTX","Santa Cruz de Tenerife","937",1
"DUCATI","DESERTX DISCOVERY","Ourense","937",1
"DUCATI","DIAVEL V4","Barcelona","1158",1
"DUCATI","DIAVEL V4","Illes Balears","1158",1
"DUCATI","DIAVEL V4","Málaga","1158",1
"DUCATI","DIAVEL V4 DUCATI RED","Murcia","1158",1
"DUCATI","DUCATI SCRAMBLER","Palmas (Las)","803",4
"DUCATI","DUCATI SCRAMBLER","Santa Cruz de Tenerife","803",2
"DUCATI","HYPERMOTARD 698","Barcelona","659",2
"DUCATI","HYPERMOTARD 698","Navarra","659",1
"DUCATI","HYPERMOTARD 698","Toledo","659",1
"DUCATI","HYPERMOTARD 698 MONO R","Alicante/Alacant","659",1
"DUCATI","HYPERMOTARD 698 MONO R","Sevilla","659",1
"DUCATI","HYPERMOTARD 698 RVE","Alicante/Alacant","659",1
"DUCATI","HYPERMOTARD 698 RVE","Barcelona","659",1
"DUCATI","HYPERMOTARD 698 RVE","Madrid","659",1
"DUCATI","HYPERMOTARD 698 RVE","Tarragona","659",1
"DUCATI","HYPERMOTARD 698 RVE","Valencia/València","659",1
"DUCATI","HYPERMOTARD 950","Barcelona","937",2
"DUCATI","HYPERMOTARD 950","Granada","937",1
"DUCATI","HYPERMOTARD 950","Santa Cruz de Tenerife","937",1
"DUCATI","HYPERMOTARD 950","Valencia/València","937",1
"DUCATI","HYPERMOTARD 950 REPLIC","Illes Balears","937",1
"DUCATI","HYPERMOTARD 950 REPLIC","Valencia/València","937",1
"DUCATI","HYPERMOTARD 950 SP","Barcelona","937",3
"DUCATI","HYPERMOTARD 950 SP","Illes Balears","937",1
"DUCATI","HYPERMOTARD 950 SP","Madrid","937",1
"DUCATI","MONSTER","Alicante/Alacant","937",1
"DUCATI","MONSTER","Ceuta","937",1
"DUCATI","MONSTER","Coruña (A)","937",1
"DUCATI","MONSTER","Cuenca","937",1
"DUCATI","MONSTER","Illes Balears","937",1
"DUCATI","MONSTER","Madrid","937",1
"DUCATI","MONSTER","Málaga","937",1
"DUCATI","MONSTER","Murcia","937",2
"DUCATI","MONSTER","Palmas (Las)","937",1
"DUCATI","MONSTER","Santa Cruz de Tenerife","937",1
"DUCATI","MONSTER","Valencia/València","937",2
"DUCATI","MONSTER SP","Ciudad Real","937",1
"DUCATI","MULTISTRADA V2","Alicante/Alacant","890",2
"DUCATI","MULTISTRADA V2","Asturias","890",1
"DUCATI","MULTISTRADA V2","Badajoz","890",2
"DUCATI","MULTISTRADA V2","Barcelona","890",2
"DUCATI","MULTISTRADA V2","Castellón/Castelló","890",1
"DUCATI","MULTISTRADA V2","Gipuzkoa","890",1
"DUCATI","MULTISTRADA V2","Girona","890",1
"DUCATI","MULTISTRADA V2","Granada","890",2
"DUCATI","MULTISTRADA V2","Huelva","890",1
"DUCATI","MULTISTRADA V2","Illes Balears","890",2
"DUCATI","MULTISTRADA V2","Jaén","890",1
"DUCATI","MULTISTRADA V2","Madrid","890",10
"DUCATI","MULTISTRADA V2","Málaga","890",2
"DUCATI","MULTISTRADA V2","Murcia","890",2
"DUCATI","MULTISTRADA V2","Navarra","890",2
"DUCATI","MULTISTRADA V2","Palmas (Las)","890",3
"DUCATI","MULTISTRADA V2","Tarragona","890",2
"DUCATI","MULTISTRADA V2","Toledo","890",2
"DUCATI","MULTISTRADA V2","Zaragoza","890",1
"DUCATI","MULTISTRADA V2S","Cádiz","890",1
"DUCATI","MULTISTRADA V2S","Madrid","890",1
"DUCATI","MULTISTRADA V2S","Pontevedra","890",2
"DUCATI","MULTISTRADA V4","Albacete","1158",1
"DUCATI","MULTISTRADA V4","Alicante/Alacant","1158",2
"DUCATI","MULTISTRADA V4","Badajoz","1158",1
"DUCATI","MULTISTRADA V4","Barcelona","1158",7
"DUCATI","MULTISTRADA V4","Burgos","1158",1
"DUCATI","MULTISTRADA V4","Castellón/Castelló","1158",1
"DUCATI","MULTISTRADA V4","Cuenca","1158",1
"DUCATI","MULTISTRADA V4","Girona","1158",3
"DUCATI","MULTISTRADA V4","Granada","1158",5
"DUCATI","MULTISTRADA V4","Jaén","1158",1
"DUCATI","MULTISTRADA V4","Lleida","1158",1
"DUCATI","MULTISTRADA V4","Madrid","1158",11
"DUCATI","MULTISTRADA V4","Málaga","1158",5
"DUCATI","MULTISTRADA V4","Murcia","1158",1
"DUCATI","MULTISTRADA V4","Navarra","1158",1
"DUCATI","MULTISTRADA V4","Santa Cruz de Tenerife","1158",1
"DUCATI","MULTISTRADA V4","Sevilla","1158",1
"DUCATI","MULTISTRADA V4","Tarragona","1158",2
"DUCATI","MULTISTRADA V4","Valencia/València","1158",4
"DUCATI","MULTISTRADA V4","Valladolid","1158",1
"DUCATI","MULTISTRADA V4","Zaragoza","1158",1
"DUCATI","PANIGALE V2","Alicante/Alacant","890",2
"DUCATI","PANIGALE V2","Almería","890",1
"DUCATI","PANIGALE V2","Asturias","890",2
"DUCATI","PANIGALE V2","Badajoz","890",1
"DUCATI","PANIGALE V2","Barcelona","890",8
"DUCATI","PANIGALE V2","Bizkaia","890",1
"DUCATI","PANIGALE V2","Cantabria","890",1
"DUCATI","PANIGALE V2","Castellón/Castelló","890",1
"DUCATI","PANIGALE V2","Ciudad Real","890",1
"DUCATI","PANIGALE V2","Córdoba","890",1
"DUCATI","PANIGALE V2","Girona","890",3
"DUCATI","PANIGALE V2","Huesca","890",1
"DUCATI","PANIGALE V2","Madrid","890",6
"DUCATI","PANIGALE V2","Málaga","890",2
"DUCATI","PANIGALE V2","Murcia","890",3
"DUCATI","PANIGALE V2","Palmas (Las)","890",3
"DUCATI","PANIGALE V2","Santa Cruz de Tenerife","890",3
"DUCATI","PANIGALE V2","Sevilla","890",2
"DUCATI","PANIGALE V2","Tarragona","890",1
"DUCATI","PANIGALE V2","Valencia/València","890",4
"DUCATI","PANIGALE V2","Zaragoza","890",1
"DUCATI","PANIGALE V2S D35","Ávila","890",1
"DUCATI","PANIGALE V2S D35","Gipuzkoa","890",1
"DUCATI","PANIGALE V2S D35","Madrid","890",1
"DUCATI","PANIGALE V2S D35","Málaga","890",1
"DUCATI","PANIGALE V2S D35","Valladolid","890",1
"DUCATI","PANIGALE V4","Asturias","1103",1
"DUCATI","PANIGALE V4","Castellón/Castelló","1103",1
"DUCATI","PANIGALE V4","Gipuzkoa","1103",1
"DUCATI","PANIGALE V4","Granada","1103",1
"DUCATI","PANIGALE V4","Huelva","1103",1
"DUCATI","PANIGALE V4","Lugo","1103",1
"DUCATI","PANIGALE V4","Navarra","1103",1
"DUCATI","PANIGALE V4","Pontevedra","1103",1
"DUCATI","PANIGALE V4","Sevilla","1103",1
"DUCATI","SCRAMBLER 1100 SPORT P","Illes Balears","1079",1
"DUCATI","SCRAMBLER DUCATI 10  A","Málaga","803",1
"DUCATI","SCRAMBLER FULL THROTTL","Málaga","803",1
"DUCATI","SCRAMBLER FULL THROTTL","Valencia/València","803",1
"DUCATI","SCRAMBLER ICON","Barcelona","803",4
"DUCATI","SCRAMBLER ICON","Coruña (A)","803",1
"DUCATI","SCRAMBLER ICON","Madrid","803",2
"DUCATI","SCRAMBLER ICON","Valencia/València","803",1
"DUCATI","SCRAMBLER ICON DARK","Cádiz","803",1
"DUCATI","SCRAMBLER ICON DARK","Granada","803",2
"DUCATI","SCRAMBLER ICON DARK","Illes Balears","803",1
"DUCATI","SCRAMBLER ICON DARK","Madrid","803",1
"DUCATI","SCRAMBLER NIGHTSHIFT","Alicante/Alacant","803",1
"DUCATI","SCRAMBLER NIGHTSHIFT","Barcelona","803",1
"DUCATI","SCRAMBLER NIGHTSHIFT","Coruña (A)","803",1
"DUCATI","SCRAMBLER NIGHTSHIFT","Madrid","803",3
"DUCATI","SCRAMBLER NIGHTSHIFT","Pontevedra","803",1
"DUCATI","SCRAMBLER NIGHTSHIFT","Zaragoza","803",1
"DUCATI","STREETFIGHTER","Alicante/Alacant","890",4
"DUCATI","STREETFIGHTER","Barcelona","890",9
"DUCATI","STREETFIGHTER","Bizkaia","890",1
"DUCATI","STREETFIGHTER","Cádiz","890",1
"DUCATI","STREETFIGHTER","Castellón/Castelló","890",3
"DUCATI","STREETFIGHTER","Granada","890",1
"DUCATI","STREETFIGHTER","Madrid","890",2
"DUCATI","STREETFIGHTER","Málaga","890",1
"DUCATI","STREETFIGHTER","Murcia","890",1
"DUCATI","STREETFIGHTER","Palmas (Las)","890",4
"DUCATI","STREETFIGHTER","Santa Cruz de Tenerife","890",1
"DUCATI","STREETFIGHTER","Tarragona","890",2
"DUCATI","STREETFIGHTER","Valencia/València","890",2
"DUCATI","STREETFIGHTER","Zaragoza","890",1
"DUCATI","SUPERSPORT 950 S","Valencia/València","937",1
"DUCATI","XDIAVEL V4","Barcelona","1158",1
"DUCATI","XDIAVEL V4","Málaga","1158",1
"EFUN","LION","Sevilla","125",2
"EFUN","PUMA","Cádiz","125",1
"EFUN","PUMA","Castellón/Castelló","125",1
"F.B MONDIAL","FLEX 300","Castellón/Castelló","292",1
"F.B MONDIAL","IMOLA","Cantabria","125",1
"F.B MONDIAL","IMOLA","Palmas (Las)","125",1
"F.B MONDIAL","PIEGA 452","Granada","450",1
"F.B MONDIAL","PIEGA 452","Jaén","450",1
"F.B MONDIAL","PIEGA 452","Madrid","450",1
"FANTIC MOTOR","---","Albacete","125",3
"FANTIC MOTOR","---","Alicante/Alacant","125",3
"FANTIC MOTOR","---","Almería","125",1
"FANTIC MOTOR","---","Asturias","125",1
"FANTIC MOTOR","---","Barcelona","125",3
"FANTIC MOTOR","---","Burgos","125",1
"FANTIC MOTOR","---","Cádiz","125",1
"FANTIC MOTOR","---","Ciudad Real","125",1
"FANTIC MOTOR","---","Cuenca","125",2
"FANTIC MOTOR","---","Girona","125",1
"FANTIC MOTOR","---","Guadalajara","125",2
"FANTIC MOTOR","---","Illes Balears","125",2
"FANTIC MOTOR","---","Madrid","125",2
"FANTIC MOTOR","---","Málaga","125",2
"FANTIC MOTOR","---","Pontevedra","125",1
"FANTIC MOTOR","---","Santa Cruz de Tenerife","125",3
"FANTIC MOTOR","---","Sevilla","125",2
"FANTIC MOTOR","---","Tarragona","125",2
"FANTIC MOTOR","---","Toledo","125",1
"GASGAS","EC 250","Zaragoza","249",1
"GASGAS","EC 300","Madrid","293",2
"GASGAS","EC 300","Santa Cruz de Tenerife","293",1
"GASGAS","EC 350F","Albacete","350",1
"GASGAS","EC 350F","Asturias","350",1
"GASGAS","EC 350F","Barcelona","350",1
"GASGAS","EC 450F","Almería","450",1
"GASGAS","GASGAS ES 700","Alicante/Alacant","693",1
"GASGAS","GASGAS ES 700","Barcelona","693",1
"GASGAS","GASGAS ES 700","Gipuzkoa","693",1
"GASGAS","GASGAS ES 700","Huelva","693",1
"GASGAS","GASGAS ES 700","Málaga","693",1
"GASGAS","GASGAS ES 700","Murcia","693",1
"GASGAS","TXT 300","Barcelona","294",3
"GASGAS","TXT 300","Girona","294",1
"HARLEY-DAVIDSON","BREAKOUT","Ávila","1923",1
"HARLEY-DAVIDSON","BREAKOUT","Madrid","1923",1
"HARLEY-DAVIDSON","BREAKOUT","Málaga","1923",3
"HARLEY-DAVIDSON","BREAKOUT","Tarragona","1923",1
"HARLEY-DAVIDSON","CVO STREET GLIDE","Barcelona","1977",1
"HARLEY-DAVIDSON","FAT BOB 114","Illes Balears","1868",1
"HARLEY-DAVIDSON","FAT BOB 114","Málaga","1868",1
"HARLEY-DAVIDSON","FAT BOY","Alicante/Alacant","1923",1
"HARLEY-DAVIDSON","FAT BOY","Almería","1923",1
"HARLEY-DAVIDSON","FAT BOY","Bizkaia","1923",1
"HARLEY-DAVIDSON","FAT BOY","Huesca","1923",1
"HARLEY-DAVIDSON","FAT BOY","Madrid","1923",2
"HARLEY-DAVIDSON","FAT BOY","Málaga","1923",2
"HARLEY-DAVIDSON","FAT BOY GREY GHOST","Alicante/Alacant","1923",1
"HARLEY-DAVIDSON","FAT BOY GREY GHOST","Barcelona","1923",2
"HARLEY-DAVIDSON","FAT BOY GREY GHOST","Madrid","1923",1
"HARLEY-DAVIDSON","HERITAGE CLASSIC","Bizkaia","1923",1
"HARLEY-DAVIDSON","HERITAGE CLASSIC","Madrid","1923",1
"HARLEY-DAVIDSON","LOW RIDER S","Coruña (A)","1923",1
"HARLEY-DAVIDSON","LOW RIDER S","Madrid","1923",1
"HARLEY-DAVIDSON","LOW RIDER ST","Barcelona","1923",1
"HARLEY-DAVIDSON","LOW RIDER ST","Granada","1923",1
"HARLEY-DAVIDSON","LOW RIDER ST","Murcia","1923",1
"HARLEY-DAVIDSON","NIGHTSTER SPECIAL","Murcia","975",1
"HARLEY-DAVIDSON","NIGHTSTER SPECIAL","Rioja (La)","975",1
"HARLEY-DAVIDSON","PAN AMERICA 1250 SPECI","Barcelona","1252",1
"HARLEY-DAVIDSON","PAN AMERICA 1250 SPECI","Cantabria","1252",1
"HARLEY-DAVIDSON","PAN AMERICA 1250 ST","Gipuzkoa","1252",2
"HARLEY-DAVIDSON","PAN AMERICA 1250 ST","Madrid","1252",1
"HARLEY-DAVIDSON","PAN AMERICA 1250 ST","Murcia","1252",1
"HARLEY-DAVIDSON","PAN AMERICA 1250 ST","Palmas (Las)","1252",1
"HARLEY-DAVIDSON","PAN AMERICA 1250 ST","Valencia/València","1252",1
"HARLEY-DAVIDSON","ROAD GLIDE","Barcelona","1923",2
"HARLEY-DAVIDSON","ROAD GLIDE","Madrid","1923",1
"HARLEY-DAVIDSON","SPORT GLIDE","Bizkaia","1745",1
"HARLEY-DAVIDSON","SPORT GLIDE","Madrid","1745",1
"HARLEY-DAVIDSON","SPORT GLIDE","Santa Cruz de Tenerife","1745",1
"HARLEY-DAVIDSON","SPORT GLIDE","Sevilla","1745",1
"HARLEY-DAVIDSON","SPORTSTER S","Alicante/Alacant","1252",1
"HARLEY-DAVIDSON","SPORTSTER S","Barcelona","1252",2
"HARLEY-DAVIDSON","SPORTSTER S","Cantabria","1252",1
"HARLEY-DAVIDSON","SPORTSTER S","Illes Balears","1252",1
"HARLEY-DAVIDSON","SPORTSTER S","Madrid","1252",1
"HARLEY-DAVIDSON","SPORTSTER S","Palmas (Las)","1252",1
"HARLEY-DAVIDSON","SPORTSTER S","Sevilla","1252",2
"HARLEY-DAVIDSON","STREET BOB","Barcelona","1923",1
"HARLEY-DAVIDSON","STREET BOB","Cantabria","1923",1
"HARLEY-DAVIDSON","STREET BOB","Sevilla","1923",1
"HARLEY-DAVIDSON","STREET GLIDE","Barcelona","1923",1
"HARLEY-DAVIDSON","STREET GLIDE","Palmas (Las)","1923",1
"HARLEY-DAVIDSON","STREET GLIDE","Tarragona","1923",1
"HARLEY-DAVIDSON","STREET GLIDE SPECIAL","Ourense","1868",1
"HONDA","ADV 350","Álava/Araba","330",1
"HONDA","ADV 350","Albacete","330",1
"HONDA","ADV 350","Alicante/Alacant","330",19
"HONDA","ADV 350","Almería","330",3
"HONDA","ADV 350","Asturias","330",5
"HONDA","ADV 350","Badajoz","330",4
"HONDA","ADV 350","Barcelona","330",101
"HONDA","ADV 350","Bizkaia","330",2
"HONDA","ADV 350","Cádiz","330",13
"HONDA","ADV 350","Cantabria","330",2
"HONDA","ADV 350","Castellón/Castelló","330",3
"HONDA","ADV 350","Ciudad Real","330",2
"HONDA","ADV 350","Córdoba","330",7
"HONDA","ADV 350","Coruña (A)","330",2
"HONDA","ADV 350","Cuenca","330",1
"HONDA","ADV 350","Gipuzkoa","330",4
"HONDA","ADV 350","Girona","330",17
"HONDA","ADV 350","Granada","330",15
"HONDA","ADV 350","Guadalajara","330",1
"HONDA","ADV 350","Huelva","330",1
"HONDA","ADV 350","Illes Balears","330",31
"HONDA","ADV 350","Jaén","330",1
"HONDA","ADV 350","León","330",1
"HONDA","ADV 350","Lleida","330",2
"HONDA","ADV 350","Madrid","330",24
"HONDA","ADV 350","Málaga","330",64
"HONDA","ADV 350","Melilla","330",3
"HONDA","ADV 350","Murcia","330",10
"HONDA","ADV 350","Ourense","330",1
"HONDA","ADV 350","Palmas (Las)","330",25
"HONDA","ADV 350","Pontevedra","330",7
"HONDA","ADV 350","Rioja (La)","330",5
"HONDA","ADV 350","Santa Cruz de Tenerife","330",31
"HONDA","ADV 350","Sevilla","330",16
"HONDA","ADV 350","Tarragona","330",11
"HONDA","ADV 350","Valencia/València","330",26
"HONDA","ADV 350","Valladolid","330",2
"HONDA","ADV 350","Zaragoza","330",4
"HONDA","ADV 750","Álava/Araba","745",1
"HONDA","ADV 750","Albacete","745",1
"HONDA","ADV 750","Alicante/Alacant","745",8
"HONDA","ADV 750","Almería","745",5
"HONDA","ADV 750","Asturias","745",3
"HONDA","ADV 750","Ávila","745",1
"HONDA","ADV 750","Badajoz","745",1
"HONDA","ADV 750","Barcelona","745",50
"HONDA","ADV 750","Bizkaia","745",3
"HONDA","ADV 750","Burgos","745",1
"HONDA","ADV 750","Cáceres","745",2
"HONDA","ADV 750","Cádiz","745",16
"HONDA","ADV 750","Cantabria","745",4
"HONDA","ADV 750","Castellón/Castelló","745",3
"HONDA","ADV 750","Ceuta","745",3
"HONDA","ADV 750","Ciudad Real","745",1
"HONDA","ADV 750","Córdoba","745",3
"HONDA","ADV 750","Coruña (A)","745",1
"HONDA","ADV 750","Gipuzkoa","745",2
"HONDA","ADV 750","Girona","745",8
"HONDA","ADV 750","Granada","745",12
"HONDA","ADV 750","Huelva","745",6
"HONDA","ADV 750","Illes Balears","745",9
"HONDA","ADV 750","Jaén","745",3
"HONDA","ADV 750","Lleida","745",1
"HONDA","ADV 750","Madrid","745",18
"HONDA","ADV 750","Málaga","745",49
"HONDA","ADV 750","Melilla","745",9
"HONDA","ADV 750","Murcia","745",6
"HONDA","ADV 750","Navarra","745",1
"HONDA","ADV 750","Ourense","745",2
"HONDA","ADV 750","Palmas (Las)","745",14
"HONDA","ADV 750","Pontevedra","745",2
"HONDA","ADV 750","Rioja (La)","745",1
"HONDA","ADV 750","Santa Cruz de Tenerife","745",14
"HONDA","ADV 750","Sevilla","745",9
"HONDA","ADV 750","Tarragona","745",7
"HONDA","ADV 750","Toledo","745",1
"HONDA","ADV 750","Valencia/València","745",11
"HONDA","C125A","Alicante/Alacant","124",2
"HONDA","C125A","Asturias","124",1
"HONDA","C125A","Barcelona","124",3
"HONDA","C125A","Illes Balears","124",2
"HONDA","C125A","Madrid","124",1
"HONDA","C125A","Sevilla","124",1
"HONDA","C125A","Tarragona","124",1
"HONDA","CB 125 F","Coruña (A)","124",1
"HONDA","CB 125 F","Málaga","124",1
"HONDA","CB 125 F","Valencia/València","124",1
"HONDA","CB 500 F","Alicante/Alacant","471",1
"HONDA","CB 500 F","Almería","471",1
"HONDA","CB 500 F","Barcelona","471",10
"HONDA","CB 500 F","Cádiz","471",2
"HONDA","CB 500 F","Córdoba","471",1
"HONDA","CB 500 F","Granada","471",2
"HONDA","CB 500 F","Huesca","471",1
"HONDA","CB 500 F","Illes Balears","471",1
"HONDA","CB 500 F","Madrid","471",7
"HONDA","CB 500 F","Málaga","471",1
"HONDA","CB 500 F","Murcia","471",2
"HONDA","CB 500 F","Palmas (Las)","471",2
"HONDA","CB 500 F","Santa Cruz de Tenerife","471",1
"HONDA","CB 500 F","Sevilla","471",2
"HONDA","CB 500 F","Tarragona","471",4
"HONDA","CB 500 F","Valencia/València","471",3
"HONDA","CB 500 X","Albacete","471",3
"HONDA","CB 500 X","Alicante/Alacant","471",8
"HONDA","CB 500 X","Almería","471",3
"HONDA","CB 500 X","Asturias","471",3
"HONDA","CB 500 X","Badajoz","471",1
"HONDA","CB 500 X","Barcelona","471",39
"HONDA","CB 500 X","Bizkaia","471",8
"HONDA","CB 500 X","Cádiz","471",6
"HONDA","CB 500 X","Cantabria","471",2
"HONDA","CB 500 X","Castellón/Castelló","471",2
"HONDA","CB 500 X","Córdoba","471",4
"HONDA","CB 500 X","Coruña (A)","471",2
"HONDA","CB 500 X","Gipuzkoa","471",1
"HONDA","CB 500 X","Girona","471",5
"HONDA","CB 500 X","Granada","471",7
"HONDA","CB 500 X","Huelva","471",2
"HONDA","CB 500 X","Illes Balears","471",7
"HONDA","CB 500 X","Jaén","471",1
"HONDA","CB 500 X","León","471",2
"HONDA","CB 500 X","Lleida","471",2
"HONDA","CB 500 X","Madrid","471",19
"HONDA","CB 500 X","Málaga","471",14
"HONDA","CB 500 X","Murcia","471",11
"HONDA","CB 500 X","Navarra","471",2
"HONDA","CB 500 X","Palmas (Las)","471",15
"HONDA","CB 500 X","Pontevedra","471",4
"HONDA","CB 500 X","Santa Cruz de Tenerife","471",4
"HONDA","CB 500 X","Segovia","471",1
"HONDA","CB 500 X","Sevilla","471",7
"HONDA","CB 500 X","Tarragona","471",7
"HONDA","CB 500 X","Valencia/València","471",20
"HONDA","CB 500 X","Zaragoza","471",3
"HONDA","CB1000","Albacete","1000",1
"HONDA","CB1000","Alicante/Alacant","1000",1
"HONDA","CB1000","Almería","1000",1
"HONDA","CB1000","Barcelona","1000",9
"HONDA","CB1000","Bizkaia","1000",1
"HONDA","CB1000","Cantabria","1000",1
"HONDA","CB1000","Castellón/Castelló","1000",1
"HONDA","CB1000","Coruña (A)","1000",2
"HONDA","CB1000","Huesca","1000",1
"HONDA","CB1000","León","1000",2
"HONDA","CB1000","Madrid","1000",2
"HONDA","CB1000","Murcia","1000",2
"HONDA","CB1000","Santa Cruz de Tenerife","1000",1
"HONDA","CB1000","Tarragona","1000",1
"HONDA","CB1000","Toledo","1000",1
"HONDA","CB1000","Valencia/València","1000",2
"HONDA","CB1000","Zaragoza","1000",1
"HONDA","CB1000RA","Barcelona","998",1
"HONDA","CB1000SP","Alicante/Alacant","1000",5
"HONDA","CB1000SP","Barcelona","1000",11
"HONDA","CB1000SP","Bizkaia","1000",2
"HONDA","CB1000SP","Cádiz","1000",1
"HONDA","CB1000SP","Gipuzkoa","1000",1
"HONDA","CB1000SP","Girona","1000",1
"HONDA","CB1000SP","Granada","1000",2
"HONDA","CB1000SP","Huelva","1000",1
"HONDA","CB1000SP","León","1000",1
"HONDA","CB1000SP","Lleida","1000",1
"HONDA","CB1000SP","Madrid","1000",4
"HONDA","CB1000SP","Málaga","1000",1
"HONDA","CB1000SP","Navarra","1000",1
"HONDA","CB1000SP","Ourense","1000",1
"HONDA","CB1000SP","Palmas (Las)","1000",2
"HONDA","CB1000SP","Salamanca","1000",1
"HONDA","CB1000SP","Santa Cruz de Tenerife","1000",1
"HONDA","CB1000SP","Sevilla","1000",1
"HONDA","CB1000SP","Tarragona","1000",1
"HONDA","CB1000SP","Valencia/València","1000",3
"HONDA","CB1000SP","Valladolid","1000",1
"HONDA","CB1000SP","Zaragoza","1000",1
"HONDA","CB650RA","Álava/Araba","649",1
"HONDA","CB650RA","Albacete","649",2
"HONDA","CB650RA","Alicante/Alacant","649",6
"HONDA","CB650RA","Almería","649",4
"HONDA","CB650RA","Asturias","649",3
"HONDA","CB650RA","Badajoz","649",2
"HONDA","CB650RA","Barcelona","649",33
"HONDA","CB650RA","Bizkaia","649",5
"HONDA","CB650RA","Cádiz","649",7
"HONDA","CB650RA","Castellón/Castelló","649",1
"HONDA","CB650RA","Córdoba","649",1
"HONDA","CB650RA","Coruña (A)","649",7
"HONDA","CB650RA","Cuenca","649",1
"HONDA","CB650RA","Gipuzkoa","649",4
"HONDA","CB650RA","Girona","649",1
"HONDA","CB650RA","Granada","649",3
"HONDA","CB650RA","Huelva","649",3
"HONDA","CB650RA","Illes Balears","649",10
"HONDA","CB650RA","Jaén","649",1
"HONDA","CB650RA","León","649",3
"HONDA","CB650RA","Madrid","649",16
"HONDA","CB650RA","Málaga","649",7
"HONDA","CB650RA","Murcia","649",9
"HONDA","CB650RA","Navarra","649",3
"HONDA","CB650RA","Palmas (Las)","649",7
"HONDA","CB650RA","Pontevedra","649",6
"HONDA","CB650RA","Salamanca","649",1
"HONDA","CB650RA","Santa Cruz de Tenerife","649",9
"HONDA","CB650RA","Sevilla","649",2
"HONDA","CB650RA","Soria","649",1
"HONDA","CB650RA","Tarragona","649",5
"HONDA","CB650RA","Toledo","649",2
"HONDA","CB650RA","Valencia/València","649",13
"HONDA","CB650RA","Valladolid","649",1
"HONDA","CB650RA","Zaragoza","649",2
"HONDA","CB750 Hornet","Álava/Araba","755",1
"HONDA","CB750 Hornet","Albacete","755",1
"HONDA","CB750 Hornet","Alicante/Alacant","755",4
"HONDA","CB750 Hornet","Asturias","755",1
"HONDA","CB750 Hornet","Barcelona","755",25
"HONDA","CB750 Hornet","Bizkaia","755",3
"HONDA","CB750 Hornet","Cádiz","755",1
"HONDA","CB750 Hornet","Cantabria","755",2
"HONDA","CB750 Hornet","Coruña (A)","755",1
"HONDA","CB750 Hornet","Girona","755",2
"HONDA","CB750 Hornet","Guadalajara","755",1
"HONDA","CB750 Hornet","Huelva","755",1
"HONDA","CB750 Hornet","Illes Balears","755",4
"HONDA","CB750 Hornet","Jaén","755",1
"HONDA","CB750 Hornet","Lleida","755",2
"HONDA","CB750 Hornet","Madrid","755",5
"HONDA","CB750 Hornet","Málaga","755",4
"HONDA","CB750 Hornet","Murcia","755",3
"HONDA","CB750 Hornet","Palencia","755",1
"HONDA","CB750 Hornet","Palmas (Las)","755",3
"HONDA","CB750 Hornet","Pontevedra","755",3
"HONDA","CB750 Hornet","Rioja (La)","755",4
"HONDA","CB750 Hornet","Santa Cruz de Tenerife","755",1
"HONDA","CB750 Hornet","Sevilla","755",4
"HONDA","CB750 Hornet","Soria","755",1
"HONDA","CB750 Hornet","Tarragona","755",1
"HONDA","CB750 Hornet","Toledo","755",3
"HONDA","CB750 Hornet","Valencia/València","755",10
"HONDA","CB750 Hornet","Zaragoza","755",2
"HONDA","CBF 125","Álava/Araba","125",1
"HONDA","CBF 125","Alicante/Alacant","125",3
"HONDA","CBF 125","Asturias","125",1
"HONDA","CBF 125","Badajoz","125",1
"HONDA","CBF 125","Barcelona","125",8
"HONDA","CBF 125","Bizkaia","125",4
"HONDA","CBF 125","Cádiz","125",1
"HONDA","CBF 125","Córdoba","125",1
"HONDA","CBF 125","Coruña (A)","125",1
"HONDA","CBF 125","Gipuzkoa","125",1
"HONDA","CBF 125","Girona","125",2
"HONDA","CBF 125","Illes Balears","125",3
"HONDA","CBF 125","Madrid","125",5
"HONDA","CBF 125","Málaga","125",6
"HONDA","CBF 125","Murcia","125",4
"HONDA","CBF 125","Palmas (Las)","125",4
"HONDA","CBF 125","Pontevedra","125",2
"HONDA","CBF 125","Rioja (La)","125",1
"HONDA","CBF 125","Santa Cruz de Tenerife","125",8
"HONDA","CBF 125","Sevilla","125",6
"HONDA","CBF 125","Tarragona","125",3
"HONDA","CBF 125","Toledo","125",1
"HONDA","CBF 125","Valencia/València","125",5
"HONDA","CBF300NA","Albacete","286",4
"HONDA","CBF300NA","Badajoz","286",1
"HONDA","CBF300NA","Barcelona","286",3
"HONDA","CBF300NA","Castellón/Castelló","286",1
"HONDA","CBF300NA","Ciudad Real","286",1
"HONDA","CBF300NA","Cuenca","286",1
"HONDA","CBF300NA","Gipuzkoa","286",1
"HONDA","CBF300NA","Lleida","286",1
"HONDA","CBF300NA","Madrid","286",1
"HONDA","CBF300NA","Murcia","286",2
"HONDA","CBF300NA","Pontevedra","286",1
"HONDA","CBR 650 R","Álava/Araba","649",2
"HONDA","CBR 650 R","Alicante/Alacant","649",6
"HONDA","CBR 650 R","Almería","649",1
"HONDA","CBR 650 R","Asturias","649",2
"HONDA","CBR 650 R","Badajoz","649",1
"HONDA","CBR 650 R","Barcelona","649",22
"HONDA","CBR 650 R","Bizkaia","649",3
"HONDA","CBR 650 R","Cáceres","649",1
"HONDA","CBR 650 R","Cádiz","649",3
"HONDA","CBR 650 R","Cantabria","649",2
"HONDA","CBR 650 R","Castellón/Castelló","649",2
"HONDA","CBR 650 R","Ciudad Real","649",2
"HONDA","CBR 650 R","Córdoba","649",1
"HONDA","CBR 650 R","Coruña (A)","649",4
"HONDA","CBR 650 R","Girona","649",2
"HONDA","CBR 650 R","Granada","649",3
"HONDA","CBR 650 R","Illes Balears","649",4
"HONDA","CBR 650 R","Jaén","649",2
"HONDA","CBR 650 R","León","649",3
"HONDA","CBR 650 R","Lleida","649",3
"HONDA","CBR 650 R","Madrid","649",17
"HONDA","CBR 650 R","Málaga","649",6
"HONDA","CBR 650 R","Murcia","649",1
"HONDA","CBR 650 R","Navarra","649",1
"HONDA","CBR 650 R","Palencia","649",1
"HONDA","CBR 650 R","Palmas (Las)","649",6
"HONDA","CBR 650 R","Pontevedra","649",2
"HONDA","CBR 650 R","Santa Cruz de Tenerife","649",5
"HONDA","CBR 650 R","Segovia","649",1
"HONDA","CBR 650 R","Sevilla","649",1
"HONDA","CBR 650 R","Tarragona","649",3
"HONDA","CBR 650 R","Toledo","649",1
"HONDA","CBR 650 R","Valencia/València","649",8
"HONDA","CBR 650 R","Valladolid","649",2
"HONDA","CBR 650 R","Zaragoza","649",1
"HONDA","CBR1000","Cádiz","1000",1
"HONDA","CBR1000","Madrid","1000",1
"HONDA","CBR1000","Málaga","1000",1
"HONDA","CBR1000","Sevilla","1000",1
"HONDA","CBR500","Alicante/Alacant","471",4
"HONDA","CBR500","Asturias","471",1
"HONDA","CBR500","Badajoz","471",1
"HONDA","CBR500","Barcelona","471",6
"HONDA","CBR500","Bizkaia","471",1
"HONDA","CBR500","Cantabria","471",1
"HONDA","CBR500","Castellón/Castelló","471",1
"HONDA","CBR500","Coruña (A)","471",2
"HONDA","CBR500","Girona","471",1
"HONDA","CBR500","Granada","471",1
"HONDA","CBR500","Illes Balears","471",1
"HONDA","CBR500","León","471",1
"HONDA","CBR500","Madrid","471",6
"HONDA","CBR500","Málaga","471",1
"HONDA","CBR500","Murcia","471",2
"HONDA","CBR500","Palmas (Las)","471",1
"HONDA","CBR500","Pontevedra","471",1
"HONDA","CBR500","Santa Cruz de Tenerife","471",1
"HONDA","CBR500","Tarragona","471",1
"HONDA","CBR500","Valencia/València","471",2
"HONDA","CBR500","Zaragoza","471",1
"HONDA","CBR600R3","Alicante/Alacant","599",1
"HONDA","CBR600R3","Asturias","599",1
"HONDA","CBR600R3","Barcelona","599",3
"HONDA","CBR600R3","Cantabria","599",1
"HONDA","CBR600R3","Girona","599",1
"HONDA","CBR600R3","Madrid","599",2
"HONDA","CBR600R3","Málaga","599",1
"HONDA","CBR600R3","Murcia","599",1
"HONDA","CBR600R3","Palmas (Las)","599",5
"HONDA","CBR600R3","Santa Cruz de Tenerife","599",1
"HONDA","CBR600R3","Valencia/València","599",2
"HONDA","CBR600R3","Valladolid","599",1
"HONDA","CBR600R3","Zaragoza","599",1
"HONDA","CBR650RA","Palmas (Las)","649",4
"HONDA","CBR650RA","Santa Cruz de Tenerife","649",3
"HONDA","CL500","Albacete","471",1
"HONDA","CL500","Alicante/Alacant","471",1
"HONDA","CL500","Asturias","471",1
"HONDA","CL500","Barcelona","471",11
"HONDA","CL500","Bizkaia","471",1
"HONDA","CL500","Cantabria","471",1
"HONDA","CL500","Castellón/Castelló","471",1
"HONDA","CL500","Illes Balears","471",2
"HONDA","CL500","Madrid","471",1
"HONDA","CL500","Murcia","471",2
"HONDA","CL500","Navarra","471",2
"HONDA","CL500","Ourense","471",1
"HONDA","CL500","Palmas (Las)","471",4
"HONDA","CL500","Sevilla","471",1
"HONDA","CL500","Tarragona","471",1
"HONDA","CL500","Toledo","471",2
"HONDA","CL500","Valencia/València","471",3
"HONDA","CMX1100","Almería","1084",1
"HONDA","CMX1100","Asturias","1084",1
"HONDA","CMX1100","Barcelona","1084",8
"HONDA","CMX1100","Bizkaia","1084",1
"HONDA","CMX1100","Cádiz","1084",2
"HONDA","CMX1100","Castellón/Castelló","1084",2
"HONDA","CMX1100","Córdoba","1084",1
"HONDA","CMX1100","Granada","1084",1
"HONDA","CMX1100","Huesca","1084",1
"HONDA","CMX1100","Madrid","1084",2
"HONDA","CMX1100","Málaga","1084",2
"HONDA","CMX1100","Ourense","1084",1
"HONDA","CMX1100","Palmas (Las)","1084",1
"HONDA","CMX1100","Pontevedra","1084",1
"HONDA","CMX1100","Santa Cruz de Tenerife","1084",1
"HONDA","CMX1100","Tarragona","1084",2
"HONDA","CMX1100","Valencia/València","1084",4
"HONDA","CMX1100","Valladolid","1084",1
"HONDA","CMX1100","Zaragoza","1084",1
"HONDA","CRF 300 L","Albacete","286",1
"HONDA","CRF 300 L","Alicante/Alacant","286",1
"HONDA","CRF 300 L","Almería","286",4
"HONDA","CRF 300 L","Badajoz","286",1
"HONDA","CRF 300 L","Barcelona","286",16
"HONDA","CRF 300 L","Bizkaia","286",1
"HONDA","CRF 300 L","Burgos","286",1
"HONDA","CRF 300 L","Cantabria","286",2
"HONDA","CRF 300 L","Ciudad Real","286",2
"HONDA","CRF 300 L","Córdoba","286",1
"HONDA","CRF 300 L","Gipuzkoa","286",2
"HONDA","CRF 300 L","Girona","286",1
"HONDA","CRF 300 L","Granada","286",2
"HONDA","CRF 300 L","Guadalajara","286",1
"HONDA","CRF 300 L","Illes Balears","286",5
"HONDA","CRF 300 L","Jaén","286",1
"HONDA","CRF 300 L","León","286",1
"HONDA","CRF 300 L","Lleida","286",1
"HONDA","CRF 300 L","Lugo","286",1
"HONDA","CRF 300 L","Madrid","286",3
"HONDA","CRF 300 L","Málaga","286",4
"HONDA","CRF 300 L","Murcia","286",4
"HONDA","CRF 300 L","Navarra","286",1
"HONDA","CRF 300 L","Palmas (Las)","286",1
"HONDA","CRF 300 L","Sevilla","286",1
"HONDA","CRF 300 L","Valencia/València","286",3
"HONDA","CRF1100L Africa Twin","Alicante/Alacant","1084",2
"HONDA","CRF1100L Africa Twin","Asturias","1084",1
"HONDA","CRF1100L Africa Twin","Barcelona","1084",9
"HONDA","CRF1100L Africa Twin","Bizkaia","1084",1
"HONDA","CRF1100L Africa Twin","Cádiz","1084",1
"HONDA","CRF1100L Africa Twin","Cantabria","1084",1
"HONDA","CRF1100L Africa Twin","Castellón/Castelló","1084",1
"HONDA","CRF1100L Africa Twin","Ceuta","1084",1
"HONDA","CRF1100L Africa Twin","Girona","1084",2
"HONDA","CRF1100L Africa Twin","Granada","1084",3
"HONDA","CRF1100L Africa Twin","Illes Balears","1084",2
"HONDA","CRF1100L Africa Twin","Lleida","1084",1
"HONDA","CRF1100L Africa Twin","Madrid","1084",6
"HONDA","CRF1100L Africa Twin","Málaga","1084",3
"HONDA","CRF1100L Africa Twin","Navarra","1084",1
"HONDA","CRF1100L Africa Twin","Ourense","1084",1
"HONDA","CRF1100L Africa Twin","Palmas (Las)","1084",7
"HONDA","CRF1100L Africa Twin","Pontevedra","1084",1
"HONDA","CRF1100L Africa Twin","Santa Cruz de Tenerife","1084",5
"HONDA","CRF1100L Africa Twin","Sevilla","1084",1
"HONDA","CRF1100L Africa Twin","Toledo","1084",1
"HONDA","CRF1100L Africa Twin","Valencia/València","1084",5
"HONDA","CRF1100L Africa Twin","Valladolid","1084",1
"HONDA","CRF1100L Africa Twin","Zaragoza","1084",1
"HONDA","CRF300LRA","Alicante/Alacant","286",1
"HONDA","CRF300LRA","Barcelona","286",1
"HONDA","CRF300LRA","Bizkaia","286",1
"HONDA","CRF300LRA","Huesca","286",1
"HONDA","CRF300LRA","Málaga","286",1
"HONDA","CRF300LRA","Palmas (Las)","286",1
"HONDA","FORZA 350","Albacete","330",1
"HONDA","FORZA 350","Alicante/Alacant","330",7
"HONDA","FORZA 350","Almería","330",2
"HONDA","FORZA 350","Asturias","330",4
"HONDA","FORZA 350","Badajoz","330",2
"HONDA","FORZA 350","Barcelona","330",52
"HONDA","FORZA 350","Bizkaia","330",3
"HONDA","FORZA 350","Cádiz","330",5
"HONDA","FORZA 350","Cantabria","330",2
"HONDA","FORZA 350","Ceuta","330",2
"HONDA","FORZA 350","Cuenca","330",1
"HONDA","FORZA 350","Gipuzkoa","330",6
"HONDA","FORZA 350","Girona","330",5
"HONDA","FORZA 350","Granada","330",5
"HONDA","FORZA 350","Huelva","330",2
"HONDA","FORZA 350","Huesca","330",1
"HONDA","FORZA 350","Illes Balears","330",12
"HONDA","FORZA 350","Lleida","330",2
"HONDA","FORZA 350","Madrid","330",17
"HONDA","FORZA 350","Málaga","330",18
"HONDA","FORZA 350","Murcia","330",5
"HONDA","FORZA 350","Ourense","330",1
"HONDA","FORZA 350","Palmas (Las)","330",10
"HONDA","FORZA 350","Pontevedra","330",3
"HONDA","FORZA 350","Santa Cruz de Tenerife","330",10
"HONDA","FORZA 350","Sevilla","330",5
"HONDA","FORZA 350","Tarragona","330",3
"HONDA","FORZA 350","Toledo","330",1
"HONDA","FORZA 350","Valencia/València","330",13
"HONDA","FORZA 350","Zaragoza","330",2
"HONDA","FORZA 750","Albacete","745",1
"HONDA","FORZA 750","Alicante/Alacant","745",14
"HONDA","FORZA 750","Almería","745",3
"HONDA","FORZA 750","Asturias","745",5
"HONDA","FORZA 750","Badajoz","745",1
"HONDA","FORZA 750","Barcelona","745",49
"HONDA","FORZA 750","Bizkaia","745",2
"HONDA","FORZA 750","Cádiz","745",6
"HONDA","FORZA 750","Cantabria","745",2
"HONDA","FORZA 750","Castellón/Castelló","745",1
"HONDA","FORZA 750","Córdoba","745",1
"HONDA","FORZA 750","Coruña (A)","745",2
"HONDA","FORZA 750","Gipuzkoa","745",2
"HONDA","FORZA 750","Girona","745",6
"HONDA","FORZA 750","Granada","745",7
"HONDA","FORZA 750","Guadalajara","745",3
"HONDA","FORZA 750","Huelva","745",5
"HONDA","FORZA 750","Illes Balears","745",10
"HONDA","FORZA 750","Jaén","745",2
"HONDA","FORZA 750","Madrid","745",24
"HONDA","FORZA 750","Málaga","745",27
"HONDA","FORZA 750","Murcia","745",5
"HONDA","FORZA 750","Navarra","745",2
"HONDA","FORZA 750","Ourense","745",3
"HONDA","FORZA 750","Palencia","745",1
"HONDA","FORZA 750","Palmas (Las)","745",4
"HONDA","FORZA 750","Pontevedra","745",7
"HONDA","FORZA 750","Rioja (La)","745",1
"HONDA","FORZA 750","Salamanca","745",1
"HONDA","FORZA 750","Santa Cruz de Tenerife","745",6
"HONDA","FORZA 750","Sevilla","745",3
"HONDA","FORZA 750","Tarragona","745",4
"HONDA","FORZA 750","Valencia/València","745",24
"HONDA","FORZA 750","Valladolid","745",1
"HONDA","FORZA 750","Zaragoza","745",1
"HONDA","FORZA125","Álava/Araba","125",1
"HONDA","FORZA125","Albacete","125",1
"HONDA","FORZA125","Alicante/Alacant","125",29
"HONDA","FORZA125","Almería","125",10
"HONDA","FORZA125","Asturias","125",8
"HONDA","FORZA125","Badajoz","125",4
"HONDA","FORZA125","Barcelona","125",103
"HONDA","FORZA125","Bizkaia","125",5
"HONDA","FORZA125","Burgos","125",2
"HONDA","FORZA125","Cáceres","125",2
"HONDA","FORZA125","Cádiz","125",25
"HONDA","FORZA125","Cantabria","125",3
"HONDA","FORZA125","Castellón/Castelló","125",8
"HONDA","FORZA125","Ceuta","125",3
"HONDA","FORZA125","Ciudad Real","125",1
"HONDA","FORZA125","Córdoba","125",8
"HONDA","FORZA125","Coruña (A)","125",3
"HONDA","FORZA125","Gipuzkoa","125",5
"HONDA","FORZA125","Girona","125",10
"HONDA","FORZA125","Granada","125",15
"HONDA","FORZA125","Guadalajara","125",2
"HONDA","FORZA125","Huelva","125",5
"HONDA","FORZA125","Illes Balears","125",31
"HONDA","FORZA125","Jaén","125",5
"HONDA","FORZA125","León","125",4
"HONDA","FORZA125","Lleida","125",3
"HONDA","FORZA125","Lugo","125",1
"HONDA","FORZA125","Madrid","125",41
"HONDA","FORZA125","Málaga","125",41
"HONDA","FORZA125","Murcia","125",9
"HONDA","FORZA125","Navarra","125",4
"HONDA","FORZA125","Palmas (Las)","125",29
"HONDA","FORZA125","Pontevedra","125",8
"HONDA","FORZA125","Santa Cruz de Tenerife","125",24
"HONDA","FORZA125","Segovia","125",1
"HONDA","FORZA125","Sevilla","125",26
"HONDA","FORZA125","Tarragona","125",11
"HONDA","FORZA125","Valencia/València","125",64
"HONDA","FORZA125","Valladolid","125",1
"HONDA","FORZA125","Zaragoza","125",8
"HONDA","GB350S","Álava/Araba","348",1
"HONDA","GB350S","Albacete","348",1
"HONDA","GB350S","Alicante/Alacant","348",4
"HONDA","GB350S","Almería","348",1
"HONDA","GB350S","Asturias","348",1
"HONDA","GB350S","Badajoz","348",1
"HONDA","GB350S","Barcelona","348",18
"HONDA","GB350S","Bizkaia","348",2
"HONDA","GB350S","Cádiz","348",3
"HONDA","GB350S","Cantabria","348",2
"HONDA","GB350S","Córdoba","348",1
"HONDA","GB350S","Coruña (A)","348",3
"HONDA","GB350S","Gipuzkoa","348",3
"HONDA","GB350S","Girona","348",1
"HONDA","GB350S","Granada","348",6
"HONDA","GB350S","Huelva","348",1
"HONDA","GB350S","Illes Balears","348",6
"HONDA","GB350S","Jaén","348",1
"HONDA","GB350S","León","348",3
"HONDA","GB350S","Madrid","348",13
"HONDA","GB350S","Málaga","348",4
"HONDA","GB350S","Murcia","348",3
"HONDA","GB350S","Palmas (Las)","348",2
"HONDA","GB350S","Pontevedra","348",2
"HONDA","GB350S","Rioja (La)","348",1
"HONDA","GB350S","Tarragona","348",3
"HONDA","GB350S","Valencia/València","348",9
"HONDA","GB350S","Zaragoza","348",1
"HONDA","MSX125A","Asturias","124",1
"HONDA","MSX125A","Gipuzkoa","124",1
"HONDA","MSX125A","Girona","124",1
"HONDA","MSX125A","Illes Balears","124",2
"HONDA","MSX125A","León","124",1
"HONDA","MSX125A","Málaga","124",2
"HONDA","MSX125A","Palmas (Las)","124",1
"HONDA","MSX125A","Santa Cruz de Tenerife","124",9
"HONDA","MSX125A","Valencia/València","124",1
"HONDA","NC 750 X","Álava/Araba","745",1
"HONDA","NC 750 X","Albacete","745",2
"HONDA","NC 750 X","Alicante/Alacant","745",8
"HONDA","NC 750 X","Almería","745",3
"HONDA","NC 750 X","Asturias","745",3
"HONDA","NC 750 X","Badajoz","745",3
"HONDA","NC 750 X","Barcelona","745",35
"HONDA","NC 750 X","Bizkaia","745",4
"HONDA","NC 750 X","Cádiz","745",7
"HONDA","NC 750 X","Cantabria","745",2
"HONDA","NC 750 X","Castellón/Castelló","745",2
"HONDA","NC 750 X","Ciudad Real","745",2
"HONDA","NC 750 X","Córdoba","745",3
"HONDA","NC 750 X","Coruña (A)","745",2
"HONDA","NC 750 X","Gipuzkoa","745",3
"HONDA","NC 750 X","Girona","745",4
"HONDA","NC 750 X","Granada","745",3
"HONDA","NC 750 X","Guadalajara","745",1
"HONDA","NC 750 X","Huelva","745",1
"HONDA","NC 750 X","Huesca","745",1
"HONDA","NC 750 X","Illes Balears","745",7
"HONDA","NC 750 X","Jaén","745",2
"HONDA","NC 750 X","Lleida","745",1
"HONDA","NC 750 X","Lugo","745",3
"HONDA","NC 750 X","Madrid","745",17
"HONDA","NC 750 X","Málaga","745",9
"HONDA","NC 750 X","Murcia","745",6
"HONDA","NC 750 X","Navarra","745",1
"HONDA","NC 750 X","Ourense","745",1
"HONDA","NC 750 X","Palencia","745",1
"HONDA","NC 750 X","Palmas (Las)","745",4
"HONDA","NC 750 X","Pontevedra","745",4
"HONDA","NC 750 X","Rioja (La)","745",3
"HONDA","NC 750 X","Salamanca","745",1
"HONDA","NC 750 X","Santa Cruz de Tenerife","745",3
"HONDA","NC 750 X","Sevilla","745",8
"HONDA","NC 750 X","Tarragona","745",3
"HONDA","NC 750 X","Toledo","745",2
"HONDA","NC 750 X","Valencia/València","745",14
"HONDA","NC 750 X","Valladolid","745",1
"HONDA","NC 750 X","Zaragoza","745",3
"HONDA","NSC110MPD","Barcelona","108",1
"HONDA","NT1100","Albacete","1084",1
"HONDA","NT1100","Alicante/Alacant","1084",4
"HONDA","NT1100","Asturias","1084",2
"HONDA","NT1100","Badajoz","1084",1
"HONDA","NT1100","Barcelona","1084",16
"HONDA","NT1100","Bizkaia","1084",1
"HONDA","NT1100","Burgos","1084",1
"HONDA","NT1100","Cádiz","1084",4
"HONDA","NT1100","Cantabria","1084",1
"HONDA","NT1100","Castellón/Castelló","1084",1
"HONDA","NT1100","Córdoba","1084",1
"HONDA","NT1100","Coruña (A)","1084",4
"HONDA","NT1100","Gipuzkoa","1084",2
"HONDA","NT1100","Girona","1084",1
"HONDA","NT1100","Granada","1084",3
"HONDA","NT1100","Huelva","1084",2
"HONDA","NT1100","Huesca","1084",1
"HONDA","NT1100","Illes Balears","1084",1
"HONDA","NT1100","Jaén","1084",1
"HONDA","NT1100","Madrid","1084",10
"HONDA","NT1100","Málaga","1084",2
"HONDA","NT1100","Murcia","1084",3
"HONDA","NT1100","Navarra","1084",1
"HONDA","NT1100","Ourense","1084",1
"HONDA","NT1100","Palmas (Las)","1084",2
"HONDA","NT1100","Pontevedra","1084",1
"HONDA","NT1100","Santa Cruz de Tenerife","1084",1
"HONDA","NT1100","Sevilla","1084",2
"HONDA","NT1100","Tarragona","1084",2
"HONDA","NT1100","Toledo","1084",1
"HONDA","NT1100","Valencia/València","1084",5
"HONDA","NT1100","Valladolid","1084",1
"HONDA","NT1100","Zaragoza","1084",1
"HONDA","PCX125","Álava/Araba","125",3
"HONDA","PCX125","Albacete","125",5
"HONDA","PCX125","Alicante/Alacant","125",49
"HONDA","PCX125","Almería","125",18
"HONDA","PCX125","Asturias","125",6
"HONDA","PCX125","Badajoz","125",7
"HONDA","PCX125","Barcelona","125",78
"HONDA","PCX125","Bizkaia","125",15
"HONDA","PCX125","Cáceres","125",4
"HONDA","PCX125","Cádiz","125",52
"HONDA","PCX125","Cantabria","125",5
"HONDA","PCX125","Castellón/Castelló","125",9
"HONDA","PCX125","Ceuta","125",6
"HONDA","PCX125","Ciudad Real","125",1
"HONDA","PCX125","Córdoba","125",20
"HONDA","PCX125","Coruña (A)","125",9
"HONDA","PCX125","Cuenca","125",2
"HONDA","PCX125","Gipuzkoa","125",2
"HONDA","PCX125","Girona","125",4
"HONDA","PCX125","Granada","125",19
"HONDA","PCX125","Guadalajara","125",1
"HONDA","PCX125","Huelva","125",8
"HONDA","PCX125","Huesca","125",2
"HONDA","PCX125","Illes Balears","125",58
"HONDA","PCX125","Jaén","125",8
"HONDA","PCX125","León","125",3
"HONDA","PCX125","Lleida","125",3
"HONDA","PCX125","Madrid","125",76
"HONDA","PCX125","Málaga","125",76
"HONDA","PCX125","Melilla","125",2
"HONDA","PCX125","Murcia","125",37
"HONDA","PCX125","Navarra","125",3
"HONDA","PCX125","Ourense","125",2
"HONDA","PCX125","Palmas (Las)","125",19
"HONDA","PCX125","Pontevedra","125",16
"HONDA","PCX125","Rioja (La)","125",2
"HONDA","PCX125","Salamanca","125",2
"HONDA","PCX125","Santa Cruz de Tenerife","125",50
"HONDA","PCX125","Segovia","125",1
"HONDA","PCX125","Sevilla","125",48
"HONDA","PCX125","Tarragona","125",11
"HONDA","PCX125","Teruel","125",4
"HONDA","PCX125","Toledo","125",1
"HONDA","PCX125","Valencia/València","125",56
"HONDA","PCX125","Valladolid","125",2
"HONDA","PCX125","Zamora","125",1
"HONDA","PCX125","Zaragoza","125",13
"HONDA","Rebel 500","Alicante/Alacant","471",4
"HONDA","Rebel 500","Almería","471",1
"HONDA","Rebel 500","Asturias","471",1
"HONDA","Rebel 500","Badajoz","471",2
"HONDA","Rebel 500","Barcelona","471",14
"HONDA","Rebel 500","Cádiz","471",1
"HONDA","Rebel 500","Castellón/Castelló","471",1
"HONDA","Rebel 500","Ceuta","471",1
"HONDA","Rebel 500","Córdoba","471",1
"HONDA","Rebel 500","Coruña (A)","471",3
"HONDA","Rebel 500","Gipuzkoa","471",1
"HONDA","Rebel 500","Granada","471",4
"HONDA","Rebel 500","Huesca","471",1
"HONDA","Rebel 500","Illes Balears","471",4
"HONDA","Rebel 500","León","471",2
"HONDA","Rebel 500","Madrid","471",8
"HONDA","Rebel 500","Málaga","471",5
"HONDA","Rebel 500","Murcia","471",1
"HONDA","Rebel 500","Ourense","471",1
"HONDA","Rebel 500","Palmas (Las)","471",5
"HONDA","Rebel 500","Pontevedra","471",1
"HONDA","Rebel 500","Salamanca","471",1
"HONDA","Rebel 500","Santa Cruz de Tenerife","471",2
"HONDA","Rebel 500","Tarragona","471",1
"HONDA","Rebel 500","Toledo","471",1
"HONDA","Rebel 500","Valencia/València","471",13
"HONDA","SH Mode 125","Alicante/Alacant","125",3
"HONDA","SH Mode 125","Barcelona","125",29
"HONDA","SH Mode 125","Cádiz","125",4
"HONDA","SH Mode 125","Castellón/Castelló","125",1
"HONDA","SH Mode 125","Córdoba","125",1
"HONDA","SH Mode 125","Gipuzkoa","125",5
"HONDA","SH Mode 125","Girona","125",9
"HONDA","SH Mode 125","Granada","125",1
"HONDA","SH Mode 125","Illes Balears","125",26
"HONDA","SH Mode 125","Lleida","125",1
"HONDA","SH Mode 125","Madrid","125",1
"HONDA","SH Mode 125","Málaga","125",6
"HONDA","SH Mode 125","Murcia","125",2
"HONDA","SH Mode 125","Palmas (Las)","125",3
"HONDA","SH Mode 125","Santa Cruz de Tenerife","125",3
"HONDA","SH Mode 125","Tarragona","125",2
"HONDA","SH Mode 125","Valencia/València","125",3
"HONDA","SH125i","Albacete","125",1
"HONDA","SH125i","Alicante/Alacant","125",12
"HONDA","SH125i","Almería","125",1
"HONDA","SH125i","Asturias","125",1
"HONDA","SH125i","Barcelona","125",208
"HONDA","SH125i","Bizkaia","125",4
"HONDA","SH125i","Cádiz","125",10
"HONDA","SH125i","Castellón/Castelló","125",4
"HONDA","SH125i","Ceuta","125",24
"HONDA","SH125i","Córdoba","125",5
"HONDA","SH125i","Gipuzkoa","125",41
"HONDA","SH125i","Girona","125",50
"HONDA","SH125i","Granada","125",10
"HONDA","SH125i","Illes Balears","125",15
"HONDA","SH125i","Jaén","125",1
"HONDA","SH125i","Lleida","125",1
"HONDA","SH125i","Madrid","125",6
"HONDA","SH125i","Málaga","125",134
"HONDA","SH125i","Melilla","125",1
"HONDA","SH125i","Murcia","125",3
"HONDA","SH125i","Palmas (Las)","125",2
"HONDA","SH125i","Rioja (La)","125",1
"HONDA","SH125i","Salamanca","125",1
"HONDA","SH125i","Santa Cruz de Tenerife","125",5
"HONDA","SH125i","Sevilla","125",4
"HONDA","SH125i","Tarragona","125",7
"HONDA","SH125i","Teruel","125",1
"HONDA","SH125i","Toledo","125",1
"HONDA","SH125i","Valencia/València","125",8
"HONDA","SH125i","Valladolid","125",1
"HONDA","SH125i","Zaragoza","125",4
"HONDA","SH350i","Alicante/Alacant","330",4
"HONDA","SH350i","Asturias","330",1
"HONDA","SH350i","Barcelona","330",59
"HONDA","SH350i","Cádiz","330",2
"HONDA","SH350i","Ceuta","330",6
"HONDA","SH350i","Gipuzkoa","330",3
"HONDA","SH350i","Girona","330",4
"HONDA","SH350i","Granada","330",3
"HONDA","SH350i","Illes Balears","330",10
"HONDA","SH350i","Jaén","330",1
"HONDA","SH350i","León","330",1
"HONDA","SH350i","Madrid","330",3
"HONDA","SH350i","Málaga","330",19
"HONDA","SH350i","Murcia","330",2
"HONDA","SH350i","Navarra","330",1
"HONDA","SH350i","Palmas (Las)","330",2
"HONDA","SH350i","Santa Cruz de Tenerife","330",2
"HONDA","SH350i","Sevilla","330",1
"HONDA","SH350i","Tarragona","330",2
"HONDA","SH350i","Valencia/València","330",3
"HONDA","ST125A","Barcelona","124",1
"HONDA","ST125A","Ceuta","124",1
"HONDA","ST125A","Girona","124",1
"HONDA","ST125A","Illes Balears","124",3
"HONDA","ST125A","León","124",1
"HONDA","ST125A","Madrid","124",1
"HONDA","ST125A","Melilla","124",1
"HONDA","ST125A","Palmas (Las)","124",2
"HONDA","ST125A","Santa Cruz de Tenerife","124",3
"HONDA","ST125A","Sevilla","124",1
"HONDA","ST125A","Valencia/València","124",1
"HONDA","VISION 110","Albacete","109",1
"HONDA","VISION 110","Alicante/Alacant","109",9
"HONDA","VISION 110","Almería","109",3
"HONDA","VISION 110","Asturias","109",3
"HONDA","VISION 110","Barcelona","109",79
"HONDA","VISION 110","Bizkaia","109",1
"HONDA","VISION 110","Cáceres","109",2
"HONDA","VISION 110","Cádiz","109",8
"HONDA","VISION 110","Cantabria","109",1
"HONDA","VISION 110","Castellón/Castelló","109",2
"HONDA","VISION 110","Ceuta","109",1
"HONDA","VISION 110","Córdoba","109",2
"HONDA","VISION 110","Coruña (A)","109",1
"HONDA","VISION 110","Cuenca","109",1
"HONDA","VISION 110","Gipuzkoa","109",8
"HONDA","VISION 110","Girona","109",27
"HONDA","VISION 110","Granada","109",1
"HONDA","VISION 110","Illes Balears","109",14
"HONDA","VISION 110","Jaén","109",2
"HONDA","VISION 110","Madrid","109",6
"HONDA","VISION 110","Málaga","109",10
"HONDA","VISION 110","Melilla","109",2
"HONDA","VISION 110","Murcia","109",5
"HONDA","VISION 110","Navarra","109",1
"HONDA","VISION 110","Salamanca","109",2
"HONDA","VISION 110","Sevilla","109",2
"HONDA","VISION 110","Tarragona","109",5
"HONDA","VISION 110","Valencia/València","109",19
"HONDA","XL750 Transalp","Albacete","755",1
"HONDA","XL750 Transalp","Alicante/Alacant","755",3
"HONDA","XL750 Transalp","Almería","755",4
"HONDA","XL750 Transalp","Badajoz","755",1
"HONDA","XL750 Transalp","Barcelona","755",27
"HONDA","XL750 Transalp","Bizkaia","755",1
"HONDA","XL750 Transalp","Burgos","755",1
"HONDA","XL750 Transalp","Cádiz","755",5
"HONDA","XL750 Transalp","Cantabria","755",3
"HONDA","XL750 Transalp","Castellón/Castelló","755",1
"HONDA","XL750 Transalp","Ceuta","755",1
"HONDA","XL750 Transalp","Córdoba","755",1
"HONDA","XL750 Transalp","Coruña (A)","755",1
"HONDA","XL750 Transalp","Cuenca","755",1
"HONDA","XL750 Transalp","Gipuzkoa","755",4
"HONDA","XL750 Transalp","Granada","755",3
"HONDA","XL750 Transalp","Huelva","755",1
"HONDA","XL750 Transalp","Huesca","755",2
"HONDA","XL750 Transalp","Illes Balears","755",3
"HONDA","XL750 Transalp","León","755",1
"HONDA","XL750 Transalp","Lleida","755",2
"HONDA","XL750 Transalp","Madrid","755",9
"HONDA","XL750 Transalp","Málaga","755",8
"HONDA","XL750 Transalp","Murcia","755",1
"HONDA","XL750 Transalp","Navarra","755",2
"HONDA","XL750 Transalp","Ourense","755",1
"HONDA","XL750 Transalp","Palmas (Las)","755",3
"HONDA","XL750 Transalp","Pontevedra","755",3
"HONDA","XL750 Transalp","Rioja (La)","755",2
"HONDA","XL750 Transalp","Salamanca","755",1
"HONDA","XL750 Transalp","Santa Cruz de Tenerife","755",3
"HONDA","XL750 Transalp","Sevilla","755",4
"HONDA","XL750 Transalp","Tarragona","755",1
"HONDA","XL750 Transalp","Toledo","755",1
"HONDA","XL750 Transalp","Valencia/València","755",3
"HONDA","XL750 Transalp","Zaragoza","755",2
"HONDA","Z125MA","Barcelona","124",1
"HONDA","Z125MA","Coruña (A)","124",1
"HONDA","Z125MA","Illes Balears","124",2
"HONDA","Z125MA","Jaén","124",1
"HONDA","Z125MA","Madrid","124",2
"HONDA","Z125MA","Palmas (Las)","124",1
"HONDA","Z125MA","Santa Cruz de Tenerife","124",1
"HONDA","Z125MA","Toledo","124",1
"HONDA","Z125MA","Valencia/València","124",2
"HUSQVARNA","HUSQVARNA 701 ENDURO","Bizkaia","693",1
"HUSQVARNA","HUSQVARNA 801 SVARTPIL","Alicante/Alacant","799",1
"HUSQVARNA","HUSQVARNA 801 SVARTPIL","Barcelona","799",1
"HUSQVARNA","HUSQVARNA 801 SVARTPIL","Palmas (Las)","799",1
"HUSQVARNA","HUSQVARNA 801 VITPILEN","Madrid","799",1
"HUSQVARNA","HUSQVARNA 801 VITPILEN","Valladolid","799",1
"HUSQVARNA","HUSQVARNA 901 NORDEN","Barcelona","889",2
"HUSQVARNA","HUSQVARNA 901 NORDEN","Cádiz","889",1
"HUSQVARNA","HUSQVARNA 901 NORDEN","Córdoba","889",1
"HUSQVARNA","HUSQVARNA 901 NORDEN","Madrid","889",1
"HUSQVARNA","HUSQVARNA 901 NORDEN","Málaga","889",2
"HUSQVARNA","HUSQVARNA 901 NORDEN","Ourense","889",1
"HUSQVARNA","HUSQVARNA 901 NORDEN","Teruel","889",1
"HUSQVARNA","HUSQVARNA 901 NORDEN","Valencia/València","889",2
"HUSQVARNA","HUSQVARNA 901 NORDEN","Zaragoza","889",1
"HUSQVARNA","HUSQVARNA 901 NORDEN E","Almería","889",1
"HUSQVARNA","HUSQVARNA 901 NORDEN E","Asturias","889",2
"HUSQVARNA","HUSQVARNA 901 NORDEN E","Barcelona","889",6
"HUSQVARNA","HUSQVARNA 901 NORDEN E","Bizkaia","889",1
"HUSQVARNA","HUSQVARNA 901 NORDEN E","Lleida","889",1
"HUSQVARNA","HUSQVARNA 901 NORDEN E","Madrid","889",4
"HUSQVARNA","HUSQVARNA 901 NORDEN E","Murcia","889",2
"HUSQVARNA","HUSQVARNA 901 NORDEN E","Rioja (La)","889",1
"HUSQVARNA","HUSQVARNA 901 NORDEN E","Segovia","889",1
"HUSQVARNA","HUSQVARNA FE 250","Barcelona","250",1
"HUSQVARNA","HUSQVARNA FE 350","Madrid","350",1
"HUSQVARNA","HUSQVARNA FE 450","Valencia/València","450",1
"HUSQVARNA","HUSQVARNA FE 501","Badajoz","510",1
"HUSQVARNA","HUSQVARNA SVARTPILEN 4","Barcelona","399",1
"HUSQVARNA","HUSQVARNA SVARTPILEN 4","Castellón/Castelló","399",1
"HUSQVARNA","HUSQVARNA SVARTPILEN 4","Granada","399",1
"HUSQVARNA","HUSQVARNA SVARTPILEN 4","León","399",1
"HUSQVARNA","HUSQVARNA SVARTPILEN 4","Lleida","399",1
"HUSQVARNA","HUSQVARNA SVARTPILEN 4","Madrid","399",4
"HUSQVARNA","HUSQVARNA SVARTPILEN 4","Palmas (Las)","399",2
"HUSQVARNA","HUSQVARNA SVARTPILEN 4","Pontevedra","399",1
"HUSQVARNA","HUSQVARNA SVARTPILEN 4","Valladolid","399",1
"HUSQVARNA","HUSQVARNA SVARTPILEN12","Almería","125",1
"HUSQVARNA","HUSQVARNA SVARTPILEN12","Barcelona","125",3
"HUSQVARNA","HUSQVARNA SVARTPILEN12","Girona","125",1
"HUSQVARNA","HUSQVARNA SVARTPILEN12","Illes Balears","125",1
"HUSQVARNA","HUSQVARNA SVARTPILEN12","León","125",2
"HUSQVARNA","HUSQVARNA SVARTPILEN12","Madrid","125",5
"HUSQVARNA","HUSQVARNA SVARTPILEN12","Palmas (Las)","125",1
"HUSQVARNA","HUSQVARNA SVARTPILEN12","Santa Cruz de Tenerife","125",1
"HUSQVARNA","HUSQVARNA SVARTPILEN12","Tarragona","125",1
"HUSQVARNA","HUSQVARNA TE 300","Bizkaia","293",2
"HUSQVARNA","HUSQVARNA TE 300","Ciudad Real","293",1
"HUSQVARNA","HUSQVARNA TE 300","Lleida","293",1
"HUSQVARNA","HUSQVARNA TE 300","Madrid","293",1
"HUSQVARNA","HUSQVARNA TE 300","Navarra","293",1
"HUSQVARNA","HUSQVARNA TE 300","Sevilla","293",1
"HUSQVARNA","HUSQVARNA VITPILEN 125","Illes Balears","125",1
"HUSQVARNA","HUSQVARNA VITPILEN 401","Zaragoza","399",1
"HYOSUNG","GV125","Almería","125",1
"HYOSUNG","GV125","Barcelona","125",2
"HYOSUNG","GV125","Bizkaia","125",1
"HYOSUNG","GV125","Cantabria","125",1
"HYOSUNG","GV125","Córdoba","125",1
"HYOSUNG","GV125","Granada","125",1
"HYOSUNG","GV125","Huelva","125",1
"HYOSUNG","GV125","Madrid","125",1
"HYOSUNG","GV125","Málaga","125",1
"HYOSUNG","GV125","Ourense","125",1
"HYOSUNG","GV125","Pontevedra","125",1
"HYOSUNG","GV125","Sevilla","125",1
"HYOSUNG","GV125","Tarragona","125",1
"HYOSUNG","GV125","Valencia/València","125",5
"HYOSUNG","GV300","Pontevedra","296",1
"HYOSUNG","GV300","Tarragona","296",1
"INDIAN MOTORCYCLE","101 SCOUT","Alicante/Alacant","1250",1
"INDIAN MOTORCYCLE","101 SCOUT","Barcelona","1250",2
"INDIAN MOTORCYCLE","101 SCOUT","Castellón/Castelló","1250",1
"INDIAN MOTORCYCLE","CHIEF BOBBER DARK HORS","Palmas (Las)","1890",1
"INDIAN MOTORCYCLE","CHIEF DARK HORSE","Málaga","1890",1
"INDIAN MOTORCYCLE","FTR","Málaga","1203",1
"INDIAN MOTORCYCLE","FTR R CARBON LE","Barcelona","1203",1
"INDIAN MOTORCYCLE","INDIAN PURSUIT DARK HO","Barcelona","1768",1
"INDIAN MOTORCYCLE","ROADMASTER","Valladolid","1890",1
"INDIAN MOTORCYCLE","SCOUT","Valencia/València","1133",1
"INDIAN MOTORCYCLE","SCOUT BOBBER","Córdoba","1133",1
"INDIAN MOTORCYCLE","SCOUT BOBBER","Salamanca","1133",1
"INDIAN MOTORCYCLE","SCOUT BOBBER LIMITED","Valladolid","1250",1
"INDIAN MOTORCYCLE","SCOUT BOBBER LIMITED +","Alicante/Alacant","1250",1
"INDIAN MOTORCYCLE","SCOUT BOBBER LIMITED +","Almería","1250",1
"INDIAN MOTORCYCLE","SCOUT BOBBER LIMITED +","Badajoz","1250",1
"INDIAN MOTORCYCLE","SCOUT BOBBER LIMITED +","Córdoba","1250",1
"INDIAN MOTORCYCLE","SCOUT CLASSIC","Ávila","1250",1
"INDIAN MOTORCYCLE","SCOUT CLASSIC LIMITED","Madrid","1250",1
"INDIAN MOTORCYCLE","SCOUT CLASSIC LIMITED","Zaragoza","1250",1
"INDIAN MOTORCYCLE","SCOUT SIXTY BOBBER","Alicante/Alacant","1000",2
"INDIAN MOTORCYCLE","SCOUT SIXTY BOBBER","Girona","1000",1
"INDIAN MOTORCYCLE","SCOUT SIXTY BOBBER","Madrid","1000",1
"INDIAN MOTORCYCLE","SCOUT SIXTY BOBBER","Murcia","1000",1
"INDIAN MOTORCYCLE","SCOUT SIXTY BOBBER","Navarra","1000",1
"INDIAN MOTORCYCLE","SCOUT SIXTY CLASSIC","Coruña (A)","1000",1
"INDIAN MOTORCYCLE","SPORT SCOUT LIMITED","Murcia","1250",1
"INDIAN MOTORCYCLE","SPORT SCOUT LIMITED+TE","Illes Balears","1250",1
"INDIAN MOTORCYCLE","SPORT SCOUT LIMITED+TE","Madrid","1250",1
"INDIAN MOTORCYCLE","SPORT SCOUT LIMITED+TE","Palmas (Las)","1250",1
"INDIAN MOTORCYCLE","SUPER SCOUT LIMITED +","Barcelona","1250",1
"INDIAN MOTORCYCLE","SUPER SCOUT LIMITED +","Granada","1250",1
"INDIAN MOTORCYCLE","SUPER SCOUT LIMITED +","Madrid","1250",1
"INDIAN MOTORCYCLE","SUPER SCOUT LIMITED +","Murcia","1250",1
"KAWASAKI","ELIMINATOR","Alicante/Alacant","451",2
"KAWASAKI","ELIMINATOR","Almería","451",1
"KAWASAKI","ELIMINATOR","Asturias","451",1
"KAWASAKI","ELIMINATOR","Badajoz","451",1
"KAWASAKI","ELIMINATOR","Barcelona","451",8
"KAWASAKI","ELIMINATOR","Cádiz","451",1
"KAWASAKI","ELIMINATOR","Coruña (A)","451",1
"KAWASAKI","ELIMINATOR","Girona","451",2
"KAWASAKI","ELIMINATOR","Granada","451",3
"KAWASAKI","ELIMINATOR","Guadalajara","451",1
"KAWASAKI","ELIMINATOR","Illes Balears","451",2
"KAWASAKI","ELIMINATOR","Jaén","451",1
"KAWASAKI","ELIMINATOR","Lugo","451",1
"KAWASAKI","ELIMINATOR","Madrid","451",10
"KAWASAKI","ELIMINATOR","Málaga","451",1
"KAWASAKI","ELIMINATOR","Murcia","451",1
"KAWASAKI","ELIMINATOR","Pontevedra","451",1
"KAWASAKI","ELIMINATOR","Santa Cruz de Tenerife","451",1
"KAWASAKI","ELIMINATOR","Sevilla","451",3
"KAWASAKI","ELIMINATOR","Tarragona","451",2
"KAWASAKI","ELIMINATOR","Toledo","451",1
"KAWASAKI","ELIMINATOR","Valencia/València","451",4
"KAWASAKI","ELIMINATOR","Valladolid","451",1
"KAWASAKI","ELIMINATOR","Zaragoza","451",1
"KAWASAKI","NINJA 1000SX","Burgos","1043",1
"KAWASAKI","NINJA 1000SX","Castellón/Castelló","1043",1
"KAWASAKI","NINJA 1100SX","Cádiz","1099",2
"KAWASAKI","NINJA 1100SX","Cantabria","1099",1
"KAWASAKI","NINJA 1100SX","Girona","1099",1
"KAWASAKI","NINJA 1100SX","Granada","1099",1
"KAWASAKI","NINJA 1100SX","Madrid","1099",2
"KAWASAKI","NINJA 1100SX","Toledo","1099",1
"KAWASAKI","NINJA 1100SX","Valencia/València","1099",1
"KAWASAKI","NINJA 125","Illes Balears","125",2
"KAWASAKI","NINJA 125","Lleida","125",1
"KAWASAKI","NINJA 125","Tarragona","125",1
"KAWASAKI","NINJA 125","Toledo","125",1
"KAWASAKI","NINJA 500","Alicante/Alacant","451",1
"KAWASAKI","NINJA 500","Barcelona","451",9
"KAWASAKI","NINJA 500","Cádiz","451",1
"KAWASAKI","NINJA 500","Castellón/Castelló","451",2
"KAWASAKI","NINJA 500","Ciudad Real","451",1
"KAWASAKI","NINJA 500","Córdoba","451",2
"KAWASAKI","NINJA 500","Illes Balears","451",1
"KAWASAKI","NINJA 500","Lleida","451",2
"KAWASAKI","NINJA 500","Madrid","451",6
"KAWASAKI","NINJA 500","Murcia","451",1
"KAWASAKI","NINJA 500","Ourense","451",1
"KAWASAKI","NINJA 500","Pontevedra","451",2
"KAWASAKI","NINJA 500","Salamanca","451",1
"KAWASAKI","NINJA 500","Santa Cruz de Tenerife","451",3
"KAWASAKI","NINJA 500","Sevilla","451",1
"KAWASAKI","NINJA 500","Tarragona","451",3
"KAWASAKI","NINJA 500","Zaragoza","451",1
"KAWASAKI","NINJA 650","Alicante/Alacant","649",4
"KAWASAKI","NINJA 650","Almería","649",1
"KAWASAKI","NINJA 650","Asturias","649",2
"KAWASAKI","NINJA 650","Barcelona","649",8
"KAWASAKI","NINJA 650","Cádiz","649",2
"KAWASAKI","NINJA 650","Castellón/Castelló","649",1
"KAWASAKI","NINJA 650","Ciudad Real","649",1
"KAWASAKI","NINJA 650","Coruña (A)","649",1
"KAWASAKI","NINJA 650","Gipuzkoa","649",1
"KAWASAKI","NINJA 650","Girona","649",2
"KAWASAKI","NINJA 650","Huelva","649",1
"KAWASAKI","NINJA 650","Illes Balears","649",3
"KAWASAKI","NINJA 650","León","649",1
"KAWASAKI","NINJA 650","Lleida","649",2
"KAWASAKI","NINJA 650","Madrid","649",15
"KAWASAKI","NINJA 650","Málaga","649",2
"KAWASAKI","NINJA 650","Murcia","649",1
"KAWASAKI","NINJA 650","Pontevedra","649",1
"KAWASAKI","NINJA 650","Rioja (La)","649",1
"KAWASAKI","NINJA 650","Segovia","649",1
"KAWASAKI","NINJA 650","Sevilla","649",4
"KAWASAKI","NINJA 650","Teruel","649",1
"KAWASAKI","NINJA 650","Toledo","649",3
"KAWASAKI","NINJA 650","Valencia/València","649",4
"KAWASAKI","NINJA 650","Zaragoza","649",3
"KAWASAKI","NINJA 7 HYBRID","Madrid","451",1
"KAWASAKI","NINJA H2 SX","Badajoz","998",1
"KAWASAKI","NINJA H2 SX","Pontevedra","998",1
"KAWASAKI","NINJA H2 SX","Valladolid","998",1
"KAWASAKI","NINJA ZX-10R","Alicante/Alacant","998",2
"KAWASAKI","NINJA ZX-10R","Girona","998",1
"KAWASAKI","NINJA ZX-10R","Palencia","998",1
"KAWASAKI","NINJA ZX-10R","Pontevedra","998",1
"KAWASAKI","NINJA ZX-10R","Sevilla","998",1
"KAWASAKI","NINJA ZX-10R","Valencia/València","998",1
"KAWASAKI","NINJA ZX-4R","Albacete","399",2
"KAWASAKI","NINJA ZX-4R","Alicante/Alacant","399",2
"KAWASAKI","NINJA ZX-4R","Asturias","399",1
"KAWASAKI","NINJA ZX-4R","Barcelona","399",5
"KAWASAKI","NINJA ZX-4R","Cantabria","399",1
"KAWASAKI","NINJA ZX-4R","Castellón/Castelló","399",1
"KAWASAKI","NINJA ZX-4R","Córdoba","399",3
"KAWASAKI","NINJA ZX-4R","Girona","399",1
"KAWASAKI","NINJA ZX-4R","Granada","399",1
"KAWASAKI","NINJA ZX-4R","Madrid","399",6
"KAWASAKI","NINJA ZX-4R","Málaga","399",2
"KAWASAKI","NINJA ZX-4R","Murcia","399",1
"KAWASAKI","NINJA ZX-4R","Navarra","399",1
"KAWASAKI","NINJA ZX-4R","Pontevedra","399",1
"KAWASAKI","NINJA ZX-4R","Sevilla","399",1
"KAWASAKI","NINJA ZX-4R","Tarragona","399",4
"KAWASAKI","NINJA ZX-4R","Valencia/València","399",2
"KAWASAKI","NINJA ZX-4R","Valladolid","399",1
"KAWASAKI","NINJA ZX-6R","Álava/Araba","636",1
"KAWASAKI","NINJA ZX-6R","Albacete","636",2
"KAWASAKI","NINJA ZX-6R","Alicante/Alacant","636",2
"KAWASAKI","NINJA ZX-6R","Asturias","636",2
"KAWASAKI","NINJA ZX-6R","Badajoz","636",1
"KAWASAKI","NINJA ZX-6R","Barcelona","636",12
"KAWASAKI","NINJA ZX-6R","Bizkaia","636",1
"KAWASAKI","NINJA ZX-6R","Cádiz","636",1
"KAWASAKI","NINJA ZX-6R","Cantabria","636",2
"KAWASAKI","NINJA ZX-6R","Castellón/Castelló","636",1
"KAWASAKI","NINJA ZX-6R","Granada","636",1
"KAWASAKI","NINJA ZX-6R","Illes Balears","636",2
"KAWASAKI","NINJA ZX-6R","León","636",2
"KAWASAKI","NINJA ZX-6R","Lleida","636",1
"KAWASAKI","NINJA ZX-6R","Lugo","636",1
"KAWASAKI","NINJA ZX-6R","Madrid","636",10
"KAWASAKI","NINJA ZX-6R","Málaga","636",2
"KAWASAKI","NINJA ZX-6R","Murcia","636",3
"KAWASAKI","NINJA ZX-6R","Ourense","636",2
"KAWASAKI","NINJA ZX-6R","Palencia","636",1
"KAWASAKI","NINJA ZX-6R","Pontevedra","636",1
"KAWASAKI","NINJA ZX-6R","Santa Cruz de Tenerife","636",1
"KAWASAKI","NINJA ZX-6R","Tarragona","636",3
"KAWASAKI","NINJA ZX-6R","Toledo","636",4
"KAWASAKI","NINJA ZX-6R","Valencia/València","636",1
"KAWASAKI","NINJA ZX-6R","Valladolid","636",2
"KAWASAKI","NINJA ZX-6R","Zamora","636",1
"KAWASAKI","NINJA ZX-6R","Zaragoza","636",1
"KAWASAKI","VERSYS 1000","Barcelona","1043",4
"KAWASAKI","VERSYS 1000","Girona","1043",1
"KAWASAKI","VERSYS 1000","Santa Cruz de Tenerife","1043",1
"KAWASAKI","VERSYS 1100","Albacete","1099",1
"KAWASAKI","VERSYS 1100","Almería","1099",2
"KAWASAKI","VERSYS 1100","Badajoz","1099",1
"KAWASAKI","VERSYS 1100","Barcelona","1099",5
"KAWASAKI","VERSYS 1100","Bizkaia","1099",2
"KAWASAKI","VERSYS 1100","Cádiz","1099",3
"KAWASAKI","VERSYS 1100","Cantabria","1099",1
"KAWASAKI","VERSYS 1100","Gipuzkoa","1099",1
"KAWASAKI","VERSYS 1100","Huelva","1099",1
"KAWASAKI","VERSYS 1100","Illes Balears","1099",1
"KAWASAKI","VERSYS 1100","Madrid","1099",1
"KAWASAKI","VERSYS 1100","Málaga","1099",1
"KAWASAKI","VERSYS 1100","Murcia","1099",2
"KAWASAKI","VERSYS 1100","Navarra","1099",3
"KAWASAKI","VERSYS 1100","Santa Cruz de Tenerife","1099",1
"KAWASAKI","VERSYS 1100","Sevilla","1099",1
"KAWASAKI","VERSYS 1100","Tarragona","1099",1
"KAWASAKI","VERSYS 1100","Toledo","1099",1
"KAWASAKI","VERSYS 1100","Valencia/València","1099",3
"KAWASAKI","VERSYS 1100","Valladolid","1099",1
"KAWASAKI","VERSYS 1100","Zaragoza","1099",1
"KAWASAKI","VERSYS 650","Álava/Araba","649",2
"KAWASAKI","VERSYS 650","Albacete","649",1
"KAWASAKI","VERSYS 650","Alicante/Alacant","649",4
"KAWASAKI","VERSYS 650","Almería","649",2
"KAWASAKI","VERSYS 650","Asturias","649",1
"KAWASAKI","VERSYS 650","Badajoz","649",2
"KAWASAKI","VERSYS 650","Barcelona","649",16
"KAWASAKI","VERSYS 650","Bizkaia","649",3
"KAWASAKI","VERSYS 650","Burgos","649",1
"KAWASAKI","VERSYS 650","Cádiz","649",4
"KAWASAKI","VERSYS 650","Cantabria","649",3
"KAWASAKI","VERSYS 650","Castellón/Castelló","649",1
"KAWASAKI","VERSYS 650","Ciudad Real","649",1
"KAWASAKI","VERSYS 650","Coruña (A)","649",2
"KAWASAKI","VERSYS 650","Granada","649",1
"KAWASAKI","VERSYS 650","Guadalajara","649",1
"KAWASAKI","VERSYS 650","León","649",1
"KAWASAKI","VERSYS 650","Madrid","649",10
"KAWASAKI","VERSYS 650","Málaga","649",1
"KAWASAKI","VERSYS 650","Murcia","649",2
"KAWASAKI","VERSYS 650","Navarra","649",2
"KAWASAKI","VERSYS 650","Palmas (Las)","649",1
"KAWASAKI","VERSYS 650","Santa Cruz de Tenerife","649",1
"KAWASAKI","VERSYS 650","Sevilla","649",1
"KAWASAKI","VERSYS 650","Tarragona","649",6
"KAWASAKI","VERSYS 650","Toledo","649",1
"KAWASAKI","VERSYS 650","Valencia/València","649",2
"KAWASAKI","VERSYS 650","Valladolid","649",2
"KAWASAKI","VULCAN S","Álava/Araba","649",1
"KAWASAKI","VULCAN S","Alicante/Alacant","649",1
"KAWASAKI","VULCAN S","Almería","649",1
"KAWASAKI","VULCAN S","Barcelona","649",8
"KAWASAKI","VULCAN S","Bizkaia","649",1
"KAWASAKI","VULCAN S","Coruña (A)","649",1
"KAWASAKI","VULCAN S","Huelva","649",1
"KAWASAKI","VULCAN S","Illes Balears","649",1
"KAWASAKI","VULCAN S","Madrid","649",3
"KAWASAKI","VULCAN S","Murcia","649",2
"KAWASAKI","VULCAN S","Tarragona","649",2
"KAWASAKI","VULCAN S","Valladolid","649",2
"KAWASAKI","W800","Albacete","773",1
"KAWASAKI","W800","Bizkaia","773",2
"KAWASAKI","W800","Girona","773",1
"KAWASAKI","W800","Illes Balears","773",2
"KAWASAKI","W800","Navarra","773",1
"KAWASAKI","Z H2","Castellón/Castelló","998",1
"KAWASAKI","Z125","Alicante/Alacant","125",3
"KAWASAKI","Z125","Almería","125",1
"KAWASAKI","Z125","Barcelona","125",1
"KAWASAKI","Z125","Cáceres","125",1
"KAWASAKI","Z125","Córdoba","125",1
"KAWASAKI","Z125","Coruña (A)","125",1
"KAWASAKI","Z125","Granada","125",1
"KAWASAKI","Z125","Illes Balears","125",1
"KAWASAKI","Z125","Jaén","125",1
"KAWASAKI","Z125","Lleida","125",1
"KAWASAKI","Z125","Madrid","125",4
"KAWASAKI","Z125","Murcia","125",2
"KAWASAKI","Z125","Palmas (Las)","125",1
"KAWASAKI","Z125","Valencia/València","125",2
"KAWASAKI","Z125","Zaragoza","125",2
"KAWASAKI","Z500","Albacete","451",1
"KAWASAKI","Z500","Alicante/Alacant","451",3
"KAWASAKI","Z500","Ávila","451",1
"KAWASAKI","Z500","Badajoz","451",1
"KAWASAKI","Z500","Barcelona","451",7
"KAWASAKI","Z500","Bizkaia","451",1
"KAWASAKI","Z500","Cáceres","451",1
"KAWASAKI","Z500","Cantabria","451",1
"KAWASAKI","Z500","Córdoba","451",2
"KAWASAKI","Z500","Coruña (A)","451",2
"KAWASAKI","Z500","Gipuzkoa","451",4
"KAWASAKI","Z500","Granada","451",1
"KAWASAKI","Z500","Madrid","451",13
"KAWASAKI","Z500","Málaga","451",3
"KAWASAKI","Z500","Murcia","451",1
"KAWASAKI","Z500","Palmas (Las)","451",2
"KAWASAKI","Z500","Rioja (La)","451",1
"KAWASAKI","Z500","Sevilla","451",3
"KAWASAKI","Z500","Toledo","451",1
"KAWASAKI","Z500","Valencia/València","451",3
"KAWASAKI","Z500","Zaragoza","451",1
"KAWASAKI","Z650","Alicante/Alacant","649",7
"KAWASAKI","Z650","Asturias","649",1
"KAWASAKI","Z650","Badajoz","649",1
"KAWASAKI","Z650","Barcelona","649",26
"KAWASAKI","Z650","Bizkaia","649",4
"KAWASAKI","Z650","Cantabria","649",2
"KAWASAKI","Z650","Castellón/Castelló","649",3
"KAWASAKI","Z650","Ciudad Real","649",2
"KAWASAKI","Z650","Córdoba","649",1
"KAWASAKI","Z650","Coruña (A)","649",2
"KAWASAKI","Z650","Gipuzkoa","649",3
"KAWASAKI","Z650","Girona","649",2
"KAWASAKI","Z650","Granada","649",2
"KAWASAKI","Z650","Huelva","649",1
"KAWASAKI","Z650","Huesca","649",1
"KAWASAKI","Z650","Illes Balears","649",3
"KAWASAKI","Z650","Jaén","649",1
"KAWASAKI","Z650","León","649",3
"KAWASAKI","Z650","Lugo","649",1
"KAWASAKI","Z650","Madrid","649",11
"KAWASAKI","Z650","Málaga","649",3
"KAWASAKI","Z650","Murcia","649",4
"KAWASAKI","Z650","Navarra","649",1
"KAWASAKI","Z650","Palmas (Las)","649",2
"KAWASAKI","Z650","Pontevedra","649",3
"KAWASAKI","Z650","Rioja (La)","649",1
"KAWASAKI","Z650","Santa Cruz de Tenerife","649",4
"KAWASAKI","Z650","Sevilla","649",3
"KAWASAKI","Z650","Tarragona","649",1
"KAWASAKI","Z650","Valencia/València","649",5
"KAWASAKI","Z650","Valladolid","649",3
"KAWASAKI","Z650","Zamora","649",1
"KAWASAKI","Z650RS","Álava/Araba","649",1
"KAWASAKI","Z650RS","Albacete","649",1
"KAWASAKI","Z650RS","Almería","649",1
"KAWASAKI","Z650RS","Barcelona","649",8
"KAWASAKI","Z650RS","Cádiz","649",1
"KAWASAKI","Z650RS","Castellón/Castelló","649",1
"KAWASAKI","Z650RS","Ciudad Real","649",1
"KAWASAKI","Z650RS","Coruña (A)","649",1
"KAWASAKI","Z650RS","Gipuzkoa","649",1
"KAWASAKI","Z650RS","Illes Balears","649",1
"KAWASAKI","Z650RS","Madrid","649",2
"KAWASAKI","Z650RS","Málaga","649",2
"KAWASAKI","Z650RS","Murcia","649",1
"KAWASAKI","Z650RS","Sevilla","649",1
"KAWASAKI","Z650RS","Tarragona","649",2
"KAWASAKI","Z650RS","Valencia/València","649",3
"KAWASAKI","Z900","Álava/Araba","948",2
"KAWASAKI","Z900","Albacete","948",1
"KAWASAKI","Z900","Alicante/Alacant","948",20
"KAWASAKI","Z900","Almería","948",7
"KAWASAKI","Z900","Asturias","948",4
"KAWASAKI","Z900","Badajoz","948",1
"KAWASAKI","Z900","Barcelona","948",48
"KAWASAKI","Z900","Bizkaia","948",4
"KAWASAKI","Z900","Burgos","948",2
"KAWASAKI","Z900","Cáceres","948",4
"KAWASAKI","Z900","Cádiz","948",12
"KAWASAKI","Z900","Cantabria","948",8
"KAWASAKI","Z900","Castellón/Castelló","948",5
"KAWASAKI","Z900","Ciudad Real","948",1
"KAWASAKI","Z900","Córdoba","948",3
"KAWASAKI","Z900","Coruña (A)","948",8
"KAWASAKI","Z900","Cuenca","948",1
"KAWASAKI","Z900","Gipuzkoa","948",1
"KAWASAKI","Z900","Girona","948",9
"KAWASAKI","Z900","Granada","948",8
"KAWASAKI","Z900","Guadalajara","948",1
"KAWASAKI","Z900","Huelva","948",2
"KAWASAKI","Z900","Illes Balears","948",10
"KAWASAKI","Z900","Jaén","948",3
"KAWASAKI","Z900","León","948",2
"KAWASAKI","Z900","Lleida","948",3
"KAWASAKI","Z900","Lugo","948",1
"KAWASAKI","Z900","Madrid","948",38
"KAWASAKI","Z900","Málaga","948",7
"KAWASAKI","Z900","Murcia","948",15
"KAWASAKI","Z900","Navarra","948",1
"KAWASAKI","Z900","Ourense","948",3
"KAWASAKI","Z900","Palencia","948",2
"KAWASAKI","Z900","Palmas (Las)","948",8
"KAWASAKI","Z900","Pontevedra","948",3
"KAWASAKI","Z900","Rioja (La)","948",2
"KAWASAKI","Z900","Salamanca","948",1
"KAWASAKI","Z900","Santa Cruz de Tenerife","948",9
"KAWASAKI","Z900","Segovia","948",1
"KAWASAKI","Z900","Sevilla","948",6
"KAWASAKI","Z900","Tarragona","948",6
"KAWASAKI","Z900","Teruel","948",1
"KAWASAKI","Z900","Toledo","948",7
"KAWASAKI","Z900","Valencia/València","948",15
"KAWASAKI","Z900","Valladolid","948",1
"KAWASAKI","Z900","Zaragoza","948",6
"KAWASAKI","Z900RS","Albacete","948",1
"KAWASAKI","Z900RS","Asturias","948",1
"KAWASAKI","Z900RS","Barcelona","948",1
"KAWASAKI","Z900RS","Illes Balears","948",2
"KAWASAKI","Z900RS","Madrid","948",1
"KAWASAKI","Z900RS","Pontevedra","948",1
"KAWASAKI","Z900RS","Tarragona","948",1
"KEEWAY","FACT EVO 125","Bizkaia","125",1
"KEEWAY","GEMMA","Alicante/Alacant","117",1
"KEEWAY","GEMMA","Asturias","117",1
"KEEWAY","GEMMA","Barcelona","117",6
"KEEWAY","GEMMA","Madrid","117",1
"KEEWAY","K-LIGHT 125","Alicante/Alacant","124",1
"KEEWAY","K-LIGHT 125","Asturias","124",1
"KEEWAY","K-LIGHT 125","Badajoz","124",1
"KEEWAY","K-LIGHT 125","Barcelona","124",2
"KEEWAY","K-LIGHT 125","Bizkaia","124",1
"KEEWAY","K-LIGHT 125","Cantabria","124",1
"KEEWAY","K-LIGHT 125","León","124",1
"KEEWAY","K-LIGHT 125","Ourense","124",1
"KEEWAY","K-LIGHT 125","Sevilla","124",1
"KEEWAY","M502N","Badajoz","486",1
"KEEWAY","M502N","Barcelona","486",1
"KEEWAY","M502N","Cádiz","486",1
"KEEWAY","M502N","Sevilla","486",1
"KEEWAY","RK V125C","Madrid","125",1
"KEEWAY","RK V125C","Palmas (Las)","125",1
"KEEWAY","RK V125C","Pontevedra","125",1
"KEEWAY","RK V125C","Toledo","125",1
"KEEWAY","RKF 125","Cádiz","125",1
"KEEWAY","RKF 125","Madrid","125",1
"KEEWAY","RKF 125","Sevilla","125",1
"KEEWAY","RKF 125 ABS","Almería","125",1
"KEEWAY","RKF 125 ABS","Asturias","125",1
"KEEWAY","RKF 125 ABS","Barcelona","125",3
"KEEWAY","RKF 125 ABS","Bizkaia","125",3
"KEEWAY","RKF 125 ABS","Cádiz","125",1
"KEEWAY","RKF 125 ABS","Castellón/Castelló","125",1
"KEEWAY","RKF 125 ABS","Ciudad Real","125",1
"KEEWAY","RKF 125 ABS","Girona","125",2
"KEEWAY","RKF 125 ABS","Lleida","125",1
"KEEWAY","RKF 125 ABS","Madrid","125",1
"KEEWAY","RKF 125 ABS","Málaga","125",1
"KEEWAY","RKF 125 ABS","Murcia","125",4
"KEEWAY","RKF 125 ABS","Ourense","125",1
"KEEWAY","RKF 125 ABS","Palmas (Las)","125",1
"KEEWAY","RKF 125 ABS","Pontevedra","125",1
"KEEWAY","RKF 125 ABS","Segovia","125",1
"KEEWAY","RKF 125 ABS","Tarragona","125",1
"KEEWAY","RKF 125 ABS","Toledo","125",2
"KEEWAY","RKF 125 ABS","Valencia/València","125",2
"KEEWAY","RKF 125 CBS","Cáceres","125",1
"KEEWAY","RKF 125 CBS","Madrid","125",4
"KEEWAY","RKF 125 CBS","Palmas (Las)","125",1
"KEEWAY","RKF 125 CBS","Salamanca","125",1
"KEEWAY","RKF 125 CBS","Toledo","125",1
"KEEWAY","RKF 125 CBS","Zaragoza","125",1
"KEEWAY","RKS 125","Alicante/Alacant","124",2
"KEEWAY","RKS 125","Asturias","124",1
"KEEWAY","RKS 125","Barcelona","124",1
"KEEWAY","RKS 125","Cádiz","124",1
"KEEWAY","RKS 125","Cantabria","124",1
"KEEWAY","RKS 125","Castellón/Castelló","124",1
"KEEWAY","RKS 125","Ciudad Real","124",2
"KEEWAY","RKS 125","Coruña (A)","124",2
"KEEWAY","RKS 125","Gipuzkoa","124",1
"KEEWAY","RKS 125","Granada","124",1
"KEEWAY","RKS 125","Jaén","124",1
"KEEWAY","RKS 125","Madrid","124",4
"KEEWAY","RKS 125","Murcia","124",4
"KEEWAY","RKS 125","Navarra","124",1
"KEEWAY","RKS 125","Toledo","124",1
"KEEWAY","RKS 125","Valencia/València","124",1
"KEEWAY","SIXTIES 125I","Jaén","125",1
"KEEWAY","SIXTIES 300","Almería","278",1
"KEEWAY","SIXTIES 300","Barcelona","278",1
"KEEWAY","SIXTIES 300","Girona","278",1
"KEEWAY","SIXTIES 300","Valencia/València","278",2
"KEEWAY","SUPERLIGHT 125","Girona","124",1
"KEEWAY","SUPERLIGHT 125","Illes Balears","124",1
"KEEWAY","SUPERLIGHT 125","Navarra","124",1
"KEEWAY","V-CRUISE 125","Alicante/Alacant","125",2
"KEEWAY","V-CRUISE 125","Badajoz","125",1
"KEEWAY","V-CRUISE 125","Barcelona","125",2
"KEEWAY","V-CRUISE 125","Madrid","125",1
"KEEWAY","V-CRUISE 125","Sevilla","125",1
"KEEWAY","V302C","Alicante/Alacant","298",1
"KEEWAY","V302C","Murcia","298",2
"KEEWAY","V302C","Palmas (Las)","298",1
"KEEWAY","VERSILIA 125","Barcelona","125",1
"KEEWAY","VERSILIA 125","Bizkaia","125",2
"KEEWAY","VERSILIA 125","Cantabria","125",1
"KEEWAY","VERSILIA 125","Castellón/Castelló","125",1
"KEEWAY","VERSILIA 125","Ceuta","125",1
"KEEWAY","VERSILIA 125","Illes Balears","125",1
"KEEWAY","VERSILIA 125","Jaén","125",1
"KEEWAY","VERSILIA 125","Madrid","125",1
"KEEWAY","VERSILIA 125","Valencia/València","125",3
"KEEWAY","VERSILIA 125","Valladolid","125",1
"KEEWAY","VIESTE 125","Alicante/Alacant","125",3
"KEEWAY","VIESTE 125","Barcelona","125",1
"KEEWAY","VIESTE 125","Cádiz","125",2
"KEEWAY","VIESTE 125","Castellón/Castelló","125",2
"KEEWAY","VIESTE 125","Córdoba","125",3
"KEEWAY","VIESTE 125","Huelva","125",1
"KEEWAY","VIESTE 125","Illes Balears","125",3
"KEEWAY","VIESTE 125","Jaén","125",1
"KEEWAY","VIESTE 125","León","125",1
"KEEWAY","VIESTE 125","Lugo","125",1
"KEEWAY","VIESTE 125","Madrid","125",5
"KEEWAY","VIESTE 125","Murcia","125",2
"KEEWAY","VIESTE 125","Ourense","125",4
"KEEWAY","VIESTE 125","Sevilla","125",1
"KEEWAY","VIESTE 125","Soria","125",1
"KEEWAY","VIESTE 125","Tarragona","125",1
"KEEWAY","VIESTE 125","Toledo","125",2
"KEEWAY","VIESTE 125","Valencia/València","125",2
"KEEWAY","VIESTE 125","Valladolid","125",1
"KEEWAY","VIESTE 125LX","Alicante/Alacant","125",1
"KEEWAY","VIESTE 125LX","Asturias","125",1
"KEEWAY","VIESTE 125LX","Huelva","125",1
"KEEWAY","VIESTE 125LX","Sevilla","125",1
"KEEWAY","VIESTE 125XDV","Badajoz","125",1
"KEEWAY","VIESTE 125XDV","Barcelona","125",1
"KEEWAY","VIESTE 125XDV","Cádiz","125",2
"KEEWAY","VIESTE 125XDV","Castellón/Castelló","125",3
"KEEWAY","VIESTE 125XDV","Madrid","125",1
"KEEWAY","VIESTE 125XDV","Sevilla","125",2
"KEEWAY","VIESTE 300XDV","Castellón/Castelló","278",1
"KEEWAY","X-LIGHT 125","Badajoz","125",1
"KEEWAY","X-LIGHT 125","Sevilla","125",1
"KEEWAY","XDV 125 EVO PRO","Alicante/Alacant","125",1
"KEEWAY","XDV 125 EVO PRO","Almería","125",1
"KEEWAY","XDV 125 EVO PRO","Asturias","125",1
"KEEWAY","XDV 125 EVO PRO","Badajoz","125",2
"KEEWAY","XDV 125 EVO PRO","Barcelona","125",2
"KEEWAY","XDV 125 EVO PRO","Bizkaia","125",1
"KEEWAY","XDV 125 EVO PRO","Cádiz","125",9
"KEEWAY","XDV 125 EVO PRO","Córdoba","125",1
"KEEWAY","XDV 125 EVO PRO","Girona","125",2
"KEEWAY","XDV 125 EVO PRO","Granada","125",1
"KEEWAY","XDV 125 EVO PRO","Huelva","125",1
"KEEWAY","XDV 125 EVO PRO","Illes Balears","125",1
"KEEWAY","XDV 125 EVO PRO","Jaén","125",3
"KEEWAY","XDV 125 EVO PRO","Madrid","125",1
"KEEWAY","XDV 125 EVO PRO","Málaga","125",4
"KEEWAY","XDV 125 EVO PRO","Murcia","125",2
"KEEWAY","XDV 125 EVO PRO","Palmas (Las)","125",4
"KEEWAY","XDV 125 EVO PRO","Rioja (La)","125",2
"KEEWAY","XDV 125 EVO PRO","Santa Cruz de Tenerife","125",3
"KEEWAY","XDV 125 EVO PRO","Sevilla","125",3
"KEEWAY","XDV 125 EVO PRO","Tarragona","125",2
"KEEWAY","XDV 125 EVO PRO","Teruel","125",1
"KEEWAY","XDV 125 EVO PRO","Valencia/València","125",1
"KEEWAY","XDV 125 EVO PRO","Zaragoza","125",1
"KEEWAY","ZAHARA 125","Gipuzkoa","125",1
"KEEWAY","ZAHARA 125","Lleida","125",1
"KOVE","450 RALLY","Barcelona","449",1
"KOVE","450 RALLY","Coruña (A)","449",1
"KOVE","450 RALLY","Madrid","449",4
"KOVE","450 RALLY","Málaga","449",1
"KOVE","450 RALLY","Navarra","449",1
"KOVE","450 RALLY","Soria","449",1
"KOVE","KOVE 800 X PRO","Alicante/Alacant","799",1
"KOVE","KOVE 800 X PRO","Barcelona","799",6
"KOVE","KOVE 800 X PRO","Burgos","799",1
"KOVE","KOVE 800 X PRO","Cáceres","799",1
"KOVE","KOVE 800 X PRO","Ceuta","799",1
"KOVE","KOVE 800 X PRO","Girona","799",3
"KOVE","KOVE 800 X PRO","Granada","799",2
"KOVE","KOVE 800 X PRO","Lleida","799",1
"KOVE","KOVE 800 X PRO","Madrid","799",5
"KOVE","KOVE 800 X PRO","Melilla","799",1
"KOVE","KOVE 800 X PRO","Sevilla","799",1
"KOVE","NK 125 R","Barcelona","125",4
"KOVE","NK 125 R","Cantabria","125",1
"KOVE","NK 125 R","Girona","125",2
"KOVE","NK 125 R","Granada","125",1
"KOVE","NK 125 R","Jaén","125",1
"KOVE","NK 125 R","Madrid","125",3
"KOVE","NK 125 R","Málaga","125",1
"KOVE","NK 125 R","Sevilla","125",1
"KOVE","NK 125 R","Tarragona","125",1
"KTM","200 EXC","Toledo","193",1
"KTM","KTM 125 DUKE","Albacete","125",1
"KTM","KTM 125 DUKE","Alicante/Alacant","125",2
"KTM","KTM 125 DUKE","Barcelona","125",6
"KTM","KTM 125 DUKE","Burgos","125",3
"KTM","KTM 125 DUKE","Cádiz","125",4
"KTM","KTM 125 DUKE","Castellón/Castelló","125",1
"KTM","KTM 125 DUKE","Granada","125",3
"KTM","KTM 125 DUKE","Guadalajara","125",2
"KTM","KTM 125 DUKE","Illes Balears","125",3
"KTM","KTM 125 DUKE","Lleida","125",1
"KTM","KTM 125 DUKE","Madrid","125",29
"KTM","KTM 125 DUKE","Málaga","125",3
"KTM","KTM 125 DUKE","Murcia","125",1
"KTM","KTM 125 DUKE","Sevilla","125",2
"KTM","KTM 125 DUKE","Tarragona","125",1
"KTM","KTM 125 DUKE","Valencia/València","125",2
"KTM","KTM 1290 SUPER ADVENTU","Almería","1301",1
"KTM","KTM 1290 SUPER ADVENTU","Barcelona","1301",2
"KTM","KTM 1290 SUPER ADVENTU","Bizkaia","1301",1
"KTM","KTM 1290 SUPER ADVENTU","Granada","1301",2
"KTM","KTM 1290 SUPER ADVENTU","Madrid","1301",3
"KTM","KTM 1290 SUPER ADVENTU","Murcia","1301",1
"KTM","KTM 1290 SUPER ADVENTU","Palmas (Las)","1301",1
"KTM","KTM 1290 SUPER ADVENTU","Valencia/València","1301",2
"KTM","KTM 1290 SUPER ADVENTU","Zaragoza","1301",1
"KTM","KTM 1390 SUPER DUKE R","Alicante/Alacant","1350",1
"KTM","KTM 1390 SUPER DUKE R","Almería","1350",1
"KTM","KTM 1390 SUPER DUKE R","Barcelona","1350",1
"KTM","KTM 1390 SUPER DUKE R","Girona","1350",1
"KTM","KTM 1390 SUPER DUKE R","Illes Balears","1350",1
"KTM","KTM 1390 SUPER DUKE R","Murcia","1350",1
"KTM","KTM 150 EXC","Madrid","144",1
"KTM","KTM 150 EXC","Tarragona","144",1
"KTM","KTM 250 EXC","Barcelona","249",1
"KTM","KTM 250 EXC","Castellón/Castelló","249",1
"KTM","KTM 250 EXC","Lleida","249",1
"KTM","KTM 250 EXC","Santa Cruz de Tenerife","249",1
"KTM","KTM 250 EXC","Valencia/València","249",1
"KTM","KTM 300 EXC","Alicante/Alacant","293",1
"KTM","KTM 300 EXC","Asturias","293",1
"KTM","KTM 300 EXC","Barcelona","293",2
"KTM","KTM 300 EXC","Bizkaia","293",1
"KTM","KTM 300 EXC","Cantabria","293",1
"KTM","KTM 300 EXC","Gipuzkoa","293",1
"KTM","KTM 300 EXC","Granada","293",1
"KTM","KTM 300 EXC","Guadalajara","293",1
"KTM","KTM 300 EXC","Jaén","293",1
"KTM","KTM 300 EXC","León","293",2
"KTM","KTM 300 EXC","Lugo","293",1
"KTM","KTM 300 EXC","Madrid","293",1
"KTM","KTM 300 EXC","Málaga","293",1
"KTM","KTM 300 EXC","Murcia","293",1
"KTM","KTM 300 EXC","Navarra","293",1
"KTM","KTM 300 EXC","Rioja (La)","293",1
"KTM","KTM 300 EXC","Toledo","293",1
"KTM","KTM 300 EXC","Valencia/València","293",1
"KTM","KTM 350 EXC-F","Cuenca","350",1
"KTM","KTM 350 EXC-F","Murcia","350",1
"KTM","KTM 350 EXC-F","Sevilla","350",1
"KTM","KTM 390 ADVENTURE","Alicante/Alacant","373",2
"KTM","KTM 390 ADVENTURE","Almería","373",2
"KTM","KTM 390 ADVENTURE","Barcelona","373",4
"KTM","KTM 390 ADVENTURE","Cádiz","373",2
"KTM","KTM 390 ADVENTURE","Cuenca","373",1
"KTM","KTM 390 ADVENTURE","Granada","373",2
"KTM","KTM 390 ADVENTURE","Jaén","373",1
"KTM","KTM 390 ADVENTURE","Lleida","373",1
"KTM","KTM 390 ADVENTURE","Lugo","373",1
"KTM","KTM 390 ADVENTURE","Madrid","373",1
"KTM","KTM 390 ADVENTURE","Málaga","373",3
"KTM","KTM 390 ADVENTURE","Pontevedra","373",2
"KTM","KTM 390 ADVENTURE","Salamanca","373",1
"KTM","KTM 390 ADVENTURE","Valencia/València","373",1
"KTM","KTM 390 ADVENTURE","Valladolid","373",1
"KTM","KTM 390 ADVENTURE","Zaragoza","373",1
"KTM","KTM 390 DUKE","Badajoz","399",1
"KTM","KTM 390 DUKE","Barcelona","399",3
"KTM","KTM 390 DUKE","Ciudad Real","399",1
"KTM","KTM 390 DUKE","Girona","399",1
"KTM","KTM 390 DUKE","Illes Balears","399",1
"KTM","KTM 390 DUKE","León","399",1
"KTM","KTM 390 DUKE","Madrid","399",9
"KTM","KTM 390 DUKE","Málaga","399",1
"KTM","KTM 390 DUKE","Palencia","399",1
"KTM","KTM 390 DUKE","Santa Cruz de Tenerife","399",1
"KTM","KTM 390 DUKE","Valencia/València","399",4
"KTM","KTM 390 DUKE","Valladolid","399",1
"KTM","KTM 450 EXC-F","León","450",1
"KTM","KTM 450 EXC-F","Rioja (La)","450",1
"KTM","KTM 500 EXC-F","Valencia/València","510",1
"KTM","KTM 690 ENDURO R","Barcelona","693",1
"KTM","KTM 790 ADVENTURE","Alicante/Alacant","799",1
"KTM","KTM 790 ADVENTURE","Almería","799",1
"KTM","KTM 790 ADVENTURE","Badajoz","799",1
"KTM","KTM 790 ADVENTURE","Barcelona","799",2
"KTM","KTM 790 ADVENTURE","Burgos","799",1
"KTM","KTM 790 ADVENTURE","Cáceres","799",1
"KTM","KTM 790 ADVENTURE","Gipuzkoa","799",1
"KTM","KTM 790 ADVENTURE","Huelva","799",1
"KTM","KTM 790 ADVENTURE","Jaén","799",1
"KTM","KTM 790 ADVENTURE","León","799",1
"KTM","KTM 790 ADVENTURE","Madrid","799",4
"KTM","KTM 790 ADVENTURE","Málaga","799",1
"KTM","KTM 790 ADVENTURE","Ourense","799",1
"KTM","KTM 790 ADVENTURE","Palmas (Las)","799",1
"KTM","KTM 790 ADVENTURE","Santa Cruz de Tenerife","799",1
"KTM","KTM 790 ADVENTURE","Toledo","799",1
"KTM","KTM 790 ADVENTURE","Valencia/València","799",1
"KTM","KTM 790 ADVENTURE","Zaragoza","799",1
"KTM","KTM 790 DUKE L","Almería","799",1
"KTM","KTM 790 DUKE L","Huesca","799",1
"KTM","KTM 790 DUKE L","Madrid","799",1
"KTM","KTM 790 DUKE L","Málaga","799",2
"KTM","KTM 790 DUKE L","Sevilla","799",2
"KTM","KTM 890 ADVENTURE","Barcelona","889",1
"KTM","KTM 890 ADVENTURE","Burgos","889",1
"KTM","KTM 890 ADVENTURE","Coruña (A)","889",1
"KTM","KTM 890 ADVENTURE","Granada","889",1
"KTM","KTM 890 ADVENTURE","León","889",1
"KTM","KTM 890 ADVENTURE","Lleida","889",1
"KTM","KTM 890 ADVENTURE","Madrid","889",3
"KTM","KTM 890 ADVENTURE","Pontevedra","889",1
"KTM","KTM 890 ADVENTURE R","Albacete","889",1
"KTM","KTM 890 ADVENTURE R","Almería","889",1
"KTM","KTM 890 ADVENTURE R","Asturias","889",1
"KTM","KTM 890 ADVENTURE R","Barcelona","889",5
"KTM","KTM 890 ADVENTURE R","Bizkaia","889",3
"KTM","KTM 890 ADVENTURE R","Ceuta","889",1
"KTM","KTM 890 ADVENTURE R","Ciudad Real","889",1
"KTM","KTM 890 ADVENTURE R","Coruña (A)","889",1
"KTM","KTM 890 ADVENTURE R","Gipuzkoa","889",1
"KTM","KTM 890 ADVENTURE R","Girona","889",2
"KTM","KTM 890 ADVENTURE R","Granada","889",1
"KTM","KTM 890 ADVENTURE R","León","889",1
"KTM","KTM 890 ADVENTURE R","Lleida","889",1
"KTM","KTM 890 ADVENTURE R","Madrid","889",6
"KTM","KTM 890 ADVENTURE R","Málaga","889",1
"KTM","KTM 890 ADVENTURE R","Melilla","889",1
"KTM","KTM 890 ADVENTURE R","Pontevedra","889",1
"KTM","KTM 890 ADVENTURE R","Tarragona","889",1
"KTM","KTM 890 ADVENTURE R","Valencia/València","889",1
"KTM","KTM 890 SM T","Alicante/Alacant","889",1
"KTM","KTM 890 SM T","Asturias","889",1
"KTM","KTM 890 SM T","Barcelona","889",5
"KTM","KTM 890 SM T","Coruña (A)","889",1
"KTM","KTM 890 SM T","Granada","889",1
"KTM","KTM 890 SM T","Madrid","889",3
"KTM","KTM 890 SM T","Málaga","889",2
"KTM","KTM 890 SM T","Palmas (Las)","889",1
"KTM","KTM 890 SM T","Rioja (La)","889",1
"KTM","KTM 890 SM T","Tarragona","889",1
"KTM","KTM 890 SM T","Toledo","889",1
"KTM","KTM 890 SM T","Valencia/València","889",1
"KTM","KTM 990 DUKE","Alicante/Alacant","947",1
"KTM","KTM 990 DUKE","Barcelona","947",2
"KTM","KTM 990 DUKE","Castellón/Castelló","947",3
"KTM","KTM 990 DUKE","Girona","947",1
"KTM","KTM 990 DUKE","Palmas (Las)","947",1
"KTM","KTM 990 DUKE","Zamora","947",1
"KTM","KTM RC 125","Madrid","125",3
"KTM","KTM RC 390","Madrid","373",2
"KTM","KTM RC 390","Sevilla","373",1
"KTM","KTM RC 390","Toledo","373",1
"KYMCO","AGILITY CITY 125","Álava/Araba","125",1
"KYMCO","AGILITY CITY 125","Albacete","125",4
"KYMCO","AGILITY CITY 125","Alicante/Alacant","125",6
"KYMCO","AGILITY CITY 125","Almería","125",4
"KYMCO","AGILITY CITY 125","Asturias","125",4
"KYMCO","AGILITY CITY 125","Barcelona","125",28
"KYMCO","AGILITY CITY 125","Bizkaia","125",3
"KYMCO","AGILITY CITY 125","Cáceres","125",1
"KYMCO","AGILITY CITY 125","Cádiz","125",8
"KYMCO","AGILITY CITY 125","Cantabria","125",1
"KYMCO","AGILITY CITY 125","Ceuta","125",3
"KYMCO","AGILITY CITY 125","Ciudad Real","125",2
"KYMCO","AGILITY CITY 125","Córdoba","125",5
"KYMCO","AGILITY CITY 125","Coruña (A)","125",1
"KYMCO","AGILITY CITY 125","Gipuzkoa","125",1
"KYMCO","AGILITY CITY 125","Girona","125",1
"KYMCO","AGILITY CITY 125","Granada","125",1
"KYMCO","AGILITY CITY 125","Huelva","125",1
"KYMCO","AGILITY CITY 125","Illes Balears","125",3
"KYMCO","AGILITY CITY 125","Jaén","125",1
"KYMCO","AGILITY CITY 125","León","125",2
"KYMCO","AGILITY CITY 125","Madrid","125",5
"KYMCO","AGILITY CITY 125","Málaga","125",10
"KYMCO","AGILITY CITY 125","Murcia","125",6
"KYMCO","AGILITY CITY 125","Pontevedra","125",1
"KYMCO","AGILITY CITY 125","Rioja (La)","125",1
"KYMCO","AGILITY CITY 125","Santa Cruz de Tenerife","125",1
"KYMCO","AGILITY CITY 125","Sevilla","125",7
"KYMCO","AGILITY CITY 125","Tarragona","125",2
"KYMCO","AGILITY CITY 125","Toledo","125",1
"KYMCO","AGILITY CITY 125","Valencia/València","125",5
"KYMCO","AGILITY CITY 125","Valladolid","125",1
"KYMCO","AGILITY CITY 125","Zaragoza","125",2
"KYMCO","AGILITY S","Álava/Araba","125",2
"KYMCO","AGILITY S","Albacete","125",3
"KYMCO","AGILITY S","Alicante/Alacant","125",20
"KYMCO","AGILITY S","Almería","125",8
"KYMCO","AGILITY S","Asturias","125",5
"KYMCO","AGILITY S","Badajoz","125",3
"KYMCO","AGILITY S","Barcelona","125",44
"KYMCO","AGILITY S","Bizkaia","125",8
"KYMCO","AGILITY S","Burgos","125",2
"KYMCO","AGILITY S","Cáceres","125",4
"KYMCO","AGILITY S","Cádiz","125",32
"KYMCO","AGILITY S","Cantabria","125",4
"KYMCO","AGILITY S","Castellón/Castelló","125",1
"KYMCO","AGILITY S","Ciudad Real","125",2
"KYMCO","AGILITY S","Córdoba","125",4
"KYMCO","AGILITY S","Coruña (A)","125",5
"KYMCO","AGILITY S","Gipuzkoa","125",6
"KYMCO","AGILITY S","Girona","125",8
"KYMCO","AGILITY S","Granada","125",22
"KYMCO","AGILITY S","Huelva","125",2
"KYMCO","AGILITY S","Illes Balears","125",26
"KYMCO","AGILITY S","Jaén","125",11
"KYMCO","AGILITY S","León","125",2
"KYMCO","AGILITY S","Lleida","125",2
"KYMCO","AGILITY S","Madrid","125",23
"KYMCO","AGILITY S","Málaga","125",47
"KYMCO","AGILITY S","Murcia","125",10
"KYMCO","AGILITY S","Navarra","125",3
"KYMCO","AGILITY S","Ourense","125",2
"KYMCO","AGILITY S","Palmas (Las)","125",4
"KYMCO","AGILITY S","Pontevedra","125",6
"KYMCO","AGILITY S","Rioja (La)","125",5
"KYMCO","AGILITY S","Santa Cruz de Tenerife","125",1
"KYMCO","AGILITY S","Segovia","125",1
"KYMCO","AGILITY S","Sevilla","125",6
"KYMCO","AGILITY S","Soria","125",1
"KYMCO","AGILITY S","Tarragona","125",5
"KYMCO","AGILITY S","Toledo","125",1
"KYMCO","AGILITY S","Valencia/València","125",26
"KYMCO","AGILITY S","Valladolid","125",3
"KYMCO","AGILITY S","Zaragoza","125",6
"KYMCO","AK 550","Asturias","550",1
"KYMCO","AK 550","Barcelona","550",2
"KYMCO","AK 550","Cantabria","550",1
"KYMCO","AK 550","Huelva","550",1
"KYMCO","AK 550","Illes Balears","550",1
"KYMCO","AK 550","Valencia/València","550",2
"KYMCO","DTX","Albacete","124",3
"KYMCO","DTX","Alicante/Alacant","124",3
"KYMCO","DTX","Almería","124",2
"KYMCO","DTX","Asturias","124",4
"KYMCO","DTX","Ávila","124",1
"KYMCO","DTX","Badajoz","124",1
"KYMCO","DTX","Barcelona","124",8
"KYMCO","DTX","Bizkaia","124",1
"KYMCO","DTX","Cáceres","124",1
"KYMCO","DTX","Cádiz","124",2
"KYMCO","DTX","Castellón/Castelló","124",2
"KYMCO","DTX","Cuenca","124",1
"KYMCO","DTX","Girona","124",4
"KYMCO","DTX","Granada","124",7
"KYMCO","DTX","Huelva","124",2
"KYMCO","DTX","Illes Balears","124",6
"KYMCO","DTX","Jaén","124",1
"KYMCO","DTX","Madrid","124",5
"KYMCO","DTX","Málaga","124",5
"KYMCO","DTX","Murcia","124",2
"KYMCO","DTX","Ourense","124",1
"KYMCO","DTX","Palencia","124",1
"KYMCO","DTX","Pontevedra","124",2
"KYMCO","DTX","Santa Cruz de Tenerife","124",2
"KYMCO","DTX","Sevilla","124",1
"KYMCO","DTX","Tarragona","124",1
"KYMCO","DTX","Valencia/València","124",5
"KYMCO","DTX","Zaragoza","124",1
"KYMCO","DTX 125","Alicante/Alacant","124",10
"KYMCO","DTX 125","Asturias","124",1
"KYMCO","DTX 125","Barcelona","124",4
"KYMCO","DTX 125","Cádiz","124",9
"KYMCO","DTX 125","Cantabria","124",1
"KYMCO","DTX 125","Ciudad Real","124",1
"KYMCO","DTX 125","Gipuzkoa","124",1
"KYMCO","DTX 125","Girona","124",1
"KYMCO","DTX 125","Huesca","124",1
"KYMCO","DTX 125","Illes Balears","124",5
"KYMCO","DTX 125","Madrid","124",2
"KYMCO","DTX 125","Málaga","124",4
"KYMCO","DTX 125","Murcia","124",2
"KYMCO","DTX 125","Pontevedra","124",1
"KYMCO","DTX 125","Santa Cruz de Tenerife","124",1
"KYMCO","DTX 125","Sevilla","124",5
"KYMCO","DTX 125","Valencia/València","124",2
"KYMCO","DTX 125","Zaragoza","124",1
"KYMCO","DTX 350","Alicante/Alacant","321",1
"KYMCO","DTX 350","Asturias","321",1
"KYMCO","DTX 350","Barcelona","321",2
"KYMCO","DTX 350","Granada","321",1
"KYMCO","DTX 350","Huelva","321",1
"KYMCO","DTX 350","Illes Balears","321",3
"KYMCO","DTX 350","Málaga","321",1
"KYMCO","DTX 350","Murcia","321",2
"KYMCO","DTX 350","Navarra","321",1
"KYMCO","DTX 350","Palmas (Las)","321",1
"KYMCO","DTX 350","Santa Cruz de Tenerife","321",1
"KYMCO","DTX 350","Tarragona","321",2
"KYMCO","DTX 350","Toledo","321",1
"KYMCO","PEOPLE S 125","Alicante/Alacant","125",1
"KYMCO","PEOPLE S 125","Barcelona","125",10
"KYMCO","PEOPLE S 125","Málaga","125",1
"KYMCO","PEOPLE S 125","Santa Cruz de Tenerife","125",1
"KYMCO","PEOPLE S 125","Valencia/València","125",2
"KYMCO","PEOPLE S 125 E5+","Albacete","125",1
"KYMCO","PEOPLE S 125 E5+","Alicante/Alacant","125",4
"KYMCO","PEOPLE S 125 E5+","Almería","125",1
"KYMCO","PEOPLE S 125 E5+","Asturias","125",2
"KYMCO","PEOPLE S 125 E5+","Barcelona","125",32
"KYMCO","PEOPLE S 125 E5+","Bizkaia","125",3
"KYMCO","PEOPLE S 125 E5+","Coruña (A)","125",1
"KYMCO","PEOPLE S 125 E5+","Gipuzkoa","125",7
"KYMCO","PEOPLE S 125 E5+","Girona","125",4
"KYMCO","PEOPLE S 125 E5+","Granada","125",10
"KYMCO","PEOPLE S 125 E5+","Illes Balears","125",8
"KYMCO","PEOPLE S 125 E5+","Jaén","125",1
"KYMCO","PEOPLE S 125 E5+","Madrid","125",4
"KYMCO","PEOPLE S 125 E5+","Málaga","125",4
"KYMCO","PEOPLE S 125 E5+","Pontevedra","125",1
"KYMCO","SKYTOWN 125","Álava/Araba","125",1
"KYMCO","SKYTOWN 125","Albacete","125",3
"KYMCO","SKYTOWN 125","Alicante/Alacant","125",18
"KYMCO","SKYTOWN 125","Almería","125",6
"KYMCO","SKYTOWN 125","Asturias","125",3
"KYMCO","SKYTOWN 125","Badajoz","125",5
"KYMCO","SKYTOWN 125","Barcelona","125",33
"KYMCO","SKYTOWN 125","Bizkaia","125",8
"KYMCO","SKYTOWN 125","Cádiz","125",23
"KYMCO","SKYTOWN 125","Cantabria","125",2
"KYMCO","SKYTOWN 125","Castellón/Castelló","125",1
"KYMCO","SKYTOWN 125","Ceuta","125",1
"KYMCO","SKYTOWN 125","Córdoba","125",1
"KYMCO","SKYTOWN 125","Coruña (A)","125",5
"KYMCO","SKYTOWN 125","Cuenca","125",1
"KYMCO","SKYTOWN 125","Gipuzkoa","125",1
"KYMCO","SKYTOWN 125","Girona","125",2
"KYMCO","SKYTOWN 125","Granada","125",8
"KYMCO","SKYTOWN 125","Huelva","125",3
"KYMCO","SKYTOWN 125","Huesca","125",1
"KYMCO","SKYTOWN 125","Illes Balears","125",16
"KYMCO","SKYTOWN 125","Jaén","125",2
"KYMCO","SKYTOWN 125","Lugo","125",1
"KYMCO","SKYTOWN 125","Madrid","125",24
"KYMCO","SKYTOWN 125","Málaga","125",23
"KYMCO","SKYTOWN 125","Murcia","125",5
"KYMCO","SKYTOWN 125","Navarra","125",2
"KYMCO","SKYTOWN 125","Ourense","125",2
"KYMCO","SKYTOWN 125","Palencia","125",1
"KYMCO","SKYTOWN 125","Palmas (Las)","125",2
"KYMCO","SKYTOWN 125","Pontevedra","125",4
"KYMCO","SKYTOWN 125","Rioja (La)","125",1
"KYMCO","SKYTOWN 125","Salamanca","125",1
"KYMCO","SKYTOWN 125","Santa Cruz de Tenerife","125",1
"KYMCO","SKYTOWN 125","Sevilla","125",6
"KYMCO","SKYTOWN 125","Tarragona","125",1
"KYMCO","SKYTOWN 125","Valencia/València","125",26
"KYMCO","SKYTOWN 125","Valladolid","125",3
"KYMCO","SKYTOWN 125","Zaragoza","125",5
"KYMCO","SUPER DINK GT","Alicante/Alacant","321",2
"KYMCO","SUPER DINK GT","Almería","321",1
"KYMCO","SUPER DINK GT","Asturias","321",4
"KYMCO","SUPER DINK GT","Barcelona","321",22
"KYMCO","SUPER DINK GT","Bizkaia","321",2
"KYMCO","SUPER DINK GT","Cáceres","321",1
"KYMCO","SUPER DINK GT","Cádiz","321",6
"KYMCO","SUPER DINK GT","Cantabria","321",1
"KYMCO","SUPER DINK GT","Castellón/Castelló","321",2
"KYMCO","SUPER DINK GT","Córdoba","321",1
"KYMCO","SUPER DINK GT","Coruña (A)","321",2
"KYMCO","SUPER DINK GT","Gipuzkoa","321",2
"KYMCO","SUPER DINK GT","Girona","321",1
"KYMCO","SUPER DINK GT","Granada","321",6
"KYMCO","SUPER DINK GT","Illes Balears","321",6
"KYMCO","SUPER DINK GT","Jaén","321",1
"KYMCO","SUPER DINK GT","Madrid","321",13
"KYMCO","SUPER DINK GT","Málaga","321",9
"KYMCO","SUPER DINK GT","Murcia","321",3
"KYMCO","SUPER DINK GT","Navarra","321",1
"KYMCO","SUPER DINK GT","Palencia","321",1
"KYMCO","SUPER DINK GT","Palmas (Las)","321",1
"KYMCO","SUPER DINK GT","Pontevedra","321",4
"KYMCO","SUPER DINK GT","Rioja (La)","321",1
"KYMCO","SUPER DINK GT","Sevilla","321",2
"KYMCO","SUPER DINK GT","Tarragona","321",3
"KYMCO","SUPER DINK GT","Toledo","321",1
"KYMCO","SUPER DINK GT","Valencia/València","321",13
"KYMCO","SUPER DINK GT","Valladolid","321",2
"KYMCO","SUPER DINK GT","Zaragoza","321",2
"KYMCO","SUPER DINK GT 125 E5+","Alicante/Alacant","124",12
"KYMCO","SUPER DINK GT 125 E5+","Almería","124",2
"KYMCO","SUPER DINK GT 125 E5+","Asturias","124",10
"KYMCO","SUPER DINK GT 125 E5+","Badajoz","124",2
"KYMCO","SUPER DINK GT 125 E5+","Barcelona","124",23
"KYMCO","SUPER DINK GT 125 E5+","Bizkaia","124",3
"KYMCO","SUPER DINK GT 125 E5+","Cádiz","124",22
"KYMCO","SUPER DINK GT 125 E5+","Cantabria","124",4
"KYMCO","SUPER DINK GT 125 E5+","Castellón/Castelló","124",1
"KYMCO","SUPER DINK GT 125 E5+","Córdoba","124",1
"KYMCO","SUPER DINK GT 125 E5+","Gipuzkoa","124",1
"KYMCO","SUPER DINK GT 125 E5+","Girona","124",1
"KYMCO","SUPER DINK GT 125 E5+","Granada","124",8
"KYMCO","SUPER DINK GT 125 E5+","Huelva","124",5
"KYMCO","SUPER DINK GT 125 E5+","Illes Balears","124",8
"KYMCO","SUPER DINK GT 125 E5+","Jaén","124",3
"KYMCO","SUPER DINK GT 125 E5+","Madrid","124",11
"KYMCO","SUPER DINK GT 125 E5+","Málaga","124",19
"KYMCO","SUPER DINK GT 125 E5+","Murcia","124",8
"KYMCO","SUPER DINK GT 125 E5+","Navarra","124",2
"KYMCO","SUPER DINK GT 125 E5+","Ourense","124",1
"KYMCO","SUPER DINK GT 125 E5+","Pontevedra","124",3
"KYMCO","SUPER DINK GT 125 E5+","Rioja (La)","124",3
"KYMCO","SUPER DINK GT 125 E5+","Santa Cruz de Tenerife","124",1
"KYMCO","SUPER DINK GT 125 E5+","Segovia","124",2
"KYMCO","SUPER DINK GT 125 E5+","Sevilla","124",10
"KYMCO","SUPER DINK GT 125 E5+","Tarragona","124",6
"KYMCO","SUPER DINK GT 125 E5+","Valencia/València","124",21
"KYMCO","SUPER DINK GT 125 E5+","Valladolid","124",5
"KYMCO","SUPER DINK GT 125 E5+","Zamora","124",1
"KYMCO","SUPER DINK GT 125 E5+","Zaragoza","124",2
"KYMCO","X-TOWN CT 125","Alicante/Alacant","125",1
"KYMCO","X-TOWN CT 125","Barcelona","125",1
"KYMCO","X-TOWN CT 125","Cádiz","125",1
"KYMCO","X-TOWN CT 125","Granada","125",1
"KYMCO","X-TOWN CT 125","Málaga","125",1
"KYMCO","X-TOWN CT 125","Murcia","125",1
"KYMCO","X-TOWN CT 125","Palmas (Las)","125",2
"KYMCO","X-TOWN CT 125","Tarragona","125",1
"KYMCO","XCITING VS 400","Alicante/Alacant","400",1
"KYMCO","XCITING VS 400","Badajoz","400",2
"KYMCO","XCITING VS 400","Barcelona","400",2
"KYMCO","XCITING VS 400","Cádiz","400",1
"KYMCO","XCITING VS 400","Córdoba","400",1
"KYMCO","XCITING VS 400","Girona","400",1
"KYMCO","XCITING VS 400","Granada","400",1
"KYMCO","XCITING VS 400","Illes Balears","400",1
"KYMCO","XCITING VS 400","Málaga","400",1
"KYMCO","XCITING VS 400","Santa Cruz de Tenerife","400",1
"KYMCO","XCITING VS 400","Valencia/València","400",2
"LAMBRETTA","G350 SPECIAL","Alicante/Alacant","330",1
"LAMBRETTA","G350 SPECIAL","Barcelona","330",2
"LAMBRETTA","G350 SPECIAL","Murcia","330",1
"LAMBRETTA","V125 SPECIAL FLEX","Albacete","125",1
"LAMBRETTA","V125 SPECIAL FLEX","Alicante/Alacant","125",4
"LAMBRETTA","V125 SPECIAL FLEX","Asturias","125",1
"LAMBRETTA","V125 SPECIAL FLEX","Barcelona","125",2
"LAMBRETTA","V125 SPECIAL FLEX","Cádiz","125",2
"LAMBRETTA","V125 SPECIAL FLEX","Castellón/Castelló","125",1
"LAMBRETTA","V125 SPECIAL FLEX","Huelva","125",3
"LAMBRETTA","V125 SPECIAL FLEX","Illes Balears","125",14
"LAMBRETTA","V125 SPECIAL FLEX","Jaén","125",1
"LAMBRETTA","V125 SPECIAL FLEX","Madrid","125",2
"LAMBRETTA","V125 SPECIAL FLEX","Murcia","125",1
"LAMBRETTA","V125 SPECIAL FLEX","Pontevedra","125",1
"LAMBRETTA","V125 SPECIAL FLEX","Tarragona","125",1
"LAMBRETTA","V125 SPECIAL FLEX","Valencia/València","125",2
"LAMBRETTA","X125","Barcelona","124",3
"LAMBRETTA","X125","Illes Balears","124",1
"LAMBRETTA","X125","Málaga","124",1
"LAMBRETTA","X125","Zaragoza","124",1
"LAMBRETTA","X300","Barcelona","275",1
"LAMBRETTA","X300","Cádiz","275",2
"LAMBRETTA","X300","Murcia","275",1
"LEONART","KP450R-B","Barcelona","446",1
"LEONART","M16-125","Barcelona","125",1
"LEONART","M16-125","Murcia","125",1
"LEONART","M16-125","Santa Cruz de Tenerife","125",1
"LEONART","PILDER 125","Barcelona","125",1
"LEONART","PILDER 125","Castellón/Castelló","125",1
"LEONART","PILDER 125","Girona","125",1
"LEONART","PILDER 125","Illes Balears","125",1
"LEONART","PILDER 125","Madrid","125",2
"LEONART","PILDER 125","Toledo","125",1
"LEONART","PILDER 125","Zaragoza","125",1
"LETBE","S125","Barcelona","125",2
"LETBE","S125","Granada","125",2
"LETBE","S125","Madrid","125",1
"LINHAI","---","Valencia/València","125",1
"LINHAI","BUCK ADV","Barcelona","124",2
"LINHAI","BUCK ADV","Bizkaia","124",1
"LINHAI","BUCK ADV","Málaga","124",1
"LINHAI","BUCK ADV","Zaragoza","124",1
"MACBOR","8 MILE 500 SCR","Barcelona","471",1
"MACBOR","8 MILE 500 SCR","Guadalajara","471",1
"MACBOR","8 MILE 500 SCR","Illes Balears","471",1
"MACBOR","8 MILE 500 SCR","Sevilla","471",1
"MACBOR","EIGHT MILE 125 LC","Álava/Araba","124",1
"MACBOR","EIGHT MILE 125 LC","Huesca","124",2
"MACBOR","EIGHT MILE 125 LC","Illes Balears","124",1
"MACBOR","EIGHT MILE 125 LC","Santa Cruz de Tenerife","124",1
"MACBOR","EIGHT MILE 125 LC","Sevilla","124",1
"MACBOR","EIGHT MILE 125 LC","Soria","124",1
"MACBOR","EIGHT MILE 125 LC","Valencia/València","124",1
"MACBOR","FUN 125 PLUS E5","Asturias","125",1
"MACBOR","FUN 125 PLUS E5","Barcelona","125",2
"MACBOR","FUN 125 PLUS E5","Illes Balears","125",2
"MACBOR","FUN 125 PLUS E5","Madrid","125",1
"MACBOR","FUN 125 PLUS E5","Palmas (Las)","125",1
"MACBOR","FUN 125 PLUS E5","Santa Cruz de Tenerife","125",1
"MACBOR","JOHNNY BE GOOD 125 E5","Barcelona","124",1
"MACBOR","JOHNNY BE GOOD 125 E5","Santa Cruz de Tenerife","124",1
"MACBOR","LORD MARTIN 125 E5","Barcelona","124",2
"MACBOR","LORD MARTIN 125 E5","Tarragona","124",1
"MACBOR","MONTANA XR1 125","Alicante/Alacant","124",2
"MACBOR","MONTANA XR1 125","Barcelona","124",8
"MACBOR","MONTANA XR1 125","Cádiz","124",2
"MACBOR","MONTANA XR1 125","Girona","124",1
"MACBOR","MONTANA XR1 125","Navarra","124",1
"MACBOR","MONTANA XR1 125","Rioja (La)","124",2
"MACBOR","MONTANA XR1 125","Santa Cruz de Tenerife","124",1
"MACBOR","MONTANA XR1 125","Sevilla","124",3
"MACBOR","MONTANA XR1 125","Zaragoza","124",1
"MACBOR","MONTANA XR1 125 EVO","Álava/Araba","124",1
"MACBOR","MONTANA XR1 125 EVO","Albacete","124",1
"MACBOR","MONTANA XR1 125 EVO","Almería","124",3
"MACBOR","MONTANA XR1 125 EVO","Asturias","124",4
"MACBOR","MONTANA XR1 125 EVO","Ávila","124",1
"MACBOR","MONTANA XR1 125 EVO","Barcelona","124",13
"MACBOR","MONTANA XR1 125 EVO","Bizkaia","124",1
"MACBOR","MONTANA XR1 125 EVO","Cádiz","124",3
"MACBOR","MONTANA XR1 125 EVO","Cantabria","124",3
"MACBOR","MONTANA XR1 125 EVO","Castellón/Castelló","124",1
"MACBOR","MONTANA XR1 125 EVO","Ciudad Real","124",2
"MACBOR","MONTANA XR1 125 EVO","Córdoba","124",1
"MACBOR","MONTANA XR1 125 EVO","Coruña (A)","124",1
"MACBOR","MONTANA XR1 125 EVO","Gipuzkoa","124",1
"MACBOR","MONTANA XR1 125 EVO","Girona","124",6
"MACBOR","MONTANA XR1 125 EVO","Granada","124",5
"MACBOR","MONTANA XR1 125 EVO","Huelva","124",1
"MACBOR","MONTANA XR1 125 EVO","Huesca","124",1
"MACBOR","MONTANA XR1 125 EVO","Illes Balears","124",2
"MACBOR","MONTANA XR1 125 EVO","Jaén","124",3
"MACBOR","MONTANA XR1 125 EVO","León","124",1
"MACBOR","MONTANA XR1 125 EVO","Lleida","124",2
"MACBOR","MONTANA XR1 125 EVO","Madrid","124",20
"MACBOR","MONTANA XR1 125 EVO","Málaga","124",2
"MACBOR","MONTANA XR1 125 EVO","Murcia","124",8
"MACBOR","MONTANA XR1 125 EVO","Navarra","124",4
"MACBOR","MONTANA XR1 125 EVO","Palencia","124",2
"MACBOR","MONTANA XR1 125 EVO","Palmas (Las)","124",7
"MACBOR","MONTANA XR1 125 EVO","Pontevedra","124",2
"MACBOR","MONTANA XR1 125 EVO","Rioja (La)","124",5
"MACBOR","MONTANA XR1 125 EVO","Salamanca","124",1
"MACBOR","MONTANA XR1 125 EVO","Santa Cruz de Tenerife","124",2
"MACBOR","MONTANA XR1 125 EVO","Sevilla","124",6
"MACBOR","MONTANA XR1 125 EVO","Tarragona","124",5
"MACBOR","MONTANA XR1 125 EVO","Teruel","124",1
"MACBOR","MONTANA XR1 125 EVO","Toledo","124",3
"MACBOR","MONTANA XR1 125 EVO","Valencia/València","124",10
"MACBOR","MONTANA XR1 125 EVO","Valladolid","124",1
"MACBOR","MONTANA XR1 125 EVO","Zaragoza","124",5
"MACBOR","MONTANA XR5 510","Alicante/Alacant","498",2
"MACBOR","MONTANA XR5 510","Asturias","498",1
"MACBOR","MONTANA XR5 510","Barcelona","498",11
"MACBOR","MONTANA XR5 510","Cádiz","498",3
"MACBOR","MONTANA XR5 510","Cantabria","498",1
"MACBOR","MONTANA XR5 510","Córdoba","498",2
"MACBOR","MONTANA XR5 510","Granada","498",1
"MACBOR","MONTANA XR5 510","Huesca","498",1
"MACBOR","MONTANA XR5 510","Illes Balears","498",1
"MACBOR","MONTANA XR5 510","Jaén","498",1
"MACBOR","MONTANA XR5 510","Madrid","498",4
"MACBOR","MONTANA XR5 510","Navarra","498",1
"MACBOR","MONTANA XR5 510","Santa Cruz de Tenerife","498",3
"MACBOR","MONTANA XR5 510","Sevilla","498",1
"MACBOR","MONTANA XR5 510","Tarragona","498",1
"MACBOR","MONTANA XR5 510","Valencia/València","498",4
"MACBOR","MONTANA XR5 510","Zaragoza","498",1
"MACBOR","ROCKSTER 125","Alicante/Alacant","125",1
"MACBOR","ROCKSTER 125","Almería","125",1
"MACBOR","ROCKSTER 125","Asturias","125",1
"MACBOR","ROCKSTER 125","Barcelona","125",3
"MACBOR","ROCKSTER 125","Huelva","125",2
"MACBOR","ROCKSTER 125","Lleida","125",1
"MACBOR","ROCKSTER 125","Madrid","125",2
"MACBOR","ROCKSTER 125","Melilla","125",1
"MACBOR","ROCKSTER 125","Ourense","125",1
"MACBOR","ROCKSTER 125","Santa Cruz de Tenerife","125",1
"MACBOR","ROCKSTER 125","Tarragona","125",1
"MACBOR","ROCKSTER 125","Teruel","125",1
"MACBOR","ROCKSTER 125","Valencia/València","125",5
"MACBOR","ROCKSTER 410","Almería","401",1
"MACBOR","ROCKSTER 410","Asturias","401",3
"MACBOR","ROCKSTER 410","Barcelona","401",6
"MACBOR","ROCKSTER 410","Cádiz","401",2
"MACBOR","ROCKSTER 410","Castellón/Castelló","401",1
"MACBOR","ROCKSTER 410","Córdoba","401",1
"MACBOR","ROCKSTER 410","Santa Cruz de Tenerife","401",1
"MACBOR","ROCKSTER 410","Valencia/València","401",2
"MACBOR","ROCKSTER FLAT 125","Alicante/Alacant","125",1
"MACBOR","ROCKSTER FLAT 125","Barcelona","125",4
"MACBOR","ROCKSTER FLAT 125","Girona","125",1
"MACBOR","ROCKSTER FLAT 125","Huelva","125",1
"MACBOR","ROCKSTER FLAT 125","Lleida","125",1
"MACBOR","ROCKSTER FLAT 125","Madrid","125",1
"MACBOR","ROCKSTER FLAT 125","Murcia","125",1
"MACBOR","ROCKSTER FLAT 125","Navarra","125",1
"MACBOR","ROCKSTER FLAT 125","Santa Cruz de Tenerife","125",2
"MACBOR","ROCKSTER FLAT 125","Sevilla","125",1
"MACBOR","ROCKSTER FLAT 125","Valencia/València","125",1
"MACBOR","ROCKSTER FLAT 125","Zaragoza","125",1
"MACBOR","ROCKSTER FLAT 125 MY 2","Barcelona","125",1
"MALAGUTI","DUNE 125","Coruña (A)","124",1
"MALAGUTI","XSM 125","Barcelona","124",1
"MALAGUTI","XSM 125","Illes Balears","124",1
"MALAGUTI","XTM 125","Bizkaia","124",1
"MALCOR IBERICA","ROME","Cádiz","125",1
"MALCOR IBERICA","ROME","Sevilla","125",2
"MALCOR IBERICA","SX125","Cádiz","125",1
"MBP","C1002V","Alicante/Alacant","997",1
"MBP","C1002V","Asturias","997",1
"MBP","C1002V","Badajoz","997",2
"MBP","C1002V","Barcelona","997",1
"MBP","C1002V","Gipuzkoa","997",1
"MBP","C1002V","Granada","997",1
"MBP","C1002V","Madrid","997",2
"MBP","SC 125","Asturias","125",1
"MBP","SC 125","Cádiz","125",1
"MBP","SC 125","Girona","125",1
"MBP","SC 125","Ourense","125",1
"MBP","SC 125","Tarragona","125",1
"MBP","SC125LX","Alicante/Alacant","125",1
"MBP","SC125LX","Barcelona","125",2
"MBP","SC125LX","Cádiz","125",1
"MBP","SC125LX","Ceuta","125",3
"MBP","SC125LX","Girona","125",1
"MBP","SC125LX","León","125",1
"MBP","SC125LX","Madrid","125",1
"MBP","SC125LX","Málaga","125",3
"MBP","SC125LX","Palmas (Las)","125",4
"MBP","SC125LX","Tarragona","125",2
"MBP","SC125LX","Zaragoza","125",1
"MBP","SC300","Barcelona","278",3
"MBP","SC300","Girona","278",1
"MBP","SC300","Palmas (Las)","278",1
"MH MOTORCYCLES","BOGGA ROCKER","Pontevedra","125",1
"MH MOTORCYCLES","REVENGE","Murcia","124",1
"MH MOTORCYCLES","RYX SM","Asturias","124",1
"MH MOTORCYCLES","TRAY","Alicante/Alacant","125",4
"MH MOTORCYCLES","TRAY","Almería","125",1
"MH MOTORCYCLES","TRAY","Asturias","125",2
"MH MOTORCYCLES","TRAY","Badajoz","125",1
"MH MOTORCYCLES","TRAY","Barcelona","125",7
"MH MOTORCYCLES","TRAY","Cáceres","125",1
"MH MOTORCYCLES","TRAY","Cádiz","125",6
"MH MOTORCYCLES","TRAY","Castellón/Castelló","125",1
"MH MOTORCYCLES","TRAY","Córdoba","125",6
"MH MOTORCYCLES","TRAY","Coruña (A)","125",1
"MH MOTORCYCLES","TRAY","Huelva","125",3
"MH MOTORCYCLES","TRAY","Illes Balears","125",1
"MH MOTORCYCLES","TRAY","Jaén","125",1
"MH MOTORCYCLES","TRAY","Madrid","125",3
"MH MOTORCYCLES","TRAY","Málaga","125",3
"MH MOTORCYCLES","TRAY","Murcia","125",8
"MH MOTORCYCLES","TRAY","Palmas (Las)","125",1
"MH MOTORCYCLES","TRAY","Pontevedra","125",1
"MH MOTORCYCLES","TRAY","Santa Cruz de Tenerife","125",5
"MH MOTORCYCLES","TRAY","Sevilla","125",5
"MH MOTORCYCLES","TRAY","Tarragona","125",1
"MH MOTORCYCLES","TRAY","Toledo","125",1
"MH MOTORCYCLES","TRAY","Valencia/València","125",4
"MH MOTORCYCLES","TRAY","Valladolid","125",1
"MH MOTORCYCLES","TRAY","Zaragoza","125",2
"MH MOTORCYCLES","VIRO","Murcia","333",2
"MH MOTORCYCLES","VIRO","Navarra","333",1
"MH MOTORCYCLES","VR10","Alicante/Alacant","124",1
"MH MOTORCYCLES","VR10","Barcelona","124",1
"MH MOTORCYCLES","VR10","Cádiz","124",4
"MH MOTORCYCLES","VR10","Cantabria","124",1
"MH MOTORCYCLES","VR10","Granada","124",3
"MH MOTORCYCLES","VR10","Huelva","124",1
"MH MOTORCYCLES","VR10","Málaga","124",1
"MH MOTORCYCLES","VR10","Murcia","124",2
"MH MOTORCYCLES","VR10","Sevilla","124",1
"MH MOTORCYCLES","VR10","Tarragona","124",1
"MH MOTORCYCLES","VR10","Valencia/València","124",1
"MH MOTORCYCLES","VR10","Zaragoza","124",1
"MH MOTORCYCLES","VRS","Alicante/Alacant","124",1
"MH MOTORCYCLES","VRS","Badajoz","124",1
"MH MOTORCYCLES","VRS","Navarra","124",1
"MH MOTORCYCLES","VRT","Alicante/Alacant","124",1
"MH MOTORCYCLES","VRT","Almería","124",1
"MH MOTORCYCLES","VRT","Barcelona","124",2
"MH MOTORCYCLES","VRT","Cádiz","124",1
"MH MOTORCYCLES","VRT","Cantabria","124",1
"MH MOTORCYCLES","VRT","Córdoba","124",4
"MH MOTORCYCLES","VRT","Granada","124",1
"MH MOTORCYCLES","VRT","Huelva","124",1
"MH MOTORCYCLES","VRT","Illes Balears","124",2
"MH MOTORCYCLES","VRT","Jaén","124",1
"MH MOTORCYCLES","VRT","Madrid","124",4
"MH MOTORCYCLES","VRT","Málaga","124",1
"MH MOTORCYCLES","VRT","Navarra","124",1
"MH MOTORCYCLES","VRT","Palmas (Las)","124",1
"MH MOTORCYCLES","VRT","Pontevedra","124",1
"MH MOTORCYCLES","XRT","Cáceres","125",1
"MH MOTORCYCLES","XRT","Illes Balears","125",1
"MH MOTORCYCLES","XRT","Soria","125",1
"MH MOTORCYCLES","XRT","Zamora","125",1
"MITT","125 NK","Albacete","124",1
"MITT","125 NK","Almería","124",2
"MITT","125 NK","Cantabria","124",1
"MITT","125 NK","Castellón/Castelló","124",1
"MITT","125 NK","León","124",3
"MITT","125 NK","Palmas (Las)","124",1
"MITT","125 NK","Sevilla","124",2
"MITT","125 NK","Valencia/València","124",1
"MITT","125GP","Alicante/Alacant","124",1
"MITT","125GP","Barcelona","124",1
"MITT","125GP","Bizkaia","124",1
"MITT","125GP","Cádiz","124",1
"MITT","125GP","Coruña (A)","124",2
"MITT","125GP","Illes Balears","124",1
"MITT","125GP","Lleida","124",1
"MITT","125GP","Lugo","124",2
"MITT","125GP","Madrid","124",3
"MITT","125GP","Murcia","124",2
"MITT","125GP","Palmas (Las)","124",1
"MITT","125GP","Sevilla","124",1
"MITT","125GP","Tarragona","124",1
"MITT","125GP","Toledo","124",1
"MITT","125GP","Valencia/València","124",2
"MITT","125GP","Valladolid","124",1
"MITT","125GP","Zaragoza","124",1
"MITT","125GTS","Alicante/Alacant","125",2
"MITT","125GTS","Barcelona","125",3
"MITT","125GTS","Cáceres","125",1
"MITT","125GTS","Cantabria","125",2
"MITT","125GTS","Castellón/Castelló","125",2
"MITT","125GTS","Ciudad Real","125",1
"MITT","125GTS","Córdoba","125",4
"MITT","125GTS","Illes Balears","125",1
"MITT","125GTS","Jaén","125",2
"MITT","125GTS","Madrid","125",6
"MITT","125GTS","Málaga","125",3
"MITT","125GTS","Melilla","125",1
"MITT","125GTS","Murcia","125",1
"MITT","125GTS","Navarra","125",1
"MITT","125GTS","Santa Cruz de Tenerife","125",4
"MITT","125GTS","Sevilla","125",7
"MITT","125GTS","Tarragona","125",1
"MITT","125GTS","Toledo","125",1
"MITT","125GTS","Valencia/València","125",5
"MITT","125GTS","Valladolid","125",2
"MITT","125GTS","Zaragoza","125",1
"MITT","125R1","Alicante/Alacant","124",1
"MITT","125R1","Almería","124",1
"MITT","125R1","Ciudad Real","124",1
"MITT","125R1","Córdoba","124",1
"MITT","125R1","Coruña (A)","124",1
"MITT","125R1","Madrid","124",3
"MITT","125R1","Valencia/València","124",1
"MITT","278","Almería","125",1
"MITT","278","Huelva","125",1
"MITT","278","Jaén","125",1
"MITT","300GT MAX","Cádiz","276",1
"MITT","300GT MAX","Lleida","276",1
"MITT","300GT MAX","Santa Cruz de Tenerife","276",2
"MITT","808","Alicante/Alacant","799",1
"MITT","808","Almería","799",1
"MITT","CPX 125 LIQUID","Asturias","125",1
"MITT","CPX 125 LIQUID","Málaga","125",2
"MITT","CPX 125 LIQUID","Santa Cruz de Tenerife","125",1
"MITT","CPX 125 LIQUID","Valladolid","125",1
"MITT","EMPEROR","Barcelona","125",1
"MITT","EMPEROR","Córdoba","125",1
"MITT","EMPEROR","León","125",1
"MITT","EMPEROR","Lleida","125",2
"MITT","EMPEROR","Lugo","125",1
"MITT","EMPEROR","Málaga","125",1
"MITT","EMPEROR","Sevilla","125",1
"MITT","EMPEROR","Tarragona","125",1
"MITT","FUNRIDER","Lleida","125",1
"MITT","FUNRIDER","Madrid","125",1
"MITT","FUNRIDER","Palmas (Las)","125",1
"MITT","K750","Murcia","730",1
"MITT","K750","Sevilla","730",1
"MITT","KYLIN 750","Albacete","730",1
"MITT","KYLIN 750","Almería","730",1
"MITT","KYLIN 750","Asturias","730",1
"MITT","KYLIN 750","Barcelona","730",1
"MITT","KYLIN 750","Rioja (La)","730",1
"MITT","KYLIN 750","Sevilla","730",1
"MITT","KYLIN 750","Tarragona","730",2
"MITT","KYLIN 750","Toledo","730",1
"MITT","KYLIN 750","Zaragoza","730",1
"MITT","LEGEND 301","León","234",1
"MITT","LEGEND 301","Madrid","234",2
"MITT","LEGRAND","Barcelona","125",1
"MITT","LEGRAND","Cádiz","125",1
"MITT","LEGRAND","Illes Balears","125",1
"MITT","LEGRAND","Lleida","125",1
"MITT","LEGRAND","Sevilla","125",1
"MITT","MITT 555TT","Almería","471",1
"MITT","MITT 555TT","Palmas (Las)","471",1
"MITT","MITT 555TT","Sevilla","471",3
"MITT","MITT ADV 125","Alicante/Alacant","124",1
"MITT","MITT ADV 125","Almería","124",1
"MITT","MITT ADV 125","Asturias","124",1
"MITT","MITT ADV 125","Bizkaia","124",1
"MITT","MITT ADV 125","Cádiz","124",3
"MITT","MITT ADV 125","Jaén","124",1
"MITT","MITT ADV 125","Palmas (Las)","124",1
"MITT","MITT ADV 125","Pontevedra","124",1
"MITT","MITT ADV 125","Rioja (La)","124",1
"MITT","MITT ADV 125","Valladolid","124",1
"MITT","MITT SUPPER","Albacete","125",1
"MITT","MITT SUPPER","Almería","125",2
"MITT","MITT SUPPER","Barcelona","125",1
"MITT","MITT SUPPER","Cáceres","125",1
"MITT","MITT SUPPER","Cádiz","125",1
"MITT","MITT SUPPER","Ciudad Real","125",2
"MITT","MITT SUPPER","Granada","125",1
"MITT","MITT SUPPER","Jaén","125",1
"MITT","MITT SUPPER","Lugo","125",1
"MITT","MITT SUPPER","Madrid","125",3
"MITT","MITT SUPPER","Málaga","125",2
"MITT","MITT SUPPER","Melilla","125",1
"MITT","MITT SUPPER","Murcia","125",1
"MITT","MITT SUPPER","Pontevedra","125",1
"MITT","MITT SUPPER","Sevilla","125",4
"MITT","MITT SUPPER","Valencia/València","125",2
"MITT","MITT SUPPER","Zaragoza","125",2
"MITT","OGAR LEGEND","Alicante/Alacant","125",2
"MITT","OGAR LEGEND","Castellón/Castelló","125",1
"MITT","OGAR LEGEND","Illes Balears","125",1
"MITT","OGAR LEGEND","Madrid","125",3
"MITT","OGAR LEGEND","Murcia","125",1
"MITT","OGAR LEGEND","Valencia/València","125",1
"MITT","TY125T-26F","Alicante/Alacant","125",1
"MITT","TY125T-26F","Almería","125",2
"MITT","TY125T-26F","Badajoz","125",1
"MITT","TY125T-26F","Barcelona","125",3
"MITT","TY125T-26F","Cádiz","125",2
"MITT","TY125T-26F","Cantabria","125",1
"MITT","TY125T-26F","Castellón/Castelló","125",2
"MITT","TY125T-26F","Jaén","125",1
"MITT","TY125T-26F","Málaga","125",2
"MITT","TY125T-26F","Palmas (Las)","125",2
"MITT","TY125T-26F","Santa Cruz de Tenerife","125",2
"MITT","TY125T-26F","Sevilla","125",10
"MITT","TY125T-26F","Tarragona","125",1
"MITT","TY125T-26F","Valencia/València","125",1
"MITT","TY125T-26F","Zaragoza","125",1
"MITT","TY125T-51E","Albacete","125",1
"MITT","TY125T-51E","Málaga","125",1
"MITT","TY125T-51E","Segovia","125",1
"MITT","XRS","Almería","125",3
"MITT","XRS","Badajoz","125",1
"MITT","XRS","Córdoba","125",2
"MITT","XRS","Illes Balears","125",1
"MITT","XRS","Sevilla","125",1
"MITT","XRS","Valencia/València","125",1
"MONDIAL","HPS","Albacete","124",1
"MONDIAL","HPS","Alicante/Alacant","124",1
"MONDIAL","HPS","Girona","124",1
"MONDIAL","HPS","Illes Balears","124",1
"MONDIAL","HPS","Madrid","124",2
"MONDIAL","HPS","Murcia","124",1
"MONDIAL","HPS","Valencia/València","124",1
"MONDIAL","PIEGA","Barcelona","124",1
"MONDIAL","PIEGA","Pontevedra","124",1
"MONDIAL","SMX","Asturias","124",1
"MONDIAL","SMX","Madrid","124",1
"MONDIAL","SMX","Murcia","124",1
"MONDIAL","SMX","Pontevedra","124",1
"MONDIAL","SPARTAN 125","Almería","124",1
"MONDIAL","SPARTAN 125","Córdoba","124",1
"MONDIAL","SPARTAN 125","Illes Balears","124",1
"MONDIAL","SPARTAN 125","Toledo","124",1
"MONDIAL","SPARTAN 125","Valladolid","124",1
"MONKEY BIKES","DAX 125","Barcelona","124",1
"MONKEY BIKES","DAX 125","Córdoba","124",1
"MONKEY BIKES","DAX 125","Lleida","124",1
"MONTESA","BRIO 81","León","1249",1
"MONTESA","COTA 4RT 260","Alicante/Alacant","259",1
"MONTESA","COTA 4RT 260","Barcelona","259",1
"MONTESA","COTA 4RT 260","Málaga","259",1
"MONTESA","COTA 4RT 301RR","Girona","298",1
"MONTESA","COTA 4RT 301RR","Madrid","298",1
"MORBIDELLI","C1002V","Lugo","997",1
"MORBIDELLI","SC125LX","Alicante/Alacant","125",2
"MORBIDELLI","SC125LX","Barcelona","125",1
"MORBIDELLI","SC125LX","Tarragona","125",3
"MORBIDELLI","SC125LX","Zaragoza","125",1
"MORBIDELLI","T1002VX","Alicante/Alacant","997",2
"MORBIDELLI","T1002VX","Asturias","997",4
"MORBIDELLI","T1002VX","Badajoz","997",1
"MORBIDELLI","T1002VX","Barcelona","997",5
"MORBIDELLI","T1002VX","Cáceres","997",1
"MORBIDELLI","T1002VX","Cádiz","997",2
"MORBIDELLI","T1002VX","Lleida","997",2
"MORBIDELLI","T1002VX","Madrid","997",1
"MORBIDELLI","T1002VX","Málaga","997",1
"MORBIDELLI","T1002VX","Murcia","997",2
"MORBIDELLI","T1002VX","Ourense","997",1
"MORBIDELLI","T1002VX","Soria","997",1
"MORBIDELLI","T1002VX","Toledo","997",1
"MORBIDELLI","T1002VX","Valladolid","997",1
"MORBIDELLI","T1002VX","Zaragoza","997",1
"MORBIDELLI","T125 X","Barcelona","124",4
"MOTO GUZZI","STELVIO","Asturias","1042",1
"MOTO GUZZI","STELVIO","Barcelona","1042",1
"MOTO GUZZI","STELVIO (A.R.A.S.)","Barcelona","1042",1
"MOTO GUZZI","STELVIO (A.R.A.S.)","Cantabria","1042",1
"MOTO GUZZI","STELVIO (A.R.A.S.)","Illes Balears","1042",1
"MOTO GUZZI","STELVIO (A.R.A.S.)","Madrid","1042",1
"MOTO GUZZI","STELVIO (A.R.A.S.)","Valladolid","1042",1
"MOTO GUZZI","V100 MANDELLO","Málaga","1042",1
"MOTO GUZZI","V7 CORSA","Alicante/Alacant","853",1
"MOTO GUZZI","V7 CORSA","Málaga","853",1
"MOTO GUZZI","V7 SPORT","Barcelona","853",1
"MOTO GUZZI","V7 SPORT","Cádiz","853",1
"MOTO GUZZI","V7 SPORT","Madrid","853",1
"MOTO GUZZI","V7 SPORT","Murcia","853",1
"MOTO GUZZI","V7 SPORT","Sevilla","853",1
"MOTO GUZZI","V7 SPORT","Zaragoza","853",1
"MOTO GUZZI","V7 STONE","Barcelona","853",2
"MOTO GUZZI","V7 STONE","Girona","853",1
"MOTO GUZZI","V7 STONE","Illes Balears","853",1
"MOTO GUZZI","V7 STONE","Málaga","853",1
"MOTO GUZZI","V7 STONE","Valencia/València","853",1
"MOTO GUZZI","V85 STRADA","Barcelona","853",1
"MOTO GUZZI","V85 STRADA","Granada","853",1
"MOTO GUZZI","V85 TT","Barcelona","853",2
"MOTO GUZZI","V85 TT","Madrid","853",1
"MOTO GUZZI","V85 TT","Málaga","853",1
"MOTO GUZZI","V85 TT","Tarragona","853",1
"MOTO GUZZI","V85 TT","Valladolid","853",1
"MOTO GUZZI","V85 TT TRAVEL","Barcelona","853",1
"MOTO GUZZI","V9 BOBBER","Málaga","853",1
"MOTO MORINI","6 ½ SCR","Barcelona","649",2
"MOTO MORINI","6 ½ SCR","Murcia","649",1
"MOTO MORINI","6 ½ STR","Barcelona","649",1
"MOTO MORINI","6 ½ STR","Murcia","649",2
"MOTO MORINI","6 ½ STR","Palmas (Las)","649",1
"MOTO MORINI","6 ½ STR","Toledo","649",1
"MOTO MORINI","6 ½ STR","Valencia/València","649",1
"MOTO MORINI","6 ½ STR","Zaragoza","649",1
"MOTO MORINI","CALIBRO","Bizkaia","693",1
"MOTO MORINI","CALIBRO","Madrid","693",1
"MOTO MORINI","CALIBRO","Murcia","693",1
"MOTO MORINI","CALIBRO","Zaragoza","693",1
"MOTO MORINI","X-CAPE","Castellón/Castelló","649",1
"MOTO MORINI","X-CAPE","León","649",1
"MOTO MORINI","X-CAPE","Madrid","649",1
"MOTO MORINI","X-CAPE","Málaga","649",1
"MOTO MORINI","X-CAPE","Murcia","649",2
"MOTO MORINI","X-CAPE","Navarra","649",1
"MOTO MORINI","X-CAPE","Valencia/València","649",2
"MOTO MORINI","X-CAPE","Zaragoza","649",1
"MOTO MORINI","X-CAPE 700","Barcelona","693",1
"MOTO MORINI","X-CAPE 700","Castellón/Castelló","693",1
"MOTO MORINI","X-CAPE 700","Coruña (A)","693",1
"MOTO MORINI","X-CAPE 700","León","693",1
"MOTO MORINI","X-CAPE 700","Murcia","693",1
"MOTO MORINI","X-CAPE 700","Valencia/València","693",2
"MOTRON MOTORRAD","NOMAD","Barcelona","124",1
"MOTRON MOTORRAD","VENTURA 125","Málaga","125",1
"MOTRON MOTORRAD","X-NORD 125","Burgos","124",1
"MTR BIKES","GRAND TOUR","Cádiz","125",3
"MTR BIKES","GRAND TOUR","Murcia","125",1
"MUTT","FSR","Badajoz","125",1
"MUTT","RAZORBACK","Palmas (Las)","125",1
"MV AGUSTA","BRUTALE 1000 RS","Salamanca","998",1
"MV AGUSTA","BRUTALE R","Barcelona","798",1
"MV AGUSTA","BRUTALE R","Castellón/Castelló","798",1
"MV AGUSTA","BRUTALE R","Valencia/València","798",1
"MV AGUSTA","BRUTALE RR","Madrid","798",1
"MV AGUSTA","BRUTALE RR","Málaga","798",1
"MV AGUSTA","DRAGSTER R","Alicante/Alacant","798",1
"MV AGUSTA","DRAGSTER R","Barcelona","798",1
"MV AGUSTA","DRAGSTER R","Madrid","798",1
"MV AGUSTA","DRAGSTER R","Valencia/València","798",1
"MV AGUSTA","SUPERVELOCE","Guadalajara","798",1
"MV AGUSTA","SUPERVELOCE","Madrid","798",1
"MV AGUSTA","TURISMO VELOCE LUSSO","Cáceres","798",1
"NEXT","NX2 125I","Alicante/Alacant","125",6
"NEXT","NX2 125I","Bizkaia","125",1
"NEXT","NX2 125I","Madrid","125",2
"NEXT","NX2 125I","Málaga","125",1
"NEXT","NX2 125I","Murcia","125",2
"NEXT","NX2 125I","Valencia/València","125",2
"ORCAL","SK125-K","Badajoz","124",1
"ORCAL","SK125-K","Barcelona","124",2
"ORCAL","SK125-K","Palmas (Las)","124",1
"PEUGEOT","DJANGO","Alicante/Alacant","125",2
"PEUGEOT","DJANGO","Almería","125",1
"PEUGEOT","DJANGO","Asturias","125",1
"PEUGEOT","DJANGO","Barcelona","125",2
"PEUGEOT","DJANGO","Cáceres","125",1
"PEUGEOT","DJANGO","Cádiz","125",2
"PEUGEOT","DJANGO","Córdoba","125",1
"PEUGEOT","DJANGO","Illes Balears","125",4
"PEUGEOT","DJANGO","Madrid","125",1
"PEUGEOT","DJANGO","Málaga","125",2
"PEUGEOT","DJANGO","Murcia","125",1
"PEUGEOT","DJANGO","Ourense","125",1
"PEUGEOT","DJANGO","Santa Cruz de Tenerife","125",1
"PEUGEOT","DJANGO","Valencia/València","125",1
"PEUGEOT","DJANGO","Valladolid","125",1
"PEUGEOT","KISBEE M","Alicante/Alacant","125",4
"PEUGEOT","KISBEE M","Almería","125",2
"PEUGEOT","KISBEE M","Barcelona","125",107
"PEUGEOT","KISBEE M","Ceuta","125",1
"PEUGEOT","KISBEE M","Cuenca","125",1
"PEUGEOT","KISBEE M","Granada","125",1
"PEUGEOT","KISBEE M","Illes Balears","125",4
"PEUGEOT","KISBEE M","Madrid","125",7
"PEUGEOT","KISBEE M","Málaga","125",7
"PEUGEOT","KISBEE M","Murcia","125",2
"PEUGEOT","KISBEE M","Palmas (Las)","125",1
"PEUGEOT","KISBEE M","Tarragona","125",1
"PEUGEOT","KISBEE M","Valencia/València","125",2
"PEUGEOT","KISBEE M","Zaragoza","125",1
"PEUGEOT","PM-01","Illes Balears","125",1
"PEUGEOT","PM-01","Murcia","125",2
"PEUGEOT","PM-03","Madrid","292",1
"PEUGEOT","PULSION","Almería","125",1
"PEUGEOT","PULSION","Tarragona","125",1
"PEUGEOT","TWEET","Badajoz","125",1
"PEUGEOT","TWEET","Cádiz","125",3
"PEUGEOT","TWEET","Granada","125",1
"PEUGEOT","TWEET","Málaga","125",4
"PEUGEOT","TWEET","Pontevedra","125",2
"PEUGEOT","TWEET FL 125 CC","Alicante/Alacant","125",1
"PEUGEOT","TWEET FL 125 CC","Almería","125",3
"PEUGEOT","TWEET FL 125 CC","Badajoz","125",2
"PEUGEOT","TWEET FL 125 CC","Barcelona","125",62
"PEUGEOT","TWEET FL 125 CC","Bizkaia","125",1
"PEUGEOT","TWEET FL 125 CC","Cádiz","125",2
"PEUGEOT","TWEET FL 125 CC","Ceuta","125",2
"PEUGEOT","TWEET FL 125 CC","Granada","125",3
"PEUGEOT","TWEET FL 125 CC","Illes Balears","125",3
"PEUGEOT","TWEET FL 125 CC","Madrid","125",10
"PEUGEOT","TWEET FL 125 CC","Málaga","125",8
"PEUGEOT","TWEET FL 125 CC","Sevilla","125",2
"PEUGEOT","TWEET FL 125 CC","Tarragona","125",1
"PEUGEOT","TWEET FL 125 CC","Valencia/València","125",1
"PEUGEOT","TWEET FL 125 CC","Zaragoza","125",2
"PEUGEOT","XP","Illes Balears","399",1
"PIAGGIO","BEVERLY 300 HPE","Málaga","278",1
"PIAGGIO","BEVERLY 300 HPE","Navarra","278",1
"PIAGGIO","BEVERLY 310 HPE","Cádiz","310",1
"PIAGGIO","BEVERLY 310 HPE","Granada","310",1
"PIAGGIO","BEVERLY 310 HPE","Valencia/València","310",1
"PIAGGIO","BEVERLY 400 HPE","Albacete","399",1
"PIAGGIO","BEVERLY 400 HPE","Barcelona","399",2
"PIAGGIO","BEVERLY 400 HPE","Girona","399",1
"PIAGGIO","BEVERLY 400 HPE","Granada","399",1
"PIAGGIO","BEVERLY 400 HPE","Illes Balears","399",1
"PIAGGIO","BEVERLY 400 HPE","Madrid","399",1
"PIAGGIO","BEVERLY 400 HPE","Málaga","399",1
"PIAGGIO","BEVERLY 400 HPE","Palmas (Las)","399",1
"PIAGGIO","BEVERLY 400 HPE","Santa Cruz de Tenerife","399",1
"PIAGGIO","BEVERLY 400 HPE","Tarragona","399",1
"PIAGGIO","BEVERLY 400 HPE","Valencia/València","399",1
"PIAGGIO","LIBERTY 125","Zaragoza","124",1
"PIAGGIO","LIBERTY 125 ABS","Álava/Araba","124",1
"PIAGGIO","LIBERTY 125 ABS","Alicante/Alacant","124",2
"PIAGGIO","LIBERTY 125 ABS","Almería","124",3
"PIAGGIO","LIBERTY 125 ABS","Asturias","124",3
"PIAGGIO","LIBERTY 125 ABS","Badajoz","124",1
"PIAGGIO","LIBERTY 125 ABS","Barcelona","124",22
"PIAGGIO","LIBERTY 125 ABS","Bizkaia","124",2
"PIAGGIO","LIBERTY 125 ABS","Burgos","124",1
"PIAGGIO","LIBERTY 125 ABS","Cádiz","124",75
"PIAGGIO","LIBERTY 125 ABS","Cantabria","124",1
"PIAGGIO","LIBERTY 125 ABS","Ceuta","124",1
"PIAGGIO","LIBERTY 125 ABS","Córdoba","124",3
"PIAGGIO","LIBERTY 125 ABS","Gipuzkoa","124",3
"PIAGGIO","LIBERTY 125 ABS","Girona","124",2
"PIAGGIO","LIBERTY 125 ABS","Granada","124",8
"PIAGGIO","LIBERTY 125 ABS","Huelva","124",1
"PIAGGIO","LIBERTY 125 ABS","Illes Balears","124",4
"PIAGGIO","LIBERTY 125 ABS","León","124",1
"PIAGGIO","LIBERTY 125 ABS","Lleida","124",2
"PIAGGIO","LIBERTY 125 ABS","Madrid","124",23
"PIAGGIO","LIBERTY 125 ABS","Málaga","124",22
"PIAGGIO","LIBERTY 125 ABS","Melilla","124",3
"PIAGGIO","LIBERTY 125 ABS","Murcia","124",1
"PIAGGIO","LIBERTY 125 ABS","Navarra","124",1
"PIAGGIO","LIBERTY 125 ABS","Palmas (Las)","124",1
"PIAGGIO","LIBERTY 125 ABS","Rioja (La)","124",3
"PIAGGIO","LIBERTY 125 ABS","Santa Cruz de Tenerife","124",2
"PIAGGIO","LIBERTY 125 ABS","Sevilla","124",6
"PIAGGIO","LIBERTY 125 ABS","Tarragona","124",3
"PIAGGIO","LIBERTY 125 ABS","Valencia/València","124",3
"PIAGGIO","LIBERTY 125 ABS","Zaragoza","124",1
"PIAGGIO","MEDLEY 125","Albacete","125",1
"PIAGGIO","MEDLEY 125","Alicante/Alacant","125",1
"PIAGGIO","MEDLEY 125","Barcelona","125",17
"PIAGGIO","MEDLEY 125","Bizkaia","125",1
"PIAGGIO","MEDLEY 125","Cádiz","125",14
"PIAGGIO","MEDLEY 125","Córdoba","125",1
"PIAGGIO","MEDLEY 125","Granada","125",21
"PIAGGIO","MEDLEY 125","Huelva","125",1
"PIAGGIO","MEDLEY 125","Illes Balears","125",2
"PIAGGIO","MEDLEY 125","Madrid","125",9
"PIAGGIO","MEDLEY 125","Málaga","125",9
"PIAGGIO","MEDLEY 125","Navarra","125",1
"PIAGGIO","MEDLEY 125","Palmas (Las)","125",9
"PIAGGIO","MEDLEY 125","Santa Cruz de Tenerife","125",13
"PIAGGIO","MEDLEY 125","Sevilla","125",2
"PIAGGIO","MEDLEY 125","Tarragona","125",1
"PIAGGIO","MEDLEY 125","Valencia/València","125",1
"PIAGGIO","MEDLEY 200","Madrid","174",1
"PIAGGIO","MYMOOVER","Teruel","125",1
"PIAGGIO","VESPA 946","Madrid","124",1
"PIAGGIO","VESPA 946","Málaga","124",1
"PIAGGIO","VESPA GTS","Albacete","310",1
"PIAGGIO","VESPA GTS","Alicante/Alacant","310",2
"PIAGGIO","VESPA GTS","Asturias","310",1
"PIAGGIO","VESPA GTS","Badajoz","310",1
"PIAGGIO","VESPA GTS","Barcelona","310",2
"PIAGGIO","VESPA GTS","Cádiz","310",4
"PIAGGIO","VESPA GTS","Cuenca","310",1
"PIAGGIO","VESPA GTS","Huelva","310",1
"PIAGGIO","VESPA GTS","Huesca","310",1
"PIAGGIO","VESPA GTS","Illes Balears","310",4
"PIAGGIO","VESPA GTS","Jaén","310",1
"PIAGGIO","VESPA GTS","Madrid","310",2
"PIAGGIO","VESPA GTS","Málaga","310",4
"PIAGGIO","VESPA GTS","Navarra","310",1
"PIAGGIO","VESPA GTS","Santa Cruz de Tenerife","310",3
"PIAGGIO","VESPA GTS","Valencia/València","310",3
"PIAGGIO","VESPA GTS","Valladolid","310",1
"PIAGGIO","VESPA GTS","Zaragoza","310",1
"PIAGGIO","VESPA GTS 125","Alicante/Alacant","125",5
"PIAGGIO","VESPA GTS 125","Barcelona","125",3
"PIAGGIO","VESPA GTS 125","Cádiz","125",2
"PIAGGIO","VESPA GTS 125","Córdoba","125",1
"PIAGGIO","VESPA GTS 125","Girona","125",2
"PIAGGIO","VESPA GTS 125","Huelva","125",1
"PIAGGIO","VESPA GTS 125","Illes Balears","125",9
"PIAGGIO","VESPA GTS 125","Lleida","125",1
"PIAGGIO","VESPA GTS 125","Madrid","125",1
"PIAGGIO","VESPA GTS 125","Málaga","125",5
"PIAGGIO","VESPA GTS 125","Palmas (Las)","125",1
"PIAGGIO","VESPA GTS 125","Santa Cruz de Tenerife","125",5
"PIAGGIO","VESPA GTS 125","Sevilla","125",1
"PIAGGIO","VESPA GTS 125","Teruel","125",1
"PIAGGIO","VESPA GTS 125","Valencia/València","125",8
"PIAGGIO","VESPA GTS 125","Zaragoza","125",1
"PIAGGIO","VESPA GTS 125 SUPERTEC","Castellón/Castelló","125",1
"PIAGGIO","VESPA GTS 125 SUPERTEC","Girona","125",1
"PIAGGIO","VESPA GTS 125 SUPERTEC","Málaga","125",2
"PIAGGIO","VESPA GTS SUPERTECH","Barcelona","310",1
"PIAGGIO","VESPA GTS SUPERTECH","Illes Balears","310",2
"PIAGGIO","VESPA GTS SUPERTECH","Lleida","310",1
"PIAGGIO","VESPA GTS SUPERTECH","Melilla","310",1
"PIAGGIO","VESPA GTV","Barcelona","310",1
"PIAGGIO","VESPA GTV","León","310",1
"PIAGGIO","VESPA GTV","Madrid","310",1
"PIAGGIO","VESPA PRIMAVERA 125","Albacete","124",2
"PIAGGIO","VESPA PRIMAVERA 125","Alicante/Alacant","124",13
"PIAGGIO","VESPA PRIMAVERA 125","Almería","124",1
"PIAGGIO","VESPA PRIMAVERA 125","Asturias","124",4
"PIAGGIO","VESPA PRIMAVERA 125","Barcelona","124",9
"PIAGGIO","VESPA PRIMAVERA 125","Bizkaia","124",2
"PIAGGIO","VESPA PRIMAVERA 125","Cáceres","124",1
"PIAGGIO","VESPA PRIMAVERA 125","Cádiz","124",8
"PIAGGIO","VESPA PRIMAVERA 125","Castellón/Castelló","124",1
"PIAGGIO","VESPA PRIMAVERA 125","Córdoba","124",1
"PIAGGIO","VESPA PRIMAVERA 125","Coruña (A)","124",3
"PIAGGIO","VESPA PRIMAVERA 125","Gipuzkoa","124",1
"PIAGGIO","VESPA PRIMAVERA 125","Girona","124",2
"PIAGGIO","VESPA PRIMAVERA 125","Granada","124",1
"PIAGGIO","VESPA PRIMAVERA 125","Huelva","124",3
"PIAGGIO","VESPA PRIMAVERA 125","Illes Balears","124",22
"PIAGGIO","VESPA PRIMAVERA 125","Jaén","124",2
"PIAGGIO","VESPA PRIMAVERA 125","Lleida","124",1
"PIAGGIO","VESPA PRIMAVERA 125","Madrid","124",10
"PIAGGIO","VESPA PRIMAVERA 125","Málaga","124",12
"PIAGGIO","VESPA PRIMAVERA 125","Murcia","124",1
"PIAGGIO","VESPA PRIMAVERA 125","Palmas (Las)","124",2
"PIAGGIO","VESPA PRIMAVERA 125","Santa Cruz de Tenerife","124",5
"PIAGGIO","VESPA PRIMAVERA 125","Segovia","124",1
"PIAGGIO","VESPA PRIMAVERA 125","Sevilla","124",3
"PIAGGIO","VESPA PRIMAVERA 125","Tarragona","124",2
"PIAGGIO","VESPA PRIMAVERA 125","Toledo","124",1
"PIAGGIO","VESPA PRIMAVERA 125","Valencia/València","124",9
"PIAGGIO","VESPA PRIMAVERA 125","Zaragoza","124",1
"PIAGGIO","VESPA PRIMAVERA 125 AB","Barcelona","124",1
"PIAGGIO","VESPA PRIMAVERA 125 AB","Bizkaia","124",2
"PIAGGIO","VESPA PRIMAVERA 125 AB","Cádiz","124",1
"PIAGGIO","VESPA PRIMAVERA 125 AB","Castellón/Castelló","124",1
"PIAGGIO","VESPA PRIMAVERA 125 AB","Málaga","124",4
"PIAGGIO","VESPA PRIMAVERA 125 AB","Valencia/València","124",1
"PIAGGIO","VESPA PRIMAVERA TECH 1","Castellón/Castelló","124",1
"PIAGGIO","VESPA PRIMAVERA TECH 1","Illes Balears","124",2
"PIAGGIO","VESPA SPRINT 125","Cantabria","124",1
"PIAGGIO","VESPA SPRINT 125","Illes Balears","124",2
"PIAGGIO","VESPA SPRINT 125","Madrid","124",1
"PIAGGIO","VESPA SPRINT 125","Sevilla","124",1
"PIAGGIO","VESPA SPRINT 125","Zaragoza","124",1
"PIAGGIO","VESPA SPRINT 125 ABS","Almería","124",1
"PIAGGIO","VESPA SPRINT 125 ABS","Illes Balears","124",4
"PIAGGIO","VESPA SPRINT 125 ABS","Málaga","124",1
"PIAGGIO","VESPA SPRINT 125 ABS","Santa Cruz de Tenerife","124",2
"QJMOTOR","ATR 125","Asturias","125",1
"QJMOTOR","ATR 125","Coruña (A)","125",1
"QJMOTOR","ATR 125 E5+","Álava/Araba","125",3
"QJMOTOR","ATR 125 E5+","Albacete","125",1
"QJMOTOR","ATR 125 E5+","Alicante/Alacant","125",5
"QJMOTOR","ATR 125 E5+","Almería","125",3
"QJMOTOR","ATR 125 E5+","Asturias","125",2
"QJMOTOR","ATR 125 E5+","Ávila","125",1
"QJMOTOR","ATR 125 E5+","Barcelona","125",21
"QJMOTOR","ATR 125 E5+","Cádiz","125",5
"QJMOTOR","ATR 125 E5+","Castellón/Castelló","125",1
"QJMOTOR","ATR 125 E5+","Córdoba","125",3
"QJMOTOR","ATR 125 E5+","Coruña (A)","125",1
"QJMOTOR","ATR 125 E5+","Granada","125",7
"QJMOTOR","ATR 125 E5+","Huelva","125",1
"QJMOTOR","ATR 125 E5+","Illes Balears","125",4
"QJMOTOR","ATR 125 E5+","Jaén","125",3
"QJMOTOR","ATR 125 E5+","Madrid","125",11
"QJMOTOR","ATR 125 E5+","Málaga","125",2
"QJMOTOR","ATR 125 E5+","Murcia","125",5
"QJMOTOR","ATR 125 E5+","Ourense","125",1
"QJMOTOR","ATR 125 E5+","Palmas (Las)","125",4
"QJMOTOR","ATR 125 E5+","Santa Cruz de Tenerife","125",9
"QJMOTOR","ATR 125 E5+","Sevilla","125",1
"QJMOTOR","ATR 125 E5+","Tarragona","125",2
"QJMOTOR","ATR 125 E5+","Valencia/València","125",7
"QJMOTOR","ATR 125 E5+","Zaragoza","125",2
"QJMOTOR","FORT 350","Asturias","350",1
"QJMOTOR","FORT 350","Barcelona","350",5
"QJMOTOR","FORT 350","Illes Balears","350",1
"QJMOTOR","FORT 350","Palmas (Las)","350",1
"QJMOTOR","FORT 350","Sevilla","350",1
"QJMOTOR","FORT 350","Tarragona","350",1
"QJMOTOR","FORT 350","Valencia/València","350",2
"QJMOTOR","FORT 350","Valladolid","350",1
"QJMOTOR","LTR 125","Alicante/Alacant","125",2
"QJMOTOR","LTR 125","Barcelona","125",3
"QJMOTOR","LTR 125","Illes Balears","125",1
"QJMOTOR","LTR 125","Madrid","125",1
"QJMOTOR","LTR 125","Murcia","125",1
"QJMOTOR","LTR 125","Valencia/València","125",1
"QJMOTOR","LTR 125 E5+","Álava/Araba","125",1
"QJMOTOR","LTR 125 E5+","Barcelona","125",2
"QJMOTOR","LTR 125 E5+","Bizkaia","125",1
"QJMOTOR","LTR 125 E5+","Girona","125",1
"QJMOTOR","LTR 125 E5+","Toledo","125",1
"QJMOTOR","LTR 125 E5+","Valencia/València","125",1
"QJMOTOR","MTX 125","Alicante/Alacant","125",2
"QJMOTOR","MTX 125","Almería","125",1
"QJMOTOR","MTX 125","Ávila","125",1
"QJMOTOR","MTX 125","Barcelona","125",10
"QJMOTOR","MTX 125","Cádiz","125",5
"QJMOTOR","MTX 125","Córdoba","125",3
"QJMOTOR","MTX 125","Coruña (A)","125",1
"QJMOTOR","MTX 125","Girona","125",2
"QJMOTOR","MTX 125","Granada","125",2
"QJMOTOR","MTX 125","Huelva","125",1
"QJMOTOR","MTX 125","Huesca","125",2
"QJMOTOR","MTX 125","Illes Balears","125",4
"QJMOTOR","MTX 125","Jaén","125",1
"QJMOTOR","MTX 125","Lleida","125",1
"QJMOTOR","MTX 125","Madrid","125",5
"QJMOTOR","MTX 125","Málaga","125",2
"QJMOTOR","MTX 125","Murcia","125",5
"QJMOTOR","MTX 125","Palmas (Las)","125",4
"QJMOTOR","MTX 125","Pontevedra","125",2
"QJMOTOR","MTX 125","Santa Cruz de Tenerife","125",1
"QJMOTOR","MTX 125","Sevilla","125",5
"QJMOTOR","MTX 125","Tarragona","125",5
"QJMOTOR","MTX 125","Valencia/València","125",6
"QJMOTOR","MTX 125","Valladolid","125",3
"QJMOTOR","MTX 125","Zaragoza","125",1
"QJMOTOR","MTX 125 E5+","Barcelona","125",12
"QJMOTOR","MTX 125 E5+","Cádiz","125",1
"QJMOTOR","MTX 125 E5+","Córdoba","125",3
"QJMOTOR","MTX 125 E5+","Granada","125",2
"QJMOTOR","MTX 125 E5+","Huelva","125",1
"QJMOTOR","MTX 125 E5+","Lleida","125",1
"QJMOTOR","MTX 125 E5+","Madrid","125",9
"QJMOTOR","MTX 125 E5+","Málaga","125",1
"QJMOTOR","MTX 125 E5+","Sevilla","125",3
"QJMOTOR","MTX 125 E5+","Valencia/València","125",2
"QJMOTOR","MTX 125 E5+","Valladolid","125",1
"QJMOTOR","SQ 16 E5+","Albacete","125",1
"QJMOTOR","SQ 16 E5+","Alicante/Alacant","125",1
"QJMOTOR","SQ 16 E5+","Asturias","125",1
"QJMOTOR","SQ 16 E5+","Barcelona","125",24
"QJMOTOR","SQ 16 E5+","Cádiz","125",1
"QJMOTOR","SQ 16 E5+","Girona","125",5
"QJMOTOR","SQ 16 E5+","Granada","125",2
"QJMOTOR","SQ 16 E5+","Illes Balears","125",3
"QJMOTOR","SQ 16 E5+","Lleida","125",1
"QJMOTOR","SQ 16 E5+","Madrid","125",1
"QJMOTOR","SQ 16 E5+","Málaga","125",1
"QJMOTOR","SQ 16 E5+","Pontevedra","125",1
"QJMOTOR","SQ 16 E5+","Santa Cruz de Tenerife","125",2
"QJMOTOR","SQ 16 E5+","Sevilla","125",4
"QJMOTOR","SQ 16 E5+","Tarragona","125",1
"QJMOTOR","SQ 16 E5+","Valencia/València","125",3
"QJMOTOR","SRK 125 R","Albacete","125",1
"QJMOTOR","SRK 125 R","Alicante/Alacant","125",2
"QJMOTOR","SRK 125 R","Barcelona","125",1
"QJMOTOR","SRK 125 R","Castellón/Castelló","125",1
"QJMOTOR","SRK 125 R","Guadalajara","125",1
"QJMOTOR","SRK 125 R","Madrid","125",2
"QJMOTOR","SRK 125 R","Málaga","125",1
"QJMOTOR","SRK 125 R","Murcia","125",1
"QJMOTOR","SRK 125 R","Palmas (Las)","125",1
"QJMOTOR","SRK 125 R","Pontevedra","125",1
"QJMOTOR","SRK 125 R","Valencia/València","125",6
"QJMOTOR","SRK 125 R","Zaragoza","125",1
"QJMOTOR","SRK 125 R E5+","Madrid","125",1
"QJMOTOR","SRK 125 R E5+","Murcia","125",1
"QJMOTOR","SRK 125 R E5+","Zamora","125",1
"QJMOTOR","SRK 125 S","Alicante/Alacant","125",1
"QJMOTOR","SRK 125 S","Asturias","125",2
"QJMOTOR","SRK 125 S","Illes Balears","125",1
"QJMOTOR","SRK 125 S","Málaga","125",2
"QJMOTOR","SRK 125 S","Palmas (Las)","125",2
"QJMOTOR","SRK 125 S","Santa Cruz de Tenerife","125",1
"QJMOTOR","SRK 125 S","Sevilla","125",1
"QJMOTOR","SRK 125 S","Valencia/València","125",2
"QJMOTOR","SRK 125 S E5+","Alicante/Alacant","125",1
"QJMOTOR","SRK 125 S E5+","Barcelona","125",11
"QJMOTOR","SRK 125 S E5+","Cádiz","125",2
"QJMOTOR","SRK 125 S E5+","Córdoba","125",1
"QJMOTOR","SRK 125 S E5+","Coruña (A)","125",4
"QJMOTOR","SRK 125 S E5+","Girona","125",1
"QJMOTOR","SRK 125 S E5+","Huelva","125",2
"QJMOTOR","SRK 125 S E5+","Illes Balears","125",2
"QJMOTOR","SRK 125 S E5+","Jaén","125",1
"QJMOTOR","SRK 125 S E5+","Madrid","125",7
"QJMOTOR","SRK 125 S E5+","Málaga","125",1
"QJMOTOR","SRK 125 S E5+","Murcia","125",3
"QJMOTOR","SRK 125 S E5+","Palmas (Las)","125",3
"QJMOTOR","SRK 125 S E5+","Santa Cruz de Tenerife","125",5
"QJMOTOR","SRK 125 S E5+","Sevilla","125",2
"QJMOTOR","SRK 125 S E5+","Tarragona","125",1
"QJMOTOR","SRK 125 S E5+","Teruel","125",1
"QJMOTOR","SRK 125 S E5+","Valencia/València","125",2
"QJMOTOR","SRK 125 S E5+","Zaragoza","125",1
"QJMOTOR","SRK 400","Barcelona","400",3
"QJMOTOR","SRK 400","Burgos","400",1
"QJMOTOR","SRK 400","Jaén","400",1
"QJMOTOR","SRK 600","Barcelona","554",1
"QJMOTOR","SRK 600","Valencia/València","554",1
"QJMOTOR","SRK 700","Córdoba","698",1
"QJMOTOR","SRK 700","Tarragona","698",2
"QJMOTOR","SRT 500 X 35KW","Alicante/Alacant","554",1
"QJMOTOR","SRT 500 X 35KW","Barcelona","554",2
"QJMOTOR","SRT 500 X 35KW","Castellón/Castelló","554",1
"QJMOTOR","SRT 500 X 35KW","Tarragona","554",3
"QJMOTOR","SRT 500 X 35KW","Valencia/València","554",1
"QJMOTOR","SRT 550 35KW ON ROAD S","Alicante/Alacant","554",1
"QJMOTOR","SRT 550 35KW ON ROAD S","Barcelona","554",1
"QJMOTOR","SRT 550 35KW ON ROAD S","León","554",1
"QJMOTOR","SRT 600 SX E5+","Alicante/Alacant","554",1
"QJMOTOR","SRT 600 SX E5+","Barcelona","554",1
"QJMOTOR","SRT 600 SX E5+","Cádiz","554",1
"QJMOTOR","SRT 600 SX E5+","Granada","554",1
"QJMOTOR","SRT 600 SX E5+","Illes Balears","554",3
"QJMOTOR","SRT 600 SX E5+","Lleida","554",1
"QJMOTOR","SRT 600 SX E5+","Madrid","554",3
"QJMOTOR","SRT 600 SX E5+","Murcia","554",3
"QJMOTOR","SRT 600 SX E5+","Palmas (Las)","554",1
"QJMOTOR","SRT 600 SX E5+","Pontevedra","554",1
"QJMOTOR","SRT 600 SX E5+","Santa Cruz de Tenerife","554",1
"QJMOTOR","SRT 600 SX E5+","Valencia/València","554",1
"QJMOTOR","SRT 700","Barcelona","698",1
"QJMOTOR","SRT 700","Santa Cruz de Tenerife","698",1
"QJMOTOR","SRT 700 E5+","Alicante/Alacant","698",1
"QJMOTOR","SRT 700 E5+","Barcelona","698",2
"QJMOTOR","SRT 700 E5+","Cádiz","698",3
"QJMOTOR","SRT 700 E5+","Coruña (A)","698",1
"QJMOTOR","SRT 700 E5+","Guadalajara","698",1
"QJMOTOR","SRT 700 E5+","Jaén","698",1
"QJMOTOR","SRT 700 E5+","Murcia","698",2
"QJMOTOR","SRT 700 E5+","Santa Cruz de Tenerife","698",2
"QJMOTOR","SRT 700 E5+","Sevilla","698",3
"QJMOTOR","SRT 700 E5+","Valencia/València","698",4
"QJMOTOR","SRT 700 X","Bizkaia","698",1
"QJMOTOR","SRT 700 X","Córdoba","698",2
"QJMOTOR","SRT 700 X","Murcia","698",2
"QJMOTOR","SRT 700 X","Palmas (Las)","698",3
"QJMOTOR","SRT 700 X","Sevilla","698",1
"QJMOTOR","SRT 700 X","Valladolid","698",1
"QJMOTOR","SRT 700 X","Zaragoza","698",1
"QJMOTOR","SRT 700 X E5+","Almería","698",1
"QJMOTOR","SRT 700 X E5+","Barcelona","698",6
"QJMOTOR","SRT 700 X E5+","Cádiz","698",1
"QJMOTOR","SRT 700 X E5+","Córdoba","698",2
"QJMOTOR","SRT 700 X E5+","Coruña (A)","698",1
"QJMOTOR","SRT 700 X E5+","Girona","698",1
"QJMOTOR","SRT 700 X E5+","Illes Balears","698",1
"QJMOTOR","SRT 700 X E5+","Málaga","698",1
"QJMOTOR","SRT 700 X E5+","Murcia","698",1
"QJMOTOR","SRT 700 X E5+","Salamanca","698",1
"QJMOTOR","SRT 700 X E5+","Valencia/València","698",1
"QJMOTOR","SRT 800 X","Barcelona","754",2
"QJMOTOR","SRT 900 S","Barcelona","904",1
"QJMOTOR","SRT 900 SX","Barcelona","904",1
"QJMOTOR","SRV 125","Alicante/Alacant","125",2
"QJMOTOR","SRV 125","Barcelona","125",2
"QJMOTOR","SRV 125","Cádiz","125",1
"QJMOTOR","SRV 125","Ciudad Real","125",1
"QJMOTOR","SRV 125","Girona","125",2
"QJMOTOR","SRV 125","Granada","125",1
"QJMOTOR","SRV 125","Madrid","125",1
"QJMOTOR","SRV 125","Murcia","125",1
"QJMOTOR","SRV 125","Navarra","125",1
"QJMOTOR","SRV 125","Tarragona","125",1
"QJMOTOR","SRV 125","Valladolid","125",1
"QJMOTOR","SRV 125 E5+","Almería","125",2
"QJMOTOR","SRV 125 E5+","Asturias","125",2
"QJMOTOR","SRV 125 E5+","Barcelona","125",8
"QJMOTOR","SRV 125 E5+","Bizkaia","125",2
"QJMOTOR","SRV 125 E5+","Cádiz","125",2
"QJMOTOR","SRV 125 E5+","Córdoba","125",1
"QJMOTOR","SRV 125 E5+","Coruña (A)","125",1
"QJMOTOR","SRV 125 E5+","Girona","125",1
"QJMOTOR","SRV 125 E5+","Granada","125",1
"QJMOTOR","SRV 125 E5+","Illes Balears","125",1
"QJMOTOR","SRV 125 E5+","León","125",2
"QJMOTOR","SRV 125 E5+","Lleida","125",2
"QJMOTOR","SRV 125 E5+","Madrid","125",6
"QJMOTOR","SRV 125 E5+","Málaga","125",1
"QJMOTOR","SRV 125 E5+","Murcia","125",4
"QJMOTOR","SRV 125 E5+","Ourense","125",1
"QJMOTOR","SRV 125 E5+","Pontevedra","125",5
"QJMOTOR","SRV 125 E5+","Santa Cruz de Tenerife","125",6
"QJMOTOR","SRV 125 E5+","Sevilla","125",2
"QJMOTOR","SRV 125 E5+","Tarragona","125",1
"QJMOTOR","SRV 125 E5+","Valencia/València","125",4
"QJMOTOR","SRV 125 E5+","Valladolid","125",2
"QJMOTOR","SRV 300","Girona","296",1
"QJMOTOR","SRV 300","Guadalajara","296",1
"QJMOTOR","SRV 300","Valencia/València","296",1
"QJMOTOR","SRV 550","Barcelona","554",1
"QJMOTOR","SRV 550","Madrid","554",2
"QJMOTOR","SRV 550","Santa Cruz de Tenerife","554",1
"QJMOTOR","TRX 125","Toledo","125",1
"QJMOTOR","TRX 125 E5+","Barcelona","125",1
"QJMOTOR","TRX 125 E5+","Illes Balears","125",1
"QJMOTOR","TRX 125 E5+","Santa Cruz de Tenerife","125",1
"QJMOTOR","TRX 125 E5+","Tarragona","125",1
"REDMOTO","---","Asturias","296",1
"REDMOTO","---","Cádiz","296",1
"REDMOTO","---","Girona","296",1
"REDMOTO","---","Huelva","296",1
"REDMOTO","---","Málaga","296",1
"REDMOTO","-----","Girona","449",1
"RIEJU","AVENTURA 500","Asturias","471",1
"RIEJU","AVENTURA 500","Badajoz","471",1
"RIEJU","AVENTURA 500","Barcelona","471",1
"RIEJU","AVENTURA 500","Gipuzkoa","471",1
"RIEJU","AVENTURA 500","Girona","471",2
"RIEJU","AVENTURA 500","Granada","471",1
"RIEJU","AVENTURA 500","Navarra","471",1
"RIEJU","AVENTURA 500","Santa Cruz de Tenerife","471",1
"RIEJU","AVENTURA 500","Valencia/València","471",2
"RIEJU","CENTURY125","Albacete","124",1
"RIEJU","CENTURY125","Burgos","124",2
"RIEJU","CENTURY125","Cádiz","124",1
"RIEJU","CENTURY125","Cantabria","124",1
"RIEJU","CENTURY125","Córdoba","124",1
"RIEJU","CENTURY125","Girona","124",1
"RIEJU","CENTURY125","Granada","124",1
"RIEJU","CENTURY125","Illes Balears","124",3
"RIEJU","CENTURY125","Jaén","124",1
"RIEJU","CENTURY125","Valencia/València","124",1
"RIEJU","MR","Castellón/Castelló","293",1
"RIEJU","MR","Madrid","293",1
"RIEJU","MR","Salamanca","293",1
"RIEJU","N/A","Albacete","125",4
"RIEJU","N/A","Almería","125",3
"RIEJU","N/A","Asturias","125",4
"RIEJU","N/A","Badajoz","125",3
"RIEJU","N/A","Barcelona","125",6
"RIEJU","N/A","Bizkaia","125",1
"RIEJU","N/A","Burgos","125",1
"RIEJU","N/A","Cáceres","125",2
"RIEJU","N/A","Cádiz","125",6
"RIEJU","N/A","Córdoba","125",3
"RIEJU","N/A","Girona","125",7
"RIEJU","N/A","Granada","125",3
"RIEJU","N/A","Guadalajara","125",1
"RIEJU","N/A","Huelva","125",2
"RIEJU","N/A","Huesca","125",1
"RIEJU","N/A","Lleida","125",1
"RIEJU","N/A","Lugo","125",1
"RIEJU","N/A","Madrid","125",6
"RIEJU","N/A","Málaga","125",2
"RIEJU","N/A","Murcia","125",3
"RIEJU","N/A","Navarra","125",2
"RIEJU","N/A","Palencia","125",1
"RIEJU","N/A","Sevilla","125",4
"RIEJU","N/A","Tarragona","125",2
"RIEJU","N/A","Teruel","125",1
"RIEJU","N/A","Toledo","125",2
"RIEJU","N/A","Valencia/València","125",1
"RIEJU","N/A","Valladolid","125",2
"RIEJU","N/A","Zamora","125",2
"RIEJU","N/A","Zaragoza","125",1
"RIEJU","NOT APPLICABLE","Albacete","124",1
"RIEJU","NOT APPLICABLE","Alicante/Alacant","124",2
"RIEJU","NOT APPLICABLE","Badajoz","124",2
"RIEJU","NOT APPLICABLE","Barcelona","124",2
"RIEJU","NOT APPLICABLE","Bizkaia","124",1
"RIEJU","NOT APPLICABLE","Cáceres","124",3
"RIEJU","NOT APPLICABLE","Cádiz","124",3
"RIEJU","NOT APPLICABLE","Castellón/Castelló","124",1
"RIEJU","NOT APPLICABLE","Ceuta","124",1
"RIEJU","NOT APPLICABLE","Ciudad Real","124",1
"RIEJU","NOT APPLICABLE","Coruña (A)","124",2
"RIEJU","NOT APPLICABLE","Girona","124",1
"RIEJU","NOT APPLICABLE","Guadalajara","124",1
"RIEJU","NOT APPLICABLE","Illes Balears","124",1
"RIEJU","NOT APPLICABLE","Jaén","124",2
"RIEJU","NOT APPLICABLE","Lugo","124",1
"RIEJU","NOT APPLICABLE","Madrid","124",2
"RIEJU","NOT APPLICABLE","Murcia","124",1
"RIEJU","NOT APPLICABLE","Palmas (Las)","124",1
"RIEJU","NOT APPLICABLE","Santa Cruz de Tenerife","124",2
"RIEJU","NOT APPLICABLE","Tarragona","124",3
"RIEJU","NOT APPLICABLE","Toledo","124",2
"RIEJU","NOT APPLICABLE","Valencia/València","124",2
"RIEJU","NOT APPLICABLE","Valladolid","124",1
"ROYAL ENFIELD","BULLET 350","Valencia/València","349",1
"ROYAL ENFIELD","CLASSIC 350","Cádiz","349",1
"ROYAL ENFIELD","CLASSIC 350","Granada","349",1
"ROYAL ENFIELD","CLASSIC 350","Málaga","349",2
"ROYAL ENFIELD","CLASSIC 350","Murcia","349",2
"ROYAL ENFIELD","CLASSIC 350","Santa Cruz de Tenerife","349",1
"ROYAL ENFIELD","CLASSIC 350","Valencia/València","349",4
"ROYAL ENFIELD","CLASSIC 650 TWIN","Alicante/Alacant","648",5
"ROYAL ENFIELD","CLASSIC 650 TWIN","Asturias","648",1
"ROYAL ENFIELD","CLASSIC 650 TWIN","Barcelona","648",7
"ROYAL ENFIELD","CLASSIC 650 TWIN","Cáceres","648",1
"ROYAL ENFIELD","CLASSIC 650 TWIN","Cádiz","648",1
"ROYAL ENFIELD","CLASSIC 650 TWIN","Coruña (A)","648",1
"ROYAL ENFIELD","CLASSIC 650 TWIN","Gipuzkoa","648",2
"ROYAL ENFIELD","CLASSIC 650 TWIN","Granada","648",1
"ROYAL ENFIELD","CLASSIC 650 TWIN","Illes Balears","648",1
"ROYAL ENFIELD","CLASSIC 650 TWIN","León","648",1
"ROYAL ENFIELD","CLASSIC 650 TWIN","Madrid","648",2
"ROYAL ENFIELD","CLASSIC 650 TWIN","Palmas (Las)","648",1
"ROYAL ENFIELD","CLASSIC 650 TWIN","Pontevedra","648",1
"ROYAL ENFIELD","CLASSIC 650 TWIN","Santa Cruz de Tenerife","648",2
"ROYAL ENFIELD","CLASSIC 650 TWIN","Teruel","648",1
"ROYAL ENFIELD","CLASSIC 650 TWIN","Valencia/València","648",1
"ROYAL ENFIELD","CONTINENTAL GT 650","Alicante/Alacant","648",1
"ROYAL ENFIELD","CONTINENTAL GT 650","Asturias","648",2
"ROYAL ENFIELD","CONTINENTAL GT 650","Barcelona","648",1
"ROYAL ENFIELD","CONTINENTAL GT 650","Cáceres","648",1
"ROYAL ENFIELD","CONTINENTAL GT 650","Cantabria","648",1
"ROYAL ENFIELD","CONTINENTAL GT 650","Madrid","648",1
"ROYAL ENFIELD","CONTINENTAL GT 650","Ourense","648",1
"ROYAL ENFIELD","CONTINENTAL GT 650","Sevilla","648",1
"ROYAL ENFIELD","GUERRILLA 450","Alicante/Alacant","452",1
"ROYAL ENFIELD","GUERRILLA 450","Barcelona","452",2
"ROYAL ENFIELD","GUERRILLA 450","Illes Balears","452",2
"ROYAL ENFIELD","GUERRILLA 450","Madrid","452",2
"ROYAL ENFIELD","GUERRILLA 450","Málaga","452",1
"ROYAL ENFIELD","GUERRILLA 450","Sevilla","452",1
"ROYAL ENFIELD","GUERRILLA 450","Toledo","452",1
"ROYAL ENFIELD","GUERRILLA 450","Valencia/València","452",1
"ROYAL ENFIELD","HIMALAYAN 452","Albacete","452",1
"ROYAL ENFIELD","HIMALAYAN 452","Alicante/Alacant","452",4
"ROYAL ENFIELD","HIMALAYAN 452","Almería","452",1
"ROYAL ENFIELD","HIMALAYAN 452","Asturias","452",1
"ROYAL ENFIELD","HIMALAYAN 452","Barcelona","452",8
"ROYAL ENFIELD","HIMALAYAN 452","Bizkaia","452",1
"ROYAL ENFIELD","HIMALAYAN 452","Burgos","452",2
"ROYAL ENFIELD","HIMALAYAN 452","Cantabria","452",1
"ROYAL ENFIELD","HIMALAYAN 452","Córdoba","452",1
"ROYAL ENFIELD","HIMALAYAN 452","Coruña (A)","452",1
"ROYAL ENFIELD","HIMALAYAN 452","Cuenca","452",1
"ROYAL ENFIELD","HIMALAYAN 452","Girona","452",5
"ROYAL ENFIELD","HIMALAYAN 452","Granada","452",3
"ROYAL ENFIELD","HIMALAYAN 452","Huelva","452",1
"ROYAL ENFIELD","HIMALAYAN 452","Illes Balears","452",4
"ROYAL ENFIELD","HIMALAYAN 452","Madrid","452",4
"ROYAL ENFIELD","HIMALAYAN 452","Málaga","452",2
"ROYAL ENFIELD","HIMALAYAN 452","Murcia","452",2
"ROYAL ENFIELD","HIMALAYAN 452","Palmas (Las)","452",1
"ROYAL ENFIELD","HIMALAYAN 452","Santa Cruz de Tenerife","452",2
"ROYAL ENFIELD","HIMALAYAN 452","Sevilla","452",2
"ROYAL ENFIELD","HIMALAYAN 452","Toledo","452",1
"ROYAL ENFIELD","HIMALAYAN 452","Valencia/València","452",5
"ROYAL ENFIELD","HIMALAYAN 452","Valladolid","452",2
"ROYAL ENFIELD","HNTR 350","Barcelona","349",1
"ROYAL ENFIELD","HNTR 350","Huelva","349",1
"ROYAL ENFIELD","HNTR 350","Illes Balears","349",1
"ROYAL ENFIELD","HNTR 350","Málaga","349",1
"ROYAL ENFIELD","HNTR 350","Tarragona","349",1
"ROYAL ENFIELD","HNTR 350","Valencia/València","349",1
"ROYAL ENFIELD","INTERCEPTOR 650","Cádiz","648",1
"ROYAL ENFIELD","INTERCEPTOR 650","Madrid","648",1
"ROYAL ENFIELD","INTERCEPTOR 650","Málaga","648",1
"ROYAL ENFIELD","INTERCEPTOR 650","Valencia/València","648",1
"ROYAL ENFIELD","INTERCEPTOR BEAR 650","Almería","648",1
"ROYAL ENFIELD","INTERCEPTOR BEAR 650","Badajoz","648",1
"ROYAL ENFIELD","INTERCEPTOR BEAR 650","Barcelona","648",3
"ROYAL ENFIELD","INTERCEPTOR BEAR 650","Bizkaia","648",1
"ROYAL ENFIELD","INTERCEPTOR BEAR 650","Cádiz","648",2
"ROYAL ENFIELD","INTERCEPTOR BEAR 650","Castellón/Castelló","648",1
"ROYAL ENFIELD","INTERCEPTOR BEAR 650","Ciudad Real","648",1
"ROYAL ENFIELD","INTERCEPTOR BEAR 650","Huelva","648",1
"ROYAL ENFIELD","INTERCEPTOR BEAR 650","Palmas (Las)","648",2
"ROYAL ENFIELD","INTERCEPTOR BEAR 650","Santa Cruz de Tenerife","648",1
"ROYAL ENFIELD","INTERCEPTOR BEAR 650","Sevilla","648",1
"ROYAL ENFIELD","INTERCEPTOR BEAR 650","Valencia/València","648",3
"ROYAL ENFIELD","METEOR 350","Gipuzkoa","349",1
"ROYAL ENFIELD","METEOR 350","Girona","349",1
"ROYAL ENFIELD","METEOR 350","Lugo","349",1
"ROYAL ENFIELD","METEOR 350","Valencia/València","349",1
"ROYAL ENFIELD","MODEL G","Cádiz","346",1
"ROYAL ENFIELD","SHOTGUN 650","Bizkaia","648",1
"ROYAL ENFIELD","SHOTGUN 650","Cádiz","648",1
"ROYAL ENFIELD","SHOTGUN 650","Granada","648",1
"ROYAL ENFIELD","SHOTGUN 650","Madrid","648",1
"ROYAL ENFIELD","SHOTGUN 650","Tarragona","648",1
"ROYAL ENFIELD","SHOTGUN 650","Valencia/València","648",1
"ROYAL ENFIELD","SUPER METEOR 650","Álava/Araba","648",1
"ROYAL ENFIELD","SUPER METEOR 650","Alicante/Alacant","648",1
"ROYAL ENFIELD","SUPER METEOR 650","Almería","648",2
"ROYAL ENFIELD","SUPER METEOR 650","Barcelona","648",1
"ROYAL ENFIELD","SUPER METEOR 650","Cádiz","648",1
"ROYAL ENFIELD","SUPER METEOR 650","Castellón/Castelló","648",1
"ROYAL ENFIELD","SUPER METEOR 650","Ciudad Real","648",1
"ROYAL ENFIELD","SUPER METEOR 650","Madrid","648",2
"ROYAL ENFIELD","SUPER METEOR 650","Málaga","648",1
"ROYAL ENFIELD","SUPER METEOR 650","Palmas (Las)","648",1
"ROYAL ENFIELD","SUPER METEOR 650","Santa Cruz de Tenerife","648",1
"ROYAL ENFIELD","SUPER METEOR 650","Sevilla","648",3
"ROYAL ENFIELD","SUPER METEOR 650","Valencia/València","648",2
"ROYAL ENFIELD","SUPER METEOR 650","Valladolid","648",1
"SHERCO","125 SE-R","Barcelona","125",1
"SHERCO","125 SE-R","Granada","125",1
"SHERCO","125 SE-R","Huesca","125",1
"SHERCO","125 SE-R","Navarra","125",1
"SHERCO","125 SE-R","Santa Cruz de Tenerife","125",1
"SHERCO","250 SE-R","Badajoz","249",1
"SHERCO","300 SE-R","Badajoz","293",1
"SHERCO","300 SE-R","Cádiz","293",1
"SHERCO","300 SE-R","Coruña (A)","293",1
"SHERCO","300 SE-R","Huelva","293",1
"SHERCO","300 SE-R","Lleida","293",2
"SHERCO","300 SE-R","Rioja (La)","293",1
"SHERCO","300 SE-R","Segovia","293",2
"SHERCO","300 SE-R","Valencia/València","293",1
"SHERCO","300 SEF-R","Coruña (A)","304",1
"SHERCO","300 SEF-R","Madrid","304",1
"SHERCO","300 SEF-R","Zamora","304",1
"SHERCO","300 ST","Barcelona","294",1
"SHERCO","300 ST","Coruña (A)","294",1
"SHERCO","300 ST","Girona","294",1
"SHERCO","300 ST","Málaga","294",1
"SHERCO","300 ST","Rioja (La)","294",1
"SHERCO","500 SEF-R","Cádiz","478",1
"SHERCO","500 SEF-R","Córdoba","478",1
"SHERCO","N.A","Alicante/Alacant","125",1
"SHERCO","N.A","Badajoz","125",2
"SHERCO","N.A","Barcelona","125",1
"SHERCO","N.A","Cádiz","125",1
"SHERCO","N.A","Málaga","125",1
"SHERCO","N.A","Pontevedra","125",1
"SHERCO","N.A","Zaragoza","125",1
"SUZUKI","ADDRESS 125","Asturias","124",1
"SUZUKI","ADDRESS 125","Barcelona","124",1
"SUZUKI","ADDRESS 125","Bizkaia","124",1
"SUZUKI","ADDRESS 125","Cádiz","124",1
"SUZUKI","ADDRESS 125","Gipuzkoa","124",1
"SUZUKI","ADDRESS 125","Illes Balears","124",2
"SUZUKI","ADDRESS 125","Madrid","124",2
"SUZUKI","ADDRESS 125","Málaga","124",1
"SUZUKI","ADDRESS 125","Palmas (Las)","124",1
"SUZUKI","ADDRESS 125","Sevilla","124",1
"SUZUKI","ADDRESS 125","Tarragona","124",1
"SUZUKI","BURGMAN 400","Alicante/Alacant","400",2
"SUZUKI","BURGMAN 400","Almería","400",1
"SUZUKI","BURGMAN 400","Barcelona","400",2
"SUZUKI","BURGMAN 400","Cantabria","400",1
"SUZUKI","BURGMAN 400","Illes Balears","400",1
"SUZUKI","BURGMAN 400","Pontevedra","400",2
"SUZUKI","BURGMAN 400","Sevilla","400",1
"SUZUKI","BURGMAN 400","Valencia/València","400",1
"SUZUKI","DL650","Alicante/Alacant","645",1
"SUZUKI","DL650","Barcelona","645",1
"SUZUKI","DL650","Bizkaia","645",1
"SUZUKI","DL650","Madrid","645",2
"SUZUKI","DL650","Málaga","645",1
"SUZUKI","DL650","Palmas (Las)","645",1
"SUZUKI","DL650","Santa Cruz de Tenerife","645",1
"SUZUKI","DL650","Tarragona","645",1
"SUZUKI","DL650U","Cádiz","645",1
"SUZUKI","DL650U","Ceuta","645",1
"SUZUKI","DL650U","Murcia","645",1
"SUZUKI","DL650U","Palmas (Las)","645",1
"SUZUKI","DL650U","Santa Cruz de Tenerife","645",1
"SUZUKI","GSX-8S","Albacete","776",1
"SUZUKI","GSX-8S","Alicante/Alacant","776",2
"SUZUKI","GSX-8S","Barcelona","776",8
"SUZUKI","GSX-8S","Cantabria","776",1
"SUZUKI","GSX-8S","Castellón/Castelló","776",1
"SUZUKI","GSX-8S","Ciudad Real","776",1
"SUZUKI","GSX-8S","Girona","776",1
"SUZUKI","GSX-8S","Illes Balears","776",2
"SUZUKI","GSX-8S","Madrid","776",4
"SUZUKI","GSX-8S","Málaga","776",1
"SUZUKI","GSX-8S","Murcia","776",3
"SUZUKI","GSX-8S","Palmas (Las)","776",3
"SUZUKI","GSX-8S","Pontevedra","776",1
"SUZUKI","GSX-8S","Rioja (La)","776",1
"SUZUKI","GSX-8S","Salamanca","776",1
"SUZUKI","GSX-8S","Santa Cruz de Tenerife","776",1
"SUZUKI","GSX-8S","Sevilla","776",2
"SUZUKI","GSX-8S","Tarragona","776",3
"SUZUKI","GSX-8S","Toledo","776",2
"SUZUKI","GSX-8S","Valencia/València","776",4
"SUZUKI","GSX-R125","Alicante/Alacant","124",2
"SUZUKI","GSX-R125","Madrid","124",1
"SUZUKI","GSX-S 1000","Álava/Araba","999",1
"SUZUKI","GSX-S 1000","Albacete","999",1
"SUZUKI","GSX-S 1000","Alicante/Alacant","999",2
"SUZUKI","GSX-S 1000","Asturias","999",3
"SUZUKI","GSX-S 1000","Barcelona","999",2
"SUZUKI","GSX-S 1000","Cáceres","999",1
"SUZUKI","GSX-S 1000","Cádiz","999",2
"SUZUKI","GSX-S 1000","Cantabria","999",2
"SUZUKI","GSX-S 1000","Castellón/Castelló","999",1
"SUZUKI","GSX-S 1000","Coruña (A)","999",1
"SUZUKI","GSX-S 1000","Cuenca","999",1
"SUZUKI","GSX-S 1000","Huelva","999",1
"SUZUKI","GSX-S 1000","Illes Balears","999",1
"SUZUKI","GSX-S 1000","Madrid","999",1
"SUZUKI","GSX-S 1000","Málaga","999",1
"SUZUKI","GSX-S 1000","Pontevedra","999",1
"SUZUKI","GSX-S 1000","Santa Cruz de Tenerife","999",1
"SUZUKI","GSX-S 1000","Sevilla","999",2
"SUZUKI","GSX-S 1000","Zaragoza","999",1
"SUZUKI","GSX-S125","Álava/Araba","124",1
"SUZUKI","GSX-S125","Córdoba","124",1
"SUZUKI","GSX-S125","Illes Balears","124",1
"SUZUKI","GSX-S125","Santa Cruz de Tenerife","124",1
"SUZUKI","GSX1300R","Málaga","1340",1
"SUZUKI","SV650","Barcelona","645",3
"SUZUKI","SV650","Bizkaia","645",1
"SUZUKI","SV650","Murcia","645",1
"SUZUKI","SV650","Palmas (Las)","645",1
"SUZUKI","SV650","Santa Cruz de Tenerife","645",1
"SUZUKI","SV650U","Valencia/València","645",1
"SUZUKI","UN125","Alicante/Alacant","124",1
"SUZUKI","UN125","Cádiz","124",1
"SUZUKI","UN125","Cantabria","124",1
"SUZUKI","UN125","Castellón/Castelló","124",1
"SUZUKI","UN125","Ceuta","124",1
"SUZUKI","UN125","Guadalajara","124",1
"SUZUKI","UN125","Illes Balears","124",2
"SUZUKI","UN125","Murcia","124",1
"SUZUKI","V-Strom 1050","Badajoz","1037",1
"SUZUKI","V-Strom 1050","Barcelona","1037",1
"SUZUKI","V-Strom 1050","Bizkaia","1037",1
"SUZUKI","V-Strom 1050","Palmas (Las)","1037",1
"SUZUKI","V-Strom 1050","Sevilla","1037",2
"SUZUKI","V-Strom 1050","Soria","1037",1
"SUZUKI","V-Strom 1050","Valencia/València","1037",1
"SUZUKI","V-Strom 1050","Valladolid","1037",1
"SUZUKI","V-Strom 800","Alicante/Alacant","776",2
"SUZUKI","V-Strom 800","Almería","776",2
"SUZUKI","V-Strom 800","Badajoz","776",1
"SUZUKI","V-Strom 800","Barcelona","776",1
"SUZUKI","V-Strom 800","Bizkaia","776",1
"SUZUKI","V-Strom 800","Cáceres","776",1
"SUZUKI","V-Strom 800","Cádiz","776",5
"SUZUKI","V-Strom 800","Cantabria","776",1
"SUZUKI","V-Strom 800","Girona","776",2
"SUZUKI","V-Strom 800","Guadalajara","776",2
"SUZUKI","V-Strom 800","Huelva","776",1
"SUZUKI","V-Strom 800","Huesca","776",1
"SUZUKI","V-Strom 800","Illes Balears","776",1
"SUZUKI","V-Strom 800","Lleida","776",1
"SUZUKI","V-Strom 800","Madrid","776",2
"SUZUKI","V-Strom 800","Málaga","776",3
"SUZUKI","V-Strom 800","Navarra","776",1
"SUZUKI","V-Strom 800","Palmas (Las)","776",1
"SUZUKI","V-Strom 800","Rioja (La)","776",1
"SUZUKI","V-Strom 800","Santa Cruz de Tenerife","776",1
"SUZUKI","V-Strom 800","Segovia","776",1
"SUZUKI","V-Strom 800","Toledo","776",1
"SUZUKI","V-Strom 800","Valencia/València","776",4
"SUZUKI","V-Strom 800","Valladolid","776",1
"SWM","GRAN MILANO 500","Barcelona","494",1
"SWM","GRAN MILANO 500","Lleida","494",1
"SWM","HOKU 125","Alicante/Alacant","125",1
"SWM","HOKU 125","Barcelona","125",1
"SWM","HOKU 125","Illes Balears","125",2
"SWM","HOKU 125","Santa Cruz de Tenerife","125",1
"SWM","HOKU 125","Tarragona","125",1
"SWM","HOKU 125","Valencia/València","125",1
"SWM","OUTLAW125","Álava/Araba","125",1
"SWM","OUTLAW125","Badajoz","125",1
"SWM","OUTLAW125","Barcelona","125",1
"SWM","OUTLAW125","Castellón/Castelló","125",1
"SWM","OUTLAW125","Granada","125",4
"SWM","OUTLAW125","Guadalajara","125",1
"SWM","OUTLAW125","Illes Balears","125",1
"SWM","OUTLAW125","Málaga","125",3
"SWM","OUTLAW125","Navarra","125",1
"SWM","OUTLAW125","Valencia/València","125",3
"SWM","RS300R","Barcelona","298",1
"SWM","SILVER VASE T","Castellón/Castelló","644",1
"SWM","SM125R","Madrid","125",1
"SWM","SM125R","Valladolid","125",1
"SWM","URBAN 525","Palmas (Las)","494",1
"SWM","VA125X","Sevilla","124",1
"SWM","VAREZ125","Alicante/Alacant","125",1
"SWM","VAREZ125","Burgos","125",1
"SWM","VAREZ125","Huesca","125",1
"SWM","VAREZ125","Navarra","125",1
"SYM","ADX 125 ABS","Alicante/Alacant","125",2
"SYM","ADX 125 ABS","Barcelona","125",3
"SYM","ADX 125 ABS","Girona","125",1
"SYM","ADX 125 ABS","Huesca","125",2
"SYM","ADX 125 ABS","Málaga","125",2
"SYM","ADX 125 ABS","Palmas (Las)","125",1
"SYM","ADX 125 ABS","Tarragona","125",1
"SYM","ADX 125 ABS","Teruel","125",1
"SYM","ADX 125 LC TCS E5+","Bizkaia","125",1
"SYM","ADX 125 LC TCS E5+","Cádiz","125",2
"SYM","ADX 125 LC TCS E5+","Teruel","125",1
"SYM","ADX 300 TCS","Albacete","278",2
"SYM","ADX 300 TCS","Barcelona","278",6
"SYM","ADX 300 TCS","Cádiz","278",2
"SYM","ADX 300 TCS","Cantabria","278",1
"SYM","ADX 300 TCS","Castellón/Castelló","278",1
"SYM","ADX 300 TCS","Córdoba","278",1
"SYM","ADX 300 TCS","Gipuzkoa","278",2
"SYM","ADX 300 TCS","Girona","278",2
"SYM","ADX 300 TCS","Granada","278",2
"SYM","ADX 300 TCS","Illes Balears","278",3
"SYM","ADX 300 TCS","Madrid","278",2
"SYM","ADX 300 TCS","Málaga","278",2
"SYM","ADX 300 TCS","Navarra","278",1
"SYM","ADX 300 TCS","Palmas (Las)","278",1
"SYM","ADX 300 TCS","Pontevedra","278",1
"SYM","ADX 300 TCS","Santa Cruz de Tenerife","278",1
"SYM","ADX 300 TCS","Sevilla","278",1
"SYM","ADX 300 TCS","Tarragona","278",2
"SYM","ADX 300 TCS","Valencia/València","278",4
"SYM","CRUISYM 125 E5 TCS","Alicante/Alacant","124",4
"SYM","CRUISYM 125 E5 TCS","Palmas (Las)","124",1
"SYM","CRUISYM 125 E5 TCS","Pontevedra","124",1
"SYM","CRUISYM 125 E5 TCS","Santa Cruz de Tenerife","124",1
"SYM","CRUISYM 125 E5 TCS","Sevilla","124",1
"SYM","CRUISYM 125 E5 TCS","Tarragona","124",1
"SYM","CRUISYM 125 TCS E5+","Badajoz","124",1
"SYM","CRUISYM 125 TCS E5+","Barcelona","124",4
"SYM","CRUISYM 125 TCS E5+","Cádiz","124",2
"SYM","CRUISYM 125 TCS E5+","Castellón/Castelló","124",1
"SYM","CRUISYM 125 TCS E5+","Córdoba","124",1
"SYM","CRUISYM 125 TCS E5+","Coruña (A)","124",1
"SYM","CRUISYM 125 TCS E5+","Girona","124",1
"SYM","CRUISYM 125 TCS E5+","Madrid","124",5
"SYM","CRUISYM 125 TCS E5+","Málaga","124",1
"SYM","CRUISYM 125 TCS E5+","Murcia","124",2
"SYM","CRUISYM 125 TCS E5+","Ourense","124",1
"SYM","CRUISYM 125 TCS E5+","Pontevedra","124",2
"SYM","CRUISYM 125 TCS E5+","Sevilla","124",5
"SYM","CRUISYM 125 TCS E5+","Valencia/València","124",4
"SYM","CRUISYM 125 TCS E5+","Zaragoza","124",1
"SYM","CRUISYM 300 E5 TCS","Alicante/Alacant","278",1
"SYM","CRUISYM 300 E5 TCS","Barcelona","278",9
"SYM","CRUISYM 300 E5 TCS","Madrid","278",2
"SYM","FIDDLE 125 E5","Alicante/Alacant","125",1
"SYM","FIDDLE 125 E5","Almería","125",1
"SYM","FIDDLE 125 E5","Barcelona","125",3
"SYM","FIDDLE 125 E5","Córdoba","125",1
"SYM","FIDDLE 125 E5","Girona","125",1
"SYM","FIDDLE 125 E5","Huelva","125",1
"SYM","FIDDLE 125 E5","Illes Balears","125",1
"SYM","FIDDLE 125 E5","Málaga","125",1
"SYM","FIDDLE 125 E5","Murcia","125",1
"SYM","FUGUE 125 ABS TOP CASE","Alicante/Alacant","124",4
"SYM","FUGUE 125 ABS TOP CASE","Asturias","124",2
"SYM","FUGUE 125 ABS TOP CASE","Barcelona","124",2
"SYM","FUGUE 125 ABS TOP CASE","Cádiz","124",2
"SYM","FUGUE 125 ABS TOP CASE","Girona","124",1
"SYM","FUGUE 125 ABS TOP CASE","Illes Balears","124",5
"SYM","FUGUE 125 ABS TOP CASE","Lleida","124",1
"SYM","FUGUE 125 ABS TOP CASE","Málaga","124",1
"SYM","FUGUE 125 ABS TOP CASE","Murcia","124",1
"SYM","FUGUE 125 ABS TOP CASE","Navarra","124",1
"SYM","FUGUE 125 ABS TOP CASE","Pontevedra","124",2
"SYM","FUGUE 125 ABS TOP CASE","Santa Cruz de Tenerife","124",2
"SYM","FUGUE 125 ABS TOP CASE","Valencia/València","124",3
"SYM","JET 14","Álava/Araba","125",1
"SYM","JET 14","Albacete","125",3
"SYM","JET 14","Alicante/Alacant","125",15
"SYM","JET 14","Almería","125",4
"SYM","JET 14","Asturias","125",2
"SYM","JET 14","Barcelona","125",54
"SYM","JET 14","Burgos","125",1
"SYM","JET 14","Cádiz","125",22
"SYM","JET 14","Cantabria","125",4
"SYM","JET 14","Castellón/Castelló","125",3
"SYM","JET 14","Ciudad Real","125",1
"SYM","JET 14","Córdoba","125",4
"SYM","JET 14","Gipuzkoa","125",3
"SYM","JET 14","Girona","125",15
"SYM","JET 14","Granada","125",7
"SYM","JET 14","Huelva","125",1
"SYM","JET 14","Illes Balears","125",27
"SYM","JET 14","Jaén","125",1
"SYM","JET 14","León","125",2
"SYM","JET 14","Madrid","125",19
"SYM","JET 14","Málaga","125",24
"SYM","JET 14","Murcia","125",13
"SYM","JET 14","Navarra","125",1
"SYM","JET 14","Ourense","125",2
"SYM","JET 14","Palencia","125",3
"SYM","JET 14","Palmas (Las)","125",5
"SYM","JET 14","Pontevedra","125",4
"SYM","JET 14","Santa Cruz de Tenerife","125",5
"SYM","JET 14","Sevilla","125",14
"SYM","JET 14","Tarragona","125",5
"SYM","JET 14","Teruel","125",1
"SYM","JET 14","Valencia/València","125",14
"SYM","JET 14","Zaragoza","125",3
"SYM","JET X","Álava/Araba","125",1
"SYM","JET X","Alicante/Alacant","125",5
"SYM","JET X","Almería","125",2
"SYM","JET X","Asturias","125",2
"SYM","JET X","Barcelona","125",27
"SYM","JET X","Bizkaia","125",5
"SYM","JET X","Cádiz","125",4
"SYM","JET X","Cantabria","125",2
"SYM","JET X","Castellón/Castelló","125",1
"SYM","JET X","Ciudad Real","125",2
"SYM","JET X","Córdoba","125",3
"SYM","JET X","Coruña (A)","125",1
"SYM","JET X","Gipuzkoa","125",1
"SYM","JET X","Girona","125",3
"SYM","JET X","Granada","125",4
"SYM","JET X","Guadalajara","125",1
"SYM","JET X","Huelva","125",3
"SYM","JET X","Illes Balears","125",10
"SYM","JET X","Jaén","125",1
"SYM","JET X","León","125",1
"SYM","JET X","Lleida","125",1
"SYM","JET X","Lugo","125",1
"SYM","JET X","Madrid","125",14
"SYM","JET X","Málaga","125",7
"SYM","JET X","Murcia","125",5
"SYM","JET X","Navarra","125",1
"SYM","JET X","Palencia","125",1
"SYM","JET X","Pontevedra","125",4
"SYM","JET X","Santa Cruz de Tenerife","125",3
"SYM","JET X","Sevilla","125",6
"SYM","JET X","Tarragona","125",2
"SYM","JET X","Toledo","125",1
"SYM","JET X","Valencia/València","125",9
"SYM","JET X","Valladolid","125",2
"SYM","JET X","Zaragoza","125",2
"SYM","JOYMAX Z 125 ABS E5+","Barcelona","124",15
"SYM","JOYMAX Z 125 E5","Barcelona","124",2
"SYM","JOYMAX Z 125 E5","Girona","124",1
"SYM","JOYMAX Z 125 E5","Pontevedra","124",2
"SYM","JOYMAX Z 125 TCS","Barcelona","124",1
"SYM","JOYMAX Z 125 TCS","Illes Balears","124",1
"SYM","JOYMAX Z 125 TCS","Madrid","124",1
"SYM","JOYRIDE 300 ABS","Alicante/Alacant","278",2
"SYM","JOYRIDE 300 ABS","Barcelona","278",3
"SYM","JOYRIDE 300 ABS","Cádiz","278",1
"SYM","JOYRIDE 300 ABS","Castellón/Castelló","278",2
"SYM","JOYRIDE 300 ABS","Málaga","278",1
"SYM","JOYRIDE 300 ABS","Santa Cruz de Tenerife","278",1
"SYM","JOYRIDE 300 ABS","Tarragona","278",1
"SYM","JOYRIDE 300 ABS","Valencia/València","278",1
"SYM","MAXSYM 400I ABS E5","Girona","399",1
"SYM","MAXSYM 400I GT","Barcelona","399",3
"SYM","MAXSYM 400I GT","Gipuzkoa","399",1
"SYM","MAXSYM 400I GT","Girona","399",1
"SYM","MAXSYM 400I GT","Málaga","399",1
"SYM","MAXSYM 400I GT","Pontevedra","399",1
"SYM","MAXSYM TL 508 E5+","Barcelona","508",1
"SYM","MAXSYM TL 508 E5+","Cádiz","508",1
"SYM","MAXSYM TL 508 E5+","Córdoba","508",1
"SYM","MAXSYM TL 508 E5+","Guadalajara","508",1
"SYM","MAXSYM TL 508 E5+","Lugo","508",1
"SYM","MAXSYM TL 508 E5+","Palmas (Las)","508",1
"SYM","MAXSYM TL 508 E5+","Valencia/València","508",1
"SYM","MAXSYM TL TCS","Madrid","508",1
"SYM","SYMPHONY 125","Albacete","125",3
"SYM","SYMPHONY 125","Alicante/Alacant","125",34
"SYM","SYMPHONY 125","Almería","125",1
"SYM","SYMPHONY 125","Asturias","125",4
"SYM","SYMPHONY 125","Barcelona","125",177
"SYM","SYMPHONY 125","Bizkaia","125",2
"SYM","SYMPHONY 125","Burgos","125",1
"SYM","SYMPHONY 125","Cáceres","125",3
"SYM","SYMPHONY 125","Cádiz","125",21
"SYM","SYMPHONY 125","Cantabria","125",6
"SYM","SYMPHONY 125","Castellón/Castelló","125",6
"SYM","SYMPHONY 125","Córdoba","125",13
"SYM","SYMPHONY 125","Coruña (A)","125",1
"SYM","SYMPHONY 125","Gipuzkoa","125",26
"SYM","SYMPHONY 125","Girona","125",70
"SYM","SYMPHONY 125","Granada","125",14
"SYM","SYMPHONY 125","Huelva","125",2
"SYM","SYMPHONY 125","Huesca","125",3
"SYM","SYMPHONY 125","Illes Balears","125",76
"SYM","SYMPHONY 125","Jaén","125",2
"SYM","SYMPHONY 125","León","125",1
"SYM","SYMPHONY 125","Lleida","125",4
"SYM","SYMPHONY 125","Madrid","125",69
"SYM","SYMPHONY 125","Málaga","125",35
"SYM","SYMPHONY 125","Melilla","125",1
"SYM","SYMPHONY 125","Murcia","125",8
"SYM","SYMPHONY 125","Navarra","125",4
"SYM","SYMPHONY 125","Ourense","125",2
"SYM","SYMPHONY 125","Palmas (Las)","125",7
"SYM","SYMPHONY 125","Pontevedra","125",3
"SYM","SYMPHONY 125","Rioja (La)","125",2
"SYM","SYMPHONY 125","Santa Cruz de Tenerife","125",21
"SYM","SYMPHONY 125","Sevilla","125",28
"SYM","SYMPHONY 125","Tarragona","125",18
"SYM","SYMPHONY 125","Valencia/València","125",22
"SYM","SYMPHONY 125","Zamora","125",2
"SYM","SYMPHONY 125","Zaragoza","125",3
"TM MOTO","---","Murcia","449",2
"TRIUMPH","BONNEVILLE BOBBER  (E5","Alicante/Alacant","1200",1
"TRIUMPH","BONNEVILLE BOBBER  (E5","Bizkaia","1200",1
"TRIUMPH","BONNEVILLE BOBBER  (E5","Sevilla","1200",1
"TRIUMPH","BONNEVILLE SPEEDMASTER","Illes Balears","1200",1
"TRIUMPH","BONNEVILLE SPEEDMASTER","Valencia/València","1200",1
"TRIUMPH","BONNEVILLE T100","Huelva","900",1
"TRIUMPH","BONNEVILLE T100","Illes Balears","900",1
"TRIUMPH","BONNEVILLE T100","Palmas (Las)","900",1
"TRIUMPH","BONNEVILLE T100","Santa Cruz de Tenerife","900",1
"TRIUMPH","BONNEVILLE T100","Valladolid","900",1
"TRIUMPH","BONNEVILLE T120 (E5 VB","Asturias","1200",1
"TRIUMPH","BONNEVILLE T120 (E5 VB","Girona","1200",1
"TRIUMPH","BONNEVILLE T120 (E5 VB","Sevilla","1200",1
"TRIUMPH","BONNEVILLE T120 BLACK","Bizkaia","1200",1
"TRIUMPH","BONNEVILLE T120 BLACK","Cantabria","1200",1
"TRIUMPH","BONNEVILLE T120 BLACK","Girona","1200",1
"TRIUMPH","BONNEVILLE T120 BLACK","Murcia","1200",1
"TRIUMPH","BONNEVILLE T120 BLACK","Palmas (Las)","1200",1
"TRIUMPH","BONNEVILLE T120 BLACK","Zaragoza","1200",1
"TRIUMPH","BONNEVILLE T120 ELVIS","Illes Balears","1200",1
"TRIUMPH","BONNEVILLE T120 ELVIS","Valencia/València","1200",1
"TRIUMPH","CE7 TIGER 900 RALLY","Bizkaia","888",1
"TRIUMPH","DAYTONA 660","Bizkaia","660",1
"TRIUMPH","DAYTONA 660","Cádiz","660",2
"TRIUMPH","DAYTONA 660","Gipuzkoa","660",1
"TRIUMPH","DAYTONA 660","Madrid","660",4
"TRIUMPH","DAYTONA 660","Málaga","660",1
"TRIUMPH","DAYTONA 660","Palencia","660",1
"TRIUMPH","DAYTONA 660","Valencia/València","660",1
"TRIUMPH","ROCKET 3 GT SPECIAL ED","Murcia","2458",1
"TRIUMPH","ROCKET 3 R SPECIAL EDI","Barcelona","2458",1
"TRIUMPH","ROCKET 3 STORM GT","Illes Balears","2458",1
"TRIUMPH","ROCKET 3 STORM GT","Madrid","2458",1
"TRIUMPH","ROCKET 3 STORM GT","Palmas (Las)","2458",1
"TRIUMPH","ROCKET 3 STORM R","Cádiz","2458",1
"TRIUMPH","ROCKET 3 STORM R","Illes Balears","2458",1
"TRIUMPH","ROCKET 3 STORM R","Rioja (La)","2458",1
"TRIUMPH","ROCKET 3 STORM R","Zaragoza","2458",1
"TRIUMPH","SCRAMBLER 1200 X","Barcelona","1200",1
"TRIUMPH","SCRAMBLER 1200 X","Cádiz","1200",1
"TRIUMPH","SCRAMBLER 1200 X","Illes Balears","1200",1
"TRIUMPH","SCRAMBLER 1200 X","Madrid","1200",1
"TRIUMPH","SCRAMBLER 1200 XE","Madrid","1200",1
"TRIUMPH","SCRAMBLER 1200 XE","Palencia","1200",1
"TRIUMPH","SCRAMBLER 400 X","Alicante/Alacant","398",1
"TRIUMPH","SCRAMBLER 400 X","Almería","398",2
"TRIUMPH","SCRAMBLER 400 X","Barcelona","398",4
"TRIUMPH","SCRAMBLER 400 X","Bizkaia","398",2
"TRIUMPH","SCRAMBLER 400 X","Burgos","398",1
"TRIUMPH","SCRAMBLER 400 X","Cantabria","398",1
"TRIUMPH","SCRAMBLER 400 X","Girona","398",1
"TRIUMPH","SCRAMBLER 400 X","Granada","398",1
"TRIUMPH","SCRAMBLER 400 X","Illes Balears","398",2
"TRIUMPH","SCRAMBLER 400 X","Madrid","398",6
"TRIUMPH","SCRAMBLER 400 X","Málaga","398",4
"TRIUMPH","SCRAMBLER 400 X","Murcia","398",2
"TRIUMPH","SCRAMBLER 400 X","Palmas (Las)","398",1
"TRIUMPH","SCRAMBLER 400 X","Santa Cruz de Tenerife","398",1
"TRIUMPH","SCRAMBLER 400 X","Sevilla","398",3
"TRIUMPH","SCRAMBLER 400 X","Tarragona","398",3
"TRIUMPH","SCRAMBLER 400 X","Valencia/València","398",2
"TRIUMPH","SCRAMBLER 900","Bizkaia","900",1
"TRIUMPH","SCRAMBLER 900","Madrid","900",1
"TRIUMPH","SCRAMBLER 900","Murcia","900",1
"TRIUMPH","SCRAMBLER 900","Palmas (Las)","900",1
"TRIUMPH","SCRAMBLER 900","Sevilla","900",1
"TRIUMPH","SPEED 400","Alicante/Alacant","398",1
"TRIUMPH","SPEED 400","Asturias","398",3
"TRIUMPH","SPEED 400","Ávila","398",1
"TRIUMPH","SPEED 400","Barcelona","398",4
"TRIUMPH","SPEED 400","Bizkaia","398",1
"TRIUMPH","SPEED 400","Cádiz","398",1
"TRIUMPH","SPEED 400","Coruña (A)","398",2
"TRIUMPH","SPEED 400","Gipuzkoa","398",1
"TRIUMPH","SPEED 400","Granada","398",1
"TRIUMPH","SPEED 400","Illes Balears","398",2
"TRIUMPH","SPEED 400","Lleida","398",1
"TRIUMPH","SPEED 400","Madrid","398",3
"TRIUMPH","SPEED 400","Málaga","398",2
"TRIUMPH","SPEED 400","Palmas (Las)","398",2
"TRIUMPH","SPEED 400","Pontevedra","398",1
"TRIUMPH","SPEED 400","Rioja (La)","398",1
"TRIUMPH","SPEED 400","Santa Cruz de Tenerife","398",2
"TRIUMPH","SPEED 400","Sevilla","398",2
"TRIUMPH","SPEED 400","Tarragona","398",1
"TRIUMPH","SPEED 400","Valencia/València","398",2
"TRIUMPH","SPEED 400","Zaragoza","398",2
"TRIUMPH","SPEED TRIPLE RR","Alicante/Alacant","1160",2
"TRIUMPH","SPEED TRIPLE RR","Madrid","1160",1
"TRIUMPH","SPEED TRIPLE RS","Albacete","1160",1
"TRIUMPH","SPEED TRIPLE RS","Asturias","1160",1
"TRIUMPH","SPEED TRIPLE RS","Barcelona","1160",2
"TRIUMPH","SPEED TRIPLE RS","Madrid","1160",1
"TRIUMPH","SPEED TRIPLE RS","Santa Cruz de Tenerife","1160",1
"TRIUMPH","SPEED TRIPLE RS","Valencia/València","1160",1
"TRIUMPH","SPEED TWIN","Madrid","1200",1
"TRIUMPH","SPEED TWIN 1200","Zaragoza","1200",1
"TRIUMPH","SPEED TWIN 1200 RS","Illes Balears","1200",2
"TRIUMPH","SPEED TWIN 1200 RS","Santa Cruz de Tenerife","1200",1
"TRIUMPH","SPEED TWIN 900","Alicante/Alacant","900",2
"TRIUMPH","SPEED TWIN 900","Barcelona","900",6
"TRIUMPH","SPEED TWIN 900","Bizkaia","900",1
"TRIUMPH","SPEED TWIN 900","Burgos","900",1
"TRIUMPH","SPEED TWIN 900","Girona","900",1
"TRIUMPH","SPEED TWIN 900","Huelva","900",1
"TRIUMPH","SPEED TWIN 900","Illes Balears","900",1
"TRIUMPH","SPEED TWIN 900","Madrid","900",2
"TRIUMPH","SPEED TWIN 900","Málaga","900",1
"TRIUMPH","SPEED TWIN 900","Palmas (Las)","900",1
"TRIUMPH","SPEED TWIN 900","Pontevedra","900",1
"TRIUMPH","SPEED TWIN 900","Santa Cruz de Tenerife","900",1
"TRIUMPH","SPEED TWIN 900","Valencia/València","900",1
"TRIUMPH","SPEED TWIN 900","Valladolid","900",1
"TRIUMPH","SPEED TWIN 900","Zaragoza","900",1
"TRIUMPH","STREET TRIPLE R","Cantabria","765",1
"TRIUMPH","STREET TRIPLE R","Gipuzkoa","765",1
"TRIUMPH","STREET TRIPLE R","Girona","765",2
"TRIUMPH","STREET TRIPLE R","León","765",1
"TRIUMPH","STREET TRIPLE R","Lleida","765",1
"TRIUMPH","STREET TRIPLE R","Madrid","765",3
"TRIUMPH","STREET TRIPLE R","Murcia","765",1
"TRIUMPH","STREET TRIPLE R (A2)","Albacete","765",1
"TRIUMPH","STREET TRIPLE R (A2)","Alicante/Alacant","765",1
"TRIUMPH","STREET TRIPLE R (A2)","Barcelona","765",3
"TRIUMPH","STREET TRIPLE R (A2)","Cantabria","765",1
"TRIUMPH","STREET TRIPLE R (A2)","Illes Balears","765",1
"TRIUMPH","STREET TRIPLE R (A2)","Madrid","765",2
"TRIUMPH","STREET TRIPLE R (A2)","Málaga","765",2
"TRIUMPH","STREET TRIPLE R (A2)","Navarra","765",1
"TRIUMPH","STREET TRIPLE R (A2)","Santa Cruz de Tenerife","765",1
"TRIUMPH","STREET TRIPLE R (A2)","Sevilla","765",1
"TRIUMPH","STREET TRIPLE R (A2)","Valencia/València","765",1
"TRIUMPH","STREET TRIPLE RS","Alicante/Alacant","765",1
"TRIUMPH","STREET TRIPLE RS","Asturias","765",1
"TRIUMPH","STREET TRIPLE RS","Barcelona","765",5
"TRIUMPH","STREET TRIPLE RS","Gipuzkoa","765",1
"TRIUMPH","STREET TRIPLE RS","Illes Balears","765",1
"TRIUMPH","STREET TRIPLE RS","Lleida","765",1
"TRIUMPH","STREET TRIPLE RS","Madrid","765",5
"TRIUMPH","STREET TRIPLE RS","Málaga","765",1
"TRIUMPH","STREET TRIPLE RS","Murcia","765",1
"TRIUMPH","STREET TRIPLE RS","Navarra","765",1
"TRIUMPH","STREET TRIPLE RS","Palmas (Las)","765",1
"TRIUMPH","STREET TRIPLE RS","Santa Cruz de Tenerife","765",1
"TRIUMPH","STREET TRIPLE RS","Valladolid","765",1
"TRIUMPH","STREET TRIPLE RS","Zaragoza","765",1
"TRIUMPH","TF250-E","Alicante/Alacant","250",1
"TRIUMPH","TF250-E","Madrid","250",3
"TRIUMPH","TF250-E","Málaga","250",1
"TRIUMPH","TIGER 1200 GT EXPLORER","Almería","1160",1
"TRIUMPH","TIGER 1200 GT EXPLORER","Barcelona","1160",1
"TRIUMPH","TIGER 1200 GT EXPLORER","Lleida","1160",1
"TRIUMPH","TIGER 1200 GT EXPLORER","Madrid","1160",1
"TRIUMPH","TIGER 1200 GT EXPLORER","Valencia/València","1160",1
"TRIUMPH","TIGER 1200 GT EXPLORER","Valladolid","1160",1
"TRIUMPH","TIGER 1200 GT PRO","Alicante/Alacant","1160",1
"TRIUMPH","TIGER 1200 GT PRO","Huelva","1160",1
"TRIUMPH","TIGER 1200 GT PRO","Lleida","1160",1
"TRIUMPH","TIGER 1200 GT PRO","Madrid","1160",5
"TRIUMPH","TIGER 1200 GT PRO","Pontevedra","1160",2
"TRIUMPH","TIGER 1200 GT PRO","Sevilla","1160",1
"TRIUMPH","TIGER 1200 RALLY EXPLO","Melilla","1160",1
"TRIUMPH","TIGER 1200 RALLY PRO","Illes Balears","1160",2
"TRIUMPH","TIGER 1200 RALLY PRO","Valencia/València","1160",1
"TRIUMPH","TIGER 850 SPORT","Barcelona","888",1
"TRIUMPH","TIGER 850 SPORT","Cantabria","888",1
"TRIUMPH","TIGER 900 GT","Barcelona","888",2
"TRIUMPH","TIGER 900 GT ARAGON ED","Madrid","888",1
"TRIUMPH","TIGER 900 GT PRO","Alicante/Alacant","888",3
"TRIUMPH","TIGER 900 GT PRO","Badajoz","888",1
"TRIUMPH","TIGER 900 GT PRO","Barcelona","888",7
"TRIUMPH","TIGER 900 GT PRO","Bizkaia","888",1
"TRIUMPH","TIGER 900 GT PRO","Burgos","888",1
"TRIUMPH","TIGER 900 GT PRO","Cádiz","888",1
"TRIUMPH","TIGER 900 GT PRO","Girona","888",2
"TRIUMPH","TIGER 900 GT PRO","Granada","888",1
"TRIUMPH","TIGER 900 GT PRO","Huelva","888",1
"TRIUMPH","TIGER 900 GT PRO","Illes Balears","888",1
"TRIUMPH","TIGER 900 GT PRO","Madrid","888",10
"TRIUMPH","TIGER 900 GT PRO","Málaga","888",1
"TRIUMPH","TIGER 900 GT PRO","Murcia","888",2
"TRIUMPH","TIGER 900 GT PRO","Pontevedra","888",1
"TRIUMPH","TIGER 900 GT PRO","Salamanca","888",1
"TRIUMPH","TIGER 900 GT PRO","Sevilla","888",1
"TRIUMPH","TIGER 900 GT PRO","Tarragona","888",1
"TRIUMPH","TIGER 900 GT PRO","Valencia/València","888",4
"TRIUMPH","TIGER 900 RALLY PRO","Álava/Araba","888",1
"TRIUMPH","TIGER 900 RALLY PRO","Barcelona","888",2
"TRIUMPH","TIGER 900 RALLY PRO","Cantabria","888",1
"TRIUMPH","TIGER 900 RALLY PRO","Gipuzkoa","888",1
"TRIUMPH","TIGER 900 RALLY PRO","Girona","888",1
"TRIUMPH","TIGER 900 RALLY PRO","Illes Balears","888",1
"TRIUMPH","TIGER 900 RALLY PRO","Lleida","888",1
"TRIUMPH","TIGER 900 RALLY PRO","Murcia","888",1
"TRIUMPH","TIGER 900 RALLY PRO","Palmas (Las)","888",1
"TRIUMPH","TIGER 900 RALLY PRO","Tarragona","888",1
"TRIUMPH","TIGER 900 RALLY PRO","Zaragoza","888",1
"TRIUMPH","TIGER SPORT","Almería","660",1
"TRIUMPH","TIGER SPORT","Barcelona","660",5
"TRIUMPH","TIGER SPORT","Bizkaia","660",1
"TRIUMPH","TIGER SPORT","Burgos","660",1
"TRIUMPH","TIGER SPORT","Cantabria","660",1
"TRIUMPH","TIGER SPORT","Coruña (A)","660",1
"TRIUMPH","TIGER SPORT","Girona","660",1
"TRIUMPH","TIGER SPORT","Granada","660",1
"TRIUMPH","TIGER SPORT","Guadalajara","660",1
"TRIUMPH","TIGER SPORT","Illes Balears","660",1
"TRIUMPH","TIGER SPORT","Madrid","660",8
"TRIUMPH","TIGER SPORT","Málaga","660",2
"TRIUMPH","TIGER SPORT","Palmas (Las)","660",1
"TRIUMPH","TIGER SPORT","Pontevedra","660",1
"TRIUMPH","TIGER SPORT","Teruel","660",1
"TRIUMPH","TIGER SPORT","Valladolid","660",1
"TRIUMPH","TIGER SPORT","Zaragoza","660",3
"TRIUMPH","TIGER SPORT 800","Albacete","798",1
"TRIUMPH","TIGER SPORT 800","Alicante/Alacant","798",5
"TRIUMPH","TIGER SPORT 800","Barcelona","798",6
"TRIUMPH","TIGER SPORT 800","Bizkaia","798",2
"TRIUMPH","TIGER SPORT 800","Cádiz","798",2
"TRIUMPH","TIGER SPORT 800","Huelva","798",1
"TRIUMPH","TIGER SPORT 800","Illes Balears","798",1
"TRIUMPH","TIGER SPORT 800","Madrid","798",2
"TRIUMPH","TIGER SPORT 800","Málaga","798",3
"TRIUMPH","TIGER SPORT 800","Murcia","798",1
"TRIUMPH","TIGER SPORT 800","Navarra","798",1
"TRIUMPH","TIGER SPORT 800","Palmas (Las)","798",1
"TRIUMPH","TIGER SPORT 800","Pontevedra","798",1
"TRIUMPH","TIGER SPORT 800","Rioja (La)","798",1
"TRIUMPH","TIGER SPORT 800","Santa Cruz de Tenerife","798",1
"TRIUMPH","TIGER SPORT 800","Tarragona","798",1
"TRIUMPH","TIGER SPORT 800","Valencia/València","798",3
"TRIUMPH","TIGER SPORT 800","Zaragoza","798",2
"TRIUMPH","TRIDENT","Albacete","660",1
"TRIUMPH","TRIDENT","Alicante/Alacant","660",2
"TRIUMPH","TRIDENT","Almería","660",1
"TRIUMPH","TRIDENT","Asturias","660",2
"TRIUMPH","TRIDENT","Barcelona","660",5
"TRIUMPH","TRIDENT","Bizkaia","660",1
"TRIUMPH","TRIDENT","Cádiz","660",1
"TRIUMPH","TRIDENT","Gipuzkoa","660",1
"TRIUMPH","TRIDENT","Girona","660",1
"TRIUMPH","TRIDENT","Granada","660",1
"TRIUMPH","TRIDENT","Huelva","660",1
"TRIUMPH","TRIDENT","Illes Balears","660",1
"TRIUMPH","TRIDENT","Madrid","660",5
"TRIUMPH","TRIDENT","Málaga","660",2
"TRIUMPH","TRIDENT","Murcia","660",1
"TRIUMPH","TRIDENT","Tarragona","660",1
"TRIUMPH","TRIDENT","Valencia/València","660",4
"TRIUMPH","TRIDENT 660 TRIPLE TRI","Granada","660",1
"TRIUMPH","TRIDENT 660 TRIPLE TRI","Valladolid","660",1
"TRS","TR1 125","Barcelona","125",1
"TRS","TR1 250","Coruña (A)","248",1
"TRS","TR1 250","Lleida","248",1
"TRS","TR1 250","Málaga","248",1
"TRS","TR1 300","Barcelona","294",1
"TRS","TR1 300","Girona","294",1
"TRS","TR1 300","León","294",1
"TRS","TR1 300","Madrid","294",1
"TRS","TR1 300","Málaga","294",1
"TRS","TR1 300","Valencia/València","294",1
"UM","CHILL 125","Almería","125",1
"UM","CHILL 125","Ciudad Real","125",1
"UM","DSR ADVENTURE","Almería","124",1
"UM","DSR ADVENTURE","Ciudad Real","124",1
"UM","DSR ADVENTURE","Córdoba","124",1
"UM","DSR ADVENTURE","Lleida","124",1
"UM","DSR ADVENTURE","Murcia","124",1
"UM","DSR ADVENTURE","Sevilla","124",1
"UM","DSR EX 125","Burgos","124",1
"UM","DSR EX 125","Cáceres","124",1
"UM","DSR EX 125","Coruña (A)","124",1
"UM","DSR EX 125","Huelva","124",1
"UM","DSR EX 125","León","124",3
"UM","DSR EX 125","Salamanca","124",1
"UM","DSR EX 125","Zamora","124",1
"UM","DSR SM 125","Alicante/Alacant","124",1
"UM","DSR SM 125","Zamora","124",1
"UM","RENEGADE COMMANDO 125","Alicante/Alacant","124",2
"UM","RENEGADE COMMANDO 125","Barcelona","124",1
"UM","RENEGADE COMMANDO 125","Castellón/Castelló","124",1
"UM","RENEGADE COMMANDO 125","Ciudad Real","124",1
"UM","RENEGADE COMMANDO 125","Valencia/València","124",1
"UM","RENEGADE COMMANDO 300","Alicante/Alacant","292",1
"UM","RENEGADE COMMANDO CLAS","Pontevedra","124",1
"UM","RENEGADE FREEDOM 125","Madrid","124",1
"UM","RENEGADE SPORT Z 125","Málaga","125",2
"UM","RENEGADE SPORT Z 125","Tarragona","125",1
"UM","RENEGADE VEGAS 125","Alicante/Alacant","124",2
"UM","XTREET RS125","Badajoz","124",1
"VOGE","300AC X","Barcelona","292",1
"VOGE","300RALLY","Huesca","292",1
"VOGE","525ACX","Toledo","494",1
"VOGE","525DSX","Navarra","494",1
"VOGE","625DSX","Álava/Araba","581",2
"VOGE","625DSX","Albacete","581",2
"VOGE","625DSX","Alicante/Alacant","581",8
"VOGE","625DSX","Almería","581",6
"VOGE","625DSX","Asturias","581",6
"VOGE","625DSX","Badajoz","581",1
"VOGE","625DSX","Barcelona","581",21
"VOGE","625DSX","Bizkaia","581",2
"VOGE","625DSX","Burgos","581",1
"VOGE","625DSX","Cáceres","581",2
"VOGE","625DSX","Cádiz","581",8
"VOGE","625DSX","Cantabria","581",1
"VOGE","625DSX","Castellón/Castelló","581",1
"VOGE","625DSX","Ceuta","581",1
"VOGE","625DSX","Ciudad Real","581",1
"VOGE","625DSX","Córdoba","581",2
"VOGE","625DSX","Cuenca","581",3
"VOGE","625DSX","Gipuzkoa","581",2
"VOGE","625DSX","Girona","581",1
"VOGE","625DSX","Granada","581",8
"VOGE","625DSX","Guadalajara","581",3
"VOGE","625DSX","Huelva","581",3
"VOGE","625DSX","Illes Balears","581",5
"VOGE","625DSX","Jaén","581",1
"VOGE","625DSX","León","581",1
"VOGE","625DSX","Lleida","581",1
"VOGE","625DSX","Madrid","581",21
"VOGE","625DSX","Málaga","581",12
"VOGE","625DSX","Melilla","581",1
"VOGE","625DSX","Murcia","581",3
"VOGE","625DSX","Navarra","581",1
"VOGE","625DSX","Pontevedra","581",2
"VOGE","625DSX","Rioja (La)","581",2
"VOGE","625DSX","Salamanca","581",1
"VOGE","625DSX","Santa Cruz de Tenerife","581",13
"VOGE","625DSX","Sevilla","581",6
"VOGE","625DSX","Tarragona","581",1
"VOGE","625DSX","Toledo","581",2
"VOGE","625DSX","Valencia/València","581",24
"VOGE","625DSX","Valladolid","581",1
"VOGE","625DSX","Zaragoza","581",5
"VOGE","AC350","Barcelona","322",1
"VOGE","AC350","Málaga","322",1
"VOGE","AC350","Melilla","322",1
"VOGE","DS525X","Álava/Araba","494",1
"VOGE","DS525X","Albacete","494",1
"VOGE","DS525X","Alicante/Alacant","494",6
"VOGE","DS525X","Almería","494",4
"VOGE","DS525X","Asturias","494",1
"VOGE","DS525X","Ávila","494",1
"VOGE","DS525X","Badajoz","494",2
"VOGE","DS525X","Barcelona","494",12
"VOGE","DS525X","Bizkaia","494",1
"VOGE","DS525X","Burgos","494",1
"VOGE","DS525X","Cáceres","494",1
"VOGE","DS525X","Cádiz","494",12
"VOGE","DS525X","Cantabria","494",1
"VOGE","DS525X","Ceuta","494",2
"VOGE","DS525X","Córdoba","494",2
"VOGE","DS525X","Coruña (A)","494",3
"VOGE","DS525X","Gipuzkoa","494",2
"VOGE","DS525X","Girona","494",1
"VOGE","DS525X","Granada","494",3
"VOGE","DS525X","Huelva","494",2
"VOGE","DS525X","Huesca","494",1
"VOGE","DS525X","Illes Balears","494",3
"VOGE","DS525X","Jaén","494",2
"VOGE","DS525X","León","494",1
"VOGE","DS525X","Madrid","494",8
"VOGE","DS525X","Málaga","494",6
"VOGE","DS525X","Murcia","494",2
"VOGE","DS525X","Navarra","494",3
"VOGE","DS525X","Palmas (Las)","494",3
"VOGE","DS525X","Pontevedra","494",2
"VOGE","DS525X","Rioja (La)","494",1
"VOGE","DS525X","Salamanca","494",1
"VOGE","DS525X","Santa Cruz de Tenerife","494",2
"VOGE","DS525X","Tarragona","494",2
"VOGE","DS525X","Toledo","494",3
"VOGE","DS525X","Valencia/València","494",13
"VOGE","DS525X","Zaragoza","494",2
"VOGE","DS900X","Álava/Araba","895",6
"VOGE","DS900X","Albacete","895",5
"VOGE","DS900X","Alicante/Alacant","895",47
"VOGE","DS900X","Almería","895",14
"VOGE","DS900X","Asturias","895",15
"VOGE","DS900X","Badajoz","895",17
"VOGE","DS900X","Barcelona","895",93
"VOGE","DS900X","Bizkaia","895",16
"VOGE","DS900X","Burgos","895",5
"VOGE","DS900X","Cáceres","895",9
"VOGE","DS900X","Cádiz","895",33
"VOGE","DS900X","Cantabria","895",7
"VOGE","DS900X","Castellón/Castelló","895",10
"VOGE","DS900X","Ceuta","895",1
"VOGE","DS900X","Ciudad Real","895",3
"VOGE","DS900X","Córdoba","895",5
"VOGE","DS900X","Coruña (A)","895",14
"VOGE","DS900X","Cuenca","895",2
"VOGE","DS900X","Gipuzkoa","895",6
"VOGE","DS900X","Girona","895",9
"VOGE","DS900X","Granada","895",22
"VOGE","DS900X","Guadalajara","895",13
"VOGE","DS900X","Huelva","895",11
"VOGE","DS900X","Huesca","895",3
"VOGE","DS900X","Illes Balears","895",33
"VOGE","DS900X","Jaén","895",17
"VOGE","DS900X","León","895",14
"VOGE","DS900X","Lleida","895",9
"VOGE","DS900X","Lugo","895",4
"VOGE","DS900X","Madrid","895",96
"VOGE","DS900X","Málaga","895",59
"VOGE","DS900X","Melilla","895",5
"VOGE","DS900X","Murcia","895",13
"VOGE","DS900X","Navarra","895",14
"VOGE","DS900X","Ourense","895",1
"VOGE","DS900X","Palencia","895",3
"VOGE","DS900X","Palmas (Las)","895",15
"VOGE","DS900X","Pontevedra","895",13
"VOGE","DS900X","Rioja (La)","895",5
"VOGE","DS900X","Salamanca","895",3
"VOGE","DS900X","Santa Cruz de Tenerife","895",12
"VOGE","DS900X","Segovia","895",2
"VOGE","DS900X","Sevilla","895",25
"VOGE","DS900X","Soria","895",1
"VOGE","DS900X","Tarragona","895",19
"VOGE","DS900X","Teruel","895",2
"VOGE","DS900X","Toledo","895",11
"VOGE","DS900X","Valencia/València","895",42
"VOGE","DS900X","Valladolid","895",8
"VOGE","DS900X","Zamora","895",3
"VOGE","DS900X","Zaragoza","895",12
"VOGE","R125","Albacete","125",3
"VOGE","R125","Alicante/Alacant","125",13
"VOGE","R125","Almería","125",4
"VOGE","R125","Asturias","125",3
"VOGE","R125","Badajoz","125",1
"VOGE","R125","Barcelona","125",13
"VOGE","R125","Bizkaia","125",1
"VOGE","R125","Cáceres","125",3
"VOGE","R125","Cádiz","125",3
"VOGE","R125","Cantabria","125",1
"VOGE","R125","Castellón/Castelló","125",5
"VOGE","R125","Ceuta","125",1
"VOGE","R125","Ciudad Real","125",2
"VOGE","R125","Coruña (A)","125",3
"VOGE","R125","Cuenca","125",3
"VOGE","R125","Gipuzkoa","125",1
"VOGE","R125","Girona","125",2
"VOGE","R125","Granada","125",4
"VOGE","R125","Huelva","125",3
"VOGE","R125","Illes Balears","125",6
"VOGE","R125","Jaén","125",2
"VOGE","R125","León","125",2
"VOGE","R125","Lleida","125",3
"VOGE","R125","Lugo","125",1
"VOGE","R125","Madrid","125",16
"VOGE","R125","Málaga","125",9
"VOGE","R125","Melilla","125",2
"VOGE","R125","Murcia","125",3
"VOGE","R125","Navarra","125",3
"VOGE","R125","Ourense","125",3
"VOGE","R125","Palmas (Las)","125",2
"VOGE","R125","Salamanca","125",2
"VOGE","R125","Santa Cruz de Tenerife","125",11
"VOGE","R125","Sevilla","125",3
"VOGE","R125","Tarragona","125",7
"VOGE","R125","Toledo","125",2
"VOGE","R125","Valencia/València","125",11
"VOGE","R125","Valladolid","125",1
"VOGE","R125","Zaragoza","125",2
"VOGE","SR1","Álava/Araba","125",2
"VOGE","SR1","Alicante/Alacant","125",10
"VOGE","SR1","Badajoz","125",1
"VOGE","SR1","Barcelona","125",7
"VOGE","SR1","Bizkaia","125",3
"VOGE","SR1","Burgos","125",1
"VOGE","SR1","Cádiz","125",2
"VOGE","SR1","Ceuta","125",2
"VOGE","SR1","Córdoba","125",1
"VOGE","SR1","Gipuzkoa","125",1
"VOGE","SR1","Girona","125",1
"VOGE","SR1","Granada","125",2
"VOGE","SR1","Illes Balears","125",9
"VOGE","SR1","Jaén","125",1
"VOGE","SR1","León","125",2
"VOGE","SR1","Lleida","125",1
"VOGE","SR1","Madrid","125",9
"VOGE","SR1","Málaga","125",6
"VOGE","SR1","Melilla","125",7
"VOGE","SR1","Navarra","125",2
"VOGE","SR1","Ourense","125",1
"VOGE","SR1","Palmas (Las)","125",1
"VOGE","SR1","Pontevedra","125",3
"VOGE","SR1","Rioja (La)","125",3
"VOGE","SR1","Salamanca","125",1
"VOGE","SR1","Santa Cruz de Tenerife","125",11
"VOGE","SR1","Sevilla","125",2
"VOGE","SR1","Tarragona","125",2
"VOGE","SR1","Teruel","125",1
"VOGE","SR1","Valencia/València","125",10
"VOGE","SR1","Zamora","125",1
"VOGE","SR1","Zaragoza","125",6
"VOGE","SR16","Alicante/Alacant","125",3
"VOGE","SR16","Almería","125",1
"VOGE","SR16","Asturias","125",1
"VOGE","SR16","Barcelona","125",10
"VOGE","SR16","Bizkaia","125",1
"VOGE","SR16","Cantabria","125",1
"VOGE","SR16","Castellón/Castelló","125",1
"VOGE","SR16","Coruña (A)","125",2
"VOGE","SR16","Gipuzkoa","125",2
"VOGE","SR16","Girona","125",3
"VOGE","SR16","Granada","125",2
"VOGE","SR16","Huesca","125",1
"VOGE","SR16","Illes Balears","125",3
"VOGE","SR16","León","125",1
"VOGE","SR16","Madrid","125",7
"VOGE","SR16","Málaga","125",5
"VOGE","SR16","Melilla","125",1
"VOGE","SR16","Navarra","125",1
"VOGE","SR16","Santa Cruz de Tenerife","125",1
"VOGE","SR16","Tarragona","125",2
"VOGE","SR16","Valencia/València","125",3
"VOGE","SR1ADV","Albacete","125",1
"VOGE","SR1ADV","Alicante/Alacant","125",15
"VOGE","SR1ADV","Almería","125",2
"VOGE","SR1ADV","Asturias","125",2
"VOGE","SR1ADV","Barcelona","125",18
"VOGE","SR1ADV","Bizkaia","125",2
"VOGE","SR1ADV","Burgos","125",1
"VOGE","SR1ADV","Cáceres","125",2
"VOGE","SR1ADV","Cádiz","125",6
"VOGE","SR1ADV","Cantabria","125",1
"VOGE","SR1ADV","Castellón/Castelló","125",1
"VOGE","SR1ADV","Ceuta","125",2
"VOGE","SR1ADV","Ciudad Real","125",2
"VOGE","SR1ADV","Córdoba","125",3
"VOGE","SR1ADV","Gipuzkoa","125",3
"VOGE","SR1ADV","Girona","125",4
"VOGE","SR1ADV","Granada","125",8
"VOGE","SR1ADV","Illes Balears","125",13
"VOGE","SR1ADV","Jaén","125",4
"VOGE","SR1ADV","León","125",2
"VOGE","SR1ADV","Lugo","125",1
"VOGE","SR1ADV","Madrid","125",9
"VOGE","SR1ADV","Málaga","125",20
"VOGE","SR1ADV","Melilla","125",6
"VOGE","SR1ADV","Murcia","125",2
"VOGE","SR1ADV","Navarra","125",1
"VOGE","SR1ADV","Ourense","125",1
"VOGE","SR1ADV","Palmas (Las)","125",2
"VOGE","SR1ADV","Pontevedra","125",3
"VOGE","SR1ADV","Rioja (La)","125",1
"VOGE","SR1ADV","Salamanca","125",1
"VOGE","SR1ADV","Santa Cruz de Tenerife","125",9
"VOGE","SR1ADV","Sevilla","125",2
"VOGE","SR1ADV","Tarragona","125",6
"VOGE","SR1ADV","Toledo","125",1
"VOGE","SR1ADV","Valencia/València","125",12
"VOGE","SR1ADV","Zaragoza","125",3
"VOGE","SR3","Álava/Araba","244",1
"VOGE","SR3","Alicante/Alacant","244",4
"VOGE","SR3","Almería","244",2
"VOGE","SR3","Badajoz","244",2
"VOGE","SR3","Barcelona","244",11
"VOGE","SR3","Bizkaia","244",1
"VOGE","SR3","Cáceres","244",2
"VOGE","SR3","Cádiz","244",3
"VOGE","SR3","Cantabria","244",1
"VOGE","SR3","Castellón/Castelló","244",1
"VOGE","SR3","Ceuta","244",1
"VOGE","SR3","Ciudad Real","244",1
"VOGE","SR3","Coruña (A)","244",2
"VOGE","SR3","Gipuzkoa","244",4
"VOGE","SR3","Granada","244",3
"VOGE","SR3","Huelva","244",2
"VOGE","SR3","Illes Balears","244",5
"VOGE","SR3","Jaén","244",2
"VOGE","SR3","León","244",1
"VOGE","SR3","Lugo","244",1
"VOGE","SR3","Madrid","244",6
"VOGE","SR3","Málaga","244",3
"VOGE","SR3","Murcia","244",4
"VOGE","SR3","Navarra","244",2
"VOGE","SR3","Pontevedra","244",2
"VOGE","SR3","Rioja (La)","244",1
"VOGE","SR3","Salamanca","244",1
"VOGE","SR3","Santa Cruz de Tenerife","244",2
"VOGE","SR3","Sevilla","244",5
"VOGE","SR3","Tarragona","244",2
"VOGE","SR3","Toledo","244",2
"VOGE","SR3","Valencia/València","244",7
"VOGE","SR3","Zamora","244",1
"VOGE","SR3","Zaragoza","244",2
"VOGE","SR4 MAX","Asturias","350",1
"VOGE","SR4 MAX","Barcelona","350",7
"VOGE","SR4 MAX","Bizkaia","350",2
"VOGE","SR4 MAX","Ciudad Real","350",1
"VOGE","SR4 MAX","Córdoba","350",1
"VOGE","SR4 MAX","Gipuzkoa","350",1
"VOGE","SR4 MAX","Lleida","350",1
"VOGE","SR4 MAX","Madrid","350",3
"VOGE","SR4 MAX","Málaga","350",1
"VOGE","SR4 MAX","Navarra","350",1
"VOGE","SR4 MAX","Santa Cruz de Tenerife","350",1
"VOGE","SR4 MAX","Sevilla","350",1
"VOGE","SR4 MAX","Valencia/València","350",2
"WOTTAN","GT2","Albacete","125",1
"WOTTAN","GT2","Alicante/Alacant","125",11
"WOTTAN","GT2","Almería","125",2
"WOTTAN","GT2","Asturias","125",1
"WOTTAN","GT2","Badajoz","125",1
"WOTTAN","GT2","Barcelona","125",2
"WOTTAN","GT2","Cádiz","125",1
"WOTTAN","GT2","Granada","125",2
"WOTTAN","GT2","Jaén","125",1
"WOTTAN","GT2","Madrid","125",3
"WOTTAN","GT2","Málaga","125",1
"WOTTAN","GT2","Murcia","125",2
"WOTTAN","GT2","Salamanca","125",1
"WOTTAN","GT2","Santa Cruz de Tenerife","125",1
"WOTTAN","GT2","Sevilla","125",5
"WOTTAN","GT2","Valencia/València","125",13
"WOTTAN","REBBE","Valencia/València","124",1
"WOTTAN","STORM-R","Alicante/Alacant","124",1
"WOTTAN","STORM-R","Gipuzkoa","124",1
"WOTTAN","STORM-R","Granada","124",1
"WOTTAN","STORM-R","Santa Cruz de Tenerife","124",1
"WOTTAN","STORM-R","Sevilla","124",1
"WOTTAN","STORM-S","Albacete","276",1
"WOTTAN","STORM-S","Alicante/Alacant","276",2
"WOTTAN","STORM-S","Gipuzkoa","276",1
"WOTTAN","STORM-S","Sevilla","276",1
"WOTTAN","STORM-S","Tarragona","276",1
"WOTTAN","STORM-S","Toledo","276",1
"WOTTAN","STORM-S","Valencia/València","276",1
"WOTTAN","STORM-V","Castellón/Castelló","124",1
"WOTTAN","STORM-V","Girona","124",1
"WOTTAN","STORM-V","Granada","124",1
"WOTTAN","STORM-V","Huelva","124",1
"WOTTAN","STORM-V","Santa Cruz de Tenerife","124",1
"WOTTAN","STORM-X","Albacete","125",1
"WOTTAN","STORM-X","Alicante/Alacant","125",5
"WOTTAN","STORM-X","Badajoz","125",1
"WOTTAN","STORM-X","Barcelona","125",1
"WOTTAN","STORM-X","Burgos","125",1
"WOTTAN","STORM-X","Castellón/Castelló","125",3
"WOTTAN","STORM-X","Coruña (A)","125",1
"WOTTAN","STORM-X","Granada","125",5
"WOTTAN","STORM-X","Huelva","125",1
"WOTTAN","STORM-X","Illes Balears","125",1
"WOTTAN","STORM-X","Jaén","125",2
"WOTTAN","STORM-X","Lugo","125",1
"WOTTAN","STORM-X","Madrid","125",1
"WOTTAN","STORM-X","Málaga","125",1
"WOTTAN","STORM-X","Murcia","125",2
"WOTTAN","STORM-X","Pontevedra","125",2
"WOTTAN","STORM-X","Sevilla","125",2
"WOTTAN","STORM-X","Toledo","125",1
"WOTTAN","STORM-X","Valencia/València","125",15
"WOTTAN","STORM-X","Zaragoza","125",1
"WOTTAN MOTOR","REBBE","Castellón/Castelló","401",1
"WOTTAN MOTOR","STORM","Alicante/Alacant","125",3
"WOTTAN MOTOR","STORM","Bizkaia","125",1
"WOTTAN MOTOR","STORM","Castellón/Castelló","125",1
"WOTTAN MOTOR","STORM","Granada","125",1
"WOTTAN MOTOR","STORM","Jaén","125",1
"WOTTAN MOTOR","STORM","Rioja (La)","125",1
"WOTTAN MOTOR","STORM","Valencia/València","125",9
"WOTTAN MOTOR","STORM-T","Alicante/Alacant","125",1
"WOTTAN MOTOR","STORM-T","Barcelona","125",1
"WOTTAN MOTOR","STORM-T","Cádiz","125",1
"WOTTAN MOTOR","STORM-T","Granada","125",1
"WOTTAN MOTOR","STORM-T","Huelva","125",1
"WOTTAN MOTOR","STORM-T","Sevilla","125",1
"WOTTAN MOTOR","STORM-T","Valencia/València","125",5
"WOTTAN MOTOR","STORM-X","Barcelona","125",1
"WOTTAN MOTOR","STORM-X","Málaga","125",1
"YAMAHA","D'elight","Barcelona","125",4
"YAMAHA","D'elight","Bizkaia","125",1
"YAMAHA","D'elight","Cádiz","125",2
"YAMAHA","D'elight","Girona","125",1
"YAMAHA","D'elight","Granada","125",1
"YAMAHA","D'elight","Illes Balears","125",1
"YAMAHA","D'elight","Madrid","125",2
"YAMAHA","D'elight","Málaga","125",1
"YAMAHA","D'elight","Murcia","125",2
"YAMAHA","D'elight","Ourense","125",1
"YAMAHA","D'elight","Tarragona","125",1
"YAMAHA","D'elight","Valencia/València","125",2
"YAMAHA","D'elight","Zaragoza","125",1
"YAMAHA","MT-03","Alicante/Alacant","321",1
"YAMAHA","MT-03","Asturias","321",1
"YAMAHA","MT-03","Barcelona","321",4
"YAMAHA","MT-03","Bizkaia","321",2
"YAMAHA","MT-03","Cádiz","321",1
"YAMAHA","MT-03","Ciudad Real","321",1
"YAMAHA","MT-03","Illes Balears","321",1
"YAMAHA","MT-03","Madrid","321",1
"YAMAHA","MT-03","Navarra","321",1
"YAMAHA","MT-07","Albacete","689",2
"YAMAHA","MT-07","Alicante/Alacant","689",4
"YAMAHA","MT-07","Almería","689",1
"YAMAHA","MT-07","Asturias","689",2
"YAMAHA","MT-07","Ávila","689",1
"YAMAHA","MT-07","Badajoz","689",2
"YAMAHA","MT-07","Barcelona","689",53
"YAMAHA","MT-07","Bizkaia","689",9
"YAMAHA","MT-07","Burgos","689",1
"YAMAHA","MT-07","Cádiz","689",8
"YAMAHA","MT-07","Cantabria","689",1
"YAMAHA","MT-07","Castellón/Castelló","689",3
"YAMAHA","MT-07","Córdoba","689",2
"YAMAHA","MT-07","Coruña (A)","689",5
"YAMAHA","MT-07","Cuenca","689",1
"YAMAHA","MT-07","Gipuzkoa","689",5
"YAMAHA","MT-07","Girona","689",3
"YAMAHA","MT-07","Granada","689",5
"YAMAHA","MT-07","Guadalajara","689",1
"YAMAHA","MT-07","Huelva","689",1
"YAMAHA","MT-07","Illes Balears","689",8
"YAMAHA","MT-07","Jaén","689",3
"YAMAHA","MT-07","León","689",1
"YAMAHA","MT-07","Lleida","689",2
"YAMAHA","MT-07","Lugo","689",2
"YAMAHA","MT-07","Madrid","689",22
"YAMAHA","MT-07","Málaga","689",18
"YAMAHA","MT-07","Murcia","689",2
"YAMAHA","MT-07","Navarra","689",1
"YAMAHA","MT-07","Palmas (Las)","689",9
"YAMAHA","MT-07","Pontevedra","689",2
"YAMAHA","MT-07","Rioja (La)","689",1
"YAMAHA","MT-07","Salamanca","689",1
"YAMAHA","MT-07","Santa Cruz de Tenerife","689",9
"YAMAHA","MT-07","Sevilla","689",4
"YAMAHA","MT-07","Soria","689",1
"YAMAHA","MT-07","Tarragona","689",4
"YAMAHA","MT-07","Teruel","689",1
"YAMAHA","MT-07","Toledo","689",2
"YAMAHA","MT-07","Valencia/València","689",17
"YAMAHA","MT-07","Valladolid","689",5
"YAMAHA","MT-07","Zamora","689",1
"YAMAHA","MT-07","Zaragoza","689",2
"YAMAHA","MT-09","Álava/Araba","890",2
"YAMAHA","MT-09","Albacete","890",1
"YAMAHA","MT-09","Alicante/Alacant","890",3
"YAMAHA","MT-09","Almería","890",1
"YAMAHA","MT-09","Asturias","890",1
"YAMAHA","MT-09","Barcelona","890",22
"YAMAHA","MT-09","Bizkaia","890",2
"YAMAHA","MT-09","Cádiz","890",2
"YAMAHA","MT-09","Cantabria","890",1
"YAMAHA","MT-09","Castellón/Castelló","890",2
"YAMAHA","MT-09","Córdoba","890",1
"YAMAHA","MT-09","Coruña (A)","890",1
"YAMAHA","MT-09","Gipuzkoa","890",2
"YAMAHA","MT-09","Girona","890",2
"YAMAHA","MT-09","Granada","890",1
"YAMAHA","MT-09","Guadalajara","890",1
"YAMAHA","MT-09","Huesca","890",1
"YAMAHA","MT-09","Illes Balears","890",4
"YAMAHA","MT-09","Jaén","890",1
"YAMAHA","MT-09","León","890",2
"YAMAHA","MT-09","Madrid","890",13
"YAMAHA","MT-09","Málaga","890",2
"YAMAHA","MT-09","Murcia","890",3
"YAMAHA","MT-09","Navarra","890",1
"YAMAHA","MT-09","Ourense","890",1
"YAMAHA","MT-09","Palmas (Las)","890",6
"YAMAHA","MT-09","Pontevedra","890",1
"YAMAHA","MT-09","Santa Cruz de Tenerife","890",3
"YAMAHA","MT-09","Sevilla","890",1
"YAMAHA","MT-09","Tarragona","890",6
"YAMAHA","MT-09","Valencia/València","890",6
"YAMAHA","MT-09","Zaragoza","890",1
"YAMAHA","MT-10","Barcelona","998",2
"YAMAHA","MT-10","Girona","998",1
"YAMAHA","MT-10","Madrid","998",2
"YAMAHA","MT-10","Málaga","998",1
"YAMAHA","MT-10","Palmas (Las)","998",1
"YAMAHA","MT-10","Zamora","998",1
"YAMAHA","MT-125","Alicante/Alacant","125",7
"YAMAHA","MT-125","Almería","125",2
"YAMAHA","MT-125","Asturias","125",3
"YAMAHA","MT-125","Badajoz","125",5
"YAMAHA","MT-125","Barcelona","125",33
"YAMAHA","MT-125","Bizkaia","125",4
"YAMAHA","MT-125","Cáceres","125",1
"YAMAHA","MT-125","Cádiz","125",10
"YAMAHA","MT-125","Cantabria","125",4
"YAMAHA","MT-125","Castellón/Castelló","125",2
"YAMAHA","MT-125","Ciudad Real","125",1
"YAMAHA","MT-125","Coruña (A)","125",2
"YAMAHA","MT-125","Gipuzkoa","125",1
"YAMAHA","MT-125","Girona","125",4
"YAMAHA","MT-125","Granada","125",3
"YAMAHA","MT-125","Huesca","125",1
"YAMAHA","MT-125","Illes Balears","125",12
"YAMAHA","MT-125","Jaén","125",4
"YAMAHA","MT-125","León","125",1
"YAMAHA","MT-125","Lugo","125",1
"YAMAHA","MT-125","Madrid","125",17
"YAMAHA","MT-125","Málaga","125",10
"YAMAHA","MT-125","Murcia","125",7
"YAMAHA","MT-125","Navarra","125",2
"YAMAHA","MT-125","Palmas (Las)","125",2
"YAMAHA","MT-125","Pontevedra","125",5
"YAMAHA","MT-125","Rioja (La)","125",1
"YAMAHA","MT-125","Santa Cruz de Tenerife","125",4
"YAMAHA","MT-125","Sevilla","125",6
"YAMAHA","MT-125","Tarragona","125",4
"YAMAHA","MT-125","Teruel","125",1
"YAMAHA","MT-125","Toledo","125",1
"YAMAHA","MT-125","Valencia/València","125",12
"YAMAHA","MT-125","Valladolid","125",6
"YAMAHA","MT-125","Zaragoza","125",6
"YAMAHA","NIKEN GT","Madrid","890",1
"YAMAHA","NMAX125","Álava/Araba","125",2
"YAMAHA","NMAX125","Albacete","125",8
"YAMAHA","NMAX125","Alicante/Alacant","125",68
"YAMAHA","NMAX125","Almería","125",12
"YAMAHA","NMAX125","Asturias","125",9
"YAMAHA","NMAX125","Ávila","125",1
"YAMAHA","NMAX125","Badajoz","125",18
"YAMAHA","NMAX125","Barcelona","125",140
"YAMAHA","NMAX125","Bizkaia","125",24
"YAMAHA","NMAX125","Burgos","125",1
"YAMAHA","NMAX125","Cáceres","125",6
"YAMAHA","NMAX125","Cádiz","125",111
"YAMAHA","NMAX125","Cantabria","125",16
"YAMAHA","NMAX125","Castellón/Castelló","125",16
"YAMAHA","NMAX125","Ceuta","125",4
"YAMAHA","NMAX125","Ciudad Real","125",3
"YAMAHA","NMAX125","Córdoba","125",17
"YAMAHA","NMAX125","Coruña (A)","125",13
"YAMAHA","NMAX125","Cuenca","125",3
"YAMAHA","NMAX125","Gipuzkoa","125",8
"YAMAHA","NMAX125","Girona","125",17
"YAMAHA","NMAX125","Granada","125",17
"YAMAHA","NMAX125","Guadalajara","125",5
"YAMAHA","NMAX125","Huelva","125",24
"YAMAHA","NMAX125","Huesca","125",3
"YAMAHA","NMAX125","Illes Balears","125",96
"YAMAHA","NMAX125","Jaén","125",9
"YAMAHA","NMAX125","León","125",6
"YAMAHA","NMAX125","Lleida","125",4
"YAMAHA","NMAX125","Madrid","125",180
"YAMAHA","NMAX125","Málaga","125",109
"YAMAHA","NMAX125","Melilla","125",5
"YAMAHA","NMAX125","Murcia","125",34
"YAMAHA","NMAX125","Navarra","125",7
"YAMAHA","NMAX125","Ourense","125",2
"YAMAHA","NMAX125","Palmas (Las)","125",15
"YAMAHA","NMAX125","Pontevedra","125",18
"YAMAHA","NMAX125","Rioja (La)","125",10
"YAMAHA","NMAX125","Salamanca","125",4
"YAMAHA","NMAX125","Santa Cruz de Tenerife","125",23
"YAMAHA","NMAX125","Segovia","125",1
"YAMAHA","NMAX125","Sevilla","125",58
"YAMAHA","NMAX125","Soria","125",1
"YAMAHA","NMAX125","Tarragona","125",16
"YAMAHA","NMAX125","Teruel","125",2
"YAMAHA","NMAX125","Toledo","125",6
"YAMAHA","NMAX125","Valencia/València","125",100
"YAMAHA","NMAX125","Valladolid","125",6
"YAMAHA","NMAX125","Zaragoza","125",15
"YAMAHA","R125","Alicante/Alacant","125",4
"YAMAHA","R125","Almería","125",2
"YAMAHA","R125","Asturias","125",2
"YAMAHA","R125","Badajoz","125",1
"YAMAHA","R125","Barcelona","125",9
"YAMAHA","R125","Cádiz","125",1
"YAMAHA","R125","Cantabria","125",1
"YAMAHA","R125","Castellón/Castelló","125",1
"YAMAHA","R125","Coruña (A)","125",1
"YAMAHA","R125","Girona","125",1
"YAMAHA","R125","Granada","125",1
"YAMAHA","R125","Illes Balears","125",5
"YAMAHA","R125","Lleida","125",1
"YAMAHA","R125","Madrid","125",10
"YAMAHA","R125","Málaga","125",1
"YAMAHA","R125","Murcia","125",3
"YAMAHA","R125","Navarra","125",1
"YAMAHA","R125","Ourense","125",1
"YAMAHA","R125","Pontevedra","125",2
"YAMAHA","R125","Sevilla","125",1
"YAMAHA","R125","Tarragona","125",1
"YAMAHA","R125","Toledo","125",1
"YAMAHA","R125","Valencia/València","125",9
"YAMAHA","R125","Zaragoza","125",2
"YAMAHA","RayZR 125","Álava/Araba","125",1
"YAMAHA","RayZR 125","Albacete","125",2
"YAMAHA","RayZR 125","Alicante/Alacant","125",46
"YAMAHA","RayZR 125","Almería","125",6
"YAMAHA","RayZR 125","Asturias","125",3
"YAMAHA","RayZR 125","Ávila","125",1
"YAMAHA","RayZR 125","Badajoz","125",3
"YAMAHA","RayZR 125","Barcelona","125",35
"YAMAHA","RayZR 125","Bizkaia","125",5
"YAMAHA","RayZR 125","Burgos","125",1
"YAMAHA","RayZR 125","Cádiz","125",21
"YAMAHA","RayZR 125","Cantabria","125",1
"YAMAHA","RayZR 125","Castellón/Castelló","125",4
"YAMAHA","RayZR 125","Ceuta","125",3
"YAMAHA","RayZR 125","Córdoba","125",4
"YAMAHA","RayZR 125","Coruña (A)","125",3
"YAMAHA","RayZR 125","Cuenca","125",1
"YAMAHA","RayZR 125","Gipuzkoa","125",3
"YAMAHA","RayZR 125","Girona","125",11
"YAMAHA","RayZR 125","Granada","125",4
"YAMAHA","RayZR 125","Guadalajara","125",1
"YAMAHA","RayZR 125","Illes Balears","125",38
"YAMAHA","RayZR 125","Jaén","125",2
"YAMAHA","RayZR 125","Lleida","125",2
"YAMAHA","RayZR 125","Madrid","125",23
"YAMAHA","RayZR 125","Málaga","125",19
"YAMAHA","RayZR 125","Murcia","125",12
"YAMAHA","RayZR 125","Navarra","125",1
"YAMAHA","RayZR 125","Ourense","125",3
"YAMAHA","RayZR 125","Palmas (Las)","125",4
"YAMAHA","RayZR 125","Pontevedra","125",5
"YAMAHA","RayZR 125","Salamanca","125",1
"YAMAHA","RayZR 125","Santa Cruz de Tenerife","125",1
"YAMAHA","RayZR 125","Sevilla","125",7
"YAMAHA","RayZR 125","Tarragona","125",4
"YAMAHA","RayZR 125","Toledo","125",1
"YAMAHA","RayZR 125","Valencia/València","125",18
"YAMAHA","RayZR 125","Valladolid","125",1
"YAMAHA","RayZR 125","Zaragoza","125",1
"YAMAHA","TMAX 560","Albacete","562",1
"YAMAHA","TMAX 560","Alicante/Alacant","562",7
"YAMAHA","TMAX 560","Almería","562",1
"YAMAHA","TMAX 560","Asturias","562",2
"YAMAHA","TMAX 560","Badajoz","562",1
"YAMAHA","TMAX 560","Barcelona","562",39
"YAMAHA","TMAX 560","Cáceres","562",1
"YAMAHA","TMAX 560","Cádiz","562",4
"YAMAHA","TMAX 560","Cantabria","562",4
"YAMAHA","TMAX 560","Castellón/Castelló","562",1
"YAMAHA","TMAX 560","Ceuta","562",3
"YAMAHA","TMAX 560","Córdoba","562",3
"YAMAHA","TMAX 560","Coruña (A)","562",2
"YAMAHA","TMAX 560","Gipuzkoa","562",6
"YAMAHA","TMAX 560","Girona","562",8
"YAMAHA","TMAX 560","Granada","562",6
"YAMAHA","TMAX 560","Huelva","562",1
"YAMAHA","TMAX 560","Illes Balears","562",21
"YAMAHA","TMAX 560","Jaén","562",3
"YAMAHA","TMAX 560","Lleida","562",1
"YAMAHA","TMAX 560","Madrid","562",26
"YAMAHA","TMAX 560","Málaga","562",19
"YAMAHA","TMAX 560","Melilla","562",1
"YAMAHA","TMAX 560","Murcia","562",3
"YAMAHA","TMAX 560","Palmas (Las)","562",6
"YAMAHA","TMAX 560","Pontevedra","562",7
"YAMAHA","TMAX 560","Santa Cruz de Tenerife","562",3
"YAMAHA","TMAX 560","Sevilla","562",10
"YAMAHA","TMAX 560","Tarragona","562",2
"YAMAHA","TMAX 560","Toledo","562",1
"YAMAHA","TMAX 560","Valencia/València","562",22
"YAMAHA","TMAX 560","Valladolid","562",2
"YAMAHA","TMAX 560","Zaragoza","562",2
"YAMAHA","TRACER 700","Burgos","689",1
"YAMAHA","TRACER 700","Guadalajara","689",1
"YAMAHA","TRACER 700","Illes Balears","689",1
"YAMAHA","TRACER 700","Madrid","689",1
"YAMAHA","Tracer 9 GT","Álava/Araba","890",1
"YAMAHA","Tracer 9 GT","Albacete","890",1
"YAMAHA","Tracer 9 GT","Alicante/Alacant","890",6
"YAMAHA","Tracer 9 GT","Almería","890",2
"YAMAHA","Tracer 9 GT","Asturias","890",1
"YAMAHA","Tracer 9 GT","Badajoz","890",2
"YAMAHA","Tracer 9 GT","Barcelona","890",29
"YAMAHA","Tracer 9 GT","Bizkaia","890",2
"YAMAHA","Tracer 9 GT","Burgos","890",2
"YAMAHA","Tracer 9 GT","Cáceres","890",2
"YAMAHA","Tracer 9 GT","Cádiz","890",3
"YAMAHA","Tracer 9 GT","Cantabria","890",8
"YAMAHA","Tracer 9 GT","Castellón/Castelló","890",2
"YAMAHA","Tracer 9 GT","Córdoba","890",1
"YAMAHA","Tracer 9 GT","Coruña (A)","890",6
"YAMAHA","Tracer 9 GT","Cuenca","890",1
"YAMAHA","Tracer 9 GT","Gipuzkoa","890",2
"YAMAHA","Tracer 9 GT","Girona","890",6
"YAMAHA","Tracer 9 GT","Granada","890",2
"YAMAHA","Tracer 9 GT","Illes Balears","890",6
"YAMAHA","Tracer 9 GT","Jaén","890",1
"YAMAHA","Tracer 9 GT","León","890",1
"YAMAHA","Tracer 9 GT","Lleida","890",1
"YAMAHA","Tracer 9 GT","Lugo","890",2
"YAMAHA","Tracer 9 GT","Madrid","890",29
"YAMAHA","Tracer 9 GT","Málaga","890",5
"YAMAHA","Tracer 9 GT","Murcia","890",3
"YAMAHA","Tracer 9 GT","Navarra","890",8
"YAMAHA","Tracer 9 GT","Ourense","890",2
"YAMAHA","Tracer 9 GT","Palmas (Las)","890",4
"YAMAHA","Tracer 9 GT","Pontevedra","890",6
"YAMAHA","Tracer 9 GT","Rioja (La)","890",2
"YAMAHA","Tracer 9 GT","Santa Cruz de Tenerife","890",2
"YAMAHA","Tracer 9 GT","Sevilla","890",5
"YAMAHA","Tracer 9 GT","Tarragona","890",11
"YAMAHA","Tracer 9 GT","Toledo","890",2
"YAMAHA","Tracer 9 GT","Valencia/València","890",19
"YAMAHA","Tracer 9 GT","Valladolid","890",4
"YAMAHA","Tracer 9 GT","Zaragoza","890",2
"YAMAHA","TRICITY 125","Alicante/Alacant","125",4
"YAMAHA","TRICITY 125","Asturias","125",1
"YAMAHA","TRICITY 125","Barcelona","125",1
"YAMAHA","TRICITY 125","Gipuzkoa","125",1
"YAMAHA","TRICITY 125","Madrid","125",2
"YAMAHA","TRICITY 125","Sevilla","125",1
"YAMAHA","TRICITY 125","Tarragona","125",1
"YAMAHA","XMAX 300","Álava/Araba","292",2
"YAMAHA","XMAX 300","Albacete","292",2
"YAMAHA","XMAX 300","Alicante/Alacant","292",9
"YAMAHA","XMAX 300","Almería","292",2
"YAMAHA","XMAX 300","Asturias","292",2
"YAMAHA","XMAX 300","Badajoz","292",2
"YAMAHA","XMAX 300","Barcelona","292",45
"YAMAHA","XMAX 300","Bizkaia","292",6
"YAMAHA","XMAX 300","Burgos","292",1
"YAMAHA","XMAX 300","Cádiz","292",12
"YAMAHA","XMAX 300","Cantabria","292",11
"YAMAHA","XMAX 300","Castellón/Castelló","292",1
"YAMAHA","XMAX 300","Ceuta","292",3
"YAMAHA","XMAX 300","Córdoba","292",2
"YAMAHA","XMAX 300","Coruña (A)","292",5
"YAMAHA","XMAX 300","Cuenca","292",1
"YAMAHA","XMAX 300","Gipuzkoa","292",2
"YAMAHA","XMAX 300","Girona","292",6
"YAMAHA","XMAX 300","Granada","292",6
"YAMAHA","XMAX 300","Huelva","292",2
"YAMAHA","XMAX 300","Illes Balears","292",20
"YAMAHA","XMAX 300","Jaén","292",2
"YAMAHA","XMAX 300","León","292",2
"YAMAHA","XMAX 300","Lugo","292",1
"YAMAHA","XMAX 300","Madrid","292",22
"YAMAHA","XMAX 300","Málaga","292",26
"YAMAHA","XMAX 300","Murcia","292",7
"YAMAHA","XMAX 300","Navarra","292",1
"YAMAHA","XMAX 300","Ourense","292",1
"YAMAHA","XMAX 300","Palmas (Las)","292",10
"YAMAHA","XMAX 300","Pontevedra","292",8
"YAMAHA","XMAX 300","Rioja (La)","292",1
"YAMAHA","XMAX 300","Salamanca","292",1
"YAMAHA","XMAX 300","Santa Cruz de Tenerife","292",9
"YAMAHA","XMAX 300","Sevilla","292",12
"YAMAHA","XMAX 300","Tarragona","292",9
"YAMAHA","XMAX 300","Toledo","292",3
"YAMAHA","XMAX 300","Valencia/València","292",19
"YAMAHA","XMAX 300","Valladolid","292",4
"YAMAHA","XMAX 300","Zaragoza","292",1
"YAMAHA","XMAX125","Albacete","125",1
"YAMAHA","XMAX125","Alicante/Alacant","125",14
"YAMAHA","XMAX125","Almería","125",4
"YAMAHA","XMAX125","Badajoz","125",2
"YAMAHA","XMAX125","Barcelona","125",62
"YAMAHA","XMAX125","Bizkaia","125",3
"YAMAHA","XMAX125","Cádiz","125",16
"YAMAHA","XMAX125","Cantabria","125",6
"YAMAHA","XMAX125","Castellón/Castelló","125",3
"YAMAHA","XMAX125","Ceuta","125",1
"YAMAHA","XMAX125","Ciudad Real","125",1
"YAMAHA","XMAX125","Córdoba","125",1
"YAMAHA","XMAX125","Coruña (A)","125",1
"YAMAHA","XMAX125","Gipuzkoa","125",1
"YAMAHA","XMAX125","Girona","125",10
"YAMAHA","XMAX125","Granada","125",7
"YAMAHA","XMAX125","Huelva","125",3
"YAMAHA","XMAX125","Illes Balears","125",10
"YAMAHA","XMAX125","Jaén","125",3
"YAMAHA","XMAX125","León","125",1
"YAMAHA","XMAX125","Lleida","125",3
"YAMAHA","XMAX125","Madrid","125",32
"YAMAHA","XMAX125","Málaga","125",19
"YAMAHA","XMAX125","Melilla","125",3
"YAMAHA","XMAX125","Murcia","125",5
"YAMAHA","XMAX125","Navarra","125",4
"YAMAHA","XMAX125","Ourense","125",1
"YAMAHA","XMAX125","Palmas (Las)","125",14
"YAMAHA","XMAX125","Pontevedra","125",6
"YAMAHA","XMAX125","Rioja (La)","125",3
"YAMAHA","XMAX125","Salamanca","125",1
"YAMAHA","XMAX125","Santa Cruz de Tenerife","125",2
"YAMAHA","XMAX125","Sevilla","125",29
"YAMAHA","XMAX125","Tarragona","125",7
"YAMAHA","XMAX125","Toledo","125",2
"YAMAHA","XMAX125","Valencia/València","125",35
"YAMAHA","XMAX125","Valladolid","125",1
"YAMAHA","XMAX125","Zamora","125",1
"YAMAHA","XMAX125","Zaragoza","125",6
"YAMAHA","XSR-900","Alicante/Alacant","890",1
"YAMAHA","XSR-900","Barcelona","890",8
"YAMAHA","XSR-900","Coruña (A)","890",1
"YAMAHA","XSR-900","Granada","890",1
"YAMAHA","XSR-900","Illes Balears","890",1
"YAMAHA","XSR-900","León","890",1
"YAMAHA","XSR-900","Madrid","890",5
"YAMAHA","XSR-900","Málaga","890",2
"YAMAHA","XSR-900","Murcia","890",4
"YAMAHA","XSR-900","Palmas (Las)","890",1
"YAMAHA","XSR-900","Valladolid","890",1
"YAMAHA","XSR700","Albacete","689",1
"YAMAHA","XSR700","Barcelona","689",2
"YAMAHA","XSR700","Córdoba","689",1
"YAMAHA","XSR700","Coruña (A)","689",1
"YAMAHA","XSR700","Granada","689",1
"YAMAHA","XSR700","Madrid","689",3
"YAMAHA","XSR700","Málaga","689",2
"YAMAHA","XSR700","Navarra","689",1
"YAMAHA","XSR700","Palmas (Las)","689",2
"YAMAHA","XSR700","Pontevedra","689",1
"YAMAHA","XSR700","Rioja (La)","689",1
"YAMAHA","XSR700","Valencia/València","689",2
"YAMAHA","XTZ 700 Tenere","Álava/Araba","689",1
"YAMAHA","XTZ 700 Tenere","Albacete","689",1
"YAMAHA","XTZ 700 Tenere","Alicante/Alacant","689",6
"YAMAHA","XTZ 700 Tenere","Asturias","689",3
"YAMAHA","XTZ 700 Tenere","Badajoz","689",5
"YAMAHA","XTZ 700 Tenere","Barcelona","689",34
"YAMAHA","XTZ 700 Tenere","Bizkaia","689",1
"YAMAHA","XTZ 700 Tenere","Burgos","689",1
"YAMAHA","XTZ 700 Tenere","Cádiz","689",11
"YAMAHA","XTZ 700 Tenere","Cantabria","689",4
"YAMAHA","XTZ 700 Tenere","Ceuta","689",3
"YAMAHA","XTZ 700 Tenere","Ciudad Real","689",1
"YAMAHA","XTZ 700 Tenere","Córdoba","689",3
"YAMAHA","XTZ 700 Tenere","Coruña (A)","689",3
"YAMAHA","XTZ 700 Tenere","Gipuzkoa","689",1
"YAMAHA","XTZ 700 Tenere","Girona","689",6
"YAMAHA","XTZ 700 Tenere","Granada","689",8
"YAMAHA","XTZ 700 Tenere","Guadalajara","689",1
"YAMAHA","XTZ 700 Tenere","Huelva","689",4
"YAMAHA","XTZ 700 Tenere","Illes Balears","689",12
"YAMAHA","XTZ 700 Tenere","Jaén","689",3
"YAMAHA","XTZ 700 Tenere","León","689",1
"YAMAHA","XTZ 700 Tenere","Lleida","689",3
"YAMAHA","XTZ 700 Tenere","Lugo","689",1
"YAMAHA","XTZ 700 Tenere","Madrid","689",30
"YAMAHA","XTZ 700 Tenere","Málaga","689",17
"YAMAHA","XTZ 700 Tenere","Murcia","689",3
"YAMAHA","XTZ 700 Tenere","Navarra","689",3
"YAMAHA","XTZ 700 Tenere","Ourense","689",1
"YAMAHA","XTZ 700 Tenere","Palencia","689",1
"YAMAHA","XTZ 700 Tenere","Palmas (Las)","689",1
"YAMAHA","XTZ 700 Tenere","Pontevedra","689",2
"YAMAHA","XTZ 700 Tenere","Rioja (La)","689",1
"YAMAHA","XTZ 700 Tenere","Salamanca","689",1
"YAMAHA","XTZ 700 Tenere","Santa Cruz de Tenerife","689",5
"YAMAHA","XTZ 700 Tenere","Sevilla","689",17
"YAMAHA","XTZ 700 Tenere","Tarragona","689",5
"YAMAHA","XTZ 700 Tenere","Teruel","689",2
"YAMAHA","XTZ 700 Tenere","Toledo","689",2
"YAMAHA","XTZ 700 Tenere","Valencia/València","689",8
"YAMAHA","XTZ 700 Tenere","Zamora","689",1
"YAMAHA","XTZ 700 Tenere","Zaragoza","689",3
"YAMAHA","YZF-R3","Barcelona","321",2
"YAMAHA","YZF-R3","Córdoba","321",1
"YAMAHA","YZF-R3","Girona","321",1
"YAMAHA","YZF-R3","Madrid","321",5
"YAMAHA","YZF-R3","Sevilla","321",1
"YAMAHA","YZF-R3","Tarragona","321",1
"YAMAHA","YZF-R3","Valencia/València","321",1
"YAMAHA","YZF-R9","Barcelona","890",2
"YAMAHA","YZF1000","Asturias","998",1
"YAMAHA","YZF1000D","Granada","998",1
"YAMAHA","YZF1000D","Málaga","998",1
"YAMAHA","YZF1000D","Santa Cruz de Tenerife","998",1
"YAMAHA","YZF690","Alicante/Alacant","689",2
"YAMAHA","YZF690","Coruña (A)","689",1
"YAMAHA","YZF690","Madrid","689",3
"YAMAHA","YZF690","Murcia","689",1
"YAMAHA","YZF690","Pontevedra","689",1
"YAMAHA","YZF690","Sevilla","689",1
"YAMAHA","YZF690","Tarragona","689",1
"YAMAHA","YZF690-U","Alicante/Alacant","689",1
"YAMAHA","YZF690-U","Barcelona","689",3
"YAMAHA","YZF690-U","León","689",1
"YAMAHA","YZF690-U","Málaga","689",1
"YAMAHA","YZF690-U","Santa Cruz de Tenerife","689",1
"ZONTES","125C","Álava/Araba","125",3
"ZONTES","125C","Albacete","125",4
"ZONTES","125C","Alicante/Alacant","125",14
"ZONTES","125C","Almería","125",3
"ZONTES","125C","Asturias","125",4
"ZONTES","125C","Ávila","125",1
"ZONTES","125C","Barcelona","125",26
"ZONTES","125C","Bizkaia","125",3
"ZONTES","125C","Cáceres","125",1
"ZONTES","125C","Cádiz","125",7
"ZONTES","125C","Cantabria","125",4
"ZONTES","125C","Castellón/Castelló","125",3
"ZONTES","125C","Ciudad Real","125",2
"ZONTES","125C","Córdoba","125",5
"ZONTES","125C","Coruña (A)","125",6
"ZONTES","125C","Cuenca","125",1
"ZONTES","125C","Gipuzkoa","125",2
"ZONTES","125C","Girona","125",3
"ZONTES","125C","Granada","125",3
"ZONTES","125C","Guadalajara","125",2
"ZONTES","125C","Huelva","125",3
"ZONTES","125C","Illes Balears","125",21
"ZONTES","125C","León","125",1
"ZONTES","125C","Lleida","125",2
"ZONTES","125C","Madrid","125",27
"ZONTES","125C","Málaga","125",7
"ZONTES","125C","Murcia","125",15
"ZONTES","125C","Navarra","125",2
"ZONTES","125C","Ourense","125",1
"ZONTES","125C","Palmas (Las)","125",3
"ZONTES","125C","Pontevedra","125",3
"ZONTES","125C","Rioja (La)","125",3
"ZONTES","125C","Salamanca","125",2
"ZONTES","125C","Santa Cruz de Tenerife","125",9
"ZONTES","125C","Sevilla","125",7
"ZONTES","125C","Tarragona","125",4
"ZONTES","125C","Toledo","125",4
"ZONTES","125C","Valencia/València","125",8
"ZONTES","125C","Valladolid","125",2
"ZONTES","125C","Zaragoza","125",4
"ZONTES","125D","Alicante/Alacant","125",2
"ZONTES","125D","Almería","125",3
"ZONTES","125D","Asturias","125",1
"ZONTES","125D","Barcelona","125",29
"ZONTES","125D","Bizkaia","125",4
"ZONTES","125D","Cádiz","125",1
"ZONTES","125D","Castellón/Castelló","125",2
"ZONTES","125D","Ciudad Real","125",2
"ZONTES","125D","Gipuzkoa","125",5
"ZONTES","125D","Girona","125",1
"ZONTES","125D","Granada","125",1
"ZONTES","125D","Huelva","125",2
"ZONTES","125D","Illes Balears","125",9
"ZONTES","125D","León","125",1
"ZONTES","125D","Madrid","125",13
"ZONTES","125D","Málaga","125",6
"ZONTES","125D","Murcia","125",4
"ZONTES","125D","Navarra","125",1
"ZONTES","125D","Santa Cruz de Tenerife","125",3
"ZONTES","125D","Sevilla","125",1
"ZONTES","125D","Toledo","125",1
"ZONTES","125D","Valencia/València","125",11
"ZONTES","125E","Alicante/Alacant","125",5
"ZONTES","125E","Almería","125",2
"ZONTES","125E","Asturias","125",4
"ZONTES","125E","Barcelona","125",31
"ZONTES","125E","Bizkaia","125",1
"ZONTES","125E","Cáceres","125",1
"ZONTES","125E","Cádiz","125",3
"ZONTES","125E","Castellón/Castelló","125",1
"ZONTES","125E","Ceuta","125",1
"ZONTES","125E","Córdoba","125",3
"ZONTES","125E","Coruña (A)","125",1
"ZONTES","125E","Gipuzkoa","125",2
"ZONTES","125E","Girona","125",2
"ZONTES","125E","Granada","125",2
"ZONTES","125E","Huelva","125",1
"ZONTES","125E","Illes Balears","125",17
"ZONTES","125E","León","125",2
"ZONTES","125E","Madrid","125",14
"ZONTES","125E","Málaga","125",6
"ZONTES","125E","Murcia","125",5
"ZONTES","125E","Palmas (Las)","125",4
"ZONTES","125E","Pontevedra","125",6
"ZONTES","125E","Santa Cruz de Tenerife","125",1
"ZONTES","125E","Sevilla","125",4
"ZONTES","125E","Tarragona","125",4
"ZONTES","125E","Valencia/València","125",13
"ZONTES","125E","Valladolid","125",1
"ZONTES","125E","Zaragoza","125",3
"ZONTES","125M","Alicante/Alacant","125",1
"ZONTES","125M","Barcelona","125",6
"ZONTES","125M","Bizkaia","125",1
"ZONTES","125M","Cádiz","125",2
"ZONTES","125M","Castellón/Castelló","125",1
"ZONTES","125M","Córdoba","125",1
"ZONTES","125M","Granada","125",1
"ZONTES","125M","Illes Balears","125",2
"ZONTES","125M","Madrid","125",6
"ZONTES","125M","Palmas (Las)","125",1
"ZONTES","125M","Salamanca","125",1
"ZONTES","125M","Santa Cruz de Tenerife","125",1
"ZONTES","125M","Sevilla","125",1
"ZONTES","125M","Valencia/València","125",3
"ZONTES","125M","Valladolid","125",1
"ZONTES","350D","Alicante/Alacant","349",3
"ZONTES","350D","Badajoz","349",1
"ZONTES","350D","Barcelona","349",12
"ZONTES","350D","Bizkaia","349",1
"ZONTES","350D","Gipuzkoa","349",1
"ZONTES","350D","Girona","349",1
"ZONTES","350D","Lleida","349",1
"ZONTES","350D","Lugo","349",1
"ZONTES","350D","Madrid","349",1
"ZONTES","350D","Santa Cruz de Tenerife","349",2
"ZONTES","350D","Tarragona","349",1
"ZONTES","350D","Valencia/València","349",3
"ZONTES","350E","Alicante/Alacant","349",4
"ZONTES","350E","Almería","349",1
"ZONTES","350E","Asturias","349",4
"ZONTES","350E","Barcelona","349",18
"ZONTES","350E","Cádiz","349",1
"ZONTES","350E","Coruña (A)","349",2
"ZONTES","350E","Granada","349",2
"ZONTES","350E","Madrid","349",10
"ZONTES","350E","Murcia","349",1
"ZONTES","350E","Pontevedra","349",4
"ZONTES","350E","Santa Cruz de Tenerife","349",1
"ZONTES","350E","Sevilla","349",2
"ZONTES","350E","Valencia/València","349",10
"ZONTES","350E","Valladolid","349",1
"ZONTES","350E","Zaragoza","349",1
"ZONTES","350M","Alicante/Alacant","349",1
"ZONTES","350M","Barcelona","349",1
"ZONTES","350M","Castellón/Castelló","349",1
"ZONTES","350M","Madrid","349",1
"ZONTES","350M","Málaga","349",1
"ZONTES","350M","Palmas (Las)","349",1
"ZONTES","350M","Valencia/València","349",1
"ZONTES","350R","Almería","348",1
"ZONTES","350R","Barcelona","348",1
"ZONTES","350R","Guadalajara","348",1
"ZONTES","350R","Madrid","348",1
"ZONTES","350R","Málaga","348",3
"ZONTES","350R","Murcia","348",1
"ZONTES","350R","Pontevedra","348",1
"ZONTES","350S","Girona","348",1
"ZONTES","350S","Granada","348",1
"ZONTES","350S","Madrid","348",1
"ZONTES","350S","Málaga","348",1
"ZONTES","350S","Palmas (Las)","348",1
"ZONTES","350T","Barcelona","348",1
"ZONTES","350X","Albacete","348",1
"ZONTES","350X","Barcelona","348",1
"ZONTES","350X","Madrid","348",1
"ZONTES","350X","Valencia/València","348",1
"ZONTES","350X","Zamora","348",1
"ZONTES","350X","Zaragoza","348",1
"ZONTES","368D","Barcelona","368",4
"ZONTES","368D","Bizkaia","368",3
"ZONTES","368D","Cáceres","368",1
"ZONTES","368D","Cádiz","368",1
"ZONTES","368D","Illes Balears","368",2
"ZONTES","368D","Madrid","368",1
"ZONTES","368D","Málaga","368",3
"ZONTES","368D","Murcia","368",1
"ZONTES","368D","Sevilla","368",1
"ZONTES","368D","Toledo","368",1
"ZONTES","368D","Valencia/València","368",3
"ZONTES","368E","Alicante/Alacant","368",1
"ZONTES","368E","Asturias","368",1
"ZONTES","368E","Barcelona","368",2
"ZONTES","368E","Bizkaia","368",1
"ZONTES","368E","Cantabria","368",2
"ZONTES","368E","Córdoba","368",2
"ZONTES","368E","Gipuzkoa","368",1
"ZONTES","368E","Granada","368",1
"ZONTES","368E","Illes Balears","368",6
"ZONTES","368E","Jaén","368",1
"ZONTES","368E","Madrid","368",10
"ZONTES","368E","Málaga","368",4
"ZONTES","368E","Murcia","368",3
"ZONTES","368E","Navarra","368",1
"ZONTES","368E","Palmas (Las)","368",1
"ZONTES","368E","Salamanca","368",1
"ZONTES","368E","Santa Cruz de Tenerife","368",1
"ZONTES","368E","Tarragona","368",1
"ZONTES","368E","Toledo","368",3
"ZONTES","368E","Valencia/València","368",4
"ZONTES","368E","Valladolid","368",2
"ZONTES","368E","Zaragoza","368",1
"ZONTES","368G","Álava/Araba","368",5
"ZONTES","368G","Albacete","368",6
"ZONTES","368G","Alicante/Alacant","368",50
"ZONTES","368G","Almería","368",9
"ZONTES","368G","Asturias","368",5
"ZONTES","368G","Badajoz","368",1
"ZONTES","368G","Barcelona","368",102
"ZONTES","368G","Bizkaia","368",7
"ZONTES","368G","Burgos","368",3
"ZONTES","368G","Cáceres","368",5
"ZONTES","368G","Cádiz","368",32
"ZONTES","368G","Cantabria","368",7
"ZONTES","368G","Castellón/Castelló","368",3
"ZONTES","368G","Ceuta","368",4
"ZONTES","368G","Ciudad Real","368",1
"ZONTES","368G","Córdoba","368",8
"ZONTES","368G","Coruña (A)","368",7
"ZONTES","368G","Gipuzkoa","368",7
"ZONTES","368G","Girona","368",12
"ZONTES","368G","Granada","368",19
"ZONTES","368G","Huelva","368",7
"ZONTES","368G","Huesca","368",1
"ZONTES","368G","Illes Balears","368",25
"ZONTES","368G","Jaén","368",3
"ZONTES","368G","León","368",2
"ZONTES","368G","Lleida","368",4
"ZONTES","368G","Lugo","368",2
"ZONTES","368G","Madrid","368",63
"ZONTES","368G","Málaga","368",48
"ZONTES","368G","Melilla","368",9
"ZONTES","368G","Murcia","368",22
"ZONTES","368G","Navarra","368",9
"ZONTES","368G","Ourense","368",1
"ZONTES","368G","Palencia","368",2
"ZONTES","368G","Palmas (Las)","368",33
"ZONTES","368G","Pontevedra","368",10
"ZONTES","368G","Rioja (La)","368",2
"ZONTES","368G","Salamanca","368",1
"ZONTES","368G","Santa Cruz de Tenerife","368",10
"ZONTES","368G","Sevilla","368",20
"ZONTES","368G","Tarragona","368",8
"ZONTES","368G","Toledo","368",8
"ZONTES","368G","Valencia/València","368",40
"ZONTES","368G","Valladolid","368",2
"ZONTES","368G","Zamora","368",1
"ZONTES","368G","Zaragoza","368",7
"ZONTES","368K","Alicante/Alacant","368",5
"ZONTES","368K","Asturias","368",1
"ZONTES","368K","Barcelona","368",8
"ZONTES","368K","Bizkaia","368",2
"ZONTES","368K","Cádiz","368",1
"ZONTES","368K","Córdoba","368",2
"ZONTES","368K","Gipuzkoa","368",5
"ZONTES","368K","Granada","368",3
"ZONTES","368K","Illes Balears","368",2
"ZONTES","368K","Madrid","368",6
"ZONTES","368K","Málaga","368",2
"ZONTES","368K","Murcia","368",1
"ZONTES","368K","Palmas (Las)","368",1
"ZONTES","368K","Sevilla","368",2
"ZONTES","368K","Valencia/València","368",7
"ZONTES","368M","Valencia/València","368",3
"ZONTES","703F","Álava/Araba","699",3
"ZONTES","703F","Albacete","699",1
"ZONTES","703F","Alicante/Alacant","699",7
"ZONTES","703F","Almería","699",3
"ZONTES","703F","Asturias","699",4
"ZONTES","703F","Ávila","699",1
"ZONTES","703F","Badajoz","699",1
"ZONTES","703F","Barcelona","699",40
"ZONTES","703F","Bizkaia","699",4
"ZONTES","703F","Burgos","699",3
"ZONTES","703F","Cáceres","699",2
"ZONTES","703F","Cádiz","699",4
"ZONTES","703F","Cantabria","699",3
"ZONTES","703F","Castellón/Castelló","699",1
"ZONTES","703F","Ceuta","699",1
"ZONTES","703F","Ciudad Real","699",4
"ZONTES","703F","Córdoba","699",5
"ZONTES","703F","Coruña (A)","699",2
"ZONTES","703F","Cuenca","699",1
"ZONTES","703F","Girona","699",5
"ZONTES","703F","Granada","699",8
"ZONTES","703F","Guadalajara","699",2
"ZONTES","703F","Illes Balears","699",6
"ZONTES","703F","Jaén","699",4
"ZONTES","703F","León","699",1
"ZONTES","703F","Lleida","699",2
"ZONTES","703F","Lugo","699",3
"ZONTES","703F","Madrid","699",21
"ZONTES","703F","Málaga","699",12
"ZONTES","703F","Murcia","699",11
"ZONTES","703F","Navarra","699",3
"ZONTES","703F","Palencia","699",1
"ZONTES","703F","Palmas (Las)","699",2
"ZONTES","703F","Pontevedra","699",6
"ZONTES","703F","Rioja (La)","699",3
"ZONTES","703F","Salamanca","699",2
"ZONTES","703F","Santa Cruz de Tenerife","699",3
"ZONTES","703F","Sevilla","699",12
"ZONTES","703F","Tarragona","699",6
"ZONTES","703F","Teruel","699",1
"ZONTES","703F","Toledo","699",3
"ZONTES","703F","Valencia/València","699",18
"ZONTES","703F","Valladolid","699",2
"ZONTES","703F","Zaragoza","699",5
"ZONTES","703RR","Valencia/València","699",10
"ZONTES","C125","León","125",1
"ZONTES","C125","Zaragoza","125",1
"ZONTES","D125","Murcia","125",1
"ZONTES","D125","Navarra","125",1
"ZONTES","D350","Coruña (A)","349",1
"ZONTES","E125","Álava/Araba","125",1
"ZONTES","E125","Alicante/Alacant","125",1
"ZONTES","E350","Alicante/Alacant","349",1
"ZONTES","E350","Coruña (A)","349",1
"ZONTES","E350","Granada","349",1
"ZONTES","E350","Madrid","349",1
"ZONTES","E350","Murcia","349",1
"ZONTES","E350","Ourense","349",1
"ZONTES","E350","Salamanca","349",1
"ZONTES","GK350","Asturias","348",1
"ZONTES","GK350","Granada","348",1
"ZONTES","GK350","Madrid","348",2
"ZONTES","GK350","Pontevedra","348",1
"ZONTES","GK350","Santa Cruz de Tenerife","348",1
"ZONTES","GK350","Valencia/València","348",3
"ZONTES","M310","Cádiz","309",1
"ZONTES","M310","Sevilla","309",1
"ZONTES","M350","Murcia","349",1
"ZONTES","T350","Málaga","348",1
"ZONTES","ZT125-G1","Alicante/Alacant","125",2
"ZONTES","ZT125-G1","Almería","125",7
"ZONTES","ZT125-G1","Asturias","125",3
"ZONTES","ZT125-G1","Barcelona","125",10
"ZONTES","ZT125-G1","Bizkaia","125",1
"ZONTES","ZT125-G1","Cádiz","125",1
"ZONTES","ZT125-G1","Cantabria","125",2
"ZONTES","ZT125-G1","Castellón/Castelló","125",3
"ZONTES","ZT125-G1","Ciudad Real","125",2
"ZONTES","ZT125-G1","Córdoba","125",2
"ZONTES","ZT125-G1","Coruña (A)","125",1
"ZONTES","ZT125-G1","Girona","125",1
"ZONTES","ZT125-G1","Granada","125",1
"ZONTES","ZT125-G1","Guadalajara","125",1
"ZONTES","ZT125-G1","Illes Balears","125",3
"ZONTES","ZT125-G1","León","125",1
"ZONTES","ZT125-G1","Lleida","125",1
"ZONTES","ZT125-G1","Madrid","125",17
"ZONTES","ZT125-G1","Málaga","125",2
"ZONTES","ZT125-G1","Murcia","125",5
"ZONTES","ZT125-G1","Santa Cruz de Tenerife","125",3
"ZONTES","ZT125-G1","Tarragona","125",2
"ZONTES","ZT125-G1","Toledo","125",4
"ZONTES","ZT125-G1","Valencia/València","125",7
"ZONTES","ZT125-G1","Valladolid","125",2
"ZONTES","ZT125-GK","Asturias","125",1
"ZONTES","ZT125-GK","Barcelona","125",3
"ZONTES","ZT125-GK","Bizkaia","125",1
"ZONTES","ZT125-GK","Córdoba","125",1
"ZONTES","ZT125-GK","Coruña (A)","125",1
"ZONTES","ZT125-GK","Granada","125",1
"ZONTES","ZT125-GK","Murcia","125",1
"ZONTES","ZT125-GK","Rioja (La)","125",1
"ZONTES","ZT125-GK","Salamanca","125",1
"ZONTES","ZT125-U","Álava/Araba","125",1
"ZONTES","ZT125-U","Albacete","125",2
"ZONTES","ZT125-U","Alicante/Alacant","125",8
"ZONTES","ZT125-U","Almería","125",1
"ZONTES","ZT125-U","Ávila","125",1
"ZONTES","ZT125-U","Badajoz","125",1
"ZONTES","ZT125-U","Barcelona","125",11
"ZONTES","ZT125-U","Cádiz","125",1
"ZONTES","ZT125-U","Cantabria","125",1
"ZONTES","ZT125-U","Castellón/Castelló","125",2
"ZONTES","ZT125-U","Córdoba","125",1
"ZONTES","ZT125-U","Girona","125",1
"ZONTES","ZT125-U","Granada","125",1
"ZONTES","ZT125-U","Illes Balears","125",1
"ZONTES","ZT125-U","León","125",1
"ZONTES","ZT125-U","Lleida","125",1
"ZONTES","ZT125-U","Madrid","125",5
"ZONTES","ZT125-U","Málaga","125",3
"ZONTES","ZT125-U","Murcia","125",1
"ZONTES","ZT125-U","Palmas (Las)","125",1
"ZONTES","ZT125-U","Pontevedra","125",1
"ZONTES","ZT125-U","Sevilla","125",1
"ZONTES","ZT125-U","Tarragona","125",1
"ZONTES","ZT125-U","Valencia/València","125",5
"ZONTES","ZT125-U","Valladolid","125",2
"ZONTES","ZT125-U","Zamora","125",1
"ZONTES","ZT125-U","Zaragoza","125",1
"ZONTES","ZT125-U1","Alicante/Alacant","125",1
"ZONTES","ZT125-U1","Almería","125",3
"ZONTES","ZT125-U1","Badajoz","125",1
"ZONTES","ZT125-U1","Barcelona","125",4
"ZONTES","ZT125-U1","Cádiz","125",1
"ZONTES","ZT125-U1","Castellón/Castelló","125",1
"ZONTES","ZT125-U1","Ciudad Real","125",1
"ZONTES","ZT125-U1","Coruña (A)","125",3
"ZONTES","ZT125-U1","Cuenca","125",2
"ZONTES","ZT125-U1","Gipuzkoa","125",2
"ZONTES","ZT125-U1","Girona","125",3
"ZONTES","ZT125-U1","Granada","125",1
"ZONTES","ZT125-U1","Guadalajara","125",1
"ZONTES","ZT125-U1","Illes Balears","125",1
"ZONTES","ZT125-U1","Jaén","125",1
"ZONTES","ZT125-U1","Lleida","125",2
"ZONTES","ZT125-U1","Madrid","125",7
"ZONTES","ZT125-U1","Málaga","125",4
"ZONTES","ZT125-U1","Murcia","125",2
"ZONTES","ZT125-U1","Navarra","125",1
"ZONTES","ZT125-U1","Ourense","125",1
"ZONTES","ZT125-U1","Palmas (Las)","125",1
"ZONTES","ZT125-U1","Salamanca","125",1
"ZONTES","ZT125-U1","Santa Cruz de Tenerife","125",2
"ZONTES","ZT125-U1","Segovia","125",2
"ZONTES","ZT125-U1","Sevilla","125",2
"ZONTES","ZT125-U1","Tarragona","125",2
"ZONTES","ZT125-U1","Valencia/València","125",3
"ZONTES","ZT125-U1","Valladolid","125",1
"ZONTES","ZT125-U1","Zaragoza","125",1
"ZONTES","ZT125-Z2","Albacete","125",1
"ZONTES","ZT125-Z2","Alicante/Alacant","125",3
"ZONTES","ZT125-Z2","Almería","125",2
"ZONTES","ZT125-Z2","Asturias","125",2
"ZONTES","ZT125-Z2","Badajoz","125",1
"ZONTES","ZT125-Z2","Barcelona","125",8
"ZONTES","ZT125-Z2","Bizkaia","125",2
"ZONTES","ZT125-Z2","Burgos","125",1
"ZONTES","ZT125-Z2","Cáceres","125",2
"ZONTES","ZT125-Z2","Cádiz","125",1
"ZONTES","ZT125-Z2","Castellón/Castelló","125",1
"ZONTES","ZT125-Z2","Ciudad Real","125",2
"ZONTES","ZT125-Z2","Córdoba","125",1
"ZONTES","ZT125-Z2","Coruña (A)","125",1
"ZONTES","ZT125-Z2","Cuenca","125",1
"ZONTES","ZT125-Z2","Gipuzkoa","125",1
"ZONTES","ZT125-Z2","Girona","125",1
"ZONTES","ZT125-Z2","Granada","125",4
"ZONTES","ZT125-Z2","Huelva","125",1
"ZONTES","ZT125-Z2","Illes Balears","125",7
"ZONTES","ZT125-Z2","Jaén","125",1
"ZONTES","ZT125-Z2","Lleida","125",1
"ZONTES","ZT125-Z2","Madrid","125",13
"ZONTES","ZT125-Z2","Málaga","125",5
"ZONTES","ZT125-Z2","Murcia","125",5
"ZONTES","ZT125-Z2","Palmas (Las)","125",1
"ZONTES","ZT125-Z2","Pontevedra","125",1
"ZONTES","ZT125-Z2","Santa Cruz de Tenerife","125",3
"ZONTES","ZT125-Z2","Sevilla","125",3
"ZONTES","ZT125-Z2","Tarragona","125",3
"ZONTES","ZT125-Z2","Teruel","125",1
"ZONTES","ZT125-Z2","Valencia/València","125",6
"ZONTES","ZT125-Z2","Valladolid","125",1
