FEC_MATRICULA,COD_CLASE_MAT,FEC_TRAMITACION,MARCA_ITV,MODELO_ITV,PROVINCIA_VEH,COMUNIDAD_AUTONOMA,CILINDRADA_ITV
"26052026","0","","ZONTES","368G","Valladolid","Castilla y León","368"
"26052026","0","","ZONTES","368G","Barcelona","Cataluña","368"
"26052026","0","","ZONTES","ZT125-U1","Valladolid","Castilla y León","125"
"26052026","0","","VOGE","SR1ADV","Barcelona","Cataluña","125"
"26052026","0","","QJMOTOR","SQ 16 E5+","Barcelona","Cataluña","125"
"26052026","0","","MOTO MORINI","X-CAPE 1200","Málaga","Andalucía","1187"
"26052026","0","","BENDA","NAPOLEON","Bizkaia","País Vasco","476"
"26052026","0","","BAJAJ","PULSAR NS 125","Cantabria","Cantabria","124"
"26052026","0","","PEUGEOT","TWEET FL 125 CC","Murcia","Región de Murcia","125"
"26052026","0","","SUZUKI","ADDRESS 125","Málaga","Andalucía","124"
"26052026","0","","CFMOTO","450MT","Ávila","Castilla y León","449"
"26052026","0","","HERO MOTOCORP","X PULSE 200 4V","Almería","Andalucía","200"
"26052026","0","","HONDA","PCX125","Palmas (Las)","Canarias","125"
"26052026","0","","KYMCO","DTX","Tarragona","Cataluña","124"
"26052026","0","","KAWASAKI","Z900","Burgos","Castilla y León","948"
"26052026","0","","VOGE","DS900X","Granada","Andalucía","895"
"26052026","0","","MITT","125GP","Barcelona","Cataluña","124"
"26052026","0","","PIAGGIO","LIBERTY 125 ABS","Illes Balears","Illes Balears","124"
"26052026","0","","KEEWAY","RKF 125 ABS","Badajoz","Extremadura","125"
"26052026","0","","HONDA","SH125i","Girona","Cataluña","125"
"26052026","0","","HONDA","ADV 750","Girona","Cataluña","745"
"26052026","0","","HONDA","XL750 Transalp","Alicante/Alacant","Comunidad Valenciana","755"
"26052026","0","","VOGE","R125","Santa Cruz de Tenerife","Canarias","125"
"26052026","0","","HONDA","ADV 350","Barcelona","Cataluña","330"
"26052026","0","","HONDA","CB500FAC","Barcelona","Cataluña","471"
"26052026","0","","YAMAHA","XMAX125","Cádiz","Andalucía","125"
"26052026","0","","TRIUMPH","SCRAMBLER 400 X","Palmas (Las)","Canarias","398"
"26052026","0","","HONDA","XL750 Transalp","Sevilla","Andalucía","755"
"26052026","0","","HONDA","SH125i","Barcelona","Cataluña","125"
"26052026","0","","ROYAL ENFIELD","HIMALAYAN 452","Almería","Andalucía","452"
"26052026","0","","HONDA","ADV 750","Barcelona","Cataluña","745"
"26052026","0","","MACBOR","ROCKSTER 125 EVO E5+","Santa Cruz de Tenerife","Canarias","125"
"26052026","0","","YAMAHA","YZF690-U","Girona","Cataluña","689"
"26052026","0","","MORBIDELLI","SC125LX","Asturias","Principado de Asturias","125"
"26052026","0","","HONDA","CL500","Barcelona","Cataluña","471"
"26052026","0","","PIAGGIO","LIBERTY 125 ABS","Jaén","Andalucía","124"
"26052026","0","","HONDA","CBF 125","Barcelona","Cataluña","125"
"26052026","0","","PEUGEOT","DJANGO","Illes Balears","Illes Balears","125"
"26052026","0","","ZONTES","368G","Barcelona","Cataluña","368"
"26052026","0","","ZONTES","368G","Madrid","Comunidad de Madrid","368"
"26052026","0","","YAMAHA","WR125","Barcelona","Cataluña","125"
"26052026","0","","CYCLONE","RX600","Santa Cruz de Tenerife","Canarias","550"
"26052026","0","","ZONTES","125C","Barcelona","Cataluña","125"
"26052026","0","","YAMAHA","RayZR 125","Barcelona","Cataluña","125"
"26052026","0","","YAMAHA","NMAX125","Barcelona","Cataluña","125"
"26052026","0","","DUCATI","MULTISTRADA V4","Málaga","Andalucía","1158"
"26052026","0","","YAMAHA","WR125","Girona","Cataluña","125"
"26052026","0","","KYMCO","DTX","Alicante/Alacant","Comunidad Valenciana","321"
"26052026","0","","SUZUKI","GSX-S 1000","Santa Cruz de Tenerife","Canarias","999"
"26052026","0","","YAMAHA","NMAX125","Valencia/València","Comunidad Valenciana","125"
"26052026","0","","ZONTES","125D","Barcelona","Cataluña","125"
"26052026","0","","YAMAHA","XMAX 300","Barcelona","Cataluña","292"
"26052026","0","","HERO MOTOCORP","X PULSE 200 4V","Barcelona","Cataluña","200"
"26052026","0","","YAMAHA","XTZ 700 Tenere","Sevilla","Andalucía","689"
"26052026","0","","DUCATI","PANIGALE V2","Palmas (Las)","Canarias","890"
"26052026","0","","YAMAHA","TMAX 560","Castellón/Castelló","Comunidad Valenciana","562"
"26052026","0","","YAMAHA","XMAX125","Barcelona","Cataluña","125"
"26052026","0","","KAWASAKI","Z900","Palmas (Las)","Canarias","948"
"26052026","0","","SUZUKI","GSX-8S","Asturias","Principado de Asturias","776"
"26052026","0","","BMW","R 1300 GS","Madrid","Comunidad de Madrid","1300"
"26052026","0","","ZONTES","368D","Coruña (A)","Galicia","368"
"26052026","0","","YAMAHA","XMAX 300","Tarragona","Cataluña","292"
"26052026","0","","YAMAHA","XMAX125","Sevilla","Andalucía","125"
"26052026","0","","BMW","F 900 GS ADVENTURE","Córdoba","Andalucía","895"
"26052026","0","","KAWASAKI","Z500","Barcelona","Cataluña","451"
"26052026","0","","KYMCO","AGILITY S","Barcelona","Cataluña","125"
"26052026","0","","TRIUMPH","DAYTONA 660","Palmas (Las)","Canarias","660"
"26052026","0","","MH MOTORCYCLES","VRT","Córdoba","Andalucía","124"
"26052026","0","","HONDA","PCX125","Córdoba","Andalucía","125"
"26052026","0","","VOGE","DS800X RALLY","Valencia/València","Comunidad Valenciana","798"
"26052026","0","","VOGE","DS900X","Cádiz","Andalucía","895"
"26052026","0","","ZONTES","125C","Illes Balears","Illes Balears","125"
"26052026","0","","YAMAHA","MT-07","Madrid","Comunidad de Madrid","689"
"26052026","0","","HONDA","CBR650RA","Palmas (Las)","Canarias","649"
"26052026","0","","VOGE","DS900X","Illes Balears","Illes Balears","895"
"26052026","0","","SYM","JET X","Castellón/Castelló","Comunidad Valenciana","125"
"26052026","0","","HARLEY-DAVIDSON","STREET BOB","Barcelona","Cataluña","1923"
"26052026","0","","VOGE","DS900X","Illes Balears","Illes Balears","895"
"26052026","0","","NEXT","NX2 125I","Cantabria","Cantabria","125"
"26052026","0","","CYCLONE","RX2","Almería","Andalucía","124"
"26052026","0","","YAMAHA","R125","Málaga","Andalucía","125"
"26052026","0","","YAMAHA","TMAX 560","Sevilla","Andalucía","562"
"26052026","0","","HONDA","XL750 Transalp","Barcelona","Cataluña","755"
"26052026","0","","VOGE","300RALLY","Granada","Andalucía","292"
"26052026","0","","APRILIA","RX 125","Santa Cruz de Tenerife","Canarias","124"
"26052026","0","","VOGE","625DSX","Illes Balears","Illes Balears","581"
"26052026","0","","HONDA","PCX125","Palmas (Las)","Canarias","125"
"26052026","0","","HONDA","FORZA125","Sevilla","Andalucía","125"
"26052026","0","","DUCATI","PANIGALE V4","Murcia","Región de Murcia","1103"
"26052026","0","","YAMAHA","RayZR 125","Cádiz","Andalucía","125"
"26052026","0","","VOGE","SR3","Huelva","Andalucía","244"
"26052026","0","","SYM","JET X","Girona","Cataluña","125"
"26052026","0","","YAMAHA","XMAX125","Murcia","Región de Murcia","125"
"26052026","0","","HONDA","SH125i","Barcelona","Cataluña","125"
"26052026","0","","ZONTES","368G","Barcelona","Cataluña","368"
"26052026","0","","PEUGEOT","TWEET FL 125 CC","Lugo","Galicia","125"
"26052026","0","","KYMCO","DTX","Badajoz","Extremadura","321"
"26052026","0","","BMW","C 400 GT","Tarragona","Cataluña","350"
"26052026","0","","YAMAHA","NMAX125","Castellón/Castelló","Comunidad Valenciana","125"
"26052026","0","","UM","RENEGADE VEGAS 125","Coruña (A)","Galicia","124"
"26052026","0","","HONDA","CB650RA","Palmas (Las)","Canarias","649"
"26052026","0","","HONDA","FORZA 350","Cádiz","Andalucía","330"
"26052026","0","","HONDA","PCX125","Málaga","Andalucía","125"
"26052026","0","","PIAGGIO","LIBERTY 125 ABS","Illes Balears","Illes Balears","124"
"26052026","0","","YAMAHA","NMAX125","Zaragoza","Aragón","125"
"26052026","0","","HONDA","PCX125","Palmas (Las)","Canarias","125"
"26052026","0","","PIAGGIO","VESPA PRIMAVERA 125","Madrid","Comunidad de Madrid","124"
"26052026","0","","HONDA","PCX125","Barcelona","Cataluña","125"
"26052026","0","","YAMAHA","NMAX125","Madrid","Comunidad de Madrid","125"
"26052026","0","","ZONTES","703RR","Barcelona","Cataluña","699"
"26052026","0","","KYMCO","AGILITY S","Girona","Cataluña","125"
"26052026","0","","YAMAHA","XMAX 300","Gipuzkoa","País Vasco","292"
"26052026","0","","HONDA","ADV 350","Zaragoza","Aragón","330"
"26052026","0","","TRIUMPH","TIGER 900 ALPINE EDITI","Madrid","Comunidad de Madrid","888"
"26052026","0","","HONDA","ADV 350","Valladolid","Castilla y León","330"
"26052026","0","","MOTO GUZZI","V7 STONE","Madrid","Comunidad de Madrid","853"
"26052026","0","","BMW","F 900 R","Girona","Cataluña","895"
"26052026","0","","BMW","C 400 GT","Madrid","Comunidad de Madrid","350"
"26052026","0","","BMW","F 900 GS","Girona","Cataluña","895"
"26052026","0","","KYMCO","AGILITY S","Cádiz","Andalucía","125"
"26052026","0","","HONDA","FORZA 350","Almería","Andalucía","330"
"26052026","0","","KYMCO","DTX","Sevilla","Andalucía","124"
"26052026","0","","VOGE","DS525X","Pontevedra","Galicia","494"
"26052026","0","","ZONTES","125C","Zaragoza","Aragón","125"
"26052026","0","","YAMAHA","WR125","Cuenca","Castilla-La Mancha","125"
"26052026","0","","HONDA","ADV 750","Palmas (Las)","Canarias","745"
"26052026","0","","MORBIDELLI","SC125LX","Córdoba","Andalucía","125"
"26052026","0","","VOGE","DS900X","Coruña (A)","Galicia","895"
"26052026","0","","HONDA","FORZA 350","Barcelona","Cataluña","330"
"26052026","0","","YAMAHA","NMAX125","Barcelona","Cataluña","125"
"26052026","0","","VOGE","SR1ADV","Madrid","Comunidad de Madrid","125"
"26052026","0","","CFMOTO","800MT","Málaga","Andalucía","799"
"26052026","0","","BENELLI","BN125","Asturias","Principado de Asturias","125"
"26052026","0","","YAMAHA","NMAX125","Jaén","Andalucía","125"
"26052026","0","","APRILIA","SR GT 125","Sevilla","Andalucía","125"
"26052026","0","","KYMCO","DTX","Ourense","Galicia","124"
"26052026","0","","BMW","R 1300 RT","Toledo","Castilla-La Mancha","1300"
"26052026","0","","PIAGGIO","MEDLEY 125","Cádiz","Andalucía","125"
"26052026","0","","ZONTES","368G","Sevilla","Andalucía","368"
"26052026","0","","HUSQVARNA","HUSQVARNA 901 NORDEN","Coruña (A)","Galicia","889"
"26052026","0","","VOGE","625DSX","Barcelona","Cataluña","581"
"26052026","0","","HONDA","SH125i","Barcelona","Cataluña","125"
"26052026","0","","VOGE","SR1ADV","Cádiz","Andalucía","125"
"26052026","0","","HONDA","CBR 650 R","Pontevedra","Galicia","649"
"26052026","0","","ZONTES","703RR","Valladolid","Castilla y León","699"
"26052026","0","","RIEJU","XPLORA 707","Barcelona","Cataluña","698"
"26052026","0","","YAMAHA","NMAX125","Madrid","Comunidad de Madrid","125"
"26052026","0","","KYMCO","DTX","Badajoz","Extremadura","321"
"26052026","0","","ROYAL ENFIELD","SHOTGUN 650","Illes Balears","Illes Balears","648"
"26052026","0","","ZONTES","368G","Huelva","Andalucía","368"
"26052026","0","","CFMOTO","450MT","Sevilla","Andalucía","449"
"26052026","0","","YAMAHA","TMAX 560","Pontevedra","Galicia","562"
"26052026","0","","RIEJU","X-OVER 357","Illes Balears","Illes Balears","330"
"26052026","0","","HONDA","FORZA 750","Málaga","Andalucía","745"
"26052026","0","","ZONTES","125C","Huelva","Andalucía","125"
"26052026","0","","HONDA","CRF1100L Africa Twin","Santa Cruz de Tenerife","Canarias","1084"
"26052026","0","","YAMAHA","NMAX125","Madrid","Comunidad de Madrid","125"
"26052026","0","","YAMAHA","TRACER 700","Sevilla","Andalucía","689"
"26052026","0","","SYM","JET 14","Girona","Cataluña","125"
"26052026","0","","YAMAHA","XMAX 300","Málaga","Andalucía","292"
"26052026","0","","APRILIA","SX 125","Sevilla","Andalucía","124"
"26052026","0","","CYCLONE","RX600","Santa Cruz de Tenerife","Canarias","550"
"26052026","0","","VOGE","SR1ADV","Granada","Andalucía","125"
"26052026","0","","VOGE","SR3","Palmas (Las)","Canarias","244"
"26052026","0","","CYCLONE","RX600","Pontevedra","Galicia","550"
"26052026","0","","HONDA","ADV 750","Santa Cruz de Tenerife","Canarias","745"
"26052026","0","","HONDA","ADV 350","Girona","Cataluña","330"
"26052026","0","","VOGE","DS900X","Madrid","Comunidad de Madrid","895"
"26052026","0","","YAMAHA","NMAX125","Barcelona","Cataluña","125"
"26052026","0","","KAWASAKI","NINJA 500","Madrid","Comunidad de Madrid","451"
"26052026","0","","HONDA","CBR500","Madrid","Comunidad de Madrid","471"
"26052026","0","","HONDA","FORZA125","Bizkaia","País Vasco","125"
"26052026","0","","HONDA","NX500","Alicante/Alacant","Comunidad Valenciana","471"
"26052026","0","","YAMAHA","NMAX125","Madrid","Comunidad de Madrid","125"
"26052026","0","","HONDA","PCX125","Alicante/Alacant","Comunidad Valenciana","125"
"26052026","0","","MH MOTORCYCLES","VRT","Illes Balears","Illes Balears","124"
"26052026","0","","HONDA","PCX125","Valencia/València","Comunidad Valenciana","125"
"26052026","0","","DUCATI","SCRAMBLER ICON DARK","Bizkaia","País Vasco","803"
"26052026","0","","YAMAHA","NMAX125","Córdoba","Andalucía","125"
"26052026","0","","HONDA","CRF1100L Africa Twin","Alicante/Alacant","Comunidad Valenciana","1084"
"26052026","0","","HONDA","ADV 750","Tarragona","Cataluña","745"
"26052026","0","","VOGE","R125S","Madrid","Comunidad de Madrid","125"
"26052026","0","","HONDA","FORZA125","Cádiz","Andalucía","125"
"26052026","0","","SWM","C-FLY 125","Santa Cruz de Tenerife","Canarias","125"
"26052026","0","","ZONTES","125E","Madrid","Comunidad de Madrid","125"
"26052026","0","","HONDA","VISION 110","Girona","Cataluña","109"
"26052026","0","","YAMAHA","NMAX125","Albacete","Castilla-La Mancha","125"
"26052026","0","","VOGE","DS800X RALLY","Valencia/València","Comunidad Valenciana","798"
"26052026","0","","HONDA","XL750 Transalp","Córdoba","Andalucía","755"
"26052026","0","","HONDA","ADV 350","Sevilla","Andalucía","330"
"26052026","0","","HONDA","ADV 350","Madrid","Comunidad de Madrid","330"
"26052026","0","","PIAGGIO","VESPA PRIMAVERA 125","Gipuzkoa","País Vasco","124"
"26052026","0","","VOGE","DS900X","Murcia","Región de Murcia","895"
"26052026","0","","VOGE","SR4 MAX","Toledo","Castilla-La Mancha","350"
"26052026","0","","BMW","F 900 R","Madrid","Comunidad de Madrid","895"
"26052026","0","","PIAGGIO","BEVERLY 310 HPE","Madrid","Comunidad de Madrid","310"
"26052026","0","","ZONTES","125C","Barcelona","Cataluña","125"
"26052026","0","","KTM","KTM 125 DUKE","Albacete","Castilla-La Mancha","125"
"26052026","0","","HONDA","CB650RA","Cuenca","Castilla-La Mancha","649"
"26052026","0","","APRILIA","TUONO V4","Alicante/Alacant","Comunidad Valenciana","1077"
"26052026","0","","BMW","C 400 GT","Barcelona","Cataluña","350"
"26052026","0","","RIEJU","NOT APPLICABLE","Badajoz","Extremadura","124"
"26052026","0","","ZONTES","368G","Málaga","Andalucía","368"
"26052026","0","","HONDA","FORZA125","Tarragona","Cataluña","125"
"26052026","0","","PIAGGIO","LIBERTY 125 ABS","Illes Balears","Illes Balears","124"
"26052026","0","","DUCATI","MULTISTRADA V2","Coruña (A)","Galicia","890"
"26052026","0","","INDIAN","SCOUT BOBBER LIMITED +","Murcia","Región de Murcia","1250"
"26052026","0","","ZONTES","703F","Barcelona","Cataluña","699"
"26052026","0","","VOGE","SR16","Valencia/València","Comunidad Valenciana","125"
"26052026","0","","HONDA","FORZA 350","Cádiz","Andalucía","330"
"26052026","0","","HONDA","PCX125","Alicante/Alacant","Comunidad Valenciana","125"
"26052026","0","","HONDA","PCX125","Málaga","Andalucía","125"
"26052026","0","","CFMOTO","1000MT-X","Málaga","Andalucía","946"
"26052026","0","","MACBOR","ROCKSTER 125 EVO E5+","Palmas (Las)","Canarias","125"
"26052026","0","","SYM","SYMPHONY 125","Illes Balears","Illes Balears","125"
"26052026","0","","HONDA","NC 750 X","Valencia/València","Comunidad Valenciana","745"
"26052026","0","","KAWASAKI","VERSYS 650","Málaga","Andalucía","649"
"26052026","0","","VOGE","625DSX","Almería","Andalucía","581"
"26052026","0","","KEEWAY","VIESTE 125","Barcelona","Cataluña","125"
"26052026","0","","YAMAHA","NMAX125","Málaga","Andalucía","125"
"26052026","0","","MORBIDELLI","F352","Barcelona","Cataluña","349"
"26052026","0","","ZONTES","368G","Madrid","Comunidad de Madrid","368"
"26052026","0","","SYM","SYMPHONY 125","Gipuzkoa","País Vasco","125"
"26052026","0","","VOGE","SR1ADV","Málaga","Andalucía","125"
"26052026","0","","PIAGGIO","VESPA PRIMAVERA 125","Alicante/Alacant","Comunidad Valenciana","124"
"26052026","0","","HONDA","SH125i","Barcelona","Cataluña","125"
"26052026","0","","KYMCO","DTX","Barcelona","Cataluña","321"
"26052026","0","","HONDA","Rebel 500","Palmas (Las)","Canarias","471"
"26052026","0","","PIAGGIO","VESPA PRIMAVERA 125","Málaga","Andalucía","124"
"26052026","0","","YAMAHA","R125","Madrid","Comunidad de Madrid","125"
"26052026","0","","MOTO MORINI","SEIEMMEZZO","Valencia/València","Comunidad Valenciana","649"
"26052026","0","","HONDA","NC 750 X","Barcelona","Cataluña","745"
"26052026","0","","VOGE","DS900X","Madrid","Comunidad de Madrid","895"
"26052026","0","","PEUGEOT","KISBEE M","Barcelona","Cataluña","125"
"26052026","0","","MV AGUSTA","BRUTALE 1000 RS","Madrid","Comunidad de Madrid","998"
"26052026","0","","HONDA","ADV 750","Palmas (Las)","Canarias","745"
"26052026","0","","ZONTES","125C","Alicante/Alacant","Comunidad Valenciana","125"
"26052026","0","","SYM","JET 14","Castellón/Castelló","Comunidad Valenciana","125"
"26052026","0","","BENELLI","TRK 702","Illes Balears","Illes Balears","698"
"26052026","0","","VOGE","R125S","Valencia/València","Comunidad Valenciana","125"
"26052026","0","","HONDA","PCX125","Santa Cruz de Tenerife","Canarias","125"
"26052026","0","","YAMAHA","TRACER 700","Barcelona","Cataluña","689"
"26052026","0","","SYM","JET 14","Barcelona","Cataluña","125"
"26052026","0","","KYMCO","AGILITY S","Cantabria","Cantabria","125"
"26052026","0","","DUCATI","MONSTER WHITE","Navarra","Comunidad Foral de Navarra","890"
"26052026","0","","PIAGGIO","LIBERTY 125 ABS","Illes Balears","Illes Balears","124"
"26052026","0","","HONDA","PCX125","Cádiz","Andalucía","125"
"26052026","0","","KYMCO","AGILITY S","Sevilla","Andalucía","125"
"26052026","0","","HONDA","FORZA125","Madrid","Comunidad de Madrid","125"
"26052026","0","","VOGE","DS525X","Barcelona","Cataluña","494"
"26052026","0","","BMW","S 1000 R","Sevilla","Andalucía","999"
"26052026","0","","HONDA","CL500","Zaragoza","Aragón","471"
"26052026","0","","YAMAHA","MT-09","Illes Balears","Illes Balears","890"
"26052026","0","","HONDA","PCX125","Illes Balears","Illes Balears","125"
"26052026","0","","HONDA","PCX125","Madrid","Comunidad de Madrid","125"
"26052026","0","","YAMAHA","MT-125","Madrid","Comunidad de Madrid","125"
"26052026","0","","HONDA","ADV 750","Tarragona","Cataluña","745"
"26052026","0","","HONDA","ADV 750","Madrid","Comunidad de Madrid","745"
"26052026","0","","VOGE","SR16","Barcelona","Cataluña","125"
"26052026","0","","HONDA","SH Mode 125","Valencia/València","Comunidad Valenciana","125"
"26052026","0","","YAMAHA","NMAX125","Madrid","Comunidad de Madrid","125"
"26052026","0","","ZONTES","368G","Barcelona","Cataluña","368"
"26052026","0","","YAMAHA","NMAX125","Barcelona","Cataluña","125"
"26052026","0","","ZONTES","ZT125-Z2","Sevilla","Andalucía","125"
"26052026","0","","YAMAHA","RayZR 125","Granada","Andalucía","125"
"26052026","0","","PEUGEOT","KISBEE M","Ciudad Real","Castilla-La Mancha","125"
"26052026","0","","YAMAHA","NMAX125","Barcelona","Cataluña","125"
"26052026","0","","SYM","JET X","Málaga","Andalucía","125"
"26052026","0","","KYMCO","AGILITY S","Almería","Andalucía","125"
"26052026","0","","SYM","SYMPHONY 125","Barcelona","Cataluña","125"
"26052026","0","","YAMAHA","MT-125","Rioja (La)","La Rioja","125"
"26052026","0","","HONDA","NX500","Rioja (La)","La Rioja","471"
"26052026","0","","EFUN","LION","Palmas (Las)","Canarias","125"
"26052026","0","","KYMCO","DTX","Toledo","Castilla-La Mancha","321"
"26052026","0","","KYMCO","DTX","Illes Balears","Illes Balears","321"
"26052026","0","","ZONTES","ZT125-U1","Barcelona","Cataluña","125"
"26052026","0","","MH MOTORCYCLES","VR10","Granada","Andalucía","124"
"26052026","0","","TRIUMPH","TIGER 900 GT PRO","Zaragoza","Aragón","888"
"26052026","0","","SUZUKI","GSX-8S","Guadalajara","Castilla-La Mancha","776"
"26052026","0","","CFMOTO","450MT","Madrid","Comunidad de Madrid","449"
"26052026","0","","HONDA","VISION 110","Valladolid","Castilla y León","109"
"26052026","0","","MITT","KYLIN 750","Valencia/València","Comunidad Valenciana","730"
"26052026","0","","HONDA","CBF 125","Barcelona","Cataluña","125"
"26052026","0","","KYMCO","AGILITY S","Sevilla","Andalucía","125"
"26052026","0","","HONDA","VISION 110","Barcelona","Cataluña","109"
"26052026","0","","ROYAL ENFIELD","GUERRILLA 450","Alicante/Alacant","Comunidad Valenciana","452"
"26052026","0","","PIAGGIO","VESPA PRIMAVERA 125","Madrid","Comunidad de Madrid","124"
"26052026","0","","HONDA","CB750 Hornet","Barcelona","Cataluña","755"
"26052026","0","","MH MOTORCYCLES","VRT","Barcelona","Cataluña","124"
"26052026","0","","HONDA","MSX125A","Santa Cruz de Tenerife","Canarias","124"
"26052026","0","","MOTO GUZZI","STELVIO "DUECENTO TRIB","Valencia/València","Comunidad Valenciana","1042"
"26052026","0","","BMW","F 900 XR","Madrid","Comunidad de Madrid","895"
"26052026","0","","PIAGGIO","LIBERTY 125 ABS","Cádiz","Andalucía","124"
"26052026","0","","SYM","SYMPHONY 125","Granada","Andalucía","125"
"26052026","0","","ZONTES","368G","Barcelona","Cataluña","368"
"26052026","0","","KYMCO","AGILITY S","Madrid","Comunidad de Madrid","125"
"26052026","0","","HONDA","SH125i","Barcelona","Cataluña","125"
"26052026","0","","KYMCO","AGILITY S","Jaén","Andalucía","125"
"26052026","0","","ZONTES","368G","Barcelona","Cataluña","368"
"26052026","0","","BENDA","CHINCHILLA 350","Zaragoza","Aragón","343"
"26052026","0","","KYMCO","SKYTOWN 125","Castellón/Castelló","Comunidad Valenciana","125"
"26052026","0","","HONDA","ADV 350","Coruña (A)","Galicia","330"
"26052026","0","","HONDA","CRF1100L Africa Twin","Barcelona","Cataluña","1084"
"26052026","0","","HONDA","PCX125","Pontevedra","Galicia","125"
"26052026","0","","ZONTES","368G","Cantabria","Cantabria","368"
"26052026","0","","PIAGGIO","LIBERTY 125 ABS","Illes Balears","Illes Balears","124"
"26052026","0","","KYMCO","SKYTOWN 125","Madrid","Comunidad de Madrid","125"
"26052026","0","","HONDA","NX500","Girona","Cataluña","471"
"26052026","0","","TRIUMPH","TRIDENT 660 - TRIPLE T","Valencia/València","Comunidad Valenciana","660"
"26052026","0","","KYMCO","AGILITY S","Alicante/Alacant","Comunidad Valenciana","125"
"26052026","0","","VOGE","R125S","Valencia/València","Comunidad Valenciana","125"
"26052026","0","","BAJAJ","PULSAR NS 125","Valencia/València","Comunidad Valenciana","124"
"26052026","0","","PIAGGIO","VESPA PRIMAVERA 125","Madrid","Comunidad de Madrid","124"
"26052026","0","","YAMAHA","NMAX125","Illes Balears","Illes Balears","125"
"26052026","0","","MH MOTORCYCLES","TRAY","Granada","Andalucía","125"
"26052026","0","","HONDA","CB750 Hornet","Castellón/Castelló","Comunidad Valenciana","755"
"26052026","0","","ZONTES","703F","Madrid","Comunidad de Madrid","699"
"26052026","0","","KOVE","KOVE 800 X GT","Barcelona","Cataluña","799"
"26052026","0","","HONDA","PCX125","Madrid","Comunidad de Madrid","125"
"26052026","0","","KAWASAKI","NINJA ZX-6R","Ourense","Galicia","636"
"26052026","0","","HONDA","SH125i","Málaga","Andalucía","125"
"26052026","0","","HONDA","ADV 350","Girona","Cataluña","330"
"26052026","0","","HONDA","PCX125","Sevilla","Andalucía","125"
"26052026","0","","VOGE","R125S","Ciudad Real","Castilla-La Mancha","125"
"26052026","0","","NEXT","NX2 125I","Huelva","Andalucía","125"
"26052026","0","","QJMOTOR","MTX 125 E5+","Madrid","Comunidad de Madrid","125"
"26052026","0","","VOGE","625DSX","Cádiz","Andalucía","581"
"26052026","0","","KEEWAY","V-CRUISE","Tarragona","Cataluña","125"
"26052026","0","","HONDA","PCX125","Bizkaia","País Vasco","125"
"26052026","0","","APRILIA","SR GT 200","Huelva","Andalucía","174"
"26052026","0","","YAMAHA","MT-07","Barcelona","Cataluña","689"
"26052026","0","","KYMCO","DTX","Murcia","Región de Murcia","321"
"26052026","0","","ZONTES","368G","Bizkaia","País Vasco","368"
"26052026","0","","VOGE","R125","Barcelona","Cataluña","125"
"26052026","0","","KTM","KTM 790 ADVENTURE","Santa Cruz de Tenerife","Canarias","799"
"26052026","0","","NEXT","NX CROSS 125I","Murcia","Región de Murcia","125"
"26052026","0","","RIEJU","NKD 125","Asturias","Principado de Asturias","124"
"26052026","0","","HONDA","PCX125","Málaga","Andalucía","125"
"26052026","0","","PIAGGIO","LIBERTY 125 ABS","Illes Balears","Illes Balears","124"
"26052026","0","","VOGE","DS900X","Jaén","Andalucía","895"
"26052026","0","","ZONTES","368G","Barcelona","Cataluña","368"
"26052026","0","","YAMAHA","RayZR 125","Cádiz","Andalucía","125"
"26052026","0","","YAMAHA","XMAX125","Barcelona","Cataluña","125"
"26052026","0","","KYMCO","DTX","Palmas (Las)","Canarias","124"
"26052026","0","","ZONTES","368G","Barcelona","Cataluña","368"
"26052026","0","","ZONTES","125C","Barcelona","Cataluña","125"
"26052026","0","","TRIUMPH","TIGER 900 ALPINE EDITI","Barcelona","Cataluña","888"
"26052026","0","","CFMOTO","800MT-X","Valladolid","Castilla y León","799"
"26052026","0","","CYCLONE","CARRERA 125","Tarragona","Cataluña","125"
"26052026","0","","HONDA","PCX125","Jaén","Andalucía","125"
"26052026","0","","VOGE","SR1ADV","Granada","Andalucía","125"
"26052026","0","","KTM","KTM 990 RC R","Granada","Andalucía","947"
"26052026","0","","MORBIDELLI","SC 125","Tarragona","Cataluña","125"
"26052026","0","","YAMAHA","R125","Alicante/Alacant","Comunidad Valenciana","125"
"26052026","0","","SYM","JET X","Barcelona","Cataluña","125"
"26052026","0","","YAMAHA","NMAX125","Cádiz","Andalucía","125"
"26052026","0","","SUZUKI","GSX-S125","Sevilla","Andalucía","124"
"26052026","0","","HONDA","Z125MA","Málaga","Andalucía","124"
"26052026","0","","HONDA","PCX125","Santa Cruz de Tenerife","Canarias","125"
"26052026","0","","HONDA","CB650RA","Barcelona","Cataluña","649"
"26052026","0","","HUSQVARNA","HUSQVARNA 801 SVARTPIL","Ourense","Galicia","799"
"26052026","0","","HONDA","PCX125","Barcelona","Cataluña","125"
"26052026","0","","VOGE","DS800X RALLY","Palencia","Castilla y León","798"
"26052026","0","","BMW","R 1300 GS","Asturias","Principado de Asturias","1300"
"26052026","0","","PIAGGIO","LIBERTY 125 ABS","Illes Balears","Illes Balears","124"
"26052026","0","","APRILIA","SR GT 125","Cádiz","Andalucía","125"
"26052026","0","","HONDA","NX500","Barcelona","Cataluña","471"
"26052026","0","","ZONTES","368G","Asturias","Principado de Asturias","368"
"26052026","0","","HONDA","XL750 Transalp","Illes Balears","Illes Balears","755"
"26052026","0","","ZONTES","368G","Cádiz","Andalucía","368"
"26052026","0","","MORBIDELLI","NR125X","Gipuzkoa","País Vasco","125"
"26052026","0","","HONDA","CB750 Hornet","Barcelona","Cataluña","755"
"26052026","0","","HONDA","VISION 110","Barcelona","Cataluña","109"
"26052026","0","","HARLEY-DAVIDSON","NIGHTSTER SPECIAL","Sevilla","Andalucía","975"
"26052026","0","","HONDA","NT1100","Barcelona","Cataluña","1084"
"26052026","0","","YAMAHA","XSR700","Córdoba","Andalucía","689"
"26052026","0","","ZONTES","ZT125-Z2","Barcelona","Cataluña","125"
"26052026","0","","HONDA","FORZA125","Barcelona","Cataluña","125"
"26052026","0","","BMW","F 900 R","Lleida","Cataluña","895"
"26052026","0","","HONDA","CB750 Hornet","Madrid","Comunidad de Madrid","755"
"26052026","0","","SYM","ADX 300 TCS","Cádiz","Andalucía","278"
"26052026","0","","HONDA","ADV 350","Barcelona","Cataluña","330"
"26052026","0","","BMW","C 400 GT","Salamanca","Castilla y León","350"
"26052026","0","","VOGE","SR16","Valencia/València","Comunidad Valenciana","125"
"26052026","0","","MORBIDELLI","T352X","Pontevedra","Galicia","349"
"26052026","0","","YAMAHA","XTZ 700 Tenere","Barcelona","Cataluña","689"
"26052026","0","","HONDA","FORZA125","Almería","Andalucía","125"
"26052026","0","","SYM","SYMPHONY 125","Barcelona","Cataluña","125"
"26052026","0","","YAMAHA","NMAX125","Cádiz","Andalucía","125"
"26052026","0","","CFMOTO","800MT-X","Madrid","Comunidad de Madrid","799"
"26052026","0","","HONDA","FORZA125","Sevilla","Andalucía","125"
"26052026","0","","KYMCO","PEOPLE S 125 E5+","Gipuzkoa","País Vasco","125"
"26052026","0","","KYMCO","DTX","Palmas (Las)","Canarias","124"
"26052026","0","","HONDA","FORZA 750","Badajoz","Extremadura","745"
"26052026","0","","SYM","JET 14","Palmas (Las)","Canarias","125"
"26052026","0","","HONDA","CB650RA","Santa Cruz de Tenerife","Canarias","649"
"26052026","0","","CFMOTO","450MT","Sevilla","Andalucía","449"
"26052026","0","","HONDA","PCX125","Madrid","Comunidad de Madrid","125"
"26052026","0","","PIAGGIO","LIBERTY 125 ABS","Málaga","Andalucía","124"
"26052026","0","","ROYAL ENFIELD","HIMALAYAN 452","Málaga","Andalucía","452"
"26052026","0","","YAMAHA","NMAX125","Barcelona","Cataluña","125"
"26052026","0","","BMW","R 1300 GS","Illes Balears","Illes Balears","1300"
"26052026","0","","KYMCO","DTX","Madrid","Comunidad de Madrid","124"
"26052026","0","","ZONTES","368G","Barcelona","Cataluña","368"
"26052026","0","","KAWASAKI","Z650","Madrid","Comunidad de Madrid","649"
"26052026","0","","HONDA","GB350S","Cantabria","Cantabria","348"
"26052026","0","","YAMAHA","MT-125","Valencia/València","Comunidad Valenciana","125"
"26052026","0","","KAWASAKI","KLE500","Alicante/Alacant","Comunidad Valenciana","451"
"26052026","0","","YAMAHA","XMAX 300","Barcelona","Cataluña","292"
"26052026","0","","LETBE","VELOCITY","Gipuzkoa","País Vasco","125"
"26052026","0","","QJMOTOR","SRT 900 S","Barcelona","Cataluña","904"
"26052026","0","","ZONTES","125M","Tarragona","Cataluña","125"
"26052026","0","","BAJAJ","PULSAR NS 125","Castellón/Castelló","Comunidad Valenciana","124"
"26052026","0","","KTM","KTM 390 ADVENTURE R","Almería","Andalucía","399"
"26052026","0","","YAMAHA","NMAX125","Barcelona","Cataluña","125"
"26052026","0","","PIAGGIO","LIBERTY 125 ABS","Illes Balears","Illes Balears","124"
"26052026","0","","KTM","KTM 125 DUKE","Barcelona","Cataluña","125"
"26052026","0","","PIAGGIO","LIBERTY 125 ABS","Illes Balears","Illes Balears","124"
"26052026","0","","BMW","F 900 XR","Barcelona","Cataluña","895"
"26052026","0","","HONDA","FORZA 350","Salamanca","Castilla y León","330"
"26052026","0","","ZONTES","368G","Valencia/València","Comunidad Valenciana","368"
"26052026","0","","SYM","ADX 125 ABS","Barcelona","Cataluña","125"
"26052026","0","","ZONTES","ZT125-Z2","Alicante/Alacant","Comunidad Valenciana","125"
"26052026","0","","QJMOTOR","FORT 125 N E5+","Girona","Cataluña","125"
"26052026","0","","SYM","SYMPHONY 125","Tarragona","Cataluña","125"
"26052026","0","","VOGE","DS900X","Valladolid","Castilla y León","895"
"26052026","0","","ZONTES","368M","Palencia","Castilla y León","368"
"26052026","0","","HONDA","PCX125","Cantabria","Cantabria","125"
"26052026","0","","TRIUMPH","STREET TRIPLE R (A2)","Illes Balears","Illes Balears","765"
"26052026","0","","PIAGGIO","LIBERTY 125 ABS","Illes Balears","Illes Balears","124"
"26052026","0","","VOGE","625DSX","Gipuzkoa","País Vasco","581"
"26052026","0","","SYM","SYMPHONY 125","Alicante/Alacant","Comunidad Valenciana","125"
"26052026","0","","RIEJU","NKD 125","Alicante/Alacant","Comunidad Valenciana","124"
"26052026","0","","PEUGEOT","TWEET FL 125 CC","Asturias","Principado de Asturias","125"
"26052026","0","","YAMAHA","NMAX125","Madrid","Comunidad de Madrid","125"
"26052026","0","","KYMCO","AGILITY S","Bizkaia","País Vasco","125"
"26052026","0","","HONDA","CMX1100","Cádiz","Andalucía","1084"
"26052026","0","","YAMAHA","WR125","Toledo","Castilla-La Mancha","125"
"26052026","0","","BMW","R 1300 GS ADVENTURE","Madrid","Comunidad de Madrid","1300"
"26052026","0","","KAWASAKI","W230","Illes Balears","Illes Balears","233"
"26052026","0","","YAMAHA","NMAX125","Illes Balears","Illes Balears","125"
"26052026","0","","CYCLONE","RX2","Girona","Cataluña","124"
"26052026","0","","YAMAHA","TMAX 560","Cantabria","Cantabria","562"
"26052026","0","","SUZUKI","ADDRESS 125","Málaga","Andalucía","124"
"26052026","0","","SYM","ADX 300 TCS","Sevilla","Andalucía","278"
"26052026","0","","YAMAHA","NMAX125","Toledo","Castilla-La Mancha","125"
"26052026","0","","BMW","R 1300 GS","Madrid","Comunidad de Madrid","1300"
"26052026","0","","HONDA","PCX125","Málaga","Andalucía","125"
"26052026","0","","KYMCO","DTX 350","Málaga","Andalucía","321"
"26052026","0","","GASGAS","EC 300","Asturias","Principado de Asturias","293"
"26052026","0","","YAMAHA","NMAX125","Cádiz","Andalucía","125"
"26052026","0","","VOGE","SR3","Jaén","Andalucía","244"
"26052026","0","","BMW","F 900 XR","Murcia","Región de Murcia","895"
"26052026","0","","KYMCO","SKYTOWN 125","Cádiz","Andalucía","125"
"26052026","0","","HONDA","GB350S","Valencia/València","Comunidad Valenciana","348"
"26052026","0","","KYMCO","AGILITY S","Illes Balears","Illes Balears","125"
"26052026","0","","KEEWAY","RKS 125","Madrid","Comunidad de Madrid","124"
"26052026","0","","YAMAHA","RayZR 125","Málaga","Andalucía","125"
"26052026","0","","HONDA","SH Mode 125","Coruña (A)","Galicia","125"
"26052026","0","","VOGE","DS800X RALLY","Huelva","Andalucía","798"
"26052026","0","","KYMCO","AGILITY S","Palmas (Las)","Canarias","125"
"26052026","0","","KYMCO","AGILITY S","Alicante/Alacant","Comunidad Valenciana","125"
"26052026","0","","BMW","R 1300 RT","Almería","Andalucía","1300"
"26052026","0","","VOGE","DS800X RALLY","Cáceres","Extremadura","798"
"26052026","0","","ZONTES","368G","Barcelona","Cataluña","368"
"26052026","0","","SYM","SYMPHONY 125","Córdoba","Andalucía","125"
"26052026","0","","YAMAHA","XMAX125","Sevilla","Andalucía","125"
"26052026","0","","YAMAHA","NMAX125","Málaga","Andalucía","125"
"26052026","0","","ZONTES","368G","Barcelona","Cataluña","368"
"26052026","0","","VOGE","R125","Valencia/València","Comunidad Valenciana","125"
"26052026","0","","MACBOR","MONTANA XR1 125 EVO","Madrid","Comunidad de Madrid","124"
"26052026","0","","MITT","IBIZA","Murcia","Región de Murcia","125"
"26052026","0","","BMW","F 900 R","Madrid","Comunidad de Madrid","895"
"26052026","0","","VOGE","DS900X","Madrid","Comunidad de Madrid","895"
"26052026","0","","BMW","R 1300 R","Palmas (Las)","Canarias","1300"
"26052026","0","","KYMCO","DTX","Cádiz","Andalucía","124"
"26052026","0","","KEEWAY","GEMMA","Almería","Andalucía","117"
"26052026","0","","ZONTES","368G","Málaga","Andalucía","368"
"26052026","0","","CFMOTO","800MT-X","Málaga","Andalucía","799"
"26052026","0","","PIAGGIO","LIBERTY 125 ABS","Málaga","Andalucía","124"
"26052026","0","","YAMAHA","MT-07","Barcelona","Cataluña","689"
"26052026","0","","HONDA","CRF1100L Africa Twin","Illes Balears","Illes Balears","1084"
"26052026","0","","KYMCO","DTX","Barcelona","Cataluña","124"
"26052026","0","","PIAGGIO","VESPA PRIMAVERA 125","Madrid","Comunidad de Madrid","124"
"26052026","0","","BMW","C 400 X","Zaragoza","Aragón","350"
"26052026","0","","HONDA","FORZA125","Alicante/Alacant","Comunidad Valenciana","125"
"26052026","0","","HERO MOTOCORP","X PULSE 200 4V","Sevilla","Andalucía","200"
"26052026","0","","KTM","KTM 790 ADVENTURE","Asturias","Principado de Asturias","799"
"26052026","0","","PEUGEOT","KISBEE M","Barcelona","Cataluña","125"
"26052026","0","","MITT","TY125T-26F","Sevilla","Andalucía","125"
"26052026","0","","HONDA","PCX125","Santa Cruz de Tenerife","Canarias","125"
"26052026","0","","YAMAHA","NMAX125","Málaga","Andalucía","125"
"26052026","0","","KYMCO","SUPER DINK GT","Valencia/València","Comunidad Valenciana","321"
"26052026","0","","ZONTES","368G","Cádiz","Andalucía","368"
"26052026","0","","SYM","JET 14","Castellón/Castelló","Comunidad Valenciana","125"
"26052026","0","","MITT","TY125T-58E","Barcelona","Cataluña","125"
"26052026","0","","SYM","SYMPHONY 125","Illes Balears","Illes Balears","125"
"26052026","0","","QJMOTOR","SRK 125 R E5+","Ourense","Galicia","125"
"26052026","0","","YAMAHA","MT-125","Málaga","Andalucía","125"
"26052026","0","","YAMAHA","NMAX125","Madrid","Comunidad de Madrid","125"
"26052026","0","","YAMAHA","NMAX125","Madrid","Comunidad de Madrid","125"
"26052026","0","","KEEWAY","RKF 125 ABS","Tarragona","Cataluña","125"
"26052026","0","","YAMAHA","NMAX125","Granada","Andalucía","125"
"26052026","0","","HONDA","NX500","Madrid","Comunidad de Madrid","471"
"26052026","0","","CYCLONE","RX600","Santa Cruz de Tenerife","Canarias","550"
"26052026","0","","HONDA","ADV 350","Almería","Andalucía","330"
"26052026","0","","HONDA","FORZA 350","Alicante/Alacant","Comunidad Valenciana","330"
"26052026","0","","SYM","SYMPHONY 125","Gipuzkoa","País Vasco","125"
"26052026","0","","ZONTES","368G","Barcelona","Cataluña","368"
"26052026","0","","DUCATI","MULTISTRADA V4","Málaga","Andalucía","1158"
"26052026","0","","KYMCO","AGILITY S","Palmas (Las)","Canarias","125"
"26052026","0","","VOGE","DS800X RALLY","Barcelona","Cataluña","798"
"26052026","0","","PIAGGIO","LIBERTY 125 ABS","Illes Balears","Illes Balears","124"
"26052026","0","","HONDA","NC 750 X","Badajoz","Extremadura","745"
"26052026","0","","VOGE","R125S","Madrid","Comunidad de Madrid","125"
"26052026","0","","ZONTES","703RR","Tarragona","Cataluña","699"
"26052026","0","","KYMCO","AGILITY S","Bizkaia","País Vasco","125"
"26052026","0","","KEEWAY","GEMMA","Murcia","Región de Murcia","117"
"26052026","0","","BENDA","NAPOLEON 125","Córdoba","Andalucía","125"
"26052026","0","","BENELLI","TRK 702","Cádiz","Andalucía","698"
"26052026","0","","MOTO MORINI","SEIEMMEZZO","Palmas (Las)","Canarias","649"
"26052026","0","","KYMCO","SKYTOWN 125","Alicante/Alacant","Comunidad Valenciana","125"
"26052026","0","","KAWASAKI","Z900","Asturias","Principado de Asturias","948"
"26052026","0","","YAMAHA","NMAX125","Barcelona","Cataluña","125"
"26052026","0","","PEUGEOT","PULSION EVO","Tarragona","Cataluña","125"
"26052026","0","","ZONTES","125E","Illes Balears","Illes Balears","125"
"26052026","0","","DUCATI","MULTISTRADA V2","Tarragona","Cataluña","890"
"26052026","0","","PIAGGIO","VESPA PRIMAVERA 125","Illes Balears","Illes Balears","124"
"26052026","0","","KYMCO","SKYTOWN 125","Badajoz","Extremadura","125"
"26052026","0","","MH MOTORCYCLES","VRT","Granada","Andalucía","124"
"26052026","0","","ZONTES","368G","Bizkaia","País Vasco","368"
"26052026","0","","ZONTES","368G","Sevilla","Andalucía","368"
"26052026","0","","APRILIA","SR GT 125","Cádiz","Andalucía","125"
"26052026","0","","MORBIDELLI","F352","Barcelona","Cataluña","349"
"26052026","0","","HONDA","CB 125 F","Murcia","Región de Murcia","124"
"26052026","0","","VOGE","DS800X RALLY","Huelva","Andalucía","798"
"26052026","0","","HONDA","CB 125 F","Palmas (Las)","Canarias","124"
"26052026","0","","PIAGGIO","VESPA GTS SUPERTECH","Toledo","Castilla-La Mancha","310"
"26052026","0","","CYCLONE","RX2","Jaén","Andalucía","124"
"26052026","0","","HONDA","ADV 350","Valencia/València","Comunidad Valenciana","330"
"26052026","0","","HONDA","FORZA 350","Barcelona","Cataluña","330"
"26052026","0","","HONDA","CBF 125","Albacete","Castilla-La Mancha","125"
"26052026","0","","HONDA","SH125i","Málaga","Andalucía","125"
"26052026","0","","QJMOTOR","SRT 900 S","Alicante/Alacant","Comunidad Valenciana","904"
"26052026","0","","YAMAHA","NMAX125","Barcelona","Cataluña","125"
"26052026","0","","KYMCO","DTX","Madrid","Comunidad de Madrid","124"
"26052026","0","","VOGE","DS900X","Madrid","Comunidad de Madrid","895"
"26052026","0","","PEUGEOT","PULSION EVO","Castellón/Castelló","Comunidad Valenciana","125"
"26052026","0","","HONDA","PCX125","Castellón/Castelló","Comunidad Valenciana","125"
"26052026","0","","KYMCO","SKYTOWN 125","Barcelona","Cataluña","125"
"26052026","0","","BMW","R 1300 RT","Valencia/València","Comunidad Valenciana","1300"
"26052026","0","","HONDA","XL750 Transalp","Madrid","Comunidad de Madrid","755"
"26052026","0","","RIEJU","N/A","Jaén","Andalucía","125"
"26052026","0","","VOGE","DS800X RALLY","Barcelona","Cataluña","798"
"26052026","0","","YAMAHA","MT-07","Ávila","Castilla y León","689"
"26052026","0","","HONDA","CB500FAC","Granada","Andalucía","471"
"26052026","0","","KYMCO","AGILITY S","Almería","Andalucía","125"
"26052026","0","","KEEWAY","VIESTE 125XDV","Tarragona","Cataluña","125"
"26052026","0","","BMW","R 1300 GS","Zaragoza","Aragón","1300"
"26052026","0","","YAMAHA","XMAX 300","Granada","Andalucía","292"
"26052026","0","","HONDA","Rebel 500","Zaragoza","Aragón","471"
"26052026","0","","QJMOTOR","SRV 125 E5+","Valencia/València","Comunidad Valenciana","125"
"26052026","0","","BMW","S 1000 RR","Santa Cruz de Tenerife","Canarias","999"
"26052026","0","","SYM","SYMPHONY 125","Burgos","Castilla y León","125"
"26052026","0","","HONDA","SH125i","Cádiz","Andalucía","125"
"26052026","0","","SYM","SYMPHONY 125","Barcelona","Cataluña","125"
"26052026","0","","YAMAHA","XMAX125","Illes Balears","Illes Balears","125"
"26052026","0","","SHERCO","300 SE-R","Navarra","Comunidad Foral de Navarra","293"
"26052026","0","","HONDA","CB500FAC","Barcelona","Cataluña","471"
"26052026","0","","HONDA","PCX125","Barcelona","Cataluña","125"
"26052026","0","","ZONTES","368G","Málaga","Andalucía","368"
"26052026","0","","ZONTES","368G","Tarragona","Cataluña","368"
"26052026","0","","HONDA","SH Mode 125","Barcelona","Cataluña","125"
"26052026","0","","BMW","F 900 GS","Almería","Andalucía","895"
"26052026","0","","BMW","M 1000 XR","Cádiz","Andalucía","999"
"26052026","0","","KTM","KTM 890 ADVENTURE R","Barcelona","Cataluña","889"
"26052026","0","","PIAGGIO","VESPA PRIMAVERA 125","Zaragoza","Aragón","124"
"26052026","0","","SYM","SYMPHONY 125","Barcelona","Cataluña","125"
"26052026","0","","ZONTES","ZT125-U","Murcia","Región de Murcia","125"
"26052026","0","","BMW","R 1300 GS ADVENTURE","Barcelona","Cataluña","1300"
"26052026","0","","BMW","F 900 GS","Sevilla","Andalucía","895"
"26052026","0","","HONDA","PCX125","Illes Balears","Illes Balears","125"
"26052026","0","","CYCLONE","RX600","Santa Cruz de Tenerife","Canarias","550"
"26052026","0","","KYMCO","DTX","Santa Cruz de Tenerife","Canarias","124"
"26052026","0","","HONDA","FORZA 350","Sevilla","Andalucía","330"
"26052026","0","","KYMCO","DTX","Asturias","Principado de Asturias","124"
"26052026","0","","VOGE","625DSX","Ciudad Real","Castilla-La Mancha","581"
"26052026","0","","HONDA","VISION 110","Barcelona","Cataluña","109"
"26052026","0","","HONDA","SH125i","Málaga","Andalucía","125"
"26052026","0","","MH MOTORCYCLES","TRAY","Cádiz","Andalucía","125"
"26052026","0","","SYM","JOYMAX Z 300 E5+","Alicante/Alacant","Comunidad Valenciana","278"
"26052026","0","","MITT","125 NK","Valencia/València","Comunidad Valenciana","124"
"26052026","0","","RIEJU","NKD 125","Guadalajara","Castilla-La Mancha","124"
"26052026","0","","YAMAHA","XMAX 300","Valencia/València","Comunidad Valenciana","292"
"26052026","0","","SYM","ADX 300 TCS","Madrid","Comunidad de Madrid","278"
"26052026","0","","VOGE","625DSX","Madrid","Comunidad de Madrid","581"
"26052026","0","","VOGE","625DSX","Barcelona","Cataluña","581"
"26052026","0","","BMW","R 1300 GS","Albacete","Castilla-La Mancha","1300"
"26052026","0","","YAMAHA","RayZR 125","Madrid","Comunidad de Madrid","125"
"26052026","0","","ZONTES","125E","Madrid","Comunidad de Madrid","125"
"26052026","0","","SUZUKI","AVENIS 125","Málaga","Andalucía","124"
"26052026","0","","HONDA","SH Mode 125","Girona","Cataluña","125"
"26052026","0","","VOGE","DS525X","Navarra","Comunidad Foral de Navarra","494"
"26052026","0","","HONDA","PCX125","Sevilla","Andalucía","125"
"26052026","0","","ZONTES","ZT125-G1","Girona","Cataluña","125"
"26052026","0","","VOGE","R125S","Málaga","Andalucía","125"
"26052026","0","","YAMAHA","XMAX 300","Barcelona","Cataluña","292"
"26052026","0","","SYM","JET 14","Cádiz","Andalucía","125"
"26052026","0","","KYMCO","AGILITY S","Ciudad Real","Castilla-La Mancha","125"
"26052026","0","","VOGE","DS900X","Córdoba","Andalucía","895"
"26052026","0","","HONDA","XL750 Transalp","Barcelona","Cataluña","755"
"26052026","0","","KAWASAKI","ELIMINATOR","Badajoz","Extremadura","451"
"26052026","0","","ZONTES","350S","Murcia","Región de Murcia","348"
"26052026","0","","KAWASAKI","Z900","Gipuzkoa","País Vasco","948"
"26052026","0","","MITT","TY125T-26G","Valencia/València","Comunidad Valenciana","125"
"26052026","0","","HONDA","CBR 650 R","Barcelona","Cataluña","649"
"26052026","0","","KYMCO","AGILITY S","Granada","Andalucía","125"
"26052026","0","","RIEJU","NKD 125","Valencia/València","Comunidad Valenciana","124"
"26052026","0","","HONDA","SH Mode 125","Huelva","Andalucía","125"
"26052026","0","","QJMOTOR","FORT 125 N E5+","Barcelona","Cataluña","125"
"26052026","0","","HONDA","ADV 350","Cádiz","Andalucía","330"
"26052026","0","","YAMAHA","NMAX125","Barcelona","Cataluña","125"
"26052026","0","","YAMAHA","WR125","Madrid","Comunidad de Madrid","125"
"26052026","0","","KTM","KTM 390 ADVENTURE R","Lleida","Cataluña","399"
"26052026","0","","PEUGEOT","KISBEE M","Barcelona","Cataluña","125"
"26052026","0","","TRIUMPH","TIGER 900 ALPINE EDITI","Madrid","Comunidad de Madrid","888"
"26052026","0","","YAMAHA","XMAX125","Cantabria","Cantabria","125"
"26052026","0","","SYM","SYMPHONY 125","Barcelona","Cataluña","125"
"26052026","0","","YAMAHA","NMAX125","Cádiz","Andalucía","125"
"26052026","0","","LAMBRETTA","V125 SPECIAL FLEX","Navarra","Comunidad Foral de Navarra","125"
"26052026","0","","YAMAHA","XMAX125","Tarragona","Cataluña","125"
"26052026","0","","YAMAHA","NMAX125","Girona","Cataluña","125"
"26052026","0","","YAMAHA","MT-07","Valencia/València","Comunidad Valenciana","689"
"26052026","0","","KYMCO","DTX","Sevilla","Andalucía","124"
"26052026","0","","PIAGGIO","BEVERLY 400 HPE","Tarragona","Cataluña","399"
"26052026","0","","HONDA","CBF 125","Coruña (A)","Galicia","125"
"26052026","0","","DUCATI","MULTISTRADA V2","Córdoba","Andalucía","890"
"26052026","0","","ZONTES","ZT125-Z2","Asturias","Principado de Asturias","125"
"26052026","0","","VOGE","SR1ADV","Segovia","Castilla y León","125"
"26052026","0","","HONDA","CBR500","Málaga","Andalucía","471"
"26052026","0","","PEUGEOT","PULSION EVO","Barcelona","Cataluña","125"
"26052026","0","","SYM","SYMPHONY 125","Alicante/Alacant","Comunidad Valenciana","125"
"26052026","0","","PEUGEOT","TWEET FL 125 CC","Toledo","Castilla-La Mancha","125"
"26052026","0","","KYMCO","PEOPLE S 125 E5+","Granada","Andalucía","125"
"26052026","0","","HONDA","CB750 Hornet","Bizkaia","País Vasco","755"
"26052026","0","","YAMAHA","NMAX125","Madrid","Comunidad de Madrid","125"
"26052026","0","","QJMOTOR","SRV 125 E5+","Sevilla","Andalucía","125"
"26052026","0","","KYMCO","AGILITY S","Barcelona","Cataluña","125"
"26052026","0","","PIAGGIO","LIBERTY 125 ABS","Barcelona","Cataluña","124"
"26052026","0","","PIAGGIO","LIBERTY 125 ABS","Illes Balears","Illes Balears","124"
"26052026","0","","ZONTES","125C","Jaén","Andalucía","125"
"26052026","0","","RIEJU","RALLY 307","Santa Cruz de Tenerife","Canarias","292"
"26052026","0","","KTM","KTM 1390 SUPER ADVENTU","Barcelona","Cataluña","1350"
"26052026","0","","ZONTES","368G","Bizkaia","País Vasco","368"
"26052026","0","","YAMAHA","NMAX125","Alicante/Alacant","Comunidad Valenciana","125"
"26052026","0","","MH MOTORCYCLES","VR10","Granada","Andalucía","124"
"26052026","0","","KTM","KTM 990 RC R","Madrid","Comunidad de Madrid","947"
"26052026","0","","KOVE","KOVE 800 X PRO","Palmas (Las)","Canarias","799"
"26052026","0","","YAMAHA","NMAX125","Málaga","Andalucía","125"
"26052026","0","","KOVE","KOVE 800 X RALLY","Barcelona","Cataluña","799"
"26052026","0","","BMW","C 400 GT","Madrid","Comunidad de Madrid","350"
"26052026","0","","SYM","JET 14","Sevilla","Andalucía","125"
"26052026","0","","KTM","KTM 390 ADVENTURE R","Castellón/Castelló","Comunidad Valenciana","399"
"26052026","0","","CFMOTO","450MT","Valencia/València","Comunidad Valenciana","449"
"26052026","0","","YAMAHA","MT-07","Barcelona","Cataluña","689"
"26052026","0","","YAMAHA","NMAX125","Valencia/València","Comunidad Valenciana","125"
"26052026","0","","VOGE","R125","Illes Balears","Illes Balears","125"
"26052026","0","","BMW","M 1000 XR","Madrid","Comunidad de Madrid","999"
"26052026","0","","SYM","SYMPHONY 125","Málaga","Andalucía","125"
"26052026","0","","YAMAHA","Tracer 9 GT","Murcia","Región de Murcia","890"
"26052026","0","","SYM","JET 14","Illes Balears","Illes Balears","125"
"26052026","0","","YAMAHA","TRICITY 125","Málaga","Andalucía","125"
"26052026","0","","BMW","R 1300 RT","Valencia/València","Comunidad Valenciana","1300"
"26052026","0","","ZONTES","368G","Huelva","Andalucía","368"
"26052026","0","","VOGE","DS900X","Jaén","Andalucía","895"
"26052026","0","","VOGE","R125S","Málaga","Andalucía","125"
"26052026","0","","ZONTES","368E","Madrid","Comunidad de Madrid","368"
"26052026","0","","ZONTES","368G","Tarragona","Cataluña","368"
"26052026","0","","YAMAHA","NMAX125","Illes Balears","Illes Balears","125"
"26052026","0","","HONDA","PCX125","Cádiz","Andalucía","125"
"26052026","0","","KAWASAKI","KLE500","Almería","Andalucía","451"
"26052026","0","","HONDA","XL750 Transalp","Granada","Andalucía","755"
"26052026","0","","SHERCO","300 SE-R","Almería","Andalucía","293"
"26052026","0","","SYM","JET X","Madrid","Comunidad de Madrid","125"
"26052026","0","","RIEJU","NOT APPLICABLE","Barcelona","Cataluña","124"
"26052026","0","","YAMAHA","XMAX125","Valencia/València","Comunidad Valenciana","125"
"26052026","0","","DUCATI","DUCATI SCRAMBLER","Palmas (Las)","Canarias","803"
"26052026","0","","MACBOR","MONTANA XR1 125 EVO","Cantabria","Cantabria","124"
"26052026","0","","APRILIA","RS 457","Madrid","Comunidad de Madrid","457"
"26052026","0","","KAWASAKI","NINJA 650","Madrid","Comunidad de Madrid","649"
"26052026","0","","YAMAHA","MT-03","Málaga","Andalucía","321"
"26052026","0","","ZONTES","368G","Castellón/Castelló","Comunidad Valenciana","368"
"26052026","0","","KTM","KTM 125 ENDURO","Cádiz","Andalucía","125"
"26052026","0","","YAMAHA","NMAX125","Málaga","Andalucía","125"
"26052026","0","","YAMAHA","XTZ 700 Tenere","Barcelona","Cataluña","689"
"26052026","0","","YAMAHA","XMAX 300","Madrid","Comunidad de Madrid","292"
"26052026","0","","PIAGGIO","MEDLEY 125","Madrid","Comunidad de Madrid","125"
"26052026","0","","SYM","SYMPHONY 125","Gipuzkoa","País Vasco","125"
"26052026","0","","HONDA","GB350S","Illes Balears","Illes Balears","348"
"26052026","0","","VOGE","625DSX","Girona","Cataluña","581"
"26052026","0","","HONDA","VISION 110","Barcelona","Cataluña","109"
"26052026","0","","ZONTES","368G","Huelva","Andalucía","368"
"26052026","0","","BMW","R 1300 RS","Madrid","Comunidad de Madrid","1300"
"26052026","0","","HONDA","PCX125","Madrid","Comunidad de Madrid","125"
"26052026","0","","HONDA","FORZA125","Córdoba","Andalucía","125"
"26052026","0","","HONDA","SH Mode 125","Girona","Cataluña","125"
"26052026","0","","HONDA","NC 750 X","Barcelona","Cataluña","745"
"26052026","0","","KAWASAKI","Z650","Gipuzkoa","País Vasco","649"
"26052026","0","","YAMAHA","NMAX125","Granada","Andalucía","125"
"26052026","0","","KYMCO","DTX","Barcelona","Cataluña","124"
"26052026","0","","HONDA","PCX125","Sevilla","Andalucía","125"
"26052026","0","","YAMAHA","NMAX125","Barcelona","Cataluña","125"
"26052026","0","","HONDA","CBR 650 R","Cádiz","Andalucía","649"
"26052026","0","","HONDA","ADV 350","Madrid","Comunidad de Madrid","330"
"26052026","0","","YAMAHA","TMAX 560","Barcelona","Cataluña","562"
"26052026","0","","VOGE","SR1ADV","Melilla","Melilla","125"
"26052026","0","","YAMAHA","MT-125","Barcelona","Cataluña","125"
"26052026","0","","PIAGGIO","MEDLEY 125","Pontevedra","Galicia","125"
"26052026","0","","ZONTES","125E","Sevilla","Andalucía","125"
"26052026","0","","TRIUMPH","TRIDENT 660","Castellón/Castelló","Comunidad Valenciana","660"
"26052026","0","","RIEJU","NKD 125","Córdoba","Andalucía","124"
"26052026","0","","HONDA","VISION 110","Lleida","Cataluña","109"
"26052026","0","","BMW","F 900 R","Sevilla","Andalucía","895"
"26052026","0","","SYM","ADX 125 LC TCS E5+","Illes Balears","Illes Balears","125"
"26052026","0","","PIAGGIO","VESPA GTS 125","Madrid","Comunidad de Madrid","125"
"26052026","0","","HONDA","FORZA125","Murcia","Región de Murcia","125"
"26052026","0","","VOGE","DS800X RALLY","Illes Balears","Illes Balears","798"
"26052026","0","","HONDA","PCX125","Barcelona","Cataluña","125"
"26052026","0","","HONDA","FORZA 350","Palmas (Las)","Canarias","330"
"26052026","0","","HONDA","XL750 Transalp","Santa Cruz de Tenerife","Canarias","755"
"26052026","0","","KAWASAKI","Z125","Barcelona","Cataluña","125"
"26052026","0","","YAMAHA","MT-125","Tarragona","Cataluña","125"
"26052026","0","","YAMAHA","MT-07","Barcelona","Cataluña","689"
"26052026","0","","MACBOR","EIGHT MILE 125 LC","Sevilla","Andalucía","124"
"26052026","0","","HONDA","SH Mode 125","Málaga","Andalucía","125"
"26052026","0","","HONDA","SH125i","Málaga","Andalucía","125"
"26052026","0","","HONDA","SH Mode 125","Málaga","Andalucía","125"
"26052026","0","","YAMAHA","XMAX 300","Madrid","Comunidad de Madrid","292"
"26052026","0","","CFMOTO","675NK","Barcelona","Cataluña","674"
"26052026","0","","ZONTES","368G","Badajoz","Extremadura","368"
"26052026","0","","HONDA","GB350S","Alicante/Alacant","Comunidad Valenciana","348"
"26052026","0","","HONDA","PCX125","Barcelona","Cataluña","125"
"26052026","0","","TRIUMPH","TIGER 1200 GT PRO","Madrid","Comunidad de Madrid","1160"
"26052026","0","","ZONTES","ZT125-U","Pontevedra","Galicia","125"
"26052026","0","","QJMOTOR","MTX 125 E5+","Illes Balears","Illes Balears","125"
"26052026","0","","ZONTES","125M","Girona","Cataluña","125"
"26052026","0","","PIAGGIO","LIBERTY 125 ABS","Cuenca","Castilla-La Mancha","124"
"26052026","0","","VOGE","SR1ADV","Granada","Andalucía","125"
"26052026","0","","PEUGEOT","PULSION EVO","Madrid","Comunidad de Madrid","125"
"26052026","0","","YAMAHA","NMAX125","Jaén","Andalucía","125"
"26052026","0","","HONDA","FORZA125","Alicante/Alacant","Comunidad Valenciana","125"
"26052026","0","","VOGE","300RALLY","Almería","Andalucía","292"
"26052026","0","","KYMCO","AGILITY S","Córdoba","Andalucía","125"
"26052026","0","","HONDA","PCX125","Ourense","Galicia","125"
"26052026","0","","DUCATI","STREETFIGHTER","Madrid","Comunidad de Madrid","890"
"26052026","0","","YAMAHA","MT-07","Alicante/Alacant","Comunidad Valenciana","689"
"26052026","0","","VOGE","DS525X","Barcelona","Cataluña","494"
"26052026","0","","YAMAHA","XMAX125","Cádiz","Andalucía","125"
"26052026","0","","KAWASAKI","Z900","Burgos","Castilla y León","948"
"26052026","0","","PIAGGIO","LIBERTY 125 ABS","Illes Balears","Illes Balears","124"
"26052026","0","","BMW","C 400 GT","Barcelona","Cataluña","350"
"26052026","0","","PIAGGIO","VESPA GTS","Madrid","Comunidad de Madrid","310"
"26052026","0","","HONDA","CB650RA","Barcelona","Cataluña","649"
"26052026","0","","BETA","N/A","Girona","Cataluña","296"
"26052026","0","","MOTO MORINI","X-CAPE 700","Barcelona","Cataluña","693"
"26052026","0","","HONDA","CBR 650 R","Cádiz","Andalucía","649"
"26052026","0","","SYM","JET 14","Alicante/Alacant","Comunidad Valenciana","125"
"26052026","0","","MH MOTORCYCLES","TRAY","Cantabria","Cantabria","125"
"26052026","0","","KYMCO","SKYTOWN 125","Valencia/València","Comunidad Valenciana","125"
"26052026","0","","ZONTES","125E","Barcelona","Cataluña","125"
"26052026","0","","ZONTES","368D","Barcelona","Cataluña","368"
"26052026","0","","CFMOTO","675SR-R","Madrid","Comunidad de Madrid","674"
"26052026","0","","PIAGGIO","LIBERTY 125 ABS","Jaén","Andalucía","124"
"26052026","0","","YAMAHA","XMAX 300","Málaga","Andalucía","292"
"26052026","0","","VOGE","DS525X","Madrid","Comunidad de Madrid","494"
"26052026","0","","ZONTES","368G","Granada","Andalucía","368"
"26052026","0","","YAMAHA","NMAX125","Valencia/València","Comunidad Valenciana","125"
"26052026","0","","ROYAL ENFIELD","HIMALAYAN 452","Granada","Andalucía","452"
"26052026","0","","HONDA","CB500FAC","Girona","Cataluña","471"
"26052026","0","","PIAGGIO","LIBERTY 125 ABS","Illes Balears","Illes Balears","124"
"26052026","0","","BMW","F 900 XR A2","Barcelona","Cataluña","895"
"26052026","0","","ZONTES","368G","Barcelona","Cataluña","368"
"26052026","0","","HONDA","SH125i","Barcelona","Cataluña","125"
"26052026","0","","PIAGGIO","LIBERTY 125 ABS","Illes Balears","Illes Balears","124"
"26052026","0","","DUCATI","MULTISTRADA V4","Alicante/Alacant","Comunidad Valenciana","1158"
"26052026","0","","VOGE","R125S","Madrid","Comunidad de Madrid","125"
"26052026","0","","VOGE","SR1ADV","Teruel","Aragón","125"
"26052026","0","","YAMAHA","MT-07","Sevilla","Andalucía","689"
"26052026","0","","KYMCO","SUPER DINK GT 125 E5+","Illes Balears","Illes Balears","124"
"26052026","0","","HONDA","FORZA125","Barcelona","Cataluña","125"
"26052026","0","","YAMAHA","TMAX 560","Málaga","Andalucía","562"
"26052026","0","","KYMCO","DTX","Málaga","Andalucía","124"
"26052026","0","","HONDA","VISION 110","Málaga","Andalucía","109"
"26052026","0","","KAWASAKI","Z125","Toledo","Castilla-La Mancha","125"
"26052026","0","","PIAGGIO","VESPA PRIMAVERA 125","Illes Balears","Illes Balears","124"
"26052026","0","","YAMAHA","XMAX125","Málaga","Andalucía","125"
"26052026","0","","ZONTES","368E","Valencia/València","Comunidad Valenciana","368"
"26052026","0","","HONDA","PCX125","Málaga","Andalucía","125"
"26052026","0","","TRS","TR1 250","Toledo","Castilla-La Mancha","248"
"26052026","0","","VOGE","R125S","Tarragona","Cataluña","125"
"26052026","0","","DUCATI","HYPERMOTARD 698","Cádiz","Andalucía","659"
"26052026","0","","MOTO MORINI","X-CAPE 1200","Huelva","Andalucía","1187"
"26052026","0","","HONDA","ADV 350","Girona","Cataluña","330"
"26052026","0","","KAWASAKI","Z650RS","Murcia","Región de Murcia","649"
"26052026","0","","PIAGGIO","LIBERTY 125 ABS","Illes Balears","Illes Balears","124"
"26052026","0","","PIAGGIO","LIBERTY 125 ABS","Madrid","Comunidad de Madrid","124"
"26052026","0","","PEUGEOT","KISBEE M","Murcia","Región de Murcia","125"
"26052026","0","","KYMCO","SKYTOWN 125","Barcelona","Cataluña","125"
"26052026","0","","YAMAHA","XSR700","Barcelona","Cataluña","689"
"26052026","0","","KTM","KTM RC 390","Barcelona","Cataluña","373"
"26052026","0","","RIEJU","NKD 125","Sevilla","Andalucía","124"
"26052026","0","","SUZUKI","AVENIS 125","Málaga","Andalucía","124"
"26052026","0","","HONDA","SH Mode 125","Girona","Cataluña","125"
"26052026","0","","ZONTES","125X","Valencia/València","Comunidad Valenciana","125"
"26052026","0","","SYM","JOYMAX Z 300 E5+","Alicante/Alacant","Comunidad Valenciana","278"
"26052026","0","","QJMOTOR","ATR 125 E5+","Illes Balears","Illes Balears","125"
"26052026","0","","HONDA","XL750 Transalp","Lleida","Cataluña","755"
"26052026","0","","APRILIA","SR GT 125","Castellón/Castelló","Comunidad Valenciana","125"
"26052026","0","","TRIUMPH","TIGER 900 ALPINE EDITI","Madrid","Comunidad de Madrid","888"
"26052026","0","","KTM","KTM 1390 SUPER ADVENTU","Barcelona","Cataluña","1350"
"26052026","0","","VOGE","DS800X RALLY","Almería","Andalucía","798"
"26052026","0","","ZONTES","350S","Valencia/València","Comunidad Valenciana","348"
"26052026","0","","MACBOR","MONTANA XR1 125 EVO","Albacete","Castilla-La Mancha","124"
"26052026","0","","YAMAHA","MT-07","Salamanca","Castilla y León","689"
"26052026","0","","HONDA","SH125i","Palencia","Castilla y León","125"
"26052026","0","","BMW","R 1300 R","Valencia/València","Comunidad Valenciana","1300"
"26052026","0","","ZONTES","125C","Salamanca","Castilla y León","125"
"26052026","0","","SYM","SYMPHONY 125","Cádiz","Andalucía","125"
"26052026","0","","ZONTES","ZT125-U1","Valencia/València","Comunidad Valenciana","125"
"26052026","0","","HONDA","FORZA125","Granada","Andalucía","125"
"26052026","0","","SYM","ADX 300 TCS","Navarra","Comunidad Foral de Navarra","278"
"26052026","0","","QJMOTOR","SRT 900 SX","Barcelona","Cataluña","904"
"26052026","0","","YAMAHA","TMAX 560","Madrid","Comunidad de Madrid","562"
"26052026","0","","KYMCO","SKYTOWN 125","Bizkaia","País Vasco","125"
"26052026","0","","HONDA","GB350S","Cádiz","Andalucía","348"
"26052026","0","","AJP","SPR 125 SUPERMOTO","Palmas (Las)","Canarias","124"
"26052026","0","","TRIUMPH","SPEED TWIN 1200","Barcelona","Cataluña","1200"
"26052026","0","","QJMOTOR","LTR 125 E5+","Barcelona","Cataluña","125"
"26052026","0","","YAMAHA","NMAX125","Alicante/Alacant","Comunidad Valenciana","125"
"26052026","0","","LETBE","ISLAND","Almería","Andalucía","125"
"26052026","0","","YAMAHA","XTZ 700 Tenere","Murcia","Región de Murcia","689"
"26052026","0","","KYMCO","DTX","Lleida","Cataluña","321"
"26052026","0","","SYM","CRUISYM 125 TCS E5+","Alicante/Alacant","Comunidad Valenciana","124"
"26052026","0","","VOGE","SR1ADV","Huelva","Andalucía","125"
"26052026","0","","ITALJET","DRAGSTER 700 TWIN","Badajoz","Extremadura","698"
"26052026","0","","ZONTES","368K","Barcelona","Cataluña","368"
"26052026","0","","PIAGGIO","LIBERTY 125 ABS","Illes Balears","Illes Balears","124"
"26052026","0","","MACBOR","EIGHT MILE 125 LC","Alicante/Alacant","Comunidad Valenciana","124"
"26052026","0","","VOGE","R125","Barcelona","Cataluña","125"
"26052026","0","","KYMCO","AGILITY S","Madrid","Comunidad de Madrid","125"
"26052026","0","","MACBOR","MONTANA XR1 125 EVO","Girona","Cataluña","124"
"26052026","0","","ITALJET","DRAGSTER200","Tarragona","Cataluña","181"
"26052026","0","","HONDA","FORZA125","Jaén","Andalucía","125"
"26052026","0","","YAMAHA","XTZ 700 Tenere","Almería","Andalucía","689"
"26052026","0","","YAMAHA","MT-09","Barcelona","Cataluña","890"
"26052026","0","","BMW","R 1300 RS","Madrid","Comunidad de Madrid","1300"
"26052026","0","","HONDA","FORZA125","Navarra","Comunidad Foral de Navarra","125"
"26052026","0","","CFMOTO","675SR-R","Málaga","Andalucía","674"
"26052026","0","","VOGE","SR1ADV","Cádiz","Andalucía","125"
"26052026","0","","HONDA","ADV 750","Zaragoza","Aragón","745"
"26052026","0","","QJMOTOR","SRV 125 E5+","Cádiz","Andalucía","125"
"26052026","0","","HONDA","PCX125","Málaga","Andalucía","125"
"26052026","0","","HONDA","PCX125","Santa Cruz de Tenerife","Canarias","125"
"26052026","0","","BMW","F 900 GS ADVENTURE","Albacete","Castilla-La Mancha","895"
"26052026","0","","YAMAHA","NMAX125","Illes Balears","Illes Balears","125"
"26052026","0","","YAMAHA","XMAX 300","Madrid","Comunidad de Madrid","292"
"26052026","0","","HONDA","CRF300LRA","Barcelona","Cataluña","286"
"26052026","0","","MITT","TY125T-26F","Valencia/València","Comunidad Valenciana","125"
"26052026","0","","KYMCO","AGILITY S","Alicante/Alacant","Comunidad Valenciana","125"
"26052026","0","","SUZUKI","V-Strom 800","Bizkaia","País Vasco","776"
"26052026","0","","VOGE","SR1ADV","Girona","Cataluña","125"
"26052026","0","","HONDA","NX500","Madrid","Comunidad de Madrid","471"
"26052026","0","","ZONTES","703RR","Bizkaia","País Vasco","699"
"26052026","0","","ZONTES","368G","Coruña (A)","Galicia","368"
"26052026","0","","YAMAHA","NMAX125","Sevilla","Andalucía","125"
"26052026","0","","HONDA","FORZA 750","Madrid","Comunidad de Madrid","745"
"26052026","0","","PIAGGIO","LIBERTY 125 ABS","Illes Balears","Illes Balears","124"
"26052026","0","","PIAGGIO","VESPA PRIMAVERA 125","Málaga","Andalucía","124"
"26052026","0","","HONDA","NC 750 X","Barcelona","Cataluña","745"
"26052026","0","","YAMAHA","NMAX125","Córdoba","Andalucía","125"
"26052026","0","","YAMAHA","Tracer 9 GT","Barcelona","Cataluña","890"
"26052026","0","","YAMAHA","NMAX125","Barcelona","Cataluña","125"
"26052026","0","","HONDA","CL500","Barcelona","Cataluña","471"
"26052026","0","","PEUGEOT","KISBEE M","Barcelona","Cataluña","125"
"26052026","0","","YAMAHA","XTZ 700 Tenere","Granada","Andalucía","689"
"26052026","0","","HONDA","CRF1100L Africa Twin","Barcelona","Cataluña","1084"
"26052026","0","","SYM","SYMPHONY 125","Barcelona","Cataluña","125"
"26052026","0","","KEEWAY","V-CRUISE","Badajoz","Extremadura","125"
"26052026","0","","ZONTES","368G","Pontevedra","Galicia","368"
"26052026","0","","YAMAHA","XMAX125","Illes Balears","Illes Balears","125"
"26052026","0","","ZONTES","368G","Barcelona","Cataluña","368"
"26052026","0","","HONDA","PCX125","Córdoba","Andalucía","125"
"26052026","0","","HONDA","CBF 125","Illes Balears","Illes Balears","125"
"26052026","0","","HONDA","GB350S","Asturias","Principado de Asturias","348"
"26052026","0","","KYMCO","DTX","Palmas (Las)","Canarias","124"
"26052026","0","","HONDA","SH125i","Girona","Cataluña","125"
"26052026","0","","PIAGGIO","LIBERTY 125 ABS","Illes Balears","Illes Balears","124"
"26052026","0","","PIAGGIO","LIBERTY 125 ABS","Illes Balears","Illes Balears","124"
"26052026","0","","ZONTES","368G","Asturias","Principado de Asturias","368"
"26052026","0","","YAMAHA","XMAX125","Barcelona","Cataluña","125"
"26052026","0","","YAMAHA","MT-125","Barcelona","Cataluña","125"
"26052026","0","","HONDA","PCX125","Ceuta","Ceuta","125"
"26052026","0","","ZONTES","368K","Santa Cruz de Tenerife","Canarias","368"
"26052026","0","","SYM","SYMPHONY 125","Barcelona","Cataluña","125"
"26052026","0","","ROYAL ENFIELD","HIMALAYAN 452","Toledo","Castilla-La Mancha","452"
"26052026","0","","YAMAHA","XMAX 300","Barcelona","Cataluña","292"
"26052026","0","","ZONTES","368D","Barcelona","Cataluña","368"
"26052026","0","","YAMAHA","NMAX125","Bizkaia","País Vasco","125"
"26052026","0","","HONDA","FORZA125","Sevilla","Andalucía","125"
"26052026","0","","YAMAHA","RayZR 125","Cádiz","Andalucía","125"
"26052026","0","","HARLEY-DAVIDSON","STREET BOB","Barcelona","Cataluña","1923"
"26052026","0","","HONDA","CB750 Hornet","Barcelona","Cataluña","755"
"26052026","0","","KYMCO","DTX","Granada","Andalucía","321"
"26052026","0","","BMW","F 900 GS","Sevilla","Andalucía","895"
"26052026","0","","SYM","JET 14","Cádiz","Andalucía","125"
"26052026","0","","BENDA","NAPOLEON 125","Bizkaia","País Vasco","125"
"26052026","0","","VOGE","DS525X","Navarra","Comunidad Foral de Navarra","494"
"26052026","0","","HONDA","CB500FAC","Illes Balears","Illes Balears","471"
"26052026","0","","TRIUMPH","TIGER 900 ALPINE EDITI","Madrid","Comunidad de Madrid","888"
"26052026","0","","HONDA","MSX125A","Santa Cruz de Tenerife","Canarias","124"
"26052026","0","","VOGE","R125S","Madrid","Comunidad de Madrid","125"
"26052026","0","","ZONTES","125D","Cáceres","Extremadura","125"
"26052026","0","","KYMCO","SKYTOWN 125","Granada","Andalucía","125"
"26052026","0","","HONDA","ADV 350","Madrid","Comunidad de Madrid","330"
"26052026","0","","DUCATI","MONSTER DUCATI RED LIM","Pontevedra","Galicia","890"
"26052026","0","","ZONTES","125E","Barcelona","Cataluña","125"
"26052026","0","","HONDA","XL750 Transalp","Navarra","Comunidad Foral de Navarra","755"
"26052026","0","","YAMAHA","TMAX 560","Guadalajara","Castilla-La Mancha","562"
"26052026","0","","PEUGEOT","PULSION EVO","Málaga","Andalucía","125"
"26052026","0","","PEUGEOT","KISBEE M","Málaga","Andalucía","125"
"26052026","0","","HONDA","PCX125","Illes Balears","Illes Balears","125"
"26052026","0","","SCORPA","CITY CORP 125","Sevilla","Andalucía","125"
"26052026","0","","MITT","TY125T-58E","Valencia/València","Comunidad Valenciana","125"
"26052026","0","","HARLEY-DAVIDSON","NIGHTSTER SPECIAL","Murcia","Región de Murcia","975"
"26052026","0","","HONDA","GB350S","Barcelona","Cataluña","348"
"26052026","0","","VOGE","SR3","Barcelona","Cataluña","244"
"26052026","0","","HONDA","SH125i","Barcelona","Cataluña","125"
"26052026","0","","ZONTES","368G","Cádiz","Andalucía","368"
"26052026","0","","KYMCO","SKYTOWN 125","Málaga","Andalucía","125"
"26052026","0","","YAMAHA","NMAX125","Málaga","Andalucía","125"
"26052026","0","","KYMCO","AGILITY S","Girona","Cataluña","125"
"26052026","0","","YAMAHA","NMAX125","Sevilla","Andalucía","125"
"26052026","0","","YAMAHA","XMAX 300","Valencia/València","Comunidad Valenciana","292"
"26052026","0","","ZONTES","ZT125-Z2","Cádiz","Andalucía","125"
"26052026","0","","BMW","F 900 R","Illes Balears","Illes Balears","895"
"26052026","0","","KYMCO","DTX","Barcelona","Cataluña","321"
"26052026","0","","MORBIDELLI","SC125 RE","Madrid","Comunidad de Madrid","125"
"26052026","0","","BMW","F 900 R","Sevilla","Andalucía","895"
"26052026","0","","PIAGGIO","MEDLEY 200","Barcelona","Cataluña","174"
"26052026","0","","HONDA","FORZA125","Barcelona","Cataluña","125"
"26052026","0","","KEEWAY","VIESTE 125","Castellón/Castelló","Comunidad Valenciana","125"
"26052026","0","","KEEWAY","RKF 125 ABS","Coruña (A)","Galicia","125"
"26052026","0","","YAMAHA","Tracer 9 GT","Gipuzkoa","País Vasco","890"
"26052026","0","","YAMAHA","NMAX125","Sevilla","Andalucía","125"
"26052026","0","","DUCATI","DESERT X","Madrid","Comunidad de Madrid","890"
"26052026","0","","CFMOTO","1000MT-X","Málaga","Andalucía","946"
"26052026","0","","APRILIA","SR GT 125","Cádiz","Andalucía","125"
"26052026","0","","VOGE","DS800X RALLY","Badajoz","Extremadura","798"
"26052026","0","","CFMOTO","450MT","Málaga","Andalucía","449"
"26052026","0","","VOGE","625DSX","Huelva","Andalucía","581"
"26052026","0","","APRILIA","SR GT 125","Coruña (A)","Galicia","125"
"26052026","0","","YAMAHA","XTZ 700 Tenere","Murcia","Región de Murcia","689"
"26052026","0","","TRIUMPH","TIGER 1200 GT PRO","Madrid","Comunidad de Madrid","1160"
"26052026","0","","YAMAHA","RayZR 125","Badajoz","Extremadura","125"
"26052026","0","","LAMBRETTA","V125 SPECIAL FLEX","Castellón/Castelló","Comunidad Valenciana","125"
"26052026","0","","YAMAHA","NMAX125","Cantabria","Cantabria","125"
"26052026","0","","HONDA","VISION 110","Asturias","Principado de Asturias","109"
"26052026","0","","KEEWAY","VIESTE 125","Barcelona","Cataluña","125"
"26052026","0","","HONDA","GB350S","Sevilla","Andalucía","348"
"26052026","0","","YAMAHA","NMAX125","Cádiz","Andalucía","125"
"26052026","0","","BMW","F 900 GS ADVENTURE","Cádiz","Andalucía","895"
"26052026","0","","SYM","SYMPHONY 125","Barcelona","Cataluña","125"
"26052026","0","","KAWASAKI","Z900","Navarra","Comunidad Foral de Navarra","948"
"26052026","0","","HONDA","CRF1100L Africa Twin","Illes Balears","Illes Balears","1084"
"26052026","0","","HONDA","ADV 750","Santa Cruz de Tenerife","Canarias","745"
"26052026","0","","ZONTES","368G","Pontevedra","Galicia","368"
"26052026","0","","CYCLONE","RX600","Santa Cruz de Tenerife","Canarias","550"
"26052026","0","","ZONTES","125E","Tarragona","Cataluña","125"
"26052026","0","","TRIUMPH","TIGER 900 ALPINE EDITI","Madrid","Comunidad de Madrid","888"
"26052026","0","","YAMAHA","RayZR 125","Cantabria","Cantabria","125"
"26052026","0","","BMW","C 400 GT","Madrid","Comunidad de Madrid","350"
"26052026","0","","DUCATI","MONSTER","Palmas (Las)","Canarias","890"
"26052026","0","","YAMAHA","XTZ 700 Tenere","Lugo","Galicia","689"
"26052026","0","","ZONTES","ZT125-GK","Málaga","Andalucía","125"
"26052026","0","","ZONTES","125E","Cádiz","Andalucía","125"
"26052026","0","","HONDA","SH125i","Málaga","Andalucía","125"
"26052026","0","","KYMCO","AGILITY S","Illes Balears","Illes Balears","125"
"26052026","0","","YAMAHA","MT-07","Alicante/Alacant","Comunidad Valenciana","689"
"26052026","0","","ZONTES","703F","Cuenca","Castilla-La Mancha","699"
"26052026","0","","KYMCO","PEOPLE S 125 E5+","Barcelona","Cataluña","125"
"26052026","0","","HONDA","CRF 300 L","Madrid","Comunidad de Madrid","286"
"26052026","0","","HONDA","PCX125","Alicante/Alacant","Comunidad Valenciana","125"
"26052026","0","","YAMAHA","TRACER 700","Valencia/València","Comunidad Valenciana","689"
"26052026","0","","VOGE","SR1","Barcelona","Cataluña","125"
"26052026","0","","VOGE","SR1ADV","Tarragona","Cataluña","125"
"26052026","0","","HONDA","Rebel 500","Barcelona","Cataluña","471"
"26052026","0","","KAWASAKI","NINJA 125","Madrid","Comunidad de Madrid","125"
"26052026","0","","KYMCO","DTX","Bizkaia","País Vasco","124"
"26052026","0","","SUZUKI","DR-Z400","Málaga","Andalucía","398"
"26052026","0","","HONDA","SH Mode 125","Illes Balears","Illes Balears","125"
"26052026","0","","HONDA","SH125i","Madrid","Comunidad de Madrid","125"
"26052026","0","","HONDA","CRF1100L Africa Twin","Madrid","Comunidad de Madrid","1084"
"26052026","0","","BMW","R 1300 RT","Coruña (A)","Galicia","1300"
"26052026","0","","YAMAHA","TMAX 560","Madrid","Comunidad de Madrid","562"
"26052026","0","","BMW","R 12 G/S","Illes Balears","Illes Balears","1170"
"26052026","0","","HONDA","PCX125","Zaragoza","Aragón","125"
"26052026","0","","HONDA","FORZA 350","Illes Balears","Illes Balears","330"
"26052026","0","","YAMAHA","NMAX125","Madrid","Comunidad de Madrid","125"
"26052026","0","","MITT","TY125T-26G","Madrid","Comunidad de Madrid","125"
"26052026","0","","VOGE","DS800X RALLY","Valencia/València","Comunidad Valenciana","798"
"26052026","0","","ZONTES","125E","Málaga","Andalucía","125"
"26052026","0","","SYM","CRUISYM 125 TCS E5+","Palmas (Las)","Canarias","124"
"26052026","0","","PIAGGIO","MEDLEY 125","Santa Cruz de Tenerife","Canarias","125"
"26052026","0","","YAMAHA","Tracer 9 GT","Madrid","Comunidad de Madrid","890"
"26052026","0","","SYM","SYMPHONY 125","Illes Balears","Illes Balears","125"
"26052026","0","","LEONART","PILDER 125","Barcelona","Cataluña","125"
"26052026","0","","ZONTES","368G","Madrid","Comunidad de Madrid","368"
"26052026","0","","WOTTAN","CIVIS-C","Málaga","Andalucía","125"
"26052026","0","","HONDA","CBR 650 R","Sevilla","Andalucía","649"
"26052026","0","","YAMAHA","NMAX125","Madrid","Comunidad de Madrid","125"
"26052026","0","","APRILIA","SR GT 125","Cádiz","Andalucía","125"
"26052026","0","","CFMOTO","800MT-X","Toledo","Castilla-La Mancha","799"
"26052026","0","","KYMCO","AGILITY S","Lleida","Cataluña","125"
"26052026","0","","MORBIDELLI","T502X","Asturias","Principado de Asturias","486"
"26052026","0","","BMW","F 900 XR","Cádiz","Andalucía","895"
"26052026","0","","VOGE","DS900X","Madrid","Comunidad de Madrid","895"
"26052026","0","","SYM","SYMPHONY 125","Granada","Andalucía","125"
"26052026","0","","VOGE","DS900X","Guadalajara","Castilla-La Mancha","895"
"26052026","0","","HONDA","PCX125","Valencia/València","Comunidad Valenciana","125"
"26052026","0","","KAWASAKI","Z900","Barcelona","Cataluña","948"
"26052026","0","","HONDA","CBR600R3","Huelva","Andalucía","599"
"26052026","0","","YAMAHA","NMAX125","Jaén","Andalucía","125"
"26052026","0","","YAMAHA","TRACER 700","Madrid","Comunidad de Madrid","689"
"26052026","0","","BMW","F 900 GS ADVENTURE","Álava/Araba","País Vasco","895"
"26052026","0","","YAMAHA","NMAX125","Madrid","Comunidad de Madrid","125"
"26052026","0","","CFMOTO","1000MT-X","Barcelona","Cataluña","946"
"26052026","0","","HONDA","SH125i","Barcelona","Cataluña","125"
"26052026","0","","KTM","KTM 990 RC R","Madrid","Comunidad de Madrid","947"
"26052026","0","","ZONTES","368G","Madrid","Comunidad de Madrid","368"
"26052026","0","","ZONTES","368G","Bizkaia","País Vasco","368"
"26052026","0","","KYMCO","AGILITY S","Murcia","Región de Murcia","125"
"26052026","0","","ZONTES","368G","Girona","Cataluña","368"
"26052026","0","","KAWASAKI","Z650","Granada","Andalucía","649"
"26052026","0","","HONDA","VISION 110","Cantabria","Cantabria","109"
"26052026","0","","VOGE","625DSX","Girona","Cataluña","581"
"26052026","0","","HONDA","CB 500 F","Granada","Andalucía","471"
"26052026","0","","ZONTES","368G","Bizkaia","País Vasco","368"
"26052026","0","","HONDA","FORZA125","Valencia/València","Comunidad Valenciana","125"
"26052026","0","","PEUGEOT","DJANGO","Valencia/València","Comunidad Valenciana","125"
"26052026","0","","MOTO MORINI","X-CAPE 1200","Ourense","Galicia","1187"
"26052026","0","","PIAGGIO","MEDLEY 125","Madrid","Comunidad de Madrid","125"
"26052026","0","","YAMAHA","NMAX125","Barcelona","Cataluña","125"
"26052026","0","","YAMAHA","YZF-R9","Málaga","Andalucía","890"
"26052026","0","","CFMOTO","125 NK","Soria","Castilla y León","124"
"26052026","0","","YAMAHA","RayZR 125","Valencia/València","Comunidad Valenciana","125"
"26052026","0","","VOGE","R125S","Cádiz","Andalucía","125"
"26052026","0","","TRIUMPH","TIGER 1200 GT PRO","Madrid","Comunidad de Madrid","1160"
"26052026","0","","VOGE","DS900X","Salamanca","Castilla y León","895"
"26052026","0","","KYMCO","AGILITY S","Málaga","Andalucía","125"
"26052026","0","","BMW","R 1300 GS","Zaragoza","Aragón","1300"
"26052026","0","","SYM","SYMPHONY 125","Girona","Cataluña","125"
"26052026","0","","SYM","JET 14","Castellón/Castelló","Comunidad Valenciana","125"
"26052026","0","","PIAGGIO","LIBERTY 125 ABS","Illes Balears","Illes Balears","124"
"26052026","0","","SUZUKI","V-Strom 800","Santa Cruz de Tenerife","Canarias","776"
"26052026","0","","HONDA","SH Mode 125","Barcelona","Cataluña","125"
"26052026","0","","VOGE","625DSX","Palmas (Las)","Canarias","581"
"26052026","0","","SYM","SYMPHONY 125","Cádiz","Andalucía","125"
"26052026","0","","HONDA","CRF1100L Africa Twin","Madrid","Comunidad de Madrid","1084"
"26052026","0","","VOGE","625DSX","Cantabria","Cantabria","581"
"26052026","0","","VOGE","625DSX","Ciudad Real","Castilla-La Mancha","581"
"26052026","0","","KYMCO","DTX","Valencia/València","Comunidad Valenciana","124"
"26052026","0","","HONDA","VISION 110","Cádiz","Andalucía","109"
"26052026","0","","PIAGGIO","VESPA GTS","Alicante/Alacant","Comunidad Valenciana","310"
"26052026","0","","HONDA","SH Mode 125","Alicante/Alacant","Comunidad Valenciana","125"
"26052026","0","","SYM","SYMPHONY 125","Barcelona","Cataluña","125"
"26052026","0","","RIEJU","NOT APPLICABLE","Madrid","Comunidad de Madrid","124"
"26052026","0","","SYM","SYMPHONY 125","Girona","Cataluña","125"
"26052026","0","","HONDA","SH125i","Almería","Andalucía","125"
"26052026","0","","HONDA","FORZA125","Barcelona","Cataluña","125"
"26052026","0","","HERO MOTOCORP","X PULSE 200 4V","Zaragoza","Aragón","200"
"26052026","0","","TRIUMPH","TIGER 1200 GT PRO","Madrid","Comunidad de Madrid","1160"
"26052026","0","","MOTO GUZZI","STELVIO (A.R.A.S.)","Bizkaia","País Vasco","1042"
"26052026","0","","YAMAHA","XMAX125","Sevilla","Andalucía","125"
"26052026","0","","HONDA","NX500","Madrid","Comunidad de Madrid","471"
"26052026","0","","HONDA","FORZA125","Valencia/València","Comunidad Valenciana","125"
"26052026","0","","KAWASAKI","NINJA ZX-6R","Valencia/València","Comunidad Valenciana","636"
"26052026","0","","ZF-KY","NEXY 125","Palmas (Las)","Canarias","125"
"26052026","0","","ZONTES","368G","Málaga","Andalucía","368"
"26052026","0","","YAMAHA","XMAX 300","Santa Cruz de Tenerife","Canarias","292"
"26052026","0","","ZONTES","368G","Palmas (Las)","Canarias","368"
"26052026","0","","YAMAHA","MT-125","Illes Balears","Illes Balears","125"
"26052026","0","","HONDA","VISION 110","Barcelona","Cataluña","109"
"26052026","0","","ZONTES","125C","Barcelona","Cataluña","125"
"26052026","0","","VOGE","SR1ADV","Melilla","Melilla","125"
"26052026","0","","CFMOTO","450MT","Granada","Andalucía","449"
"26052026","0","","HONDA","FORZA 350","Madrid","Comunidad de Madrid","330"
"26052026","0","","BMW","C 400 GT","Cádiz","Andalucía","350"
"26052026","0","","HONDA","VISION 110","Málaga","Andalucía","109"
"26052026","0","","ZONTES","125E","Sevilla","Andalucía","125"
"26052026","0","","MACBOR","MONTANA XR1 125 EVO","Sevilla","Andalucía","124"
"26052026","0","","YAMAHA","NMAX125","Barcelona","Cataluña","125"
"26052026","0","","PIAGGIO","VESPA PRIMAVERA 125","Alicante/Alacant","Comunidad Valenciana","124"
"26052026","0","","YAMAHA","NMAX125","Albacete","Castilla-La Mancha","125"
"26052026","0","","HONDA","XL750 Transalp","Sevilla","Andalucía","755"
"26052026","0","","DUCATI","MULTISTRADA V4","Girona","Cataluña","1103"
"26052026","0","","KAWASAKI","NINJA 500","Madrid","Comunidad de Madrid","451"
"26052026","0","","QJMOTOR","SRT 700","Madrid","Comunidad de Madrid","698"
"26052026","0","","KEEWAY","VIESTE 125","Barcelona","Cataluña","125"
"26052026","0","","HONDA","CRF1100L Africa Twin","Barcelona","Cataluña","1084"
"26052026","0","","TRIUMPH","TIGER 900 GT PRO","Zaragoza","Aragón","888"
"26052026","0","","YAMAHA","TMAX 560","Bizkaia","País Vasco","562"
"26052026","0","","VOGE","DS800X RALLY","Cantabria","Cantabria","798"
"26052026","0","","TRIUMPH","TIGER 900 ALPINE EDITI","Madrid","Comunidad de Madrid","888"
"26052026","0","","HONDA","SH350i","Barcelona","Cataluña","330"
"26052026","0","","HONDA","CB750 Hornet","Málaga","Andalucía","755"
"26052026","0","","VOGE","R125","Granada","Andalucía","125"
"26052026","0","","HONDA","FORZA125","Illes Balears","Illes Balears","125"
"26052026","0","","KAWASAKI","NINJA 650","Toledo","Castilla-La Mancha","649"
"26052026","0","","YAMAHA","XMAX125","Madrid","Comunidad de Madrid","125"
"26052026","0","","PIAGGIO","VESPA PRIMAVERA 125","Pontevedra","Galicia","124"
"26052026","0","","FANTIC MOTOR","---","Barcelona","Cataluña","125"
"26052026","0","","VOGE","625R","Zaragoza","Aragón","581"
"26052026","0","","YAMAHA","NMAX125","Málaga","Andalucía","125"
"26052026","0","","HONDA","VISION 110","Barcelona","Cataluña","109"
"26052026","0","","YAMAHA","XMAX125","Valencia/València","Comunidad Valenciana","125"
"26052026","0","","VOGE","625DSX","Girona","Cataluña","581"
"26052026","0","","KYMCO","DTX","Sevilla","Andalucía","321"
"26052026","0","","HONDA","CRF1100L Africa Twin","Santa Cruz de Tenerife","Canarias","1084"
"26052026","0","","HONDA","SH350i","Illes Balears","Illes Balears","330"
"26052026","0","","MITT","TY125T-26F","Madrid","Comunidad de Madrid","125"
"26052026","0","","KYMCO","DTX","Barcelona","Cataluña","321"
"26052026","0","","VOGE","625R","Murcia","Región de Murcia","581"
"26052026","0","","CFMOTO","675SR-R","Ávila","Castilla y León","674"
"26052026","0","","KEEWAY","VIESTE 125","Girona","Cataluña","125"
"26052026","0","","YAMAHA","XTZ 700 Tenere","Barcelona","Cataluña","689"
"26052026","0","","HONDA","ADV 350","Murcia","Región de Murcia","330"
"26052026","0","","HONDA","PCX125","Málaga","Andalucía","125"
"26052026","0","","YAMAHA","RayZR 125","Madrid","Comunidad de Madrid","125"
"26052026","0","","HONDA","PCX125","Alicante/Alacant","Comunidad Valenciana","125"
"26052026","0","","HONDA","CBR 650 R","Zaragoza","Aragón","649"
"26052026","0","","SUZUKI","DR-Z400","Sevilla","Andalucía","398"
"26052026","0","","VOGE","DS800X RALLY","Melilla","Melilla","798"
"26052026","0","","VOGE","625DSX","Barcelona","Cataluña","581"
"26052026","0","","MH MOTORCYCLES","TRAY","Granada","Andalucía","125"
"26052026","0","","KOVE","KOVE 800 X RALLY","Valencia/València","Comunidad Valenciana","799"
"26052026","0","","YAMAHA","NMAX125","Burgos","Castilla y León","125"
"26052026","0","","PIAGGIO","LIBERTY 125 ABS","Madrid","Comunidad de Madrid","124"
"26052026","0","","VOGE","R125S","Madrid","Comunidad de Madrid","125"
"26052026","0","","MORBIDELLI","SC 125","Asturias","Principado de Asturias","125"
"26052026","0","","ZONTES","368G","Sevilla","Andalucía","368"
"26052026","0","","ZONTES","368G","Madrid","Comunidad de Madrid","368"
"26052026","0","","BMW","R 1300 RT","Toledo","Castilla-La Mancha","1300"
"26052026","0","","LETBE","ISLAND","Illes Balears","Illes Balears","125"
"26052026","0","","HONDA","CB650RA","Cantabria","Cantabria","649"
"26052026","0","","YAMAHA","R125","Granada","Andalucía","125"
"26052026","0","","ZONTES","125C","Alicante/Alacant","Comunidad Valenciana","125"
"26052026","0","","ZONTES","125C","Murcia","Región de Murcia","125"
"26052026","0","","MORBIDELLI","T125 X","Barcelona","Cataluña","124"
"26052026","0","","HONDA","ADV 350","Madrid","Comunidad de Madrid","330"
"26052026","0","","PIAGGIO","LIBERTY 125 ABS","Tarragona","Cataluña","124"
"26052026","0","","YAMAHA","XMAX 300","Sevilla","Andalucía","292"
"26052026","0","","YAMAHA","MT-09","Illes Balears","Illes Balears","890"
"26052026","0","","HONDA","PCX125","Rioja (La)","La Rioja","125"
"26052026","0","","HONDA","SH350i","Barcelona","Cataluña","330"
"26052026","0","","VOGE","DS800X RALLY","Illes Balears","Illes Balears","798"
"26052026","0","","ZONTES","368G","Madrid","Comunidad de Madrid","368"
"26052026","0","","KYMCO","PEOPLE S 125 E5+","Gipuzkoa","País Vasco","125"
"26052026","0","","TRIUMPH","SPEED TRIPLE RX","Valencia/València","Comunidad Valenciana","1160"
"26052026","0","","APRILIA","SR GT 125","Cádiz","Andalucía","125"
"26052026","0","","PIAGGIO","LIBERTY 125 ABS","Illes Balears","Illes Balears","124"
"26052026","0","","BMW","F 900 XR","Tarragona","Cataluña","895"
"26052026","0","","MITT","TY125T-26F","Cantabria","Cantabria","125"
"26052026","0","","BMW","F 900 R","Sevilla","Andalucía","895"
"26052026","0","","HONDA","SH125i","Bizkaia","País Vasco","125"
"26052026","0","","HONDA","NT1100","Valencia/València","Comunidad Valenciana","1084"
"26052026","0","","GASGAS","EC 500F","Madrid","Comunidad de Madrid","510"
"26052026","0","","HONDA","CRF 300 L","Granada","Andalucía","286"
"26052026","0","","HONDA","CB 125 F","Almería","Andalucía","124"
"26052026","0","","YAMAHA","XMAX125","Cádiz","Andalucía","125"
"26052026","0","","HONDA","SH125i","Málaga","Andalucía","125"
"26052026","0","","HONDA","FORZA 750","Málaga","Andalucía","745"
"26052026","0","","HONDA","PCX125","Málaga","Andalucía","125"
"26052026","0","","KYMCO","SUPER DINK GT","Barcelona","Cataluña","321"
"26052026","0","","HONDA","CB500FAC","Barcelona","Cataluña","471"
"26052026","0","","HONDA","VISION 110","Málaga","Andalucía","109"
"26052026","0","","MOTO MORINI","X-CAPE 700","Jaén","Andalucía","693"
"26052026","0","","YAMAHA","TRICITY 125","Santa Cruz de Tenerife","Canarias","125"
"26052026","0","","ZONTES","ZT125-Z2","Bizkaia","País Vasco","125"
"26052026","0","","KAWASAKI","Z900","Valencia/València","Comunidad Valenciana","948"
"26052026","0","","YAMAHA","NMAX125","Pontevedra","Galicia","125"
"26052026","0","","HONDA","XL750 Transalp","Lleida","Cataluña","755"
"26052026","0","","HUSQVARNA","HUSQVARNA 901 NORDEN E","Madrid","Comunidad de Madrid","889"
"26052026","0","","MORBIDELLI","F125","Sevilla","Andalucía","125"
"26052026","0","","HONDA","NX500","Málaga","Andalucía","471"
"26052026","0","","BMW","R 1300 GS ADVENTURE","Palmas (Las)","Canarias","1300"
"26052026","0","","KEEWAY","VIESTE 125XDV","Tarragona","Cataluña","125"
"26052026","0","","KEEWAY","ICON 125 S","Bizkaia","País Vasco","124"
"26052026","0","","KEEWAY","V-CRUISE","Toledo","Castilla-La Mancha","125"
"26052026","0","","MH MOTORCYCLES","TRAY","Lleida","Cataluña","125"
"26052026","0","","VOGE","625DSX","Valladolid","Castilla y León","581"
"26052026","0","","YAMAHA","NMAX125","Jaén","Andalucía","125"
"26052026","0","","MOTO MORINI","X-CAPE 1200","Ourense","Galicia","1187"
"26052026","0","","HONDA","FORZA 750","Barcelona","Cataluña","745"
"26052026","0","","VOGE","625DSX","Córdoba","Andalucía","581"
"26052026","0","","QJMOTOR","SRV 550","Murcia","Región de Murcia","554"
"26052026","0","","HONDA","ADV 750","Bizkaia","País Vasco","745"
"26052026","0","","YAMAHA","NMAX125","Barcelona","Cataluña","125"
"26052026","0","","VOGE","R125S","Barcelona","Cataluña","125"
"26052026","0","","ZONTES","125M","Tarragona","Cataluña","125"
"26052026","0","","KYMCO","AGILITY S","Murcia","Región de Murcia","125"
"26052026","0","","KYMCO","AGILITY S","Cádiz","Andalucía","125"
"26052026","0","","HONDA","PCX125","Zaragoza","Aragón","125"
"26052026","0","","HONDA","CBR 650 R","Tarragona","Cataluña","649"
"26052026","0","","YAMAHA","NMAX125","Valencia/València","Comunidad Valenciana","125"
"26052026","0","","SYM","SYMPHONY 125","Sevilla","Andalucía","125"
"26052026","0","","HONDA","VISION 110","Lleida","Cataluña","109"
"26052026","0","","SUZUKI","GSX-8S","Coruña (A)","Galicia","776"
"26052026","0","","YAMAHA","XMAX125","Sevilla","Andalucía","125"
"26052026","0","","HONDA","SH125i","Málaga","Andalucía","125"
"26052026","0","","KTM","KTM 125 DUKE","Cádiz","Andalucía","125"
"26052026","0","","ZONTES","703F","Barcelona","Cataluña","699"
"26052026","0","","SYM","SYMPHONY 125","Gipuzkoa","País Vasco","125"
"26052026","0","","HONDA","XL750 Transalp","Alicante/Alacant","Comunidad Valenciana","755"
"26052026","0","","SYM","JOYMAX Z 300 E5+","Illes Balears","Illes Balears","278"
"26052026","0","","VOGE","625DSX","Bizkaia","País Vasco","581"
"26052026","0","","YAMAHA","NMAX125","Cádiz","Andalucía","125"
"26052026","0","","HONDA","VISION 110","Barcelona","Cataluña","109"
"26052026","0","","MACBOR","MONTANA XR1 125 EVO","Madrid","Comunidad de Madrid","124"
"26052026","0","","ZONTES","125C","Pontevedra","Galicia","125"
"26052026","0","","PEUGEOT","KISBEE M","Barcelona","Cataluña","125"
"26052026","0","","VOGE","SR1ADV","Madrid","Comunidad de Madrid","125"
"26052026","0","","PIAGGIO","BEVERLY 310 HPE","Cádiz","Andalucía","310"
"26052026","0","","BMW","R 1300 GS","Valencia/València","Comunidad Valenciana","1300"
"26052026","0","","HONDA","ADV 350","Barcelona","Cataluña","330"
"26052026","0","","CFMOTO","450MT","Lleida","Cataluña","449"
"26052026","0","","HONDA","FORZA 350","Madrid","Comunidad de Madrid","330"
"26052026","0","","HONDA","NX500","Madrid","Comunidad de Madrid","471"
"26052026","0","","YAMAHA","XMAX125","Pontevedra","Galicia","125"
"26052026","0","","HONDA","PCX125","Jaén","Andalucía","125"
"26052026","0","","MITT","125 DESERT","Murcia","Región de Murcia","125"
"26052026","0","","HONDA","CB750 Hornet","Pontevedra","Galicia","755"
"26052026","0","","HONDA","XL750 Transalp","Alicante/Alacant","Comunidad Valenciana","755"
"26052026","0","","EFUN","LION","Burgos","Castilla y León","125"
"26052026","0","","TRIUMPH","STREET TRIPLE MOTO2 TM","Bizkaia","País Vasco","765"
"26052026","0","","HONDA","CBR600R3","Madrid","Comunidad de Madrid","599"
"26052026","0","","HONDA","XL750 Transalp","Santa Cruz de Tenerife","Canarias","755"
"26052026","0","","PIAGGIO","LIBERTY 125 ABS","Illes Balears","Illes Balears","124"
"26052026","0","","KTM","KTM 390 DUKE","Barcelona","Cataluña","399"
"26052026","0","","KAWASAKI","NINJA 125","Segovia","Castilla y León","125"
"26052026","0","","HONDA","VISION 110","Girona","Cataluña","109"
"26052026","0","","VOGE","R125","Illes Balears","Illes Balears","125"
"26052026","0","","QJMOTOR","SRT 600 SX E5+","Alicante/Alacant","Comunidad Valenciana","554"
"26052026","0","","PEUGEOT","DJANGO","Tarragona","Cataluña","125"
"26052026","0","","ZONTES","125E","Barcelona","Cataluña","125"
"26052026","0","","TRIUMPH","TRIDENT 660 - TRIPLE T","Illes Balears","Illes Balears","660"
"26052026","0","","VOGE","DS900X","Barcelona","Cataluña","895"
"26052026","0","","MITT","TY125T-26G","Sevilla","Andalucía","125"
"26052026","0","","TRIUMPH","TIGER 1200 GT PRO","Madrid","Comunidad de Madrid","1160"
"26052026","0","","KAWASAKI","KLE500","Barcelona","Cataluña","451"
"26052026","0","","KYMCO","SUPER DINK GT","Madrid","Comunidad de Madrid","321"
"26052026","0","","KYMCO","SUPER DINK GT 125 E5+","Valencia/València","Comunidad Valenciana","124"
"26052026","0","","YAMAHA","YZF-R9","Barcelona","Cataluña","890"
"26052026","0","","YAMAHA","MT-03","Madrid","Comunidad de Madrid","321"
"26052026","0","","VOGE","625DSX","Madrid","Comunidad de Madrid","581"
"26052026","0","","YAMAHA","MT-09","Madrid","Comunidad de Madrid","890"
"26052026","0","","YAMAHA","NMAX125","Barcelona","Cataluña","125"
"26052026","0","","VOGE","R125","Madrid","Comunidad de Madrid","125"
"26052026","0","","TRIUMPH","SCRAMBLER 900","Alicante/Alacant","Comunidad Valenciana","900"
"26052026","0","","SYM","JOYMAX Z 300 E5+","Valencia/València","Comunidad Valenciana","278"
"26052026","0","","ZONTES","368G","Barcelona","Cataluña","368"
"26052026","0","","VOGE","SR16","Teruel","Aragón","125"
"26052026","0","","ZONTES","125E","Barcelona","Cataluña","125"
"26052026","0","","SYM","JET 14","Illes Balears","Illes Balears","125"
"26052026","0","","SYM","SYMPHONY 125","Cádiz","Andalucía","125"
"26052026","0","","ZONTES","368K","Madrid","Comunidad de Madrid","368"
"26052026","0","","BMW","F 900 XR","Sevilla","Andalucía","895"
"26052026","0","","VOGE","R125S","Madrid","Comunidad de Madrid","125"
"26052026","0","","BMW","F 900 XR","Badajoz","Extremadura","895"
"26052026","0","","HONDA","CBR 650 R","Gipuzkoa","País Vasco","649"
"26052026","0","","YAMAHA","MT-07","Granada","Andalucía","689"
"26052026","0","","QJMOTOR","FORT 125 N E5+","Castellón/Castelló","Comunidad Valenciana","125"
"26052026","0","","BMW","R 1300 GS ADVENTURE","Girona","Cataluña","1300"
"26052026","0","","YAMAHA","NMAX125","Barcelona","Cataluña","125"
"26052026","0","","VOGE","DS900X","Barcelona","Cataluña","895"
"26052026","0","","VOGE","R125S","Castellón/Castelló","Comunidad Valenciana","125"
"26052026","0","","HONDA","GB350S","Alicante/Alacant","Comunidad Valenciana","348"
"26052026","0","","SYM","JET 14","Córdoba","Andalucía","125"
"26052026","0","","KYMCO","AGILITY S","Bizkaia","País Vasco","125"
"26052026","0","","HONDA","NX500","Málaga","Andalucía","471"
"26052026","0","","ZONTES","368G","Barcelona","Cataluña","368"
"26052026","0","","HONDA","Rebel 500","Bizkaia","País Vasco","471"
"26052026","0","","HONDA","FORZA125","Valencia/València","Comunidad Valenciana","125"
"26052026","0","","ZONTES","703RR","Rioja (La)","La Rioja","699"
"26052026","0","","QJMOTOR","ATR 125 E5+","Santa Cruz de Tenerife","Canarias","125"
"26052026","0","","YAMAHA","R125","Málaga","Andalucía","125"
"26052026","0","","HONDA","GB350S","Tarragona","Cataluña","348"
"26052026","0","","KYMCO","AGILITY S","Illes Balears","Illes Balears","125"
"26052026","0","","VOGE","R125S","Cáceres","Extremadura","125"
"26052026","0","","QJMOTOR","SRT 900 S","Alicante/Alacant","Comunidad Valenciana","904"
"26052026","0","","SYM","JET 14","Tarragona","Cataluña","125"
"26052026","0","","CFMOTO","450MT","Barcelona","Cataluña","449"
"26052026","0","","KYMCO","AGILITY S","Alicante/Alacant","Comunidad Valenciana","125"
"26052026","0","","HONDA","PCX125","Barcelona","Cataluña","125"
"26052026","0","","RIEJU","NKD 125","Madrid","Comunidad de Madrid","124"
"26052026","0","","YAMAHA","NMAX125","Málaga","Andalucía","125"
"26052026","0","","SYM","ADX 300 TCS","Tarragona","Cataluña","278"
"26052026","0","","QJMOTOR","SRK 125 S E5+","Girona","Cataluña","125"
"26052026","0","","YAMAHA","MT-09","Santa Cruz de Tenerife","Canarias","890"
"26052026","0","","YAMAHA","NMAX125","Cádiz","Andalucía","125"
"26052026","0","","HONDA","FORZA125","Valencia/València","Comunidad Valenciana","125"
"26052026","0","","SYM","JOYMAX Z 300 E5+","Barcelona","Cataluña","278"
"26052026","0","","BMW","R 1300 RS","Málaga","Andalucía","1300"
"26052026","0","","VOGE","625DSX","Palmas (Las)","Canarias","581"
"26052026","0","","SYM","ADX 300 TCS","Albacete","Castilla-La Mancha","278"
"26052026","0","","MH MOTORCYCLES","VRS","Málaga","Andalucía","124"
"26052026","0","","HONDA","CB 500 F","Madrid","Comunidad de Madrid","471"
"26052026","0","","SYM","JET 14","Tarragona","Cataluña","125"
"26052026","0","","SYM","SYMPHONY 125","Illes Balears","Illes Balears","125"
"26052026","0","","QJMOTOR","SRT 600 SX E5+","Málaga","Andalucía","554"
"26052026","0","","HONDA","PCX125","Madrid","Comunidad de Madrid","125"
"26052026","0","","HONDA","XL750 Transalp","Santa Cruz de Tenerife","Canarias","755"
"26052026","0","","KAWASAKI","Z900RS","Valladolid","Castilla y León","948"
"26052026","0","","YAMAHA","NMAX125","Valencia/València","Comunidad Valenciana","125"
"26052026","0","","YAMAHA","YZF-R9","Málaga","Andalucía","890"
"26052026","0","","ZONTES","368E","Palmas (Las)","Canarias","368"
"26052026","0","","ZONTES","368G","Madrid","Comunidad de Madrid","368"
"26052026","0","","YAMAHA","XTZ 700 Tenere","Valencia/València","Comunidad Valenciana","689"
"26052026","0","","HONDA","CBR500","Almería","Andalucía","471"
"26052026","0","","MITT","TRAVELLER","Valladolid","Castilla y León","799"
"26052026","0","","HONDA","CBF 125","Murcia","Región de Murcia","125"
"26052026","0","","KYMCO","DTX","Illes Balears","Illes Balears","321"
"26052026","0","","BMW","R 1300 GS","Valencia/València","Comunidad Valenciana","1300"
"26052026","0","","HONDA","CB650RA","Zaragoza","Aragón","649"
"26052026","0","","HONDA","SH125i","Granada","Andalucía","125"
"26052026","0","","VOGE","DS900X","Ciudad Real","Castilla-La Mancha","895"
"26052026","0","","YAMAHA","NMAX125","Barcelona","Cataluña","125"
"26052026","0","","KEEWAY","V-CRUISE","Almería","Andalucía","125"
"26052026","0","","HONDA","FORZA125","Málaga","Andalucía","125"
"26052026","0","","ZONTES","368G","Valencia/València","Comunidad Valenciana","368"
"26052026","0","","ZONTES","368G","Barcelona","Cataluña","368"
"26052026","0","","MH MOTORCYCLES","VRS","Madrid","Comunidad de Madrid","124"
"26052026","0","","KYMCO","AGILITY S","Málaga","Andalucía","125"
"26052026","0","","KYMCO","DTX","Granada","Andalucía","124"
"26052026","0","","KAWASAKI","Z650","Málaga","Andalucía","649"
"26052026","0","","QJMOTOR","SRT 900 S","Palmas (Las)","Canarias","904"
"26052026","0","","VOGE","625DSX","Alicante/Alacant","Comunidad Valenciana","581"
"26052026","0","","ZONTES","ZT125-U1","Zamora","Castilla y León","125"
"26052026","0","","HONDA","ADV 350","Valencia/València","Comunidad Valenciana","330"
"26052026","0","","KEEWAY","V-CRUISE","Toledo","Castilla-La Mancha","125"
"26052026","0","","HONDA","PCX125","Granada","Andalucía","125"
"26052026","0","","HONDA","FORZA125","Málaga","Andalucía","125"
"26052026","0","","VOGE","SR16","Barcelona","Cataluña","125"
"26052026","0","","HONDA","CBF 125","Illes Balears","Illes Balears","125"
"26052026","0","","YAMAHA","XMAX125","Málaga","Andalucía","125"
"26052026","0","","ZONTES","125X","Málaga","Andalucía","125"
"26052026","0","","YAMAHA","NMAX125","Murcia","Región de Murcia","125"
"26052026","0","","KYMCO","AGILITY S","Toledo","Castilla-La Mancha","125"
"26052026","0","","HONDA","NX500","Barcelona","Cataluña","471"
"26052026","0","","YAMAHA","YZF690-U","Madrid","Comunidad de Madrid","689"
"26052026","0","","HONDA","SH350i","Barcelona","Cataluña","330"
"26052026","0","","YAMAHA","YZF690-U","Alicante/Alacant","Comunidad Valenciana","689"
"26052026","0","","YAMAHA","NMAX125","Illes Balears","Illes Balears","125"
"26052026","0","","HONDA","PCX125","Cádiz","Andalucía","125"
"26052026","0","","SUZUKI","GSX-8S","Cádiz","Andalucía","776"
"26052026","0","","HONDA","SH Mode 125","Barcelona","Cataluña","125"
"26052026","0","","ZONTES","125C","Barcelona","Cataluña","125"
"26052026","0","","YAMAHA","NMAX125","Barcelona","Cataluña","125"
"26052026","0","","VOGE","DS900X","Barcelona","Cataluña","895"
"26052026","0","","VOGE","R125S","Granada","Andalucía","125"
"26052026","0","","KYMCO","AGILITY S","Barcelona","Cataluña","125"
"26052026","0","","HONDA","PCX125","Málaga","Andalucía","125"
"26052026","0","","ZONTES","350T","Madrid","Comunidad de Madrid","348"
"26052026","0","","YAMAHA","XMAX125","Cádiz","Andalucía","125"
"26052026","0","","CFMOTO","700MT","Girona","Cataluña","693"
"26052026","0","","BMW","F 900 R","Madrid","Comunidad de Madrid","895"
"26052026","0","","PEUGEOT","KISBEE M","Barcelona","Cataluña","125"
"26052026","0","","ZONTES","703F","Bizkaia","País Vasco","699"
"26052026","0","","YAMAHA","RayZR 125","Navarra","Comunidad Foral de Navarra","125"
"26052026","0","","YAMAHA","TRICITY 125","Murcia","Región de Murcia","125"
"26052026","0","","BENDA","NAPOLEON 250","Valencia/València","Comunidad Valenciana","249"
"26052026","0","","HONDA","FORZA125","Málaga","Andalucía","125"
"26052026","0","","YAMAHA","MT-07","Madrid","Comunidad de Madrid","689"
"26052026","0","","YAMAHA","NMAX125","Málaga","Andalucía","125"
"26052026","0","","ZONTES","125C","Granada","Andalucía","125"
"26052026","0","","PIAGGIO","LIBERTY 125 ABS","Illes Balears","Illes Balears","124"
"26052026","0","","VOGE","R125S","Madrid","Comunidad de Madrid","125"
"26052026","0","","VOGE","SR1ADV","Madrid","Comunidad de Madrid","125"
"26052026","0","","VOGE","DS525X","Barcelona","Cataluña","494"
"26052026","0","","VOGE","DS900X","Barcelona","Cataluña","895"
"26052026","0","","KYMCO","DTX","Pontevedra","Galicia","124"
"26052026","0","","VOGE","R125S","Madrid","Comunidad de Madrid","125"
"26052026","0","","HONDA","GB350S","Alicante/Alacant","Comunidad Valenciana","348"
"26052026","0","","KYMCO","DTX","Madrid","Comunidad de Madrid","124"
"26052026","0","","ZONTES","368G","Sevilla","Andalucía","368"
"26052026","0","","KYMCO","AGILITY S","Palmas (Las)","Canarias","125"
"26052026","0","","VOGE","300RALLY","Toledo","Castilla-La Mancha","292"
"26052026","0","","HONDA","FORZA125","Málaga","Andalucía","125"
"26052026","0","","KYMCO","SUPER DINK GT","Barcelona","Cataluña","321"
"26052026","0","","VOGE","625R","Sevilla","Andalucía","581"
"26052026","0","","YAMAHA","XTZ 700 Tenere","Granada","Andalucía","689"
"26052026","0","","BMW","R 1300 R","Sevilla","Andalucía","1300"
"26052026","0","","HONDA","XL750 Transalp","Santa Cruz de Tenerife","Canarias","755"
"26052026","0","","HONDA","PCX125","Palmas (Las)","Canarias","125"
"26052026","0","","YAMAHA","NMAX125","Valencia/València","Comunidad Valenciana","125"
"26052026","0","","HONDA","ADV 350","Málaga","Andalucía","330"
"26052026","0","","YAMAHA","MT-07","Madrid","Comunidad de Madrid","689"
"26052026","0","","YAMAHA","MT-09","Cantabria","Cantabria","890"
"26052026","0","","YAMAHA","NMAX125","Sevilla","Andalucía","125"
"26052026","0","","ZONTES","368K","Madrid","Comunidad de Madrid","368"
"26052026","0","","ZONTES","125C","Navarra","Comunidad Foral de Navarra","125"
"26052026","0","","VOGE","SR4 MAX","Madrid","Comunidad de Madrid","350"
"26052026","0","","SYM","JET 14","Alicante/Alacant","Comunidad Valenciana","125"
"26052026","0","","ZONTES","ZT125-Z2","Zaragoza","Aragón","125"
"26052026","0","","ZONTES","125X","Málaga","Andalucía","125"
"26052026","0","","HONDA","FORZA125","Valencia/València","Comunidad Valenciana","125"
"26052026","0","","SYM","SYMPHONY 125","Tarragona","Cataluña","125"
"26052026","0","","KYMCO","PEOPLE S 125 E5+","Gipuzkoa","País Vasco","125"
"26052026","0","","HONDA","CMX1100","Barcelona","Cataluña","1084"
"26052026","0","","CFMOTO","675SR-R","Granada","Andalucía","674"
"26052026","0","","BMW","R 1300 GS","Murcia","Región de Murcia","1300"
"26052026","0","","HONDA","ADV 350","Málaga","Andalucía","330"
"26052026","0","","ZONTES","ZT125-U1","Navarra","Comunidad Foral de Navarra","125"
"26052026","0","","ZONTES","125C","Alicante/Alacant","Comunidad Valenciana","125"
"26052026","0","","HONDA","XL750 Transalp","Madrid","Comunidad de Madrid","755"
"26052026","0","","KYMCO","SUPER DINK GT","Barcelona","Cataluña","321"
"26052026","0","","HONDA","PCX125","Murcia","Región de Murcia","125"
"26052026","0","","ZONTES","125X","Zaragoza","Aragón","125"
"26052026","0","","QJMOTOR","SRT 900 S","Sevilla","Andalucía","904"
"26052026","0","","ZONTES","368G","Huelva","Andalucía","368"
"26052026","0","","LAMBRETTA","V125 SPECIAL FLEX","Pontevedra","Galicia","125"
"26052026","0","","KAWASAKI","NINJA 125","Barcelona","Cataluña","125"
"26052026","0","","BMW","S 1000 XR","Navarra","Comunidad Foral de Navarra","999"
"26052026","0","","MH MOTORCYCLES","TRAY","Madrid","Comunidad de Madrid","125"
"26052026","0","","CYCLONE","RX600","Santa Cruz de Tenerife","Canarias","550"
"26052026","0","","PIAGGIO","LIBERTY 125 ABS","Sevilla","Andalucía","124"
"26052026","0","","KAWASAKI","Z900","Valencia/València","Comunidad Valenciana","948"
"26052026","0","","BMW","F 900 GS ADVENTURE","Gipuzkoa","País Vasco","895"
"26052026","0","","HONDA","Rebel 500","Valencia/València","Comunidad Valenciana","471"
"26052026","0","","KYMCO","DTX","Rioja (La)","La Rioja","124"
"26052026","0","","HONDA","NC 750 X","Valencia/València","Comunidad Valenciana","745"
"26052026","0","","KEEWAY","VIESTE 125","Murcia","Región de Murcia","125"
"26052026","0","","BMW","F 900 XR","Jaén","Andalucía","895"
"26052026","0","","APRILIA","RS 660","Málaga","Andalucía","659"
"26052026","0","","KYMCO","DTX","Barcelona","Cataluña","124"
"26052026","0","","HONDA","CB 500 F","Zaragoza","Aragón","471"
"26052026","0","","SWM","STORMBREAKE","Santa Cruz de Tenerife","Canarias","1200"
"26052026","0","","ZONTES","ZT125-G1","Ciudad Real","Castilla-La Mancha","125"
"26052026","0","","HONDA","PCX125","Cádiz","Andalucía","125"
"26052026","0","","APRILIA","TUONO 457","Madrid","Comunidad de Madrid","457"
"26052026","0","","QJMOTOR","ATR 125 E5+","Valencia/València","Comunidad Valenciana","125"
"26052026","0","","VOGE","625R","Alicante/Alacant","Comunidad Valenciana","581"
"26052026","0","","QJMOTOR","ATR 125 E5+","Sevilla","Andalucía","125"
"26052026","0","","BENELLI","BKX 125","Girona","Cataluña","125"
"26052026","0","","YAMAHA","NMAX125","Cádiz","Andalucía","125"
"26052026","0","","HONDA","SH125i","Málaga","Andalucía","125"
"26052026","0","","HONDA","PCX125","Almería","Andalucía","125"
"26052026","0","","ZONTES","ZT125-Z2","Bizkaia","País Vasco","125"
"26052026","0","","HONDA","ADV 350","Valencia/València","Comunidad Valenciana","330"
"26052026","0","","HONDA","NC 750 X","Barcelona","Cataluña","745"
"26052026","0","","SYM","JET 14","Granada","Andalucía","125"
"26052026","0","","YAMAHA","RayZR 125","Palmas (Las)","Canarias","125"
"26052026","0","","KTM","KTM 125 DUKE","Madrid","Comunidad de Madrid","125"
"26052026","0","","HONDA","PCX125","Huelva","Andalucía","125"
"26052026","0","","KEEWAY","RKS 125","Coruña (A)","Galicia","124"
"26052026","0","","YAMAHA","MT-09","Girona","Cataluña","890"
"26052026","0","","SYM","JET 14","Granada","Andalucía","125"
"26052026","0","","YAMAHA","TRACER 700","Barcelona","Cataluña","689"
"26052026","0","","MOTO MORINI","X-CAPE","León","Castilla y León","649"
"26052026","0","","SUZUKI","GSX-8S","Santa Cruz de Tenerife","Canarias","776"
"26052026","0","","YAMAHA","NMAX125","Madrid","Comunidad de Madrid","125"
"26052026","0","","YAMAHA","NMAX125","Madrid","Comunidad de Madrid","125"
"26052026","0","","KYMCO","SKYTOWN 125","Illes Balears","Illes Balears","125"
"26052026","0","","MTR BIKES","S8-ZY125","Córdoba","Andalucía","124"
"26052026","0","","HONDA","CBF 125","Navarra","Comunidad Foral de Navarra","125"
"26052026","0","","MORBIDELLI","SC 125","Tarragona","Cataluña","125"
"26052026","0","","HONDA","VISION 110","Barcelona","Cataluña","109"
"26052026","0","","ZONTES","368G","Burgos","Castilla y León","368"
"26052026","0","","PIAGGIO","LIBERTY 125 ABS","Illes Balears","Illes Balears","124"
"26052026","0","","YAMAHA","NMAX125","Valencia/València","Comunidad Valenciana","125"
"26052026","0","","HONDA","ADV 350","Alicante/Alacant","Comunidad Valenciana","330"
"26052026","0","","HONDA","VISION 110","Cantabria","Cantabria","109"
"26052026","0","","VOGE","DS800X RALLY","Barcelona","Cataluña","798"
"26052026","0","","YAMAHA","MT-125","Illes Balears","Illes Balears","125"
"26052026","0","","ZONTES","368G","Illes Balears","Illes Balears","368"
"26052026","0","","BMW","R 1300 RT","Madrid","Comunidad de Madrid","1300"
