FEC_MATRICULA,COD_CLASE_MAT,FEC_TRAMITACION,MARCA_ITV,MODELO_ITV,PROVINCIA_VEH,COMUNIDAD_AUTONOMA,CILINDRADA_ITV
"29052026","0","","YAMAHA","XTZ 700 Tenere","Asturias","Principado de Asturias","689"
"29052026","0","","HONDA","CB750 Hornet","Murcia","Región de Murcia","755"
"29052026","0","","BMW","R 1300 RT","Barcelona","Cataluña","1300"
"29052026","0","","ZONTES","125X","Málaga","Andalucía","125"
"29052026","0","","CFMOTO","450MT","Ciudad Real","Castilla-La Mancha","449"
"29052026","0","","VOGE","R125","Pontevedra","Galicia","125"
"29052026","0","","VOGE","DS900X","Málaga","Andalucía","895"
"29052026","0","","SYM","JET X","Cádiz","Andalucía","125"
"29052026","0","","ZONTES","125E","Bizkaia","País Vasco","125"
"29052026","0","","BMW","S 1000 RR","Madrid","Comunidad de Madrid","999"
"29052026","0","","WOTTAN","REBBE","Sevilla","Andalucía","124"
"29052026","0","","YAMAHA","NMAX 125","Málaga","Andalucía","125"
"29052026","0","","HONDA","PCX125","Cádiz","Andalucía","125"
"29052026","0","","HONDA","NC 750 X","Ciudad Real","Castilla-La Mancha","745"
"29052026","0","","ZONTES","368G","Cádiz","Andalucía","368"
"29052026","0","","BMW","C 400 GT","Murcia","Región de Murcia","350"
"29052026","0","","BMW","R 1300 RT","Almería","Andalucía","1300"
"29052026","0","","HONDA","ADV 350","Sevilla","Andalucía","330"
"29052026","0","","MITT","TY125T-58E","Madrid","Comunidad de Madrid","125"
"29052026","0","","SUZUKI","ADDRESS 125","Guadalajara","Castilla-La Mancha","124"
"29052026","0","","SYM","SYMPHONY 125","Málaga","Andalucía","125"
"29052026","0","","BMW","S 1000 RR","Málaga","Andalucía","999"
"29052026","0","","YAMAHA","XMAX 125","Barcelona","Cataluña","125"
"29052026","0","","HONDA","VISION 110","Murcia","Región de Murcia","109"
"29052026","0","","PIAGGIO","VESPA PRIMAVERA 125","Palmas (Las)","Canarias","124"
"29052026","0","","YAMAHA","TMAX 560","Illes Balears","Illes Balears","562"
"29052026","0","","TRIUMPH","SPEED 400","Palmas (Las)","Canarias","398"
"29052026","0","","KAWASAKI","Z900","Valencia/València","Comunidad Valenciana","948"
"29052026","0","","KTM","KTM 390 ENDURO R","Madrid","Comunidad de Madrid","399"
"29052026","0","","PIAGGIO","VESPA PRIMAVERA 125","Madrid","Comunidad de Madrid","124"
"29052026","0","","BMW","F 900 GS","Cádiz","Andalucía","895"
"29052026","0","","YAMAHA","XMAX 125","Madrid","Comunidad de Madrid","125"
"29052026","0","","HONDA","VISION 110","Alicante/Alacant","Comunidad Valenciana","109"
"29052026","0","","VOGE","SR1","Girona","Cataluña","125"
"29052026","0","","HONDA","FORZA125","Asturias","Principado de Asturias","125"
"29052026","0","","HONDA","PCX125","Sevilla","Andalucía","125"
"29052026","0","","LAMBRETTA","V125 SPECIAL FLEX","Coruña (A)","Galicia","125"
"29052026","0","","BMW","C 400 GT","Madrid","Comunidad de Madrid","350"
"29052026","0","","HONDA","PCX125","Madrid","Comunidad de Madrid","125"
"29052026","0","","ZONTES","703F","Lugo","Galicia","699"
"29052026","0","","HONDA","FORZA 350","Valencia/València","Comunidad Valenciana","330"
"29052026","0","","SYM","SYMPHONY 125","Cádiz","Andalucía","125"
"29052026","0","","APRILIA","SR GT 125","Bizkaia","País Vasco","125"
"29052026","0","","BMW","R 1300 GS ADVENTURE","Málaga","Andalucía","1300"
"29052026","0","","HONDA","ADV 350","Barcelona","Cataluña","330"
"29052026","0","","BMW","F 900 GS ADVENTURE","Granada","Andalucía","895"
"29052026","0","","HONDA","NX500","Badajoz","Extremadura","471"
"29052026","0","","BMW","S 1000 RR","Barcelona","Cataluña","999"
"29052026","0","","BMW","R 1300 GS","Barcelona","Cataluña","1300"
"29052026","0","","BMW","R 1300 RT","Madrid","Comunidad de Madrid","1300"
"29052026","0","","RIEJU","NOT APPLICABLE","Zaragoza","Aragón","124"
"29052026","0","","VOGE","625DSX","Sevilla","Andalucía","581"
"29052026","0","","KYMCO","DTX","Tarragona","Cataluña","321"
"29052026","0","","ZONTES","125X","Madrid","Comunidad de Madrid","125"
"29052026","0","","VOGE","625DSX","Alicante/Alacant","Comunidad Valenciana","581"
"29052026","0","","HONDA","XL750 Transalp","Zaragoza","Aragón","755"
"29052026","0","","HONDA","VISION 110","Zaragoza","Aragón","109"
"29052026","0","","HONDA","PCX125","Cádiz","Andalucía","125"
"29052026","0","","HONDA","ADV 750","Madrid","Comunidad de Madrid","745"
"29052026","0","","HONDA","ADV 350","Cádiz","Andalucía","330"
"29052026","0","","KYMCO","DTX","Valencia/València","Comunidad Valenciana","124"
"29052026","0","","MOTO GUZZI","V85 STRADA","Cádiz","Andalucía","853"
"29052026","0","","MACBOR","ROCKSTER FLAT 125 EVO","Cantabria","Cantabria","125"
"29052026","0","","MITT","TY125T-26G","Cádiz","Andalucía","125"
"29052026","0","","HONDA","ADV 350","Málaga","Andalucía","330"
"29052026","0","","APRILIA","RS 457","Alicante/Alacant","Comunidad Valenciana","457"
"29052026","0","","KYMCO","SUPER DINK GT","Barcelona","Cataluña","321"
"29052026","0","","HONDA","FORZA 750","Barcelona","Cataluña","745"
"29052026","0","","YAMAHA","YZF690-U","Tarragona","Cataluña","689"
"29052026","0","","BMW","C 400 X","Barcelona","Cataluña","350"
"29052026","0","","HONDA","FORZA125","Málaga","Andalucía","125"
"29052026","0","","HONDA","CRF1100L Africa Twin","Illes Balears","Illes Balears","1084"
"29052026","0","","SUZUKI","GSX-R125","Girona","Cataluña","124"
"29052026","0","","HONDA","CB750 Hornet","Girona","Cataluña","755"
"29052026","0","","KAWASAKI","Z900","Alicante/Alacant","Comunidad Valenciana","948"
"29052026","0","","SYM","SYMPHONY 125","Cádiz","Andalucía","125"
"29052026","0","","ZONTES","ZT125-G1","Madrid","Comunidad de Madrid","125"
"29052026","0","","ZONTES","125X","Bizkaia","País Vasco","125"
"29052026","0","","HONDA","FORZA125","Madrid","Comunidad de Madrid","125"
"29052026","0","","HONDA","XL750 Transalp","Alicante/Alacant","Comunidad Valenciana","755"
"29052026","0","","YAMAHA","TRACER 700","León","Castilla y León","689"
"29052026","0","","APRILIA","TUAREG 660","Bizkaia","País Vasco","659"
"29052026","0","","KYMCO","AGILITY S","Murcia","Región de Murcia","125"
"29052026","0","","HONDA","NC 750 X","Barcelona","Cataluña","745"
"29052026","0","","PEUGEOT","PULSION EVO","Madrid","Comunidad de Madrid","125"
"29052026","0","","VOGE","DS525X","Málaga","Andalucía","494"
"29052026","0","","HONDA","MSX125A","Madrid","Comunidad de Madrid","124"
"29052026","0","","YAMAHA","NMAX 125","Illes Balears","Illes Balears","125"
"29052026","0","","HONDA","SH Mode 125","Sevilla","Andalucía","125"
"29052026","0","","HONDA","CL500","Tarragona","Cataluña","471"
"29052026","0","","BMW","F 900 GS ADVENTURE","Cádiz","Andalucía","895"
"29052026","0","","YAMAHA","XTZ 700 Tenere","Illes Balears","Illes Balears","689"
"29052026","0","","ZONTES","125C","Málaga","Andalucía","125"
"29052026","0","","HONDA","PCX125","Castellón/Castelló","Comunidad Valenciana","125"
"29052026","0","","HARLEY-DAVIDSON","SPORTSTER S","Málaga","Andalucía","1252"
"29052026","0","","HONDA","SH350i","Zaragoza","Aragón","330"
"29052026","0","","YAMAHA","TMAX 560","Valencia/València","Comunidad Valenciana","562"
"29052026","0","","BMW","F 900 R","Madrid","Comunidad de Madrid","895"
"29052026","0","","YAMAHA","NMAX 125","Barcelona","Cataluña","125"
"29052026","0","","HONDA","SH125i","Málaga","Andalucía","125"
"29052026","0","","CFMOTO","1000MT-X","Valencia/València","Comunidad Valenciana","946"
"29052026","0","","ZONTES","368G","Málaga","Andalucía","368"
"29052026","0","","HONDA","FORZA125","Alicante/Alacant","Comunidad Valenciana","125"
"29052026","0","","PIAGGIO","VESPA GTS","Illes Balears","Illes Balears","310"
"29052026","0","","SYM","SYMPHONY 125","Toledo","Castilla-La Mancha","125"
"29052026","0","","HONDA","ADV 350","Barcelona","Cataluña","330"
"29052026","0","","KYMCO","DTX","Murcia","Región de Murcia","321"
"29052026","0","","YAMAHA","Tracer 9 GT","Barcelona","Cataluña","890"
"29052026","0","","BMW","R 1300 RT","Barcelona","Cataluña","1300"
"29052026","0","","HONDA","ADV 350","Madrid","Comunidad de Madrid","330"
"29052026","0","","YAMAHA","MT-07","Illes Balears","Illes Balears","689"
"29052026","0","","YAMAHA","NMAX 125","Murcia","Región de Murcia","125"
"29052026","0","","MITT","TY125T-58E","Cádiz","Andalucía","125"
"29052026","0","","HONDA","CB750 Hornet","Zaragoza","Aragón","755"
"29052026","0","","HONDA","PCX125","Barcelona","Cataluña","125"
"29052026","0","","HONDA","SH Mode 125","Barcelona","Cataluña","125"
"29052026","0","","YAMAHA","XMAX 125","Illes Balears","Illes Balears","125"
"29052026","0","","ZONTES","368G","Coruña (A)","Galicia","368"
"29052026","0","","HONDA","ADV 350","Málaga","Andalucía","330"
"29052026","0","","HONDA","CBR500","Bizkaia","País Vasco","471"
"29052026","0","","HONDA","VISION 110","Tarragona","Cataluña","109"
"29052026","0","","SYM","SYMPHONY 125","Castellón/Castelló","Comunidad Valenciana","125"
"29052026","0","","KYMCO","SKYTOWN 125","Barcelona","Cataluña","125"
"29052026","0","","HONDA","PCX125","Granada","Andalucía","125"
"29052026","0","","YAMAHA","NMAX 125","Illes Balears","Illes Balears","125"
"29052026","0","","BMW","R 1300 RT","Barcelona","Cataluña","1300"
"29052026","0","","VOGE","SR3","Ciudad Real","Castilla-La Mancha","244"
"29052026","0","","BMW","F 900 R A2","Sevilla","Andalucía","895"
"29052026","0","","PIAGGIO","BEVERLY 310 HPE","Granada","Andalucía","310"
"29052026","0","","HONDA","NC 750 X","Cantabria","Cantabria","745"
"29052026","0","","HONDA","VISION 110","Cádiz","Andalucía","109"
"29052026","0","","YAMAHA","XMAX 300","Valladolid","Castilla y León","292"
"29052026","0","","KYMCO","SKYTOWN 125","Coruña (A)","Galicia","125"
"29052026","0","","CFMOTO","1000MT-X","León","Castilla y León","946"
"29052026","0","","YAMAHA","NMAX 125","Alicante/Alacant","Comunidad Valenciana","125"
"29052026","0","","HONDA","XL750 Transalp","Navarra","Comunidad Foral de Navarra","755"
"29052026","0","","SYM","SYMPHONY 125","Girona","Cataluña","125"
"29052026","0","","HONDA","Rebel 500","Granada","Andalucía","471"
"29052026","0","","HARLEY-DAVIDSON","SPORTSTER S","Rioja (La)","La Rioja","1252"
"29052026","0","","BMW","F 900 GS ADVENTURE","Madrid","Comunidad de Madrid","895"
"29052026","0","","YAMAHA","NMAX 125","Cádiz","Andalucía","125"
"29052026","0","","YAMAHA","NMAX 125","Málaga","Andalucía","125"
"29052026","0","","HONDA","PCX125","Valencia/València","Comunidad Valenciana","125"
"29052026","0","","BMW","F 800 GS","Santa Cruz de Tenerife","Canarias","895"
"29052026","0","","PIAGGIO","VESPA PRIMAVERA 125","Madrid","Comunidad de Madrid","124"
"29052026","0","","HONDA","VISION 110","Barcelona","Cataluña","109"
"29052026","0","","HONDA","VISION 110","Barcelona","Cataluña","109"
"29052026","0","","SYM","JET X","Huesca","Aragón","125"
"29052026","0","","KOVE","KOVE 800 X GT","Almería","Andalucía","799"
"29052026","0","","HONDA","PCX125","Barcelona","Cataluña","125"
"29052026","0","","KYMCO","DTX","Santa Cruz de Tenerife","Canarias","124"
"29052026","0","","HONDA","PCX125","Murcia","Región de Murcia","125"
"29052026","0","","APRILIA","RS 660","Málaga","Andalucía","659"
"29052026","0","","YAMAHA","NMAX 125","Málaga","Andalucía","125"
"29052026","0","","VOGE","DS900X","Murcia","Región de Murcia","895"
"29052026","0","","HONDA","PCX125","Illes Balears","Illes Balears","125"
"29052026","0","","KAWASAKI","VERSYS 1100","Alicante/Alacant","Comunidad Valenciana","1099"
"29052026","0","","HONDA","SH125i","Girona","Cataluña","125"
"29052026","0","","HONDA","NC 750 X","Alicante/Alacant","Comunidad Valenciana","745"
"29052026","0","","APRILIA","SR GT 125","Santa Cruz de Tenerife","Canarias","125"
"29052026","0","","BMW","C 400 X","Cádiz","Andalucía","350"
"29052026","0","","KTM","KTM 990 RC R","Barcelona","Cataluña","947"
"29052026","0","","HONDA","NX500","Girona","Cataluña","471"
"29052026","0","","SYM","CRUISYM 125 TCS E5+","Alicante/Alacant","Comunidad Valenciana","124"
"29052026","0","","VOGE","625DSX","Barcelona","Cataluña","581"
"29052026","0","","YAMAHA","NMAX 125","Barcelona","Cataluña","125"
"29052026","0","","HONDA","NX500","Murcia","Región de Murcia","471"
"29052026","0","","HONDA","SH Mode 125","Barcelona","Cataluña","125"
"29052026","0","","HONDA","SH Mode 125","Barcelona","Cataluña","125"
"29052026","0","","HONDA","XL750 Transalp","Alicante/Alacant","Comunidad Valenciana","755"
"29052026","0","","ZONTES","125C","Murcia","Región de Murcia","125"
"29052026","0","","SYM","ADX 300 TCS","Girona","Cataluña","278"
"29052026","0","","YAMAHA","NMAX 125","Cádiz","Andalucía","125"
"29052026","0","","BMW","C 400 X","Illes Balears","Illes Balears","350"
"29052026","0","","HONDA","ADV 350","Asturias","Principado de Asturias","330"
"29052026","0","","LAMBRETTA","X125","Alicante/Alacant","Comunidad Valenciana","124"
"29052026","0","","HONDA","VISION 110","Badajoz","Extremadura","109"
"29052026","0","","BMW","F 900 GS","Madrid","Comunidad de Madrid","895"
"29052026","0","","HONDA","VISION 110","Madrid","Comunidad de Madrid","109"
"29052026","0","","PIAGGIO","LIBERTY 125 ABS","Navarra","Comunidad Foral de Navarra","124"
"29052026","0","","YAMAHA","XMAX 300","Girona","Cataluña","292"
"29052026","0","","ZONTES","368G","Málaga","Andalucía","368"
"29052026","0","","HONDA","PCX125","Palmas (Las)","Canarias","125"
"29052026","0","","ZONTES","368K","Pontevedra","Galicia","368"
"29052026","0","","HARLEY-DAVIDSON","STREET BOB","Illes Balears","Illes Balears","1923"
"29052026","0","","HONDA","ADV 350","Palmas (Las)","Canarias","330"
"29052026","0","","ZONTES","368G","Málaga","Andalucía","368"
"29052026","0","","PIAGGIO","LIBERTY 125 ABS","Illes Balears","Illes Balears","124"
"29052026","0","","ZONTES","ZT125-U","Bizkaia","País Vasco","125"
"29052026","0","","HONDA","SH125i","Girona","Cataluña","125"
"29052026","0","","CYCLONE","RT3S","Cuenca","Castilla-La Mancha","289"
"29052026","0","","BMW","R 1300 RT","Barcelona","Cataluña","1300"
"29052026","0","","HONDA","SH350i","Álava/Araba","País Vasco","330"
"29052026","0","","RIEJU","RALLY 307","Murcia","Región de Murcia","292"
"29052026","0","","QJMOTOR","FORT 125 N E5+","Alicante/Alacant","Comunidad Valenciana","125"
"29052026","0","","LETBE","MECHA","Zaragoza","Aragón","125"
"29052026","0","","VOGE","DS900X","Coruña (A)","Galicia","895"
"29052026","0","","YAMAHA","NMAX 125","Illes Balears","Illes Balears","125"
"29052026","0","","YAMAHA","XTZ 700 Tenere","Málaga","Andalucía","689"
"29052026","0","","HONDA","PCX125","Cantabria","Cantabria","125"
"29052026","0","","HONDA","ADV 350","Girona","Cataluña","330"
"29052026","0","","PEUGEOT","PULSION EVO","Madrid","Comunidad de Madrid","125"
"29052026","0","","CYCLONE","RX600","Bizkaia","País Vasco","550"
"29052026","0","","DUCATI","XDIAVEL V4","Madrid","Comunidad de Madrid","1158"
"29052026","0","","BMW","R 1300 GS ADVENTURE","Jaén","Andalucía","1300"
"29052026","0","","ZONTES","703RR","Asturias","Principado de Asturias","699"
"29052026","0","","YAMAHA","XTZ 700 Tenere","Jaén","Andalucía","689"
"29052026","0","","SYM","JET 14","Ávila","Castilla y León","125"
"29052026","0","","KAWASAKI","Z650","Palmas (Las)","Canarias","649"
"29052026","0","","VOGE","DS900X","Jaén","Andalucía","895"
"29052026","0","","HONDA","CB650RA","Lleida","Cataluña","649"
"29052026","0","","HONDA","FORZA125","Badajoz","Extremadura","125"
"29052026","0","","HONDA","ADV 350","Palmas (Las)","Canarias","330"
"29052026","0","","ZONTES","368M","Illes Balears","Illes Balears","368"
"29052026","0","","TRIUMPH","TIGER 900 GT PRO","Barcelona","Cataluña","888"
"29052026","0","","BMW","F 900 R","Navarra","Comunidad Foral de Navarra","895"
"29052026","0","","KEEWAY","VIESTE 125LX","Asturias","Principado de Asturias","125"
"29052026","0","","VOGE","R125S","Barcelona","Cataluña","125"
"29052026","0","","CFMOTO","675NK","Girona","Cataluña","674"
"29052026","0","","HONDA","VISION 110","Barcelona","Cataluña","109"
"29052026","0","","PIAGGIO","VESPA PRIMAVERA 125","Coruña (A)","Galicia","124"
"29052026","0","","CYCLONE","RX2","Granada","Andalucía","124"
"29052026","0","","HONDA","NX500","Córdoba","Andalucía","471"
"29052026","0","","SYM","SYMPHONY 125","Barcelona","Cataluña","125"
"29052026","0","","KAWASAKI","NINJA 1100SX","Barcelona","Cataluña","1099"
"29052026","0","","MORBIDELLI","F125","Asturias","Principado de Asturias","125"
"29052026","0","","VOGE","DS800X RALLY","Cantabria","Cantabria","798"
"29052026","0","","SYM","SYMPHONY 125","Girona","Cataluña","125"
"29052026","0","","SYM","JET X","Cantabria","Cantabria","125"
"29052026","0","","BMW","R 1300 GS","Murcia","Región de Murcia","1300"
"29052026","0","","KYMCO","AGILITY S","Badajoz","Extremadura","125"
"29052026","0","","BMW","R 1300 RS","Madrid","Comunidad de Madrid","1300"
"29052026","0","","MITT","IBIZA","Granada","Andalucía","125"
"29052026","0","","HONDA","PCX125","Madrid","Comunidad de Madrid","125"
"29052026","0","","RIEJU","NKD 125","Cáceres","Extremadura","124"
"29052026","0","","HONDA","ADV 750","Illes Balears","Illes Balears","745"
"29052026","0","","PIAGGIO","VESPA GTS","Almería","Andalucía","310"
"29052026","0","","YAMAHA","NMAX 125","Madrid","Comunidad de Madrid","125"
"29052026","0","","HONDA","PCX125","Almería","Andalucía","125"
"29052026","0","","MOTO GUZZI","STELVIO (A.R.A.S.)","Cádiz","Andalucía","1042"
"29052026","0","","HONDA","XL750 Transalp","Castellón/Castelló","Comunidad Valenciana","755"
"29052026","0","","HONDA","CRF1100L Africa Twin","Santa Cruz de Tenerife","Canarias","1084"
"29052026","0","","ZONTES","125E","Pontevedra","Galicia","125"
"29052026","0","","KAWASAKI","VERSYS 1100","Salamanca","Castilla y León","1099"
"29052026","0","","HONDA","SH125i","Toledo","Castilla-La Mancha","125"
"29052026","0","","SYM","JET 14","Illes Balears","Illes Balears","125"
"29052026","0","","RIEJU","RALLY 307","Madrid","Comunidad de Madrid","292"
"29052026","0","","ROYAL ENFIELD","INTERCEPTOR 650","Asturias","Principado de Asturias","648"
"29052026","0","","HONDA","ADV 350","Barcelona","Cataluña","330"
"29052026","0","","KYMCO","AGILITY S","Jaén","Andalucía","125"
"29052026","0","","APRILIA","TUONO 457","Ciudad Real","Castilla-La Mancha","457"
"29052026","0","","SYM","JET X","Zaragoza","Aragón","125"
"29052026","0","","HONDA","XL750 Transalp","Coruña (A)","Galicia","755"
"29052026","0","","HONDA","VISION 110","Alicante/Alacant","Comunidad Valenciana","109"
"29052026","0","","VOGE","SR3","Castellón/Castelló","Comunidad Valenciana","244"
"29052026","0","","CFMOTO","675SR-R","Madrid","Comunidad de Madrid","674"
"29052026","0","","SYM","SYMPHONY 125","Zaragoza","Aragón","125"
"29052026","0","","APRILIA","SR GT 125","Bizkaia","País Vasco","125"
"29052026","0","","SYM","SYMPHONY 125","Barcelona","Cataluña","125"
"29052026","0","","KYMCO","XCITING VS 400","Illes Balears","Illes Balears","400"
"29052026","0","","ZONTES","ZT125-G1","Alicante/Alacant","Comunidad Valenciana","125"
"29052026","0","","MOTO GUZZI","V7 STONE","Asturias","Principado de Asturias","853"
"29052026","0","","MOTO MORINI","X-CAPE","Asturias","Principado de Asturias","649"
"29052026","0","","ZONTES","368G","Murcia","Región de Murcia","368"
"29052026","0","","KAWASAKI","Z650","Albacete","Castilla-La Mancha","649"
"29052026","0","","BMW","R 1300 R","Madrid","Comunidad de Madrid","1300"
"29052026","0","","BMW","S 1000 XR","Jaén","Andalucía","999"
"29052026","0","","KEEWAY","GEMMA","Cantabria","Cantabria","117"
"29052026","0","","HONDA","CBR500","Girona","Cataluña","471"
"29052026","0","","MOTO MORINI","X-CAPE 700","Jaén","Andalucía","693"
"29052026","0","","BMW","R 18","Jaén","Andalucía","1802"
"29052026","0","","ZONTES","125X","Málaga","Andalucía","125"
"29052026","0","","PIAGGIO","LIBERTY 125 ABS","Cádiz","Andalucía","124"
"29052026","0","","KOVE","KOVE 800 X GT","Girona","Cataluña","799"
"29052026","0","","HONDA","SH350i","Málaga","Andalucía","330"
"29052026","0","","SYM","JET 14","Alicante/Alacant","Comunidad Valenciana","125"
"29052026","0","","MITT","TY125T-26G","Illes Balears","Illes Balears","125"
"29052026","0","","YAMAHA","NMAX 125","Madrid","Comunidad de Madrid","125"
"29052026","0","","HONDA","PCX125","Valencia/València","Comunidad Valenciana","125"
"29052026","0","","HONDA","CB 125 F","Cádiz","Andalucía","124"
"29052026","0","","BMW","R 12 NINET","Madrid","Comunidad de Madrid","1170"
"29052026","0","","TRIUMPH","TIGER SPORT 800","Madrid","Comunidad de Madrid","798"
"29052026","0","","VOGE","DS900X","Melilla","Melilla","895"
"29052026","0","","HONDA","PCX125","Córdoba","Andalucía","125"
"29052026","0","","HONDA","ADV 350","Cádiz","Andalucía","330"
"29052026","0","","HONDA","PCX125","Granada","Andalucía","125"
"29052026","0","","BMW","S 1000 XR","Rioja (La)","La Rioja","999"
"29052026","0","","SYM","JET X","Cantabria","Cantabria","125"
"29052026","0","","ZONTES","368G","Alicante/Alacant","Comunidad Valenciana","368"
"29052026","0","","QJMOTOR","MTX 125 E5+","Alicante/Alacant","Comunidad Valenciana","125"
"29052026","0","","HONDA","VISION 110","Madrid","Comunidad de Madrid","109"
"29052026","0","","BMW","R 1300 GS","Madrid","Comunidad de Madrid","1300"
"29052026","0","","BMW","R 1300 GS","Barcelona","Cataluña","1300"
"29052026","0","","PIAGGIO","VESPA GTS","Barcelona","Cataluña","310"
"29052026","0","","HONDA","SH350i","Málaga","Andalucía","330"
"29052026","0","","VOGE","DS800X RALLY","Santa Cruz de Tenerife","Canarias","798"
"29052026","0","","HONDA","FORZA 750","Madrid","Comunidad de Madrid","745"
"29052026","0","","YAMAHA","NMAX 125","Málaga","Andalucía","125"
"29052026","0","","YAMAHA","Tracer 9 GT","Barcelona","Cataluña","890"
"29052026","0","","APRILIA","SR GT 400","Illes Balears","Illes Balears","399"
"29052026","0","","HONDA","XL750 Transalp","Illes Balears","Illes Balears","755"
"29052026","0","","HONDA","FORZA 350","Badajoz","Extremadura","330"
"29052026","0","","VOGE","SR1","Asturias","Principado de Asturias","125"
"29052026","0","","KYMCO","SUPER DINK GT 125 E5+","Sevilla","Andalucía","124"
"29052026","0","","SYM","SYMPHONY 125","Barcelona","Cataluña","125"
"29052026","0","","KYMCO","AGILITY S","Gipuzkoa","País Vasco","125"
"29052026","0","","HONDA","CRF 300 L","Madrid","Comunidad de Madrid","286"
"29052026","0","","ZONTES","125X","Bizkaia","País Vasco","125"
"29052026","0","","KYMCO","DTX","Huelva","Andalucía","321"
"29052026","0","","BMW","F 900 R","Illes Balears","Illes Balears","895"
"29052026","0","","BMW","C 400 GT","Madrid","Comunidad de Madrid","350"
"29052026","0","","ZONTES","125E","Toledo","Castilla-La Mancha","125"
"29052026","0","","QJMOTOR","MTX 125 E5+","Valencia/València","Comunidad Valenciana","125"
"29052026","0","","HONDA","FORZA 350","Barcelona","Cataluña","330"
"29052026","0","","KYMCO","AGILITY S","Málaga","Andalucía","125"
"29052026","0","","DUCATI","PANIGALE V2","Alicante/Alacant","Comunidad Valenciana","890"
"29052026","0","","ZONTES","368G","Santa Cruz de Tenerife","Canarias","368"
"29052026","0","","VOGE","625DSX","Illes Balears","Illes Balears","581"
"29052026","0","","ZONTES","125X","Toledo","Castilla-La Mancha","125"
"29052026","0","","VOGE","R125S","Alicante/Alacant","Comunidad Valenciana","125"
"29052026","0","","ZONTES","125C","Alicante/Alacant","Comunidad Valenciana","125"
"29052026","0","","KEEWAY","VERSILIA 125","Cádiz","Andalucía","125"
"29052026","0","","YAMAHA","XMAX 300","Zaragoza","Aragón","292"
"29052026","0","","BMW","F 800 GS","Madrid","Comunidad de Madrid","895"
"29052026","0","","YAMAHA","MT-07","Cantabria","Cantabria","689"
"29052026","0","","PIAGGIO","VESPA PRIMAVERA 125","Valencia/València","Comunidad Valenciana","124"
"29052026","0","","HONDA","FORZA125","Barcelona","Cataluña","125"
"29052026","0","","HONDA","VISION 110","Madrid","Comunidad de Madrid","109"
"29052026","0","","HONDA","PCX125","Murcia","Región de Murcia","125"
"29052026","0","","ROYAL ENFIELD","HIMALAYAN 452","Madrid","Comunidad de Madrid","452"
"29052026","0","","HONDA","CBR600R3","Lleida","Cataluña","599"
"29052026","0","","PIAGGIO","VESPA GTS","Valencia/València","Comunidad Valenciana","310"
"29052026","0","","PIAGGIO","VESPA PRIMAVERA 125","Illes Balears","Illes Balears","124"
"29052026","0","","BMW","R 1300 GS ADVENTURE","Castellón/Castelló","Comunidad Valenciana","1300"
"29052026","0","","YAMAHA","NMAX 125","Cádiz","Andalucía","125"
"29052026","0","","ZONTES","125X","Valencia/València","Comunidad Valenciana","125"
"29052026","0","","PEUGEOT","KISBEE M","Illes Balears","Illes Balears","125"
"29052026","0","","HONDA","PCX125","Sevilla","Andalucía","125"
"29052026","0","","ZONTES","125C","Illes Balears","Illes Balears","125"
"29052026","0","","BMW","R 18 CLASSIC","Madrid","Comunidad de Madrid","1802"
"29052026","0","","KOVE","KOVE 800 X GT","Valencia/València","Comunidad Valenciana","799"
"29052026","0","","HONDA","ADV 350","Madrid","Comunidad de Madrid","330"
"29052026","0","","SYM","SYMPHONY 125","Tarragona","Cataluña","125"
"29052026","0","","QJMOTOR","FORT 125 N E5+","Granada","Andalucía","125"
"29052026","0","","YAMAHA","XMAX 125","Gipuzkoa","País Vasco","125"
"29052026","0","","BMW","F 900 R","Madrid","Comunidad de Madrid","895"
"29052026","0","","KTM","KTM 690 ENDURO R","Murcia","Región de Murcia","693"
"29052026","0","","KYMCO","DTX","Burgos","Castilla y León","321"
"29052026","0","","KAWASAKI","NINJA ZX-4R","Málaga","Andalucía","399"
"29052026","0","","KYMCO","AGILITY S","Cantabria","Cantabria","125"
"29052026","0","","YAMAHA","RayZR 125","Palmas (Las)","Canarias","125"
"29052026","0","","YAMAHA","XMAX 125","Cádiz","Andalucía","125"
"29052026","0","","HONDA","PCX125","Sevilla","Andalucía","125"
"29052026","0","","HONDA","FORZA125","Bizkaia","País Vasco","125"
"29052026","0","","HONDA","Z125MA","Palmas (Las)","Canarias","124"
"29052026","0","","YAMAHA","NMAX 125","Cádiz","Andalucía","125"
"29052026","0","","BMW","F 900 GS","Barcelona","Cataluña","895"
"29052026","0","","ZONTES","703F","Albacete","Castilla-La Mancha","699"
"29052026","0","","HONDA","FORZA 750","Málaga","Andalucía","745"
"29052026","0","","HONDA","PCX125","Cádiz","Andalucía","125"
"29052026","0","","HONDA","SH350i","Barcelona","Cataluña","330"
"29052026","0","","YAMAHA","MT-07","Barcelona","Cataluña","689"
"29052026","0","","HONDA","FORZA125","Santa Cruz de Tenerife","Canarias","125"
"29052026","0","","BMW","C 400 GT","Jaén","Andalucía","350"
"29052026","0","","TRIUMPH","STREET TRIPLE RS","Santa Cruz de Tenerife","Canarias","765"
"29052026","0","","SYM","ADX 300 TCS","Barcelona","Cataluña","278"
"29052026","0","","BMW","R 1300 GS","Madrid","Comunidad de Madrid","1300"
"29052026","0","","HUSQVARNA","HUSQVARNA 701 SUPERMOT","Santa Cruz de Tenerife","Canarias","693"
"29052026","0","","KAWASAKI","NINJA ZX-6R","León","Castilla y León","636"
"29052026","0","","ZONTES","125D","Barcelona","Cataluña","125"
"29052026","0","","HONDA","ADV 350","Palmas (Las)","Canarias","330"
"29052026","0","","ZONTES","125X","Asturias","Principado de Asturias","125"
"29052026","0","","HONDA","SH350i","Ceuta","Ceuta","330"
"29052026","0","","HONDA","PCX125","Illes Balears","Illes Balears","125"
"29052026","0","","BAJAJ","DOMINAR D 400","Barcelona","Cataluña","373"
"29052026","0","","SYM","SYMPHONY 125","Málaga","Andalucía","125"
"29052026","0","","YAMAHA","MT-07","Granada","Andalucía","689"
"29052026","0","","HONDA","SH Mode 125","Barcelona","Cataluña","125"
"29052026","0","","CYCLONE","RA2","Cádiz","Andalucía","125"
"29052026","0","","MITT","125 DESERT","Castellón/Castelló","Comunidad Valenciana","125"
"29052026","0","","HONDA","PCX125","Málaga","Andalucía","125"
"29052026","0","","BMW","M 1000 XR","León","Castilla y León","999"
"29052026","0","","VOGE","625DSX","Almería","Andalucía","581"
"29052026","0","","APRILIA","RSV4","Almería","Andalucía","1099"
"29052026","0","","HONDA","NX500","Albacete","Castilla-La Mancha","471"
"29052026","0","","KYMCO","DTX","Huelva","Andalucía","124"
"29052026","0","","VOGE","DS800X RALLY","Alicante/Alacant","Comunidad Valenciana","798"
"29052026","0","","HONDA","XL750 Transalp","Asturias","Principado de Asturias","755"
"29052026","0","","YAMAHA","NMAX 125","Barcelona","Cataluña","125"
"29052026","0","","HONDA","ADV 350","Castellón/Castelló","Comunidad Valenciana","330"
"29052026","0","","HONDA","SH Mode 125","Illes Balears","Illes Balears","125"
"29052026","0","","YAMAHA","XMAX 125","Cantabria","Cantabria","125"
"29052026","0","","YAMAHA","MT-07","Madrid","Comunidad de Madrid","689"
"29052026","0","","KYMCO","SUPER DINK GT 125 E5+","Illes Balears","Illes Balears","124"
"29052026","0","","ZNEN","FALCON 125","Valencia/València","Comunidad Valenciana","125"
"29052026","0","","KAWASAKI","Z900","Valencia/València","Comunidad Valenciana","948"
"29052026","0","","ZONTES","125C","Coruña (A)","Galicia","125"
"29052026","0","","HONDA","XL750 Transalp","Málaga","Andalucía","755"
"29052026","0","","VOGE","625DSX","Barcelona","Cataluña","581"
"29052026","0","","HONDA","SH125i","Málaga","Andalucía","125"
"29052026","0","","PIAGGIO","VESPA PRIMAVERA 125","Córdoba","Andalucía","124"
"29052026","0","","HONDA","VISION 110","Illes Balears","Illes Balears","109"
"29052026","0","","KYMCO","AGILITY S","Illes Balears","Illes Balears","125"
"29052026","0","","TRIUMPH","SPEED 400","Illes Balears","Illes Balears","398"
"29052026","0","","KYMCO","DTX","Cádiz","Andalucía","321"
"29052026","0","","KAWASAKI","Z900","Santa Cruz de Tenerife","Canarias","948"
"29052026","0","","SYM","SYMPHONY 125","Santa Cruz de Tenerife","Canarias","125"
"29052026","0","","PIAGGIO","VESPA PRIMAVERA 125","Santa Cruz de Tenerife","Canarias","124"
"29052026","0","","SYM","JOYMAX Z 300 E5+","Sevilla","Andalucía","278"
"29052026","0","","SUZUKI","GSX-8S","Málaga","Andalucía","776"
"29052026","0","","KYMCO","DTX 125","Sevilla","Andalucía","124"
"29052026","0","","SYM","SYMPHONY 125","Illes Balears","Illes Balears","125"
"29052026","0","","SYM","SYMPHONY 125","Girona","Cataluña","125"
"29052026","0","","HONDA","NX500","Bizkaia","País Vasco","471"
"29052026","0","","SYM","JET X","Barcelona","Cataluña","125"
"29052026","0","","YAMAHA","XMAX 125","Alicante/Alacant","Comunidad Valenciana","125"
"29052026","0","","DUCATI","STREETFIGHTER","Guadalajara","Castilla-La Mancha","890"
"29052026","0","","HONDA","PCX125","Santa Cruz de Tenerife","Canarias","125"
"29052026","0","","HUSQVARNA","HUSQVARNA 901 NORDEN","Zaragoza","Aragón","889"
"29052026","0","","YAMAHA","NMAX 125","Tarragona","Cataluña","125"
"29052026","0","","SYM","JET X","Asturias","Principado de Asturias","125"
"29052026","0","","HONDA","ADV 750","Málaga","Andalucía","745"
"29052026","0","","TRIUMPH","SPEED 400","Illes Balears","Illes Balears","398"
"29052026","0","","QJMOTOR","SRV 125 E5+","Barcelona","Cataluña","125"
"29052026","0","","SYM","SYMPHONY 125","Málaga","Andalucía","125"
"29052026","0","","ZONTES","125X","Sevilla","Andalucía","125"
"29052026","0","","QJMOTOR","FORT 125 N E5+","Cádiz","Andalucía","125"
"29052026","0","","ZONTES","368G","Barcelona","Cataluña","368"
"29052026","0","","KYMCO","DTX","Madrid","Comunidad de Madrid","124"
"29052026","0","","HONDA","SH125i","Málaga","Andalucía","125"
"29052026","0","","CYCLONE","RX2","Barcelona","Cataluña","124"
"29052026","0","","HONDA","CB750 Hornet","Valladolid","Castilla y León","755"
"29052026","0","","ROYAL ENFIELD","CLASSIC 650 TWIN","Illes Balears","Illes Balears","648"
"29052026","0","","SYM","FUGUE 125 ABS TOP CASE","Santa Cruz de Tenerife","Canarias","124"
"29052026","0","","KYMCO","SUPER DINK GT","Pontevedra","Galicia","321"
"29052026","0","","HONDA","XL750 Transalp","Córdoba","Andalucía","755"
"29052026","0","","HONDA","NX500","Murcia","Región de Murcia","471"
"29052026","0","","SYM","JET X","Huelva","Andalucía","125"
"29052026","0","","HONDA","PCX125","Madrid","Comunidad de Madrid","125"
"29052026","0","","BMW","C 400 GT","Madrid","Comunidad de Madrid","350"
"29052026","0","","HONDA","ADV 750","Málaga","Andalucía","745"
"29052026","0","","HONDA","XL750 Transalp","Alicante/Alacant","Comunidad Valenciana","755"
"29052026","0","","YAMAHA","XMAX 125","Madrid","Comunidad de Madrid","125"
"29052026","0","","VOGE","R125","Pontevedra","Galicia","125"
"29052026","0","","KYMCO","AGILITY S","Alicante/Alacant","Comunidad Valenciana","125"
"29052026","0","","TRIUMPH","TIGER SPORT","Santa Cruz de Tenerife","Canarias","660"
"29052026","0","","YAMAHA","MT-07","Barcelona","Cataluña","689"
"29052026","0","","KAWASAKI","Z900","Lleida","Cataluña","948"
"29052026","0","","ZONTES","125X","Málaga","Andalucía","125"
"29052026","0","","PIAGGIO","VESPA PRIMAVERA 125","Valencia/València","Comunidad Valenciana","124"
"29052026","0","","SYM","SYMPHONY 125","Sevilla","Andalucía","125"
"29052026","0","","YAMAHA","NMAX 125","Cádiz","Andalucía","125"
"29052026","0","","ZONTES","125X","Rioja (La)","La Rioja","125"
"29052026","0","","HONDA","SH125i","Málaga","Andalucía","125"
"29052026","0","","HONDA","PCX125","Granada","Andalucía","125"
"29052026","0","","ZONTES","125D","Málaga","Andalucía","125"
"29052026","0","","MH MOTORCYCLES","VRT","Madrid","Comunidad de Madrid","124"
"29052026","0","","HONDA","CB500FAC","Barcelona","Cataluña","471"
"29052026","0","","SYM","JET 14","Cádiz","Andalucía","125"
"29052026","0","","BMW","F 900 R","Barcelona","Cataluña","895"
"29052026","0","","YAMAHA","NMAX 125","Alicante/Alacant","Comunidad Valenciana","125"
"29052026","0","","SYM","SYMPHONY 125","Girona","Cataluña","125"
"29052026","0","","BMW","R 18 CLASSIC","Illes Balears","Illes Balears","1802"
"29052026","0","","APRILIA","RS 660","Cádiz","Andalucía","659"
"29052026","0","","APRILIA","SR GT 125","Málaga","Andalucía","125"
"29052026","0","","QJMOTOR","ATR 125 E5+","Valencia/València","Comunidad Valenciana","125"
"29052026","0","","YAMAHA","RayZR 125","Granada","Andalucía","125"
"29052026","0","","SYM","JET 14","Cádiz","Andalucía","125"
"29052026","0","","CYCLONE","RX2","Segovia","Castilla y León","124"
"29052026","0","","BMW","R 1300 RT","Jaén","Andalucía","1300"
"29052026","0","","CFMOTO","450MT","Barcelona","Cataluña","449"
"29052026","0","","HONDA","PCX125","Málaga","Andalucía","125"
"29052026","0","","HONDA","SH350i","Barcelona","Cataluña","330"
"29052026","0","","YAMAHA","MT-09","Madrid","Comunidad de Madrid","890"
"29052026","0","","RIEJU","RALLY 307","Madrid","Comunidad de Madrid","292"
"29052026","0","","BMW","S 1000 RR","Cantabria","Cantabria","999"
"29052026","0","","PIAGGIO","LIBERTY 125 ABS","Palmas (Las)","Canarias","124"
"29052026","0","","CFMOTO","675NK","Cádiz","Andalucía","674"
"29052026","0","","KAWASAKI","Z900","Barcelona","Cataluña","948"
"29052026","0","","YAMAHA","NMAX 125","Barcelona","Cataluña","125"
"29052026","0","","BMW","F 800 GS","Castellón/Castelló","Comunidad Valenciana","895"
"29052026","0","","SYM","JET 14","Valencia/València","Comunidad Valenciana","125"
"29052026","0","","HONDA","ADV 350","Cádiz","Andalucía","330"
"29052026","0","","HONDA","FORZA125","Sevilla","Andalucía","125"
"29052026","0","","BMW","R 1300 GS","Barcelona","Cataluña","1300"
"29052026","0","","HONDA","CB500FAC","Illes Balears","Illes Balears","471"
"29052026","0","","HONDA","FORZA125","Madrid","Comunidad de Madrid","125"
"29052026","0","","KTM","KTM 450 EXC-F","Barcelona","Cataluña","450"
"29052026","0","","HONDA","SH125i","Lleida","Cataluña","125"
"29052026","0","","KYMCO","AGILITY S","Alicante/Alacant","Comunidad Valenciana","125"
"29052026","0","","HONDA","SH350i","Zaragoza","Aragón","330"
"29052026","0","","ZONTES","368G","Murcia","Región de Murcia","368"
"29052026","0","","HONDA","FORZA125","Barcelona","Cataluña","125"
"29052026","0","","BMW","F 900 GS","Madrid","Comunidad de Madrid","895"
"29052026","0","","MH MOTORCYCLES","TRAY","Segovia","Castilla y León","125"
"29052026","0","","HONDA","PCX125","Asturias","Principado de Asturias","125"
"29052026","0","","HONDA","FORZA125","Sevilla","Andalucía","125"
"29052026","0","","HONDA","FORZA 350","Córdoba","Andalucía","330"
"29052026","0","","HONDA","VISION 110","Valencia/València","Comunidad Valenciana","109"
"29052026","0","","CYCLONE","RX2","Valladolid","Castilla y León","124"
"29052026","0","","SYM","SYMPHONY 125","Granada","Andalucía","125"
"29052026","0","","MORBIDELLI","T352X","Girona","Cataluña","349"
"29052026","0","","HONDA","Rebel 500","Cádiz","Andalucía","471"
"29052026","0","","VOGE","SR16","Navarra","Comunidad Foral de Navarra","125"
"29052026","0","","YAMAHA","RayZR 125","Illes Balears","Illes Balears","125"
"29052026","0","","BMW","R 12 G/S","Barcelona","Cataluña","1170"
"29052026","0","","PIAGGIO","BEVERLY 400 HPE","Cádiz","Andalucía","399"
"29052026","0","","YAMAHA","NMAX 125","Valencia/València","Comunidad Valenciana","125"
"29052026","0","","ZONTES","ZT125-G1","Murcia","Región de Murcia","125"
"29052026","0","","PIAGGIO","VESPA PRIMAVERA 125","Cádiz","Andalucía","124"
"29052026","0","","BETA","N/A","Soria","Castilla y León","249"
"29052026","0","","ZONTES","703RR","Alicante/Alacant","Comunidad Valenciana","699"
"29052026","0","","BMW","R 1300 GS","Girona","Cataluña","1300"
"29052026","0","","YAMAHA","NMAX 125","Rioja (La)","La Rioja","125"
"29052026","0","","HERO MOTOCORP","HUNK 440","Sevilla","Andalucía","440"
"29052026","0","","HONDA","ADV 750","Alicante/Alacant","Comunidad Valenciana","745"
"29052026","0","","HONDA","CBR 650 R","Valladolid","Castilla y León","649"
"29052026","0","","CFMOTO","450MT","Cantabria","Cantabria","449"
"29052026","0","","SYM","JET 14","Granada","Andalucía","125"
"29052026","0","","SYM","SYMPHONY 125","Lleida","Cataluña","125"
"29052026","0","","BMW","R 1300 RT","Barcelona","Cataluña","1300"
"29052026","0","","HONDA","PCX125","Valencia/València","Comunidad Valenciana","125"
"29052026","0","","VOGE","DS800X RALLY","Madrid","Comunidad de Madrid","798"
"29052026","0","","SYM","SYMPHONY 125","Girona","Cataluña","125"
"29052026","0","","BMW","R 1300 GS ADVENTURE","Barcelona","Cataluña","1300"
"29052026","0","","BMW","R 1300 GS ADVENTURE","Granada","Andalucía","1300"
"29052026","0","","YAMAHA","XMAX 125","Málaga","Andalucía","125"
"29052026","0","","ZONTES","368G","Málaga","Andalucía","368"
"29052026","0","","HONDA","FORZA125","Palmas (Las)","Canarias","125"
"29052026","0","","MACBOR","ROCKSTER 125 EVO E5+","Sevilla","Andalucía","125"
"29052026","0","","BMW","S 1000 XR","Coruña (A)","Galicia","999"
"29052026","0","","HONDA","CRF300LRA","Murcia","Región de Murcia","286"
"29052026","0","","HONDA","FORZA125","Barcelona","Cataluña","125"
"29052026","0","","SYM","JET 14","Murcia","Región de Murcia","125"
"29052026","0","","HONDA","XL750 Transalp","Barcelona","Cataluña","755"
"29052026","0","","BMW","F 900 GS ADVENTURE","Madrid","Comunidad de Madrid","895"
"29052026","0","","PIAGGIO","LIBERTY 125 ABS","Cádiz","Andalucía","124"
"29052026","0","","HONDA","PCX125","Cádiz","Andalucía","125"
"29052026","0","","HONDA","PCX125","Cádiz","Andalucía","125"
"29052026","0","","RIEJU","NKD 125","Valencia/València","Comunidad Valenciana","124"
"29052026","0","","YAMAHA","RayZR 125","Cantabria","Cantabria","125"
"29052026","0","","ZONTES","368G","Alicante/Alacant","Comunidad Valenciana","368"
"29052026","0","","HONDA","CL500","Segovia","Castilla y León","471"
"29052026","0","","HONDA","ADV 750","Palmas (Las)","Canarias","745"
"29052026","0","","VOGE","DS800X RALLY","Gipuzkoa","País Vasco","798"
"29052026","0","","HONDA","PCX125","Sevilla","Andalucía","125"
"29052026","0","","PIAGGIO","LIBERTY 125 ABS","Palmas (Las)","Canarias","124"
"29052026","0","","BMW","F 900 XR","Barcelona","Cataluña","895"
"29052026","0","","KTM","KTM 390 ADVENTURE R","Navarra","Comunidad Foral de Navarra","399"
"29052026","0","","KYMCO","SKYTOWN 125","Illes Balears","Illes Balears","125"
"29052026","0","","HONDA","XL750 Transalp","Barcelona","Cataluña","755"
"29052026","0","","KTM","KTM 890 ADVENTURE","Bizkaia","País Vasco","889"
"29052026","0","","HONDA","ADV 750","Santa Cruz de Tenerife","Canarias","745"
"29052026","0","","LETBE","MECHA","Cádiz","Andalucía","125"
"29052026","0","","MORBIDELLI","NR125X","Bizkaia","País Vasco","125"
"29052026","0","","YAMAHA","XTZ 700 Tenere","Sevilla","Andalucía","689"
"29052026","0","","HONDA","SH125i","Valencia/València","Comunidad Valenciana","125"
"29052026","0","","KYMCO","SKYTOWN 125","Illes Balears","Illes Balears","125"
"29052026","0","","PEUGEOT","DJANGO","Madrid","Comunidad de Madrid","125"
"29052026","0","","SYM","JET 14","Girona","Cataluña","125"
"29052026","0","","HONDA","FORZA125","Gipuzkoa","País Vasco","125"
"29052026","0","","YAMAHA","XSR-900","Málaga","Andalucía","890"
"29052026","0","","BMW","F 800 GS","Sevilla","Andalucía","895"
"29052026","0","","RIEJU","RALLY 307","Ávila","Castilla y León","292"
"29052026","0","","HONDA","PCX125","Granada","Andalucía","125"
"29052026","0","","HONDA","PCX125","Málaga","Andalucía","125"
"29052026","0","","BMW","F 900 XR","Madrid","Comunidad de Madrid","895"
"29052026","0","","ZONTES","368G","Cádiz","Andalucía","368"
"29052026","0","","HONDA","PCX125","Barcelona","Cataluña","125"
"29052026","0","","YAMAHA","NMAX 125","Sevilla","Andalucía","125"
"29052026","0","","YAMAHA","TMAX 560","Cádiz","Andalucía","562"
"29052026","0","","KYMCO","DTX","Málaga","Andalucía","124"
"29052026","0","","ZONTES","368K","Valencia/València","Comunidad Valenciana","368"
"29052026","0","","APRILIA","RS 660","Huesca","Aragón","659"
"29052026","0","","VOGE","SR1ADV","Palmas (Las)","Canarias","125"
"29052026","0","","YAMAHA","MT-09","Asturias","Principado de Asturias","890"
"29052026","0","","ZONTES","703F","Madrid","Comunidad de Madrid","699"
"29052026","0","","YAMAHA","XMAX 125","Asturias","Principado de Asturias","125"
"29052026","0","","SENKE","SK125-12A","Cantabria","Cantabria","124"
"29052026","0","","ZONTES","125M","Málaga","Andalucía","125"
"29052026","0","","PIAGGIO","LIBERTY 125 ABS","Cádiz","Andalucía","124"
"29052026","0","","HONDA","FORZA125","Alicante/Alacant","Comunidad Valenciana","125"
"29052026","0","","MACBOR","ROCKSTER 125 EVO E5+","Zaragoza","Aragón","125"
"29052026","0","","BMW","F 900 GS","Barcelona","Cataluña","895"
"29052026","0","","QJMOTOR","SRV 12 E5+","Santa Cruz de Tenerife","Canarias","125"
"29052026","0","","BMW","F 900 GS","Madrid","Comunidad de Madrid","895"
"29052026","0","","ANDES","U3(125)","Pontevedra","Galicia","124"
"29052026","0","","HONDA","VISION 110","Barcelona","Cataluña","109"
"29052026","0","","KAWASAKI","Z900","Valencia/València","Comunidad Valenciana","948"
"29052026","0","","BENELLI","TRK 702","Barcelona","Cataluña","698"
"29052026","0","","YAMAHA","MT-07","Barcelona","Cataluña","689"
"29052026","0","","BMW","S 1000 XR","Málaga","Andalucía","999"
"29052026","0","","CYCLONE","RX2","Almería","Andalucía","124"
"29052026","0","","HONDA","FORZA125","Burgos","Castilla y León","125"
"29052026","0","","KTM","KTM 890 ADVENTURE R","Palmas (Las)","Canarias","889"
"29052026","0","","MACBOR","MONTANA XR1 125 EVO","Castellón/Castelló","Comunidad Valenciana","124"
"29052026","0","","YAMAHA","YZF-R9","Málaga","Andalucía","890"
"29052026","0","","ZONTES","125X","Toledo","Castilla-La Mancha","125"
"29052026","0","","BMW","R 1300 GS","Barcelona","Cataluña","1300"
"29052026","0","","KEEWAY","RKS 125","Illes Balears","Illes Balears","124"
"29052026","0","","KAWASAKI","Z900","Valencia/València","Comunidad Valenciana","948"
"29052026","0","","TRIUMPH","THRUXTON 400","Barcelona","Cataluña","398"
"29052026","0","","HONDA","CBR500","Granada","Andalucía","471"
"29052026","0","","MITT","TY125T-58E","Cádiz","Andalucía","125"
"29052026","0","","HONDA","SH350i","Zaragoza","Aragón","330"
"29052026","0","","BMW","R 1300 RT","Barcelona","Cataluña","1300"
"29052026","0","","BMW","F 900 R","Madrid","Comunidad de Madrid","895"
"29052026","0","","HONDA","FORZA125","Sevilla","Andalucía","125"
"29052026","0","","HONDA","SH125i","Albacete","Castilla-La Mancha","125"
"29052026","0","","APRILIA","SR GT 125","Cádiz","Andalucía","125"
"29052026","0","","CYCLONE","RX2","Palmas (Las)","Canarias","124"
"29052026","0","","BMW","C 400 X","Almería","Andalucía","350"
"29052026","0","","ZONTES","125C","Murcia","Región de Murcia","125"
"29052026","0","","HONDA","CRF 300 L","Barcelona","Cataluña","286"
"29052026","0","","HONDA","CBR 650 R","Castellón/Castelló","Comunidad Valenciana","649"
"29052026","0","","BMW","C 400 GT","Sevilla","Andalucía","350"
"29052026","0","","ZONTES","368M","Madrid","Comunidad de Madrid","368"
"29052026","0","","CFMOTO","675SR-R","Asturias","Principado de Asturias","674"
"29052026","0","","HONDA","CRF1100L Africa Twin","Santa Cruz de Tenerife","Canarias","1084"
"29052026","0","","APRILIA","RS 660","Madrid","Comunidad de Madrid","659"
"29052026","0","","YAMAHA","NMAX 125","Madrid","Comunidad de Madrid","125"
"29052026","0","","KYMCO","AGILITY S","Madrid","Comunidad de Madrid","125"
"29052026","0","","PIAGGIO","LIBERTY 125 ABS","Illes Balears","Illes Balears","124"
"29052026","0","","BMW","F 900 GS","Madrid","Comunidad de Madrid","895"
"29052026","0","","SYM","SYMPHONY 125","Girona","Cataluña","125"
"29052026","0","","ZONTES","368G","Barcelona","Cataluña","368"
"29052026","0","","ZONTES","368G","Girona","Cataluña","368"
"29052026","0","","QJMOTOR","MTX 125 E5+","Cádiz","Andalucía","125"
"29052026","0","","ZONTES","368G","Murcia","Región de Murcia","368"
"29052026","0","","YAMAHA","MT-07","Girona","Cataluña","689"
"29052026","0","","ZONTES","125C","Sevilla","Andalucía","125"
"29052026","0","","BMW","R 1300 GS ADVENTURE","Madrid","Comunidad de Madrid","1300"
"29052026","0","","YAMAHA","NMAX 125","Madrid","Comunidad de Madrid","125"
"29052026","0","","QJMOTOR","SRT 900 S","Jaén","Andalucía","904"
"29052026","0","","KYMCO","DTX","Illes Balears","Illes Balears","124"
"29052026","0","","BMW","R 1300 GS ADVENTURE","Madrid","Comunidad de Madrid","1300"
"29052026","0","","YAMAHA","NMAX 125","Illes Balears","Illes Balears","125"
"29052026","0","","BMW","R 1300 GS ADVENTURE","Toledo","Castilla-La Mancha","1300"
"29052026","0","","MITT","TY125T-26G","Madrid","Comunidad de Madrid","125"
"29052026","0","","YAMAHA","NMAX 125","Málaga","Andalucía","125"
"29052026","0","","YAMAHA","MT-07","Murcia","Región de Murcia","689"
"29052026","0","","PIAGGIO","VESPA GTS","Barcelona","Cataluña","310"
"29052026","0","","KAWASAKI","Z1100","Barcelona","Cataluña","1099"
"29052026","0","","HONDA","MSX125A","Valencia/València","Comunidad Valenciana","124"
"29052026","0","","SYM","CRUISYM 125 TCS E5+","Barcelona","Cataluña","124"
"29052026","0","","HONDA","VISION 110","Alicante/Alacant","Comunidad Valenciana","109"
"29052026","0","","HONDA","PCX125","Málaga","Andalucía","125"
"29052026","0","","HONDA","PCX125","Madrid","Comunidad de Madrid","125"
"29052026","0","","ZONTES","125E","Alicante/Alacant","Comunidad Valenciana","125"
"29052026","0","","HONDA","FORZA 750","Barcelona","Cataluña","745"
"29052026","0","","QJMOTOR","MTX 125 E5+","Illes Balears","Illes Balears","125"
"29052026","0","","KAWASAKI","Z900","Pontevedra","Galicia","948"
"29052026","0","","KYMCO","SUPER DINK GT 125 E5+","Albacete","Castilla-La Mancha","124"
"29052026","0","","KEEWAY","ICON 125 S","Badajoz","Extremadura","124"
"29052026","0","","VOGE","SR1ADV","Coruña (A)","Galicia","125"
"29052026","0","","KTM","KTM 390 DUKE","Murcia","Región de Murcia","399"
"29052026","0","","PIAGGIO","VESPA GTS","Barcelona","Cataluña","310"
"29052026","0","","PIAGGIO","VESPA PRIMAVERA 125","Barcelona","Cataluña","124"
"29052026","0","","HONDA","SH Mode 125","Sevilla","Andalucía","125"
"29052026","0","","QJMOTOR","SRV 125 E5+","Palmas (Las)","Canarias","125"
"29052026","0","","APRILIA","RX 125","Madrid","Comunidad de Madrid","124"
"29052026","0","","KYMCO","SKYTOWN 125","Toledo","Castilla-La Mancha","125"
"29052026","0","","BMW","R 1300 RT","Barcelona","Cataluña","1300"
"29052026","0","","HONDA","PCX125","Alicante/Alacant","Comunidad Valenciana","125"
"29052026","0","","HONDA","FORZA125","Cádiz","Andalucía","125"
"29052026","0","","BMW","R 1300 GS","Barcelona","Cataluña","1300"
"29052026","0","","YAMAHA","NMAX 125","Barcelona","Cataluña","125"
"29052026","0","","KAWASAKI","Z900","Valencia/València","Comunidad Valenciana","948"
"29052026","0","","BMW","C 400 GT","Jaén","Andalucía","350"
"29052026","0","","QJMOTOR","SQ 16 E5+","Barcelona","Cataluña","125"
"29052026","0","","HONDA","PCX125","Cádiz","Andalucía","125"
"29052026","0","","HONDA","SH125i","Málaga","Andalucía","125"
"29052026","0","","HONDA","XL750 Transalp","Guadalajara","Castilla-La Mancha","755"
"29052026","0","","VOGE","SR1ADV","Palmas (Las)","Canarias","125"
"29052026","0","","BMW","R 1300 GS ADVENTURE","Madrid","Comunidad de Madrid","1300"
"29052026","0","","SYM","JET 14","Barcelona","Cataluña","125"
"29052026","0","","HONDA","FORZA125","Barcelona","Cataluña","125"
"29052026","0","","HONDA","PCX125","Almería","Andalucía","125"
"29052026","0","","MOTO GUZZI","V7 SPECIAL","Barcelona","Cataluña","853"
"29052026","0","","QJMOTOR","ATR 125 E5+","Burgos","Castilla y León","125"
"29052026","0","","SYM","FUGUE 125 ABS TOP CASE","Melilla","Melilla","124"
"29052026","0","","VOGE","625R","Barcelona","Cataluña","581"
"29052026","0","","HONDA","PCX125","Valencia/València","Comunidad Valenciana","125"
"29052026","0","","HONDA","FORZA 750","Sevilla","Andalucía","745"
"29052026","0","","HONDA","Rebel 500","Castellón/Castelló","Comunidad Valenciana","471"
"29052026","0","","DUCATI","MULTISTRADA V2","Girona","Cataluña","890"
"29052026","0","","ZONTES","125X","Málaga","Andalucía","125"
"29052026","0","","YAMAHA","XMAX 300","Málaga","Andalucía","292"
"29052026","0","","QJMOTOR","SRV 125 E5+","Córdoba","Andalucía","125"
"29052026","0","","VOGE","DS900X","León","Castilla y León","895"
"29052026","0","","YAMAHA","XMAX 125","Barcelona","Cataluña","125"
"29052026","0","","HONDA","PCX125","Córdoba","Andalucía","125"
"29052026","0","","VOGE","R125","Barcelona","Cataluña","125"
"29052026","0","","VOGE","625DSX","Málaga","Andalucía","581"
"29052026","0","","SYM","JET 14","Tarragona","Cataluña","125"
"29052026","0","","HONDA","PCX125","Valencia/València","Comunidad Valenciana","125"
"29052026","0","","VOGE","DS800X RALLY","Valencia/València","Comunidad Valenciana","798"
"29052026","0","","YAMAHA","XMAX 300","Girona","Cataluña","292"
"29052026","0","","BMW","R 1300 RT","Barcelona","Cataluña","1300"
"29052026","0","","RIEJU","NKD 125","Navarra","Comunidad Foral de Navarra","124"
"29052026","0","","BMW","F 900 GS","Barcelona","Cataluña","895"
"29052026","0","","HONDA","PCX125","Illes Balears","Illes Balears","125"
"29052026","0","","KTM","KTM 390 ADVENTURE R","Lleida","Cataluña","399"
"29052026","0","","MACBOR","ROCKSTER 125 EVO E5+","Illes Balears","Illes Balears","125"
"29052026","0","","APRILIA","SR GT 125","Cádiz","Andalucía","125"
"29052026","0","","LAMBRETTA","V125 SPECIAL FLEX","Illes Balears","Illes Balears","125"
"29052026","0","","YAMAHA","XTZ 700 Tenere","Córdoba","Andalucía","689"
"29052026","0","","HONDA","XL750 Transalp","Barcelona","Cataluña","755"
"29052026","0","","BMW","F 900 GS","Madrid","Comunidad de Madrid","895"
"29052026","0","","PIAGGIO","LIBERTY 125 ABS","Illes Balears","Illes Balears","124"
"29052026","0","","HONDA","PCX125","Santa Cruz de Tenerife","Canarias","125"
"29052026","0","","BENDA","CHINCHILLA","Tarragona","Cataluña","476"
"29052026","0","","QJMOTOR","SRT 700 E5+","Barcelona","Cataluña","698"
"29052026","0","","BMW","R 1300 RT","Almería","Andalucía","1300"
"29052026","0","","HONDA","PCX125","Huelva","Andalucía","125"
"29052026","0","","HONDA","PCX125","Málaga","Andalucía","125"
"29052026","0","","YAMAHA","XMAX 125","Málaga","Andalucía","125"
"29052026","0","","TRIUMPH","STREET TRIPLE MOTO2 TM","Málaga","Andalucía","765"
"29052026","0","","ZONTES","125C","Barcelona","Cataluña","125"
"29052026","0","","SYM","SYMPHONY 125","Madrid","Comunidad de Madrid","125"
"29052026","0","","HONDA","FORZA125","Granada","Andalucía","125"
"29052026","0","","MOTO MORINI","X-CAPE 1200","Murcia","Región de Murcia","1187"
"29052026","0","","MITT","125GP","Almería","Andalucía","124"
"29052026","0","","KAWASAKI","NINJA 650","Barcelona","Cataluña","649"
"29052026","0","","YAMAHA","XMAX 125","Illes Balears","Illes Balears","125"
"29052026","0","","HONDA","SH125i","Girona","Cataluña","125"
"29052026","0","","SYM","JET 14","Barcelona","Cataluña","125"
"29052026","0","","HONDA","PCX125","Cádiz","Andalucía","125"
"29052026","0","","SYM","SYMPHONY 125","Barcelona","Cataluña","125"
"29052026","0","","SYM","JET X","Barcelona","Cataluña","125"
"29052026","0","","APRILIA","SR GT 125","Cádiz","Andalucía","125"
"29052026","0","","ZONTES","368G","Palmas (Las)","Canarias","368"
"29052026","0","","QJMOTOR","ATR 125 E5+","Barcelona","Cataluña","125"
"29052026","0","","HONDA","VISION 110","Alicante/Alacant","Comunidad Valenciana","109"
"29052026","0","","HONDA","VISION 110","Madrid","Comunidad de Madrid","109"
"29052026","0","","VOGE","DS800X RALLY","Huesca","Aragón","798"
"29052026","0","","KTM","KTM 890 ADVENTURE","Bizkaia","País Vasco","889"
"29052026","0","","HONDA","PCX125","Málaga","Andalucía","125"
"29052026","0","","BMW","S 1000 XR","Bizkaia","País Vasco","999"
"29052026","0","","YAMAHA","MT-07","Barcelona","Cataluña","689"
"29052026","0","","VOGE","DS800X RALLY","Toledo","Castilla-La Mancha","798"
"29052026","0","","ZONTES","368G","Valencia/València","Comunidad Valenciana","368"
"29052026","0","","ZONTES","125X","Barcelona","Cataluña","125"
"29052026","0","","ZONTES","368G","Pontevedra","Galicia","368"
"29052026","0","","HONDA","SH Mode 125","Santa Cruz de Tenerife","Canarias","125"
"29052026","0","","CFMOTO","675NK","Barcelona","Cataluña","674"
"29052026","0","","QJMOTOR","SRV 12 E5+","Madrid","Comunidad de Madrid","125"
"29052026","0","","HONDA","SH125i","Lleida","Cataluña","125"
"29052026","0","","ZONTES","125E","Málaga","Andalucía","125"
"29052026","0","","HONDA","CB750 Hornet","Navarra","Comunidad Foral de Navarra","755"
"29052026","0","","HONDA","FORZA125","Cádiz","Andalucía","125"
"29052026","0","","HONDA","VISION 110","Barcelona","Cataluña","109"
"29052026","0","","ZONTES","ZT125-G1","Asturias","Principado de Asturias","125"
"29052026","0","","HONDA","FORZA125","Barcelona","Cataluña","125"
"29052026","0","","RIEJU","RALLY 307","Barcelona","Cataluña","292"
"29052026","0","","TRIUMPH","SCRAMBLER 1200 XE","Alicante/Alacant","Comunidad Valenciana","1200"
"29052026","0","","KYMCO","AGILITY S","Cádiz","Andalucía","125"
"29052026","0","","BAJAJ","PULSAR NS 125","Coruña (A)","Galicia","124"
"29052026","0","","VOGE","DS900X","Málaga","Andalucía","895"
"29052026","0","","ZONTES","368G","Sevilla","Andalucía","368"
"29052026","0","","BMW","R 1300 GS","Valencia/València","Comunidad Valenciana","1300"
"29052026","0","","YAMAHA","NMAX 125","Barcelona","Cataluña","125"
"29052026","0","","YAMAHA","YZF690-U","Tarragona","Cataluña","689"
"29052026","0","","QJMOTOR","SRT 900 S","Málaga","Andalucía","904"
"29052026","0","","VOGE","SR1ADV","Madrid","Comunidad de Madrid","125"
"29052026","0","","PIAGGIO","VESPA 946","Alicante/Alacant","Comunidad Valenciana","124"
"29052026","0","","MACBOR","EIGHT MILE 125 LC","Palmas (Las)","Canarias","124"
"29052026","0","","SYM","SYMPHONY 125","Cádiz","Andalucía","125"
"29052026","0","","SYM","SYMPHONY 125","Alicante/Alacant","Comunidad Valenciana","125"
"29052026","0","","HONDA","SH125i","Málaga","Andalucía","125"
"29052026","0","","KYMCO","DTX","Palmas (Las)","Canarias","124"
"29052026","0","","APRILIA","SX 125","Murcia","Región de Murcia","124"
"29052026","0","","YAMAHA","XTZ 700 Tenere","Almería","Andalucía","689"
"29052026","0","","SYM","JET X","Sevilla","Andalucía","125"
"29052026","0","","HONDA","SH Mode 125","Málaga","Andalucía","125"
"29052026","0","","CFMOTO","675NK","Coruña (A)","Galicia","674"
"29052026","0","","ZONTES","368G","Illes Balears","Illes Balears","368"
"29052026","0","","HONDA","CBR 650 R","Zaragoza","Aragón","649"
"29052026","0","","LETBE","FLYGON","Cádiz","Andalucía","219"
"29052026","0","","HONDA","SH125i","Málaga","Andalucía","125"
"29052026","0","","PIAGGIO","VESPA GTS","Barcelona","Cataluña","310"
"29052026","0","","SUZUKI","ADDRESS 125","Barcelona","Cataluña","124"
"29052026","0","","HONDA","ADV 350","Alicante/Alacant","Comunidad Valenciana","330"
"29052026","0","","ZONTES","125E","Cantabria","Cantabria","125"
"29052026","0","","SUZUKI","ADDRESS 125","León","Castilla y León","124"
"29052026","0","","YAMAHA","MT-07","Santa Cruz de Tenerife","Canarias","689"
"29052026","0","","BMW","R 1300 GS ADVENTURE","Madrid","Comunidad de Madrid","1300"
"29052026","0","","HONDA","XL750 Transalp","Valencia/València","Comunidad Valenciana","755"
"29052026","0","","PIAGGIO","VESPA GTS","Barcelona","Cataluña","310"
"29052026","0","","SUZUKI","V-Strom 800","Barcelona","Cataluña","776"
"29052026","0","","BMW","F 800 GS","Asturias","Principado de Asturias","895"
"29052026","0","","HONDA","PCX125","Palmas (Las)","Canarias","125"
"29052026","0","","TRIUMPH","TIGER 900 GT PRO","Zaragoza","Aragón","888"
"29052026","0","","ZONTES","ZT125-G1","Barcelona","Cataluña","125"
"29052026","0","","BMW","R 12","Madrid","Comunidad de Madrid","1170"
"29052026","0","","BMW","R 1300 RT","Girona","Cataluña","1300"
"29052026","0","","YAMAHA","XTZ 700 Tenere","Cádiz","Andalucía","689"
"29052026","0","","GASGAS","EC 300","Barcelona","Cataluña","293"
"29052026","0","","VOGE","SR1ADV","Cádiz","Andalucía","125"
"29052026","0","","HONDA","PCX125","Granada","Andalucía","125"
"29052026","0","","KYMCO","DTX","Madrid","Comunidad de Madrid","321"
"29052026","0","","YAMAHA","MT-07","Barcelona","Cataluña","689"
"29052026","0","","VOGE","SR4 MAX","Málaga","Andalucía","350"
"29052026","0","","TNT MOTOR","XCS","Alicante/Alacant","Comunidad Valenciana","125"
"29052026","0","","PIAGGIO","VESPA PRIMAVERA 125","Illes Balears","Illes Balears","124"
"29052026","0","","VOGE","SR16","Málaga","Andalucía","125"
"29052026","0","","HONDA","PCX125","Barcelona","Cataluña","125"
"29052026","0","","KAWASAKI","NINJA 650","Zaragoza","Aragón","649"
"29052026","0","","ZONTES","125X","Castellón/Castelló","Comunidad Valenciana","125"
"29052026","0","","VOGE","DS900X","Madrid","Comunidad de Madrid","895"
"29052026","0","","ZONTES","ZT125-U","Valladolid","Castilla y León","125"
"29052026","0","","HONDA","SH125i","Alicante/Alacant","Comunidad Valenciana","125"
"29052026","0","","KAWASAKI","Z125","Madrid","Comunidad de Madrid","125"
"29052026","0","","ZONTES","368G","Palmas (Las)","Canarias","368"
"29052026","0","","YAMAHA","NMAX 125","Navarra","Comunidad Foral de Navarra","125"
"29052026","0","","HONDA","CB750 Hornet","Cantabria","Cantabria","755"
"29052026","0","","ZONTES","703F","Almería","Andalucía","699"
"29052026","0","","VOGE","DS525X","Palencia","Castilla y León","494"
"29052026","0","","YAMAHA","RayZR 125","Almería","Andalucía","125"
"29052026","0","","YAMAHA","NMAX 125","Cádiz","Andalucía","125"
"29052026","0","","MOTO MORINI","X-CAPE 1200","Valencia/València","Comunidad Valenciana","1187"
"29052026","0","","VOGE","DS525X","Santa Cruz de Tenerife","Canarias","494"
"29052026","0","","HONDA","PCX125","Madrid","Comunidad de Madrid","125"
"29052026","0","","CFMOTO","1000MT-X","Valencia/València","Comunidad Valenciana","946"
"29052026","0","","HONDA","PCX125","Barcelona","Cataluña","125"
"29052026","0","","BENDA","CHINCHILLA","Pontevedra","Galicia","476"
"29052026","0","","LEONART","M16-125","Barcelona","Cataluña","125"
"29052026","0","","CYCLONE","RA125 PLUS","Segovia","Castilla y León","124"
"29052026","0","","YAMAHA","TRACER 700","Illes Balears","Illes Balears","689"
"29052026","0","","VOGE","SR1ADV","Illes Balears","Illes Balears","125"
"29052026","0","","HONDA","NX500","Palmas (Las)","Canarias","471"
"29052026","0","","HONDA","VISION 110","Valencia/València","Comunidad Valenciana","109"
"29052026","0","","YAMAHA","MT-125","Valencia/València","Comunidad Valenciana","125"
"29052026","0","","HONDA","PCX125","Cádiz","Andalucía","125"
"29052026","0","","SYM","SYMPHONY 125","Santa Cruz de Tenerife","Canarias","125"
"29052026","0","","ZONTES","368G","Málaga","Andalucía","368"
"29052026","0","","TRIUMPH","STREET TRIPLE R (A2)","Cádiz","Andalucía","765"
"29052026","0","","YAMAHA","XMAX 125","Barcelona","Cataluña","125"
"29052026","0","","LAMBRETTA","X125","Zaragoza","Aragón","124"
"29052026","0","","HONDA","FORZA125","Alicante/Alacant","Comunidad Valenciana","125"
"29052026","0","","YAMAHA","YZF-R9","Sevilla","Andalucía","890"
"29052026","0","","SYM","JET X","Cádiz","Andalucía","125"
"29052026","0","","ZONTES","703F","Álava/Araba","País Vasco","699"
"29052026","0","","MITT","125GTS","Sevilla","Andalucía","125"
"29052026","0","","HONDA","FORZA125","Palmas (Las)","Canarias","125"
"29052026","0","","BMW","F 900 GS","Illes Balears","Illes Balears","895"
"29052026","0","","BMW","F 900 GS","Jaén","Andalucía","895"
"29052026","0","","PIAGGIO","VESPA PRIMAVERA 125","Málaga","Andalucía","124"
"29052026","0","","MOTO MORINI","SEIEMMEZZO","Santa Cruz de Tenerife","Canarias","649"
"29052026","0","","HONDA","PCX125","Cádiz","Andalucía","125"
"29052026","0","","DUCATI","XDIAVEL V4","Valencia/València","Comunidad Valenciana","1158"
"29052026","0","","HONDA","FORZA 350","Santa Cruz de Tenerife","Canarias","330"
"29052026","0","","HONDA","NT1100","Murcia","Región de Murcia","1084"
"29052026","0","","YAMAHA","MT-07","Jaén","Andalucía","689"
"29052026","0","","INDIAN","SPORT SCOUT LIMITED+TE","Barcelona","Cataluña","1250"
"29052026","0","","KTM","KTM 890 ADVENTURE R","Girona","Cataluña","889"
"29052026","0","","VOGE","625DSX","Barcelona","Cataluña","581"
"29052026","0","","VOGE","DS900X","Barcelona","Cataluña","895"
"29052026","0","","SYM","SYMPHONY 125","Barcelona","Cataluña","125"
"29052026","0","","YAMAHA","XMAX 300","Palmas (Las)","Canarias","292"
"29052026","0","","HONDA","CB650RA","Gipuzkoa","País Vasco","649"
"29052026","0","","QJMOTOR","SQ 16 E5+","Palmas (Las)","Canarias","125"
"29052026","0","","HONDA","FORZA125","Girona","Cataluña","125"
"29052026","0","","ZONTES","368K","Girona","Cataluña","368"
"29052026","0","","HONDA","FORZA 350","Zaragoza","Aragón","330"
"29052026","0","","HONDA","ADV 750","Sevilla","Andalucía","745"
"29052026","0","","SYM","JET 14","Palmas (Las)","Canarias","125"
"29052026","0","","HONDA","CBR500","Madrid","Comunidad de Madrid","471"
"29052026","0","","HONDA","VISION 110","Barcelona","Cataluña","109"
"29052026","0","","ZONTES","125C","Tarragona","Cataluña","125"
"29052026","0","","HONDA","XL750 Transalp","Cantabria","Cantabria","755"
"29052026","0","","ZONTES","703F","Murcia","Región de Murcia","699"
"29052026","0","","PIAGGIO","VESPA PRIMAVERA 125","Alicante/Alacant","Comunidad Valenciana","124"
"29052026","0","","LAMBRETTA","V125 SPECIAL FLEX","Alicante/Alacant","Comunidad Valenciana","125"
"29052026","0","","ORCAL","SK125-K","Badajoz","Extremadura","124"
"29052026","0","","HONDA","SH125i","Cádiz","Andalucía","125"
"29052026","0","","HONDA","VISION 110","Girona","Cataluña","109"
"29052026","0","","HONDA","ADV 350","Zaragoza","Aragón","330"
"29052026","0","","ZONTES","368K","Valencia/València","Comunidad Valenciana","368"
"29052026","0","","APRILIA","SR GT 125","Cádiz","Andalucía","125"
"29052026","0","","BMW","F 900 GS","Barcelona","Cataluña","895"
"29052026","0","","HONDA","CB500FAC","Valencia/València","Comunidad Valenciana","471"
"29052026","0","","KYMCO","AGILITY S","Jaén","Andalucía","125"
"29052026","0","","KYMCO","SUPER DINK GT 125 E5+","Cádiz","Andalucía","124"
"29052026","0","","ZONTES","368G","Cádiz","Andalucía","368"
"29052026","0","","VOGE","DS800X RALLY","Cantabria","Cantabria","798"
"29052026","0","","HONDA","GB350S","Barcelona","Cataluña","348"
"29052026","0","","ZONTES","125C","Madrid","Comunidad de Madrid","125"
"29052026","0","","VOGE","DS900X","Palmas (Las)","Canarias","895"
"29052026","0","","VOGE","SR1ADV","Sevilla","Andalucía","125"
"29052026","0","","KEEWAY","VIESTE 125XDV","Madrid","Comunidad de Madrid","125"
"29052026","0","","BMW","K 1600 GTL","Álava/Araba","País Vasco","1649"
"29052026","0","","ZONTES","703F","Barcelona","Cataluña","699"
"29052026","0","","KYMCO","DTX","Alicante/Alacant","Comunidad Valenciana","124"
"29052026","0","","SYM","ADX 125 LC TCS E5+","Málaga","Andalucía","125"
"29052026","0","","APRILIA","TUONO 660 FACTORY","Barcelona","Cataluña","659"
"29052026","0","","HONDA","FORZA125","Santa Cruz de Tenerife","Canarias","125"
"29052026","0","","YAMAHA","MT-09","Girona","Cataluña","890"
"29052026","0","","YAMAHA","XMAX 300","Granada","Andalucía","292"
"29052026","0","","HONDA","ADV 350","Barcelona","Cataluña","330"
"29052026","0","","VOGE","DS900X","Huelva","Andalucía","895"
"29052026","0","","HONDA","VISION 110","Tarragona","Cataluña","109"
"29052026","0","","HONDA","PCX125","Zaragoza","Aragón","125"
"29052026","0","","YAMAHA","NMAX 125","Málaga","Andalucía","125"
"29052026","0","","ZONTES","368G","Asturias","Principado de Asturias","368"
"29052026","0","","HONDA","ADV 750","Málaga","Andalucía","745"
"29052026","0","","PIAGGIO","MEDLEY 125","Barcelona","Cataluña","125"
"29052026","0","","YAMAHA","NMAX 125","Jaén","Andalucía","125"
"29052026","0","","HONDA","XL750 Transalp","Málaga","Andalucía","755"
"29052026","0","","ZONTES","368G","Melilla","Melilla","368"
"29052026","0","","BMW","F 900 R","Madrid","Comunidad de Madrid","895"
"29052026","0","","YAMAHA","NMAX 125","Gipuzkoa","País Vasco","125"
"29052026","0","","ZONTES","125X","Málaga","Andalucía","125"
"29052026","0","","PIAGGIO","VESPA PRIMAVERA 125","Málaga","Andalucía","124"
"29052026","0","","YAMAHA","MT-07","Valencia/València","Comunidad Valenciana","689"
"29052026","0","","HONDA","VISION 110","León","Castilla y León","109"
"29052026","0","","QJMOTOR","SRK 125 R E5+","Alicante/Alacant","Comunidad Valenciana","125"
"29052026","0","","SUZUKI","ADDRESS 125","Alicante/Alacant","Comunidad Valenciana","124"
"29052026","0","","SYM","JET X","Cantabria","Cantabria","125"
"29052026","0","","ZONTES","368G","Cádiz","Andalucía","368"
"29052026","0","","BMW","C 400 GT","Alicante/Alacant","Comunidad Valenciana","350"
"29052026","0","","KYMCO","AGILITY S","Illes Balears","Illes Balears","125"
"29052026","0","","HONDA","PCX125","Illes Balears","Illes Balears","125"
"29052026","0","","KYMCO","AGILITY S","Granada","Andalucía","125"
"29052026","0","","KEEWAY","XDV 125 EVO PRO","Barcelona","Cataluña","125"
"29052026","0","","YAMAHA","MT-03","Madrid","Comunidad de Madrid","321"
"29052026","0","","KYMCO","DTX","Tarragona","Cataluña","124"
"29052026","0","","PIAGGIO","VESPA GTS 125","Santa Cruz de Tenerife","Canarias","125"
"29052026","0","","KTM","KTM 125 DUKE","Sevilla","Andalucía","125"
"29052026","0","","ZONTES","368G","Barcelona","Cataluña","368"
"29052026","0","","ZONTES","350R","Pontevedra","Galicia","348"
"29052026","0","","HONDA","CB750 Hornet","Barcelona","Cataluña","755"
"29052026","0","","CFMOTO","450MT","Valladolid","Castilla y León","449"
"29052026","0","","MOTO MORINI","X-CAPE 1200","Cantabria","Cantabria","1187"
"29052026","0","","BMW","C 400 GT","Madrid","Comunidad de Madrid","350"
"29052026","0","","SYM","JET X","Madrid","Comunidad de Madrid","125"
"29052026","0","","CFMOTO","800MT-X","Almería","Andalucía","799"
"29052026","0","","SYM","SYMPHONY 125","Girona","Cataluña","125"
"29052026","0","","HONDA","FORZA 350","Badajoz","Extremadura","330"
"29052026","0","","VOGE","DS800X RALLY","Málaga","Andalucía","798"
"29052026","0","","BMW","R 1300 RT","Barcelona","Cataluña","1300"
"29052026","0","","YAMAHA","XTZ 700 Tenere","Valencia/València","Comunidad Valenciana","689"
"29052026","0","","BMW","C 400 GT","Madrid","Comunidad de Madrid","350"
"29052026","0","","HARLEY-DAVIDSON","HERITAGE CLASSIC","Madrid","Comunidad de Madrid","1923"
"29052026","0","","CFMOTO","1000MT-X","Barcelona","Cataluña","946"
"29052026","0","","SYM","CRUISYM 125 E5 TCS","León","Castilla y León","124"
"29052026","0","","ZONTES","125D","Barcelona","Cataluña","125"
"29052026","0","","VOGE","DS900X","Jaén","Andalucía","895"
"29052026","0","","BMW","F 900 GS ADVENTURE","Málaga","Andalucía","895"
"29052026","0","","HONDA","ADV 750","Palmas (Las)","Canarias","745"
"29052026","0","","HONDA","PCX125","Madrid","Comunidad de Madrid","125"
"29052026","0","","KYMCO","SKYTOWN 125","Madrid","Comunidad de Madrid","125"
"29052026","0","","CFMOTO","675SR-R","Pontevedra","Galicia","674"
"29052026","0","","VOGE","DS900X","Sevilla","Andalucía","895"
"29052026","0","","HONDA","SH Mode 125","Málaga","Andalucía","125"
"29052026","0","","HONDA","XL750 Transalp","Girona","Cataluña","755"
"29052026","0","","YAMAHA","WR125","Málaga","Andalucía","125"
"29052026","0","","BETA","N/A","Barcelona","Cataluña","296"
"29052026","0","","BETA","N/A","Granada","Andalucía","293"
"29052026","0","","KAWASAKI","ELIMINATOR","Valencia/València","Comunidad Valenciana","451"
"29052026","0","","BMW","C 400 GT","Málaga","Andalucía","350"
"29052026","0","","YAMAHA","MT-125","Cáceres","Extremadura","125"
"29052026","0","","KYMCO","DTX","Madrid","Comunidad de Madrid","124"
"29052026","0","","BMW","R 1300 RS","Zaragoza","Aragón","1300"
"29052026","0","","HONDA","CB650RA","Girona","Cataluña","649"
"29052026","0","","HONDA","VISION 110","Córdoba","Andalucía","109"
"29052026","0","","ZONTES","125X","Barcelona","Cataluña","125"
"29052026","0","","YAMAHA","RayZR 125","Jaén","Andalucía","125"
"29052026","0","","SYM","JET 14","Castellón/Castelló","Comunidad Valenciana","125"
"29052026","0","","HONDA","NX500","Bizkaia","País Vasco","471"
"29052026","0","","ZONTES","125C","Almería","Andalucía","125"
"29052026","0","","HONDA","VISION 110","Alicante/Alacant","Comunidad Valenciana","109"
"29052026","0","","YAMAHA","XTZ 700 Tenere","Almería","Andalucía","689"
"29052026","0","","HONDA","FORZA 350","Valencia/València","Comunidad Valenciana","330"
"29052026","0","","ZONTES","368G","Málaga","Andalucía","368"
"29052026","0","","PIAGGIO","LIBERTY 125 ABS","Madrid","Comunidad de Madrid","124"
"29052026","0","","KAWASAKI","Z900","Palmas (Las)","Canarias","948"
"29052026","0","","KYMCO","DTX 350","Madrid","Comunidad de Madrid","321"
"29052026","0","","HONDA","VISION 110","Barcelona","Cataluña","109"
"29052026","0","","HONDA","SH Mode 125","Murcia","Región de Murcia","125"
"29052026","0","","KTM","KTM 1390 SUPER ADVENTU","Barcelona","Cataluña","1350"
"29052026","0","","HONDA","SH125i","Girona","Cataluña","125"
"29052026","0","","YAMAHA","NMAX 125","Madrid","Comunidad de Madrid","125"
"29052026","0","","VOGE","625DSX","Álava/Araba","País Vasco","581"
"29052026","0","","MORBIDELLI","SC125LX","Barcelona","Cataluña","125"
"29052026","0","","BMW","C 400 GT","Cádiz","Andalucía","350"
"29052026","0","","BMW","R 1300 GS ADVENTURE","Madrid","Comunidad de Madrid","1300"
"29052026","0","","HONDA","XL750 Transalp","Barcelona","Cataluña","755"
"29052026","0","","HONDA","ADV 750","Santa Cruz de Tenerife","Canarias","745"
"29052026","0","","HONDA","CBR600R3","Girona","Cataluña","599"
"29052026","0","","SUZUKI","GSX-8S","Barcelona","Cataluña","776"
"29052026","0","","HONDA","XL750 Transalp","Tarragona","Cataluña","755"
"29052026","0","","BMW","R 12 NINET","Barcelona","Cataluña","1170"
"29052026","0","","GASGAS","TXT 125","Jaén","Andalucía","125"
"29052026","0","","BMW","R 1300 RT","Barcelona","Cataluña","1300"
"29052026","0","","BMW","R 1300 R","Jaén","Andalucía","1300"
"29052026","0","","KYMCO","PEOPLE S 125 E5+","Cádiz","Andalucía","125"
"29052026","0","","MOTO MORINI","X-CAPE 1200","Sevilla","Andalucía","1187"
"29052026","0","","BMW","R 1300 GS","Almería","Andalucía","1300"
"29052026","0","","ZONTES","125X","Málaga","Andalucía","125"
"29052026","0","","HONDA","FORZA 750","Palmas (Las)","Canarias","745"
"29052026","0","","BMW","R 1300 GS","Jaén","Andalucía","1300"
"29052026","0","","HONDA","SH125i","Málaga","Andalucía","125"
"29052026","0","","MORBIDELLI","SC 125","Cantabria","Cantabria","125"
"29052026","0","","HONDA","VISION 110","Badajoz","Extremadura","109"
"29052026","0","","MITT","TY125T-26G","Madrid","Comunidad de Madrid","125"
"29052026","0","","BMW","F 800 GS","Madrid","Comunidad de Madrid","895"
"29052026","0","","MORBIDELLI","SC 125","Cantabria","Cantabria","125"
"29052026","0","","KYMCO","DTX","Alicante/Alacant","Comunidad Valenciana","124"
"29052026","0","","YAMAHA","XMAX 125","Tarragona","Cataluña","125"
"29052026","0","","BMW","F 900 GS","Málaga","Andalucía","895"
"29052026","0","","ZONTES","ZT125-Z2","Valencia/València","Comunidad Valenciana","125"
"29052026","0","","BMW","F 900 R A2","Madrid","Comunidad de Madrid","895"
"29052026","0","","PIAGGIO","VESPA GTS","Barcelona","Cataluña","310"
"29052026","0","","HONDA","PCX125","Santa Cruz de Tenerife","Canarias","125"
"29052026","0","","KAWASAKI","Z900","Barcelona","Cataluña","948"
"29052026","0","","BMW","F 900 R A2","Madrid","Comunidad de Madrid","895"
"29052026","0","","HONDA","MSX125A","Asturias","Principado de Asturias","124"
"29052026","0","","CFMOTO","675NK","Barcelona","Cataluña","674"
"29052026","0","","ZONTES","368G","Girona","Cataluña","368"
"29052026","0","","CFMOTO","125 NK","Lleida","Cataluña","124"
"29052026","0","","YAMAHA","NMAX 125","Illes Balears","Illes Balears","125"
"29052026","0","","SYM","FUGUE 125 ABS TOP CASE","Illes Balears","Illes Balears","124"
"29052026","0","","HONDA","CB650RA","Barcelona","Cataluña","649"
"29052026","0","","KYMCO","PEOPLE S 125 E5+","Barcelona","Cataluña","125"
"29052026","0","","PIAGGIO","LIBERTY 125 ABS","Illes Balears","Illes Balears","124"
"29052026","0","","VOGE","R125S","Madrid","Comunidad de Madrid","125"
"29052026","0","","VOGE","SR1ADV","Alicante/Alacant","Comunidad Valenciana","125"
"29052026","0","","ZONTES","125C","Almería","Andalucía","125"
"29052026","0","","APRILIA","RS 125","Asturias","Principado de Asturias","124"
"29052026","0","","HONDA","FORZA125","Barcelona","Cataluña","125"
"29052026","0","","QJMOTOR","ATR 125 E5+","Cáceres","Extremadura","125"
"29052026","0","","HONDA","PCX125","Palmas (Las)","Canarias","125"
"29052026","0","","SYM","SYMPHONY 125","Barcelona","Cataluña","125"
"29052026","0","","SYM","SYMPHONY 125","Ciudad Real","Castilla-La Mancha","125"
"29052026","0","","BMW","C 400 X","Jaén","Andalucía","350"
"29052026","0","","KYMCO","AGILITY S","Girona","Cataluña","125"
"29052026","0","","HONDA","VISION 110","Cádiz","Andalucía","109"
"29052026","0","","BMW","R 1300 RT","Granada","Andalucía","1300"
"29052026","0","","KAWASAKI","NINJA 650","Zaragoza","Aragón","649"
"29052026","0","","ZONTES","ZT125-Z2","Girona","Cataluña","125"
"29052026","0","","MITT","300GT MAX","Girona","Cataluña","276"
"29052026","0","","HONDA","PCX125","Asturias","Principado de Asturias","125"
"29052026","0","","HONDA","PCX125","Illes Balears","Illes Balears","125"
"29052026","0","","HONDA","CB750 Hornet","Albacete","Castilla-La Mancha","755"
"29052026","0","","BMW","F 900 XR A2","Barcelona","Cataluña","895"
"29052026","0","","BMW","C 400 GT","Valencia/València","Comunidad Valenciana","350"
"29052026","0","","VOGE","625DSX","Granada","Andalucía","581"
"29052026","0","","HONDA","FORZA125","Badajoz","Extremadura","125"
"29052026","0","","HONDA","FORZA 350","Barcelona","Cataluña","330"
"29052026","0","","KYMCO","DTX","Madrid","Comunidad de Madrid","124"
"29052026","0","","MH MOTORCYCLES","VRT","Madrid","Comunidad de Madrid","124"
"29052026","0","","KYMCO","SKYTOWN 125","Bizkaia","País Vasco","125"
"29052026","0","","KTM","KTM 390 DUKE","Barcelona","Cataluña","399"
"29052026","0","","KTM","KTM 890 ADVENTURE","Bizkaia","País Vasco","889"
"29052026","0","","ZONTES","368G","Navarra","Comunidad Foral de Navarra","368"
"29052026","0","","BMW","R 12","Madrid","Comunidad de Madrid","1170"
"29052026","0","","BMW","R 1300 RT","Barcelona","Cataluña","1300"
"29052026","0","","HONDA","VISION 110","Barcelona","Cataluña","109"
"29052026","0","","HONDA","XL750 Transalp","Illes Balears","Illes Balears","755"
"29052026","0","","KYMCO","DTX","Badajoz","Extremadura","321"
"29052026","0","","KYMCO","AGILITY S","Madrid","Comunidad de Madrid","125"
"29052026","0","","YAMAHA","MT-09","Barcelona","Cataluña","890"
"29052026","0","","SYM","JOYMAX Z 300 E5+","Alicante/Alacant","Comunidad Valenciana","278"
"29052026","0","","HONDA","CRF1100L Africa Twin","Palmas (Las)","Canarias","1084"
"29052026","0","","YAMAHA","MT-07","Girona","Cataluña","689"
"29052026","0","","MITT","TY125T-26G","Jaén","Andalucía","125"
"29052026","0","","VOGE","625DSX","Alicante/Alacant","Comunidad Valenciana","581"
"29052026","0","","ZONTES","125X","Barcelona","Cataluña","125"
"29052026","0","","ZONTES","125X","Málaga","Andalucía","125"
"29052026","0","","ZONTES","125X","Bizkaia","País Vasco","125"
"29052026","0","","YAMAHA","NMAX 125","Illes Balears","Illes Balears","125"
"29052026","0","","BMW","C 400 GT","Valencia/València","Comunidad Valenciana","350"
"29052026","0","","QJMOTOR","ATR 125 E5+","Sevilla","Andalucía","125"
"29052026","0","","ZONTES","ZT125-Z2","Madrid","Comunidad de Madrid","125"
"29052026","0","","HONDA","PCX125","Granada","Andalucía","125"
"29052026","0","","HONDA","PCX125","Sevilla","Andalucía","125"
"29052026","0","","HONDA","ADV 350","Zaragoza","Aragón","330"
"29052026","0","","ZONTES","125X","Zaragoza","Aragón","125"
"29052026","0","","SUZUKI","GSX-S 1000","Girona","Cataluña","999"
"29052026","0","","HONDA","XL750 Transalp","Barcelona","Cataluña","755"
"29052026","0","","ZONTES","125M","Barcelona","Cataluña","125"
"29052026","0","","HONDA","ADV 350","Barcelona","Cataluña","330"
"29052026","0","","HONDA","VISION 110","Valencia/València","Comunidad Valenciana","109"
"29052026","0","","VOGE","625DSX","Gipuzkoa","País Vasco","581"
"29052026","0","","HONDA","FORZA125","Valencia/València","Comunidad Valenciana","125"
"29052026","0","","YAMAHA","RayZR 125","Girona","Cataluña","125"
"29052026","0","","YAMAHA","Tracer 9 GT","Pontevedra","Galicia","890"
"29052026","0","","KTM","KTM 125 DUKE","Huelva","Andalucía","125"
"29052026","0","","HONDA","XL750 Transalp","Illes Balears","Illes Balears","755"
"29052026","0","","HONDA","VISION 110","Alicante/Alacant","Comunidad Valenciana","109"
"29052026","0","","KEEWAY","VIESTE 125","Ourense","Galicia","125"
"29052026","0","","KYMCO","AGILITY S","Illes Balears","Illes Balears","125"
"29052026","0","","QJMOTOR","SRT 900 S","Madrid","Comunidad de Madrid","904"
"29052026","0","","HONDA","VISION 110","Barcelona","Cataluña","109"
"29052026","0","","HONDA","PCX125","Cádiz","Andalucía","125"
"29052026","0","","HONDA","FORZA 350","Barcelona","Cataluña","330"
"29052026","0","","KTM","KTM 790 DUKE","Tarragona","Cataluña","799"
"29052026","0","","HONDA","PCX125","Murcia","Región de Murcia","125"
"29052026","0","","SYM","SYMPHONY 125","Illes Balears","Illes Balears","125"
"29052026","0","","HONDA","PCX125","Sevilla","Andalucía","125"
"29052026","0","","YAMAHA","MT-125","Illes Balears","Illes Balears","125"
"29052026","0","","BAJAJ","DOMINAR D 400","Barcelona","Cataluña","373"
"29052026","0","","HONDA","NX500","Barcelona","Cataluña","471"
"29052026","0","","ROYAL ENFIELD","INTERCEPTOR BEAR 650","Málaga","Andalucía","648"
"29052026","0","","HONDA","NC 750 X","Rioja (La)","La Rioja","745"
"29052026","0","","RIEJU","X-OVER 357","Madrid","Comunidad de Madrid","330"
"29052026","0","","BMW","C 400 X","Girona","Cataluña","350"
"29052026","0","","BMW","R 1300 GS","Girona","Cataluña","1300"
"29052026","0","","ZONTES","368G","Granada","Andalucía","368"
"29052026","0","","VOGE","DS525X","Zamora","Castilla y León","494"
"29052026","0","","HONDA","FORZA 750","Barcelona","Cataluña","745"
"29052026","0","","HONDA","PCX125","Santa Cruz de Tenerife","Canarias","125"
"29052026","0","","HONDA","CBF 125","Valencia/València","Comunidad Valenciana","125"
"29052026","0","","MACBOR","MONTANA XR1 125 EVO","Granada","Andalucía","124"
"29052026","0","","HONDA","ADV 750","Zaragoza","Aragón","745"
"29052026","0","","MITT","IBIZA","Cádiz","Andalucía","125"
"29052026","0","","SYM","ADX 125 LC TCS E5+","Barcelona","Cataluña","125"
"29052026","0","","KEEWAY","ICON 125 S","Cantabria","Cantabria","124"
"29052026","0","","ROYAL ENFIELD","GUERRILLA 450","Málaga","Andalucía","452"
"29052026","0","","SYM","SYMPHONY 125","Girona","Cataluña","125"
"29052026","0","","ZONTES","125C","Alicante/Alacant","Comunidad Valenciana","125"
"29052026","0","","SYM","SYMPHONY 125","Tarragona","Cataluña","125"
"29052026","0","","HONDA","NX500","Barcelona","Cataluña","471"
"29052026","0","","MH MOTORCYCLES","VR10","Cantabria","Cantabria","124"
"29052026","0","","BMW","R 1300 GS ADVENTURE","Valencia/València","Comunidad Valenciana","1300"
"29052026","0","","KEEWAY","RKS 125","Asturias","Principado de Asturias","124"
"29052026","0","","VOGE","DS900X","Santa Cruz de Tenerife","Canarias","895"
"29052026","0","","HONDA","PCX125","Cádiz","Andalucía","125"
"29052026","0","","VOGE","DS800X RALLY","Córdoba","Andalucía","798"
"29052026","0","","ZONTES","125E","Murcia","Región de Murcia","125"
"29052026","0","","CFMOTO","1000MT-X","Cáceres","Extremadura","946"
"29052026","0","","YAMAHA","TMAX 560","Santa Cruz de Tenerife","Canarias","562"
"29052026","0","","ZONTES","125X","Málaga","Andalucía","125"
"29052026","0","","HONDA","PCX125","Santa Cruz de Tenerife","Canarias","125"
"29052026","0","","BMW","R 12 G/S","Madrid","Comunidad de Madrid","1170"
"29052026","0","","VOGE","DS900X","Albacete","Castilla-La Mancha","895"
"29052026","0","","ZONTES","368G","Alicante/Alacant","Comunidad Valenciana","368"
"29052026","0","","VOGE","R125S","Barcelona","Cataluña","125"
"29052026","0","","HONDA","C125A","Madrid","Comunidad de Madrid","124"
"29052026","0","","HERO MOTOCORP","HUNK 440","Madrid","Comunidad de Madrid","440"
"29052026","0","","CFMOTO","675NK","Jaén","Andalucía","674"
"29052026","0","","YAMAHA","XMAX 300","Cádiz","Andalucía","292"
"29052026","0","","KEEWAY","V-CRUISE","Toledo","Castilla-La Mancha","125"
"29052026","0","","HONDA","PCX125","Pontevedra","Galicia","125"
"29052026","0","","HONDA","ADV 350","Alicante/Alacant","Comunidad Valenciana","330"
"29052026","0","","HONDA","CB750 Hornet","Badajoz","Extremadura","755"
"29052026","0","","HONDA","VISION 110","Alicante/Alacant","Comunidad Valenciana","109"
"29052026","0","","CYCLONE","RX1 PRO","Sevilla","Andalucía","124"
"29052026","0","","HONDA","VISION 110","Barcelona","Cataluña","109"
"29052026","0","","HONDA","PCX125","Sevilla","Andalucía","125"
"29052026","0","","BMW","F 800 GS","Jaén","Andalucía","895"
"29052026","0","","HONDA","VISION 110","Girona","Cataluña","109"
"29052026","0","","HONDA","PCX125","Murcia","Región de Murcia","125"
"29052026","0","","CYCLONE","SR600-3A","Murcia","Región de Murcia","549"
"29052026","0","","HONDA","PCX125","Bizkaia","País Vasco","125"
"29052026","0","","HONDA","CB750 Hornet","Cádiz","Andalucía","755"
"29052026","0","","VOGE","300RALLY","León","Castilla y León","292"
"29052026","0","","HONDA","NC 750 X","Palmas (Las)","Canarias","745"
"29052026","0","","MITT","125GP","Almería","Andalucía","124"
"29052026","0","","HONDA","PCX125","Málaga","Andalucía","125"
"29052026","0","","BMW","C 400 X","Sevilla","Andalucía","350"
"29052026","0","","VOGE","DS900X","Cádiz","Andalucía","895"
"29052026","0","","HONDA","CBR 650 R","Cantabria","Cantabria","649"
"29052026","0","","YAMAHA","XTZ 700 Tenere","Cádiz","Andalucía","689"
"29052026","0","","ZONTES","368G","Cádiz","Andalucía","368"
"29052026","0","","YAMAHA","NMAX 125","Madrid","Comunidad de Madrid","125"
"29052026","0","","HONDA","Rebel 500","Valencia/València","Comunidad Valenciana","471"
"29052026","0","","PEUGEOT","DJANGO","Murcia","Región de Murcia","125"
"29052026","0","","ZONTES","125E","Málaga","Andalucía","125"
"29052026","0","","VOGE","DS900X","Valencia/València","Comunidad Valenciana","895"
"29052026","0","","HONDA","CB750 Hornet","Sevilla","Andalucía","755"
"29052026","0","","BMW","F 900 GS","Madrid","Comunidad de Madrid","895"
"29052026","0","","PIAGGIO","LIBERTY 125 ABS","Cádiz","Andalucía","124"
"29052026","0","","KYMCO","PEOPLE S 125 E5+","Barcelona","Cataluña","125"
"29052026","0","","SYM","ADX 300 TCS","Castellón/Castelló","Comunidad Valenciana","278"
"29052026","0","","HONDA","SH Mode 125","Barcelona","Cataluña","125"
"29052026","0","","HONDA","VISION 110","Albacete","Castilla-La Mancha","109"
"29052026","0","","MOTO GUZZI","STELVIO","Barcelona","Cataluña","1042"
"29052026","0","","MITT","125GTS","Barcelona","Cataluña","125"
"29052026","0","","CFMOTO","700MT","Barcelona","Cataluña","693"
"29052026","0","","YAMAHA","MT-07","Illes Balears","Illes Balears","689"
"29052026","0","","ZONTES","368G","Sevilla","Andalucía","368"
"29052026","0","","BMW","R 1300 GS ADVENTURE","Málaga","Andalucía","1300"
"29052026","0","","DUCATI","MULTISTRADA V4","Girona","Cataluña","1158"
"29052026","0","","PIAGGIO","VESPA GTS 125","Jaén","Andalucía","125"
"29052026","0","","PIAGGIO","VESPA GTS","Barcelona","Cataluña","310"
"29052026","0","","KAWASAKI","Z125","Tarragona","Cataluña","125"
"29052026","0","","BMW","R 1300 GS ADVENTURE","Barcelona","Cataluña","1300"
"29052026","0","","HONDA","PCX125","Bizkaia","País Vasco","125"
"29052026","0","","QJMOTOR","SRV 125 E5+","Málaga","Andalucía","125"
"29052026","0","","SYM","SYMPHONY 125","Barcelona","Cataluña","125"
"29052026","0","","KYMCO","PEOPLE S 125 E5+","Barcelona","Cataluña","125"
"29052026","0","","VOGE","DS800X RALLY","Barcelona","Cataluña","798"
"29052026","0","","ZONTES","125X","Bizkaia","País Vasco","125"
"29052026","0","","YAMAHA","NMAX 125","Barcelona","Cataluña","125"
"29052026","0","","HONDA","SH125i","Málaga","Andalucía","125"
"29052026","0","","PIAGGIO","VESPA GTS","Barcelona","Cataluña","310"
"29052026","0","","MOTO MORINI","X-CAPE 1200","Huesca","Aragón","1187"
"29052026","0","","VOGE","DS900X","Málaga","Andalucía","895"
"29052026","0","","APRILIA","SR GT 125","Alicante/Alacant","Comunidad Valenciana","125"
"29052026","0","","CYCLONE","RX2","Almería","Andalucía","124"
"29052026","0","","ZONTES","368M","Cádiz","Andalucía","368"
"29052026","0","","CFMOTO","1000MT-X","Castellón/Castelló","Comunidad Valenciana","946"
"29052026","0","","BMW","F 800 GS","Santa Cruz de Tenerife","Canarias","895"
"29052026","0","","ZONTES","125D","Granada","Andalucía","125"
"29052026","0","","BMW","F 900 XR","Cádiz","Andalucía","895"
"29052026","0","","HONDA","SH125i","Barcelona","Cataluña","125"
"29052026","0","","BMW","F 900 XR","Illes Balears","Illes Balears","895"
"29052026","0","","VOGE","DS800X RALLY","Barcelona","Cataluña","798"
"29052026","0","","BMW","F 900 XR","Barcelona","Cataluña","895"
"29052026","0","","SUZUKI","GSX-R125","Navarra","Comunidad Foral de Navarra","124"
"29052026","0","","BMW","F 800 GS","Madrid","Comunidad de Madrid","895"
"29052026","0","","HONDA","PCX125","Sevilla","Andalucía","125"
"29052026","0","","YAMAHA","XSR-125","Castellón/Castelló","Comunidad Valenciana","125"
"29052026","0","","KYMCO","AGILITY S","Sevilla","Andalucía","125"
"29052026","0","","HONDA","FORZA 750","Santa Cruz de Tenerife","Canarias","745"
"29052026","0","","APRILIA","RS 457","Valencia/València","Comunidad Valenciana","457"
"29052026","0","","HONDA","PCX125","Cádiz","Andalucía","125"
"29052026","0","","KYMCO","SUPER DINK GT","Santa Cruz de Tenerife","Canarias","321"
"29052026","0","","YAMAHA","NMAX 125","Bizkaia","País Vasco","125"
"29052026","0","","SUZUKI","GSX-8S","Valladolid","Castilla y León","776"
"29052026","0","","VOGE","DS900X","Granada","Andalucía","895"
"29052026","0","","PIAGGIO","VESPA GTS","Barcelona","Cataluña","310"
"29052026","0","","VOGE","SR3","Gipuzkoa","País Vasco","244"
"29052026","0","","HONDA","ADV 350","Sevilla","Andalucía","330"
"29052026","0","","VOGE","R125S","Alicante/Alacant","Comunidad Valenciana","125"
"29052026","0","","YAMAHA","NMAX 125","Illes Balears","Illes Balears","125"
"29052026","0","","VOGE","DS900X","Valencia/València","Comunidad Valenciana","895"
"29052026","0","","SYM","SYMPHONY 125","Barcelona","Cataluña","125"
"29052026","0","","HONDA","NX500","Valencia/València","Comunidad Valenciana","471"
"29052026","0","","YAMAHA","NMAX 125","Murcia","Región de Murcia","125"
"29052026","0","","YAMAHA","YZF-R9","Teruel","Aragón","890"
"29052026","0","","BMW","R 1300 GS","Madrid","Comunidad de Madrid","1300"
"29052026","0","","HONDA","FORZA125","Asturias","Principado de Asturias","125"
"29052026","0","","KYMCO","DTX","Barcelona","Cataluña","321"
"29052026","0","","QJMOTOR","SRT 900 S","Cádiz","Andalucía","904"
"29052026","0","","BMW","F 800 GS","Sevilla","Andalucía","895"
"29052026","0","","PIAGGIO","VESPA PRIMAVERA 125","Barcelona","Cataluña","124"
"29052026","0","","BMW","R 1300 RT","Barcelona","Cataluña","1300"
"29052026","0","","YAMAHA","NMAX 125","Cádiz","Andalucía","125"
"29052026","0","","PIAGGIO","VESPA PRIMAVERA 125","Castellón/Castelló","Comunidad Valenciana","124"
"29052026","0","","VOGE","DS525X","Madrid","Comunidad de Madrid","494"
"29052026","0","","MACBOR","MONTANA XR5 510 E5+","Huelva","Andalucía","498"
"29052026","0","","YAMAHA","TMAX 560","Barcelona","Cataluña","562"
"29052026","0","","KTM","KTM 390 DUKE","Albacete","Castilla-La Mancha","399"
"29052026","0","","VOGE","DS800X RALLY","Cádiz","Andalucía","798"
"29052026","0","","BMW","M 1000 XR","Barcelona","Cataluña","999"
"29052026","0","","HONDA","PCX125","Sevilla","Andalucía","125"
"29052026","0","","YAMAHA","NMAX 125","Madrid","Comunidad de Madrid","125"
"29052026","0","","HONDA","PCX125","Granada","Andalucía","125"
"29052026","0","","APRILIA","RX 125","Madrid","Comunidad de Madrid","124"
"29052026","0","","KAWASAKI","Z650","Cádiz","Andalucía","649"
"29052026","0","","YAMAHA","XSR-125","Madrid","Comunidad de Madrid","125"
"29052026","0","","HONDA","PCX125","Granada","Andalucía","125"
"29052026","0","","HONDA","FORZA 750","Málaga","Andalucía","745"
"29052026","0","","ZONTES","ZT125-Z2","Guadalajara","Castilla-La Mancha","125"
"29052026","0","","HONDA","SH Mode 125","Girona","Cataluña","125"
"29052026","0","","QJMOTOR","SRV 12 E5+","Coruña (A)","Galicia","125"
"29052026","0","","CYCLONE","LS-Z","Jaén","Andalucía","124"
"29052026","0","","ZONTES","368K","Sevilla","Andalucía","368"
"29052026","0","","BMW","R 1300 RT","Palmas (Las)","Canarias","1300"
"29052026","0","","BMW","C 400 GT","Pontevedra","Galicia","350"
"29052026","0","","ZONTES","125X","Salamanca","Castilla y León","125"
"29052026","0","","YAMAHA","NMAX 125","Almería","Andalucía","125"
"29052026","0","","YAMAHA","NMAX 125","Sevilla","Andalucía","125"
"29052026","0","","BMW","F 900 R A2","Murcia","Región de Murcia","895"
"29052026","0","","CFMOTO","450MT","Barcelona","Cataluña","449"
"29052026","0","","BMW","R 1300 RT","Barcelona","Cataluña","1300"
"29052026","0","","YAMAHA","YZF-R3","Barcelona","Cataluña","321"
"29052026","0","","HONDA","XL750 Transalp","Illes Balears","Illes Balears","755"
"29052026","0","","PIAGGIO","LIBERTY 125 ABS","Santa Cruz de Tenerife","Canarias","124"
"29052026","0","","HONDA","SH Mode 125","Barcelona","Cataluña","125"
"29052026","0","","ZONTES","368G","Barcelona","Cataluña","368"
"29052026","0","","SYM","SYMPHONY 125","Girona","Cataluña","125"
"29052026","0","","MH MOTORCYCLES","VRT","Navarra","Comunidad Foral de Navarra","124"
"29052026","0","","SYM","SYMPHONY 125","Santa Cruz de Tenerife","Canarias","125"
"29052026","0","","HONDA","VISION 110","Tarragona","Cataluña","109"
"29052026","0","","HONDA","FORZA125","Alicante/Alacant","Comunidad Valenciana","125"
"29052026","0","","YAMAHA","RayZR 125","Madrid","Comunidad de Madrid","125"
"29052026","0","","YAMAHA","NMAX 125","Cádiz","Andalucía","125"
"29052026","0","","BMW","F 900 R","Madrid","Comunidad de Madrid","895"
"29052026","0","","PIAGGIO","VESPA PRIMAVERA 125","Almería","Andalucía","124"
"29052026","0","","VOGE","SR1ADV","Cádiz","Andalucía","125"
"29052026","0","","BMW","F 900 GS","Navarra","Comunidad Foral de Navarra","895"
"29052026","0","","ZONTES","125D","Sevilla","Andalucía","125"
"29052026","0","","HONDA","CB750 Hornet","Córdoba","Andalucía","755"
"29052026","0","","HONDA","PCX125","Murcia","Región de Murcia","125"
"29052026","0","","HONDA","ADV 350","Palmas (Las)","Canarias","330"
"29052026","0","","HONDA","VISION 110","Barcelona","Cataluña","109"
"29052026","0","","SYM","SYMPHONY 125","Barcelona","Cataluña","125"
"29052026","0","","MORBIDELLI","SC125LX","Girona","Cataluña","125"
"29052026","0","","SYM","SYMPHONY 125","Tarragona","Cataluña","125"
"29052026","0","","HONDA","ADV 350","Santa Cruz de Tenerife","Canarias","330"
"29052026","0","","SYM","JET X","Burgos","Castilla y León","125"
"29052026","0","","YAMAHA","XMAX 125","Barcelona","Cataluña","125"
"29052026","0","","HONDA","NC 750 X","Palmas (Las)","Canarias","745"
"29052026","0","","HERO MOTOCORP","X PULSE 200 4V","Murcia","Región de Murcia","200"
"29052026","0","","VOGE","DS800X RALLY","Barcelona","Cataluña","798"
"29052026","0","","YAMAHA","RayZR 125","Cádiz","Andalucía","125"
"29052026","0","","YAMAHA","TMAX 560","Madrid","Comunidad de Madrid","562"
"29052026","0","","ZONTES","125X","Asturias","Principado de Asturias","125"
"29052026","0","","YAMAHA","TRACER 700","Asturias","Principado de Asturias","689"
"29052026","0","","BAJAJ","PULSAR NS 400 Z","Burgos","Castilla y León","373"
"29052026","0","","DUCATI","STREETFIGHTER","Barcelona","Cataluña","890"
"29052026","0","","HONDA","SH125i","Málaga","Andalucía","125"
"29052026","0","","BMW","F 800 GS","Palmas (Las)","Canarias","895"
"29052026","0","","HONDA","Rebel 500","Santa Cruz de Tenerife","Canarias","471"
"29052026","0","","HONDA","NX500","Cantabria","Cantabria","471"
"29052026","0","","HONDA","FORZA125","Barcelona","Cataluña","125"
"29052026","0","","YAMAHA","MT-09","Illes Balears","Illes Balears","890"
"29052026","0","","KYMCO","DTX","Valencia/València","Comunidad Valenciana","321"
"29052026","0","","YAMAHA","YZF-R9","Barcelona","Cataluña","890"
"29052026","0","","HONDA","PCX125","Madrid","Comunidad de Madrid","125"
"29052026","0","","KYMCO","DTX","Almería","Andalucía","124"
"29052026","0","","YAMAHA","NMAX 125","Huesca","Aragón","125"
"29052026","0","","KAWASAKI","KLE500","Alicante/Alacant","Comunidad Valenciana","451"
"29052026","0","","PIAGGIO","LIBERTY 125 ABS","Cádiz","Andalucía","124"
"29052026","0","","VOGE","625DSX","Cádiz","Andalucía","581"
"29052026","0","","KTM","KTM 890 SM T","Sevilla","Andalucía","889"
"29052026","0","","PIAGGIO","MEDLEY 125","Valencia/València","Comunidad Valenciana","125"
"29052026","0","","CYCLONE","SR650","León","Castilla y León","650"
"29052026","0","","SYM","MAXSYM 400I GT","Málaga","Andalucía","399"
"29052026","0","","VOGE","DS800X RALLY","Huelva","Andalucía","798"
"29052026","0","","BMW","R 12 G/S","Madrid","Comunidad de Madrid","1170"
"29052026","0","","KEEWAY","RKS 125","Castellón/Castelló","Comunidad Valenciana","124"
"29052026","0","","HONDA","SH125i","Barcelona","Cataluña","125"
"29052026","0","","YAMAHA","NMAX 125","Valencia/València","Comunidad Valenciana","125"
"29052026","0","","MOTO GUZZI","STELVIO","Barcelona","Cataluña","1042"
"29052026","0","","YAMAHA","MT-07","Tarragona","Cataluña","689"
"29052026","0","","PIAGGIO","MEDLEY 125","Granada","Andalucía","125"
"29052026","0","","MACBOR","MONTANA XR5 510 E5+","Ciudad Real","Castilla-La Mancha","498"
"29052026","0","","KYMCO","DTX","Pontevedra","Galicia","321"
"29052026","0","","YAMAHA","MT-07","Málaga","Andalucía","689"
"29052026","0","","PIAGGIO","VESPA PRIMAVERA 125","Rioja (La)","La Rioja","124"
"29052026","0","","HONDA","ADV 350","Zaragoza","Aragón","330"
"29052026","0","","RIEJU","NKD 125","Albacete","Castilla-La Mancha","124"
"29052026","0","","BMW","R 1300 RT","Barcelona","Cataluña","1300"
"29052026","0","","ZONTES","368G","Lugo","Galicia","368"
"29052026","0","","HONDA","VISION 110","Barcelona","Cataluña","109"
"29052026","0","","SUZUKI","ADDRESS 125","Madrid","Comunidad de Madrid","124"
"29052026","0","","PEUGEOT","KISBEE M","Málaga","Andalucía","125"
"29052026","0","","HONDA","CB750 Hornet","Asturias","Principado de Asturias","755"
"29052026","0","","HONDA","ADV 350","Murcia","Región de Murcia","330"
"29052026","0","","ZONTES","368G","Barcelona","Cataluña","368"
"29052026","0","","KYMCO","DTX","Sevilla","Andalucía","124"
"29052026","0","","KTM","KTM 390 ADVENTURE R","Murcia","Región de Murcia","399"
"29052026","0","","YAMAHA","MT-07","Bizkaia","País Vasco","689"
"29052026","0","","HONDA","NC 750 X","Málaga","Andalucía","745"
"29052026","0","","YAMAHA","Tracer 9 GT","Pontevedra","Galicia","890"
"29052026","0","","HONDA","NC 750 X","Palmas (Las)","Canarias","745"
"29052026","0","","BMW","R 1300 GS ADVENTURE","Castellón/Castelló","Comunidad Valenciana","1300"
"29052026","0","","RIEJU","RALLY 307","Madrid","Comunidad de Madrid","292"
"29052026","0","","SYM","JET 14","Illes Balears","Illes Balears","125"
"29052026","0","","HONDA","SH Mode 125","Barcelona","Cataluña","125"
"29052026","0","","HONDA","FORZA 750","Palmas (Las)","Canarias","745"
"29052026","0","","YAMAHA","XMAX 125","Illes Balears","Illes Balears","125"
"29052026","0","","BMW","F 900 GS ADVENTURE","Barcelona","Cataluña","895"
"29052026","0","","HONDA","PCX125","Gipuzkoa","País Vasco","125"
"29052026","0","","ZONTES","125M","Málaga","Andalucía","125"
"29052026","0","","ZONTES","368G","Málaga","Andalucía","368"
"29052026","0","","YAMAHA","XSR-125","Palmas (Las)","Canarias","125"
"29052026","0","","ZONTES","125E","Lugo","Galicia","125"
"29052026","0","","APRILIA","TUAREG 660","Cádiz","Andalucía","659"
"29052026","0","","HUSQVARNA","HUSQVARNA SVARTPILEN 4","Madrid","Comunidad de Madrid","399"
"29052026","0","","MOTO GUZZI","V7 STONE","Illes Balears","Illes Balears","853"
"29052026","0","","KYMCO","PEOPLE S 125 E5+","Málaga","Andalucía","125"
"29052026","0","","PEUGEOT","PULSION EVO","Cádiz","Andalucía","125"
"29052026","0","","ZONTES","125C","Pontevedra","Galicia","125"
"29052026","0","","HONDA","FORZA125","Barcelona","Cataluña","125"
"29052026","0","","HONDA","PCX125","Badajoz","Extremadura","125"
"29052026","0","","KTM","KTM 390 DUKE","Ávila","Castilla y León","399"
"29052026","0","","MITT","TY125T-58E","Cádiz","Andalucía","125"
"29052026","0","","PIAGGIO","VESPA GTS","Barcelona","Cataluña","310"
"29052026","0","","WOTTAN","STORM-X","Alicante/Alacant","Comunidad Valenciana","125"
"29052026","0","","HONDA","SH350i","Barcelona","Cataluña","330"
"29052026","0","","KYMCO","AGILITY S","Murcia","Región de Murcia","125"
"29052026","0","","KOVE","KOVE 800 X GT","Coruña (A)","Galicia","799"
"29052026","0","","BENDA","NAPOLEON 125","Navarra","Comunidad Foral de Navarra","125"
"29052026","0","","KAWASAKI","ELIMINATOR","Madrid","Comunidad de Madrid","451"
"29052026","0","","HONDA","PCX125","Cádiz","Andalucía","125"
"29052026","0","","PEUGEOT","TWEET FL 125 CC","Illes Balears","Illes Balears","125"
"29052026","0","","HONDA","ADV 350","Valencia/València","Comunidad Valenciana","330"
"29052026","0","","HONDA","NC 750 X","Málaga","Andalucía","745"
"29052026","0","","VOGE","SR16","Barcelona","Cataluña","125"
"29052026","0","","ZONTES","368G","Murcia","Región de Murcia","368"
"29052026","0","","BMW","S 1000 RR","Lugo","Galicia","999"
"29052026","0","","HUSQVARNA","HUSQVARNA 901 NORDEN","Ourense","Galicia","889"
"29052026","0","","HONDA","VISION 110","Valencia/València","Comunidad Valenciana","109"
"29052026","0","","HONDA","SH125i","Barcelona","Cataluña","125"
"29052026","0","","HONDA","FORZA125","Valencia/València","Comunidad Valenciana","125"
"29052026","0","","VOGE","625DSX","Málaga","Andalucía","581"
"29052026","0","","HONDA","CB650RA","Pontevedra","Galicia","649"
"29052026","0","","YAMAHA","XMAX 300","Málaga","Andalucía","292"
"29052026","0","","HONDA","PCX125","Málaga","Andalucía","125"
"29052026","0","","BAJAJ","PULSAR NS 400 Z","Tarragona","Cataluña","373"
"29052026","0","","HONDA","SH Mode 125","Illes Balears","Illes Balears","125"
"29052026","0","","ZONTES","125E","Madrid","Comunidad de Madrid","125"
"29052026","0","","HONDA","XL750 Transalp","Cádiz","Andalucía","755"
"29052026","0","","YAMAHA","NMAX 125","León","Castilla y León","125"
"29052026","0","","ZONTES","125E","Coruña (A)","Galicia","125"
"29052026","0","","HONDA","PCX125","Alicante/Alacant","Comunidad Valenciana","125"
"29052026","0","","YAMAHA","XTZ 700 Tenere","Almería","Andalucía","689"
"29052026","0","","HONDA","CBF 125","Madrid","Comunidad de Madrid","125"
"29052026","0","","PIAGGIO","VESPA PRIMAVERA 125","Coruña (A)","Galicia","124"
"29052026","0","","BMW","C 400 GT","Barcelona","Cataluña","350"
"29052026","0","","HONDA","PCX125","Cádiz","Andalucía","125"
"29052026","0","","VOGE","R125S","Tarragona","Cataluña","125"
"29052026","0","","YAMAHA","XMAX 125","Málaga","Andalucía","125"
"29052026","0","","YAMAHA","XMAX 300","Valencia/València","Comunidad Valenciana","292"
"29052026","0","","BMW","S 1000 RR","Valencia/València","Comunidad Valenciana","999"
"29052026","0","","ZONTES","125X","Zaragoza","Aragón","125"
"29052026","0","","HONDA","VISION 110","Barcelona","Cataluña","109"
"29052026","0","","KEEWAY","V-CRUISE","Bizkaia","País Vasco","125"
"29052026","0","","BMW","R 1300 RT","Navarra","Comunidad Foral de Navarra","1300"
"29052026","0","","DUCATI","SCRAMBLER ICON","Alicante/Alacant","Comunidad Valenciana","803"
"29052026","0","","KYMCO","DTX","Alicante/Alacant","Comunidad Valenciana","321"
"29052026","0","","KOVE","KOVE 800 X PRO 2026","Valencia/València","Comunidad Valenciana","799"
"29052026","0","","CFMOTO","1000MT-X","Madrid","Comunidad de Madrid","946"
"29052026","0","","HONDA","ADV 350","Barcelona","Cataluña","330"
"29052026","0","","SYM","SYMPHONY 125","Barcelona","Cataluña","125"
"29052026","0","","ZONTES","125E","Alicante/Alacant","Comunidad Valenciana","125"
"29052026","0","","HONDA","VISION 110","Valencia/València","Comunidad Valenciana","109"
"29052026","0","","YAMAHA","RayZR 125","Bizkaia","País Vasco","125"
"29052026","0","","HONDA","PCX125","Badajoz","Extremadura","125"
"29052026","0","","MORBIDELLI","T1002VX","Barcelona","Cataluña","997"
"29052026","0","","HONDA","XL750 Transalp","Granada","Andalucía","755"
"29052026","0","","TRS","TR1 250","Barcelona","Cataluña","248"
"29052026","0","","KTM","KTM 890 ADVENTURE R","Barcelona","Cataluña","889"
"29052026","0","","HONDA","PCX125","Granada","Andalucía","125"
"29052026","0","","ZONTES","368G","Palmas (Las)","Canarias","368"
"29052026","0","","ZONTES","125X","Bizkaia","País Vasco","125"
"29052026","0","","YAMAHA","XTZ 700 Tenere","Asturias","Principado de Asturias","689"
"29052026","0","","VOGE","R125","Granada","Andalucía","125"
"29052026","0","","PEUGEOT","PULSION EVO","Bizkaia","País Vasco","125"
"29052026","0","","VOGE","625DSX","Cuenca","Castilla-La Mancha","581"
"29052026","0","","HONDA","CB 125 F","Málaga","Andalucía","124"
"29052026","0","","HONDA","CRF 300 L","Cantabria","Cantabria","286"
"29052026","0","","HONDA","NX500","Málaga","Andalucía","471"
"29052026","0","","TRIUMPH","TIGER 1200 RALLY PRO","Valencia/València","Comunidad Valenciana","1160"
"29052026","0","","KEEWAY","ICON 125 S","Badajoz","Extremadura","124"
"29052026","0","","ZONTES","125X","Bizkaia","País Vasco","125"
"29052026","0","","KAWASAKI","NINJA ZX-10R","Guadalajara","Castilla-La Mancha","998"
"29052026","0","","SYM","JET 14","León","Castilla y León","125"
"29052026","0","","MH MOTORCYCLES","VR10","Huesca","Aragón","124"
"29052026","0","","ZONTES","368D","Alicante/Alacant","Comunidad Valenciana","368"
"29052026","0","","ZONTES","368G","Murcia","Región de Murcia","368"
"29052026","0","","DUCATI","DUCATI SCRAMBLER","Palmas (Las)","Canarias","803"
"29052026","0","","HONDA","CB750 Hornet","Coruña (A)","Galicia","755"
"29052026","0","","YAMAHA","NMAX 125","Barcelona","Cataluña","125"
"29052026","0","","YAMAHA","RayZR 125","Zaragoza","Aragón","125"
"29052026","0","","HONDA","VISION 110","Madrid","Comunidad de Madrid","109"
"29052026","0","","VOGE","R125","Santa Cruz de Tenerife","Canarias","125"
"29052026","0","","RIEJU","RALLY 307","Valladolid","Castilla y León","292"
"29052026","0","","HONDA","PCX125","Almería","Andalucía","125"
"29052026","0","","KAWASAKI","KLE500","Toledo","Castilla-La Mancha","451"
"29052026","0","","VOGE","DS900X","Granada","Andalucía","895"
"29052026","0","","HONDA","VISION 110","Madrid","Comunidad de Madrid","109"
"29052026","0","","SYM","SYMPHONY 125","Málaga","Andalucía","125"
"29052026","0","","BMW","M 1000 RR","Valencia/València","Comunidad Valenciana","999"
"29052026","0","","APRILIA","SR GT 125","Palmas (Las)","Canarias","125"
"29052026","0","","HONDA","CB650RA","Gipuzkoa","País Vasco","649"
"29052026","0","","ZONTES","703RR","Málaga","Andalucía","699"
"29052026","0","","QJMOTOR","ATR 125 E5+","Alicante/Alacant","Comunidad Valenciana","125"
"29052026","0","","CYCLONE","CARRERA","Barcelona","Cataluña","125"
"29052026","0","","KYMCO","AGILITY S","Madrid","Comunidad de Madrid","125"
"29052026","0","","SYM","FUGUE 125 ABS TOP CASE","Tarragona","Cataluña","124"
"29052026","0","","HUSQVARNA","HUSQVARNA 901 NORDEN E","Santa Cruz de Tenerife","Canarias","889"
"29052026","0","","VOGE","DS800X RALLY","Cuenca","Castilla-La Mancha","798"
"29052026","0","","KTM","KTM 125 DUKE","Gipuzkoa","País Vasco","125"
"29052026","0","","HONDA","VISION 110","Barcelona","Cataluña","109"
"29052026","0","","YAMAHA","MT-125","Girona","Cataluña","125"
"29052026","0","","CFMOTO","800MT-X","Sevilla","Andalucía","799"
"29052026","0","","PIAGGIO","LIBERTY 125 ABS","Cádiz","Andalucía","124"
"29052026","0","","MITT","TY125T-58E","Cantabria","Cantabria","125"
"29052026","0","","BMW","F 900 R A2","Sevilla","Andalucía","895"
"29052026","0","","HONDA","PCX125","Murcia","Región de Murcia","125"
"29052026","0","","HONDA","SH125i","Málaga","Andalucía","125"
"29052026","0","","ZONTES","368G","Barcelona","Cataluña","368"
"29052026","0","","HONDA","PCX125","Santa Cruz de Tenerife","Canarias","125"
"29052026","0","","BMW","F 800 GS","Madrid","Comunidad de Madrid","895"
"29052026","0","","HONDA","PCX125","Valencia/València","Comunidad Valenciana","125"
"29052026","0","","HONDA","PCX125","Alicante/Alacant","Comunidad Valenciana","125"
"29052026","0","","PEUGEOT","PULSION EVO","Cádiz","Andalucía","125"
"29052026","0","","YAMAHA","XMAX 125","Barcelona","Cataluña","125"
"29052026","0","","YAMAHA","RayZR 125","Sevilla","Andalucía","125"
"29052026","0","","BMW","F 900 GS ADVENTURE","Girona","Cataluña","895"
"29052026","0","","MOTO GUZZI","STELVIO (A.R.A.S.)","Sevilla","Andalucía","1042"
"29052026","0","","PIAGGIO","LIBERTY 125 ABS","Málaga","Andalucía","124"
"29052026","0","","MITT","125GP","Madrid","Comunidad de Madrid","124"
"29052026","0","","SUZUKI","GSX-8S","Almería","Andalucía","776"
"29052026","0","","SYM","JET 14","Illes Balears","Illes Balears","125"
"29052026","0","","BMW","C 400 X","Girona","Cataluña","350"
"29052026","0","","HONDA","FORZA 350","Palmas (Las)","Canarias","330"
"29052026","0","","YAMAHA","NMAX 125","Valencia/València","Comunidad Valenciana","125"
"29052026","0","","VOGE","DS525X","Burgos","Castilla y León","494"
"29052026","0","","BMW","R 12 G/S","Gipuzkoa","País Vasco","1170"
"29052026","0","","KAWASAKI","Z650","Santa Cruz de Tenerife","Canarias","649"
"29052026","0","","RIEJU","XPLORA 557","Madrid","Comunidad de Madrid","554"
"29052026","0","","HONDA","FORZA125","Córdoba","Andalucía","125"
"29052026","0","","SYM","ADX 125 LC TCS E5+","Málaga","Andalucía","125"
"29052026","0","","QJMOTOR","MTX 125 E5+","Valencia/València","Comunidad Valenciana","125"
"29052026","0","","VOGE","DS800X RALLY","Jaén","Andalucía","798"
"29052026","0","","HONDA","XL750 Transalp","Madrid","Comunidad de Madrid","755"
"29052026","0","","HONDA","ADV 350","Illes Balears","Illes Balears","330"
"29052026","0","","KAWASAKI","Z650","Toledo","Castilla-La Mancha","649"
"29052026","0","","ROYAL ENFIELD","HIMALAYAN 452","Castellón/Castelló","Comunidad Valenciana","452"
"29052026","0","","HONDA","SH125i","Girona","Cataluña","125"
"29052026","0","","YAMAHA","MT-07","Barcelona","Cataluña","689"
"29052026","0","","KYMCO","AGILITY S","Almería","Andalucía","125"
"29052026","0","","KYMCO","SKYTOWN 125","Cádiz","Andalucía","125"
"29052026","0","","HONDA","NC 750 X","Palmas (Las)","Canarias","745"
"29052026","0","","HERO MOTOCORP","X PULSE 200 4V","Alicante/Alacant","Comunidad Valenciana","200"
"29052026","0","","HONDA","VISION 110","Madrid","Comunidad de Madrid","109"
"29052026","0","","APRILIA","SR GT 400","Valencia/València","Comunidad Valenciana","399"
"29052026","0","","YAMAHA","MT-07","Murcia","Región de Murcia","689"
"29052026","0","","VOGE","DS800X RALLY","Alicante/Alacant","Comunidad Valenciana","798"
"29052026","0","","BMW","S 1000 XR","Madrid","Comunidad de Madrid","999"
"29052026","0","","QJMOTOR","SRT 700 X E5+","Palmas (Las)","Canarias","698"
"29052026","0","","CYCLONE","RX2","Cádiz","Andalucía","124"
"29052026","0","","SYM","SYMPHONY 125","Girona","Cataluña","125"
"29052026","0","","HONDA","PCX125","Valencia/València","Comunidad Valenciana","125"
"29052026","0","","HONDA","FORZA125","Valencia/València","Comunidad Valenciana","125"
"29052026","0","","SYM","JET 14","Barcelona","Cataluña","125"
"29052026","0","","ZONTES","368G","Huelva","Andalucía","368"
"29052026","0","","YAMAHA","NMAX 125","Girona","Cataluña","125"
"29052026","0","","APRILIA","SX 125","Valencia/València","Comunidad Valenciana","124"
"29052026","0","","BMW","R 1300 GS","Barcelona","Cataluña","1300"
"29052026","0","","ZONTES","368M","Alicante/Alacant","Comunidad Valenciana","368"
"29052026","0","","HONDA","CB500FAC","Málaga","Andalucía","471"
"29052026","0","","BMW","M 1000 XR","Navarra","Comunidad Foral de Navarra","999"
"29052026","0","","HONDA","XL750 Transalp","Madrid","Comunidad de Madrid","755"
"29052026","0","","ROYAL ENFIELD","HIMALAYAN 452","Asturias","Principado de Asturias","452"
"29052026","0","","QJMOTOR","ATR 125 E5+","Valencia/València","Comunidad Valenciana","125"
"29052026","0","","YAMAHA","R125","Málaga","Andalucía","125"
"29052026","0","","SYM","JET 14","Barcelona","Cataluña","125"
"29052026","0","","YAMAHA","MT-07","Santa Cruz de Tenerife","Canarias","689"
"29052026","0","","HONDA","VISION 110","Asturias","Principado de Asturias","109"
"29052026","0","","ZONTES","125X","Málaga","Andalucía","125"
"29052026","0","","HONDA","FORZA125","Barcelona","Cataluña","125"
"29052026","0","","VOGE","625DSX","Málaga","Andalucía","581"
"29052026","0","","VOGE","R125","Granada","Andalucía","125"
"29052026","0","","BMW","R 1300 RS","Cádiz","Andalucía","1300"
"29052026","0","","YAMAHA","XTZ 700 Tenere","Castellón/Castelló","Comunidad Valenciana","689"
"29052026","0","","ZONTES","125C","Palmas (Las)","Canarias","125"
"29052026","0","","YAMAHA","XMAX 125","Girona","Cataluña","125"
"29052026","0","","HONDA","XL750 Transalp","Zaragoza","Aragón","755"
"29052026","0","","BMW","R 1300 GS","Albacete","Castilla-La Mancha","1300"
"29052026","0","","VOGE","SR1ADV","Illes Balears","Illes Balears","125"
"29052026","0","","HONDA","XL750 Transalp","Barcelona","Cataluña","755"
"29052026","0","","KAWASAKI","Z1100","Valencia/València","Comunidad Valenciana","1099"
"29052026","0","","YAMAHA","NMAX 125","Barcelona","Cataluña","125"
"29052026","0","","ZONTES","125X","Gipuzkoa","País Vasco","125"
"29052026","0","","BMW","S 1000 RR","Tarragona","Cataluña","999"
"29052026","0","","YAMAHA","NMAX 125","Cádiz","Andalucía","125"
"29052026","0","","MITT","TY125T-26G","Sevilla","Andalucía","125"
"29052026","0","","HONDA","ADV 350","Alicante/Alacant","Comunidad Valenciana","330"
"29052026","0","","YAMAHA","NMAX 125","Málaga","Andalucía","125"
"29052026","0","","KTM","KTM 790 ADVENTURE","Barcelona","Cataluña","799"
"29052026","0","","SYM","SYMPHONY 125","Girona","Cataluña","125"
"29052026","0","","HONDA","PCX125","Valencia/València","Comunidad Valenciana","125"
"29052026","0","","HONDA","VISION 110","Bizkaia","País Vasco","109"
"29052026","0","","RIEJU","N/A","Illes Balears","Illes Balears","125"
"29052026","0","","KTM","KTM 390 ENDURO R","Madrid","Comunidad de Madrid","399"
"29052026","0","","HONDA","CB650RA","Madrid","Comunidad de Madrid","649"
"29052026","0","","DUCATI","MULTISTRADA V4","Málaga","Andalucía","1158"
"29052026","0","","KAWASAKI","Z500","Jaén","Andalucía","451"
"29052026","0","","QJMOTOR","LTR 125","Albacete","Castilla-La Mancha","125"
"29052026","0","","HONDA","CB650RA","Palmas (Las)","Canarias","649"
"29052026","0","","BMW","C 400 X","Madrid","Comunidad de Madrid","350"
"29052026","0","","HONDA","PCX125","Valencia/València","Comunidad Valenciana","125"
"29052026","0","","ZONTES","125X","Bizkaia","País Vasco","125"
"29052026","0","","SYM","JET 14","Barcelona","Cataluña","125"
"29052026","0","","CFMOTO","700MT","Sevilla","Andalucía","693"
"29052026","0","","HONDA","CB750 Hornet","Barcelona","Cataluña","755"
"29052026","0","","BMW","S 1000 XR","Madrid","Comunidad de Madrid","999"
"29052026","0","","HONDA","PCX125","Tarragona","Cataluña","125"
"29052026","0","","PEUGEOT","TWEET FL 125 CC","Alicante/Alacant","Comunidad Valenciana","125"
"29052026","0","","HONDA","NX500","Palmas (Las)","Canarias","471"
"29052026","0","","YAMAHA","Tracer 9 GT","Valencia/València","Comunidad Valenciana","890"
"29052026","0","","BMW","R 1300 RT","Málaga","Andalucía","1300"
"29052026","0","","BMW","F 900 GS ADVENTURE","Madrid","Comunidad de Madrid","895"
"29052026","0","","YAMAHA","NMAX 125","Pontevedra","Galicia","125"
"29052026","0","","YAMAHA","XMAX 125","Málaga","Andalucía","125"
"29052026","0","","KYMCO","SKYTOWN 125","Madrid","Comunidad de Madrid","125"
"29052026","0","","SYM","SYMPHONY 125","Álava/Araba","País Vasco","125"
"29052026","0","","HONDA","CRF 300 L","Navarra","Comunidad Foral de Navarra","286"
"29052026","0","","YAMAHA","MT-09","Barcelona","Cataluña","890"
"29052026","0","","YAMAHA","NMAX 125","Cádiz","Andalucía","125"
"29052026","0","","HONDA","CB650RA","Barcelona","Cataluña","649"
"29052026","0","","YAMAHA","NMAX 125","Álava/Araba","País Vasco","125"
"29052026","0","","ZONTES","368G","Sevilla","Andalucía","368"
"29052026","0","","MITT","TY125T-26G","Cantabria","Cantabria","125"
"29052026","0","","HONDA","SH Mode 125","Murcia","Región de Murcia","125"
"29052026","0","","VOGE","R125S","Palmas (Las)","Canarias","125"
"29052026","0","","CFMOTO","800NK","Madrid","Comunidad de Madrid","799"
"29052026","0","","BMW","C 400 GT","Málaga","Andalucía","350"
"29052026","0","","VOGE","DS800X RALLY","Granada","Andalucía","798"
"29052026","0","","ZONTES","368G","Santa Cruz de Tenerife","Canarias","368"
"29052026","0","","BMW","F 900 GS ADVENTURE","Cádiz","Andalucía","895"
"29052026","0","","PIAGGIO","VESPA GTS 125","Alicante/Alacant","Comunidad Valenciana","125"
"29052026","0","","HONDA","ADV 750","Gipuzkoa","País Vasco","745"
"29052026","0","","VOGE","R125S","Barcelona","Cataluña","125"
"29052026","0","","BMW","F 900 R","Valladolid","Castilla y León","895"
"29052026","0","","KEEWAY","VIESTE 300","Palmas (Las)","Canarias","278"
"29052026","0","","HONDA","CBR500","Barcelona","Cataluña","471"
"29052026","0","","VOGE","SR1","Bizkaia","País Vasco","125"
"29052026","0","","ZONTES","368G","Barcelona","Cataluña","368"
"29052026","0","","APRILIA","TUAREG 660","Madrid","Comunidad de Madrid","659"
"29052026","0","","HONDA","SH125i","Zaragoza","Aragón","125"
"29052026","0","","BMW","F 800 GS","Madrid","Comunidad de Madrid","895"
"29052026","0","","BMW","R 1300 RT","Barcelona","Cataluña","1300"
"29052026","0","","HONDA","PCX125","Palmas (Las)","Canarias","125"
"29052026","0","","CFMOTO","1000MT-X","Madrid","Comunidad de Madrid","946"
"29052026","0","","PIAGGIO","VESPA PRIMAVERA 125","Palmas (Las)","Canarias","124"
"29052026","0","","HONDA","PCX125","Barcelona","Cataluña","125"
"29052026","0","","PIAGGIO","VESPA GTS 125","Granada","Andalucía","125"
"29052026","0","","HONDA","SH125i","Málaga","Andalucía","125"
"29052026","0","","VOGE","DS800X RALLY","Córdoba","Andalucía","798"
"29052026","0","","KAWASAKI","Z900","Girona","Cataluña","948"
"29052026","0","","HONDA","PCX125","Valencia/València","Comunidad Valenciana","125"
"29052026","0","","SYM","ADX 125 LC TCS E5+","Santa Cruz de Tenerife","Canarias","125"
"29052026","0","","HONDA","FORZA125","Álava/Araba","País Vasco","125"
"29052026","0","","HONDA","PCX125","Bizkaia","País Vasco","125"
"29052026","0","","ZONTES","368G","Barcelona","Cataluña","368"
"29052026","0","","HONDA","PCX125","Valencia/València","Comunidad Valenciana","125"
"29052026","0","","ZONTES","368G","Madrid","Comunidad de Madrid","368"
"29052026","0","","YAMAHA","TRICITY 125","Granada","Andalucía","125"
"29052026","0","","KYMCO","AGILITY S","Granada","Andalucía","125"
"29052026","0","","PIAGGIO","VESPA PRIMAVERA 125","Coruña (A)","Galicia","124"
"29052026","0","","SHERCO","N.A","Barcelona","Cataluña","125"
"29052026","0","","HONDA","SH125i","Girona","Cataluña","125"
"29052026","0","","KYMCO","PEOPLE S 125 E5+","Madrid","Comunidad de Madrid","125"
"29052026","0","","HONDA","PCX125","Rioja (La)","La Rioja","125"
"29052026","0","","PEUGEOT","PULSION EVO","Bizkaia","País Vasco","125"
"29052026","0","","HONDA","CBF 125","Zaragoza","Aragón","125"
"29052026","0","","YAMAHA","NMAX 125","Madrid","Comunidad de Madrid","125"
"29052026","0","","APRILIA","RS 457","Bizkaia","País Vasco","457"
"29052026","0","","HONDA","NX500","Palmas (Las)","Canarias","471"
"29052026","0","","PIAGGIO","VESPA GTS","Alicante/Alacant","Comunidad Valenciana","310"
"29052026","0","","PIAGGIO","MEDLEY 125","Barcelona","Cataluña","125"
"29052026","0","","PIAGGIO","VESPA SPRINT 125","Pontevedra","Galicia","124"
"29052026","0","","MACBOR","MONTANA XR5 510 E5+","Murcia","Región de Murcia","498"
"29052026","0","","HONDA","PCX125","Cádiz","Andalucía","125"
"29052026","0","","HONDA","ADV 350","Málaga","Andalucía","330"
"29052026","0","","YAMAHA","XMAX 125","Illes Balears","Illes Balears","125"
"29052026","0","","HONDA","PCX125","Madrid","Comunidad de Madrid","125"
"29052026","0","","KAWASAKI","Z500","Barcelona","Cataluña","451"
"29052026","0","","ZONTES","125D","Málaga","Andalucía","125"
"29052026","0","","BMW","F 900 R A2","Tarragona","Cataluña","895"
"29052026","0","","KTM","KTM 990 DUKE","Sevilla","Andalucía","947"
"29052026","0","","TRIUMPH","TRIDENT 660 - TRIPLE T","Madrid","Comunidad de Madrid","660"
"29052026","0","","PIAGGIO","LIBERTY 125 ABS","Cádiz","Andalucía","124"
"29052026","0","","CYCLONE","RX2","Barcelona","Cataluña","124"
"29052026","0","","KTM","KTM 890 ADVENTURE R","Girona","Cataluña","889"
"29052026","0","","ZONTES","125X","Málaga","Andalucía","125"
"29052026","0","","PIAGGIO","LIBERTY 125 ABS","Illes Balears","Illes Balears","124"
"29052026","0","","KEEWAY","X-LIGHT 125","Valencia/València","Comunidad Valenciana","125"
"29052026","0","","VOGE","R125S","Murcia","Región de Murcia","125"
"29052026","0","","YAMAHA","MT-07","Almería","Andalucía","689"
"29052026","0","","ZONTES","125C","Barcelona","Cataluña","125"
"29052026","0","","HONDA","NX500","Valencia/València","Comunidad Valenciana","471"
"29052026","0","","ZONTES","368G","Barcelona","Cataluña","368"
"29052026","0","","APRILIA","RS 457","Barcelona","Cataluña","457"
"29052026","0","","YAMAHA","TMAX 560","Barcelona","Cataluña","562"
"29052026","0","","KYMCO","AGILITY S","Illes Balears","Illes Balears","125"
"29052026","0","","YAMAHA","TRACER 700","Barcelona","Cataluña","689"
"29052026","0","","PIAGGIO","VESPA PRIMAVERA 125","Valencia/València","Comunidad Valenciana","124"
"29052026","0","","TRIUMPH","STREET TRIPLE MOTO2 TM","Barcelona","Cataluña","765"
"29052026","0","","KTM","KTM 1390 SUPER ADVENTU","Barcelona","Cataluña","1350"
"29052026","0","","ZONTES","125X","Málaga","Andalucía","125"
"29052026","0","","YAMAHA","XMAX 300","Barcelona","Cataluña","292"
"29052026","0","","WOTTAN","REBBE","Burgos","Castilla y León","124"
"29052026","0","","HONDA","PCX125","Murcia","Región de Murcia","125"
"29052026","0","","BMW","F 900 XR","Barcelona","Cataluña","895"
"29052026","0","","YAMAHA","YZF-R9","Cantabria","Cantabria","890"
"29052026","0","","APRILIA","SR GT 125","Tarragona","Cataluña","125"
"29052026","0","","BMW","R 1300 GS ADVENTURE","Madrid","Comunidad de Madrid","1300"
"29052026","0","","ZONTES","125D","Alicante/Alacant","Comunidad Valenciana","125"
"29052026","0","","SUZUKI","GSX-S 1000","Guadalajara","Castilla-La Mancha","999"
"29052026","0","","KTM","KTM 390 ADVENTURE X","Sevilla","Andalucía","399"
"29052026","0","","HONDA","ADV 750","Barcelona","Cataluña","745"
"29052026","0","","PIAGGIO","VESPA PRIMAVERA 125","Cádiz","Andalucía","124"
"29052026","0","","VOGE","DS525X","Cádiz","Andalucía","494"
"29052026","0","","KYMCO","AGILITY S","Palencia","Castilla y León","125"
"29052026","0","","PIAGGIO","LIBERTY 125 ABS","Illes Balears","Illes Balears","124"
"29052026","0","","KAWASAKI","Z1100","Barcelona","Cataluña","1099"
"29052026","0","","KAWASAKI","Z900","Girona","Cataluña","948"
"29052026","0","","MOTO MORINI","SEIEMMEZZO","Santa Cruz de Tenerife","Canarias","649"
"29052026","0","","CFMOTO","675SR-R","Tarragona","Cataluña","674"
"29052026","0","","BMW","K 1600 B","Madrid","Comunidad de Madrid","1649"
"29052026","0","","SCORPA","CITY CORP 125","Cantabria","Cantabria","125"
"29052026","0","","ZONTES","125C","Murcia","Región de Murcia","125"
"29052026","0","","HONDA","NC 750 X","Málaga","Andalucía","745"
"29052026","0","","YAMAHA","MT-07","Barcelona","Cataluña","689"
"29052026","0","","BAJAJ","PULSAR NS 125","Madrid","Comunidad de Madrid","124"
"29052026","0","","ZONTES","368G","Barcelona","Cataluña","368"
"29052026","0","","ZONTES","125X","Barcelona","Cataluña","125"
"29052026","0","","HUSQVARNA","HUSQVARNA 801 SVARTPIL","Zaragoza","Aragón","799"
"29052026","0","","HONDA","SH350i","Zaragoza","Aragón","330"
"29052026","0","","PIAGGIO","VESPA GTV","Barcelona","Cataluña","310"
"29052026","0","","YAMAHA","YZF690-U","Madrid","Comunidad de Madrid","689"
"29052026","0","","YAMAHA","XMAX 300","Illes Balears","Illes Balears","292"
"29052026","0","","DUCATI","PANIGALE V4","Palmas (Las)","Canarias","1103"
"29052026","0","","VOGE","DS900X","Madrid","Comunidad de Madrid","895"
"29052026","0","","YAMAHA","NMAX 125","Madrid","Comunidad de Madrid","125"
"29052026","0","","VOGE","625DSX","Barcelona","Cataluña","581"
"29052026","0","","MITT","125 DESERT","Madrid","Comunidad de Madrid","125"
"29052026","0","","BMW","R 1300 GS ADVENTURE","Málaga","Andalucía","1300"
"29052026","0","","HONDA","VISION 110","Albacete","Castilla-La Mancha","109"
"29052026","0","","YAMAHA","NMAX 125","Málaga","Andalucía","125"
"29052026","0","","PIAGGIO","MEDLEY 125","Barcelona","Cataluña","125"
"29052026","0","","VOGE","DS525X","Málaga","Andalucía","494"
"29052026","0","","ZONTES","125C","Girona","Cataluña","125"
"29052026","0","","YAMAHA","RayZR 125","Barcelona","Cataluña","125"
"29052026","0","","SYM","SYMPHONY 125","Barcelona","Cataluña","125"
"29052026","0","","KAWASAKI","ELIMINATOR","Barcelona","Cataluña","451"
"29052026","0","","HONDA","PCX125","Valencia/València","Comunidad Valenciana","125"
"29052026","0","","YAMAHA","MT-07","Málaga","Andalucía","689"
"29052026","0","","YAMAHA","MT-09","Girona","Cataluña","890"
"29052026","0","","YAMAHA","XMAX 300","Cádiz","Andalucía","292"
"29052026","0","","APRILIA","TUONO 457","Cádiz","Andalucía","457"
"29052026","0","","APRILIA","SR GT 125","Barcelona","Cataluña","125"
"29052026","0","","HONDA","PCX125","Santa Cruz de Tenerife","Canarias","125"
"29052026","0","","HONDA","PCX125","Madrid","Comunidad de Madrid","125"
"29052026","0","","ZONTES","125C","Cuenca","Castilla-La Mancha","125"
"29052026","0","","HONDA","PCX125","Barcelona","Cataluña","125"
"29052026","0","","HONDA","VISION 110","Asturias","Principado de Asturias","109"
"29052026","0","","YAMAHA","MT-07","Alicante/Alacant","Comunidad Valenciana","689"
"29052026","0","","HONDA","SH Mode 125","Barcelona","Cataluña","125"
"29052026","0","","ZONTES","368G","Madrid","Comunidad de Madrid","368"
"29052026","0","","BMW","R 12 G/S","Barcelona","Cataluña","1170"
"29052026","0","","DUCATI","MULTISTRADA V2","Murcia","Región de Murcia","890"
"29052026","0","","KTM","KTM 890 ADVENTURE R","Barcelona","Cataluña","889"
"29052026","0","","HONDA","CB750 Hornet","Barcelona","Cataluña","755"
"29052026","0","","YAMAHA","XMAX 125","Madrid","Comunidad de Madrid","125"
"29052026","0","","YAMAHA","NMAX 125","Girona","Cataluña","125"
"29052026","0","","PIAGGIO","MEDLEY 125","Gipuzkoa","País Vasco","125"
"29052026","0","","ZONTES","350R","Gipuzkoa","País Vasco","348"
"29052026","0","","KAWASAKI","Z500","Madrid","Comunidad de Madrid","451"
"29052026","0","","CFMOTO","675SR-R","Barcelona","Cataluña","674"
"29052026","0","","BMW","F 900 R","Madrid","Comunidad de Madrid","895"
"29052026","0","","KYMCO","DTX","Tarragona","Cataluña","124"
"29052026","0","","BMW","R 1300 RS","Alicante/Alacant","Comunidad Valenciana","1300"
"29052026","0","","VOGE","DS800X RALLY","Barcelona","Cataluña","798"
"29052026","0","","KOVE","KOVE 800 X RALLY","Madrid","Comunidad de Madrid","799"
"29052026","0","","YAMAHA","YZF-R9","Cádiz","Andalucía","890"
"29052026","0","","HONDA","CBR 650 R","Illes Balears","Illes Balears","649"
"29052026","0","","SYM","JOYMAX Z 300 E5+","Barcelona","Cataluña","278"
"29052026","0","","YAMAHA","XTZ 700 Tenere","Almería","Andalucía","689"
"29052026","0","","HONDA","Z125MA","Palmas (Las)","Canarias","124"
"29052026","0","","YAMAHA","NMAX 125","Barcelona","Cataluña","125"
"29052026","0","","PIAGGIO","VESPA GTS 125","Málaga","Andalucía","125"
"29052026","0","","ZONTES","125X","Barcelona","Cataluña","125"
"29052026","0","","YAMAHA","XMAX 300","Girona","Cataluña","292"
"29052026","0","","YAMAHA","R125","Girona","Cataluña","125"
"29052026","0","","DUCATI","STREETFIGHTER","Barcelona","Cataluña","890"
"29052026","0","","YAMAHA","XMAX 300","Málaga","Andalucía","292"
"29052026","0","","SYM","SYMPHONY 125","Málaga","Andalucía","125"
"29052026","0","","HONDA","XL750 Transalp","Barcelona","Cataluña","755"
"29052026","0","","HONDA","VISION 110","Valencia/València","Comunidad Valenciana","109"
"29052026","0","","VOGE","DS800X RALLY","Málaga","Andalucía","798"
"29052026","0","","KTM","KTM 125 DUKE","Burgos","Castilla y León","125"
"29052026","0","","PIAGGIO","LIBERTY 125 ABS","Barcelona","Cataluña","124"
"29052026","0","","BMW","F 900 R A2","Navarra","Comunidad Foral de Navarra","895"
"29052026","0","","YAMAHA","NMAX 125","Illes Balears","Illes Balears","125"
"29052026","0","","YAMAHA","NMAX 125","Cáceres","Extremadura","125"
"29052026","0","","TRS","TR1 250I","Valencia/València","Comunidad Valenciana","248"
"29052026","0","","PEUGEOT","DJANGO","Navarra","Comunidad Foral de Navarra","125"
"29052026","0","","CYCLONE","RX2","Tarragona","Cataluña","124"
"29052026","0","","ZONTES","125X","Illes Balears","Illes Balears","125"
"29052026","0","","HONDA","NX500","Girona","Cataluña","471"
"29052026","0","","YAMAHA","XMAX 125","Illes Balears","Illes Balears","125"
"29052026","0","","ZONTES","368G","Barcelona","Cataluña","368"
"29052026","0","","HONDA","XL750 Transalp","Coruña (A)","Galicia","755"
"29052026","0","","ZONTES","368G","Barcelona","Cataluña","368"
"29052026","0","","SYM","JET X","Cádiz","Andalucía","125"
"29052026","0","","ZONTES","368G","Madrid","Comunidad de Madrid","368"
"29052026","0","","HONDA","ADV 350","Santa Cruz de Tenerife","Canarias","330"
"29052026","0","","VOGE","DS800X RALLY","Huelva","Andalucía","798"
"29052026","0","","HONDA","GB350S","Barcelona","Cataluña","348"
"29052026","0","","BMW","R 1300 GS ADVENTURE","Huelva","Andalucía","1300"
"29052026","0","","HONDA","VISION 110","Rioja (La)","La Rioja","109"
"29052026","0","","RIEJU","NOT APPLICABLE","Alicante/Alacant","Comunidad Valenciana","124"
"29052026","0","","YAMAHA","RayZR 125","Zaragoza","Aragón","125"
"29052026","0","","YAMAHA","NMAX 125","Málaga","Andalucía","125"
"29052026","0","","YAMAHA","Tracer 9 GT","Valencia/València","Comunidad Valenciana","890"
"29052026","0","","RIEJU","N/A","Gipuzkoa","País Vasco","125"
"29052026","0","","PIAGGIO","VESPA PRIMAVERA 125","Barcelona","Cataluña","124"
"29052026","0","","PEUGEOT","PULSION EVO","Alicante/Alacant","Comunidad Valenciana","125"
"29052026","0","","HONDA","FORZA125","Barcelona","Cataluña","125"
"29052026","0","","BMW","R 1300 GS","Cádiz","Andalucía","1300"
"29052026","0","","ZONTES","368D","Murcia","Región de Murcia","368"
"29052026","0","","VOGE","625R","Almería","Andalucía","581"
"29052026","0","","HONDA","VISION 110","Tarragona","Cataluña","109"
"29052026","0","","RIEJU","RALLY 307","Cádiz","Andalucía","292"
"29052026","0","","HONDA","FORZA 350","Badajoz","Extremadura","330"
"29052026","0","","BMW","C 400 GT","Granada","Andalucía","350"
"29052026","0","","HONDA","Rebel 500","Murcia","Región de Murcia","471"
"29052026","0","","MACBOR","ROCKSTER 410 E5+","Sevilla","Andalucía","401"
"29052026","0","","QJMOTOR","SQ 16 E5+","Barcelona","Cataluña","125"
"29052026","0","","HONDA","VISION 110","León","Castilla y León","109"
"29052026","0","","HONDA","PCX125","Madrid","Comunidad de Madrid","125"
"29052026","0","","HONDA","XL750 Transalp","Salamanca","Castilla y León","755"
"29052026","0","","APRILIA","SR GT 125","Cádiz","Andalucía","125"
"29052026","0","","BMW","R 1300 GS ADVENTURE","Barcelona","Cataluña","1300"
"29052026","0","","VOGE","625DSX","Cádiz","Andalucía","581"
"29052026","0","","BMW","K 1600 GTL","Murcia","Región de Murcia","1649"
"29052026","0","","APRILIA","SR GT 400","Málaga","Andalucía","399"
"29052026","0","","HONDA","CRF1100L Africa Twin","Alicante/Alacant","Comunidad Valenciana","1084"
"29052026","0","","HONDA","SH Mode 125","Gipuzkoa","País Vasco","125"
"29052026","0","","QJMOTOR","SRK 600","Valencia/València","Comunidad Valenciana","554"
"29052026","0","","YAMAHA","NMAX 125","Málaga","Andalucía","125"
"29052026","0","","KTM","KTM 300 EXC","Santa Cruz de Tenerife","Canarias","293"
"29052026","0","","HONDA","CB 125 F","Alicante/Alacant","Comunidad Valenciana","124"
"29052026","0","","BMW","C 400 GT","Sevilla","Andalucía","350"
"29052026","0","","ZONTES","368G","Melilla","Melilla","368"
"29052026","0","","YAMAHA","XMAX 125","Madrid","Comunidad de Madrid","125"
"29052026","0","","ZONTES","368G","Madrid","Comunidad de Madrid","368"
"29052026","0","","HONDA","SH125i","Barcelona","Cataluña","125"
"29052026","0","","ZONTES","368G","Barcelona","Cataluña","368"
"29052026","0","","BMW","C 400 GT","Palmas (Las)","Canarias","350"
"29052026","0","","MITT","125GTS","Sevilla","Andalucía","125"
"29052026","0","","CFMOTO","1000MT-X","Madrid","Comunidad de Madrid","946"
"29052026","0","","KYMCO","DTX","Valencia/València","Comunidad Valenciana","124"
"29052026","0","","BAJAJ","PULSAR NS 125","Burgos","Castilla y León","124"
"29052026","0","","ZONTES","368M","Alicante/Alacant","Comunidad Valenciana","368"
"29052026","0","","KYMCO","AGILITY S","Soria","Castilla y León","125"
"29052026","0","","BMW","C 400 GT","Illes Balears","Illes Balears","350"
"29052026","0","","HONDA","GL1800DA","Barcelona","Cataluña","1833"
"29052026","0","","HONDA","VISION 110","Madrid","Comunidad de Madrid","109"
"29052026","0","","HONDA","NC 750 X","Sevilla","Andalucía","745"
"29052026","0","","YAMAHA","YZF690","Palmas (Las)","Canarias","689"
"29052026","0","","BMW","F 900 GS","Illes Balears","Illes Balears","895"
"29052026","0","","HONDA","SH Mode 125","Málaga","Andalucía","125"
"29052026","0","","YAMAHA","TRACER 700","Badajoz","Extremadura","689"
"29052026","0","","YAMAHA","TMAX 560","Castellón/Castelló","Comunidad Valenciana","562"
"29052026","0","","HONDA","XL750 Transalp","Granada","Andalucía","755"
"29052026","0","","KAWASAKI","Z500","Guadalajara","Castilla-La Mancha","451"
"29052026","0","","YAMAHA","XMAX 300","Barcelona","Cataluña","292"
"29052026","0","","HONDA","GB350S","Madrid","Comunidad de Madrid","348"
"29052026","0","","SYM","SYMPHONY 125","Granada","Andalucía","125"
"29052026","0","","APRILIA","SR GT 125","Barcelona","Cataluña","125"
"29052026","0","","YAMAHA","TMAX 560","Barcelona","Cataluña","562"
"29052026","0","","HONDA","CBR500","Coruña (A)","Galicia","471"
"29052026","0","","HONDA","SH125i","Zaragoza","Aragón","125"
"29052026","0","","LAMBRETTA","V125 SPECIAL FLEX","Illes Balears","Illes Balears","125"
"29052026","0","","HONDA","VISION 110","Girona","Cataluña","109"
"29052026","0","","YAMAHA","NMAX 125","Girona","Cataluña","125"
"29052026","0","","VOGE","SR3","Coruña (A)","Galicia","244"
"29052026","0","","KAWASAKI","Z1100","Valladolid","Castilla y León","1099"
"29052026","0","","YAMAHA","NMAX 125","Illes Balears","Illes Balears","125"
"29052026","0","","ZONTES","125D","Barcelona","Cataluña","125"
"29052026","0","","HONDA","PCX125","Sevilla","Andalucía","125"
"29052026","0","","KYMCO","DTX","Illes Balears","Illes Balears","321"
"29052026","0","","YAMAHA","TMAX 560","Alicante/Alacant","Comunidad Valenciana","562"
"29052026","0","","ZONTES","125E","Valladolid","Castilla y León","125"
"29052026","0","","SYM","CRUISYM 125 TCS E5+","Ciudad Real","Castilla-La Mancha","124"
"29052026","0","","HONDA","SH125i","Palmas (Las)","Canarias","125"
"29052026","0","","BENELLI","BKX 125","Huesca","Aragón","125"
"29052026","0","","HONDA","SH350i","Barcelona","Cataluña","330"
"29052026","0","","KTM","KTM 125 DUKE","Teruel","Aragón","125"
"29052026","0","","HONDA","ADV 350","Madrid","Comunidad de Madrid","330"
"29052026","0","","HONDA","PCX125","Cádiz","Andalucía","125"
"29052026","0","","HONDA","SH Mode 125","Valencia/València","Comunidad Valenciana","125"
"29052026","0","","PIAGGIO","VESPA GTS","Barcelona","Cataluña","310"
"29052026","0","","ZONTES","125E","Valencia/València","Comunidad Valenciana","125"
"29052026","0","","ZONTES","125X","Navarra","Comunidad Foral de Navarra","125"
"29052026","0","","BMW","R 1300 RT","Barcelona","Cataluña","1300"
"29052026","0","","HONDA","FORZA 350","Asturias","Principado de Asturias","330"
"29052026","0","","HONDA","XL750 Transalp","Valencia/València","Comunidad Valenciana","755"
"29052026","0","","HONDA","GB350S","Santa Cruz de Tenerife","Canarias","348"
"29052026","0","","YAMAHA","TMAX 560","Barcelona","Cataluña","562"
"29052026","0","","PIAGGIO","VESPA GTS","Illes Balears","Illes Balears","310"
"29052026","0","","KAWASAKI","KLE500","Barcelona","Cataluña","451"
"29052026","0","","MACBOR","EIGHT MILE 125 LC","Madrid","Comunidad de Madrid","124"
"29052026","0","","MONTESA","4RIDE","Girona","Cataluña","259"
"29052026","0","","HONDA","SH Mode 125","Girona","Cataluña","125"
"29052026","0","","VOGE","R125S","Tarragona","Cataluña","125"
"29052026","0","","YAMAHA","NMAX 125","Cádiz","Andalucía","125"
"29052026","0","","HONDA","ADV 750","Barcelona","Cataluña","745"
"29052026","0","","BMW","C 400 X","Sevilla","Andalucía","350"
"29052026","0","","HONDA","ADV 350","Palmas (Las)","Canarias","330"
"29052026","0","","HONDA","ADV 750","Palmas (Las)","Canarias","745"
"29052026","0","","SYM","JET 14","Barcelona","Cataluña","125"
"29052026","0","","KAWASAKI","NINJA ZX-4R","León","Castilla y León","399"
"29052026","0","","PIAGGIO","MEDLEY 200","Illes Balears","Illes Balears","174"
"29052026","0","","HERO MOTOCORP","X PULSE 200 4V","Madrid","Comunidad de Madrid","200"
"29052026","0","","PEUGEOT","DJANGO","Murcia","Región de Murcia","125"
"29052026","0","","KAWASAKI","Z900","Zaragoza","Aragón","948"
"29052026","0","","HONDA","PCX125","Córdoba","Andalucía","125"
"29052026","0","","HONDA","CRF 300 L","Granada","Andalucía","286"
"29052026","0","","ZONTES","125E","Cádiz","Andalucía","125"
"29052026","0","","YAMAHA","NMAX 125","Cádiz","Andalucía","125"
"29052026","0","","KYMCO","SKYTOWN 125","Barcelona","Cataluña","125"
"29052026","0","","ZONTES","125E","Barcelona","Cataluña","125"
"29052026","0","","VOGE","625DSX","Barcelona","Cataluña","581"
"29052026","0","","BMW","F 800 GS","Barcelona","Cataluña","895"
"29052026","0","","HONDA","FORZA125","Valladolid","Castilla y León","125"
"29052026","0","","QJMOTOR","ATR 125 E5+","Málaga","Andalucía","125"
"29052026","0","","HONDA","XL750 Transalp","Barcelona","Cataluña","755"
"29052026","0","","ZONTES","368K","Barcelona","Cataluña","368"
"29052026","0","","LETBE","S125","Santa Cruz de Tenerife","Canarias","125"
"29052026","0","","HONDA","ADV 750","Barcelona","Cataluña","745"
"29052026","0","","VOGE","625DSX","Bizkaia","País Vasco","581"
"29052026","0","","ZONTES","368D","Málaga","Andalucía","368"
"29052026","0","","ZONTES","125X","Zaragoza","Aragón","125"
"29052026","0","","ZONTES","368G","Alicante/Alacant","Comunidad Valenciana","368"
"29052026","0","","VOGE","SR1ADV","Tarragona","Cataluña","125"
"29052026","0","","MOTO MORINI","X-CAPE 1200","Granada","Andalucía","1187"
"29052026","0","","BMW","S 1000 XR","Madrid","Comunidad de Madrid","999"
"29052026","0","","HONDA","FORZA 750","Santa Cruz de Tenerife","Canarias","745"
"29052026","0","","BMW","C 400 X","Barcelona","Cataluña","350"
"29052026","0","","SYM","JET 14","Asturias","Principado de Asturias","125"
"29052026","0","","SYM","SYMPHONY 125","Castellón/Castelló","Comunidad Valenciana","125"
"29052026","0","","YAMAHA","XMAX 125","Illes Balears","Illes Balears","125"
"29052026","0","","YAMAHA","XMAX 125","Barcelona","Cataluña","125"
"29052026","0","","SYM","SYMPHONY 125","Alicante/Alacant","Comunidad Valenciana","125"
"29052026","0","","HONDA","FORZA125","Barcelona","Cataluña","125"
"29052026","0","","KYMCO","AGILITY S","Zaragoza","Aragón","125"
"29052026","0","","KYMCO","DTX","Illes Balears","Illes Balears","124"
"29052026","0","","ZONTES","368G","Huesca","Aragón","368"
"29052026","0","","SYM","ADX 300 TCS","Bizkaia","País Vasco","278"
"29052026","0","","MITT","125GTS","Albacete","Castilla-La Mancha","125"
"29052026","0","","LETBE","VELOCITY","Sevilla","Andalucía","125"
"29052026","0","","ZONTES","368G","Málaga","Andalucía","368"
"29052026","0","","KEEWAY","VIESTE 125","León","Castilla y León","125"
"29052026","0","","HONDA","FORZA125","Valencia/València","Comunidad Valenciana","125"
"29052026","0","","BETA","N/A","Gipuzkoa","País Vasco","249"
"29052026","0","","LEONART","PILDER 125","Badajoz","Extremadura","125"
"29052026","0","","HONDA","CBR500","Valladolid","Castilla y León","471"
"29052026","0","","BMW","F 900 R","Madrid","Comunidad de Madrid","895"
"29052026","0","","APRILIA","SR GT 125","Pontevedra","Galicia","125"
"29052026","0","","BMW","R 1300 RT","Barcelona","Cataluña","1300"
"29052026","0","","YAMAHA","TRACER 700","Valencia/València","Comunidad Valenciana","689"
"29052026","0","","YAMAHA","NMAX 125","Asturias","Principado de Asturias","125"
"29052026","0","","ZONTES","368G","Palmas (Las)","Canarias","368"
"29052026","0","","SYM","SYMPHONY 125","Zaragoza","Aragón","125"
"29052026","0","","HONDA","CL500","Almería","Andalucía","471"
"29052026","0","","KAWASAKI","W230","Alicante/Alacant","Comunidad Valenciana","233"
"29052026","0","","MITT","TY125T-26G","Melilla","Melilla","125"
"29052026","0","","MACBOR","MONTANA XR5 510 E5+","Valencia/València","Comunidad Valenciana","498"
"29052026","0","","HONDA","CB 500 F","Cádiz","Andalucía","471"
"29052026","0","","ZONTES","125X","Barcelona","Cataluña","125"
"29052026","0","","HONDA","PCX125","Málaga","Andalucía","125"
"29052026","0","","SYM","SYMPHONY 125","Málaga","Andalucía","125"
"29052026","0","","SYM","JET 14","Santa Cruz de Tenerife","Canarias","125"
"29052026","0","","ZONTES","125X","Cuenca","Castilla-La Mancha","125"
"29052026","0","","HONDA","SH125i","Zaragoza","Aragón","125"
"29052026","0","","DUCATI","HYPERMOTARD V2 DUCATI","Madrid","Comunidad de Madrid","890"
"29052026","0","","YAMAHA","RayZR 125","Guadalajara","Castilla-La Mancha","125"
"29052026","0","","PEUGEOT","TWEET FL 125 CC","Alicante/Alacant","Comunidad Valenciana","125"
"29052026","0","","MACBOR","ROCKSTER FLAT 125 EVO","Barcelona","Cataluña","125"
"29052026","0","","ZONTES","125C","Valencia/València","Comunidad Valenciana","125"
"29052026","0","","ZONTES","703RR","Madrid","Comunidad de Madrid","699"
"29052026","0","","TRIUMPH","TIGER SPORT 660","Málaga","Andalucía","660"
"29052026","0","","CFMOTO","800NK","Madrid","Comunidad de Madrid","799"
"29052026","0","","ZONTES","368M","Cádiz","Andalucía","368"
"29052026","0","","HONDA","SH125i","Barcelona","Cataluña","125"
"29052026","0","","BMW","R 1300 RT","Barcelona","Cataluña","1300"
"29052026","0","","RIEJU","N/A","Lleida","Cataluña","125"
"29052026","0","","HONDA","FORZA 750","Valencia/València","Comunidad Valenciana","745"
"29052026","0","","YAMAHA","NMAX 125","Palmas (Las)","Canarias","125"
"29052026","0","","LETBE","HJ125T-5B","Illes Balears","Illes Balears","125"
"29052026","0","","ZONTES","368G","Sevilla","Andalucía","368"
"29052026","0","","YAMAHA","MT-07","Valencia/València","Comunidad Valenciana","689"
"29052026","0","","HONDA","FORZA125","Palmas (Las)","Canarias","125"
"29052026","0","","BMW","R 1300 RT","Barcelona","Cataluña","1300"
"29052026","0","","HONDA","CL500","Madrid","Comunidad de Madrid","471"
"29052026","0","","QJMOTOR","MTX 125 E5+","Sevilla","Andalucía","125"
"29052026","0","","PIAGGIO","VESPA GTS","Barcelona","Cataluña","310"
"29052026","0","","BMW","R 1300 GS","Madrid","Comunidad de Madrid","1300"
"29052026","0","","SYM","SYMPHONY 125","Madrid","Comunidad de Madrid","125"
"29052026","0","","VOGE","SR3","Valencia/València","Comunidad Valenciana","244"
"29052026","0","","VOGE","SR1ADV","Teruel","Aragón","125"
"29052026","0","","YAMAHA","XMAX 300","Barcelona","Cataluña","292"
"29052026","0","","MOTO MORINI","X-CAPE 1200","Santa Cruz de Tenerife","Canarias","1187"
"29052026","0","","KYMCO","SUPER DINK GT 125 E5+","Barcelona","Cataluña","124"
"29052026","0","","HONDA","PCX125","Murcia","Región de Murcia","125"
"29052026","0","","HONDA","SH125i","Tarragona","Cataluña","125"
"29052026","0","","MOTO MORINI","SEIEMMEZZO","Coruña (A)","Galicia","649"
"29052026","0","","BAJAJ","DOMINAR D 400","Huelva","Andalucía","373"
"29052026","0","","APRILIA","SR GT 125","Sevilla","Andalucía","125"
"29052026","0","","CYCLONE","RX2","Cádiz","Andalucía","124"
"29052026","0","","KYMCO","SUPER DINK GT 125 E5+","Madrid","Comunidad de Madrid","124"
"29052026","0","","KYMCO","AGILITY S","Cádiz","Andalucía","125"
"29052026","0","","HONDA","ADV 750","Madrid","Comunidad de Madrid","745"
"29052026","0","","HONDA","CB 125 F","Valencia/València","Comunidad Valenciana","124"
"29052026","0","","SYM","CRUISYM 125 TCS E5+","Barcelona","Cataluña","124"
"29052026","0","","QJMOTOR","SRV 12 E5+","Palmas (Las)","Canarias","125"
"29052026","0","","ZONTES","125X","Barcelona","Cataluña","125"
"29052026","0","","HONDA","FORZA125","Madrid","Comunidad de Madrid","125"
"29052026","0","","HONDA","VISION 110","Sevilla","Andalucía","109"
"29052026","0","","ZONTES","125E","Cádiz","Andalucía","125"
"29052026","0","","HONDA","CB650RA","Álava/Araba","País Vasco","649"
"29052026","0","","HONDA","XL750 Transalp","Valladolid","Castilla y León","755"
"29052026","0","","HONDA","XL750 Transalp","Girona","Cataluña","755"
"29052026","0","","HONDA","PCX125","Cádiz","Andalucía","125"
"29052026","0","","BMW","C 400 GT","Sevilla","Andalucía","350"
"29052026","0","","LETBE","ISLAND","Illes Balears","Illes Balears","125"
"29052026","0","","VOGE","R125","Murcia","Región de Murcia","125"
"29052026","0","","SYM","SYMPHONY 125","Girona","Cataluña","125"
"29052026","0","","YAMAHA","TMAX 560","Barcelona","Cataluña","562"
"29052026","0","","ZONTES","703RR","Barcelona","Cataluña","699"
"29052026","0","","BMW","R 1300 RS","Illes Balears","Illes Balears","1300"
"29052026","0","","ZONTES","125D","Cádiz","Andalucía","125"
"29052026","0","","YAMAHA","MT-07","Barcelona","Cataluña","689"
"29052026","0","","SUZUKI","ADDRESS 125","Murcia","Región de Murcia","124"
"29052026","0","","PEUGEOT","KISBEE M","Illes Balears","Illes Balears","125"
"29052026","0","","KYMCO","DTX","Alicante/Alacant","Comunidad Valenciana","124"
"29052026","0","","QJMOTOR","MTX 125 E5+","Sevilla","Andalucía","125"
"29052026","0","","BMW","R 1300 RT","Barcelona","Cataluña","1300"
"29052026","0","","KAWASAKI","KLE500","Valencia/València","Comunidad Valenciana","451"
"29052026","0","","KAWASAKI","Z650","Palmas (Las)","Canarias","649"
"29052026","0","","KYMCO","SKYTOWN 125","Asturias","Principado de Asturias","125"
"29052026","0","","DUCATI","HYPERMOTARD V2 DUCATI","Madrid","Comunidad de Madrid","890"
"29052026","0","","BMW","C 400 GT","Cádiz","Andalucía","350"
"29052026","0","","HONDA","XL750 Transalp","Málaga","Andalucía","755"
"29052026","0","","HONDA","PCX125","Málaga","Andalucía","125"
"29052026","0","","BMW","F 900 GS","Palmas (Las)","Canarias","895"
"29052026","0","","VOGE","SR1ADV","Cádiz","Andalucía","125"
"29052026","0","","ZONTES","368E","Sevilla","Andalucía","368"
"29052026","0","","QJMOTOR","SRK 125 S E5+","Málaga","Andalucía","125"
"29052026","0","","SUZUKI","V-Strom 800","Barcelona","Cataluña","776"
"29052026","0","","HONDA","CB650RA","Murcia","Región de Murcia","649"
"29052026","0","","HONDA","CB650RA","Murcia","Región de Murcia","649"
"29052026","0","","MACBOR","MONTANA XR1 125 EVO","Bizkaia","País Vasco","124"
"29052026","0","","RIEJU","RALLY 307","Madrid","Comunidad de Madrid","292"
"29052026","0","","YAMAHA","NMAX 125","Pontevedra","Galicia","125"
"29052026","0","","HONDA","ADV 750","Zaragoza","Aragón","745"
"29052026","0","","HONDA","Rebel 500","Castellón/Castelló","Comunidad Valenciana","471"
"29052026","0","","KYMCO","PEOPLE S 125 E5+","Granada","Andalucía","125"
"29052026","0","","HANWAY","GF125","Badajoz","Extremadura","124"
"29052026","0","","APRILIA","SR GT 125","Badajoz","Extremadura","125"
"29052026","0","","HONDA","VISION 110","Cuenca","Castilla-La Mancha","109"
"29052026","0","","HONDA","ADV 350","Sevilla","Andalucía","330"
"29052026","0","","HONDA","FORZA 750","Barcelona","Cataluña","745"
"29052026","0","","KYMCO","DTX","Madrid","Comunidad de Madrid","124"
