MARCA_ITV,MODELO_ITV,PROVINCIA_VEH,CILINDRADA_ITV,COUNT
"AJP","AJP PR7","Coruña (A)","600",1
"AJP","AJP PR7","Gipuzkoa","600",2
"AJP","AJP PR7","Sevilla","600",1
"AJP","AJP PR7","Tarragona","600",1
"ANDES","U3 (125)","Madrid","124",2
"ANDES","U3(125)","Pontevedra","124",1
"APRILIA","RS 125","Alicante/Alacant","124",3
"APRILIA","RS 125","Barcelona","124",1
"APRILIA","RS 125","Cádiz","124",1
"APRILIA","RS 125","Córdoba","124",1
"APRILIA","RS 125","Girona","124",1
"APRILIA","RS 125","Granada","124",1
"APRILIA","RS 125","Illes Balears","124",1
"APRILIA","RS 125","Madrid","124",1
"APRILIA","RS 125","Málaga","124",1
"APRILIA","RS 125","Navarra","124",1
"APRILIA","RS 125","Santa Cruz de Tenerife","124",1
"APRILIA","RS 125","Sevilla","124",1
"APRILIA","RS 457","Alicante/Alacant","457",2
"APRILIA","RS 457","Barcelona","457",4
"APRILIA","RS 457","Girona","457",1
"APRILIA","RS 457","Madrid","457",1
"APRILIA","RS 457","Palmas (Las)","457",2
"APRILIA","RS 457","Santa Cruz de Tenerife","457",1
"APRILIA","RS 457","Sevilla","457",5
"APRILIA","RS 660","Álava/Araba","659",1
"APRILIA","RS 660","Barcelona","659",4
"APRILIA","RS 660","Coruña (A)","659",1
"APRILIA","RS 660","Granada","659",1
"APRILIA","RS 660","Illes Balears","659",2
"APRILIA","RS 660","Madrid","659",4
"APRILIA","RS 660","Málaga","659",2
"APRILIA","RS 660","Murcia","659",1
"APRILIA","RS 660","Palmas (Las)","659",1
"APRILIA","RS 660","Santa Cruz de Tenerife","659",2
"APRILIA","RS 660","Sevilla","659",2
"APRILIA","RS 660","Valencia/València","659",1
"APRILIA","RSV4","Cádiz","1099",1
"APRILIA","RSV4","Cantabria","1099",1
"APRILIA","RSV4","Castellón/Castelló","1099",1
"APRILIA","RSV4","Illes Balears","1099",1
"APRILIA","RSV4","Lleida","1099",1
"APRILIA","RSV4","Málaga","1099",1
"APRILIA","RX 125","Alicante/Alacant","124",1
"APRILIA","RX 125","Almería","124",1
"APRILIA","RX 125","Badajoz","124",1
"APRILIA","RX 125","Cáceres","124",1
"APRILIA","RX 125","Cádiz","124",2
"APRILIA","RX 125","Castellón/Castelló","124",2
"APRILIA","RX 125","Huelva","124",1
"APRILIA","RX 125","Illes Balears","124",1
"APRILIA","RX 125","Madrid","124",1
"APRILIA","RX 125","Málaga","124",2
"APRILIA","RX 125","Murcia","124",1
"APRILIA","RX 125","Sevilla","124",4
"APRILIA","RX 125","Toledo","124",1
"APRILIA","RX 125","Valencia/València","124",3
"APRILIA","RX 125","Zaragoza","124",2
"APRILIA","SR GT 125","Albacete","125",2
"APRILIA","SR GT 125","Alicante/Alacant","125",13
"APRILIA","SR GT 125","Almería","125",1
"APRILIA","SR GT 125","Asturias","125",2
"APRILIA","SR GT 125","Ávila","125",1
"APRILIA","SR GT 125","Badajoz","125",2
"APRILIA","SR GT 125","Barcelona","125",18
"APRILIA","SR GT 125","Cáceres","125",1
"APRILIA","SR GT 125","Cádiz","125",10
"APRILIA","SR GT 125","Cantabria","125",2
"APRILIA","SR GT 125","Ceuta","125",1
"APRILIA","SR GT 125","Córdoba","125",7
"APRILIA","SR GT 125","Coruña (A)","125",2
"APRILIA","SR GT 125","Girona","125",2
"APRILIA","SR GT 125","Granada","125",6
"APRILIA","SR GT 125","Huelva","125",3
"APRILIA","SR GT 125","Illes Balears","125",2
"APRILIA","SR GT 125","Jaén","125",1
"APRILIA","SR GT 125","Madrid","125",7
"APRILIA","SR GT 125","Málaga","125",13
"APRILIA","SR GT 125","Murcia","125",4
"APRILIA","SR GT 125","Navarra","125",1
"APRILIA","SR GT 125","Palmas (Las)","125",9
"APRILIA","SR GT 125","Pontevedra","125",1
"APRILIA","SR GT 125","Rioja (La)","125",3
"APRILIA","SR GT 125","Santa Cruz de Tenerife","125",3
"APRILIA","SR GT 125","Sevilla","125",13
"APRILIA","SR GT 125","Soria","125",1
"APRILIA","SR GT 125","Tarragona","125",3
"APRILIA","SR GT 125","Valencia/València","125",8
"APRILIA","SR GT 200","Alicante/Alacant","174",1
"APRILIA","SR GT 200","Ceuta","174",1
"APRILIA","SR GT 200","Girona","174",1
"APRILIA","SR GT 200","Granada","174",1
"APRILIA","SR GT 200","Huesca","174",1
"APRILIA","SR GT 200","Madrid","174",3
"APRILIA","SR GT 200","Murcia","174",1
"APRILIA","SX 125","Álava/Araba","124",1
"APRILIA","SX 125","Alicante/Alacant","124",1
"APRILIA","SX 125","Almería","124",1
"APRILIA","SX 125","Cádiz","124",2
"APRILIA","SX 125","Girona","124",1
"APRILIA","SX 125","Madrid","124",1
"APRILIA","SX 125","Málaga","124",2
"APRILIA","SX 125","Teruel","124",1
"APRILIA","TUAREG 660","Barcelona","659",3
"APRILIA","TUAREG 660","León","659",1
"APRILIA","TUAREG 660","Lugo","659",1
"APRILIA","TUAREG 660","Murcia","659",1
"APRILIA","TUAREG 660","Sevilla","659",2
"APRILIA","TUONO 125","Barcelona","124",1
"APRILIA","TUONO 125","Palmas (Las)","124",1
"APRILIA","TUONO 457","Albacete","457",1
"APRILIA","TUONO 457","Huelva","457",1
"APRILIA","TUONO 660 FACTORY","Alicante/Alacant","659",1
"APRILIA","TUONO V4","Barcelona","1077",1
"ARIIC","ARIIC 108","Zaragoza","117",2
"ARIIC","ARIIC 318","Barcelona","276",1
"BAJAJ","DOMINAR D 400","Alicante/Alacant","373",2
"BAJAJ","DOMINAR D 400","Almería","373",1
"BAJAJ","DOMINAR D 400","Barcelona","373",1
"BAJAJ","DOMINAR D 400","Girona","373",1
"BAJAJ","DOMINAR D 400","Illes Balears","373",1
"BAJAJ","DOMINAR D 400","Madrid","373",2
"BAJAJ","DOMINAR D 400","Pontevedra","373",1
"BAJAJ","DOMINAR D 400","Valencia/València","373",1
"BAJAJ","PULSAR NS 125","Alicante/Alacant","124",2
"BAJAJ","PULSAR NS 125","Badajoz","124",1
"BAJAJ","PULSAR NS 125","Barcelona","124",8
"BAJAJ","PULSAR NS 125","Coruña (A)","124",1
"BAJAJ","PULSAR NS 125","Girona","124",1
"BAJAJ","PULSAR NS 125","Granada","124",1
"BAJAJ","PULSAR NS 125","Illes Balears","124",2
"BAJAJ","PULSAR NS 125","Madrid","124",10
"BAJAJ","PULSAR NS 125","Málaga","124",1
"BAJAJ","PULSAR NS 125","Pontevedra","124",1
"BAJAJ","PULSAR NS 125","Sevilla","124",2
"BAJAJ","PULSAR NS 125","Tarragona","124",1
"BAJAJ","PULSAR NS 125","Valencia/València","124",1
"BAJAJ","PULSAR NS 125","Valladolid","124",1
"BAJAJ","PULSAR NS 400 Z","Badajoz","373",1
"BAJAJ","PULSAR NS 400 Z","Barcelona","373",2
"BAJAJ","PULSAR NS 400 Z","Castellón/Castelló","373",1
"BAJAJ","PULSAR NS 400 Z","Girona","373",1
"BAJAJ","PULSAR NS 400 Z","Illes Balears","373",1
"BAJAJ","PULSAR NS 400 Z","Madrid","373",20
"BAJAJ","PULSAR NS 400 Z","Sevilla","373",1
"BENDA","CHINCHILLA","Asturias","476",1
"BENDA","CHINCHILLA","Badajoz","476",1
"BENDA","CHINCHILLA","Barcelona","476",1
"BENDA","CHINCHILLA","Bizkaia","476",1
"BENDA","CHINCHILLA","Castellón/Castelló","476",1
"BENDA","CHINCHILLA","Ciudad Real","476",1
"BENDA","CHINCHILLA","Madrid","476",2
"BENDA","CHINCHILLA","Málaga","476",1
"BENDA","CHINCHILLA","Murcia","476",1
"BENDA","CHINCHILLA","Palmas (Las)","476",1
"BENDA","CHINCHILLA","Sevilla","476",1
"BENDA","CHINCHILLA","Valencia/València","476",2
"BENDA","LFC700","Barcelona","677",1
"BENDA","LFC700","Castellón/Castelló","677",1
"BENDA","LFC700","Sevilla","677",1
"BENDA","LFC700","Valencia/València","677",1
"BENDA","NAPOLEON","Madrid","476",1
"BENDA","NAPOLEON","Málaga","476",2
"BENDA","NAPOLEON","Murcia","476",1
"BENDA","NAPOLEON","Santa Cruz de Tenerife","476",1
"BENDA","NAPOLEON","Valencia/València","476",2
"BENDA","NAPOLEON","Zaragoza","476",1
"BENDA","NAPOLEON 250","Alicante/Alacant","249",1
"BENDA","NAPOLEON 250","Barcelona","249",1
"BENDA","V-CRUISE","Asturias","125",2
"BENDA","V-CRUISE","Cantabria","125",1
"BENDA","V-CRUISE","Ciudad Real","125",1
"BENDA","V-CRUISE","Illes Balears","125",1
"BENDA","V-CRUISE","Madrid","125",6
"BENDA","V-CRUISE","Murcia","125",1
"BENDA","V-CRUISE","Palmas (Las)","125",1
"BENELLI","502C CRUISER","Alicante/Alacant","500",1
"BENELLI","502C CRUISER","Málaga","500",1
"BENELLI","502C CRUISER","Valencia/València","500",1
"BENELLI","BN125","Alicante/Alacant","125",4
"BENELLI","BN125","Almería","125",2
"BENELLI","BN125","Asturias","125",1
"BENELLI","BN125","Badajoz","125",1
"BENELLI","BN125","Barcelona","125",4
"BENELLI","BN125","Cádiz","125",2
"BENELLI","BN125","Cantabria","125",2
"BENELLI","BN125","Illes Balears","125",3
"BENELLI","BN125","Madrid","125",3
"BENELLI","BN125","Málaga","125",2
"BENELLI","BN125","Murcia","125",1
"BENELLI","BN125","Palencia","125",1
"BENELLI","BN125","Sevilla","125",2
"BENELLI","BN125","Valencia/València","125",2
"BENELLI","BN125","Zamora","125",1
"BENELLI","IMPERIALE 400","Cádiz","374",1
"BENELLI","LEONCINO 125","Alicante/Alacant","125",1
"BENELLI","LEONCINO 125","Córdoba","125",1
"BENELLI","LEONCINO 125","Illes Balears","125",1
"BENELLI","LEONCINO 800","Gipuzkoa","754",1
"BENELLI","LEONCINO 800 TRAIL","Zaragoza","754",1
"BENELLI","LEONCINO BOBBER 400","Alicante/Alacant","385",1
"BENELLI","LEONCINO BOBBER 400","Sevilla","385",1
"BENELLI","TORNADO 550","Pontevedra","554",1
"BENELLI","TRK 702","Alicante/Alacant","698",4
"BENELLI","TRK 702","Asturias","698",1
"BENELLI","TRK 702","Badajoz","698",1
"BENELLI","TRK 702","Barcelona","698",2
"BENELLI","TRK 702","Cádiz","698",1
"BENELLI","TRK 702","Castellón/Castelló","698",1
"BENELLI","TRK 702","Córdoba","698",1
"BENELLI","TRK 702","Girona","698",1
"BENELLI","TRK 702","Granada","698",3
"BENELLI","TRK 702","Huelva","698",1
"BENELLI","TRK 702","Huesca","698",1
"BENELLI","TRK 702","León","698",2
"BENELLI","TRK 702","Lleida","698",1
"BENELLI","TRK 702","Madrid","698",2
"BENELLI","TRK 702","Palencia","698",1
"BENELLI","TRK 702","Sevilla","698",2
"BENELLI","TRK 702","Valencia/València","698",1
"BETA","N/A","Álava/Araba","293",1
"BETA","N/A","Alicante/Alacant","293",2
"BETA","N/A","Almería","293",2
"BETA","N/A","Asturias","293",3
"BETA","N/A","Ávila","293",1
"BETA","N/A","Badajoz","293",2
"BETA","N/A","Barcelona","293",7
"BETA","N/A","Cádiz","293",5
"BETA","N/A","Coruña (A)","293",1
"BETA","N/A","Gipuzkoa","293",1
"BETA","N/A","Girona","293",4
"BETA","N/A","Granada","293",2
"BETA","N/A","Guadalajara","293",1
"BETA","N/A","Huelva","293",2
"BETA","N/A","Madrid","293",4
"BETA","N/A","Málaga","293",5
"BETA","N/A","Ourense","293",1
"BETA","N/A","Palencia","293",2
"BETA","N/A","Pontevedra","293",3
"BETA","N/A","Rioja (La)","293",1
"BETA","N/A","Sevilla","293",5
"BETA","N/A","Tarragona","293",2
"BETA","N/A","Toledo","293",3
"BETA","N/A","Valencia/València","293",1
"BETA","RR 2T 300 RACING MY23","Granada","293",1
"BETA","RR 4T 350 MY24","Barcelona","349",1
"BMW","C 400 GT","Alicante/Alacant","350",4
"BMW","C 400 GT","Asturias","350",1
"BMW","C 400 GT","Barcelona","350",11
"BMW","C 400 GT","Cádiz","350",1
"BMW","C 400 GT","Castellón/Castelló","350",1
"BMW","C 400 GT","Ceuta","350",1
"BMW","C 400 GT","Córdoba","350",1
"BMW","C 400 GT","Coruña (A)","350",1
"BMW","C 400 GT","Gipuzkoa","350",1
"BMW","C 400 GT","Girona","350",1
"BMW","C 400 GT","Granada","350",2
"BMW","C 400 GT","Illes Balears","350",1
"BMW","C 400 GT","Madrid","350",8
"BMW","C 400 GT","Málaga","350",6
"BMW","C 400 GT","Murcia","350",2
"BMW","C 400 GT","Palmas (Las)","350",2
"BMW","C 400 GT","Santa Cruz de Tenerife","350",2
"BMW","C 400 GT","Sevilla","350",2
"BMW","C 400 GT","Tarragona","350",1
"BMW","C 400 GT","Toledo","350",1
"BMW","C 400 GT","Valencia/València","350",6
"BMW","C 400 GT","Zaragoza","350",1
"BMW","C 400 X","Albacete","350",1
"BMW","C 400 X","Alicante/Alacant","350",4
"BMW","C 400 X","Barcelona","350",5
"BMW","C 400 X","Coruña (A)","350",1
"BMW","C 400 X","Granada","350",1
"BMW","C 400 X","Illes Balears","350",1
"BMW","C 400 X","Madrid","350",8
"BMW","C 400 X","Málaga","350",9
"BMW","C 400 X","Palmas (Las)","350",1
"BMW","C 400 X","Santa Cruz de Tenerife","350",1
"BMW","C 400 X","Sevilla","350",2
"BMW","C 400 X","Valencia/València","350",3
"BMW","C 400 X","Zaragoza","350",1
"BMW","F 800 GS","Albacete","895",1
"BMW","F 800 GS","Alicante/Alacant","895",6
"BMW","F 800 GS","Asturias","895",2
"BMW","F 800 GS","Badajoz","895",1
"BMW","F 800 GS","Barcelona","895",18
"BMW","F 800 GS","Bizkaia","895",1
"BMW","F 800 GS","Burgos","895",1
"BMW","F 800 GS","Cádiz","895",1
"BMW","F 800 GS","Cantabria","895",1
"BMW","F 800 GS","Castellón/Castelló","895",1
"BMW","F 800 GS","Ceuta","895",1
"BMW","F 800 GS","Ciudad Real","895",2
"BMW","F 800 GS","Córdoba","895",4
"BMW","F 800 GS","Coruña (A)","895",1
"BMW","F 800 GS","Cuenca","895",1
"BMW","F 800 GS","Girona","895",3
"BMW","F 800 GS","Granada","895",2
"BMW","F 800 GS","Illes Balears","895",1
"BMW","F 800 GS","Jaén","895",3
"BMW","F 800 GS","León","895",1
"BMW","F 800 GS","Lleida","895",1
"BMW","F 800 GS","Lugo","895",1
"BMW","F 800 GS","Madrid","895",10
"BMW","F 800 GS","Murcia","895",1
"BMW","F 800 GS","Santa Cruz de Tenerife","895",3
"BMW","F 800 GS","Sevilla","895",1
"BMW","F 800 GS","Tarragona","895",1
"BMW","F 800 GS","Teruel","895",1
"BMW","F 800 GS","Valencia/València","895",14
"BMW","F 800 GS","Valladolid","895",1
"BMW","F 800 GS","Zaragoza","895",1
"BMW","F 900 GS","Albacete","895",1
"BMW","F 900 GS","Alicante/Alacant","895",1
"BMW","F 900 GS","Almería","895",1
"BMW","F 900 GS","Barcelona","895",9
"BMW","F 900 GS","Bizkaia","895",1
"BMW","F 900 GS","Cádiz","895",1
"BMW","F 900 GS","Cantabria","895",1
"BMW","F 900 GS","Ciudad Real","895",1
"BMW","F 900 GS","Córdoba","895",1
"BMW","F 900 GS","Coruña (A)","895",1
"BMW","F 900 GS","Gipuzkoa","895",1
"BMW","F 900 GS","Illes Balears","895",3
"BMW","F 900 GS","Madrid","895",8
"BMW","F 900 GS","Málaga","895",3
"BMW","F 900 GS","Murcia","895",2
"BMW","F 900 GS","Palmas (Las)","895",1
"BMW","F 900 GS","Santa Cruz de Tenerife","895",2
"BMW","F 900 GS","Sevilla","895",2
"BMW","F 900 GS","Valencia/València","895",2
"BMW","F 900 GS ADVENTURE","Alicante/Alacant","895",2
"BMW","F 900 GS ADVENTURE","Almería","895",1
"BMW","F 900 GS ADVENTURE","Asturias","895",1
"BMW","F 900 GS ADVENTURE","Badajoz","895",2
"BMW","F 900 GS ADVENTURE","Barcelona","895",3
"BMW","F 900 GS ADVENTURE","Córdoba","895",1
"BMW","F 900 GS ADVENTURE","Gipuzkoa","895",1
"BMW","F 900 GS ADVENTURE","Girona","895",1
"BMW","F 900 GS ADVENTURE","Illes Balears","895",1
"BMW","F 900 GS ADVENTURE","Jaén","895",1
"BMW","F 900 GS ADVENTURE","Madrid","895",7
"BMW","F 900 GS ADVENTURE","Málaga","895",1
"BMW","F 900 GS ADVENTURE","Murcia","895",1
"BMW","F 900 GS ADVENTURE","Santa Cruz de Tenerife","895",1
"BMW","F 900 GS ADVENTURE","Valencia/València","895",6
"BMW","F 900 R","Alicante/Alacant","895",2
"BMW","F 900 R","Asturias","895",1
"BMW","F 900 R","Barcelona","895",6
"BMW","F 900 R","Bizkaia","895",3
"BMW","F 900 R","Cádiz","895",1
"BMW","F 900 R","Castellón/Castelló","895",1
"BMW","F 900 R","Ciudad Real","895",1
"BMW","F 900 R","Girona","895",2
"BMW","F 900 R","Illes Balears","895",1
"BMW","F 900 R","Jaén","895",2
"BMW","F 900 R","Madrid","895",8
"BMW","F 900 R","Málaga","895",4
"BMW","F 900 R","Palmas (Las)","895",2
"BMW","F 900 R","Rioja (La)","895",1
"BMW","F 900 R","Santa Cruz de Tenerife","895",4
"BMW","F 900 R","Sevilla","895",1
"BMW","F 900 R","Tarragona","895",2
"BMW","F 900 R","Toledo","895",1
"BMW","F 900 R","Valencia/València","895",5
"BMW","F 900 R","Zaragoza","895",1
"BMW","F 900 R A2","Albacete","895",1
"BMW","F 900 R A2","Asturias","895",2
"BMW","F 900 R A2","Barcelona","895",1
"BMW","F 900 R A2","Cádiz","895",1
"BMW","F 900 R A2","Castellón/Castelló","895",1
"BMW","F 900 R A2","Ciudad Real","895",1
"BMW","F 900 R A2","Granada","895",1
"BMW","F 900 R A2","Guadalajara","895",1
"BMW","F 900 R A2","Madrid","895",3
"BMW","F 900 R A2","Málaga","895",1
"BMW","F 900 R A2","Murcia","895",1
"BMW","F 900 R A2","Sevilla","895",1
"BMW","F 900 R A2","Tarragona","895",1
"BMW","F 900 R A2","Valencia/València","895",1
"BMW","F 900 R A2","Valladolid","895",1
"BMW","F 900 R A2","Zaragoza","895",1
"BMW","F 900 XR","Almería","895",2
"BMW","F 900 XR","Asturias","895",1
"BMW","F 900 XR","Barcelona","895",6
"BMW","F 900 XR","Bizkaia","895",1
"BMW","F 900 XR","Cádiz","895",2
"BMW","F 900 XR","Cantabria","895",2
"BMW","F 900 XR","Castellón/Castelló","895",2
"BMW","F 900 XR","Córdoba","895",3
"BMW","F 900 XR","Cuenca","895",1
"BMW","F 900 XR","Girona","895",1
"BMW","F 900 XR","Illes Balears","895",1
"BMW","F 900 XR","León","895",1
"BMW","F 900 XR","Madrid","895",6
"BMW","F 900 XR","Málaga","895",4
"BMW","F 900 XR","Murcia","895",6
"BMW","F 900 XR","Palmas (Las)","895",2
"BMW","F 900 XR","Rioja (La)","895",1
"BMW","F 900 XR","Santa Cruz de Tenerife","895",2
"BMW","F 900 XR","Tarragona","895",4
"BMW","F 900 XR","Valencia/València","895",7
"BMW","F 900 XR","Zaragoza","895",1
"BMW","F 900 XR A2","Alicante/Alacant","895",1
"BMW","F 900 XR A2","Barcelona","895",3
"BMW","F 900 XR A2","Bizkaia","895",1
"BMW","F 900 XR A2","Córdoba","895",2
"BMW","F 900 XR A2","Gipuzkoa","895",1
"BMW","F 900 XR A2","Jaén","895",1
"BMW","F 900 XR A2","León","895",1
"BMW","F 900 XR A2","Madrid","895",2
"BMW","F 900 XR A2","Santa Cruz de Tenerife","895",1
"BMW","G 310 GS","Murcia","313",3
"BMW","G 310 GS","Salamanca","313",1
"BMW","G 310 GS","Sevilla","313",1
"BMW","G 310 R","Ceuta","313",1
"BMW","K 1600 GT","Pontevedra","1649",1
"BMW","K 1600 GTL","Gipuzkoa","1649",1
"BMW","K 1600 GTL","Madrid","1649",1
"BMW","K 1600 GTL","Málaga","1649",1
"BMW","K 1600 GTL","Sevilla","1649",2
"BMW","M 1000 R","Barcelona","999",2
"BMW","M 1000 R","Bizkaia","999",1
"BMW","M 1000 R","Madrid","999",1
"BMW","M 1000 R","Málaga","999",1
"BMW","M 1000 R","Palmas (Las)","999",2
"BMW","M 1000 R","Santa Cruz de Tenerife","999",1
"BMW","M 1000 R","Sevilla","999",1
"BMW","M 1000 R","Valencia/València","999",1
"BMW","M 1000 RR","Pontevedra","999",1
"BMW","M 1000 XR","Alicante/Alacant","999",2
"BMW","M 1000 XR","Almería","999",2
"BMW","M 1000 XR","Barcelona","999",2
"BMW","M 1000 XR","Cádiz","999",2
"BMW","M 1000 XR","Illes Balears","999",2
"BMW","M 1000 XR","Madrid","999",2
"BMW","M 1000 XR","Palmas (Las)","999",1
"BMW","M 1000 XR","Santa Cruz de Tenerife","999",1
"BMW","M 1000 XR","Tarragona","999",1
"BMW","M 1000 XR","Valladolid","999",1
"BMW","R 12","Alicante/Alacant","1170",1
"BMW","R 12","Barcelona","1170",1
"BMW","R 12","Lleida","1170",1
"BMW","R 12","Madrid","1170",2
"BMW","R 12","Santa Cruz de Tenerife","1170",1
"BMW","R 12","Valencia/València","1170",1
"BMW","R 12 G/S","Alicante/Alacant","1170",1
"BMW","R 12 G/S","Almería","1170",2
"BMW","R 12 G/S","Barcelona","1170",7
"BMW","R 12 G/S","Bizkaia","1170",2
"BMW","R 12 G/S","Cádiz","1170",1
"BMW","R 12 G/S","Ciudad Real","1170",1
"BMW","R 12 G/S","Coruña (A)","1170",1
"BMW","R 12 G/S","Girona","1170",1
"BMW","R 12 G/S","Illes Balears","1170",2
"BMW","R 12 G/S","Madrid","1170",4
"BMW","R 12 G/S","Málaga","1170",1
"BMW","R 12 G/S","Murcia","1170",2
"BMW","R 12 G/S","Palmas (Las)","1170",1
"BMW","R 12 G/S","Toledo","1170",1
"BMW","R 12 G/S","Zaragoza","1170",1
"BMW","R 12 NINET","Barcelona","1170",8
"BMW","R 12 NINET","Coruña (A)","1170",1
"BMW","R 12 NINET","Madrid","1170",1
"BMW","R 12 NINET","Palmas (Las)","1170",1
"BMW","R 12 NINET A2","Barcelona","1170",1
"BMW","R 12 NINET A2","Coruña (A)","1170",1
"BMW","R 1300 GS","Álava/Araba","1300",2
"BMW","R 1300 GS","Albacete","1300",2
"BMW","R 1300 GS","Alicante/Alacant","1300",13
"BMW","R 1300 GS","Almería","1300",1
"BMW","R 1300 GS","Asturias","1300",3
"BMW","R 1300 GS","Barcelona","1300",30
"BMW","R 1300 GS","Bizkaia","1300",7
"BMW","R 1300 GS","Cáceres","1300",2
"BMW","R 1300 GS","Cádiz","1300",1
"BMW","R 1300 GS","Castellón/Castelló","1300",1
"BMW","R 1300 GS","Ceuta","1300",1
"BMW","R 1300 GS","Córdoba","1300",2
"BMW","R 1300 GS","Gipuzkoa","1300",2
"BMW","R 1300 GS","Girona","1300",5
"BMW","R 1300 GS","Granada","1300",2
"BMW","R 1300 GS","Guadalajara","1300",1
"BMW","R 1300 GS","Illes Balears","1300",5
"BMW","R 1300 GS","Madrid","1300",25
"BMW","R 1300 GS","Málaga","1300",9
"BMW","R 1300 GS","Murcia","1300",3
"BMW","R 1300 GS","Navarra","1300",1
"BMW","R 1300 GS","Ourense","1300",1
"BMW","R 1300 GS","Pontevedra","1300",4
"BMW","R 1300 GS","Santa Cruz de Tenerife","1300",2
"BMW","R 1300 GS","Sevilla","1300",7
"BMW","R 1300 GS","Tarragona","1300",5
"BMW","R 1300 GS","Valencia/València","1300",10
"BMW","R 1300 GS","Valladolid","1300",1
"BMW","R 1300 GS ADVENTURE","Albacete","1300",1
"BMW","R 1300 GS ADVENTURE","Alicante/Alacant","1300",6
"BMW","R 1300 GS ADVENTURE","Almería","1300",2
"BMW","R 1300 GS ADVENTURE","Asturias","1300",3
"BMW","R 1300 GS ADVENTURE","Badajoz","1300",1
"BMW","R 1300 GS ADVENTURE","Barcelona","1300",13
"BMW","R 1300 GS ADVENTURE","Bizkaia","1300",1
"BMW","R 1300 GS ADVENTURE","Burgos","1300",1
"BMW","R 1300 GS ADVENTURE","Cádiz","1300",3
"BMW","R 1300 GS ADVENTURE","Cantabria","1300",1
"BMW","R 1300 GS ADVENTURE","Castellón/Castelló","1300",2
"BMW","R 1300 GS ADVENTURE","Ceuta","1300",1
"BMW","R 1300 GS ADVENTURE","Coruña (A)","1300",2
"BMW","R 1300 GS ADVENTURE","Gipuzkoa","1300",2
"BMW","R 1300 GS ADVENTURE","Girona","1300",1
"BMW","R 1300 GS ADVENTURE","Granada","1300",2
"BMW","R 1300 GS ADVENTURE","Guadalajara","1300",1
"BMW","R 1300 GS ADVENTURE","Illes Balears","1300",2
"BMW","R 1300 GS ADVENTURE","Madrid","1300",17
"BMW","R 1300 GS ADVENTURE","Málaga","1300",7
"BMW","R 1300 GS ADVENTURE","Murcia","1300",6
"BMW","R 1300 GS ADVENTURE","Navarra","1300",1
"BMW","R 1300 GS ADVENTURE","Palmas (Las)","1300",1
"BMW","R 1300 GS ADVENTURE","Pontevedra","1300",1
"BMW","R 1300 GS ADVENTURE","Santa Cruz de Tenerife","1300",1
"BMW","R 1300 GS ADVENTURE","Sevilla","1300",3
"BMW","R 1300 GS ADVENTURE","Tarragona","1300",1
"BMW","R 1300 GS ADVENTURE","Valencia/València","1300",7
"BMW","R 1300 GS ADVENTURE","Valladolid","1300",1
"BMW","R 1300 GS ADVENTURE","Zaragoza","1300",1
"BMW","R 1300 R","Barcelona","1300",1
"BMW","R 1300 R","Santa Cruz de Tenerife","1300",1
"BMW","R 1300 R","Valencia/València","1300",2
"BMW","R 1300 R","Valladolid","1300",1
"BMW","R 1300 RS","Albacete","1300",1
"BMW","R 1300 RS","Alicante/Alacant","1300",3
"BMW","R 1300 RS","Asturias","1300",1
"BMW","R 1300 RS","Badajoz","1300",1
"BMW","R 1300 RS","Barcelona","1300",5
"BMW","R 1300 RS","Bizkaia","1300",3
"BMW","R 1300 RS","Cádiz","1300",1
"BMW","R 1300 RS","Castellón/Castelló","1300",1
"BMW","R 1300 RS","Córdoba","1300",1
"BMW","R 1300 RS","Girona","1300",1
"BMW","R 1300 RS","Granada","1300",3
"BMW","R 1300 RS","León","1300",1
"BMW","R 1300 RS","Lleida","1300",2
"BMW","R 1300 RS","Madrid","1300",4
"BMW","R 1300 RS","Málaga","1300",1
"BMW","R 1300 RS","Murcia","1300",1
"BMW","R 1300 RS","Palmas (Las)","1300",1
"BMW","R 1300 RS","Rioja (La)","1300",1
"BMW","R 1300 RS","Salamanca","1300",1
"BMW","R 1300 RS","Sevilla","1300",2
"BMW","R 1300 RS","Tarragona","1300",1
"BMW","R 1300 RS","Toledo","1300",3
"BMW","R 1300 RS","Valencia/València","1300",1
"BMW","R 1300 RT","Álava/Araba","1300",2
"BMW","R 1300 RT","Alicante/Alacant","1300",6
"BMW","R 1300 RT","Almería","1300",1
"BMW","R 1300 RT","Asturias","1300",1
"BMW","R 1300 RT","Badajoz","1300",2
"BMW","R 1300 RT","Barcelona","1300",10
"BMW","R 1300 RT","Bizkaia","1300",3
"BMW","R 1300 RT","Burgos","1300",2
"BMW","R 1300 RT","Cantabria","1300",4
"BMW","R 1300 RT","Ceuta","1300",1
"BMW","R 1300 RT","Córdoba","1300",2
"BMW","R 1300 RT","Coruña (A)","1300",2
"BMW","R 1300 RT","Gipuzkoa","1300",1
"BMW","R 1300 RT","Granada","1300",2
"BMW","R 1300 RT","Guadalajara","1300",1
"BMW","R 1300 RT","Illes Balears","1300",1
"BMW","R 1300 RT","Jaén","1300",1
"BMW","R 1300 RT","León","1300",1
"BMW","R 1300 RT","Madrid","1300",321
"BMW","R 1300 RT","Málaga","1300",3
"BMW","R 1300 RT","Murcia","1300",2
"BMW","R 1300 RT","Palmas (Las)","1300",1
"BMW","R 1300 RT","Pontevedra","1300",3
"BMW","R 1300 RT","Salamanca","1300",1
"BMW","R 1300 RT","Sevilla","1300",2
"BMW","R 1300 RT","Tarragona","1300",2
"BMW","R 1300 RT","Valencia/València","1300",4
"BMW","R 1300 RT","Valladolid","1300",1
"BMW","R 1300 RT","Zaragoza","1300",1
"BMW","R 18","Barcelona","1802",1
"BMW","R 18","León","1802",1
"BMW","R 18","Málaga","1802",1
"BMW","R 18","Murcia","1802",1
"BMW","R 18 CLASSIC","Málaga","1802",1
"BMW","R 18 ROCTANE","Barcelona","1802",1
"BMW","R 18 ROCTANE","Málaga","1802",1
"BMW","R 18 ROCTANE","Valencia/València","1802",1
"BMW","S 1000 R","Alicante/Alacant","999",1
"BMW","S 1000 R","Barcelona","999",2
"BMW","S 1000 R","Lleida","999",2
"BMW","S 1000 R","Málaga","999",1
"BMW","S 1000 R","Valencia/València","999",3
"BMW","S 1000 R","Zaragoza","999",1
"BMW","S 1000 RR","Alicante/Alacant","999",2
"BMW","S 1000 RR","Almería","999",1
"BMW","S 1000 RR","Badajoz","999",2
"BMW","S 1000 RR","Barcelona","999",3
"BMW","S 1000 RR","Illes Balears","999",1
"BMW","S 1000 RR","León","999",1
"BMW","S 1000 RR","Madrid","999",4
"BMW","S 1000 RR","Navarra","999",1
"BMW","S 1000 RR","Palmas (Las)","999",1
"BMW","S 1000 RR","Pontevedra","999",2
"BMW","S 1000 RR","Santa Cruz de Tenerife","999",1
"BMW","S 1000 RR","Sevilla","999",3
"BMW","S 1000 RR","Tarragona","999",1
"BMW","S 1000 RR","Teruel","999",1
"BMW","S 1000 RR","Valencia/València","999",1
"BMW","S 1000 XR","Alicante/Alacant","999",2
"BMW","S 1000 XR","Asturias","999",2
"BMW","S 1000 XR","Barcelona","999",4
"BMW","S 1000 XR","Ceuta","999",1
"BMW","S 1000 XR","Córdoba","999",1
"BMW","S 1000 XR","Gipuzkoa","999",1
"BMW","S 1000 XR","Girona","999",1
"BMW","S 1000 XR","Granada","999",1
"BMW","S 1000 XR","Jaén","999",1
"BMW","S 1000 XR","Madrid","999",3
"BMW","S 1000 XR","Málaga","999",1
"BMW","S 1000 XR","Ourense","999",1
"BMW","S 1000 XR","Pontevedra","999",1
"BMW","S 1000 XR","Tarragona","999",1
"BMW","S 1000 XR","Toledo","999",1
"BMW","S 1000 XR","Valencia/València","999",2
"BMW","S 1000 XR","Valladolid","999",1
"BMW","S 1000 XR","Zaragoza","999",1
"BRIXTON","CROMWELL 1200","Murcia","1222",1
"BRIXTON","SAXBY 250","Melilla","249",1
"BSA","GOLDSTAR","Barcelona","652",1
"CFMOTO","125 NK","Barcelona","124",2
"CFMOTO","125 NK","Bizkaia","124",1
"CFMOTO","125 NK","Ceuta","124",1
"CFMOTO","125 NK","Granada","124",1
"CFMOTO","125 NK","Jaén","124",1
"CFMOTO","125 NK","Madrid","124",3
"CFMOTO","125 NK","Málaga","124",2
"CFMOTO","125 NK","Palmas (Las)","124",1
"CFMOTO","125 NK","Sevilla","124",1
"CFMOTO","125 NK","Valencia/València","124",1
"CFMOTO","450CL-C","Madrid","449",1
"CFMOTO","450CL-C","Málaga","449",1
"CFMOTO","450CL-C","Valencia/València","449",1
"CFMOTO","450MT","Álava/Araba","449",1
"CFMOTO","450MT","Albacete","449",1
"CFMOTO","450MT","Almería","449",2
"CFMOTO","450MT","Badajoz","449",1
"CFMOTO","450MT","Barcelona","449",9
"CFMOTO","450MT","Bizkaia","449",2
"CFMOTO","450MT","Cáceres","449",1
"CFMOTO","450MT","Cádiz","449",3
"CFMOTO","450MT","Cantabria","449",1
"CFMOTO","450MT","Castellón/Castelló","449",1
"CFMOTO","450MT","Ceuta","449",2
"CFMOTO","450MT","Córdoba","449",1
"CFMOTO","450MT","Girona","449",2
"CFMOTO","450MT","Granada","449",2
"CFMOTO","450MT","Huelva","449",3
"CFMOTO","450MT","Illes Balears","449",1
"CFMOTO","450MT","Madrid","449",2
"CFMOTO","450MT","Málaga","449",2
"CFMOTO","450MT","Murcia","449",1
"CFMOTO","450MT","Navarra","449",2
"CFMOTO","450MT","Palmas (Las)","449",1
"CFMOTO","450MT","Rioja (La)","449",1
"CFMOTO","450MT","Santa Cruz de Tenerife","449",5
"CFMOTO","450MT","Sevilla","449",3
"CFMOTO","450MT","Tarragona","449",1
"CFMOTO","450MT","Valencia/València","449",7
"CFMOTO","450MT","Valladolid","449",1
"CFMOTO","450SR","Navarra","449",1
"CFMOTO","675SR-R","Castellón/Castelló","674",1
"CFMOTO","675SR-R","Huelva","674",1
"CFMOTO","700MT","Badajoz","693",1
"CFMOTO","700MT","Barcelona","693",1
"CFMOTO","700MT","Córdoba","693",1
"CFMOTO","700MT","Sevilla","693",1
"CFMOTO","700MT","Toledo","693",1
"CFMOTO","800MT","Alicante/Alacant","799",1
"CFMOTO","800MT","Cáceres","799",1
"CFMOTO","800MT","Huelva","799",1
"CFMOTO","800MT","Illes Balears","799",1
"CFMOTO","800MT","Jaén","799",1
"CFMOTO","800MT","Málaga","799",1
"CFMOTO","800MT","Sevilla","799",1
"CFMOTO","800MT","Tarragona","799",1
"CFMOTO","800MT","Valencia/València","799",1
"CFMOTO","800MT-X","Alicante/Alacant","799",1
"CFMOTO","800MT-X","Barcelona","799",3
"CFMOTO","800MT-X","Bizkaia","799",1
"CFMOTO","800MT-X","Cádiz","799",1
"CFMOTO","800MT-X","Córdoba","799",4
"CFMOTO","800MT-X","Gipuzkoa","799",1
"CFMOTO","800MT-X","Huelva","799",2
"CFMOTO","800MT-X","Madrid","799",1
"CFMOTO","800MT-X","Palmas (Las)","799",1
"CFMOTO","800MT-X","Salamanca","799",1
"CFMOTO","800MT-X","Santa Cruz de Tenerife","799",1
"CFMOTO","800MT-X","Sevilla","799",1
"CYCLONE","---","Córdoba","125",1
"CYCLONE","CARRERA 125","Córdoba","125",1
"CYCLONE","CARRERA 125","Madrid","125",1
"CYCLONE","LS-Z","Alicante/Alacant","124",1
"CYCLONE","LS-Z","Cáceres","124",1
"CYCLONE","LS-Z","Ciudad Real","124",1
"CYCLONE","LS-Z","Madrid","124",1
"CYCLONE","LS-Z","Málaga","124",1
"CYCLONE","LS-Z","Valencia/València","124",3
"CYCLONE","RA125 PLUS","Almería","124",1
"CYCLONE","RA125 PLUS","Asturias","124",1
"CYCLONE","RA125 PLUS","Córdoba","124",1
"CYCLONE","RA125 PLUS","Madrid","124",2
"CYCLONE","RA125 PLUS","Málaga","124",3
"CYCLONE","RA125 PLUS","Santa Cruz de Tenerife","124",1
"CYCLONE","RA125 PLUS","Valencia/València","124",1
"CYCLONE","RT1","Alicante/Alacant","125",1
"CYCLONE","RT1","Almería","125",1
"CYCLONE","RT1","Cádiz","125",1
"CYCLONE","RT1","Illes Balears","125",1
"CYCLONE","RT1","Lleida","125",2
"CYCLONE","RT1","Murcia","125",1
"CYCLONE","RT1","Sevilla","125",1
"CYCLONE","RT2","Almería","289",1
"CYCLONE","RT2","Barcelona","289",1
"CYCLONE","RT2","Zaragoza","289",1
"CYCLONE","RX1","Asturias","124",1
"CYCLONE","RX1","Madrid","124",1
"CYCLONE","RX1","Málaga","124",1
"CYCLONE","RX1 PRO","Barcelona","124",1
"CYCLONE","RX1 PRO","Ciudad Real","124",1
"CYCLONE","RX1 PRO","Córdoba","124",1
"CYCLONE","RX1 PRO","Girona","124",1
"CYCLONE","RX1 PRO","Illes Balears","124",1
"CYCLONE","RX1 PRO","León","124",2
"CYCLONE","RX1 PRO","Madrid","124",1
"CYCLONE","RX1 PRO","Málaga","124",1
"CYCLONE","RX1 PRO","Navarra","124",1
"CYCLONE","RX1 PRO","Santa Cruz de Tenerife","124",1
"CYCLONE","RX1 PRO","Sevilla","124",2
"CYCLONE","RX1 PRO","Tarragona","124",1
"CYCLONE","RX1 PRO","Zaragoza","124",1
"CYCLONE","RX401","Alicante/Alacant","401",1
"CYCLONE","RX401","Illes Balears","401",1
"CYCLONE","RX600","Alicante/Alacant","550",1
"CYCLONE","RX600","Almería","550",1
"CYCLONE","RX600","Coruña (A)","550",1
"CYCLONE","RX600","Huelva","550",1
"CYCLONE","RX600","Lugo","550",1
"CYCLONE","RX600","Madrid","550",1
"CYCLONE","RX600","Santa Cruz de Tenerife","550",1
"CYCLONE","RX600","Segovia","550",1
"CYCLONE","RX600","Valencia/València","550",1
"CYCLONE","SR650","Navarra","650",1
"CYCLONE","SR650","Soria","650",1
"CYCLONE","SR650","Valencia/València","650",1
"DAYANG","SAIGA125","Barcelona","125",2
"DUCATI","DESERT X","Palmas (Las)","937",2
"DUCATI","DESERT X","Santa Cruz de Tenerife","937",1
"DUCATI","DESERTX","Barcelona","937",1
"DUCATI","DESERTX","Ciudad Real","937",1
"DUCATI","DESERTX","Málaga","937",1
"DUCATI","DESERTX","Sevilla","937",2
"DUCATI","DIAVEL V4","Alicante/Alacant","1158",1
"DUCATI","DIAVEL V4","Barcelona","1158",1
"DUCATI","DIAVEL V4","Granada","1158",1
"DUCATI","DUCATI SCRAMBLER","Palmas (Las)","803",2
"DUCATI","HYPERMOTARD 698 MONO","Santa Cruz de Tenerife","659",2
"DUCATI","HYPERMOTARD 698 MONO D","Barcelona","659",1
"DUCATI","HYPERMOTARD 698 MONO D","Málaga","659",1
"DUCATI","HYPERMOTARD 698 MONO D","Valencia/València","659",1
"DUCATI","HYPERMOTARD 698 MONO R","Coruña (A)","659",1
"DUCATI","HYPERMOTARD 698 MONO R","Madrid","659",1
"DUCATI","HYPERMOTARD 950","Alicante/Alacant","937",2
"DUCATI","HYPERMOTARD 950","Barcelona","937",1
"DUCATI","HYPERMOTARD 950","Palmas (Las)","937",1
"DUCATI","HYPERMOTARD 950","Santa Cruz de Tenerife","937",3
"DUCATI","HYPERMOTARD 950","Sevilla","937",1
"DUCATI","HYPERMOTARD 950 REPLIC","Barcelona","937",1
"DUCATI","MONSTER","Barcelona","937",1
"DUCATI","MONSTER","Coruña (A)","937",1
"DUCATI","MULTISTRADA V2","Barcelona","890",14
"DUCATI","MULTISTRADA V2","Bizkaia","890",1
"DUCATI","MULTISTRADA V2","Cádiz","890",2
"DUCATI","MULTISTRADA V2","Coruña (A)","890",1
"DUCATI","MULTISTRADA V2","Granada","890",1
"DUCATI","MULTISTRADA V2","Illes Balears","890",4
"DUCATI","MULTISTRADA V2","Madrid","890",6
"DUCATI","MULTISTRADA V2","Málaga","890",3
"DUCATI","MULTISTRADA V2","Melilla","890",1
"DUCATI","MULTISTRADA V2","Murcia","890",3
"DUCATI","MULTISTRADA V2","Navarra","890",2
"DUCATI","MULTISTRADA V2","Palmas (Las)","890",3
"DUCATI","MULTISTRADA V2","Pontevedra","890",1
"DUCATI","MULTISTRADA V2","Santa Cruz de Tenerife","890",1
"DUCATI","MULTISTRADA V2","Sevilla","890",1
"DUCATI","MULTISTRADA V2","Tarragona","890",4
"DUCATI","MULTISTRADA V2","Zaragoza","890",1
"DUCATI","MULTISTRADA V4","Alicante/Alacant","1158",1
"DUCATI","MULTISTRADA V4","Barcelona","1158",5
"DUCATI","MULTISTRADA V4","Bizkaia","1158",1
"DUCATI","MULTISTRADA V4","Cádiz","1158",2
"DUCATI","MULTISTRADA V4","Córdoba","1158",1
"DUCATI","MULTISTRADA V4","Coruña (A)","1158",1
"DUCATI","MULTISTRADA V4","Girona","1158",2
"DUCATI","MULTISTRADA V4","Granada","1158",2
"DUCATI","MULTISTRADA V4","Illes Balears","1158",3
"DUCATI","MULTISTRADA V4","Madrid","1158",7
"DUCATI","MULTISTRADA V4","Málaga","1158",3
"DUCATI","MULTISTRADA V4","Melilla","1158",1
"DUCATI","MULTISTRADA V4","Murcia","1158",3
"DUCATI","MULTISTRADA V4","Palmas (Las)","1158",1
"DUCATI","MULTISTRADA V4","Pontevedra","1158",2
"DUCATI","MULTISTRADA V4","Sevilla","1158",2
"DUCATI","MULTISTRADA V4","Tarragona","1158",2
"DUCATI","MULTISTRADA V4","Valencia/València","1158",3
"DUCATI","MULTISTRADA V4","Zaragoza","1158",2
"DUCATI","PANIGALE V2","Alicante/Alacant","890",2
"DUCATI","PANIGALE V2","Badajoz","890",1
"DUCATI","PANIGALE V2","Barcelona","890",5
"DUCATI","PANIGALE V2","Castellón/Castelló","890",1
"DUCATI","PANIGALE V2","Córdoba","890",1
"DUCATI","PANIGALE V2","Girona","890",1
"DUCATI","PANIGALE V2","Madrid","890",4
"DUCATI","PANIGALE V2","Málaga","890",2
"DUCATI","PANIGALE V2","Murcia","890",2
"DUCATI","PANIGALE V2","Palmas (Las)","890",1
"DUCATI","PANIGALE V2","Pontevedra","890",1
"DUCATI","PANIGALE V2","Santa Cruz de Tenerife","890",2
"DUCATI","PANIGALE V2","Sevilla","890",2
"DUCATI","PANIGALE V2","Valencia/València","890",2
"DUCATI","PANIGALE V4","Barcelona","1103",1
"DUCATI","PANIGALE V4","Illes Balears","1103",1
"DUCATI","PANIGALE V4","Pontevedra","1103",1
"DUCATI","SCRAMBLER FULL THROTTL","Barcelona","803",3
"DUCATI","SCRAMBLER FULL THROTTL","Madrid","803",1
"DUCATI","SCRAMBLER FULL THROTTL","Málaga","803",1
"DUCATI","SCRAMBLER FULL THROTTL","Sevilla","803",1
"DUCATI","SCRAMBLER ICON DARK","Alicante/Alacant","803",1
"DUCATI","SCRAMBLER ICON DARK","Barcelona","803",2
"DUCATI","SCRAMBLER ICON DARK","Cádiz","803",1
"DUCATI","SCRAMBLER ICON DARK","Madrid","803",2
"DUCATI","SCRAMBLER ICON DARK","Málaga","803",1
"DUCATI","SCRAMBLER ICON DARK","Ourense","803",1
"DUCATI","SCRAMBLER ICON DUCATI","Cádiz","803",1
"DUCATI","SCRAMBLER ICON RED","Illes Balears","803",1
"DUCATI","SCRAMBLER ICON RED","Murcia","803",1
"DUCATI","SCRAMBLER NIGHTSHIFT","Madrid","803",2
"DUCATI","SCRAMBLER NIGHTSHIFT","Toledo","803",1
"DUCATI","SCRAMBLER NIGHTSHIFT N","Alicante/Alacant","803",1
"DUCATI","SCRAMBLER NIGHTSHIFT N","Illes Balears","803",1
"DUCATI","STREETFIGHTER","Alicante/Alacant","890",1
"DUCATI","STREETFIGHTER","Almería","890",1
"DUCATI","STREETFIGHTER","Badajoz","890",1
"DUCATI","STREETFIGHTER","Barcelona","890",2
"DUCATI","STREETFIGHTER","Cádiz","890",1
"DUCATI","STREETFIGHTER","Granada","890",1
"DUCATI","STREETFIGHTER","Huelva","890",1
"DUCATI","STREETFIGHTER","Madrid","890",5
"DUCATI","STREETFIGHTER","Navarra","890",1
"DUCATI","STREETFIGHTER","Palmas (Las)","890",1
"DUCATI","STREETFIGHTER","Pontevedra","890",1
"DUCATI","STREETFIGHTER","Santa Cruz de Tenerife","890",1
"DUCATI","STREETFIGHTER","Sevilla","890",2
"DUCATI","STREETFIGHTER","Valencia/València","890",2
"DUCATI","XDIAVEL V4","Huelva","1158",1
"DUCATI","XDIAVEL V4","Santa Cruz de Tenerife","1158",1
"EFUN","LION","Alicante/Alacant","125",1
"EFUN","LION","Barcelona","125",10
"EFUN","LION","Cádiz","125",1
"EFUN","LION","Castellón/Castelló","125",1
"EFUN","LION","Girona","125",2
"EFUN","LION","Granada","125",1
"EFUN","LION","Guadalajara","125",1
"EFUN","LION","Huelva","125",1
"EFUN","LION","Illes Balears","125",1
"EFUN","LION","Jaén","125",2
"EFUN","LION","Madrid","125",5
"EFUN","LION","Málaga","125",6
"EFUN","LION","Murcia","125",1
"EFUN","LION","Palmas (Las)","125",2
"EFUN","LION","Santa Cruz de Tenerife","125",2
"EFUN","LION","Sevilla","125",2
"EFUN","LION","Valencia/València","125",4
"F.B MONDIAL","FLEX 300","Sevilla","292",1
"FANTIC MOTOR","---","Barcelona","125",2
"FANTIC MOTOR","---","Bizkaia","125",1
"FANTIC MOTOR","---","Granada","125",1
"FANTIC MOTOR","---","Guadalajara","125",1
"FANTIC MOTOR","---","Illes Balears","125",2
"FANTIC MOTOR","---","Madrid","125",2
"FANTIC MOTOR","---","Murcia","125",1
"FANTIC MOTOR","---","Palmas (Las)","125",1
"FANTIC MOTOR","---","Santa Cruz de Tenerife","125",1
"FANTIC MOTOR","---","Sevilla","125",1
"FANTIC MOTOR","---","Tarragona","125",1
"GAS GAS","TG","Coruña (A)","294",1
"GASGAS","EC 250","Barcelona","249",2
"GASGAS","EC 250","Sevilla","249",1
"GASGAS","EC 250F","Barcelona","250",2
"GASGAS","EC 250F","Cádiz","250",1
"GASGAS","EC 250F","Illes Balears","250",1
"GASGAS","EC 250F","Málaga","250",2
"GASGAS","EC 250F","Palmas (Las)","250",1
"GASGAS","EC 300","Albacete","293",1
"GASGAS","EC 300","Córdoba","293",1
"GASGAS","EC 300","Gipuzkoa","293",1
"GASGAS","EC 300","Girona","293",1
"GASGAS","EC 300","León","293",1
"GASGAS","EC 300","Tarragona","293",1
"GASGAS","EC 300","Valencia/València","293",1
"GASGAS","EC 350F","Córdoba","350",1
"GASGAS","EC 350F","Murcia","350",1
"GASGAS","EC 350F","Ourense","350",1
"GASGAS","EC 350F","Palmas (Las)","350",1
"GASGAS","EC 450F","Madrid","450",1
"GASGAS","EC 450F","Palmas (Las)","450",1
"GASGAS","EC 450F","Sevilla","450",1
"GASGAS","EC 500F","Sevilla","510",1
"GASGAS","TXT 300","Barcelona","294",1
"GASGAS","TXT 300","Girona","294",1
"GASGAS","TXT 300","Pontevedra","294",1
"HARLEY-DAVIDSON","BREAKOUT","Alicante/Alacant","1923",1
"HARLEY-DAVIDSON","BREAKOUT","Santa Cruz de Tenerife","1923",1
"HARLEY-DAVIDSON","CVO STREET GLIDE","Almería","1977",1
"HARLEY-DAVIDSON","CVO STREET GLIDE","Lleida","1977",1
"HARLEY-DAVIDSON","FAT BOB 114","Santa Cruz de Tenerife","1868",1
"HARLEY-DAVIDSON","FAT BOB 114","Toledo","1868",1
"HARLEY-DAVIDSON","FAT BOY","Barcelona","1923",1
"HARLEY-DAVIDSON","FAT BOY","Madrid","1923",4
"HARLEY-DAVIDSON","FAT BOY","Palmas (Las)","1923",1
"HARLEY-DAVIDSON","HERITAGE CLASSIC","Barcelona","1923",2
"HARLEY-DAVIDSON","HERITAGE CLASSIC","Madrid","1923",1
"HARLEY-DAVIDSON","LOW RIDER S","Barcelona","1923",2
"HARLEY-DAVIDSON","LOW RIDER ST","Girona","1923",2
"HARLEY-DAVIDSON","LOW RIDER ST","Palmas (Las)","1923",1
"HARLEY-DAVIDSON","NIGHTSTER SPECIAL","Coruña (A)","975",1
"HARLEY-DAVIDSON","NIGHTSTER SPECIAL","Girona","975",1
"HARLEY-DAVIDSON","NIGHTSTER SPECIAL","Valladolid","975",1
"HARLEY-DAVIDSON","PAN AMERICA 1250","Barcelona","1252",1
"HARLEY-DAVIDSON","PAN AMERICA 1250 SPECI","Granada","1252",2
"HARLEY-DAVIDSON","ROAD GLIDE","Barcelona","1923",1
"HARLEY-DAVIDSON","ROAD GLIDE","Málaga","1923",1
"HARLEY-DAVIDSON","ROAD GLIDE","Valencia/València","1923",1
"HARLEY-DAVIDSON","ROAD KING SPECIAL","Almería","1868",1
"HARLEY-DAVIDSON","ROAD KING SPECIAL","Madrid","1868",1
"HARLEY-DAVIDSON","ROAD KING SPECIAL","Santa Cruz de Tenerife","1868",1
"HARLEY-DAVIDSON","SPORTSTER S","Barcelona","1252",1
"HARLEY-DAVIDSON","SPORTSTER S","Madrid","1252",1
"HARLEY-DAVIDSON","SPORTSTER S","Málaga","1252",1
"HARLEY-DAVIDSON","SPORTSTER S","Santa Cruz de Tenerife","1252",1
"HARLEY-DAVIDSON","SPORTSTER S","Tarragona","1252",1
"HARLEY-DAVIDSON","SPORTSTER S","Valencia/València","1252",1
"HARLEY-DAVIDSON","STREET BOB","Barcelona","1923",2
"HARLEY-DAVIDSON","STREET BOB","Jaén","1923",1
"HARLEY-DAVIDSON","STREET BOB","Lleida","1923",1
"HARLEY-DAVIDSON","STREET BOB","Málaga","1923",1
"HARLEY-DAVIDSON","STREET BOB","Ourense","1923",1
"HARLEY-DAVIDSON","STREET BOB","Santa Cruz de Tenerife","1923",2
"HARLEY-DAVIDSON","STREET BOB","Tarragona","1923",1
"HARLEY-DAVIDSON","STREET GLIDE","Barcelona","1923",1
"HARLEY-DAVIDSON","STREET GLIDE ULTRA","Barcelona","1923",1
"HARLEY-DAVIDSON","STREET GLIDE ULTRA","Madrid","1923",2
"HERO MOTOCORP","HUNK 440","Bizkaia","440",1
"HERO MOTOCORP","HUNK 440","Castellón/Castelló","440",1
"HERO MOTOCORP","HUNK 440","Girona","440",1
"HERO MOTOCORP","HUNK 440","Huelva","440",1
"HERO MOTOCORP","HUNK 440","Illes Balears","440",2
"HERO MOTOCORP","HUNK 440","Jaén","440",2
"HERO MOTOCORP","HUNK 440","Madrid","440",2
"HERO MOTOCORP","HUNK 440","Murcia","440",1
"HERO MOTOCORP","HUNK 440","Navarra","440",1
"HERO MOTOCORP","HUNK 440","Ourense","440",1
"HERO MOTOCORP","HUNK 440","Palmas (Las)","440",1
"HERO MOTOCORP","HUNK 440","Tarragona","440",1
"HERO MOTOCORP","X PULSE 200 4V","Alicante/Alacant","200",1
"HERO MOTOCORP","X PULSE 200 4V","Castellón/Castelló","200",1
"HERO MOTOCORP","X PULSE 200 4V","Gipuzkoa","200",1
"HERO MOTOCORP","X PULSE 200 4V","Girona","200",1
"HERO MOTOCORP","X PULSE 200 4V","Granada","200",1
"HERO MOTOCORP","X PULSE 200 4V","Jaén","200",2
"HERO MOTOCORP","X PULSE 200 4V","Madrid","200",3
"HERO MOTOCORP","X PULSE 200 4V","Málaga","200",1
"HERO MOTOCORP","X PULSE 200 4V","Murcia","200",2
"HERO MOTOCORP","X PULSE 200 4V","Navarra","200",1
"HERO MOTOCORP","X PULSE 200 4V","Tarragona","200",1
"HERO MOTOCORP","X PULSE 200 4V","Teruel","200",1
"HERO MOTOCORP","X PULSE 200 4V","Valencia/València","200",3
"HONDA","----","Palmas (Las)","449",1
"HONDA","ADV 350","Álava/Araba","330",2
"HONDA","ADV 350","Albacete","330",1
"HONDA","ADV 350","Alicante/Alacant","330",10
"HONDA","ADV 350","Almería","330",3
"HONDA","ADV 350","Asturias","330",3
"HONDA","ADV 350","Badajoz","330",2
"HONDA","ADV 350","Barcelona","330",77
"HONDA","ADV 350","Bizkaia","330",2
"HONDA","ADV 350","Cádiz","330",12
"HONDA","ADV 350","Cantabria","330",1
"HONDA","ADV 350","Castellón/Castelló","330",2
"HONDA","ADV 350","Ceuta","330",1
"HONDA","ADV 350","Córdoba","330",10
"HONDA","ADV 350","Gipuzkoa","330",2
"HONDA","ADV 350","Girona","330",7
"HONDA","ADV 350","Granada","330",8
"HONDA","ADV 350","Illes Balears","330",12
"HONDA","ADV 350","Jaén","330",1
"HONDA","ADV 350","Madrid","330",34
"HONDA","ADV 350","Málaga","330",30
"HONDA","ADV 350","Melilla","330",1
"HONDA","ADV 350","Murcia","330",9
"HONDA","ADV 350","Ourense","330",1
"HONDA","ADV 350","Palmas (Las)","330",29
"HONDA","ADV 350","Pontevedra","330",1
"HONDA","ADV 350","Rioja (La)","330",1
"HONDA","ADV 350","Salamanca","330",1
"HONDA","ADV 350","Santa Cruz de Tenerife","330",21
"HONDA","ADV 350","Sevilla","330",10
"HONDA","ADV 350","Tarragona","330",3
"HONDA","ADV 350","Valencia/València","330",30
"HONDA","ADV 350","Valladolid","330",1
"HONDA","ADV 350","Zaragoza","330",5
"HONDA","ADV 750","Albacete","745",1
"HONDA","ADV 750","Alicante/Alacant","745",9
"HONDA","ADV 750","Almería","745",2
"HONDA","ADV 750","Asturias","745",3
"HONDA","ADV 750","Badajoz","745",1
"HONDA","ADV 750","Barcelona","745",41
"HONDA","ADV 750","Bizkaia","745",5
"HONDA","ADV 750","Cáceres","745",1
"HONDA","ADV 750","Cádiz","745",9
"HONDA","ADV 750","Cantabria","745",2
"HONDA","ADV 750","Castellón/Castelló","745",4
"HONDA","ADV 750","Ceuta","745",8
"HONDA","ADV 750","Ciudad Real","745",1
"HONDA","ADV 750","Córdoba","745",3
"HONDA","ADV 750","Coruña (A)","745",2
"HONDA","ADV 750","Gipuzkoa","745",4
"HONDA","ADV 750","Girona","745",4
"HONDA","ADV 750","Granada","745",5
"HONDA","ADV 750","Huelva","745",2
"HONDA","ADV 750","Illes Balears","745",7
"HONDA","ADV 750","Jaén","745",4
"HONDA","ADV 750","Lleida","745",2
"HONDA","ADV 750","Lugo","745",1
"HONDA","ADV 750","Madrid","745",12
"HONDA","ADV 750","Málaga","745",30
"HONDA","ADV 750","Melilla","745",1
"HONDA","ADV 750","Murcia","745",2
"HONDA","ADV 750","Palmas (Las)","745",17
"HONDA","ADV 750","Pontevedra","745",3
"HONDA","ADV 750","Santa Cruz de Tenerife","745",18
"HONDA","ADV 750","Sevilla","745",5
"HONDA","ADV 750","Soria","745",1
"HONDA","ADV 750","Tarragona","745",7
"HONDA","ADV 750","Valencia/València","745",12
"HONDA","AFRICA TWIN","León","647",1
"HONDA","C125A","Almería","124",1
"HONDA","C125A","Illes Balears","124",1
"HONDA","C125A","Madrid","124",1
"HONDA","CB 125 F","Alicante/Alacant","124",2
"HONDA","CB 125 F","Badajoz","124",1
"HONDA","CB 125 F","Barcelona","124",6
"HONDA","CB 125 F","Bizkaia","124",1
"HONDA","CB 125 F","Burgos","124",1
"HONDA","CB 125 F","Cádiz","124",2
"HONDA","CB 125 F","Cantabria","124",1
"HONDA","CB 125 F","Castellón/Castelló","124",2
"HONDA","CB 125 F","Córdoba","124",2
"HONDA","CB 125 F","Coruña (A)","124",1
"HONDA","CB 125 F","Gipuzkoa","124",1
"HONDA","CB 125 F","Girona","124",1
"HONDA","CB 125 F","Lugo","124",1
"HONDA","CB 125 F","Madrid","124",5
"HONDA","CB 125 F","Málaga","124",5
"HONDA","CB 125 F","Murcia","124",5
"HONDA","CB 125 F","Navarra","124",1
"HONDA","CB 125 F","Palmas (Las)","124",1
"HONDA","CB 125 F","Santa Cruz de Tenerife","124",2
"HONDA","CB 125 F","Sevilla","124",4
"HONDA","CB 125 F","Tarragona","124",2
"HONDA","CB 125 F","Valencia/València","124",6
"HONDA","CB 500 F","Alicante/Alacant","471",3
"HONDA","CB 500 F","Asturias","471",1
"HONDA","CB 500 F","Badajoz","471",1
"HONDA","CB 500 F","Barcelona","471",7
"HONDA","CB 500 F","Cádiz","471",1
"HONDA","CB 500 F","Gipuzkoa","471",1
"HONDA","CB 500 F","Illes Balears","471",4
"HONDA","CB 500 F","Madrid","471",2
"HONDA","CB 500 F","Málaga","471",1
"HONDA","CB 500 F","Palmas (Las)","471",3
"HONDA","CB 500 F","Santa Cruz de Tenerife","471",2
"HONDA","CB 500 F","Sevilla","471",2
"HONDA","CB 500 F","Tarragona","471",1
"HONDA","CB 500 F","Valencia/València","471",7
"HONDA","CB 500 X","Alicante/Alacant","471",7
"HONDA","CB 500 X","Almería","471",1
"HONDA","CB 500 X","Ávila","471",2
"HONDA","CB 500 X","Badajoz","471",3
"HONDA","CB 500 X","Barcelona","471",27
"HONDA","CB 500 X","Cáceres","471",2
"HONDA","CB 500 X","Cádiz","471",2
"HONDA","CB 500 X","Cantabria","471",1
"HONDA","CB 500 X","Castellón/Castelló","471",3
"HONDA","CB 500 X","Córdoba","471",4
"HONDA","CB 500 X","Coruña (A)","471",3
"HONDA","CB 500 X","Gipuzkoa","471",2
"HONDA","CB 500 X","Girona","471",3
"HONDA","CB 500 X","Granada","471",6
"HONDA","CB 500 X","Jaén","471",2
"HONDA","CB 500 X","León","471",1
"HONDA","CB 500 X","Madrid","471",15
"HONDA","CB 500 X","Málaga","471",7
"HONDA","CB 500 X","Murcia","471",4
"HONDA","CB 500 X","Palencia","471",1
"HONDA","CB 500 X","Palmas (Las)","471",4
"HONDA","CB 500 X","Pontevedra","471",2
"HONDA","CB 500 X","Santa Cruz de Tenerife","471",4
"HONDA","CB 500 X","Sevilla","471",4
"HONDA","CB 500 X","Soria","471",1
"HONDA","CB 500 X","Tarragona","471",3
"HONDA","CB 500 X","Valencia/València","471",11
"HONDA","CB 500 X","Zamora","471",1
"HONDA","CB 500 X","Zaragoza","471",2
"HONDA","CB1000","Asturias","1000",1
"HONDA","CB1000","Barcelona","1000",2
"HONDA","CB1000","Madrid","1000",1
"HONDA","CB1000","Palmas (Las)","1000",1
"HONDA","CB1000","Valencia/València","1000",1
"HONDA","CB1000GT","Barcelona","1000",15
"HONDA","CB1000SP","Granada","1000",1
"HONDA","CB1000SP","Illes Balears","1000",1
"HONDA","CB1000SP","Palmas (Las)","1000",1
"HONDA","CB1000SP","Santa Cruz de Tenerife","1000",1
"HONDA","CB650RA","Álava/Araba","649",1
"HONDA","CB650RA","Albacete","649",2
"HONDA","CB650RA","Alicante/Alacant","649",3
"HONDA","CB650RA","Almería","649",3
"HONDA","CB650RA","Asturias","649",1
"HONDA","CB650RA","Badajoz","649",3
"HONDA","CB650RA","Barcelona","649",18
"HONDA","CB650RA","Cáceres","649",1
"HONDA","CB650RA","Cádiz","649",3
"HONDA","CB650RA","Córdoba","649",3
"HONDA","CB650RA","Coruña (A)","649",2
"HONDA","CB650RA","Cuenca","649",2
"HONDA","CB650RA","Gipuzkoa","649",4
"HONDA","CB650RA","Granada","649",1
"HONDA","CB650RA","Huelva","649",3
"HONDA","CB650RA","Illes Balears","649",3
"HONDA","CB650RA","Jaén","649",2
"HONDA","CB650RA","León","649",2
"HONDA","CB650RA","Lleida","649",1
"HONDA","CB650RA","Madrid","649",5
"HONDA","CB650RA","Málaga","649",6
"HONDA","CB650RA","Murcia","649",3
"HONDA","CB650RA","Navarra","649",1
"HONDA","CB650RA","Ourense","649",1
"HONDA","CB650RA","Palmas (Las)","649",6
"HONDA","CB650RA","Pontevedra","649",2
"HONDA","CB650RA","Rioja (La)","649",1
"HONDA","CB650RA","Santa Cruz de Tenerife","649",5
"HONDA","CB650RA","Sevilla","649",3
"HONDA","CB650RA","Soria","649",1
"HONDA","CB650RA","Tarragona","649",1
"HONDA","CB650RA","Toledo","649",1
"HONDA","CB650RA","Valencia/València","649",11
"HONDA","CB650RA","Valladolid","649",2
"HONDA","CB650RA","Zaragoza","649",3
"HONDA","CB750 Hornet","Albacete","755",1
"HONDA","CB750 Hornet","Alicante/Alacant","755",5
"HONDA","CB750 Hornet","Almería","755",3
"HONDA","CB750 Hornet","Asturias","755",2
"HONDA","CB750 Hornet","Badajoz","755",1
"HONDA","CB750 Hornet","Barcelona","755",24
"HONDA","CB750 Hornet","Bizkaia","755",3
"HONDA","CB750 Hornet","Burgos","755",1
"HONDA","CB750 Hornet","Cáceres","755",1
"HONDA","CB750 Hornet","Cádiz","755",2
"HONDA","CB750 Hornet","Gipuzkoa","755",2
"HONDA","CB750 Hornet","Huelva","755",4
"HONDA","CB750 Hornet","Illes Balears","755",4
"HONDA","CB750 Hornet","Jaén","755",2
"HONDA","CB750 Hornet","León","755",2
"HONDA","CB750 Hornet","Lleida","755",1
"HONDA","CB750 Hornet","Madrid","755",9
"HONDA","CB750 Hornet","Málaga","755",3
"HONDA","CB750 Hornet","Murcia","755",2
"HONDA","CB750 Hornet","Ourense","755",2
"HONDA","CB750 Hornet","Palmas (Las)","755",3
"HONDA","CB750 Hornet","Pontevedra","755",1
"HONDA","CB750 Hornet","Rioja (La)","755",1
"HONDA","CB750 Hornet","Santa Cruz de Tenerife","755",1
"HONDA","CB750 Hornet","Sevilla","755",2
"HONDA","CB750 Hornet","Tarragona","755",2
"HONDA","CB750 Hornet","Valencia/València","755",13
"HONDA","CB750 Hornet","Zaragoza","755",2
"HONDA","CB900F","Cádiz","901",1
"HONDA","CBF 125","Alicante/Alacant","125",2
"HONDA","CBF 125","Ávila","125",1
"HONDA","CBF 125","Barcelona","125",4
"HONDA","CBF 125","Bizkaia","125",1
"HONDA","CBF 125","Cáceres","125",1
"HONDA","CBF 125","Cádiz","125",2
"HONDA","CBF 125","Córdoba","125",2
"HONDA","CBF 125","Coruña (A)","125",2
"HONDA","CBF 125","Gipuzkoa","125",1
"HONDA","CBF 125","Girona","125",3
"HONDA","CBF 125","Granada","125",2
"HONDA","CBF 125","Illes Balears","125",6
"HONDA","CBF 125","Jaén","125",1
"HONDA","CBF 125","Madrid","125",7
"HONDA","CBF 125","Málaga","125",2
"HONDA","CBF 125","Murcia","125",6
"HONDA","CBF 125","Palmas (Las)","125",3
"HONDA","CBF 125","Rioja (La)","125",1
"HONDA","CBF 125","Santa Cruz de Tenerife","125",6
"HONDA","CBF 125","Sevilla","125",3
"HONDA","CBF 125","Tarragona","125",4
"HONDA","CBF 125","Toledo","125",1
"HONDA","CBF 125","Valencia/València","125",6
"HONDA","CBF 125","Zamora","125",1
"HONDA","CBF300NA","Bizkaia","286",1
"HONDA","CBF300NA","Córdoba","286",2
"HONDA","CBF300NA","Murcia","286",1
"HONDA","CBR 650 R","Álava/Araba","649",1
"HONDA","CBR 650 R","Alicante/Alacant","649",3
"HONDA","CBR 650 R","Asturias","649",1
"HONDA","CBR 650 R","Barcelona","649",9
"HONDA","CBR 650 R","Bizkaia","649",3
"HONDA","CBR 650 R","Cádiz","649",2
"HONDA","CBR 650 R","Castellón/Castelló","649",1
"HONDA","CBR 650 R","Girona","649",2
"HONDA","CBR 650 R","Jaén","649",1
"HONDA","CBR 650 R","Madrid","649",4
"HONDA","CBR 650 R","Málaga","649",3
"HONDA","CBR 650 R","Melilla","649",1
"HONDA","CBR 650 R","Murcia","649",2
"HONDA","CBR 650 R","Navarra","649",1
"HONDA","CBR 650 R","Palmas (Las)","649",2
"HONDA","CBR 650 R","Pontevedra","649",2
"HONDA","CBR 650 R","Santa Cruz de Tenerife","649",2
"HONDA","CBR 650 R","Sevilla","649",1
"HONDA","CBR 650 R","Zaragoza","649",2
"HONDA","CBR1000","Barcelona","1000",1
"HONDA","CBR1000","Granada","1000",1
"HONDA","CBR1000","Palmas (Las)","1000",2
"HONDA","CBR1000","Santa Cruz de Tenerife","1000",1
"HONDA","CBR1000","Sevilla","1000",1
"HONDA","CBR500","Álava/Araba","471",1
"HONDA","CBR500","Alicante/Alacant","471",1
"HONDA","CBR500","Barcelona","471",5
"HONDA","CBR500","Castellón/Castelló","471",1
"HONDA","CBR500","Girona","471",2
"HONDA","CBR500","Granada","471",2
"HONDA","CBR500","Illes Balears","471",1
"HONDA","CBR500","Madrid","471",3
"HONDA","CBR500","Málaga","471",2
"HONDA","CBR500","Palmas (Las)","471",3
"HONDA","CBR500","Santa Cruz de Tenerife","471",1
"HONDA","CBR500","Sevilla","471",1
"HONDA","CBR500","Valencia/València","471",6
"HONDA","CBR500","Valladolid","471",1
"HONDA","CBR600R3","Alicante/Alacant","599",4
"HONDA","CBR600R3","Asturias","599",1
"HONDA","CBR600R3","Barcelona","599",7
"HONDA","CBR600R3","Bizkaia","599",1
"HONDA","CBR600R3","Cantabria","599",1
"HONDA","CBR600R3","Castellón/Castelló","599",1
"HONDA","CBR600R3","Córdoba","599",2
"HONDA","CBR600R3","Coruña (A)","599",2
"HONDA","CBR600R3","Girona","599",1
"HONDA","CBR600R3","Granada","599",2
"HONDA","CBR600R3","Illes Balears","599",1
"HONDA","CBR600R3","Jaén","599",2
"HONDA","CBR600R3","Lleida","599",2
"HONDA","CBR600R3","Madrid","599",26
"HONDA","CBR600R3","Málaga","599",3
"HONDA","CBR600R3","Murcia","599",3
"HONDA","CBR600R3","Palmas (Las)","599",3
"HONDA","CBR600R3","Pontevedra","599",1
"HONDA","CBR600R3","Santa Cruz de Tenerife","599",3
"HONDA","CBR600R3","Sevilla","599",2
"HONDA","CBR600R3","Tarragona","599",1
"HONDA","CBR600R3","Teruel","599",1
"HONDA","CBR600R3","Toledo","599",2
"HONDA","CBR600R3","Valencia/València","599",9
"HONDA","CBR600R3","Valladolid","599",1
"HONDA","CBR650RA","Palmas (Las)","649",3
"HONDA","CBR650RA","Santa Cruz de Tenerife","649",1
"HONDA","CL500","Almería","471",1
"HONDA","CL500","Barcelona","471",2
"HONDA","CL500","Bizkaia","471",1
"HONDA","CL500","Coruña (A)","471",1
"HONDA","CL500","Illes Balears","471",1
"HONDA","CL500","Madrid","471",1
"HONDA","CL500","Málaga","471",1
"HONDA","CL500","Palmas (Las)","471",2
"HONDA","CL500","Santa Cruz de Tenerife","471",1
"HONDA","CL500","Tarragona","471",1
"HONDA","CL500","Valencia/València","471",1
"HONDA","CMX1100","Alicante/Alacant","1084",2
"HONDA","CMX1100","Barcelona","1084",2
"HONDA","CMX1100","Cádiz","1084",3
"HONDA","CMX1100","Girona","1084",1
"HONDA","CMX1100","Huelva","1084",1
"HONDA","CMX1100","Madrid","1084",1
"HONDA","CMX1100","Santa Cruz de Tenerife","1084",1
"HONDA","CMX1100","Valencia/València","1084",2
"HONDA","CRF 300 L","Alicante/Alacant","286",2
"HONDA","CRF 300 L","Almería","286",1
"HONDA","CRF 300 L","Asturias","286",1
"HONDA","CRF 300 L","Badajoz","286",1
"HONDA","CRF 300 L","Barcelona","286",8
"HONDA","CRF 300 L","Coruña (A)","286",2
"HONDA","CRF 300 L","Granada","286",2
"HONDA","CRF 300 L","Illes Balears","286",1
"HONDA","CRF 300 L","Lugo","286",1
"HONDA","CRF 300 L","Madrid","286",1
"HONDA","CRF 300 L","Málaga","286",5
"HONDA","CRF 300 L","Murcia","286",1
"HONDA","CRF 300 L","Navarra","286",1
"HONDA","CRF 300 L","Palmas (Las)","286",5
"HONDA","CRF 300 L","Santa Cruz de Tenerife","286",2
"HONDA","CRF 300 L","Sevilla","286",3
"HONDA","CRF 300 L","Tarragona","286",1
"HONDA","CRF 300 L","Toledo","286",1
"HONDA","CRF 300 L","Valencia/València","286",2
"HONDA","CRF 300 L","Valladolid","286",1
"HONDA","CRF1100L Africa Twin","Albacete","1084",1
"HONDA","CRF1100L Africa Twin","Alicante/Alacant","1084",6
"HONDA","CRF1100L Africa Twin","Almería","1084",3
"HONDA","CRF1100L Africa Twin","Asturias","1084",2
"HONDA","CRF1100L Africa Twin","Barcelona","1084",23
"HONDA","CRF1100L Africa Twin","Bizkaia","1084",6
"HONDA","CRF1100L Africa Twin","Cáceres","1084",1
"HONDA","CRF1100L Africa Twin","Cádiz","1084",4
"HONDA","CRF1100L Africa Twin","Cantabria","1084",1
"HONDA","CRF1100L Africa Twin","Castellón/Castelló","1084",1
"HONDA","CRF1100L Africa Twin","Ceuta","1084",1
"HONDA","CRF1100L Africa Twin","Córdoba","1084",3
"HONDA","CRF1100L Africa Twin","Coruña (A)","1084",2
"HONDA","CRF1100L Africa Twin","Cuenca","1084",1
"HONDA","CRF1100L Africa Twin","Gipuzkoa","1084",3
"HONDA","CRF1100L Africa Twin","Girona","1084",4
"HONDA","CRF1100L Africa Twin","Granada","1084",6
"HONDA","CRF1100L Africa Twin","Huelva","1084",3
"HONDA","CRF1100L Africa Twin","Huesca","1084",1
"HONDA","CRF1100L Africa Twin","Illes Balears","1084",4
"HONDA","CRF1100L Africa Twin","Jaén","1084",1
"HONDA","CRF1100L Africa Twin","León","1084",2
"HONDA","CRF1100L Africa Twin","Lleida","1084",3
"HONDA","CRF1100L Africa Twin","Madrid","1084",19
"HONDA","CRF1100L Africa Twin","Málaga","1084",10
"HONDA","CRF1100L Africa Twin","Murcia","1084",2
"HONDA","CRF1100L Africa Twin","Navarra","1084",2
"HONDA","CRF1100L Africa Twin","Palmas (Las)","1084",7
"HONDA","CRF1100L Africa Twin","Pontevedra","1084",1
"HONDA","CRF1100L Africa Twin","Rioja (La)","1084",2
"HONDA","CRF1100L Africa Twin","Salamanca","1084",1
"HONDA","CRF1100L Africa Twin","Santa Cruz de Tenerife","1084",7
"HONDA","CRF1100L Africa Twin","Sevilla","1084",6
"HONDA","CRF1100L Africa Twin","Tarragona","1084",4
"HONDA","CRF1100L Africa Twin","Valencia/València","1084",16
"HONDA","CRF1100L Africa Twin","Zaragoza","1084",1
"HONDA","CRF300LRA","Alicante/Alacant","286",1
"HONDA","CRF300LRA","Asturias","286",1
"HONDA","CRF300LRA","Barcelona","286",2
"HONDA","CRF300LRA","Illes Balears","286",1
"HONDA","CRF300LRA","Madrid","286",1
"HONDA","CRF300LRA","Santa Cruz de Tenerife","286",1
"HONDA","FORZA 350","Alicante/Alacant","330",6
"HONDA","FORZA 350","Asturias","330",1
"HONDA","FORZA 350","Barcelona","330",41
"HONDA","FORZA 350","Cádiz","330",3
"HONDA","FORZA 350","Cantabria","330",1
"HONDA","FORZA 350","Córdoba","330",2
"HONDA","FORZA 350","Gipuzkoa","330",2
"HONDA","FORZA 350","Girona","330",2
"HONDA","FORZA 350","Granada","330",2
"HONDA","FORZA 350","Huelva","330",1
"HONDA","FORZA 350","Illes Balears","330",10
"HONDA","FORZA 350","Jaén","330",1
"HONDA","FORZA 350","Madrid","330",6
"HONDA","FORZA 350","Málaga","330",5
"HONDA","FORZA 350","Murcia","330",2
"HONDA","FORZA 350","Palmas (Las)","330",8
"HONDA","FORZA 350","Pontevedra","330",2
"HONDA","FORZA 350","Santa Cruz de Tenerife","330",6
"HONDA","FORZA 350","Sevilla","330",4
"HONDA","FORZA 350","Tarragona","330",2
"HONDA","FORZA 350","Valencia/València","330",10
"HONDA","FORZA 350","Zaragoza","330",2
"HONDA","FORZA 750","Alicante/Alacant","745",5
"HONDA","FORZA 750","Almería","745",5
"HONDA","FORZA 750","Asturias","745",1
"HONDA","FORZA 750","Barcelona","745",32
"HONDA","FORZA 750","Bizkaia","745",3
"HONDA","FORZA 750","Cáceres","745",1
"HONDA","FORZA 750","Cádiz","745",5
"HONDA","FORZA 750","Cantabria","745",3
"HONDA","FORZA 750","Coruña (A)","745",2
"HONDA","FORZA 750","Cuenca","745",1
"HONDA","FORZA 750","Gipuzkoa","745",2
"HONDA","FORZA 750","Girona","745",1
"HONDA","FORZA 750","Granada","745",5
"HONDA","FORZA 750","Huelva","745",3
"HONDA","FORZA 750","Illes Balears","745",5
"HONDA","FORZA 750","Madrid","745",16
"HONDA","FORZA 750","Málaga","745",14
"HONDA","FORZA 750","Palmas (Las)","745",6
"HONDA","FORZA 750","Pontevedra","745",1
"HONDA","FORZA 750","Santa Cruz de Tenerife","745",7
"HONDA","FORZA 750","Sevilla","745",8
"HONDA","FORZA 750","Tarragona","745",4
"HONDA","FORZA 750","Valencia/València","745",10
"HONDA","FORZA 750","Zaragoza","745",2
"HONDA","FORZA125","Alicante/Alacant","125",13
"HONDA","FORZA125","Almería","125",4
"HONDA","FORZA125","Badajoz","125",1
"HONDA","FORZA125","Barcelona","125",70
"HONDA","FORZA125","Bizkaia","125",2
"HONDA","FORZA125","Cáceres","125",1
"HONDA","FORZA125","Cádiz","125",13
"HONDA","FORZA125","Cantabria","125",1
"HONDA","FORZA125","Castellón/Castelló","125",3
"HONDA","FORZA125","Ceuta","125",1
"HONDA","FORZA125","Ciudad Real","125",1
"HONDA","FORZA125","Córdoba","125",5
"HONDA","FORZA125","Coruña (A)","125",3
"HONDA","FORZA125","Gipuzkoa","125",6
"HONDA","FORZA125","Girona","125",2
"HONDA","FORZA125","Granada","125",10
"HONDA","FORZA125","Guadalajara","125",1
"HONDA","FORZA125","Huelva","125",1
"HONDA","FORZA125","Illes Balears","125",14
"HONDA","FORZA125","Jaén","125",1
"HONDA","FORZA125","Lleida","125",1
"HONDA","FORZA125","Madrid","125",34
"HONDA","FORZA125","Málaga","125",23
"HONDA","FORZA125","Murcia","125",4
"HONDA","FORZA125","Ourense","125",2
"HONDA","FORZA125","Palmas (Las)","125",30
"HONDA","FORZA125","Pontevedra","125",1
"HONDA","FORZA125","Salamanca","125",1
"HONDA","FORZA125","Santa Cruz de Tenerife","125",22
"HONDA","FORZA125","Sevilla","125",29
"HONDA","FORZA125","Tarragona","125",3
"HONDA","FORZA125","Valencia/València","125",31
"HONDA","FORZA125","Valladolid","125",2
"HONDA","FORZA125","Zaragoza","125",6
"HONDA","GB350S","Alicante/Alacant","348",5
"HONDA","GB350S","Asturias","348",2
"HONDA","GB350S","Barcelona","348",8
"HONDA","GB350S","Bizkaia","348",2
"HONDA","GB350S","Cádiz","348",5
"HONDA","GB350S","Córdoba","348",1
"HONDA","GB350S","Coruña (A)","348",1
"HONDA","GB350S","Girona","348",1
"HONDA","GB350S","Granada","348",1
"HONDA","GB350S","Huelva","348",1
"HONDA","GB350S","Illes Balears","348",4
"HONDA","GB350S","Madrid","348",5
"HONDA","GB350S","Málaga","348",5
"HONDA","GB350S","Murcia","348",4
"HONDA","GB350S","Pontevedra","348",1
"HONDA","GB350S","Santa Cruz de Tenerife","348",4
"HONDA","GB350S","Valencia/València","348",3
"HONDA","GL1800BD","Alicante/Alacant","1833",1
"HONDA","GL1800BD","Barcelona","1833",1
"HONDA","GL1800BD","Madrid","1833",2
"HONDA","GL1800BD","Valencia/València","1833",1
"HONDA","GL1800DA","Gipuzkoa","1833",1
"HONDA","GL1800DA","Zaragoza","1833",1
"HONDA","MSX125A","Almería","124",1
"HONDA","MSX125A","Cádiz","124",3
"HONDA","MSX125A","León","124",1
"HONDA","MSX125A","Málaga","124",3
"HONDA","MSX125A","Palmas (Las)","124",2
"HONDA","NC 750 X","Álava/Araba","745",2
"HONDA","NC 750 X","Alicante/Alacant","745",2
"HONDA","NC 750 X","Asturias","745",2
"HONDA","NC 750 X","Badajoz","745",1
"HONDA","NC 750 X","Barcelona","745",13
"HONDA","NC 750 X","Bizkaia","745",3
"HONDA","NC 750 X","Cádiz","745",3
"HONDA","NC 750 X","Cantabria","745",2
"HONDA","NC 750 X","Ceuta","745",1
"HONDA","NC 750 X","Córdoba","745",1
"HONDA","NC 750 X","Coruña (A)","745",2
"HONDA","NC 750 X","Cuenca","745",1
"HONDA","NC 750 X","Gipuzkoa","745",3
"HONDA","NC 750 X","Girona","745",1
"HONDA","NC 750 X","Granada","745",1
"HONDA","NC 750 X","Huelva","745",1
"HONDA","NC 750 X","Huesca","745",2
"HONDA","NC 750 X","Illes Balears","745",1
"HONDA","NC 750 X","Jaén","745",1
"HONDA","NC 750 X","Lleida","745",1
"HONDA","NC 750 X","Lugo","745",2
"HONDA","NC 750 X","Madrid","745",11
"HONDA","NC 750 X","Málaga","745",2
"HONDA","NC 750 X","Murcia","745",1
"HONDA","NC 750 X","Palmas (Las)","745",8
"HONDA","NC 750 X","Pontevedra","745",1
"HONDA","NC 750 X","Rioja (La)","745",1
"HONDA","NC 750 X","Santa Cruz de Tenerife","745",5
"HONDA","NC 750 X","Sevilla","745",4
"HONDA","NC 750 X","Tarragona","745",1
"HONDA","NC 750 X","Valencia/València","745",11
"HONDA","NT1100","Alicante/Alacant","1084",3
"HONDA","NT1100","Almería","1084",1
"HONDA","NT1100","Asturias","1084",1
"HONDA","NT1100","Barcelona","1084",3
"HONDA","NT1100","Cádiz","1084",3
"HONDA","NT1100","Cantabria","1084",2
"HONDA","NT1100","Gipuzkoa","1084",1
"HONDA","NT1100","Girona","1084",1
"HONDA","NT1100","Granada","1084",1
"HONDA","NT1100","Huelva","1084",1
"HONDA","NT1100","Illes Balears","1084",2
"HONDA","NT1100","Madrid","1084",4
"HONDA","NT1100","Málaga","1084",2
"HONDA","NT1100","Murcia","1084",1
"HONDA","NT1100","Navarra","1084",1
"HONDA","NT1100","Palmas (Las)","1084",1
"HONDA","NT1100","Valladolid","1084",1
"HONDA","PCX125","Álava/Araba","125",1
"HONDA","PCX125","Albacete","125",4
"HONDA","PCX125","Alicante/Alacant","125",32
"HONDA","PCX125","Almería","125",11
"HONDA","PCX125","Asturias","125",4
"HONDA","PCX125","Badajoz","125",3
"HONDA","PCX125","Barcelona","125",65
"HONDA","PCX125","Bizkaia","125",6
"HONDA","PCX125","Burgos","125",1
"HONDA","PCX125","Cáceres","125",1
"HONDA","PCX125","Cádiz","125",49
"HONDA","PCX125","Cantabria","125",2
"HONDA","PCX125","Castellón/Castelló","125",3
"HONDA","PCX125","Ceuta","125",2
"HONDA","PCX125","Ciudad Real","125",2
"HONDA","PCX125","Córdoba","125",13
"HONDA","PCX125","Coruña (A)","125",3
"HONDA","PCX125","Gipuzkoa","125",5
"HONDA","PCX125","Girona","125",2
"HONDA","PCX125","Granada","125",22
"HONDA","PCX125","Guadalajara","125",1
"HONDA","PCX125","Huelva","125",9
"HONDA","PCX125","Illes Balears","125",19
"HONDA","PCX125","Jaén","125",3
"HONDA","PCX125","León","125",1
"HONDA","PCX125","Lleida","125",1
"HONDA","PCX125","Lugo","125",1
"HONDA","PCX125","Madrid","125",78
"HONDA","PCX125","Málaga","125",60
"HONDA","PCX125","Melilla","125",7
"HONDA","PCX125","Murcia","125",28
"HONDA","PCX125","Navarra","125",4
"HONDA","PCX125","Ourense","125",1
"HONDA","PCX125","Palencia","125",3
"HONDA","PCX125","Palmas (Las)","125",34
"HONDA","PCX125","Pontevedra","125",7
"HONDA","PCX125","Rioja (La)","125",2
"HONDA","PCX125","Santa Cruz de Tenerife","125",40
"HONDA","PCX125","Sevilla","125",30
"HONDA","PCX125","Tarragona","125",7
"HONDA","PCX125","Valencia/València","125",45
"HONDA","PCX125","Valladolid","125",3
"HONDA","PCX125","Zaragoza","125",13
"HONDA","Rebel 500","Albacete","471",1
"HONDA","Rebel 500","Alicante/Alacant","471",6
"HONDA","Rebel 500","Asturias","471",1
"HONDA","Rebel 500","Badajoz","471",1
"HONDA","Rebel 500","Barcelona","471",10
"HONDA","Rebel 500","Bizkaia","471",1
"HONDA","Rebel 500","Cádiz","471",4
"HONDA","Rebel 500","Castellón/Castelló","471",2
"HONDA","Rebel 500","Coruña (A)","471",1
"HONDA","Rebel 500","Granada","471",2
"HONDA","Rebel 500","Huelva","471",2
"HONDA","Rebel 500","Illes Balears","471",2
"HONDA","Rebel 500","León","471",1
"HONDA","Rebel 500","Madrid","471",3
"HONDA","Rebel 500","Málaga","471",3
"HONDA","Rebel 500","Melilla","471",1
"HONDA","Rebel 500","Murcia","471",2
"HONDA","Rebel 500","Palmas (Las)","471",2
"HONDA","Rebel 500","Pontevedra","471",1
"HONDA","Rebel 500","Salamanca","471",1
"HONDA","Rebel 500","Sevilla","471",3
"HONDA","Rebel 500","Tarragona","471",1
"HONDA","Rebel 500","Valencia/València","471",6
"HONDA","Rebel 500","Valladolid","471",1
"HONDA","Rebel 500","Zaragoza","471",1
"HONDA","SH Mode 125","Alicante/Alacant","125",3
"HONDA","SH Mode 125","Barcelona","125",34
"HONDA","SH Mode 125","Bizkaia","125",1
"HONDA","SH Mode 125","Cádiz","125",1
"HONDA","SH Mode 125","Castellón/Castelló","125",1
"HONDA","SH Mode 125","Coruña (A)","125",1
"HONDA","SH Mode 125","Gipuzkoa","125",2
"HONDA","SH Mode 125","Girona","125",4
"HONDA","SH Mode 125","Guadalajara","125",1
"HONDA","SH Mode 125","Huelva","125",1
"HONDA","SH Mode 125","Illes Balears","125",6
"HONDA","SH Mode 125","Madrid","125",1
"HONDA","SH Mode 125","Málaga","125",7
"HONDA","SH Mode 125","Murcia","125",1
"HONDA","SH Mode 125","Palmas (Las)","125",2
"HONDA","SH Mode 125","Santa Cruz de Tenerife","125",4
"HONDA","SH Mode 125","Sevilla","125",5
"HONDA","SH Mode 125","Valencia/València","125",4
"HONDA","SH125i","Alicante/Alacant","125",4
"HONDA","SH125i","Almería","125",1
"HONDA","SH125i","Barcelona","125",109
"HONDA","SH125i","Bizkaia","125",3
"HONDA","SH125i","Cádiz","125",3
"HONDA","SH125i","Cantabria","125",1
"HONDA","SH125i","Ceuta","125",8
"HONDA","SH125i","Córdoba","125",1
"HONDA","SH125i","Gipuzkoa","125",14
"HONDA","SH125i","Girona","125",12
"HONDA","SH125i","Granada","125",2
"HONDA","SH125i","Illes Balears","125",5
"HONDA","SH125i","Madrid","125",3
"HONDA","SH125i","Málaga","125",50
"HONDA","SH125i","Melilla","125",2
"HONDA","SH125i","Murcia","125",2
"HONDA","SH125i","Palmas (Las)","125",4
"HONDA","SH125i","Pontevedra","125",1
"HONDA","SH125i","Rioja (La)","125",1
"HONDA","SH125i","Salamanca","125",1
"HONDA","SH125i","Santa Cruz de Tenerife","125",1
"HONDA","SH125i","Segovia","125",1
"HONDA","SH125i","Sevilla","125",2
"HONDA","SH125i","Tarragona","125",3
"HONDA","SH125i","Valencia/València","125",2
"HONDA","SH125i","Valladolid","125",1
"HONDA","SH125i","Zaragoza","125",1
"HONDA","SH350i","Alicante/Alacant","330",1
"HONDA","SH350i","Barcelona","330",36
"HONDA","SH350i","Cádiz","330",2
"HONDA","SH350i","Ceuta","330",9
"HONDA","SH350i","Gipuzkoa","330",2
"HONDA","SH350i","Girona","330",6
"HONDA","SH350i","Granada","330",3
"HONDA","SH350i","Illes Balears","330",3
"HONDA","SH350i","Málaga","330",9
"HONDA","SH350i","Melilla","330",1
"HONDA","SH350i","Murcia","330",1
"HONDA","SH350i","Navarra","330",1
"HONDA","SH350i","Palmas (Las)","330",2
"HONDA","SH350i","Santa Cruz de Tenerife","330",3
"HONDA","SH350i","Tarragona","330",1
"HONDA","SH350i","Valencia/València","330",1
"HONDA","SH350i","Zaragoza","330",4
"HONDA","ST125A","Asturias","124",1
"HONDA","ST125A","Ceuta","124",4
"HONDA","ST125A","Huelva","124",1
"HONDA","ST125A","Madrid","124",1
"HONDA","ST125A","Málaga","124",1
"HONDA","ST125A","Palmas (Las)","124",2
"HONDA","ST125A","Rioja (La)","124",1
"HONDA","ST125A","Santa Cruz de Tenerife","124",3
"HONDA","ST125A","Valencia/València","124",1
"HONDA","VISION 110","Albacete","109",1
"HONDA","VISION 110","Alicante/Alacant","109",5
"HONDA","VISION 110","Almería","109",5
"HONDA","VISION 110","Badajoz","109",2
"HONDA","VISION 110","Barcelona","109",84
"HONDA","VISION 110","Bizkaia","109",3
"HONDA","VISION 110","Cádiz","109",11
"HONDA","VISION 110","Cantabria","109",1
"HONDA","VISION 110","Castellón/Castelló","109",1
"HONDA","VISION 110","Córdoba","109",4
"HONDA","VISION 110","Gipuzkoa","109",11
"HONDA","VISION 110","Girona","109",10
"HONDA","VISION 110","Granada","109",10
"HONDA","VISION 110","Illes Balears","109",8
"HONDA","VISION 110","Jaén","109",2
"HONDA","VISION 110","Lugo","109",1
"HONDA","VISION 110","Madrid","109",4
"HONDA","VISION 110","Málaga","109",18
"HONDA","VISION 110","Melilla","109",1
"HONDA","VISION 110","Murcia","109",8
"HONDA","VISION 110","Navarra","109",1
"HONDA","VISION 110","Ourense","109",1
"HONDA","VISION 110","Palmas (Las)","109",1
"HONDA","VISION 110","Salamanca","109",1
"HONDA","VISION 110","Santa Cruz de Tenerife","109",1
"HONDA","VISION 110","Sevilla","109",5
"HONDA","VISION 110","Tarragona","109",9
"HONDA","VISION 110","Toledo","109",1
"HONDA","VISION 110","Valencia/València","109",5
"HONDA","VISION 110","Valladolid","109",2
"HONDA","VISION 110","Zaragoza","109",4
"HONDA","XL750 Transalp","Álava/Araba","755",2
"HONDA","XL750 Transalp","Albacete","755",5
"HONDA","XL750 Transalp","Alicante/Alacant","755",12
"HONDA","XL750 Transalp","Almería","755",2
"HONDA","XL750 Transalp","Asturias","755",2
"HONDA","XL750 Transalp","Ávila","755",1
"HONDA","XL750 Transalp","Badajoz","755",1
"HONDA","XL750 Transalp","Barcelona","755",41
"HONDA","XL750 Transalp","Bizkaia","755",1
"HONDA","XL750 Transalp","Cádiz","755",4
"HONDA","XL750 Transalp","Castellón/Castelló","755",2
"HONDA","XL750 Transalp","Córdoba","755",3
"HONDA","XL750 Transalp","Gipuzkoa","755",2
"HONDA","XL750 Transalp","Girona","755",7
"HONDA","XL750 Transalp","Granada","755",4
"HONDA","XL750 Transalp","Huelva","755",1
"HONDA","XL750 Transalp","Huesca","755",1
"HONDA","XL750 Transalp","Illes Balears","755",8
"HONDA","XL750 Transalp","Jaén","755",1
"HONDA","XL750 Transalp","León","755",2
"HONDA","XL750 Transalp","Lleida","755",3
"HONDA","XL750 Transalp","Madrid","755",11
"HONDA","XL750 Transalp","Málaga","755",8
"HONDA","XL750 Transalp","Murcia","755",2
"HONDA","XL750 Transalp","Navarra","755",1
"HONDA","XL750 Transalp","Palencia","755",1
"HONDA","XL750 Transalp","Palmas (Las)","755",1
"HONDA","XL750 Transalp","Pontevedra","755",1
"HONDA","XL750 Transalp","Rioja (La)","755",1
"HONDA","XL750 Transalp","Salamanca","755",1
"HONDA","XL750 Transalp","Santa Cruz de Tenerife","755",3
"HONDA","XL750 Transalp","Sevilla","755",2
"HONDA","XL750 Transalp","Soria","755",2
"HONDA","XL750 Transalp","Tarragona","755",1
"HONDA","XL750 Transalp","Toledo","755",1
"HONDA","XL750 Transalp","Valencia/València","755",12
"HONDA","XL750 Transalp","Valladolid","755",1
"HONDA","XL750 Transalp","Zaragoza","755",3
"HONDA","Z125MA","Álava/Araba","124",1
"HONDA","Z125MA","Barcelona","124",1
"HONDA","Z125MA","Cádiz","124",2
"HONDA","Z125MA","Granada","124",1
"HONDA","Z125MA","Málaga","124",1
"HONDA","Z125MA","Murcia","124",1
"HONDA","Z125MA","Palmas (Las)","124",1
"HONDA","Z125MA","Valencia/València","124",1
"HONDA","Z125MA","Valladolid","124",1
"HUSQVARNA","HQV 450 RALLY FACTORY","Barcelona","449",1
"HUSQVARNA","HUSQVARNA 701 ENDURO","Alicante/Alacant","693",1
"HUSQVARNA","HUSQVARNA 701 ENDURO","Girona","693",1
"HUSQVARNA","HUSQVARNA 701 SUPERMOT","Cádiz","693",1
"HUSQVARNA","HUSQVARNA 701 SUPERMOT","Cantabria","693",1
"HUSQVARNA","HUSQVARNA 701 SUPERMOT","Madrid","693",1
"HUSQVARNA","HUSQVARNA 701 SUPERMOT","Toledo","693",1
"HUSQVARNA","HUSQVARNA 801 SVARTPIL","Tarragona","799",1
"HUSQVARNA","HUSQVARNA 901 NORDEN","Barcelona","889",1
"HUSQVARNA","HUSQVARNA 901 NORDEN","Gipuzkoa","889",1
"HUSQVARNA","HUSQVARNA 901 NORDEN","Granada","889",1
"HUSQVARNA","HUSQVARNA 901 NORDEN","Málaga","889",1
"HUSQVARNA","HUSQVARNA 901 NORDEN","Murcia","889",1
"HUSQVARNA","HUSQVARNA 901 NORDEN E","Barcelona","889",1
"HUSQVARNA","HUSQVARNA 901 NORDEN E","Tarragona","889",1
"HUSQVARNA","HUSQVARNA FE 250","Cantabria","250",1
"HUSQVARNA","HUSQVARNA FE 350","Huelva","350",1
"HUSQVARNA","HUSQVARNA FE 350","Navarra","350",1
"HUSQVARNA","HUSQVARNA FE 450","Cáceres","450",1
"HUSQVARNA","HUSQVARNA FE 450","Cádiz","450",1
"HUSQVARNA","HUSQVARNA FE 501","Granada","510",1
"HUSQVARNA","HUSQVARNA SVARTPILEN 4","Barcelona","399",1
"HUSQVARNA","HUSQVARNA SVARTPILEN 4","Cantabria","399",1
"HUSQVARNA","HUSQVARNA SVARTPILEN 4","Granada","399",1
"HUSQVARNA","HUSQVARNA SVARTPILEN 4","Málaga","399",1
"HUSQVARNA","HUSQVARNA SVARTPILEN 4","Valencia/València","399",1
"HUSQVARNA","HUSQVARNA SVARTPILEN12","Alicante/Alacant","125",1
"HUSQVARNA","HUSQVARNA SVARTPILEN12","Madrid","125",4
"HUSQVARNA","HUSQVARNA SVARTPILEN12","Palmas (Las)","125",2
"HUSQVARNA","HUSQVARNA TE 250","Barcelona","249",1
"HUSQVARNA","HUSQVARNA TE 250","Santa Cruz de Tenerife","249",1
"HUSQVARNA","HUSQVARNA TE 300","Álava/Araba","293",1
"HUSQVARNA","HUSQVARNA TE 300","Badajoz","293",1
"HUSQVARNA","HUSQVARNA TE 300","Barcelona","293",3
"HUSQVARNA","HUSQVARNA TE 300","Burgos","293",1
"HUSQVARNA","HUSQVARNA TE 300","Cáceres","293",1
"HUSQVARNA","HUSQVARNA TE 300","Cantabria","293",2
"HUSQVARNA","HUSQVARNA TE 300","Castellón/Castelló","293",1
"HUSQVARNA","HUSQVARNA TE 300","Coruña (A)","293",1
"HUSQVARNA","HUSQVARNA TE 300","Granada","293",1
"HUSQVARNA","HUSQVARNA TE 300","Huesca","293",1
"HUSQVARNA","HUSQVARNA TE 300","León","293",1
"HUSQVARNA","HUSQVARNA TE 300","Madrid","293",1
"HUSQVARNA","HUSQVARNA TE 300","Málaga","293",1
"HUSQVARNA","HUSQVARNA TE 300","Murcia","293",1
"HUSQVARNA","HUSQVARNA TE 300","Ourense","293",1
"HUSQVARNA","HUSQVARNA TE 300","Santa Cruz de Tenerife","293",1
"HUSQVARNA","HUSQVARNA TE 300","Sevilla","293",1
"HUSQVARNA","HUSQVARNA TE 300","Valladolid","293",1
"HUSQVARNA","HUSQVARNA VITPILEN 125","Almería","125",1
"HUSQVARNA","HUSQVARNA VITPILEN 125","Guadalajara","125",1
"HUSQVARNA","HUSQVARNA VITPILEN 125","Lleida","125",1
"HUSQVARNA","HUSQVARNA VITPILEN 125","Zaragoza","125",1
"HUSQVARNA","HUSQVARNA VITPILEN 401","Barcelona","399",1
"HUSQVARNA","HUSQVARNA VITPILEN 401","Granada","399",1
"HYOSUNG","GV125S-EVO","Granada","125",1
"INDIAN MOTORCYCLE","101 SCOUT","Bizkaia","1250",1
"INDIAN MOTORCYCLE","101 SCOUT","Madrid","1250",1
"INDIAN MOTORCYCLE","101 SCOUT","Valencia/València","1250",1
"INDIAN MOTORCYCLE","CHIEF BOBBER DARK HORS","Granada","1890",1
"INDIAN MOTORCYCLE","CHIEF DARK HORSE","Palmas (Las)","1890",1
"INDIAN MOTORCYCLE","FTR","Huelva","1203",1
"INDIAN MOTORCYCLE","ROADMASTER","Madrid","1890",1
"INDIAN MOTORCYCLE","SCOUT BOBBER","Madrid","1250",1
"INDIAN MOTORCYCLE","SCOUT BOBBER LIMITED","Alicante/Alacant","1250",1
"INDIAN MOTORCYCLE","SCOUT SIXTY BOBBER","Girona","1000",1
"INDIAN MOTORCYCLE","SCOUT SIXTY BOBBER","Valencia/València","1000",1
"INDIAN MOTORCYCLE","SCOUT SIXTY BOBBER LIM","Cádiz","1000",1
"INDIAN MOTORCYCLE","SCOUT SIXTY BOBBER LIM","Pontevedra","1000",1
"INDIAN MOTORCYCLE","SPORT CHIEF RT","Palmas (Las)","1890",1
"INDIAN MOTORCYCLE","SPRINGFIELD","Madrid","1890",1
"INDIAN MOTORCYCLE","SUPER SCOUT LIMITED +","Barcelona","1250",1
"ITALJET","DRAGSTER125","Córdoba","124",1
"KAWASAKI","ELIMINATOR","Albacete","451",1
"KAWASAKI","ELIMINATOR","Alicante/Alacant","451",2
"KAWASAKI","ELIMINATOR","Barcelona","451",5
"KAWASAKI","ELIMINATOR","Bizkaia","451",1
"KAWASAKI","ELIMINATOR","Cádiz","451",1
"KAWASAKI","ELIMINATOR","Córdoba","451",1
"KAWASAKI","ELIMINATOR","Illes Balears","451",3
"KAWASAKI","ELIMINATOR","Sevilla","451",2
"KAWASAKI","ELIMINATOR","Toledo","451",1
"KAWASAKI","ELIMINATOR","Valencia/València","451",2
"KAWASAKI","ELIMINATOR","Zaragoza","451",1
"KAWASAKI","NINJA 1100SX","Barcelona","1099",5
"KAWASAKI","NINJA 1100SX","Burgos","1099",1
"KAWASAKI","NINJA 1100SX","Cádiz","1099",1
"KAWASAKI","NINJA 1100SX","Illes Balears","1099",1
"KAWASAKI","NINJA 1100SX","Madrid","1099",1
"KAWASAKI","NINJA 1100SX","Murcia","1099",1
"KAWASAKI","NINJA 1100SX","Ourense","1099",1
"KAWASAKI","NINJA 1100SX","Santa Cruz de Tenerife","1099",1
"KAWASAKI","NINJA 125","Badajoz","125",1
"KAWASAKI","NINJA 125","Cantabria","125",1
"KAWASAKI","NINJA 400","Almería","399",1
"KAWASAKI","NINJA 500","Alicante/Alacant","451",1
"KAWASAKI","NINJA 500","Almería","451",1
"KAWASAKI","NINJA 500","Barcelona","451",6
"KAWASAKI","NINJA 500","Illes Balears","451",1
"KAWASAKI","NINJA 500","Madrid","451",4
"KAWASAKI","NINJA 500","Málaga","451",3
"KAWASAKI","NINJA 500","Murcia","451",2
"KAWASAKI","NINJA 500","Pontevedra","451",1
"KAWASAKI","NINJA 500","Tarragona","451",1
"KAWASAKI","NINJA 500","Teruel","451",1
"KAWASAKI","NINJA 500","Toledo","451",1
"KAWASAKI","NINJA 500","Valencia/València","451",1
"KAWASAKI","NINJA 500","Zaragoza","451",1
"KAWASAKI","NINJA 650","Alicante/Alacant","649",5
"KAWASAKI","NINJA 650","Asturias","649",1
"KAWASAKI","NINJA 650","Barcelona","649",8
"KAWASAKI","NINJA 650","Castellón/Castelló","649",1
"KAWASAKI","NINJA 650","Girona","649",1
"KAWASAKI","NINJA 650","Granada","649",1
"KAWASAKI","NINJA 650","Illes Balears","649",3
"KAWASAKI","NINJA 650","León","649",1
"KAWASAKI","NINJA 650","Madrid","649",8
"KAWASAKI","NINJA 650","Málaga","649",1
"KAWASAKI","NINJA 650","Palencia","649",1
"KAWASAKI","NINJA 650","Palmas (Las)","649",2
"KAWASAKI","NINJA 650","Sevilla","649",3
"KAWASAKI","NINJA 650","Toledo","649",2
"KAWASAKI","NINJA 650","Valencia/València","649",1
"KAWASAKI","NINJA H2 SX","Valencia/València","998",1
"KAWASAKI","NINJA ZX-10R","Alicante/Alacant","998",1
"KAWASAKI","NINJA ZX-10R","Barcelona","998",1
"KAWASAKI","NINJA ZX-10R","Castellón/Castelló","998",1
"KAWASAKI","NINJA ZX-10R","Málaga","998",1
"KAWASAKI","NINJA ZX-4R","Barcelona","399",4
"KAWASAKI","NINJA ZX-4R","Bizkaia","399",2
"KAWASAKI","NINJA ZX-4R","Burgos","399",1
"KAWASAKI","NINJA ZX-4R","Coruña (A)","399",1
"KAWASAKI","NINJA ZX-4R","Gipuzkoa","399",1
"KAWASAKI","NINJA ZX-4R","Girona","399",1
"KAWASAKI","NINJA ZX-4R","Illes Balears","399",3
"KAWASAKI","NINJA ZX-4R","Jaén","399",1
"KAWASAKI","NINJA ZX-4R","Madrid","399",2
"KAWASAKI","NINJA ZX-4R","Palmas (Las)","399",1
"KAWASAKI","NINJA ZX-4R","Toledo","399",1
"KAWASAKI","NINJA ZX-4R","Valencia/València","399",3
"KAWASAKI","NINJA ZX-6R","Alicante/Alacant","636",1
"KAWASAKI","NINJA ZX-6R","Almería","636",1
"KAWASAKI","NINJA ZX-6R","Asturias","636",2
"KAWASAKI","NINJA ZX-6R","Barcelona","636",5
"KAWASAKI","NINJA ZX-6R","Bizkaia","636",1
"KAWASAKI","NINJA ZX-6R","Cantabria","636",1
"KAWASAKI","NINJA ZX-6R","Córdoba","636",2
"KAWASAKI","NINJA ZX-6R","Girona","636",1
"KAWASAKI","NINJA ZX-6R","Granada","636",3
"KAWASAKI","NINJA ZX-6R","Illes Balears","636",1
"KAWASAKI","NINJA ZX-6R","Jaén","636",1
"KAWASAKI","NINJA ZX-6R","Madrid","636",7
"KAWASAKI","NINJA ZX-6R","Málaga","636",1
"KAWASAKI","NINJA ZX-6R","Murcia","636",1
"KAWASAKI","NINJA ZX-6R","Pontevedra","636",1
"KAWASAKI","NINJA ZX-6R","Santa Cruz de Tenerife","636",2
"KAWASAKI","NINJA ZX-6R","Sevilla","636",1
"KAWASAKI","NINJA ZX-6R","Toledo","636",2
"KAWASAKI","NINJA ZX-6R","Valencia/València","636",4
"KAWASAKI","VERSYS 1100","Álava/Araba","1099",1
"KAWASAKI","VERSYS 1100","Albacete","1099",1
"KAWASAKI","VERSYS 1100","Alicante/Alacant","1099",1
"KAWASAKI","VERSYS 1100","Almería","1099",1
"KAWASAKI","VERSYS 1100","Badajoz","1099",1
"KAWASAKI","VERSYS 1100","Barcelona","1099",3
"KAWASAKI","VERSYS 1100","Cádiz","1099",1
"KAWASAKI","VERSYS 1100","Jaén","1099",1
"KAWASAKI","VERSYS 1100","León","1099",1
"KAWASAKI","VERSYS 1100","Madrid","1099",1
"KAWASAKI","VERSYS 1100","Málaga","1099",1
"KAWASAKI","VERSYS 1100","Murcia","1099",1
"KAWASAKI","VERSYS 1100","Salamanca","1099",1
"KAWASAKI","VERSYS 1100","Sevilla","1099",1
"KAWASAKI","VERSYS 1100","Tarragona","1099",1
"KAWASAKI","VERSYS 1100","Valencia/València","1099",2
"KAWASAKI","VERSYS 650","Alicante/Alacant","649",4
"KAWASAKI","VERSYS 650","Almería","649",3
"KAWASAKI","VERSYS 650","Asturias","649",1
"KAWASAKI","VERSYS 650","Barcelona","649",9
"KAWASAKI","VERSYS 650","Cádiz","649",1
"KAWASAKI","VERSYS 650","Cantabria","649",1
"KAWASAKI","VERSYS 650","Castellón/Castelló","649",2
"KAWASAKI","VERSYS 650","Gipuzkoa","649",1
"KAWASAKI","VERSYS 650","Granada","649",1
"KAWASAKI","VERSYS 650","Illes Balears","649",2
"KAWASAKI","VERSYS 650","Madrid","649",9
"KAWASAKI","VERSYS 650","Murcia","649",1
"KAWASAKI","VERSYS 650","Pontevedra","649",1
"KAWASAKI","VERSYS 650","Sevilla","649",1
"KAWASAKI","VERSYS 650","Tarragona","649",1
"KAWASAKI","VERSYS 650","Toledo","649",2
"KAWASAKI","VERSYS 650","Valencia/València","649",3
"KAWASAKI","VERSYS 650","Valladolid","649",1
"KAWASAKI","VULCAN S","Alicante/Alacant","649",1
"KAWASAKI","VULCAN S","Illes Balears","649",1
"KAWASAKI","VULCAN S","León","649",1
"KAWASAKI","VULCAN S","Madrid","649",5
"KAWASAKI","VULCAN S","Palmas (Las)","649",1
"KAWASAKI","VULCAN S","Pontevedra","649",1
"KAWASAKI","VULCAN S","Toledo","649",1
"KAWASAKI","VULCAN S","Valencia/València","649",3
"KAWASAKI","VULCAN S","Valladolid","649",1
"KAWASAKI","VULCAN S","Zaragoza","649",1
"KAWASAKI","W800","Valladolid","773",1
"KAWASAKI","Z H2","Álava/Araba","998",1
"KAWASAKI","Z H2","Barcelona","998",1
"KAWASAKI","Z1100","Almería","1099",1
"KAWASAKI","Z1100","Asturias","1099",1
"KAWASAKI","Z1100","Barcelona","1099",7
"KAWASAKI","Z1100","Cáceres","1099",1
"KAWASAKI","Z1100","Cantabria","1099",2
"KAWASAKI","Z1100","Castellón/Castelló","1099",1
"KAWASAKI","Z1100","Ciudad Real","1099",1
"KAWASAKI","Z1100","Córdoba","1099",1
"KAWASAKI","Z1100","Gipuzkoa","1099",1
"KAWASAKI","Z1100","Girona","1099",1
"KAWASAKI","Z1100","Granada","1099",2
"KAWASAKI","Z1100","Huelva","1099",1
"KAWASAKI","Z1100","Illes Balears","1099",4
"KAWASAKI","Z1100","Madrid","1099",5
"KAWASAKI","Z1100","Málaga","1099",1
"KAWASAKI","Z1100","Murcia","1099",1
"KAWASAKI","Z1100","Palencia","1099",2
"KAWASAKI","Z1100","Palmas (Las)","1099",2
"KAWASAKI","Z1100","Pontevedra","1099",1
"KAWASAKI","Z1100","Rioja (La)","1099",1
"KAWASAKI","Z1100","Santa Cruz de Tenerife","1099",2
"KAWASAKI","Z1100","Tarragona","1099",3
"KAWASAKI","Z1100","Toledo","1099",1
"KAWASAKI","Z1100","Valencia/València","1099",3
"KAWASAKI","Z1100","Valladolid","1099",1
"KAWASAKI","Z125","Álava/Araba","125",1
"KAWASAKI","Z125","Barcelona","125",1
"KAWASAKI","Z125","Girona","125",1
"KAWASAKI","Z125","Tarragona","125",1
"KAWASAKI","Z500","Alicante/Alacant","451",1
"KAWASAKI","Z500","Asturias","451",1
"KAWASAKI","Z500","Barcelona","451",9
"KAWASAKI","Z500","Cádiz","451",1
"KAWASAKI","Z500","Castellón/Castelló","451",1
"KAWASAKI","Z500","Ciudad Real","451",1
"KAWASAKI","Z500","Córdoba","451",1
"KAWASAKI","Z500","Gipuzkoa","451",1
"KAWASAKI","Z500","Guadalajara","451",1
"KAWASAKI","Z500","Madrid","451",8
"KAWASAKI","Z500","Málaga","451",1
"KAWASAKI","Z500","Murcia","451",1
"KAWASAKI","Z500","Pontevedra","451",1
"KAWASAKI","Z500","Sevilla","451",1
"KAWASAKI","Z500","Toledo","451",1
"KAWASAKI","Z500","Valencia/València","451",4
"KAWASAKI","Z500","Valladolid","451",1
"KAWASAKI","Z500","Zaragoza","451",1
"KAWASAKI","Z650","Albacete","649",2
"KAWASAKI","Z650","Alicante/Alacant","649",1
"KAWASAKI","Z650","Almería","649",1
"KAWASAKI","Z650","Badajoz","649",1
"KAWASAKI","Z650","Barcelona","649",15
"KAWASAKI","Z650","Cádiz","649",3
"KAWASAKI","Z650","Cantabria","649",2
"KAWASAKI","Z650","Castellón/Castelló","649",2
"KAWASAKI","Z650","Córdoba","649",1
"KAWASAKI","Z650","Coruña (A)","649",1
"KAWASAKI","Z650","Granada","649",1
"KAWASAKI","Z650","Illes Balears","649",3
"KAWASAKI","Z650","Jaén","649",1
"KAWASAKI","Z650","León","649",1
"KAWASAKI","Z650","Lleida","649",1
"KAWASAKI","Z650","Madrid","649",7
"KAWASAKI","Z650","Málaga","649",3
"KAWASAKI","Z650","Murcia","649",1
"KAWASAKI","Z650","Palmas (Las)","649",5
"KAWASAKI","Z650","Pontevedra","649",1
"KAWASAKI","Z650","Santa Cruz de Tenerife","649",7
"KAWASAKI","Z650","Sevilla","649",1
"KAWASAKI","Z650","Tarragona","649",2
"KAWASAKI","Z650","Valencia/València","649",5
"KAWASAKI","Z650","Valladolid","649",1
"KAWASAKI","Z650","Zamora","649",1
"KAWASAKI","Z650","Zaragoza","649",1
"KAWASAKI","Z650RS","Alicante/Alacant","649",1
"KAWASAKI","Z650RS","Almería","649",1
"KAWASAKI","Z650RS","Barcelona","649",4
"KAWASAKI","Z650RS","Burgos","649",1
"KAWASAKI","Z650RS","Cádiz","649",2
"KAWASAKI","Z650RS","Castellón/Castelló","649",1
"KAWASAKI","Z650RS","Illes Balears","649",2
"KAWASAKI","Z650RS","Madrid","649",5
"KAWASAKI","Z650RS","Málaga","649",1
"KAWASAKI","Z650RS","Ourense","649",1
"KAWASAKI","Z650RS","Palmas (Las)","649",1
"KAWASAKI","Z650RS","Salamanca","649",1
"KAWASAKI","Z650RS","Santa Cruz de Tenerife","649",1
"KAWASAKI","Z650RS","Valencia/València","649",1
"KAWASAKI","Z900","Albacete","948",3
"KAWASAKI","Z900","Alicante/Alacant","948",12
"KAWASAKI","Z900","Almería","948",2
"KAWASAKI","Z900","Asturias","948",3
"KAWASAKI","Z900","Badajoz","948",2
"KAWASAKI","Z900","Barcelona","948",20
"KAWASAKI","Z900","Bizkaia","948",5
"KAWASAKI","Z900","Burgos","948",2
"KAWASAKI","Z900","Cáceres","948",1
"KAWASAKI","Z900","Cádiz","948",12
"KAWASAKI","Z900","Cantabria","948",2
"KAWASAKI","Z900","Castellón/Castelló","948",4
"KAWASAKI","Z900","Córdoba","948",2
"KAWASAKI","Z900","Coruña (A)","948",6
"KAWASAKI","Z900","Gipuzkoa","948",1
"KAWASAKI","Z900","Girona","948",4
"KAWASAKI","Z900","Granada","948",4
"KAWASAKI","Z900","Guadalajara","948",2
"KAWASAKI","Z900","Huelva","948",1
"KAWASAKI","Z900","Huesca","948",1
"KAWASAKI","Z900","Illes Balears","948",6
"KAWASAKI","Z900","León","948",1
"KAWASAKI","Z900","Lleida","948",3
"KAWASAKI","Z900","Lugo","948",1
"KAWASAKI","Z900","Madrid","948",19
"KAWASAKI","Z900","Málaga","948",7
"KAWASAKI","Z900","Murcia","948",5
"KAWASAKI","Z900","Navarra","948",2
"KAWASAKI","Z900","Ourense","948",1
"KAWASAKI","Z900","Palencia","948",1
"KAWASAKI","Z900","Palmas (Las)","948",13
"KAWASAKI","Z900","Pontevedra","948",5
"KAWASAKI","Z900","Rioja (La)","948",1
"KAWASAKI","Z900","Santa Cruz de Tenerife","948",7
"KAWASAKI","Z900","Sevilla","948",12
"KAWASAKI","Z900","Tarragona","948",1
"KAWASAKI","Z900","Toledo","948",1
"KAWASAKI","Z900","Valencia/València","948",20
"KAWASAKI","Z900","Valladolid","948",1
"KEEWAY","FACT EVO 125","Barcelona","125",1
"KEEWAY","GEMMA","Cádiz","117",1
"KEEWAY","GEMMA","Castellón/Castelló","117",1
"KEEWAY","GEMMA","Ceuta","117",3
"KEEWAY","GEMMA","Málaga","117",1
"KEEWAY","GEMMA","Murcia","117",2
"KEEWAY","GEMMA","Sevilla","117",1
"KEEWAY","GEMMA","Valencia/València","117",1
"KEEWAY","ICON 125 S","Alicante/Alacant","124",1
"KEEWAY","ICON 125 S","Cádiz","124",3
"KEEWAY","ICON 125 S","Córdoba","124",1
"KEEWAY","ICON 125 S","Granada","124",1
"KEEWAY","ICON 125 S","Huelva","124",1
"KEEWAY","ICON 125 S","Málaga","124",1
"KEEWAY","ICON 125 S","Santa Cruz de Tenerife","124",1
"KEEWAY","M502N","Toledo","486",1
"KEEWAY","M502N","Valencia/València","486",1
"KEEWAY","RKF 125 ABS","Alicante/Alacant","125",3
"KEEWAY","RKF 125 ABS","Barcelona","125",1
"KEEWAY","RKF 125 ABS","Córdoba","125",1
"KEEWAY","RKF 125 ABS","Murcia","125",1
"KEEWAY","RKF 125 ABS","Pontevedra","125",1
"KEEWAY","RKF 125 ABS","Toledo","125",2
"KEEWAY","RKF 125 ABS","Zaragoza","125",2
"KEEWAY","RKF 125 CBS","Segovia","125",1
"KEEWAY","RKS 125","Alicante/Alacant","124",1
"KEEWAY","RKS 125","Asturias","124",1
"KEEWAY","RKS 125","Barcelona","124",1
"KEEWAY","RKS 125","Bizkaia","124",1
"KEEWAY","RKS 125","Huelva","124",1
"KEEWAY","RKS 125","Jaén","124",1
"KEEWAY","RKS 125","Lleida","124",1
"KEEWAY","RKS 125","Madrid","124",5
"KEEWAY","RKS 125","Navarra","124",1
"KEEWAY","RKS 125","Palmas (Las)","124",1
"KEEWAY","RKS 125","Sevilla","124",1
"KEEWAY","RKS 125","Tarragona","124",1
"KEEWAY","RKS 125","Zaragoza","124",1
"KEEWAY","V-CRUISE 125","Huesca","125",1
"KEEWAY","V302C","Valencia/València","298",1
"KEEWAY","VERSILIA 125","Cádiz","125",2
"KEEWAY","VERSILIA 125","Valencia/València","125",1
"KEEWAY","VIESTE 125","Alicante/Alacant","125",1
"KEEWAY","VIESTE 125","Almería","125",1
"KEEWAY","VIESTE 125","Barcelona","125",2
"KEEWAY","VIESTE 125","Cádiz","125",1
"KEEWAY","VIESTE 125","Córdoba","125",1
"KEEWAY","VIESTE 125","Guadalajara","125",1
"KEEWAY","VIESTE 125","Huelva","125",1
"KEEWAY","VIESTE 125","Jaén","125",1
"KEEWAY","VIESTE 125","Madrid","125",8
"KEEWAY","VIESTE 125","Málaga","125",1
"KEEWAY","VIESTE 125","Salamanca","125",3
"KEEWAY","VIESTE 125","Sevilla","125",1
"KEEWAY","VIESTE 125","Tarragona","125",2
"KEEWAY","VIESTE 125","Toledo","125",1
"KEEWAY","VIESTE 125","Valencia/València","125",1
"KEEWAY","VIESTE 125","Zaragoza","125",1
"KEEWAY","VIESTE 125LX","Almería","125",1
"KEEWAY","VIESTE 125LX","Badajoz","125",1
"KEEWAY","VIESTE 125LX","Santa Cruz de Tenerife","125",1
"KEEWAY","VIESTE 125LX","Sevilla","125",1
"KEEWAY","VIESTE 125XDV","Alicante/Alacant","125",2
"KEEWAY","VIESTE 125XDV","Granada","125",1
"KEEWAY","VIESTE 125XDV","Sevilla","125",1
"KEEWAY","VIESTE 300XDV","Cádiz","278",1
"KEEWAY","VIESTE 300XDV","Madrid","278",1
"KEEWAY","VIESTE300 XDV","Badajoz","278",1
"KEEWAY","X-LIGHT 125","Alicante/Alacant","125",1
"KEEWAY","X-LIGHT 125","Badajoz","125",1
"KEEWAY","X-LIGHT 125","Barcelona","125",1
"KEEWAY","X-LIGHT 125","Ceuta","125",1
"KEEWAY","X-LIGHT 125","Madrid","125",1
"KEEWAY","XDV 125 EVO PRO","Albacete","125",1
"KEEWAY","XDV 125 EVO PRO","Alicante/Alacant","125",4
"KEEWAY","XDV 125 EVO PRO","Almería","125",1
"KEEWAY","XDV 125 EVO PRO","Asturias","125",2
"KEEWAY","XDV 125 EVO PRO","Badajoz","125",1
"KEEWAY","XDV 125 EVO PRO","Barcelona","125",6
"KEEWAY","XDV 125 EVO PRO","Bizkaia","125",1
"KEEWAY","XDV 125 EVO PRO","Cádiz","125",2
"KEEWAY","XDV 125 EVO PRO","Ceuta","125",4
"KEEWAY","XDV 125 EVO PRO","Coruña (A)","125",1
"KEEWAY","XDV 125 EVO PRO","Granada","125",2
"KEEWAY","XDV 125 EVO PRO","Huelva","125",1
"KEEWAY","XDV 125 EVO PRO","Jaén","125",3
"KEEWAY","XDV 125 EVO PRO","León","125",1
"KEEWAY","XDV 125 EVO PRO","Madrid","125",4
"KEEWAY","XDV 125 EVO PRO","Málaga","125",12
"KEEWAY","XDV 125 EVO PRO","Murcia","125",1
"KEEWAY","XDV 125 EVO PRO","Palmas (Las)","125",14
"KEEWAY","XDV 125 EVO PRO","Salamanca","125",1
"KEEWAY","XDV 125 EVO PRO","Santa Cruz de Tenerife","125",1
"KEEWAY","XDV 125 EVO PRO","Sevilla","125",5
"KEEWAY","XDV 125 EVO PRO","Valencia/València","125",2
"KEEWAY","XDV 125 EVO PRO","Valladolid","125",1
"KOVE","450 RALLY","Alicante/Alacant","449",2
"KOVE","450 RALLY","Asturias","449",1
"KOVE","450 RALLY","Ávila","449",1
"KOVE","450 RALLY","Barcelona","449",6
"KOVE","450 RALLY","Bizkaia","449",1
"KOVE","450 RALLY","Castellón/Castelló","449",1
"KOVE","450 RALLY","Ciudad Real","449",1
"KOVE","450 RALLY","Girona","449",1
"KOVE","450 RALLY","Granada","449",3
"KOVE","450 RALLY","Lleida","449",1
"KOVE","450 RALLY","Madrid","449",3
"KOVE","450 RALLY","Málaga","449",1
"KOVE","450 RALLY","Palmas (Las)","449",1
"KOVE","450 RALLY","Rioja (La)","449",1
"KOVE","450 RALLY","Segovia","449",1
"KOVE","450 RALLY","Tarragona","449",1
"KOVE","450 RALLY E5+","Girona","449",1
"KOVE","KOVE 800 X PRO","Alicante/Alacant","799",1
"KOVE","KOVE 800 X PRO","Almería","799",4
"KOVE","KOVE 800 X PRO","Asturias","799",1
"KOVE","KOVE 800 X PRO","Ávila","799",1
"KOVE","KOVE 800 X PRO","Barcelona","799",44
"KOVE","KOVE 800 X PRO","Bizkaia","799",2
"KOVE","KOVE 800 X PRO","Burgos","799",3
"KOVE","KOVE 800 X PRO","Cáceres","799",1
"KOVE","KOVE 800 X PRO","Cádiz","799",4
"KOVE","KOVE 800 X PRO","Cantabria","799",6
"KOVE","KOVE 800 X PRO","Ciudad Real","799",2
"KOVE","KOVE 800 X PRO","Coruña (A)","799",2
"KOVE","KOVE 800 X PRO","Gipuzkoa","799",1
"KOVE","KOVE 800 X PRO","Girona","799",5
"KOVE","KOVE 800 X PRO","Granada","799",5
"KOVE","KOVE 800 X PRO","Guadalajara","799",3
"KOVE","KOVE 800 X PRO","Huesca","799",2
"KOVE","KOVE 800 X PRO","Illes Balears","799",1
"KOVE","KOVE 800 X PRO","Jaén","799",2
"KOVE","KOVE 800 X PRO","León","799",3
"KOVE","KOVE 800 X PRO","Lleida","799",2
"KOVE","KOVE 800 X PRO","Madrid","799",7
"KOVE","KOVE 800 X PRO","Málaga","799",7
"KOVE","KOVE 800 X PRO","Murcia","799",2
"KOVE","KOVE 800 X PRO","Navarra","799",1
"KOVE","KOVE 800 X PRO","Ourense","799",1
"KOVE","KOVE 800 X PRO","Palmas (Las)","799",1
"KOVE","KOVE 800 X PRO","Pontevedra","799",1
"KOVE","KOVE 800 X PRO","Segovia","799",1
"KOVE","KOVE 800 X PRO","Sevilla","799",3
"KOVE","KOVE 800 X PRO","Tarragona","799",4
"KOVE","KOVE 800 X PRO","Toledo","799",1
"KOVE","KOVE 800 X PRO","Valencia/València","799",6
"KOVE","KOVE 800 X PRO","Valladolid","799",3
"KOVE","KOVE 800 X PRO","Zaragoza","799",3
"KOVE","KOVE 800 X RALLY","Alicante/Alacant","799",2
"KOVE","KOVE 800 X RALLY","Barcelona","799",3
"KOVE","KOVE 800 X RALLY","Girona","799",1
"KOVE","KOVE 800 X RALLY","Madrid","799",2
"KOVE","KOVE 800 X RALLY","Tarragona","799",1
"KOVE","KOVE 800 X RALLY","Valencia/València","799",1
"KOVE","NK 125 R","Barcelona","125",1
"KOVE","NK 125 R","Burgos","125",1
"KOVE","NK 125 R","Málaga","125",1
"KOVE","NK 125 R","Navarra","125",1
"KOVE","NK 125 R","Palmas (Las)","125",1
"KOVE","NK 125 R","Rioja (La)","125",1
"KTM","KTM 125 DUKE","Alicante/Alacant","125",2
"KTM","KTM 125 DUKE","Badajoz","125",1
"KTM","KTM 125 DUKE","Barcelona","125",4
"KTM","KTM 125 DUKE","Cádiz","125",1
"KTM","KTM 125 DUKE","Cantabria","125",1
"KTM","KTM 125 DUKE","Castellón/Castelló","125",1
"KTM","KTM 125 DUKE","Ciudad Real","125",1
"KTM","KTM 125 DUKE","Córdoba","125",1
"KTM","KTM 125 DUKE","Girona","125",1
"KTM","KTM 125 DUKE","Granada","125",2
"KTM","KTM 125 DUKE","Illes Balears","125",2
"KTM","KTM 125 DUKE","Madrid","125",10
"KTM","KTM 125 DUKE","Málaga","125",3
"KTM","KTM 125 DUKE","Murcia","125",1
"KTM","KTM 125 DUKE","Navarra","125",4
"KTM","KTM 125 DUKE","Palmas (Las)","125",2
"KTM","KTM 125 DUKE","Santa Cruz de Tenerife","125",4
"KTM","KTM 125 DUKE","Sevilla","125",1
"KTM","KTM 125 DUKE","Toledo","125",1
"KTM","KTM 125 DUKE","Valencia/València","125",3
"KTM","KTM 125 ENDURO","Alicante/Alacant","125",1
"KTM","KTM 125 ENDURO","Asturias","125",1
"KTM","KTM 125 ENDURO","Badajoz","125",1
"KTM","KTM 125 ENDURO","Barcelona","125",2
"KTM","KTM 125 ENDURO","Ceuta","125",1
"KTM","KTM 125 ENDURO","Gipuzkoa","125",1
"KTM","KTM 125 ENDURO","Girona","125",1
"KTM","KTM 125 ENDURO","Granada","125",2
"KTM","KTM 125 ENDURO","Huelva","125",1
"KTM","KTM 125 ENDURO","Huesca","125",1
"KTM","KTM 125 ENDURO","Illes Balears","125",1
"KTM","KTM 125 ENDURO","Lleida","125",1
"KTM","KTM 125 ENDURO","Madrid","125",1
"KTM","KTM 125 ENDURO","Sevilla","125",1
"KTM","KTM 125 SMC R","Albacete","125",1
"KTM","KTM 125 SMC R","Barcelona","125",2
"KTM","KTM 125 SMC R","León","125",1
"KTM","KTM 125 SMC R","Málaga","125",1
"KTM","KTM 125 SMC R","Valencia/València","125",1
"KTM","KTM 1290 SUPER ADVENTU","Lleida","1301",1
"KTM","KTM 1290 SUPER ADVENTU","Murcia","1301",1
"KTM","KTM 1290 SUPER DUKE GT","Toledo","1301",1
"KTM","KTM 1390 SUPER DUKE R","Girona","1350",1
"KTM","KTM 150 EXC","Salamanca","144",1
"KTM","KTM 250 EXC","Barcelona","249",2
"KTM","KTM 250 EXC","Castellón/Castelló","249",2
"KTM","KTM 250 EXC","Huelva","249",1
"KTM","KTM 250 EXC","Madrid","249",4
"KTM","KTM 250 EXC","Rioja (La)","249",1
"KTM","KTM 250 EXC","Soria","249",1
"KTM","KTM 250 EXC","Valencia/València","249",1
"KTM","KTM 300 EXC","Álava/Araba","293",1
"KTM","KTM 300 EXC","Alicante/Alacant","293",2
"KTM","KTM 300 EXC","Almería","293",1
"KTM","KTM 300 EXC","Asturias","293",1
"KTM","KTM 300 EXC","Badajoz","293",5
"KTM","KTM 300 EXC","Barcelona","293",5
"KTM","KTM 300 EXC","Bizkaia","293",1
"KTM","KTM 300 EXC","Burgos","293",1
"KTM","KTM 300 EXC","Cáceres","293",1
"KTM","KTM 300 EXC","Cádiz","293",4
"KTM","KTM 300 EXC","Cantabria","293",1
"KTM","KTM 300 EXC","Ceuta","293",1
"KTM","KTM 300 EXC","Córdoba","293",1
"KTM","KTM 300 EXC","Coruña (A)","293",1
"KTM","KTM 300 EXC","Girona","293",2
"KTM","KTM 300 EXC","Granada","293",1
"KTM","KTM 300 EXC","Guadalajara","293",1
"KTM","KTM 300 EXC","Huelva","293",3
"KTM","KTM 300 EXC","Huesca","293",1
"KTM","KTM 300 EXC","Jaén","293",1
"KTM","KTM 300 EXC","León","293",3
"KTM","KTM 300 EXC","Lugo","293",2
"KTM","KTM 300 EXC","Madrid","293",8
"KTM","KTM 300 EXC","Málaga","293",10
"KTM","KTM 300 EXC","Navarra","293",1
"KTM","KTM 300 EXC","Pontevedra","293",1
"KTM","KTM 300 EXC","Rioja (La)","293",2
"KTM","KTM 300 EXC","Salamanca","293",2
"KTM","KTM 300 EXC","Sevilla","293",4
"KTM","KTM 300 EXC","Soria","293",1
"KTM","KTM 300 EXC","Tarragona","293",3
"KTM","KTM 300 EXC","Toledo","293",1
"KTM","KTM 300 EXC","Valencia/València","293",2
"KTM","KTM 300 EXC","Zaragoza","293",3
"KTM","KTM 350 EXC-F","Barcelona","350",2
"KTM","KTM 350 EXC-F","Cáceres","350",1
"KTM","KTM 350 EXC-F","Castellón/Castelló","350",1
"KTM","KTM 350 EXC-F","Granada","350",1
"KTM","KTM 350 EXC-F","Guadalajara","350",1
"KTM","KTM 350 EXC-F","Málaga","350",3
"KTM","KTM 390 ADVENTURE","Alicante/Alacant","373",1
"KTM","KTM 390 ADVENTURE","Almería","373",1
"KTM","KTM 390 ADVENTURE","Barcelona","373",1
"KTM","KTM 390 ADVENTURE","Valencia/València","373",1
"KTM","KTM 390 ADVENTURE R","Alicante/Alacant","399",1
"KTM","KTM 390 ADVENTURE R","Barcelona","399",9
"KTM","KTM 390 ADVENTURE R","Bizkaia","399",2
"KTM","KTM 390 ADVENTURE R","Burgos","399",1
"KTM","KTM 390 ADVENTURE R","Cáceres","399",1
"KTM","KTM 390 ADVENTURE R","Cádiz","399",1
"KTM","KTM 390 ADVENTURE R","Cantabria","399",1
"KTM","KTM 390 ADVENTURE R","Castellón/Castelló","399",3
"KTM","KTM 390 ADVENTURE R","Ciudad Real","399",2
"KTM","KTM 390 ADVENTURE R","Girona","399",2
"KTM","KTM 390 ADVENTURE R","Granada","399",4
"KTM","KTM 390 ADVENTURE R","Guadalajara","399",1
"KTM","KTM 390 ADVENTURE R","Huesca","399",1
"KTM","KTM 390 ADVENTURE R","Illes Balears","399",1
"KTM","KTM 390 ADVENTURE R","Jaén","399",1
"KTM","KTM 390 ADVENTURE R","León","399",3
"KTM","KTM 390 ADVENTURE R","Lleida","399",1
"KTM","KTM 390 ADVENTURE R","Madrid","399",4
"KTM","KTM 390 ADVENTURE R","Málaga","399",3
"KTM","KTM 390 ADVENTURE R","Navarra","399",1
"KTM","KTM 390 ADVENTURE R","Rioja (La)","399",1
"KTM","KTM 390 ADVENTURE R","Santa Cruz de Tenerife","399",1
"KTM","KTM 390 ADVENTURE R","Sevilla","399",4
"KTM","KTM 390 ADVENTURE R","Tarragona","399",1
"KTM","KTM 390 ADVENTURE R","Toledo","399",3
"KTM","KTM 390 ADVENTURE R","Valladolid","399",2
"KTM","KTM 390 ADVENTURE X","Alicante/Alacant","399",2
"KTM","KTM 390 ADVENTURE X","Barcelona","399",1
"KTM","KTM 390 ADVENTURE X","Bizkaia","399",1
"KTM","KTM 390 ADVENTURE X","Granada","399",1
"KTM","KTM 390 ADVENTURE X","Málaga","399",1
"KTM","KTM 390 ADVENTURE X","Sevilla","399",1
"KTM","KTM 390 ADVENTURE X","Toledo","399",1
"KTM","KTM 390 DUKE","Alicante/Alacant","399",1
"KTM","KTM 390 DUKE","Barcelona","399",2
"KTM","KTM 390 DUKE","Cádiz","399",2
"KTM","KTM 390 DUKE","Cantabria","399",1
"KTM","KTM 390 DUKE","Girona","399",1
"KTM","KTM 390 DUKE","Málaga","399",1
"KTM","KTM 390 DUKE","Valencia/València","399",1
"KTM","KTM 390 DUKE","Zaragoza","399",2
"KTM","KTM 390 ENDURO","Álava/Araba","399",1
"KTM","KTM 390 ENDURO","Alicante/Alacant","399",1
"KTM","KTM 390 ENDURO","Barcelona","399",1
"KTM","KTM 390 ENDURO","Burgos","399",1
"KTM","KTM 390 ENDURO","Illes Balears","399",1
"KTM","KTM 390 ENDURO","Lleida","399",1
"KTM","KTM 390 ENDURO","Madrid","399",4
"KTM","KTM 390 ENDURO","Málaga","399",3
"KTM","KTM 390 ENDURO","Navarra","399",3
"KTM","KTM 390 ENDURO","Valencia/València","399",4
"KTM","KTM 390 ENDURO","Valladolid","399",1
"KTM","KTM 390 SMC R","Asturias","399",1
"KTM","KTM 390 SMC R","Barcelona","399",4
"KTM","KTM 390 SMC R","Girona","399",1
"KTM","KTM 390 SMC R","León","399",1
"KTM","KTM 390 SMC R","Málaga","399",1
"KTM","KTM 390 SMC R","Santa Cruz de Tenerife","399",1
"KTM","KTM 390 SMC R","Tarragona","399",1
"KTM","KTM 450 EXC-F","Albacete","450",1
"KTM","KTM 450 EXC-F","Alicante/Alacant","450",1
"KTM","KTM 450 EXC-F","Cáceres","450",1
"KTM","KTM 450 EXC-F","Illes Balears","450",1
"KTM","KTM 450 EXC-F","Madrid","450",1
"KTM","KTM 450 EXC-F","Málaga","450",1
"KTM","KTM 450 EXC-F","Palmas (Las)","450",1
"KTM","KTM 450 EXC-F","Tarragona","450",1
"KTM","KTM 450 RALLY FACTORY","Alicante/Alacant","449",1
"KTM","KTM 450 RALLY FACTORY","Barcelona","449",2
"KTM","KTM 450 RALLY FACTORY","Ciudad Real","449",1
"KTM","KTM 450 RALLY FACTORY","Gipuzkoa","449",1
"KTM","KTM 450 RALLY FACTORY","Lleida","449",1
"KTM","KTM 450 RALLY FACTORY","Rioja (La)","449",1
"KTM","KTM 690 ENDURO R","Cantabria","693",1
"KTM","KTM 690 ENDURO R","Murcia","693",1
"KTM","KTM 690 ENDURO R","Zaragoza","693",1
"KTM","KTM 690 SMC R","Barcelona","693",1
"KTM","KTM 690 SMC R","Zaragoza","693",1
"KTM","KTM 790 ADVENTURE","Alicante/Alacant","799",1
"KTM","KTM 790 ADVENTURE","Almería","799",1
"KTM","KTM 790 ADVENTURE","Barcelona","799",2
"KTM","KTM 790 ADVENTURE","Cádiz","799",1
"KTM","KTM 790 ADVENTURE","Sevilla","799",1
"KTM","KTM 790 ADVENTURE","Valencia/València","799",1
"KTM","KTM 790 DUKE","Alicante/Alacant","799",1
"KTM","KTM 790 DUKE","Santa Cruz de Tenerife","799",1
"KTM","KTM 890 ADVENTURE","Barcelona","889",2
"KTM","KTM 890 ADVENTURE","Cádiz","889",1
"KTM","KTM 890 ADVENTURE","Guadalajara","889",1
"KTM","KTM 890 ADVENTURE","Lleida","889",1
"KTM","KTM 890 ADVENTURE","Málaga","889",1
"KTM","KTM 890 ADVENTURE","Valencia/València","889",1
"KTM","KTM 890 ADVENTURE R","Alicante/Alacant","889",1
"KTM","KTM 890 ADVENTURE R","Barcelona","889",2
"KTM","KTM 890 ADVENTURE R","Bizkaia","889",1
"KTM","KTM 890 ADVENTURE R","Burgos","889",1
"KTM","KTM 890 ADVENTURE R","Ceuta","889",1
"KTM","KTM 890 ADVENTURE R","Jaén","889",1
"KTM","KTM 890 ADVENTURE R","Madrid","889",4
"KTM","KTM 890 ADVENTURE R","Navarra","889",1
"KTM","KTM 890 SM T","Málaga","889",2
"KTM","KTM 990 DUKE","Coruña (A)","947",1
"KTM","KTM 990 DUKE","Huelva","947",1
"KTM","KTM 990 DUKE","Málaga","947",1
"KTM","KTM RC 390","Madrid","373",1
"KTM","KTM RC 390","Málaga","373",1
"KYMCO","AGILITY CITY 125","Ceuta","125",1
"KYMCO","AGILITY S","Álava/Araba","125",2
"KYMCO","AGILITY S","Alicante/Alacant","125",15
"KYMCO","AGILITY S","Almería","125",8
"KYMCO","AGILITY S","Asturias","125",2
"KYMCO","AGILITY S","Barcelona","125",37
"KYMCO","AGILITY S","Bizkaia","125",8
"KYMCO","AGILITY S","Cáceres","125",3
"KYMCO","AGILITY S","Cádiz","125",28
"KYMCO","AGILITY S","Castellón/Castelló","125",2
"KYMCO","AGILITY S","Ceuta","125",4
"KYMCO","AGILITY S","Ciudad Real","125",2
"KYMCO","AGILITY S","Córdoba","125",1
"KYMCO","AGILITY S","Coruña (A)","125",3
"KYMCO","AGILITY S","Gipuzkoa","125",5
"KYMCO","AGILITY S","Girona","125",4
"KYMCO","AGILITY S","Granada","125",10
"KYMCO","AGILITY S","Guadalajara","125",1
"KYMCO","AGILITY S","Huelva","125",2
"KYMCO","AGILITY S","Huesca","125",1
"KYMCO","AGILITY S","Illes Balears","125",10
"KYMCO","AGILITY S","Jaén","125",2
"KYMCO","AGILITY S","León","125",1
"KYMCO","AGILITY S","Lleida","125",1
"KYMCO","AGILITY S","Madrid","125",17
"KYMCO","AGILITY S","Málaga","125",39
"KYMCO","AGILITY S","Melilla","125",1
"KYMCO","AGILITY S","Murcia","125",15
"KYMCO","AGILITY S","Navarra","125",3
"KYMCO","AGILITY S","Palmas (Las)","125",5
"KYMCO","AGILITY S","Pontevedra","125",1
"KYMCO","AGILITY S","Rioja (La)","125",1
"KYMCO","AGILITY S","Santa Cruz de Tenerife","125",3
"KYMCO","AGILITY S","Segovia","125",1
"KYMCO","AGILITY S","Sevilla","125",18
"KYMCO","AGILITY S","Tarragona","125",2
"KYMCO","AGILITY S","Valencia/València","125",21
"KYMCO","AGILITY S","Valladolid","125",2
"KYMCO","AGILITY S","Zaragoza","125",8
"KYMCO","AK 550","Badajoz","550",1
"KYMCO","AK 550","Granada","550",1
"KYMCO","AK 550","Valencia/València","550",1
"KYMCO","DTX","Albacete","124",1
"KYMCO","DTX","Alicante/Alacant","124",9
"KYMCO","DTX","Almería","124",1
"KYMCO","DTX","Asturias","124",2
"KYMCO","DTX","Badajoz","124",3
"KYMCO","DTX","Barcelona","124",11
"KYMCO","DTX","Bizkaia","124",1
"KYMCO","DTX","Cádiz","124",8
"KYMCO","DTX","Castellón/Castelló","124",1
"KYMCO","DTX","Córdoba","124",2
"KYMCO","DTX","Coruña (A)","124",1
"KYMCO","DTX","Girona","124",1
"KYMCO","DTX","Granada","124",4
"KYMCO","DTX","Huesca","124",1
"KYMCO","DTX","Illes Balears","124",5
"KYMCO","DTX","Jaén","124",3
"KYMCO","DTX","Madrid","124",3
"KYMCO","DTX","Málaga","124",3
"KYMCO","DTX","Murcia","124",7
"KYMCO","DTX","Navarra","124",1
"KYMCO","DTX","Pontevedra","124",2
"KYMCO","DTX","Santa Cruz de Tenerife","124",2
"KYMCO","DTX","Sevilla","124",1
"KYMCO","DTX","Tarragona","124",4
"KYMCO","DTX","Toledo","124",1
"KYMCO","DTX","Valencia/València","124",7
"KYMCO","DTX","Zaragoza","124",1
"KYMCO","DTX 125","Alicante/Alacant","124",2
"KYMCO","DTX 350","Barcelona","321",1
"KYMCO","PEOPLE S 125 E5+","Almería","125",2
"KYMCO","PEOPLE S 125 E5+","Barcelona","125",32
"KYMCO","PEOPLE S 125 E5+","Cádiz","125",1
"KYMCO","PEOPLE S 125 E5+","Cantabria","125",1
"KYMCO","PEOPLE S 125 E5+","Coruña (A)","125",1
"KYMCO","PEOPLE S 125 E5+","Gipuzkoa","125",2
"KYMCO","PEOPLE S 125 E5+","Girona","125",1
"KYMCO","PEOPLE S 125 E5+","Granada","125",2
"KYMCO","PEOPLE S 125 E5+","Illes Balears","125",1
"KYMCO","PEOPLE S 125 E5+","Jaén","125",1
"KYMCO","PEOPLE S 125 E5+","Lleida","125",1
"KYMCO","PEOPLE S 125 E5+","Madrid","125",3
"KYMCO","PEOPLE S 125 E5+","Málaga","125",5
"KYMCO","PEOPLE S 125 E5+","Navarra","125",1
"KYMCO","PEOPLE S 125 E5+","Rioja (La)","125",1
"KYMCO","PEOPLE S 125 E5+","Zaragoza","125",1
"KYMCO","SKYTOWN 125","Álava/Araba","125",1
"KYMCO","SKYTOWN 125","Albacete","125",2
"KYMCO","SKYTOWN 125","Alicante/Alacant","125",8
"KYMCO","SKYTOWN 125","Almería","125",5
"KYMCO","SKYTOWN 125","Asturias","125",1
"KYMCO","SKYTOWN 125","Badajoz","125",3
"KYMCO","SKYTOWN 125","Barcelona","125",33
"KYMCO","SKYTOWN 125","Bizkaia","125",8
"KYMCO","SKYTOWN 125","Cádiz","125",17
"KYMCO","SKYTOWN 125","Cantabria","125",2
"KYMCO","SKYTOWN 125","Castellón/Castelló","125",3
"KYMCO","SKYTOWN 125","Ciudad Real","125",2
"KYMCO","SKYTOWN 125","Córdoba","125",5
"KYMCO","SKYTOWN 125","Gipuzkoa","125",2
"KYMCO","SKYTOWN 125","Girona","125",2
"KYMCO","SKYTOWN 125","Granada","125",7
"KYMCO","SKYTOWN 125","Huelva","125",2
"KYMCO","SKYTOWN 125","Illes Balears","125",13
"KYMCO","SKYTOWN 125","Jaén","125",2
"KYMCO","SKYTOWN 125","Lleida","125",2
"KYMCO","SKYTOWN 125","Lugo","125",1
"KYMCO","SKYTOWN 125","Madrid","125",29
"KYMCO","SKYTOWN 125","Málaga","125",13
"KYMCO","SKYTOWN 125","Murcia","125",10
"KYMCO","SKYTOWN 125","Navarra","125",1
"KYMCO","SKYTOWN 125","Palmas (Las)","125",4
"KYMCO","SKYTOWN 125","Pontevedra","125",4
"KYMCO","SKYTOWN 125","Rioja (La)","125",1
"KYMCO","SKYTOWN 125","Salamanca","125",1
"KYMCO","SKYTOWN 125","Santa Cruz de Tenerife","125",1
"KYMCO","SKYTOWN 125","Segovia","125",2
"KYMCO","SKYTOWN 125","Sevilla","125",13
"KYMCO","SKYTOWN 125","Soria","125",1
"KYMCO","SKYTOWN 125","Tarragona","125",1
"KYMCO","SKYTOWN 125","Toledo","125",3
"KYMCO","SKYTOWN 125","Valencia/València","125",29
"KYMCO","SKYTOWN 125","Valladolid","125",3
"KYMCO","SKYTOWN 125","Zaragoza","125",8
"KYMCO","SUPER DINK GT","Alicante/Alacant","321",1
"KYMCO","SUPER DINK GT","Almería","321",1
"KYMCO","SUPER DINK GT","Asturias","321",3
"KYMCO","SUPER DINK GT","Barcelona","321",13
"KYMCO","SUPER DINK GT","Bizkaia","321",4
"KYMCO","SUPER DINK GT","Cádiz","321",4
"KYMCO","SUPER DINK GT","Castellón/Castelló","321",1
"KYMCO","SUPER DINK GT","Guadalajara","321",1
"KYMCO","SUPER DINK GT","Illes Balears","321",2
"KYMCO","SUPER DINK GT","Jaén","321",1
"KYMCO","SUPER DINK GT","Madrid","321",15
"KYMCO","SUPER DINK GT","Málaga","321",4
"KYMCO","SUPER DINK GT","Murcia","321",3
"KYMCO","SUPER DINK GT","Pontevedra","321",1
"KYMCO","SUPER DINK GT","Santa Cruz de Tenerife","321",2
"KYMCO","SUPER DINK GT","Sevilla","321",1
"KYMCO","SUPER DINK GT","Tarragona","321",1
"KYMCO","SUPER DINK GT","Valencia/València","321",8
"KYMCO","SUPER DINK GT","Zamora","321",1
"KYMCO","SUPER DINK GT","Zaragoza","321",2
"KYMCO","SUPER DINK GT 125 E5+","Alicante/Alacant","124",4
"KYMCO","SUPER DINK GT 125 E5+","Asturias","124",1
"KYMCO","SUPER DINK GT 125 E5+","Badajoz","124",2
"KYMCO","SUPER DINK GT 125 E5+","Barcelona","124",17
"KYMCO","SUPER DINK GT 125 E5+","Bizkaia","124",3
"KYMCO","SUPER DINK GT 125 E5+","Cáceres","124",1
"KYMCO","SUPER DINK GT 125 E5+","Cádiz","124",11
"KYMCO","SUPER DINK GT 125 E5+","Cantabria","124",1
"KYMCO","SUPER DINK GT 125 E5+","Castellón/Castelló","124",1
"KYMCO","SUPER DINK GT 125 E5+","Córdoba","124",2
"KYMCO","SUPER DINK GT 125 E5+","Gipuzkoa","124",1
"KYMCO","SUPER DINK GT 125 E5+","Girona","124",1
"KYMCO","SUPER DINK GT 125 E5+","Granada","124",3
"KYMCO","SUPER DINK GT 125 E5+","Huelva","124",2
"KYMCO","SUPER DINK GT 125 E5+","Illes Balears","124",4
"KYMCO","SUPER DINK GT 125 E5+","Jaén","124",3
"KYMCO","SUPER DINK GT 125 E5+","León","124",1
"KYMCO","SUPER DINK GT 125 E5+","Madrid","124",18
"KYMCO","SUPER DINK GT 125 E5+","Málaga","124",6
"KYMCO","SUPER DINK GT 125 E5+","Murcia","124",4
"KYMCO","SUPER DINK GT 125 E5+","Ourense","124",1
"KYMCO","SUPER DINK GT 125 E5+","Palmas (Las)","124",2
"KYMCO","SUPER DINK GT 125 E5+","Pontevedra","124",1
"KYMCO","SUPER DINK GT 125 E5+","Santa Cruz de Tenerife","124",2
"KYMCO","SUPER DINK GT 125 E5+","Sevilla","124",3
"KYMCO","SUPER DINK GT 125 E5+","Tarragona","124",3
"KYMCO","SUPER DINK GT 125 E5+","Toledo","124",2
"KYMCO","SUPER DINK GT 125 E5+","Valencia/València","124",15
"KYMCO","SUPER DINK GT 125 E5+","Valladolid","124",1
"KYMCO","SUPER DINK GT 125 E5+","Zaragoza","124",2
"KYMCO","X-TOWN CT 125","Illes Balears","125",1
"KYMCO","XCITING VS 400","Barcelona","400",5
"KYMCO","XCITING VS 400","Cádiz","400",1
"KYMCO","XCITING VS 400","Granada","400",1
"KYMCO","XCITING VS 400","Huelva","400",1
"KYMCO","XCITING VS 400","Madrid","400",1
"KYMCO","XCITING VS 400","Málaga","400",1
"KYMCO","XCITING VS 400","Palmas (Las)","400",1
"KYMCO","XCITING VS 400","Toledo","400",1
"KYMCO","XCITING VS 400","Valencia/València","400",3
"LAMBRETTA","G350 SPECIAL","Cádiz","330",1
"LAMBRETTA","V125 SPECIAL FLEX","Alicante/Alacant","125",3
"LAMBRETTA","V125 SPECIAL FLEX","Almería","125",2
"LAMBRETTA","V125 SPECIAL FLEX","Barcelona","125",2
"LAMBRETTA","V125 SPECIAL FLEX","Coruña (A)","125",1
"LAMBRETTA","V125 SPECIAL FLEX","Madrid","125",1
"LAMBRETTA","X300","Alicante/Alacant","275",1
"LEONART","KP450R-B","Barcelona","446",1
"LEONART","M16-125","Albacete","125",1
"LEONART","M16-125","Barcelona","125",1
"LEONART","M16-125","Ciudad Real","125",1
"LEONART","M16-125","Zamora","125",1
"LEONART","PILDER 125","Barcelona","125",2
"LEONART","PILDER 125","Madrid","125",3
"LEONART","TRACKER 125","Badajoz","125",1
"LETBE","FLYGON","Valencia/València","125",1
"LETBE","ISLAND","Albacete","125",3
"LETBE","ISLAND","Almería","125",1
"LETBE","ISLAND","Asturias","125",1
"LETBE","ISLAND","Barcelona","125",1
"LETBE","ISLAND","Cádiz","125",1
"LETBE","ISLAND","Gipuzkoa","125",2
"LETBE","ISLAND","Granada","125",1
"LETBE","ISLAND","Guadalajara","125",1
"LETBE","ISLAND","Málaga","125",4
"LETBE","ISLAND","Teruel","125",1
"LETBE","S125","Alicante/Alacant","125",2
"LETBE","S125","Almería","125",2
"LETBE","S125","Gipuzkoa","125",1
"LETBE","S125","Girona","125",1
"LETBE","S125","Illes Balears","125",1
"LETBE","S125","Málaga","125",3
"LETBE","S125","Pontevedra","125",1
"LETBE","S125","Sevilla","125",1
"LETBE","VELOCITY","Alicante/Alacant","125",2
"LETBE","VELOCITY","Barcelona","125",1
"LINHAI","---","Valencia/València","125",3
"LINHAI","BUCK ADV","Alicante/Alacant","124",1
"LINHAI","BUCK ADV","Almería","124",2
"MACBOR","8 MILE 500 SCR","Barcelona","471",1
"MACBOR","EIGHT MILE 125 LC","Ávila","124",1
"MACBOR","EIGHT MILE 125 LC","Barcelona","124",1
"MACBOR","EIGHT MILE 125 LC","Illes Balears","124",1
"MACBOR","EIGHT MILE 125 LC","Madrid","124",1
"MACBOR","FUN 125 PLUS E5","Illes Balears","125",1
"MACBOR","FUN 125 PLUS E5","Santa Cruz de Tenerife","125",1
"MACBOR","MONTANA XR1 125","Illes Balears","124",1
"MACBOR","MONTANA XR1 125 EVO","Albacete","124",1
"MACBOR","MONTANA XR1 125 EVO","Alicante/Alacant","124",5
"MACBOR","MONTANA XR1 125 EVO","Almería","124",3
"MACBOR","MONTANA XR1 125 EVO","Asturias","124",3
"MACBOR","MONTANA XR1 125 EVO","Badajoz","124",1
"MACBOR","MONTANA XR1 125 EVO","Barcelona","124",16
"MACBOR","MONTANA XR1 125 EVO","Cádiz","124",3
"MACBOR","MONTANA XR1 125 EVO","Cantabria","124",5
"MACBOR","MONTANA XR1 125 EVO","Castellón/Castelló","124",3
"MACBOR","MONTANA XR1 125 EVO","Ciudad Real","124",1
"MACBOR","MONTANA XR1 125 EVO","Córdoba","124",1
"MACBOR","MONTANA XR1 125 EVO","Coruña (A)","124",5
"MACBOR","MONTANA XR1 125 EVO","Girona","124",3
"MACBOR","MONTANA XR1 125 EVO","Granada","124",1
"MACBOR","MONTANA XR1 125 EVO","Illes Balears","124",4
"MACBOR","MONTANA XR1 125 EVO","Jaén","124",2
"MACBOR","MONTANA XR1 125 EVO","León","124",2
"MACBOR","MONTANA XR1 125 EVO","Lleida","124",1
"MACBOR","MONTANA XR1 125 EVO","Madrid","124",11
"MACBOR","MONTANA XR1 125 EVO","Málaga","124",2
"MACBOR","MONTANA XR1 125 EVO","Melilla","124",1
"MACBOR","MONTANA XR1 125 EVO","Murcia","124",2
"MACBOR","MONTANA XR1 125 EVO","Navarra","124",1
"MACBOR","MONTANA XR1 125 EVO","Palencia","124",1
"MACBOR","MONTANA XR1 125 EVO","Palmas (Las)","124",1
"MACBOR","MONTANA XR1 125 EVO","Pontevedra","124",3
"MACBOR","MONTANA XR1 125 EVO","Santa Cruz de Tenerife","124",7
"MACBOR","MONTANA XR1 125 EVO","Sevilla","124",5
"MACBOR","MONTANA XR1 125 EVO","Tarragona","124",2
"MACBOR","MONTANA XR1 125 EVO","Valencia/València","124",10
"MACBOR","MONTANA XR1 125 EVO","Zaragoza","124",4
"MACBOR","MONTANA XR5 510","Santa Cruz de Tenerife","498",1
"MACBOR","MONTANA XR5 510 E5+","Alicante/Alacant","498",4
"MACBOR","MONTANA XR5 510 E5+","Asturias","498",1
"MACBOR","MONTANA XR5 510 E5+","Barcelona","498",9
"MACBOR","MONTANA XR5 510 E5+","Burgos","498",2
"MACBOR","MONTANA XR5 510 E5+","Cádiz","498",1
"MACBOR","MONTANA XR5 510 E5+","Cantabria","498",1
"MACBOR","MONTANA XR5 510 E5+","Castellón/Castelló","498",1
"MACBOR","MONTANA XR5 510 E5+","Guadalajara","498",1
"MACBOR","MONTANA XR5 510 E5+","Huesca","498",1
"MACBOR","MONTANA XR5 510 E5+","Jaén","498",1
"MACBOR","MONTANA XR5 510 E5+","Madrid","498",1
"MACBOR","MONTANA XR5 510 E5+","Málaga","498",3
"MACBOR","MONTANA XR5 510 E5+","Murcia","498",4
"MACBOR","MONTANA XR5 510 E5+","Navarra","498",2
"MACBOR","MONTANA XR5 510 E5+","Ourense","498",1
"MACBOR","MONTANA XR5 510 E5+","Rioja (La)","498",1
"MACBOR","MONTANA XR5 510 E5+","Soria","498",1
"MACBOR","MONTANA XR5 510 E5+","Tarragona","498",5
"MACBOR","MONTANA XR5 510 E5+","Valencia/València","498",1
"MACBOR","ROCKSTER 125","Burgos","125",1
"MACBOR","ROCKSTER 125 EVO E5+","Albacete","125",1
"MACBOR","ROCKSTER 125 EVO E5+","Alicante/Alacant","125",1
"MACBOR","ROCKSTER 125 EVO E5+","Asturias","125",1
"MACBOR","ROCKSTER 125 EVO E5+","Barcelona","125",4
"MACBOR","ROCKSTER 125 EVO E5+","Cádiz","125",2
"MACBOR","ROCKSTER 125 EVO E5+","Cantabria","125",1
"MACBOR","ROCKSTER 125 EVO E5+","Córdoba","125",2
"MACBOR","ROCKSTER 125 EVO E5+","Illes Balears","125",1
"MACBOR","ROCKSTER 125 EVO E5+","León","125",1
"MACBOR","ROCKSTER 125 EVO E5+","Madrid","125",3
"MACBOR","ROCKSTER 125 EVO E5+","Palmas (Las)","125",2
"MACBOR","ROCKSTER 125 EVO E5+","Santa Cruz de Tenerife","125",1
"MACBOR","ROCKSTER 125 EVO E5+","Sevilla","125",1
"MACBOR","ROCKSTER 125 EVO E5+","Tarragona","125",1
"MACBOR","ROCKSTER 125 EVO E5+","Valencia/València","125",1
"MACBOR","ROCKSTER 410","Álava/Araba","401",2
"MACBOR","ROCKSTER 410","Alicante/Alacant","401",1
"MACBOR","ROCKSTER 410","Asturias","401",1
"MACBOR","ROCKSTER 410","Barcelona","401",1
"MACBOR","ROCKSTER 410","Granada","401",1
"MACBOR","ROCKSTER 410","Madrid","401",1
"MACBOR","ROCKSTER 410","Santa Cruz de Tenerife","401",2
"MACBOR","ROCKSTER 410","Valencia/València","401",3
"MACBOR","ROCKSTER FLAT 125","Palmas (Las)","125",1
"MACBOR","ROCKSTER FLAT 125","Santa Cruz de Tenerife","125",1
"MACBOR","ROCKSTER FLAT 125 EVO","Barcelona","125",7
"MACBOR","ROCKSTER FLAT 125 EVO","Cádiz","125",1
"MACBOR","ROCKSTER FLAT 125 EVO","Cantabria","125",1
"MACBOR","ROCKSTER FLAT 125 EVO","Córdoba","125",1
"MACBOR","ROCKSTER FLAT 125 EVO","Gipuzkoa","125",1
"MACBOR","ROCKSTER FLAT 125 EVO","Granada","125",1
"MACBOR","ROCKSTER FLAT 125 EVO","Illes Balears","125",1
"MACBOR","ROCKSTER FLAT 125 EVO","Lleida","125",1
"MACBOR","ROCKSTER FLAT 125 EVO","Madrid","125",2
"MACBOR","ROCKSTER FLAT 125 EVO","Murcia","125",1
"MACBOR","ROCKSTER FLAT 125 EVO","Santa Cruz de Tenerife","125",1
"MACBOR","ROCKSTER FLAT 125 EVO","Sevilla","125",1
"MACBOR","ROCKSTER FLAT 125 EVO","Valencia/València","125",4
"MACBOR","ROCKSTER FLAT 125 EVO","Zaragoza","125",1
"MALCOR IBERICA","ROME","Cádiz","125",1
"MALCOR IBERICA","SX125","Cádiz","125",1
"MBP","SC 125","Valladolid","125",1
"MBP","SC125LX","Málaga","125",1
"MBP","SC300","Toledo","278",1
"MH MOTORCYCLES","REVENGE BRAVO EDITION","Huelva","124",1
"MH MOTORCYCLES","RYX","Zaragoza","124",1
"MH MOTORCYCLES","TRAY","Alicante/Alacant","125",2
"MH MOTORCYCLES","TRAY","Barcelona","125",1
"MH MOTORCYCLES","TRAY","Burgos","125",1
"MH MOTORCYCLES","TRAY","Cádiz","125",6
"MH MOTORCYCLES","TRAY","Castellón/Castelló","125",1
"MH MOTORCYCLES","TRAY","Ciudad Real","125",1
"MH MOTORCYCLES","TRAY","Córdoba","125",2
"MH MOTORCYCLES","TRAY","Granada","125",1
"MH MOTORCYCLES","TRAY","Jaén","125",1
"MH MOTORCYCLES","TRAY","Madrid","125",1
"MH MOTORCYCLES","TRAY","Málaga","125",5
"MH MOTORCYCLES","TRAY","Murcia","125",4
"MH MOTORCYCLES","TRAY","Palencia","125",1
"MH MOTORCYCLES","TRAY","Palmas (Las)","125",5
"MH MOTORCYCLES","TRAY","Salamanca","125",1
"MH MOTORCYCLES","TRAY","Sevilla","125",4
"MH MOTORCYCLES","TRAY","Tarragona","125",1
"MH MOTORCYCLES","TRAY","Valencia/València","125",1
"MH MOTORCYCLES","VIRO","Cádiz","333",1
"MH MOTORCYCLES","VIRO","Málaga","333",1
"MH MOTORCYCLES","VIRO","Palmas (Las)","333",1
"MH MOTORCYCLES","VR10","Alicante/Alacant","124",1
"MH MOTORCYCLES","VR10","Almería","124",1
"MH MOTORCYCLES","VR10","Barcelona","124",2
"MH MOTORCYCLES","VR10","Córdoba","124",2
"MH MOTORCYCLES","VR10","Granada","124",2
"MH MOTORCYCLES","VR10","Illes Balears","124",1
"MH MOTORCYCLES","VR10","Málaga","124",4
"MH MOTORCYCLES","VR10","Palmas (Las)","124",3
"MH MOTORCYCLES","VR10","Santa Cruz de Tenerife","124",4
"MH MOTORCYCLES","VR10","Sevilla","124",3
"MH MOTORCYCLES","VRS","Córdoba","124",1
"MH MOTORCYCLES","VRS","Granada","124",1
"MH MOTORCYCLES","VRS","Sevilla","124",2
"MH MOTORCYCLES","VRT","Alicante/Alacant","124",4
"MH MOTORCYCLES","VRT","Almería","124",2
"MH MOTORCYCLES","VRT","Córdoba","124",2
"MH MOTORCYCLES","VRT","Granada","124",3
"MH MOTORCYCLES","VRT","Madrid","124",3
"MH MOTORCYCLES","VRT","Málaga","124",1
"MH MOTORCYCLES","VRT","Murcia","124",1
"MH MOTORCYCLES","VRT","Santa Cruz de Tenerife","124",2
"MH MOTORCYCLES","VRT","Sevilla","124",1
"MH MOTORCYCLES","VRT","Valencia/València","124",1
"MH MOTORCYCLES","XRT","Cantabria","125",1
"MH MOTORCYCLES","XRT","Toledo","125",1
"MH MOTORCYCLES","XRT","Valencia/València","125",1
"MITT","125 DESERT","Alicante/Alacant","125",2
"MITT","125 DESERT","Asturias","125",1
"MITT","125 DESERT","Barcelona","125",2
"MITT","125 DESERT","Málaga","125",1
"MITT","125 DESERT","Palmas (Las)","125",1
"MITT","125 DESERT","Sevilla","125",1
"MITT","125 NK","Cantabria","124",2
"MITT","125 NK","Madrid","124",1
"MITT","125 NK","Palmas (Las)","124",2
"MITT","125 NK","Zaragoza","124",1
"MITT","125GP","Barcelona","124",4
"MITT","125GP","Ciudad Real","124",1
"MITT","125GP","Coruña (A)","124",1
"MITT","125GP","Huesca","124",1
"MITT","125GP","Lleida","124",1
"MITT","125GP","Madrid","124",4
"MITT","125GP","Valencia/València","124",2
"MITT","125GP","Zaragoza","124",1
"MITT","125GTS","Almería","125",1
"MITT","125GTS","Asturias","125",1
"MITT","125GTS","Barcelona","125",2
"MITT","125GTS","Cádiz","125",2
"MITT","125GTS","Huelva","125",1
"MITT","125GTS","Murcia","125",1
"MITT","125GTS","Palmas (Las)","125",2
"MITT","125GTS","Sevilla","125",6
"MITT","125GTS","Zaragoza","125",1
"MITT","125R1","Alicante/Alacant","124",1
"MITT","125R1","Sevilla","124",1
"MITT","300GT MAX","Asturias","276",1
"MITT","300GT MAX","Madrid","276",1
"MITT","808","Málaga","799",1
"MITT","CPX 125 LIQUID","Cádiz","125",1
"MITT","EMPEROR","Almería","125",3
"MITT","EMPEROR","Ciudad Real","125",1
"MITT","GT-S","Alicante/Alacant","125",1
"MITT","GT-S","Almería","125",1
"MITT","GT-S","Cádiz","125",1
"MITT","GT-S","Cantabria","125",1
"MITT","GT-S","Madrid","125",2
"MITT","GT-S","Murcia","125",1
"MITT","GT-S","Palmas (Las)","125",1
"MITT","GT-S","Sevilla","125",1
"MITT","IBIZA","Albacete","125",1
"MITT","IBIZA","Asturias","125",1
"MITT","IBIZA","Málaga","125",1
"MITT","KYLIN 750","Castellón/Castelló","730",1
"MITT","KYLIN 750","Girona","730",1
"MITT","KYLIN 750","Murcia","730",1
"MITT","LEGEND 301","León","234",1
"MITT","LEGRAND","Santa Cruz de Tenerife","125",1
"MITT","LEGRAND","Tarragona","125",1
"MITT","MITT 555TT","Asturias","471",1
"MITT","MITT SUPPER","Asturias","125",1
"MITT","MITT SUPPER","Castellón/Castelló","125",1
"MITT","MITT SUPPER","Huelva","125",1
"MITT","MITT SUPPER","Madrid","125",3
"MITT","MITT SUPPER","Melilla","125",1
"MITT","MITT SUPPER","Murcia","125",2
"MITT","MITT SUPPER","Santa Cruz de Tenerife","125",2
"MITT","MITT SUPPER","Sevilla","125",6
"MITT","MITT SUPPER","Teruel","125",1
"MITT","MITT SUPPER","Valencia/València","125",11
"MITT","MITT SUPPER","Zaragoza","125",2
"MITT","OGAR LEGEND","Granada","125",1
"MITT","OGAR LEGEND","Melilla","125",1
"MITT","OGAR LEGEND","Valencia/València","125",1
"MITT","TY125T-26F","Almería","125",4
"MITT","TY125T-26F","Barcelona","125",2
"MITT","TY125T-26F","Cádiz","125",2
"MITT","TY125T-26F","Castellón/Castelló","125",2
"MITT","TY125T-26F","Madrid","125",5
"MITT","TY125T-26F","Málaga","125",2
"MITT","TY125T-26F","Palmas (Las)","125",2
"MITT","TY125T-26F","Sevilla","125",5
"MITT","TY125T-26F","Zaragoza","125",1
"MITT","TY125T-51E","Cádiz","125",1
"MITT","TY125T-51E","Málaga","125",1
"MITT","TY125T-58E","Almería","125",2
"MITT","TY125T-58E","Cádiz","125",7
"MITT","TY125T-58E","Málaga","125",2
"MITT","TY125T-58E","Santa Cruz de Tenerife","125",1
"MITT","TY125T-58E","Sevilla","125",6
"MITT","TY125T-58E","Toledo","125",1
"MITT","TY125T-58E","Valencia/València","125",1
"MITT","URBAN","Valencia/València","125",1
"MITT","XRS","Almería","125",2
"MITT","XRS","Sevilla","125",1
"MONDIAL","HPS","Alicante/Alacant","124",1
"MONDIAL","HPS","Ávila","124",1
"MONDIAL","HPS","Madrid","124",1
"MONDIAL","PIEGA","Alicante/Alacant","124",1
"MONDIAL","PIEGA","Almería","124",2
"MONDIAL","PIEGA","Bizkaia","124",1
"MONDIAL","SMX","Almería","124",1
"MONDIAL","SPARTAN 125","Valencia/València","124",1
"MONTESA","4RIDE","Bizkaia","259",1
"MONTESA","4RIDE","León","259",1
"MONTESA","COTA 4RT 260","Gipuzkoa","259",1
"MONTESA","COTA 4RT 260","Salamanca","259",1
"MONTESA","COTA 4RT 260","Tarragona","259",1
"MONTESA","COTA 4RT 301RR","Málaga","298",1
"MONTESA","COTA 4RT 301RR","Valencia/València","298",1
"MORBIDELLI","C1002V","Barcelona","997",1
"MORBIDELLI","C1002V","Valencia/València","997",1
"MORBIDELLI","F125","Alicante/Alacant","125",1
"MORBIDELLI","F125","Almería","125",1
"MORBIDELLI","F125","Barcelona","125",2
"MORBIDELLI","F125","Burgos","125",1
"MORBIDELLI","F125","Gipuzkoa","125",1
"MORBIDELLI","F125","Girona","125",1
"MORBIDELLI","F125","Guadalajara","125",1
"MORBIDELLI","F125","Huelva","125",1
"MORBIDELLI","F125","Jaén","125",1
"MORBIDELLI","F125","Madrid","125",6
"MORBIDELLI","F125","Navarra","125",2
"MORBIDELLI","F125","Palmas (Las)","125",1
"MORBIDELLI","F125","Santa Cruz de Tenerife","125",1
"MORBIDELLI","F125","Sevilla","125",1
"MORBIDELLI","F125","Toledo","125",1
"MORBIDELLI","F125","Zaragoza","125",1
"MORBIDELLI","F352","Barcelona","349",2
"MORBIDELLI","F352","Murcia","349",1
"MORBIDELLI","F352","Navarra","349",1
"MORBIDELLI","F352","Sevilla","349",1
"MORBIDELLI","F352","Tarragona","349",1
"MORBIDELLI","NR125X","Palmas (Las)","125",1
"MORBIDELLI","SC 125","Barcelona","125",3
"MORBIDELLI","SC 125","Bizkaia","125",1
"MORBIDELLI","SC 125","Huelva","125",1
"MORBIDELLI","SC 125","León","125",1
"MORBIDELLI","SC 125","Madrid","125",4
"MORBIDELLI","SC 125","Murcia","125",2
"MORBIDELLI","SC 125","Zaragoza","125",1
"MORBIDELLI","SC125 RE","Almería","125",2
"MORBIDELLI","SC125 RE","Cáceres","125",1
"MORBIDELLI","SC125 RE","Cádiz","125",1
"MORBIDELLI","SC125 RE","Ceuta","125",1
"MORBIDELLI","SC125 RE","Málaga","125",1
"MORBIDELLI","SC125 RE","Sevilla","125",1
"MORBIDELLI","SC125 RE","Valencia/València","125",2
"MORBIDELLI","SC125LX","Alicante/Alacant","125",1
"MORBIDELLI","SC125LX","Almería","125",1
"MORBIDELLI","SC125LX","Barcelona","125",1
"MORBIDELLI","SC125LX","Cádiz","125",1
"MORBIDELLI","SC125LX","Ceuta","125",1
"MORBIDELLI","SC125LX","Málaga","125",1
"MORBIDELLI","SC125LX","Murcia","125",1
"MORBIDELLI","SC125LX","Sevilla","125",2
"MORBIDELLI","SC125LX","Soria","125",1
"MORBIDELLI","SC125LX","Tarragona","125",3
"MORBIDELLI","SC300","Barcelona","278",1
"MORBIDELLI","SC300","Cantabria","278",1
"MORBIDELLI","T1002VX","Alicante/Alacant","997",5
"MORBIDELLI","T1002VX","Barcelona","997",1
"MORBIDELLI","T1002VX","Cantabria","997",1
"MORBIDELLI","T1002VX","Granada","997",2
"MORBIDELLI","T1002VX","Huelva","997",1
"MORBIDELLI","T1002VX","Lugo","997",1
"MORBIDELLI","T1002VX","Málaga","997",2
"MORBIDELLI","T1002VX","Sevilla","997",1
"MORBIDELLI","T1002VX","Valencia/València","997",2
"MORBIDELLI","T125 X","Toledo","124",1
"MORBIDELLI","T352X","Alicante/Alacant","349",1
"MORBIDELLI","T352X","Almería","349",1
"MORBIDELLI","T352X","Barcelona","349",2
"MORBIDELLI","T352X","Cádiz","349",1
"MORBIDELLI","T352X","Gipuzkoa","349",1
"MORBIDELLI","T352X","Girona","349",1
"MORBIDELLI","T352X","Guadalajara","349",1
"MORBIDELLI","T352X","Huelva","349",1
"MORBIDELLI","T352X","Madrid","349",1
"MORBIDELLI","T352X","Sevilla","349",1
"MORBIDELLI","T352X","Valencia/València","349",1
"MORBIDELLI","T502X","Alicante/Alacant","486",3
"MORBIDELLI","T502X","Almería","486",2
"MORBIDELLI","T502X","Barcelona","486",7
"MORBIDELLI","T502X","Cádiz","486",1
"MORBIDELLI","T502X","Cantabria","486",1
"MORBIDELLI","T502X","Girona","486",1
"MORBIDELLI","T502X","Granada","486",1
"MORBIDELLI","T502X","Madrid","486",4
"MORBIDELLI","T502X","Murcia","486",1
"MORBIDELLI","T502X","Rioja (La)","486",1
"MORBIDELLI","T502X","Sevilla","486",3
"MORBIDELLI","T502X","Soria","486",1
"MORBIDELLI","T502X","Tarragona","486",1
"MORBIDELLI","T502X","Valladolid","486",1
"MOTO GUZZI","STELVIO","Bizkaia","1042",2
"MOTO GUZZI","STELVIO","Valencia/València","1042",1
"MOTO GUZZI","STELVIO (A.R.A.S.)","Bizkaia","1042",1
"MOTO GUZZI","STELVIO (A.R.A.S.)","Tarragona","1042",1
"MOTO GUZZI","V100 MANDELLO","Málaga","1042",1
"MOTO GUZZI","V100 MANDELLO","Palmas (Las)","1042",1
"MOTO GUZZI","V100 MANDELLO "WIND TU","Cádiz","1042",1
"MOTO GUZZI","V100 MANDELLO S","Bizkaia","1042",1
"MOTO GUZZI","V100 MANDELLO S","Pontevedra","1042",1
"MOTO GUZZI","V100 MANDELLO S","Valencia/València","1042",1
"MOTO GUZZI","V7 CORSA","Asturias","853",1
"MOTO GUZZI","V7 SPECIAL","Bizkaia","853",1
"MOTO GUZZI","V7 SPORT","Barcelona","853",1
"MOTO GUZZI","V7 SPORT","Madrid","853",1
"MOTO GUZZI","V7 SPORT","Murcia","853",1
"MOTO GUZZI","V7 SPORT","Valencia/València","853",1
"MOTO GUZZI","V7 STONE","Málaga","853",1
"MOTO GUZZI","V85 STRADA","Illes Balears","853",1
"MOTO GUZZI","V85 STRADA","Palmas (Las)","853",1
"MOTO GUZZI","V85 TT","Barcelona","853",1
"MOTO GUZZI","V85 TT","Bizkaia","853",1
"MOTO GUZZI","V85 TT","Castellón/Castelló","853",1
"MOTO GUZZI","V85 TT","Córdoba","853",1
"MOTO GUZZI","V85 TT","Lleida","853",1
"MOTO GUZZI","V85 TT","Madrid","853",1
"MOTO GUZZI","V85 TT","Palmas (Las)","853",1
"MOTO GUZZI","V9 BOBBER","Alicante/Alacant","853",1
"MOTO GUZZI","V9 BOBBER","Barcelona","853",1
"MOTO MORINI","6 ½ SCR","Barcelona","649",1
"MOTO MORINI","CALIBRO","Málaga","693",2
"MOTO MORINI","CALIBRO","Palmas (Las)","693",1
"MOTO MORINI","CALIBRO","Tarragona","693",1
"MOTO MORINI","CALIBRO","Toledo","693",2
"MOTO MORINI","X-CAPE 700","Tarragona","693",1
"MOTRON MOTORRAD","REVOLVER","Murcia","125",1
"MTR BIKES","GRAND TOUR","Cádiz","125",1
"MTR BIKES","VMAX 125","Cádiz","125",1
"MV AGUSTA","BRUTALE R","Madrid","798",2
"MV AGUSTA","BRUTALE ROSSO","Madrid","798",1
"MV AGUSTA","BRUTALE RR","Barcelona","801",1
"MV AGUSTA","DRAGSTER R","Madrid","798",1
"MV AGUSTA","DRAGSTER R","Málaga","798",1
"MV AGUSTA","DRAGSTER R","Palencia","798",1
"MV AGUSTA","DRAGSTER R","Pontevedra","798",1
"MV AGUSTA","DRAGSTER R","Sevilla","798",1
"MV AGUSTA","F3 RR","Málaga","798",1
"MV AGUSTA","F3 RR","Pontevedra","798",1
"MV AGUSTA","F3 RR","Toledo","798",1
"MV AGUSTA","SUPERVELOCE","Illes Balears","798",1
"MV AGUSTA","SUPERVELOCE","Málaga","798",1
"NEXT","NX CROSS 125I","Alicante/Alacant","125",2
"NEXT","NX CROSS 125I","Cádiz","125",1
"NEXT","NX CROSS 125I","Illes Balears","125",3
"NEXT","NX CROSS 125I","Madrid","125",1
"NEXT","NX CROSS 125I","Murcia","125",2
"NEXT","NX CROSS 125I","Sevilla","125",2
"NEXT","NX CROSS 125I","Valencia/València","125",1
"NEXT","NX CROSS 125I","Zaragoza","125",1
"NEXT","NX2 125I","Barcelona","125",1
"NEXT","NX2 125I","Castellón/Castelló","125",2
"NEXT","NX2 125I","Sevilla","125",1
"NEXT","NX2 125I","Valencia/València","125",2
"ORCAL","SK125-K","Alicante/Alacant","124",1
"ORCAL","SK125-K","Badajoz","124",1
"ORCAL","SK125-K","Barcelona","124",2
"PEUGEOT","DJANGO","Almería","125",1
"PEUGEOT","DJANGO","Barcelona","125",1
"PEUGEOT","DJANGO","Cáceres","125",1
"PEUGEOT","DJANGO","Cádiz","125",2
"PEUGEOT","DJANGO","Castellón/Castelló","125",1
"PEUGEOT","DJANGO","Granada","125",1
"PEUGEOT","DJANGO","Illes Balears","125",2
"PEUGEOT","DJANGO","Murcia","125",3
"PEUGEOT","DJANGO","Navarra","125",1
"PEUGEOT","DJANGO","Palmas (Las)","125",2
"PEUGEOT","DJANGO","Tarragona","125",1
"PEUGEOT","DJANGO","Valencia/València","125",1
"PEUGEOT","KISBEE M","Alicante/Alacant","125",1
"PEUGEOT","KISBEE M","Almería","125",2
"PEUGEOT","KISBEE M","Barcelona","125",25
"PEUGEOT","KISBEE M","Cádiz","125",2
"PEUGEOT","KISBEE M","Ciudad Real","125",1
"PEUGEOT","KISBEE M","Granada","125",1
"PEUGEOT","KISBEE M","Madrid","125",8
"PEUGEOT","KISBEE M","Málaga","125",12
"PEUGEOT","KISBEE M","Murcia","125",1
"PEUGEOT","KISBEE M","Santa Cruz de Tenerife","125",2
"PEUGEOT","KISBEE M","Tarragona","125",2
"PEUGEOT","KISBEE M","Valencia/València","125",2
"PEUGEOT","PM-01","Cádiz","125",1
"PEUGEOT","PM-01","Murcia","125",1
"PEUGEOT","PM-03","Almería","292",1
"PEUGEOT","PM-03","Murcia","292",1
"PEUGEOT","PULSION","Almería","125",1
"PEUGEOT","PULSION","Asturias","125",1
"PEUGEOT","PULSION","Cádiz","125",2
"PEUGEOT","PULSION","Granada","125",2
"PEUGEOT","PULSION","Illes Balears","125",1
"PEUGEOT","PULSION","Madrid","125",3
"PEUGEOT","PULSION","Murcia","125",2
"PEUGEOT","PULSION","Tarragona","125",2
"PEUGEOT","TWEET","Barcelona","125",1
"PEUGEOT","TWEET","Huesca","125",1
"PEUGEOT","TWEET","Málaga","125",9
"PEUGEOT","TWEET","Palmas (Las)","125",1
"PEUGEOT","TWEET FL 125 CC","Alicante/Alacant","125",4
"PEUGEOT","TWEET FL 125 CC","Almería","125",1
"PEUGEOT","TWEET FL 125 CC","Asturias","125",1
"PEUGEOT","TWEET FL 125 CC","Barcelona","125",1
"PEUGEOT","TWEET FL 125 CC","Ciudad Real","125",1
"PEUGEOT","TWEET FL 125 CC","Granada","125",1
"PEUGEOT","TWEET FL 125 CC","Madrid","125",1
"PEUGEOT","TWEET FL 125 CC","Málaga","125",3
"PEUGEOT","TWEET FL 125 CC","Palmas (Las)","125",1
"PEUGEOT","TWEET FL 125 CC","Pontevedra","125",1
"PEUGEOT","TWEET FL 125 CC","Santa Cruz de Tenerife","125",1
"PEUGEOT","TWEET FL 125 CC","Sevilla","125",1
"PEUGEOT","TWEET FL 125 CC","Tarragona","125",1
"PEUGEOT","TWEET FL 125 CC","Valencia/València","125",2
"PEUGEOT","TWEET FL 125 CC","Zaragoza","125",1
"PEUGEOT","XP","Alicante/Alacant","399",1
"PEUGEOT","XP","Murcia","399",1
"PIAGGIO","BEVERLY 300 HPE","Madrid","278",1
"PIAGGIO","BEVERLY 300 HPE","Murcia","278",1
"PIAGGIO","BEVERLY 300 HPE","Tarragona","278",1
"PIAGGIO","BEVERLY 310 HPE","Badajoz","310",1
"PIAGGIO","BEVERLY 310 HPE","Barcelona","310",1
"PIAGGIO","BEVERLY 310 HPE","Madrid","310",2
"PIAGGIO","BEVERLY 310 HPE","Málaga","310",1
"PIAGGIO","BEVERLY 310 HPE","Sevilla","310",1
"PIAGGIO","BEVERLY 400 HPE","Álava/Araba","399",1
"PIAGGIO","BEVERLY 400 HPE","Barcelona","399",4
"PIAGGIO","BEVERLY 400 HPE","Málaga","399",1
"PIAGGIO","BEVERLY 400 HPE","Palmas (Las)","399",3
"PIAGGIO","BEVERLY 400 HPE","Santa Cruz de Tenerife","399",3
"PIAGGIO","BEVERLY 400 HPE","Sevilla","399",2
"PIAGGIO","BEVERLY 400 HPE","Valencia/València","399",10
"PIAGGIO","BEVERLY 400 HPE","Zaragoza","399",1
"PIAGGIO","LIBERTY 125 ABS","Albacete","124",1
"PIAGGIO","LIBERTY 125 ABS","Alicante/Alacant","124",5
"PIAGGIO","LIBERTY 125 ABS","Asturias","124",4
"PIAGGIO","LIBERTY 125 ABS","Badajoz","124",6
"PIAGGIO","LIBERTY 125 ABS","Barcelona","124",18
"PIAGGIO","LIBERTY 125 ABS","Bizkaia","124",1
"PIAGGIO","LIBERTY 125 ABS","Burgos","124",1
"PIAGGIO","LIBERTY 125 ABS","Cádiz","124",32
"PIAGGIO","LIBERTY 125 ABS","Cantabria","124",2
"PIAGGIO","LIBERTY 125 ABS","Ceuta","124",3
"PIAGGIO","LIBERTY 125 ABS","Córdoba","124",7
"PIAGGIO","LIBERTY 125 ABS","Coruña (A)","124",2
"PIAGGIO","LIBERTY 125 ABS","Gipuzkoa","124",6
"PIAGGIO","LIBERTY 125 ABS","Girona","124",1
"PIAGGIO","LIBERTY 125 ABS","Granada","124",4
"PIAGGIO","LIBERTY 125 ABS","Huelva","124",3
"PIAGGIO","LIBERTY 125 ABS","Illes Balears","124",3
"PIAGGIO","LIBERTY 125 ABS","Jaén","124",1
"PIAGGIO","LIBERTY 125 ABS","Madrid","124",8
"PIAGGIO","LIBERTY 125 ABS","Málaga","124",11
"PIAGGIO","LIBERTY 125 ABS","Melilla","124",1
"PIAGGIO","LIBERTY 125 ABS","Murcia","124",1
"PIAGGIO","LIBERTY 125 ABS","Palmas (Las)","124",6
"PIAGGIO","LIBERTY 125 ABS","Sevilla","124",18
"PIAGGIO","LIBERTY 125 ABS","Tarragona","124",2
"PIAGGIO","LIBERTY 125 ABS","Toledo","124",1
"PIAGGIO","LIBERTY 125 ABS","Valencia/València","124",7
"PIAGGIO","MEDLEY 125","Albacete","125",1
"PIAGGIO","MEDLEY 125","Alicante/Alacant","125",3
"PIAGGIO","MEDLEY 125","Asturias","125",1
"PIAGGIO","MEDLEY 125","Barcelona","125",17
"PIAGGIO","MEDLEY 125","Bizkaia","125",1
"PIAGGIO","MEDLEY 125","Cádiz","125",12
"PIAGGIO","MEDLEY 125","Castellón/Castelló","125",1
"PIAGGIO","MEDLEY 125","Ceuta","125",2
"PIAGGIO","MEDLEY 125","Córdoba","125",2
"PIAGGIO","MEDLEY 125","Gipuzkoa","125",1
"PIAGGIO","MEDLEY 125","Granada","125",13
"PIAGGIO","MEDLEY 125","Huelva","125",1
"PIAGGIO","MEDLEY 125","Illes Balears","125",4
"PIAGGIO","MEDLEY 125","Madrid","125",1
"PIAGGIO","MEDLEY 125","Málaga","125",9
"PIAGGIO","MEDLEY 125","Murcia","125",2
"PIAGGIO","MEDLEY 125","Navarra","125",2
"PIAGGIO","MEDLEY 125","Palmas (Las)","125",8
"PIAGGIO","MEDLEY 125","Pontevedra","125",1
"PIAGGIO","MEDLEY 125","Santa Cruz de Tenerife","125",9
"PIAGGIO","MEDLEY 125","Sevilla","125",15
"PIAGGIO","MEDLEY 125","Valencia/València","125",1
"PIAGGIO","MEDLEY 125","Zaragoza","125",1
"PIAGGIO","MEDLEY 200","Alicante/Alacant","174",1
"PIAGGIO","MEDLEY 200","Barcelona","174",2
"PIAGGIO","MEDLEY 200","Bizkaia","174",2
"PIAGGIO","MEDLEY 200","Ceuta","174",1
"PIAGGIO","MEDLEY 200","Pontevedra","174",1
"PIAGGIO","MEDLEY 200","Sevilla","174",1
"PIAGGIO","MYMOOVER","Tarragona","125",1
"PIAGGIO","VESPA 946","Málaga","124",2
"PIAGGIO","VESPA GTS","Alicante/Alacant","310",1
"PIAGGIO","VESPA GTS","Barcelona","310",1
"PIAGGIO","VESPA GTS","Cádiz","310",1
"PIAGGIO","VESPA GTS","Córdoba","310",1
"PIAGGIO","VESPA GTS","Granada","310",2
"PIAGGIO","VESPA GTS","Huesca","310",1
"PIAGGIO","VESPA GTS","Illes Balears","310",2
"PIAGGIO","VESPA GTS","Madrid","310",3
"PIAGGIO","VESPA GTS","Málaga","310",1
"PIAGGIO","VESPA GTS","Murcia","310",1
"PIAGGIO","VESPA GTS","Santa Cruz de Tenerife","310",4
"PIAGGIO","VESPA GTS","Sevilla","310",1
"PIAGGIO","VESPA GTS","Valencia/València","310",1
"PIAGGIO","VESPA GTS","Zaragoza","310",1
"PIAGGIO","VESPA GTS 125","Alicante/Alacant","125",2
"PIAGGIO","VESPA GTS 125","Asturias","125",1
"PIAGGIO","VESPA GTS 125","Barcelona","125",3
"PIAGGIO","VESPA GTS 125","Bizkaia","125",1
"PIAGGIO","VESPA GTS 125","Burgos","125",2
"PIAGGIO","VESPA GTS 125","Cantabria","125",4
"PIAGGIO","VESPA GTS 125","Córdoba","125",1
"PIAGGIO","VESPA GTS 125","Illes Balears","125",5
"PIAGGIO","VESPA GTS 125","Lugo","125",1
"PIAGGIO","VESPA GTS 125","Madrid","125",5
"PIAGGIO","VESPA GTS 125","Málaga","125",5
"PIAGGIO","VESPA GTS 125","Melilla","125",1
"PIAGGIO","VESPA GTS 125","Murcia","125",1
"PIAGGIO","VESPA GTS 125","Palencia","125",1
"PIAGGIO","VESPA GTS 125","Palmas (Las)","125",1
"PIAGGIO","VESPA GTS 125","Santa Cruz de Tenerife","125",4
"PIAGGIO","VESPA GTS 125","Sevilla","125",1
"PIAGGIO","VESPA GTS 125","Valencia/València","125",1
"PIAGGIO","VESPA GTS 125","Zaragoza","125",1
"PIAGGIO","VESPA GTS 125 SUPERTEC","Asturias","125",1
"PIAGGIO","VESPA GTS 125 SUPERTEC","Illes Balears","125",1
"PIAGGIO","VESPA GTS 125 SUPERTEC","Madrid","125",1
"PIAGGIO","VESPA GTS 125 SUPERTEC","Valencia/València","125",1
"PIAGGIO","VESPA GTS SUPERTECH","Madrid","310",2
"PIAGGIO","VESPA GTV","Albacete","310",1
"PIAGGIO","VESPA GTV","Barcelona","310",1
"PIAGGIO","VESPA GTV","Cádiz","310",1
"PIAGGIO","VESPA GTV","Illes Balears","310",1
"PIAGGIO","VESPA GTV","Málaga","310",1
"PIAGGIO","VESPA GTV","Murcia","310",1
"PIAGGIO","VESPA GTV","Sevilla","310",3
"PIAGGIO","VESPA PRIMAVERA 125","Álava/Araba","124",1
"PIAGGIO","VESPA PRIMAVERA 125","Albacete","124",3
"PIAGGIO","VESPA PRIMAVERA 125","Alicante/Alacant","124",3
"PIAGGIO","VESPA PRIMAVERA 125","Almería","124",5
"PIAGGIO","VESPA PRIMAVERA 125","Barcelona","124",5
"PIAGGIO","VESPA PRIMAVERA 125","Bizkaia","124",1
"PIAGGIO","VESPA PRIMAVERA 125","Cádiz","124",4
"PIAGGIO","VESPA PRIMAVERA 125","Cantabria","124",2
"PIAGGIO","VESPA PRIMAVERA 125","Castellón/Castelló","124",2
"PIAGGIO","VESPA PRIMAVERA 125","Ciudad Real","124",1
"PIAGGIO","VESPA PRIMAVERA 125","Córdoba","124",3
"PIAGGIO","VESPA PRIMAVERA 125","Coruña (A)","124",1
"PIAGGIO","VESPA PRIMAVERA 125","Huesca","124",1
"PIAGGIO","VESPA PRIMAVERA 125","Illes Balears","124",8
"PIAGGIO","VESPA PRIMAVERA 125","Jaén","124",2
"PIAGGIO","VESPA PRIMAVERA 125","Madrid","124",2
"PIAGGIO","VESPA PRIMAVERA 125","Málaga","124",3
"PIAGGIO","VESPA PRIMAVERA 125","Melilla","124",2
"PIAGGIO","VESPA PRIMAVERA 125","Murcia","124",2
"PIAGGIO","VESPA PRIMAVERA 125","Navarra","124",2
"PIAGGIO","VESPA PRIMAVERA 125","Pontevedra","124",1
"PIAGGIO","VESPA PRIMAVERA 125","Rioja (La)","124",1
"PIAGGIO","VESPA PRIMAVERA 125","Santa Cruz de Tenerife","124",4
"PIAGGIO","VESPA PRIMAVERA 125","Sevilla","124",2
"PIAGGIO","VESPA PRIMAVERA 125","Valencia/València","124",3
"PIAGGIO","VESPA PRIMAVERA 125","Valladolid","124",1
"PIAGGIO","VESPA PRIMAVERA 125 AB","Málaga","124",1
"PIAGGIO","VESPA PRIMAVERA TECH 1","Albacete","124",1
"PIAGGIO","VESPA PRIMAVERA TECH 1","Barcelona","124",2
"PIAGGIO","VESPA PRIMAVERA TECH 1","Bizkaia","124",1
"PIAGGIO","VESPA SPRINT 125","Alicante/Alacant","124",1
"QJMOTOR","ATR 125 E5+","Alicante/Alacant","125",11
"QJMOTOR","ATR 125 E5+","Almería","125",2
"QJMOTOR","ATR 125 E5+","Asturias","125",2
"QJMOTOR","ATR 125 E5+","Badajoz","125",1
"QJMOTOR","ATR 125 E5+","Barcelona","125",35
"QJMOTOR","ATR 125 E5+","Cádiz","125",3
"QJMOTOR","ATR 125 E5+","Córdoba","125",2
"QJMOTOR","ATR 125 E5+","Coruña (A)","125",1
"QJMOTOR","ATR 125 E5+","Granada","125",4
"QJMOTOR","ATR 125 E5+","Guadalajara","125",1
"QJMOTOR","ATR 125 E5+","Huelva","125",3
"QJMOTOR","ATR 125 E5+","Illes Balears","125",2
"QJMOTOR","ATR 125 E5+","Jaén","125",5
"QJMOTOR","ATR 125 E5+","Lleida","125",1
"QJMOTOR","ATR 125 E5+","Madrid","125",5
"QJMOTOR","ATR 125 E5+","Málaga","125",7
"QJMOTOR","ATR 125 E5+","Murcia","125",6
"QJMOTOR","ATR 125 E5+","Palmas (Las)","125",9
"QJMOTOR","ATR 125 E5+","Pontevedra","125",1
"QJMOTOR","ATR 125 E5+","Santa Cruz de Tenerife","125",11
"QJMOTOR","ATR 125 E5+","Sevilla","125",9
"QJMOTOR","ATR 125 E5+","Tarragona","125",1
"QJMOTOR","ATR 125 E5+","Toledo","125",1
"QJMOTOR","ATR 125 E5+","Valencia/València","125",9
"QJMOTOR","ATR 125 E5+","Valladolid","125",1
"QJMOTOR","ATR 125 E5+","Zaragoza","125",1
"QJMOTOR","FORT 125 N E5+","Albacete","125",1
"QJMOTOR","FORT 125 N E5+","Alicante/Alacant","125",6
"QJMOTOR","FORT 125 N E5+","Barcelona","125",7
"QJMOTOR","FORT 125 N E5+","Cádiz","125",6
"QJMOTOR","FORT 125 N E5+","Cantabria","125",1
"QJMOTOR","FORT 125 N E5+","Córdoba","125",3
"QJMOTOR","FORT 125 N E5+","Girona","125",1
"QJMOTOR","FORT 125 N E5+","Granada","125",4
"QJMOTOR","FORT 125 N E5+","Illes Balears","125",2
"QJMOTOR","FORT 125 N E5+","Lleida","125",1
"QJMOTOR","FORT 125 N E5+","Madrid","125",6
"QJMOTOR","FORT 125 N E5+","Málaga","125",7
"QJMOTOR","FORT 125 N E5+","Murcia","125",3
"QJMOTOR","FORT 125 N E5+","Palmas (Las)","125",2
"QJMOTOR","FORT 125 N E5+","Santa Cruz de Tenerife","125",5
"QJMOTOR","FORT 125 N E5+","Sevilla","125",6
"QJMOTOR","FORT 125 N E5+","Tarragona","125",1
"QJMOTOR","FORT 125 N E5+","Valencia/València","125",3
"QJMOTOR","FORT 125 N E5+","Valladolid","125",1
"QJMOTOR","FORT 125 N E5+","Zaragoza","125",1
"QJMOTOR","FORT 350","Barcelona","350",2
"QJMOTOR","FORT 350","Jaén","350",1
"QJMOTOR","FORT 350","Madrid","350",1
"QJMOTOR","FORT 350","Pontevedra","350",1
"QJMOTOR","FORT 4.0 E5+","Jaén","350",1
"QJMOTOR","FORT 4.0 E5+","Santa Cruz de Tenerife","350",1
"QJMOTOR","FORT 4.0 E5+","Sevilla","350",3
"QJMOTOR","FORT 4.0 E5+","Valencia/València","350",1
"QJMOTOR","LTR 125","Barcelona","125",1
"QJMOTOR","LTR 125","Tarragona","125",1
"QJMOTOR","LTR 125 E5+","Barcelona","125",1
"QJMOTOR","LTR 125 E5+","Illes Balears","125",1
"QJMOTOR","LTR 125 E5+","Santa Cruz de Tenerife","125",1
"QJMOTOR","MTX 125","Albacete","125",1
"QJMOTOR","MTX 125","Alicante/Alacant","125",3
"QJMOTOR","MTX 125","Barcelona","125",2
"QJMOTOR","MTX 125","Córdoba","125",1
"QJMOTOR","MTX 125","Girona","125",1
"QJMOTOR","MTX 125","Jaén","125",1
"QJMOTOR","MTX 125","Murcia","125",2
"QJMOTOR","MTX 125","Santa Cruz de Tenerife","125",1
"QJMOTOR","MTX 125","Valencia/València","125",2
"QJMOTOR","MTX 125 E5+","Alicante/Alacant","125",3
"QJMOTOR","MTX 125 E5+","Asturias","125",1
"QJMOTOR","MTX 125 E5+","Barcelona","125",6
"QJMOTOR","MTX 125 E5+","Bizkaia","125",1
"QJMOTOR","MTX 125 E5+","Cádiz","125",1
"QJMOTOR","MTX 125 E5+","Castellón/Castelló","125",1
"QJMOTOR","MTX 125 E5+","Coruña (A)","125",1
"QJMOTOR","MTX 125 E5+","Granada","125",1
"QJMOTOR","MTX 125 E5+","Huelva","125",1
"QJMOTOR","MTX 125 E5+","Illes Balears","125",1
"QJMOTOR","MTX 125 E5+","Madrid","125",6
"QJMOTOR","MTX 125 E5+","Málaga","125",1
"QJMOTOR","MTX 125 E5+","Murcia","125",2
"QJMOTOR","MTX 125 E5+","Palmas (Las)","125",5
"QJMOTOR","MTX 125 E5+","Sevilla","125",1
"QJMOTOR","MTX 125 E5+","Tarragona","125",2
"QJMOTOR","MTX 125 E5+","Valencia/València","125",6
"QJMOTOR","MTX 125 E5+","Valladolid","125",1
"QJMOTOR","SQ 16 E5+","Almería","125",1
"QJMOTOR","SQ 16 E5+","Barcelona","125",18
"QJMOTOR","SQ 16 E5+","Girona","125",2
"QJMOTOR","SQ 16 E5+","Huelva","125",1
"QJMOTOR","SQ 16 E5+","Málaga","125",4
"QJMOTOR","SQ 16 E5+","Murcia","125",1
"QJMOTOR","SQ 16 E5+","Palmas (Las)","125",1
"QJMOTOR","SQ 16 E5+","Zaragoza","125",2
"QJMOTOR","SRK 125 R","Barcelona","125",1
"QJMOTOR","SRK 125 R","Santa Cruz de Tenerife","125",2
"QJMOTOR","SRK 125 R E5+","Alicante/Alacant","125",1
"QJMOTOR","SRK 125 R E5+","Barcelona","125",3
"QJMOTOR","SRK 125 R E5+","Cáceres","125",1
"QJMOTOR","SRK 125 R E5+","Coruña (A)","125",1
"QJMOTOR","SRK 125 R E5+","Girona","125",1
"QJMOTOR","SRK 125 R E5+","Illes Balears","125",1
"QJMOTOR","SRK 125 R E5+","Jaén","125",1
"QJMOTOR","SRK 125 R E5+","Tarragona","125",2
"QJMOTOR","SRK 125 R E5+","Valencia/València","125",1
"QJMOTOR","SRK 125 S","Barcelona","125",1
"QJMOTOR","SRK 125 S","Girona","125",1
"QJMOTOR","SRK 125 S","Murcia","125",1
"QJMOTOR","SRK 125 S E5+","Alicante/Alacant","125",3
"QJMOTOR","SRK 125 S E5+","Almería","125",1
"QJMOTOR","SRK 125 S E5+","Badajoz","125",1
"QJMOTOR","SRK 125 S E5+","Barcelona","125",6
"QJMOTOR","SRK 125 S E5+","Bizkaia","125",1
"QJMOTOR","SRK 125 S E5+","Cádiz","125",2
"QJMOTOR","SRK 125 S E5+","Cantabria","125",2
"QJMOTOR","SRK 125 S E5+","Coruña (A)","125",2
"QJMOTOR","SRK 125 S E5+","Gipuzkoa","125",1
"QJMOTOR","SRK 125 S E5+","Granada","125",1
"QJMOTOR","SRK 125 S E5+","Guadalajara","125",1
"QJMOTOR","SRK 125 S E5+","Madrid","125",4
"QJMOTOR","SRK 125 S E5+","Málaga","125",2
"QJMOTOR","SRK 125 S E5+","Murcia","125",2
"QJMOTOR","SRK 125 S E5+","Palmas (Las)","125",3
"QJMOTOR","SRK 125 S E5+","Santa Cruz de Tenerife","125",3
"QJMOTOR","SRK 125 S E5+","Sevilla","125",1
"QJMOTOR","SRK 125 S E5+","Valencia/València","125",4
"QJMOTOR","SRK 600","Barcelona","554",1
"QJMOTOR","SRK 600","Granada","554",1
"QJMOTOR","SRK 600","Palmas (Las)","554",1
"QJMOTOR","SRK 700","Murcia","698",2
"QJMOTOR","SRK 700","Santa Cruz de Tenerife","698",1
"QJMOTOR","SRT 600 SX E5+","Albacete","554",2
"QJMOTOR","SRT 600 SX E5+","Alicante/Alacant","554",3
"QJMOTOR","SRT 600 SX E5+","Almería","554",1
"QJMOTOR","SRT 600 SX E5+","Asturias","554",1
"QJMOTOR","SRT 600 SX E5+","Barcelona","554",8
"QJMOTOR","SRT 600 SX E5+","Burgos","554",2
"QJMOTOR","SRT 600 SX E5+","Cádiz","554",2
"QJMOTOR","SRT 600 SX E5+","Castellón/Castelló","554",1
"QJMOTOR","SRT 600 SX E5+","Coruña (A)","554",1
"QJMOTOR","SRT 600 SX E5+","Gipuzkoa","554",1
"QJMOTOR","SRT 600 SX E5+","Girona","554",1
"QJMOTOR","SRT 600 SX E5+","Granada","554",1
"QJMOTOR","SRT 600 SX E5+","Huelva","554",1
"QJMOTOR","SRT 600 SX E5+","Illes Balears","554",1
"QJMOTOR","SRT 600 SX E5+","Jaén","554",1
"QJMOTOR","SRT 600 SX E5+","Lleida","554",2
"QJMOTOR","SRT 600 SX E5+","Madrid","554",7
"QJMOTOR","SRT 600 SX E5+","Málaga","554",1
"QJMOTOR","SRT 600 SX E5+","Murcia","554",2
"QJMOTOR","SRT 600 SX E5+","Palmas (Las)","554",2
"QJMOTOR","SRT 600 SX E5+","Santa Cruz de Tenerife","554",2
"QJMOTOR","SRT 600 SX E5+","Sevilla","554",2
"QJMOTOR","SRT 600 SX E5+","Valladolid","554",1
"QJMOTOR","SRT 700 E5+","Alicante/Alacant","698",1
"QJMOTOR","SRT 700 E5+","Almería","698",1
"QJMOTOR","SRT 700 E5+","Barcelona","698",1
"QJMOTOR","SRT 700 E5+","Córdoba","698",1
"QJMOTOR","SRT 700 E5+","Girona","698",1
"QJMOTOR","SRT 700 E5+","Murcia","698",1
"QJMOTOR","SRT 700 E5+","Palmas (Las)","698",1
"QJMOTOR","SRT 700 E5+","Valencia/València","698",2
"QJMOTOR","SRT 700 X","Madrid","698",1
"QJMOTOR","SRT 700 X","Zaragoza","698",1
"QJMOTOR","SRT 700 X E5+","Albacete","698",1
"QJMOTOR","SRT 700 X E5+","Alicante/Alacant","698",1
"QJMOTOR","SRT 700 X E5+","Almería","698",1
"QJMOTOR","SRT 700 X E5+","Barcelona","698",2
"QJMOTOR","SRT 700 X E5+","Cáceres","698",1
"QJMOTOR","SRT 700 X E5+","Castellón/Castelló","698",1
"QJMOTOR","SRT 700 X E5+","Madrid","698",1
"QJMOTOR","SRT 700 X E5+","Tarragona","698",2
"QJMOTOR","SRT 700 X E5+","Valencia/València","698",1
"QJMOTOR","SRT 900 S","Álava/Araba","904",1
"QJMOTOR","SRT 900 S","Asturias","904",1
"QJMOTOR","SRT 900 S","Barcelona","904",6
"QJMOTOR","SRT 900 S","Cádiz","904",4
"QJMOTOR","SRT 900 S","Cantabria","904",1
"QJMOTOR","SRT 900 S","Córdoba","904",2
"QJMOTOR","SRT 900 S","Illes Balears","904",1
"QJMOTOR","SRT 900 S","Jaén","904",1
"QJMOTOR","SRT 900 S","Lleida","904",1
"QJMOTOR","SRT 900 S","Madrid","904",2
"QJMOTOR","SRT 900 S","Murcia","904",2
"QJMOTOR","SRT 900 S","Navarra","904",1
"QJMOTOR","SRT 900 S","Rioja (La)","904",1
"QJMOTOR","SRT 900 S","Salamanca","904",1
"QJMOTOR","SRT 900 S","Santa Cruz de Tenerife","904",2
"QJMOTOR","SRT 900 S","Sevilla","904",1
"QJMOTOR","SRT 900 S","Tarragona","904",1
"QJMOTOR","SRT 900 S","Valencia/València","904",3
"QJMOTOR","SRT 900 S","Valladolid","904",1
"QJMOTOR","SRT 900 S","Zaragoza","904",1
"QJMOTOR","SRT 900 SX","Alicante/Alacant","904",1
"QJMOTOR","SRT 900 SX","Asturias","904",2
"QJMOTOR","SRT 900 SX","Barcelona","904",1
"QJMOTOR","SRT 900 SX","Bizkaia","904",1
"QJMOTOR","SRT 900 SX","Cádiz","904",1
"QJMOTOR","SRT 900 SX","Castellón/Castelló","904",2
"QJMOTOR","SRT 900 SX","Ciudad Real","904",1
"QJMOTOR","SRT 900 SX","Córdoba","904",2
"QJMOTOR","SRT 900 SX","Girona","904",1
"QJMOTOR","SRT 900 SX","Granada","904",2
"QJMOTOR","SRT 900 SX","Lleida","904",1
"QJMOTOR","SRT 900 SX","Murcia","904",2
"QJMOTOR","SRT 900 SX","Palencia","904",1
"QJMOTOR","SRT 900 SX","Santa Cruz de Tenerife","904",1
"QJMOTOR","SRT 900 SX","Sevilla","904",2
"QJMOTOR","SRT 900 SX","Tarragona","904",2
"QJMOTOR","SRT 900 SX","Zaragoza","904",2
"QJMOTOR","SRV 12 E5+","Barcelona","125",4
"QJMOTOR","SRV 12 E5+","Burgos","125",1
"QJMOTOR","SRV 12 E5+","Cádiz","125",1
"QJMOTOR","SRV 12 E5+","Girona","125",1
"QJMOTOR","SRV 12 E5+","Madrid","125",2
"QJMOTOR","SRV 12 E5+","Pontevedra","125",1
"QJMOTOR","SRV 12 E5+","Valencia/València","125",1
"QJMOTOR","SRV 12 E5+","Valladolid","125",1
"QJMOTOR","SRV 125","Barcelona","125",1
"QJMOTOR","SRV 125 E5+","Alicante/Alacant","125",2
"QJMOTOR","SRV 125 E5+","Almería","125",1
"QJMOTOR","SRV 125 E5+","Barcelona","125",1
"QJMOTOR","SRV 125 E5+","Cádiz","125",1
"QJMOTOR","SRV 125 E5+","Huelva","125",1
"QJMOTOR","SRV 125 E5+","Illes Balears","125",1
"QJMOTOR","SRV 125 E5+","Lleida","125",1
"QJMOTOR","SRV 125 E5+","Madrid","125",3
"QJMOTOR","SRV 125 E5+","Málaga","125",2
"QJMOTOR","SRV 125 E5+","Murcia","125",1
"QJMOTOR","SRV 125 E5+","Palmas (Las)","125",2
"QJMOTOR","SRV 125 E5+","Santa Cruz de Tenerife","125",3
"QJMOTOR","SRV 125 E5+","Sevilla","125",1
"QJMOTOR","SRV 125 E5+","Valencia/València","125",1
"QJMOTOR","SRV 550","Madrid","554",1
"QJMOTOR","SRV 550","Sevilla","554",1
"QJMOTOR","SRV 550","Valladolid","554",1
"QJMOTOR","TRX 125","Barcelona","125",2
"QJMOTOR","TRX 125","Tarragona","125",1
"QJMOTOR","TRX 125 E5+","Coruña (A)","125",1
"QJMOTOR","TRX 125 E5+","Málaga","125",2
"QJMOTOR","TRX 125 E5+","Palmas (Las)","125",1
"QJMOTOR","TRX 125 E5+","Teruel","125",1
"REDMOTO","--","Palmas (Las)","449",1
"REDMOTO","---","Alicante/Alacant","296",2
"REDMOTO","---","Barcelona","296",2
"REDMOTO","---","Huelva","296",1
"REDMOTO","---","Málaga","296",1
"REDMOTO","---","Navarra","296",1
"REDMOTO","---","Zaragoza","296",1
"RIEJU","AVENTURA 125","Illes Balears","124",1
"RIEJU","AVENTURA 500","Alicante/Alacant","471",2
"RIEJU","AVENTURA 500","Barcelona","471",1
"RIEJU","AVENTURA 500","Cádiz","471",1
"RIEJU","AVENTURA 500","Huelva","471",1
"RIEJU","AVENTURA 500","Illes Balears","471",1
"RIEJU","CENTURY125","Barcelona","124",2
"RIEJU","CENTURY125","Castellón/Castelló","124",1
"RIEJU","CENTURY125","Illes Balears","124",1
"RIEJU","MR","Cádiz","293",1
"RIEJU","MR","Palmas (Las)","293",1
"RIEJU","N/A","Alicante/Alacant","125",2
"RIEJU","N/A","Almería","125",5
"RIEJU","N/A","Asturias","125",1
"RIEJU","N/A","Ávila","125",1
"RIEJU","N/A","Badajoz","125",3
"RIEJU","N/A","Barcelona","125",3
"RIEJU","N/A","Bizkaia","125",1
"RIEJU","N/A","Cádiz","125",2
"RIEJU","N/A","Cantabria","125",1
"RIEJU","N/A","Castellón/Castelló","125",1
"RIEJU","N/A","Córdoba","125",1
"RIEJU","N/A","Coruña (A)","125",3
"RIEJU","N/A","Cuenca","125",1
"RIEJU","N/A","Gipuzkoa","125",2
"RIEJU","N/A","Girona","125",2
"RIEJU","N/A","Granada","125",1
"RIEJU","N/A","Guadalajara","125",1
"RIEJU","N/A","Huelva","125",4
"RIEJU","N/A","León","125",1
"RIEJU","N/A","Lugo","125",1
"RIEJU","N/A","Madrid","125",2
"RIEJU","N/A","Málaga","125",4
"RIEJU","N/A","Murcia","125",2
"RIEJU","N/A","Navarra","125",2
"RIEJU","N/A","Ourense","125",2
"RIEJU","N/A","Palmas (Las)","125",1
"RIEJU","N/A","Pontevedra","125",1
"RIEJU","N/A","Santa Cruz de Tenerife","125",1
"RIEJU","N/A","Segovia","125",1
"RIEJU","N/A","Sevilla","125",3
"RIEJU","N/A","Tarragona","125",4
"RIEJU","N/A","Teruel","125",1
"RIEJU","N/A","Toledo","125",2
"RIEJU","N/A","Valencia/València","125",3
"RIEJU","N/A","Zamora","125",2
"RIEJU","N/A","Zaragoza","125",1
"RIEJU","NOT APPLICABLE","Barcelona","124",5
"RIEJU","NOT APPLICABLE","Cáceres","124",2
"RIEJU","NOT APPLICABLE","Cádiz","124",2
"RIEJU","NOT APPLICABLE","Granada","124",1
"RIEJU","NOT APPLICABLE","Huesca","124",1
"RIEJU","NOT APPLICABLE","Madrid","124",3
"RIEJU","NOT APPLICABLE","Málaga","124",2
"RIEJU","NOT APPLICABLE","Murcia","124",1
"RIEJU","NOT APPLICABLE","Santa Cruz de Tenerife","124",2
"RIEJU","NOT APPLICABLE","Sevilla","124",2
"RIEJU","NOT APPLICABLE","Tarragona","124",2
"RIEJU","RALLY 307","Albacete","292",2
"RIEJU","RALLY 307","Alicante/Alacant","292",3
"RIEJU","RALLY 307","Almería","292",3
"RIEJU","RALLY 307","Asturias","292",2
"RIEJU","RALLY 307","Ávila","292",1
"RIEJU","RALLY 307","Badajoz","292",1
"RIEJU","RALLY 307","Barcelona","292",25
"RIEJU","RALLY 307","Bizkaia","292",4
"RIEJU","RALLY 307","Burgos","292",3
"RIEJU","RALLY 307","Cádiz","292",2
"RIEJU","RALLY 307","Cantabria","292",2
"RIEJU","RALLY 307","Ciudad Real","292",1
"RIEJU","RALLY 307","Córdoba","292",2
"RIEJU","RALLY 307","Coruña (A)","292",2
"RIEJU","RALLY 307","Girona","292",6
"RIEJU","RALLY 307","Granada","292",3
"RIEJU","RALLY 307","Guadalajara","292",2
"RIEJU","RALLY 307","Huelva","292",1
"RIEJU","RALLY 307","Illes Balears","292",2
"RIEJU","RALLY 307","Lleida","292",3
"RIEJU","RALLY 307","Lugo","292",1
"RIEJU","RALLY 307","Madrid","292",7
"RIEJU","RALLY 307","Málaga","292",7
"RIEJU","RALLY 307","Murcia","292",3
"RIEJU","RALLY 307","Navarra","292",5
"RIEJU","RALLY 307","Pontevedra","292",3
"RIEJU","RALLY 307","Rioja (La)","292",5
"RIEJU","RALLY 307","Santa Cruz de Tenerife","292",1
"RIEJU","RALLY 307","Sevilla","292",6
"RIEJU","RALLY 307","Soria","292",1
"RIEJU","RALLY 307","Tarragona","292",8
"RIEJU","RALLY 307","Toledo","292",1
"RIEJU","RALLY 307","Valencia/València","292",9
"RIEJU","RALLY 307","Valladolid","292",5
"RIEJU","RALLY 307","Zamora","292",1
"RIEJU","RALLY 307","Zaragoza","292",2
"RIEJU","XPLORA 557","Barcelona","554",1
"RIEJU","XPLORA 557","Palmas (Las)","554",1
"RIEJU","XPLORA 557","Teruel","554",1
"RIEJU","XPLORA 557","Zamora","554",1
"RIEJU","XPLORA 707","Alicante/Alacant","698",1
"RIEJU","XPLORA 707","Almería","698",1
"RIEJU","XPLORA 707","Barcelona","698",1
"RIEJU","XPLORA 707","Ciudad Real","698",1
"RIEJU","XPLORA 707","Rioja (La)","698",1
"RIEJU","XPLORA 707","Sevilla","698",1
"RIEJU","XPLORA 707","Valencia/València","698",1
"RIEJU","XPLORA 707","Zaragoza","698",1
"ROYAL ALLOY","TG125","Madrid","125",1
"ROYAL ENFIELD","BULLET 350","Teruel","349",1
"ROYAL ENFIELD","BULLET 350","Valencia/València","349",1
"ROYAL ENFIELD","CLASSIC 350","Asturias","349",1
"ROYAL ENFIELD","CLASSIC 350","Badajoz","349",1
"ROYAL ENFIELD","CLASSIC 350","Barcelona","349",5
"ROYAL ENFIELD","CLASSIC 350","Cantabria","349",1
"ROYAL ENFIELD","CLASSIC 350","Girona","349",1
"ROYAL ENFIELD","CLASSIC 350","Guadalajara","349",1
"ROYAL ENFIELD","CLASSIC 350","Illes Balears","349",1
"ROYAL ENFIELD","CLASSIC 350","Málaga","349",1
"ROYAL ENFIELD","CLASSIC 350","Murcia","349",1
"ROYAL ENFIELD","CLASSIC 350","Valencia/València","349",1
"ROYAL ENFIELD","CLASSIC 650 TWIN","Cantabria","648",1
"ROYAL ENFIELD","CLASSIC 650 TWIN","Ciudad Real","648",1
"ROYAL ENFIELD","CLASSIC 650 TWIN","Córdoba","648",1
"ROYAL ENFIELD","CLASSIC 650 TWIN","Illes Balears","648",1
"ROYAL ENFIELD","CLASSIC 650 TWIN","Málaga","648",1
"ROYAL ENFIELD","CLASSIC 650 TWIN","Palmas (Las)","648",1
"ROYAL ENFIELD","CLASSIC 650 TWIN","Sevilla","648",1
"ROYAL ENFIELD","CLASSIC 650 TWIN","Valencia/València","648",1
"ROYAL ENFIELD","CONTINENTAL GT 650","Alicante/Alacant","648",1
"ROYAL ENFIELD","CONTINENTAL GT 650","Girona","648",1
"ROYAL ENFIELD","CONTINENTAL GT 650","Granada","648",1
"ROYAL ENFIELD","CONTINENTAL GT 650","Madrid","648",2
"ROYAL ENFIELD","CONTINENTAL GT 650","Pontevedra","648",1
"ROYAL ENFIELD","CONTINENTAL GT 650","Valencia/València","648",1
"ROYAL ENFIELD","GOAN CLASSIC 350","Barcelona","349",2
"ROYAL ENFIELD","GOAN CLASSIC 350","Bizkaia","349",1
"ROYAL ENFIELD","GUERRILLA 450","Barcelona","452",2
"ROYAL ENFIELD","GUERRILLA 450","Coruña (A)","452",1
"ROYAL ENFIELD","GUERRILLA 450","Girona","452",1
"ROYAL ENFIELD","GUERRILLA 450","Granada","452",1
"ROYAL ENFIELD","GUERRILLA 450","Illes Balears","452",1
"ROYAL ENFIELD","GUERRILLA 450","Madrid","452",1
"ROYAL ENFIELD","GUERRILLA 450","Palmas (Las)","452",2
"ROYAL ENFIELD","GUERRILLA 450","Santa Cruz de Tenerife","452",1
"ROYAL ENFIELD","GUERRILLA 450","Valladolid","452",1
"ROYAL ENFIELD","GUERRILLA 450","Zaragoza","452",1
"ROYAL ENFIELD","HIMALAYAN 452","Álava/Araba","452",1
"ROYAL ENFIELD","HIMALAYAN 452","Alicante/Alacant","452",4
"ROYAL ENFIELD","HIMALAYAN 452","Asturias","452",1
"ROYAL ENFIELD","HIMALAYAN 452","Barcelona","452",12
"ROYAL ENFIELD","HIMALAYAN 452","Burgos","452",1
"ROYAL ENFIELD","HIMALAYAN 452","Castellón/Castelló","452",1
"ROYAL ENFIELD","HIMALAYAN 452","Córdoba","452",1
"ROYAL ENFIELD","HIMALAYAN 452","Coruña (A)","452",1
"ROYAL ENFIELD","HIMALAYAN 452","Girona","452",2
"ROYAL ENFIELD","HIMALAYAN 452","Huesca","452",1
"ROYAL ENFIELD","HIMALAYAN 452","Madrid","452",2
"ROYAL ENFIELD","HIMALAYAN 452","Málaga","452",2
"ROYAL ENFIELD","HIMALAYAN 452","Murcia","452",1
"ROYAL ENFIELD","HIMALAYAN 452","Navarra","452",1
"ROYAL ENFIELD","HIMALAYAN 452","Palmas (Las)","452",2
"ROYAL ENFIELD","HIMALAYAN 452","Salamanca","452",1
"ROYAL ENFIELD","HIMALAYAN 452","Santa Cruz de Tenerife","452",2
"ROYAL ENFIELD","HIMALAYAN 452","Segovia","452",1
"ROYAL ENFIELD","HIMALAYAN 452","Sevilla","452",1
"ROYAL ENFIELD","HIMALAYAN 452","Tarragona","452",2
"ROYAL ENFIELD","HIMALAYAN 452","Toledo","452",1
"ROYAL ENFIELD","HIMALAYAN 452","Valencia/València","452",4
"ROYAL ENFIELD","HIMALAYAN 452","Valladolid","452",2
"ROYAL ENFIELD","HIMALAYAN 452","Zaragoza","452",3
"ROYAL ENFIELD","INTERCEPTOR 650","Cádiz","648",1
"ROYAL ENFIELD","INTERCEPTOR 650","Girona","648",1
"ROYAL ENFIELD","INTERCEPTOR BEAR 650","Almería","648",1
"ROYAL ENFIELD","INTERCEPTOR BEAR 650","Barcelona","648",1
"ROYAL ENFIELD","INTERCEPTOR BEAR 650","Illes Balears","648",1
"ROYAL ENFIELD","INTERCEPTOR BEAR 650","Madrid","648",1
"ROYAL ENFIELD","INTERCEPTOR BEAR 650","Málaga","648",1
"ROYAL ENFIELD","INTERCEPTOR BEAR 650","Murcia","648",1
"ROYAL ENFIELD","INTERCEPTOR BEAR 650","Palmas (Las)","648",1
"ROYAL ENFIELD","INTERCEPTOR BEAR 650","Toledo","648",1
"ROYAL ENFIELD","INTERCEPTOR BEAR 650","Valencia/València","648",1
"ROYAL ENFIELD","METEOR 350","Barcelona","349",1
"ROYAL ENFIELD","METEOR 350","Madrid","349",1
"ROYAL ENFIELD","SHOTGUN 650","Alicante/Alacant","648",1
"ROYAL ENFIELD","SHOTGUN 650","Málaga","648",1
"ROYAL ENFIELD","SHOTGUN 650","Navarra","648",1
"ROYAL ENFIELD","SUPER METEOR 650","Alicante/Alacant","648",2
"ROYAL ENFIELD","SUPER METEOR 650","Barcelona","648",2
"ROYAL ENFIELD","SUPER METEOR 650","Illes Balears","648",1
"ROYAL ENFIELD","SUPER METEOR 650","Málaga","648",1
"ROYAL ENFIELD","SUPER METEOR 650","Murcia","648",1
"ROYAL ENFIELD","SUPER METEOR 650","Palmas (Las)","648",1
"ROYAL ENFIELD","SUPER METEOR 650","Santa Cruz de Tenerife","648",1
"ROYAL ENFIELD","SUPER METEOR 650","Segovia","648",1
"ROYAL ENFIELD","SUPER METEOR 650","Tarragona","648",1
"SHERCO","125 SE-R","Almería","125",1
"SHERCO","125 SE-R","Asturias","125",1
"SHERCO","125 SE-R","Badajoz","125",1
"SHERCO","125 SE-R","Cáceres","125",1
"SHERCO","125 SE-R","Cádiz","125",2
"SHERCO","125 SE-R","Lugo","125",1
"SHERCO","250 SE-R","Almería","249",1
"SHERCO","250 SE-R","Huelva","249",1
"SHERCO","300 SE-R","Asturias","293",2
"SHERCO","300 SE-R","Badajoz","293",1
"SHERCO","300 SE-R","Barcelona","293",2
"SHERCO","300 SE-R","Girona","293",1
"SHERCO","300 SE-R","Granada","293",1
"SHERCO","300 SE-R","Huelva","293",1
"SHERCO","300 SE-R","Lleida","293",1
"SHERCO","300 SE-R","Madrid","293",1
"SHERCO","300 SE-R","Málaga","293",1
"SHERCO","300 SE-R","Pontevedra","293",1
"SHERCO","300 SE-R","Tarragona","293",1
"SHERCO","300 SEF-R","Barcelona","304",1
"SHERCO","300 SEF-R","Huelva","304",1
"SHERCO","300 SEF-R","Murcia","304",1
"SHERCO","300CC","Madrid","295",1
"SHERCO","N.A","Álava/Araba","125",1
"SHERCO","N.A","Badajoz","125",2
"SHERCO","N.A","Cádiz","125",1
"SHERCO","N.A","Córdoba","125",1
"SHERCO","N.A","Coruña (A)","125",1
"SHERCO","N.A","Granada","125",1
"SHERCO","N.A","Illes Balears","125",2
"SHERCO","N.A","Madrid","125",2
"SHERCO","N.A","Pontevedra","125",1
"SHERCO","N.A","Valladolid","125",1
"SUMCO","KR139","Barcelona","124",1
"SUMCO","NKD125","Barcelona","124",1
"SUZUKI","ADDRESS 125","Alicante/Alacant","124",1
"SUZUKI","ADDRESS 125","Almería","124",1
"SUZUKI","ADDRESS 125","Barcelona","124",5
"SUZUKI","ADDRESS 125","Ceuta","124",1
"SUZUKI","ADDRESS 125","Girona","124",1
"SUZUKI","ADDRESS 125","Granada","124",1
"SUZUKI","ADDRESS 125","Málaga","124",1
"SUZUKI","ADDRESS 125","Murcia","124",2
"SUZUKI","ADDRESS 125","Santa Cruz de Tenerife","124",3
"SUZUKI","ADDRESS 125","Sevilla","124",3
"SUZUKI","ADDRESS 125","Valencia/València","124",4
"SUZUKI","BURGMAN 400","Alicante/Alacant","400",1
"SUZUKI","BURGMAN 400","Barcelona","400",1
"SUZUKI","BURGMAN 400","Gipuzkoa","400",1
"SUZUKI","BURGMAN 400","Girona","400",2
"SUZUKI","BURGMAN 400","Illes Balears","400",1
"SUZUKI","BURGMAN 400","Madrid","400",1
"SUZUKI","BURGMAN 400","Sevilla","400",1
"SUZUKI","DL650","Barcelona","645",1
"SUZUKI","DL650","Salamanca","645",1
"SUZUKI","DL650U","Tarragona","645",1
"SUZUKI","DL650U","Zaragoza","645",1
"SUZUKI","DR-Z400","Alicante/Alacant","398",1
"SUZUKI","DR-Z400","Asturias","398",1
"SUZUKI","DR-Z400","Badajoz","398",1
"SUZUKI","DR-Z400","Barcelona","398",2
"SUZUKI","DR-Z400","Burgos","398",1
"SUZUKI","DR-Z400","Cantabria","398",3
"SUZUKI","DR-Z400","Gipuzkoa","398",1
"SUZUKI","DR-Z400","Girona","398",1
"SUZUKI","DR-Z400","Granada","398",1
"SUZUKI","DR-Z400","Lleida","398",1
"SUZUKI","DR-Z400","Madrid","398",2
"SUZUKI","DR-Z400","Palmas (Las)","398",1
"SUZUKI","DR-Z400","Valencia/València","398",1
"SUZUKI","DR-Z400","Zaragoza","398",1
"SUZUKI","GSX-8S","Alicante/Alacant","776",2
"SUZUKI","GSX-8S","Almería","776",1
"SUZUKI","GSX-8S","Barcelona","776",2
"SUZUKI","GSX-8S","Castellón/Castelló","776",1
"SUZUKI","GSX-8S","Ceuta","776",1
"SUZUKI","GSX-8S","Gipuzkoa","776",2
"SUZUKI","GSX-8S","Illes Balears","776",1
"SUZUKI","GSX-8S","Madrid","776",2
"SUZUKI","GSX-8S","Murcia","776",2
"SUZUKI","GSX-8S","Palmas (Las)","776",3
"SUZUKI","GSX-8S","Salamanca","776",1
"SUZUKI","GSX-8S","Santa Cruz de Tenerife","776",4
"SUZUKI","GSX-8S","Valencia/València","776",1
"SUZUKI","GSX-8S","Zaragoza","776",1
"SUZUKI","GSX-R125","Alicante/Alacant","124",1
"SUZUKI","GSX-R125","León","124",1
"SUZUKI","GSX-S 1000","Almería","999",1
"SUZUKI","GSX-S 1000","Barcelona","999",1
"SUZUKI","GSX-S 1000","Cáceres","999",1
"SUZUKI","GSX-S 1000","Cantabria","999",1
"SUZUKI","GSX-S 1000","Guadalajara","999",1
"SUZUKI","GSX-S 1000","Madrid","999",3
"SUZUKI","GSX-S 1000","Murcia","999",1
"SUZUKI","GSX-S 1000","Navarra","999",1
"SUZUKI","GSX-S 1000","Palmas (Las)","999",1
"SUZUKI","GSX-S 1000","Santa Cruz de Tenerife","999",1
"SUZUKI","GSX-S 1000","Valencia/València","999",2
"SUZUKI","GSX-S125","Santa Cruz de Tenerife","124",2
"SUZUKI","GSX1300R","Madrid","1340",1
"SUZUKI","SV650U","Alicante/Alacant","645",1
"SUZUKI","SV650U","Asturias","645",1
"SUZUKI","SV650U","Barcelona","645",1
"SUZUKI","SV650U","Madrid","645",2
"SUZUKI","V-Strom 1050","Alicante/Alacant","1037",2
"SUZUKI","V-Strom 1050","Madrid","1037",1
"SUZUKI","V-Strom 1050","Málaga","1037",2
"SUZUKI","V-Strom 800","Albacete","776",1
"SUZUKI","V-Strom 800","Barcelona","776",3
"SUZUKI","V-Strom 800","Cádiz","776",1
"SUZUKI","V-Strom 800","Gipuzkoa","776",1
"SUZUKI","V-Strom 800","Girona","776",2
"SUZUKI","V-Strom 800","Granada","776",1
"SUZUKI","V-Strom 800","Huelva","776",1
"SUZUKI","V-Strom 800","Madrid","776",2
"SUZUKI","V-Strom 800","Murcia","776",2
"SUZUKI","V-Strom 800","Palmas (Las)","776",1
"SUZUKI","V-Strom 800","Santa Cruz de Tenerife","776",3
"SUZUKI","V-Strom 800","Sevilla","776",2
"SUZUKI","V-Strom 800","Tarragona","776",1
"SUZUKI","V-Strom 800","Toledo","776",1
"SUZUKI","V-Strom 800","Valencia/València","776",2
"SWM","HOKU 125","Barcelona","125",1
"SWM","HOKU 125","Illes Balears","125",1
"SWM","HOKU 125","Tarragona","125",1
"SWM","RS300R","Navarra","298",1
"SWM","RS300R","Sevilla","298",1
"SWM","SM125R","Barcelona","125",2
"SWM","VAREZ125","Barcelona","125",1
"SYM","ADX 125 ABS","Álava/Araba","125",1
"SYM","ADX 125 ABS","Almería","125",1
"SYM","ADX 125 ABS","Jaén","125",1
"SYM","ADX 125 LC TCS E5+","Barcelona","125",5
"SYM","ADX 125 LC TCS E5+","Cádiz","125",1
"SYM","ADX 125 LC TCS E5+","Girona","125",2
"SYM","ADX 125 LC TCS E5+","Illes Balears","125",6
"SYM","ADX 125 LC TCS E5+","Madrid","125",3
"SYM","ADX 125 LC TCS E5+","Málaga","125",1
"SYM","ADX 125 LC TCS E5+","Palmas (Las)","125",4
"SYM","ADX 125 LC TCS E5+","Santa Cruz de Tenerife","125",3
"SYM","ADX 125 LC TCS E5+","Sevilla","125",1
"SYM","ADX 125 LC TCS E5+","Tarragona","125",1
"SYM","ADX 125 LC TCS E5+","Valencia/València","125",1
"SYM","ADX 125 LC TCS E5+","Zaragoza","125",1
"SYM","ADX 300 TCS","Alicante/Alacant","278",4
"SYM","ADX 300 TCS","Asturias","278",1
"SYM","ADX 300 TCS","Barcelona","278",8
"SYM","ADX 300 TCS","Bizkaia","278",1
"SYM","ADX 300 TCS","Cádiz","278",4
"SYM","ADX 300 TCS","Cantabria","278",1
"SYM","ADX 300 TCS","Córdoba","278",3
"SYM","ADX 300 TCS","Cuenca","278",1
"SYM","ADX 300 TCS","Girona","278",4
"SYM","ADX 300 TCS","Granada","278",5
"SYM","ADX 300 TCS","Huelva","278",2
"SYM","ADX 300 TCS","Illes Balears","278",5
"SYM","ADX 300 TCS","Jaén","278",1
"SYM","ADX 300 TCS","Málaga","278",2
"SYM","ADX 300 TCS","Murcia","278",1
"SYM","ADX 300 TCS","Navarra","278",1
"SYM","ADX 300 TCS","Palmas (Las)","278",2
"SYM","ADX 300 TCS","Santa Cruz de Tenerife","278",9
"SYM","ADX 300 TCS","Sevilla","278",6
"SYM","ADX 300 TCS","Tarragona","278",5
"SYM","ADX 300 TCS","Toledo","278",2
"SYM","ADX 300 TCS","Valencia/València","278",1
"SYM","ADXTG 400","Barcelona","399",1
"SYM","ADXTG 400","Murcia","399",2
"SYM","ADXTG 400","Santa Cruz de Tenerife","399",1
"SYM","CRUISYM 125 E5 TCS","Alicante/Alacant","124",1
"SYM","CRUISYM 125 E5 TCS","Almería","124",1
"SYM","CRUISYM 125 E5 TCS","Lleida","124",1
"SYM","CRUISYM 125 E5 TCS","Santa Cruz de Tenerife","124",1
"SYM","CRUISYM 125 TCS E5+","Albacete","124",1
"SYM","CRUISYM 125 TCS E5+","Alicante/Alacant","124",2
"SYM","CRUISYM 125 TCS E5+","Barcelona","124",4
"SYM","CRUISYM 125 TCS E5+","Cádiz","124",2
"SYM","CRUISYM 125 TCS E5+","Coruña (A)","124",1
"SYM","CRUISYM 125 TCS E5+","Girona","124",1
"SYM","CRUISYM 125 TCS E5+","Granada","124",1
"SYM","CRUISYM 125 TCS E5+","Huelva","124",3
"SYM","CRUISYM 125 TCS E5+","Illes Balears","124",1
"SYM","CRUISYM 125 TCS E5+","Lleida","124",1
"SYM","CRUISYM 125 TCS E5+","Madrid","124",4
"SYM","CRUISYM 125 TCS E5+","Pontevedra","124",1
"SYM","CRUISYM 125 TCS E5+","Santa Cruz de Tenerife","124",2
"SYM","CRUISYM 125 TCS E5+","Sevilla","124",2
"SYM","CRUISYM 125 TCS E5+","Tarragona","124",1
"SYM","CRUISYM 125 TCS E5+","Valencia/València","124",5
"SYM","CRUISYM 125 TCS E5+","Zaragoza","124",1
"SYM","CRUISYM 300 E5 TCS","Barcelona","278",3
"SYM","CRUISYM 300 E5 TCS","Illes Balears","278",1
"SYM","FIDDLE 125 E5","Barcelona","125",1
"SYM","FIDDLE 125 E5","Granada","125",1
"SYM","FUGUE 125 ABS TOP CASE","Asturias","124",1
"SYM","FUGUE 125 ABS TOP CASE","Barcelona","124",4
"SYM","FUGUE 125 ABS TOP CASE","Córdoba","124",1
"SYM","FUGUE 125 ABS TOP CASE","Gipuzkoa","124",1
"SYM","FUGUE 125 ABS TOP CASE","Illes Balears","124",1
"SYM","FUGUE 125 ABS TOP CASE","Pontevedra","124",1
"SYM","FUGUE 125 ABS TOP CASE","Tarragona","124",1
"SYM","JET 14","Álava/Araba","125",1
"SYM","JET 14","Albacete","125",4
"SYM","JET 14","Alicante/Alacant","125",10
"SYM","JET 14","Almería","125",1
"SYM","JET 14","Asturias","125",1
"SYM","JET 14","Badajoz","125",1
"SYM","JET 14","Barcelona","125",32
"SYM","JET 14","Cádiz","125",13
"SYM","JET 14","Cantabria","125",2
"SYM","JET 14","Córdoba","125",5
"SYM","JET 14","Coruña (A)","125",2
"SYM","JET 14","Gipuzkoa","125",5
"SYM","JET 14","Girona","125",4
"SYM","JET 14","Granada","125",3
"SYM","JET 14","Huelva","125",3
"SYM","JET 14","Illes Balears","125",5
"SYM","JET 14","Jaén","125",1
"SYM","JET 14","Lleida","125",1
"SYM","JET 14","Lugo","125",2
"SYM","JET 14","Madrid","125",8
"SYM","JET 14","Málaga","125",10
"SYM","JET 14","Murcia","125",4
"SYM","JET 14","Navarra","125",3
"SYM","JET 14","Palmas (Las)","125",2
"SYM","JET 14","Pontevedra","125",4
"SYM","JET 14","Rioja (La)","125",1
"SYM","JET 14","Santa Cruz de Tenerife","125",4
"SYM","JET 14","Sevilla","125",11
"SYM","JET 14","Tarragona","125",3
"SYM","JET 14","Teruel","125",1
"SYM","JET 14","Toledo","125",2
"SYM","JET 14","Valencia/València","125",4
"SYM","JET 14","Valladolid","125",1
"SYM","JET 14","Zaragoza","125",2
"SYM","JET X","Alicante/Alacant","125",3
"SYM","JET X","Asturias","125",1
"SYM","JET X","Barcelona","125",18
"SYM","JET X","Bizkaia","125",1
"SYM","JET X","Cádiz","125",4
"SYM","JET X","Castellón/Castelló","125",1
"SYM","JET X","Ciudad Real","125",1
"SYM","JET X","Coruña (A)","125",1
"SYM","JET X","Girona","125",1
"SYM","JET X","Granada","125",1
"SYM","JET X","Illes Balears","125",2
"SYM","JET X","Madrid","125",5
"SYM","JET X","Málaga","125",3
"SYM","JET X","Murcia","125",2
"SYM","JET X","Pontevedra","125",1
"SYM","JET X","Sevilla","125",5
"SYM","JET X","Tarragona","125",3
"SYM","JET X","Valladolid","125",1
"SYM","JET X","Zaragoza","125",2
"SYM","JOYMAX Z 300 E5+","Alicante/Alacant","278",2
"SYM","JOYMAX Z 300 E5+","Almería","278",1
"SYM","JOYMAX Z 300 E5+","Barcelona","278",14
"SYM","JOYMAX Z 300 E5+","Cádiz","278",3
"SYM","JOYMAX Z 300 E5+","Córdoba","278",1
"SYM","JOYMAX Z 300 E5+","Gipuzkoa","278",2
"SYM","JOYMAX Z 300 E5+","Girona","278",2
"SYM","JOYMAX Z 300 E5+","Granada","278",3
"SYM","JOYMAX Z 300 E5+","Illes Balears","278",2
"SYM","JOYMAX Z 300 E5+","Madrid","278",2
"SYM","JOYMAX Z 300 E5+","Málaga","278",2
"SYM","JOYMAX Z 300 E5+","Palmas (Las)","278",1
"SYM","JOYMAX Z 300 E5+","Santa Cruz de Tenerife","278",3
"SYM","JOYMAX Z 300 E5+","Sevilla","278",1
"SYM","JOYMAX Z 300 E5+","Valencia/València","278",4
"SYM","JOYRIDE 300 ABS","Palmas (Las)","278",1
"SYM","JOYRIDE 300 ABS","Santa Cruz de Tenerife","278",2
"SYM","MAXSYM 400I GT","Barcelona","399",1
"SYM","MAXSYM 400I GT","Cádiz","399",1
"SYM","MAXSYM 400I GT","Madrid","399",1
"SYM","MAXSYM TL 508 E5+","Barcelona","508",4
"SYM","MAXSYM TL 508 E5+","Cádiz","508",1
"SYM","MAXSYM TL 508 E5+","Castellón/Castelló","508",1
"SYM","MAXSYM TL 508 E5+","Illes Balears","508",1
"SYM","MAXSYM TL 508 E5+","Murcia","508",1
"SYM","MAXSYM TL 508 E5+","Navarra","508",1
"SYM","MAXSYM TL 508 E5+","Valencia/València","508",1
"SYM","SYMPHONY 125","Alicante/Alacant","125",23
"SYM","SYMPHONY 125","Almería","125",3
"SYM","SYMPHONY 125","Asturias","125",4
"SYM","SYMPHONY 125","Badajoz","125",1
"SYM","SYMPHONY 125","Barcelona","125",168
"SYM","SYMPHONY 125","Bizkaia","125",2
"SYM","SYMPHONY 125","Burgos","125",1
"SYM","SYMPHONY 125","Cáceres","125",1
"SYM","SYMPHONY 125","Cádiz","125",15
"SYM","SYMPHONY 125","Cantabria","125",3
"SYM","SYMPHONY 125","Castellón/Castelló","125",2
"SYM","SYMPHONY 125","Ciudad Real","125",2
"SYM","SYMPHONY 125","Córdoba","125",4
"SYM","SYMPHONY 125","Coruña (A)","125",2
"SYM","SYMPHONY 125","Gipuzkoa","125",10
"SYM","SYMPHONY 125","Girona","125",21
"SYM","SYMPHONY 125","Granada","125",8
"SYM","SYMPHONY 125","Huelva","125",4
"SYM","SYMPHONY 125","Illes Balears","125",13
"SYM","SYMPHONY 125","Jaén","125",1
"SYM","SYMPHONY 125","Lleida","125",4
"SYM","SYMPHONY 125","Madrid","125",22
"SYM","SYMPHONY 125","Málaga","125",19
"SYM","SYMPHONY 125","Murcia","125",8
"SYM","SYMPHONY 125","Navarra","125",3
"SYM","SYMPHONY 125","Palencia","125",1
"SYM","SYMPHONY 125","Palmas (Las)","125",6
"SYM","SYMPHONY 125","Pontevedra","125",4
"SYM","SYMPHONY 125","Santa Cruz de Tenerife","125",24
"SYM","SYMPHONY 125","Sevilla","125",28
"SYM","SYMPHONY 125","Tarragona","125",12
"SYM","SYMPHONY 125","Toledo","125",1
"SYM","SYMPHONY 125","Valencia/València","125",13
"SYM","SYMPHONY 125","Zamora","125",1
"SYM","SYMPHONY 125","Zaragoza","125",4
"TM MOTO","-","Alicante/Alacant","125",1
"TM MOTO","---","Almería","293",2
"TM MOTO","---","Burgos","293",1
"TM MOTO","---","Granada","293",2
"TM MOTO","---","Madrid","293",1
"TM MOTO","ND","Palmas (Las)","449",1
"TRIUMPH","BONNEVILLE BOBBER  (E5","Alicante/Alacant","1200",1
"TRIUMPH","BONNEVILLE BOBBER  (E5","Illes Balears","1200",1
"TRIUMPH","BONNEVILLE BOBBER  (E5","Zaragoza","1200",1
"TRIUMPH","BONNEVILLE SPEEDMASTER","Barcelona","1200",1
"TRIUMPH","BONNEVILLE SPEEDMASTER","Madrid","1200",1
"TRIUMPH","BONNEVILLE T100","Albacete","900",1
"TRIUMPH","BONNEVILLE T100","Alicante/Alacant","900",1
"TRIUMPH","BONNEVILLE T100","Cádiz","900",1
"TRIUMPH","BONNEVILLE T100","Cuenca","900",1
"TRIUMPH","BONNEVILLE T100","Madrid","900",3
"TRIUMPH","BONNEVILLE T100","Santa Cruz de Tenerife","900",1
"TRIUMPH","BONNEVILLE T120","Barcelona","1200",1
"TRIUMPH","BONNEVILLE T120 (E5 VB","Granada","1200",1
"TRIUMPH","BONNEVILLE T120 (E5 VB","Santa Cruz de Tenerife","1200",1
"TRIUMPH","BONNEVILLE T120 BLACK","Alicante/Alacant","1200",1
"TRIUMPH","BONNEVILLE T120 BLACK","Madrid","1200",1
"TRIUMPH","BONNEVILLE T120 ELVIS","Barcelona","1200",1
"TRIUMPH","BONNEVILLE T120 ELVIS","Valencia/València","1200",1
"TRIUMPH","DAYTONA 660","Albacete","660",1
"TRIUMPH","DAYTONA 660","Barcelona","660",4
"TRIUMPH","DAYTONA 660","Coruña (A)","660",1
"TRIUMPH","DAYTONA 660","Illes Balears","660",1
"TRIUMPH","DAYTONA 660","Madrid","660",1
"TRIUMPH","DAYTONA 660","Murcia","660",1
"TRIUMPH","DAYTONA 660","Santa Cruz de Tenerife","660",2
"TRIUMPH","DAYTONA 660","Tarragona","660",1
"TRIUMPH","ROCKET 3 R SPECIAL EDI","Barcelona","2458",1
"TRIUMPH","ROCKET 3 STORM GT","Barcelona","2458",1
"TRIUMPH","ROCKET 3 STORM GT","Málaga","2458",1
"TRIUMPH","ROCKET 3 STORM GT","Valladolid","2458",1
"TRIUMPH","SCRAMBLER 1200 XE","Alicante/Alacant","1200",1
"TRIUMPH","SCRAMBLER 1200 XE","Badajoz","1200",1
"TRIUMPH","SCRAMBLER 1200 XE","Ciudad Real","1200",1
"TRIUMPH","SCRAMBLER 1200 XE","Jaén","1200",1
"TRIUMPH","SCRAMBLER 1200 XE","Madrid","1200",2
"TRIUMPH","SCRAMBLER 400 X","Alicante/Alacant","398",1
"TRIUMPH","SCRAMBLER 400 X","Almería","398",1
"TRIUMPH","SCRAMBLER 400 X","Barcelona","398",2
"TRIUMPH","SCRAMBLER 400 X","Cádiz","398",1
"TRIUMPH","SCRAMBLER 400 X","Coruña (A)","398",1
"TRIUMPH","SCRAMBLER 400 X","Illes Balears","398",1
"TRIUMPH","SCRAMBLER 400 X","Madrid","398",3
"TRIUMPH","SCRAMBLER 400 X","Sevilla","398",2
"TRIUMPH","SCRAMBLER 400 X","Valencia/València","398",2
"TRIUMPH","SCRAMBLER 400 XC","Badajoz","398",1
"TRIUMPH","SCRAMBLER 400 XC","Barcelona","398",1
"TRIUMPH","SCRAMBLER 400 XC","Coruña (A)","398",1
"TRIUMPH","SCRAMBLER 400 XC","Illes Balears","398",1
"TRIUMPH","SCRAMBLER 400 XC","Madrid","398",1
"TRIUMPH","SCRAMBLER 400 XC","Málaga","398",1
"TRIUMPH","SCRAMBLER 400 XC","Pontevedra","398",1
"TRIUMPH","SCRAMBLER 400 XC","Sevilla","398",2
"TRIUMPH","SCRAMBLER 400 XC","Tarragona","398",1
"TRIUMPH","SCRAMBLER 400 XC","Valencia/València","398",2
"TRIUMPH","SCRAMBLER 900","Illes Balears","900",1
"TRIUMPH","SCRAMBLER 900","Madrid","900",1
"TRIUMPH","SCRAMBLER 900","Málaga","900",1
"TRIUMPH","SCRAMBLER 900","Murcia","900",1
"TRIUMPH","SCRAMBLER 900","Palmas (Las)","900",1
"TRIUMPH","SCRAMBLER 900","Sevilla","900",1
"TRIUMPH","SPEED 400","Alicante/Alacant","398",3
"TRIUMPH","SPEED 400","Barcelona","398",6
"TRIUMPH","SPEED 400","Bizkaia","398",2
"TRIUMPH","SPEED 400","Burgos","398",1
"TRIUMPH","SPEED 400","Cádiz","398",3
"TRIUMPH","SPEED 400","Castellón/Castelló","398",1
"TRIUMPH","SPEED 400","Girona","398",3
"TRIUMPH","SPEED 400","Huelva","398",1
"TRIUMPH","SPEED 400","Jaén","398",1
"TRIUMPH","SPEED 400","Madrid","398",2
"TRIUMPH","SPEED 400","Málaga","398",1
"TRIUMPH","SPEED 400","Palmas (Las)","398",1
"TRIUMPH","SPEED 400","Tarragona","398",2
"TRIUMPH","SPEED 400","Valencia/València","398",1
"TRIUMPH","SPEED TRIPLE RS","Barcelona","1160",1
"TRIUMPH","SPEED TRIPLE RX","Santa Cruz de Tenerife","1160",1
"TRIUMPH","SPEED TWIN","Barcelona","1200",1
"TRIUMPH","SPEED TWIN","Castellón/Castelló","1200",1
"TRIUMPH","SPEED TWIN","Coruña (A)","1200",1
"TRIUMPH","SPEED TWIN","Girona","1200",1
"TRIUMPH","SPEED TWIN 1200","Granada","1200",1
"TRIUMPH","SPEED TWIN 1200 RS","Barcelona","1200",1
"TRIUMPH","SPEED TWIN 1200 RS","Girona","1200",1
"TRIUMPH","SPEED TWIN 1200 RS","Zaragoza","1200",1
"TRIUMPH","SPEED TWIN 900","Asturias","900",1
"TRIUMPH","SPEED TWIN 900","Barcelona","900",4
"TRIUMPH","SPEED TWIN 900","Bizkaia","900",1
"TRIUMPH","SPEED TWIN 900","Cádiz","900",1
"TRIUMPH","SPEED TWIN 900","Granada","900",1
"TRIUMPH","SPEED TWIN 900","Illes Balears","900",1
"TRIUMPH","SPEED TWIN 900","Madrid","900",2
"TRIUMPH","SPEED TWIN 900","Málaga","900",1
"TRIUMPH","SPEED TWIN 900","Murcia","900",1
"TRIUMPH","SPEED TWIN 900","Sevilla","900",1
"TRIUMPH","SPEED TWIN 900","Valencia/València","900",2
"TRIUMPH","SPEED TWIN 900","Zaragoza","900",1
"TRIUMPH","STREET TRIPLE 765 RS","Barcelona","765",2
"TRIUMPH","STREET TRIPLE 765 RS","Cádiz","765",1
"TRIUMPH","STREET TRIPLE 765 RS","Madrid","765",1
"TRIUMPH","STREET TRIPLE R","Barcelona","765",2
"TRIUMPH","STREET TRIPLE R","Palmas (Las)","765",1
"TRIUMPH","STREET TRIPLE R (A2)","Albacete","765",1
"TRIUMPH","STREET TRIPLE R (A2)","Almería","765",1
"TRIUMPH","STREET TRIPLE R (A2)","Barcelona","765",3
"TRIUMPH","STREET TRIPLE R (A2)","Guadalajara","765",1
"TRIUMPH","STREET TRIPLE R (A2)","Huelva","765",1
"TRIUMPH","STREET TRIPLE R (A2)","Madrid","765",1
"TRIUMPH","STREET TRIPLE R (A2)","Palmas (Las)","765",1
"TRIUMPH","STREET TRIPLE R (A2)","Tarragona","765",1
"TRIUMPH","STREET TRIPLE R (A2)","Valencia/València","765",2
"TRIUMPH","STREET TRIPLE R (A2)","Zaragoza","765",1
"TRIUMPH","STREET TRIPLE RS","Alicante/Alacant","765",1
"TRIUMPH","STREET TRIPLE RS","Barcelona","765",3
"TRIUMPH","STREET TRIPLE RS","Cádiz","765",1
"TRIUMPH","STREET TRIPLE RS","Cantabria","765",2
"TRIUMPH","STREET TRIPLE RS","Coruña (A)","765",1
"TRIUMPH","STREET TRIPLE RS","Illes Balears","765",1
"TRIUMPH","STREET TRIPLE RS","Madrid","765",1
"TRIUMPH","STREET TRIPLE RS","Málaga","765",1
"TRIUMPH","STREET TRIPLE RS","Palmas (Las)","765",1
"TRIUMPH","STREET TRIPLE RS","Sevilla","765",2
"TRIUMPH","STREET TRIPLE RS","Valencia/València","765",1
"TRIUMPH","TF250-E","Barcelona","250",1
"TRIUMPH","TF250-E","Gipuzkoa","250",1
"TRIUMPH","TF250-E","Madrid","250",1
"TRIUMPH","TF250-E","Málaga","250",1
"TRIUMPH","TF250-E","Tarragona","250",1
"TRIUMPH","TF450-E","Barcelona","450",1
"TRIUMPH","TF450-E","Madrid","450",5
"TRIUMPH","TIGER 1200 GT EXPLORER","Granada","1160",1
"TRIUMPH","TIGER 1200 GT EXPLORER","Huelva","1160",1
"TRIUMPH","TIGER 1200 GT PRO","Madrid","1160",1
"TRIUMPH","TIGER 1200 GT PRO","Murcia","1160",1
"TRIUMPH","TIGER 1200 GT PRO","Navarra","1160",1
"TRIUMPH","TIGER 1200 GT PRO","Zaragoza","1160",1
"TRIUMPH","TIGER 1200 RALLY EXPLO","Madrid","1160",1
"TRIUMPH","TIGER 1200 RALLY EXPLO","Valencia/València","1160",1
"TRIUMPH","TIGER 1200 RALLY PRO","Illes Balears","1160",1
"TRIUMPH","TIGER 900 GT","Barcelona","888",2
"TRIUMPH","TIGER 900 GT PRO","Albacete","888",3
"TRIUMPH","TIGER 900 GT PRO","Alicante/Alacant","888",1
"TRIUMPH","TIGER 900 GT PRO","Barcelona","888",8
"TRIUMPH","TIGER 900 GT PRO","Cádiz","888",2
"TRIUMPH","TIGER 900 GT PRO","Granada","888",1
"TRIUMPH","TIGER 900 GT PRO","Guadalajara","888",1
"TRIUMPH","TIGER 900 GT PRO","Illes Balears","888",1
"TRIUMPH","TIGER 900 GT PRO","Lleida","888",1
"TRIUMPH","TIGER 900 GT PRO","Madrid","888",3
"TRIUMPH","TIGER 900 GT PRO","Málaga","888",1
"TRIUMPH","TIGER 900 GT PRO","Murcia","888",1
"TRIUMPH","TIGER 900 GT PRO","Navarra","888",1
"TRIUMPH","TIGER 900 GT PRO","Santa Cruz de Tenerife","888",1
"TRIUMPH","TIGER 900 GT PRO","Tarragona","888",2
"TRIUMPH","TIGER 900 GT PRO","Valencia/València","888",1
"TRIUMPH","TIGER 900 GT PRO","Valladolid","888",1
"TRIUMPH","TIGER 900 GT PRO","Zaragoza","888",1
"TRIUMPH","TIGER 900 GT PRO (A2)","Navarra","888",1
"TRIUMPH","TIGER 900 RALLY PRO","Alicante/Alacant","888",1
"TRIUMPH","TIGER 900 RALLY PRO","Badajoz","888",1
"TRIUMPH","TIGER 900 RALLY PRO","Barcelona","888",5
"TRIUMPH","TIGER 900 RALLY PRO","Bizkaia","888",1
"TRIUMPH","TIGER 900 RALLY PRO","Madrid","888",2
"TRIUMPH","TIGER 900 RALLY PRO","Santa Cruz de Tenerife","888",2
"TRIUMPH","TIGER 900 RALLY PRO","Valencia/València","888",1
"TRIUMPH","TIGER SPORT","Alicante/Alacant","660",1
"TRIUMPH","TIGER SPORT","Almería","660",1
"TRIUMPH","TIGER SPORT","Barcelona","660",3
"TRIUMPH","TIGER SPORT","Cádiz","660",2
"TRIUMPH","TIGER SPORT","Cantabria","660",1
"TRIUMPH","TIGER SPORT","Ciudad Real","660",1
"TRIUMPH","TIGER SPORT","Coruña (A)","660",1
"TRIUMPH","TIGER SPORT","Girona","660",1
"TRIUMPH","TIGER SPORT","Granada","660",1
"TRIUMPH","TIGER SPORT","Madrid","660",2
"TRIUMPH","TIGER SPORT","Málaga","660",1
"TRIUMPH","TIGER SPORT","Palmas (Las)","660",1
"TRIUMPH","TIGER SPORT","Pontevedra","660",1
"TRIUMPH","TIGER SPORT","Valencia/València","660",1
"TRIUMPH","TIGER SPORT 800","Barcelona","798",6
"TRIUMPH","TIGER SPORT 800","Cádiz","798",1
"TRIUMPH","TIGER SPORT 800","Córdoba","798",1
"TRIUMPH","TIGER SPORT 800","Lleida","798",1
"TRIUMPH","TIGER SPORT 800","Madrid","798",1
"TRIUMPH","TIGER SPORT 800","Málaga","798",2
"TRIUMPH","TIGER SPORT 800","Rioja (La)","798",1
"TRIUMPH","TRIDENT","Alicante/Alacant","660",1
"TRIUMPH","TRIDENT","Almería","660",1
"TRIUMPH","TRIDENT","Barcelona","660",2
"TRIUMPH","TRIDENT","Cádiz","660",1
"TRIUMPH","TRIDENT","Huelva","660",1
"TRIUMPH","TRIDENT","Málaga","660",1
"TRIUMPH","TRIDENT","Murcia","660",1
"TRIUMPH","TRIDENT","Tarragona","660",2
"TRIUMPH","TRIDENT","Valencia/València","660",2
"TRIUMPH","TRIDENT 660","Alicante/Alacant","660",1
"TRIUMPH","TRIDENT 660","Bizkaia","660",1
"TRIUMPH","TRIDENT 660","Cantabria","660",1
"TRIUMPH","TRIDENT 660","Illes Balears","660",1
"TRIUMPH","TRIDENT 660","Santa Cruz de Tenerife","660",1
"TRIUMPH","TRIDENT 660","Sevilla","660",2
"TRIUMPH","TRIDENT 660","Valladolid","660",1
"TRIUMPH","TRIDENT 660 - TRIPLE T","Huelva","660",1
"TRIUMPH","TRIDENT 660 - TRIPLE T","Madrid","660",1
"TRIUMPH","TRIDENT 660 - TRIPLE T","Palmas (Las)","660",1
"TRIUMPH","TRIDENT 660 - TRIPLE T","Sevilla","660",1
"TRIUMPH","TRIDENT 660 TRIPLE TRI","Gipuzkoa","660",1
"TRIUMPH","TRIDENT 660 TRIPLE TRI","Zaragoza","660",1
"TRS","TR1 250","Cádiz","248",1
"TRS","TR1 300","Alicante/Alacant","294",1
"TRS","TR1 300","Barcelona","294",12
"TRS","TR1 300","Girona","294",1
"TRS","TR1 300","Huesca","294",1
"TRS","TR1 300","Illes Balears","294",1
"TRS","TR1 300","León","294",1
"TRS","TR1 300","Lleida","294",1
"TRS","TR1 300","Madrid","294",1
"TRS","TR1 300","Valencia/València","294",1
"TRS","TR1 300","Valladolid","294",1
"TRS","TR1 300I","Navarra","294",1
"UM","CHILL 125","Almería","125",1
"UM","DSR ADVENTURE","Granada","124",1
"UM","DSR EX 125","Almería","124",1
"UM","DSR EX 125","León","124",1
"UM","DSR EX 125","Valladolid","124",1
"UM","XTREET RS125","Madrid","124",1
"VOGE","300RALLY","Alicante/Alacant","292",2
"VOGE","300RALLY","Almería","292",1
"VOGE","300RALLY","Asturias","292",1
"VOGE","300RALLY","Badajoz","292",1
"VOGE","300RALLY","Barcelona","292",3
"VOGE","300RALLY","Cádiz","292",1
"VOGE","300RALLY","Córdoba","292",2
"VOGE","300RALLY","Coruña (A)","292",1
"VOGE","300RALLY","Granada","292",1
"VOGE","300RALLY","Huelva","292",1
"VOGE","300RALLY","Illes Balears","292",1
"VOGE","300RALLY","Lleida","292",1
"VOGE","300RALLY","Madrid","292",8
"VOGE","300RALLY","Málaga","292",3
"VOGE","300RALLY","Palmas (Las)","292",1
"VOGE","300RALLY","Salamanca","292",1
"VOGE","300RALLY","Sevilla","292",4
"VOGE","300RALLY","Toledo","292",1
"VOGE","300RALLY","Valencia/València","292",2
"VOGE","525R","Palmas (Las)","494",1
"VOGE","625DSX","Álava/Araba","581",2
"VOGE","625DSX","Albacete","581",3
"VOGE","625DSX","Alicante/Alacant","581",6
"VOGE","625DSX","Almería","581",3
"VOGE","625DSX","Asturias","581",12
"VOGE","625DSX","Ávila","581",1
"VOGE","625DSX","Barcelona","581",24
"VOGE","625DSX","Bizkaia","581",2
"VOGE","625DSX","Burgos","581",1
"VOGE","625DSX","Cáceres","581",3
"VOGE","625DSX","Cádiz","581",15
"VOGE","625DSX","Cantabria","581",3
"VOGE","625DSX","Castellón/Castelló","581",5
"VOGE","625DSX","Ciudad Real","581",1
"VOGE","625DSX","Córdoba","581",8
"VOGE","625DSX","Coruña (A)","581",4
"VOGE","625DSX","Cuenca","581",1
"VOGE","625DSX","Gipuzkoa","581",4
"VOGE","625DSX","Girona","581",4
"VOGE","625DSX","Granada","581",4
"VOGE","625DSX","Huelva","581",3
"VOGE","625DSX","Huesca","581",1
"VOGE","625DSX","Illes Balears","581",1
"VOGE","625DSX","Jaén","581",5
"VOGE","625DSX","León","581",2
"VOGE","625DSX","Madrid","581",23
"VOGE","625DSX","Málaga","581",20
"VOGE","625DSX","Melilla","581",2
"VOGE","625DSX","Murcia","581",7
"VOGE","625DSX","Navarra","581",4
"VOGE","625DSX","Ourense","581",1
"VOGE","625DSX","Palmas (Las)","581",9
"VOGE","625DSX","Pontevedra","581",4
"VOGE","625DSX","Salamanca","581",2
"VOGE","625DSX","Santa Cruz de Tenerife","581",4
"VOGE","625DSX","Segovia","581",1
"VOGE","625DSX","Sevilla","581",10
"VOGE","625DSX","Tarragona","581",8
"VOGE","625DSX","Teruel","581",2
"VOGE","625DSX","Toledo","581",2
"VOGE","625DSX","Valencia/València","581",13
"VOGE","625DSX","Valladolid","581",1
"VOGE","625DSX","Zamora","581",1
"VOGE","625DSX","Zaragoza","581",4
"VOGE","625R","Alicante/Alacant","581",1
"VOGE","625R","Almería","581",1
"VOGE","625R","Asturias","581",1
"VOGE","625R","Barcelona","581",3
"VOGE","625R","Cádiz","581",2
"VOGE","625R","Gipuzkoa","581",1
"VOGE","625R","Granada","581",1
"VOGE","625R","Illes Balears","581",3
"VOGE","625R","Madrid","581",1
"VOGE","625R","Sevilla","581",1
"VOGE","625R","Tarragona","581",1
"VOGE","625R","Valencia/València","581",2
"VOGE","625R","Zaragoza","581",2
"VOGE","DS525X","Álava/Araba","494",1
"VOGE","DS525X","Albacete","494",1
"VOGE","DS525X","Alicante/Alacant","494",2
"VOGE","DS525X","Almería","494",2
"VOGE","DS525X","Asturias","494",15
"VOGE","DS525X","Badajoz","494",6
"VOGE","DS525X","Barcelona","494",21
"VOGE","DS525X","Bizkaia","494",4
"VOGE","DS525X","Burgos","494",2
"VOGE","DS525X","Cáceres","494",6
"VOGE","DS525X","Cádiz","494",11
"VOGE","DS525X","Cantabria","494",4
"VOGE","DS525X","Castellón/Castelló","494",8
"VOGE","DS525X","Córdoba","494",8
"VOGE","DS525X","Coruña (A)","494",3
"VOGE","DS525X","Gipuzkoa","494",1
"VOGE","DS525X","Girona","494",1
"VOGE","DS525X","Granada","494",9
"VOGE","DS525X","Guadalajara","494",3
"VOGE","DS525X","Huelva","494",5
"VOGE","DS525X","Illes Balears","494",8
"VOGE","DS525X","Jaén","494",7
"VOGE","DS525X","León","494",1
"VOGE","DS525X","Lleida","494",2
"VOGE","DS525X","Lugo","494",2
"VOGE","DS525X","Madrid","494",41
"VOGE","DS525X","Málaga","494",15
"VOGE","DS525X","Melilla","494",1
"VOGE","DS525X","Murcia","494",6
"VOGE","DS525X","Ourense","494",2
"VOGE","DS525X","Palmas (Las)","494",8
"VOGE","DS525X","Pontevedra","494",2
"VOGE","DS525X","Rioja (La)","494",3
"VOGE","DS525X","Santa Cruz de Tenerife","494",4
"VOGE","DS525X","Segovia","494",1
"VOGE","DS525X","Sevilla","494",16
"VOGE","DS525X","Tarragona","494",2
"VOGE","DS525X","Toledo","494",2
"VOGE","DS525X","Valencia/València","494",2
"VOGE","DS525X","Valladolid","494",2
"VOGE","DS525X","Zamora","494",1
"VOGE","DS525X","Zaragoza","494",6
"VOGE","DS800X RALLY","Álava/Araba","798",1
"VOGE","DS800X RALLY","Albacete","798",4
"VOGE","DS800X RALLY","Alicante/Alacant","798",14
"VOGE","DS800X RALLY","Almería","798",3
"VOGE","DS800X RALLY","Asturias","798",4
"VOGE","DS800X RALLY","Ávila","798",1
"VOGE","DS800X RALLY","Badajoz","798",10
"VOGE","DS800X RALLY","Barcelona","798",58
"VOGE","DS800X RALLY","Bizkaia","798",10
"VOGE","DS800X RALLY","Burgos","798",2
"VOGE","DS800X RALLY","Cáceres","798",4
"VOGE","DS800X RALLY","Cádiz","798",15
"VOGE","DS800X RALLY","Cantabria","798",7
"VOGE","DS800X RALLY","Castellón/Castelló","798",6
"VOGE","DS800X RALLY","Ciudad Real","798",3
"VOGE","DS800X RALLY","Córdoba","798",3
"VOGE","DS800X RALLY","Coruña (A)","798",5
"VOGE","DS800X RALLY","Cuenca","798",2
"VOGE","DS800X RALLY","Gipuzkoa","798",6
"VOGE","DS800X RALLY","Girona","798",9
"VOGE","DS800X RALLY","Granada","798",10
"VOGE","DS800X RALLY","Guadalajara","798",4
"VOGE","DS800X RALLY","Huelva","798",4
"VOGE","DS800X RALLY","Huesca","798",1
"VOGE","DS800X RALLY","Illes Balears","798",18
"VOGE","DS800X RALLY","Jaén","798",7
"VOGE","DS800X RALLY","León","798",1
"VOGE","DS800X RALLY","Lleida","798",4
"VOGE","DS800X RALLY","Lugo","798",3
"VOGE","DS800X RALLY","Madrid","798",33
"VOGE","DS800X RALLY","Málaga","798",40
"VOGE","DS800X RALLY","Melilla","798",3
"VOGE","DS800X RALLY","Murcia","798",8
"VOGE","DS800X RALLY","Navarra","798",2
"VOGE","DS800X RALLY","Palencia","798",1
"VOGE","DS800X RALLY","Palmas (Las)","798",5
"VOGE","DS800X RALLY","Pontevedra","798",1
"VOGE","DS800X RALLY","Rioja (La)","798",1
"VOGE","DS800X RALLY","Salamanca","798",1
"VOGE","DS800X RALLY","Santa Cruz de Tenerife","798",8
"VOGE","DS800X RALLY","Segovia","798",1
"VOGE","DS800X RALLY","Sevilla","798",9
"VOGE","DS800X RALLY","Tarragona","798",10
"VOGE","DS800X RALLY","Toledo","798",7
"VOGE","DS800X RALLY","Valencia/València","798",17
"VOGE","DS800X RALLY","Valladolid","798",4
"VOGE","DS800X RALLY","Zamora","798",2
"VOGE","DS800X RALLY","Zaragoza","798",8
"VOGE","DS900X","Álava/Araba","895",1
"VOGE","DS900X","Albacete","895",3
"VOGE","DS900X","Alicante/Alacant","895",13
"VOGE","DS900X","Almería","895",6
"VOGE","DS900X","Asturias","895",8
"VOGE","DS900X","Badajoz","895",6
"VOGE","DS900X","Barcelona","895",34
"VOGE","DS900X","Bizkaia","895",10
"VOGE","DS900X","Burgos","895",1
"VOGE","DS900X","Cáceres","895",4
"VOGE","DS900X","Cádiz","895",23
"VOGE","DS900X","Cantabria","895",6
"VOGE","DS900X","Castellón/Castelló","895",9
"VOGE","DS900X","Ceuta","895",1
"VOGE","DS900X","Ciudad Real","895",4
"VOGE","DS900X","Córdoba","895",5
"VOGE","DS900X","Coruña (A)","895",1
"VOGE","DS900X","Cuenca","895",1
"VOGE","DS900X","Gipuzkoa","895",3
"VOGE","DS900X","Girona","895",7
"VOGE","DS900X","Granada","895",15
"VOGE","DS900X","Guadalajara","895",5
"VOGE","DS900X","Huelva","895",4
"VOGE","DS900X","Huesca","895",1
"VOGE","DS900X","Illes Balears","895",9
"VOGE","DS900X","Jaén","895",6
"VOGE","DS900X","León","895",1
"VOGE","DS900X","Lleida","895",4
"VOGE","DS900X","Lugo","895",4
"VOGE","DS900X","Madrid","895",51
"VOGE","DS900X","Málaga","895",23
"VOGE","DS900X","Melilla","895",3
"VOGE","DS900X","Murcia","895",5
"VOGE","DS900X","Navarra","895",3
"VOGE","DS900X","Ourense","895",3
"VOGE","DS900X","Palencia","895",1
"VOGE","DS900X","Palmas (Las)","895",4
"VOGE","DS900X","Pontevedra","895",3
"VOGE","DS900X","Rioja (La)","895",4
"VOGE","DS900X","Santa Cruz de Tenerife","895",6
"VOGE","DS900X","Segovia","895",2
"VOGE","DS900X","Sevilla","895",11
"VOGE","DS900X","Tarragona","895",14
"VOGE","DS900X","Toledo","895",7
"VOGE","DS900X","Valencia/València","895",35
"VOGE","DS900X","Valladolid","895",2
"VOGE","DS900X","Zamora","895",2
"VOGE","DS900X","Zaragoza","895",8
"VOGE","R125","Alicante/Alacant","125",5
"VOGE","R125","Almería","125",2
"VOGE","R125","Asturias","125",4
"VOGE","R125","Ávila","125",1
"VOGE","R125","Badajoz","125",3
"VOGE","R125","Barcelona","125",15
"VOGE","R125","Cádiz","125",8
"VOGE","R125","Cantabria","125",3
"VOGE","R125","Castellón/Castelló","125",4
"VOGE","R125","Ciudad Real","125",1
"VOGE","R125","Córdoba","125",3
"VOGE","R125","Coruña (A)","125",1
"VOGE","R125","Cuenca","125",1
"VOGE","R125","Girona","125",3
"VOGE","R125","Granada","125",3
"VOGE","R125","Guadalajara","125",1
"VOGE","R125","Huelva","125",1
"VOGE","R125","Huesca","125",1
"VOGE","R125","Illes Balears","125",1
"VOGE","R125","Jaén","125",4
"VOGE","R125","León","125",4
"VOGE","R125","Lleida","125",2
"VOGE","R125","Madrid","125",13
"VOGE","R125","Málaga","125",11
"VOGE","R125","Murcia","125",4
"VOGE","R125","Navarra","125",1
"VOGE","R125","Ourense","125",1
"VOGE","R125","Palmas (Las)","125",2
"VOGE","R125","Pontevedra","125",2
"VOGE","R125","Santa Cruz de Tenerife","125",18
"VOGE","R125","Segovia","125",3
"VOGE","R125","Sevilla","125",9
"VOGE","R125","Tarragona","125",6
"VOGE","R125","Toledo","125",2
"VOGE","R125","Valencia/València","125",4
"VOGE","R125","Valladolid","125",1
"VOGE","R125","Zaragoza","125",2
"VOGE","SR1","Alicante/Alacant","125",3
"VOGE","SR1","Almería","125",2
"VOGE","SR1","Asturias","125",2
"VOGE","SR1","Barcelona","125",4
"VOGE","SR1","Bizkaia","125",1
"VOGE","SR1","Cádiz","125",3
"VOGE","SR1","Cantabria","125",1
"VOGE","SR1","Ceuta","125",1
"VOGE","SR1","Ciudad Real","125",1
"VOGE","SR1","Granada","125",3
"VOGE","SR1","Illes Balears","125",1
"VOGE","SR1","Madrid","125",3
"VOGE","SR1","Málaga","125",5
"VOGE","SR1","Melilla","125",2
"VOGE","SR1","Murcia","125",2
"VOGE","SR1","Navarra","125",3
"VOGE","SR1","Palmas (Las)","125",2
"VOGE","SR1","Pontevedra","125",1
"VOGE","SR1","Santa Cruz de Tenerife","125",10
"VOGE","SR1","Sevilla","125",4
"VOGE","SR1","Valencia/València","125",13
"VOGE","SR1","Zaragoza","125",3
"VOGE","SR16","Alicante/Alacant","125",3
"VOGE","SR16","Barcelona","125",15
"VOGE","SR16","Cáceres","125",1
"VOGE","SR16","Castellón/Castelló","125",1
"VOGE","SR16","Ceuta","125",2
"VOGE","SR16","Córdoba","125",3
"VOGE","SR16","Coruña (A)","125",2
"VOGE","SR16","Gipuzkoa","125",4
"VOGE","SR16","Girona","125",1
"VOGE","SR16","Granada","125",1
"VOGE","SR16","Huelva","125",1
"VOGE","SR16","Illes Balears","125",2
"VOGE","SR16","Jaén","125",1
"VOGE","SR16","Madrid","125",4
"VOGE","SR16","Málaga","125",6
"VOGE","SR16","Murcia","125",3
"VOGE","SR16","Santa Cruz de Tenerife","125",3
"VOGE","SR16","Tarragona","125",3
"VOGE","SR16","Valencia/València","125",5
"VOGE","SR16","Zamora","125",1
"VOGE","SR1ADV","Álava/Araba","125",2
"VOGE","SR1ADV","Alicante/Alacant","125",12
"VOGE","SR1ADV","Almería","125",2
"VOGE","SR1ADV","Barcelona","125",11
"VOGE","SR1ADV","Bizkaia","125",1
"VOGE","SR1ADV","Cáceres","125",2
"VOGE","SR1ADV","Cádiz","125",6
"VOGE","SR1ADV","Cantabria","125",2
"VOGE","SR1ADV","Ceuta","125",2
"VOGE","SR1ADV","Cuenca","125",2
"VOGE","SR1ADV","Girona","125",1
"VOGE","SR1ADV","Granada","125",7
"VOGE","SR1ADV","Huelva","125",3
"VOGE","SR1ADV","Illes Balears","125",3
"VOGE","SR1ADV","Jaén","125",1
"VOGE","SR1ADV","León","125",1
"VOGE","SR1ADV","Madrid","125",12
"VOGE","SR1ADV","Málaga","125",11
"VOGE","SR1ADV","Melilla","125",12
"VOGE","SR1ADV","Murcia","125",3
"VOGE","SR1ADV","Navarra","125",1
"VOGE","SR1ADV","Palmas (Las)","125",2
"VOGE","SR1ADV","Pontevedra","125",2
"VOGE","SR1ADV","Santa Cruz de Tenerife","125",8
"VOGE","SR1ADV","Segovia","125",2
"VOGE","SR1ADV","Sevilla","125",2
"VOGE","SR1ADV","Tarragona","125",3
"VOGE","SR1ADV","Valencia/València","125",12
"VOGE","SR1ADV","Valladolid","125",1
"VOGE","SR1ADV","Zamora","125",1
"VOGE","SR1ADV","Zaragoza","125",1
"VOGE","SR3","Albacete","244",1
"VOGE","SR3","Alicante/Alacant","244",3
"VOGE","SR3","Barcelona","244",9
"VOGE","SR3","Bizkaia","244",1
"VOGE","SR3","Burgos","244",2
"VOGE","SR3","Cádiz","244",2
"VOGE","SR3","Cantabria","244",1
"VOGE","SR3","Córdoba","244",1
"VOGE","SR3","Gipuzkoa","244",2
"VOGE","SR3","Illes Balears","244",3
"VOGE","SR3","Madrid","244",4
"VOGE","SR3","Málaga","244",3
"VOGE","SR3","Murcia","244",3
"VOGE","SR3","Navarra","244",1
"VOGE","SR3","Palmas (Las)","244",2
"VOGE","SR3","Santa Cruz de Tenerife","244",3
"VOGE","SR3","Sevilla","244",1
"VOGE","SR3","Valencia/València","244",1
"VOGE","SR4 MAX","Alicante/Alacant","350",4
"VOGE","SR4 MAX","Barcelona","350",5
"VOGE","SR4 MAX","Cádiz","350",1
"VOGE","SR4 MAX","Cantabria","350",1
"VOGE","SR4 MAX","Córdoba","350",1
"VOGE","SR4 MAX","Granada","350",1
"VOGE","SR4 MAX","Guadalajara","350",2
"VOGE","SR4 MAX","Illes Balears","350",1
"VOGE","SR4 MAX","Lleida","350",1
"VOGE","SR4 MAX","Madrid","350",8
"VOGE","SR4 MAX","Málaga","350",1
"VOGE","SR4 MAX","Melilla","350",1
"VOGE","SR4 MAX","Murcia","350",1
"VOGE","SR4 MAX","Navarra","350",1
"VOGE","SR4 MAX","Rioja (La)","350",1
"VOGE","SR4 MAX","Santa Cruz de Tenerife","350",1
"VOGE","SR4 MAX","Sevilla","350",1
"VOGE","SR4 MAX","Tarragona","350",1
"VOGE","SR4 MAX","Valencia/València","350",2
"VOGE","SR4 MAX","Zaragoza","350",2
"WOTTAN","CIVIS-C","Madrid","125",1
"WOTTAN","CIVIS-C","Valencia/València","125",3
"WOTTAN","GT2","Albacete","125",1
"WOTTAN","GT2","Alicante/Alacant","125",11
"WOTTAN","GT2","Castellón/Castelló","125",1
"WOTTAN","GT2","Granada","125",2
"WOTTAN","GT2","Jaén","125",1
"WOTTAN","GT2","León","125",1
"WOTTAN","GT2","Madrid","125",1
"WOTTAN","GT2","Málaga","125",1
"WOTTAN","GT2","Murcia","125",2
"WOTTAN","GT2","Palmas (Las)","125",1
"WOTTAN","GT2","Rioja (La)","125",1
"WOTTAN","GT2","Sevilla","125",2
"WOTTAN","GT2","Valencia/València","125",6
"WOTTAN","STORM-R","Alicante/Alacant","124",1
"WOTTAN","STORM-S","Alicante/Alacant","276",1
"WOTTAN","STORM-S","Madrid","276",1
"WOTTAN","STORM-X","Alicante/Alacant","125",4
"WOTTAN","STORM-X","Almería","125",1
"WOTTAN","STORM-X","Castellón/Castelló","125",1
"WOTTAN","STORM-X","Granada","125",2
"WOTTAN","STORM-X","Illes Balears","125",1
"WOTTAN","STORM-X","Málaga","125",1
"WOTTAN","STORM-X","Valencia/València","125",4
"WOTTAN MOTOR","GP-1","Alicante/Alacant","124",1
"WOTTAN MOTOR","GP-1","Valencia/València","124",1
"WOTTAN MOTOR","SIXTEEN","Alicante/Alacant","125",4
"WOTTAN MOTOR","SIXTEEN","Castellón/Castelló","125",1
"WOTTAN MOTOR","SIXTEEN","Granada","125",1
"WOTTAN MOTOR","SIXTEEN","Málaga","125",1
"WOTTAN MOTOR","SIXTEEN","Palmas (Las)","125",1
"WOTTAN MOTOR","SIXTEEN","Valencia/València","125",3
"WOTTAN MOTOR","STORM","Alicante/Alacant","125",1
"WOTTAN MOTOR","STORM","Castellón/Castelló","125",2
"WOTTAN MOTOR","STORM","Málaga","125",1
"WOTTAN MOTOR","STORM","Sevilla","125",1
"WOTTAN MOTOR","STORM-T","Illes Balears","125",1
"WOTTAN MOTOR","STORM-T","Madrid","125",1
"WOTTAN MOTOR","STORM-T","Málaga","125",1
"WOTTAN MOTOR","STORM-T","Sevilla","125",1
"WOTTAN MOTOR","STORM-T","Valencia/València","125",2
"YAMAHA","LTS125-C","Cantabria","125",1
"YAMAHA","LTS125-C","Murcia","125",1
"YAMAHA","LTS125-C","Palmas (Las)","125",1
"YAMAHA","LTS125-C","Sevilla","125",1
"YAMAHA","LTS125-C","Valencia/València","125",1
"YAMAHA","MT-03","Albacete","321",1
"YAMAHA","MT-03","Alicante/Alacant","321",1
"YAMAHA","MT-03","Barcelona","321",4
"YAMAHA","MT-03","Gipuzkoa","321",1
"YAMAHA","MT-03","Granada","321",1
"YAMAHA","MT-03","Illes Balears","321",1
"YAMAHA","MT-03","Madrid","321",1
"YAMAHA","MT-03","Málaga","321",1
"YAMAHA","MT-03","Navarra","321",3
"YAMAHA","MT-03","Valladolid","321",1
"YAMAHA","MT-03","Zaragoza","321",1
"YAMAHA","MT-07","Álava/Araba","689",1
"YAMAHA","MT-07","Alicante/Alacant","689",3
"YAMAHA","MT-07","Almería","689",8
"YAMAHA","MT-07","Asturias","689",4
"YAMAHA","MT-07","Badajoz","689",5
"YAMAHA","MT-07","Barcelona","689",39
"YAMAHA","MT-07","Bizkaia","689",3
"YAMAHA","MT-07","Burgos","689",1
"YAMAHA","MT-07","Cádiz","689",10
"YAMAHA","MT-07","Cantabria","689",3
"YAMAHA","MT-07","Castellón/Castelló","689",3
"YAMAHA","MT-07","Ciudad Real","689",1
"YAMAHA","MT-07","Córdoba","689",1
"YAMAHA","MT-07","Coruña (A)","689",2
"YAMAHA","MT-07","Gipuzkoa","689",3
"YAMAHA","MT-07","Girona","689",5
"YAMAHA","MT-07","Granada","689",6
"YAMAHA","MT-07","Guadalajara","689",3
"YAMAHA","MT-07","Illes Balears","689",7
"YAMAHA","MT-07","Jaén","689",2
"YAMAHA","MT-07","Lleida","689",3
"YAMAHA","MT-07","Lugo","689",1
"YAMAHA","MT-07","Madrid","689",16
"YAMAHA","MT-07","Málaga","689",11
"YAMAHA","MT-07","Murcia","689",12
"YAMAHA","MT-07","Navarra","689",2
"YAMAHA","MT-07","Ourense","689",1
"YAMAHA","MT-07","Palmas (Las)","689",11
"YAMAHA","MT-07","Pontevedra","689",2
"YAMAHA","MT-07","Salamanca","689",2
"YAMAHA","MT-07","Santa Cruz de Tenerife","689",9
"YAMAHA","MT-07","Sevilla","689",8
"YAMAHA","MT-07","Tarragona","689",4
"YAMAHA","MT-07","Teruel","689",1
"YAMAHA","MT-07","Toledo","689",2
"YAMAHA","MT-07","Valencia/València","689",11
"YAMAHA","MT-07","Valladolid","689",1
"YAMAHA","MT-07","Zaragoza","689",1
"YAMAHA","MT-09","Álava/Araba","890",1
"YAMAHA","MT-09","Alicante/Alacant","890",9
"YAMAHA","MT-09","Almería","890",1
"YAMAHA","MT-09","Asturias","890",1
"YAMAHA","MT-09","Barcelona","890",26
"YAMAHA","MT-09","Bizkaia","890",4
"YAMAHA","MT-09","Cádiz","890",5
"YAMAHA","MT-09","Cantabria","890",2
"YAMAHA","MT-09","Castellón/Castelló","890",1
"YAMAHA","MT-09","Córdoba","890",1
"YAMAHA","MT-09","Gipuzkoa","890",1
"YAMAHA","MT-09","Girona","890",7
"YAMAHA","MT-09","Granada","890",4
"YAMAHA","MT-09","Guadalajara","890",2
"YAMAHA","MT-09","Huelva","890",1
"YAMAHA","MT-09","Illes Balears","890",10
"YAMAHA","MT-09","Jaén","890",1
"YAMAHA","MT-09","León","890",1
"YAMAHA","MT-09","Madrid","890",5
"YAMAHA","MT-09","Málaga","890",2
"YAMAHA","MT-09","Murcia","890",2
"YAMAHA","MT-09","Navarra","890",1
"YAMAHA","MT-09","Palmas (Las)","890",4
"YAMAHA","MT-09","Pontevedra","890",3
"YAMAHA","MT-09","Rioja (La)","890",1
"YAMAHA","MT-09","Santa Cruz de Tenerife","890",10
"YAMAHA","MT-09","Sevilla","890",3
"YAMAHA","MT-09","Tarragona","890",3
"YAMAHA","MT-09","Toledo","890",3
"YAMAHA","MT-09","Valencia/València","890",8
"YAMAHA","MT-09","Valladolid","890",4
"YAMAHA","MT-10","Badajoz","998",1
"YAMAHA","MT-10","Barcelona","998",1
"YAMAHA","MT-10","Málaga","998",1
"YAMAHA","MT-10","Murcia","998",1
"YAMAHA","MT-10","Tarragona","998",1
"YAMAHA","MT-125","Álava/Araba","125",1
"YAMAHA","MT-125","Alicante/Alacant","125",4
"YAMAHA","MT-125","Almería","125",1
"YAMAHA","MT-125","Asturias","125",1
"YAMAHA","MT-125","Badajoz","125",1
"YAMAHA","MT-125","Barcelona","125",14
"YAMAHA","MT-125","Cádiz","125",1
"YAMAHA","MT-125","Cantabria","125",3
"YAMAHA","MT-125","Castellón/Castelló","125",2
"YAMAHA","MT-125","Ceuta","125",1
"YAMAHA","MT-125","Gipuzkoa","125",1
"YAMAHA","MT-125","Girona","125",3
"YAMAHA","MT-125","Granada","125",1
"YAMAHA","MT-125","Illes Balears","125",4
"YAMAHA","MT-125","Jaén","125",1
"YAMAHA","MT-125","Lleida","125",1
"YAMAHA","MT-125","Lugo","125",1
"YAMAHA","MT-125","Madrid","125",10
"YAMAHA","MT-125","Málaga","125",4
"YAMAHA","MT-125","Murcia","125",2
"YAMAHA","MT-125","Palmas (Las)","125",8
"YAMAHA","MT-125","Pontevedra","125",2
"YAMAHA","MT-125","Rioja (La)","125",2
"YAMAHA","MT-125","Santa Cruz de Tenerife","125",1
"YAMAHA","MT-125","Sevilla","125",2
"YAMAHA","MT-125","Tarragona","125",2
"YAMAHA","MT-125","Teruel","125",1
"YAMAHA","MT-125","Valencia/València","125",6
"YAMAHA","MT-125","Zaragoza","125",2
"YAMAHA","NIKEN GT","Guadalajara","890",1
"YAMAHA","NMAX125","Albacete","125",4
"YAMAHA","NMAX125","Alicante/Alacant","125",37
"YAMAHA","NMAX125","Almería","125",9
"YAMAHA","NMAX125","Asturias","125",2
"YAMAHA","NMAX125","Badajoz","125",4
"YAMAHA","NMAX125","Barcelona","125",86
"YAMAHA","NMAX125","Bizkaia","125",11
"YAMAHA","NMAX125","Cádiz","125",45
"YAMAHA","NMAX125","Cantabria","125",4
"YAMAHA","NMAX125","Castellón/Castelló","125",4
"YAMAHA","NMAX125","Córdoba","125",6
"YAMAHA","NMAX125","Coruña (A)","125",11
"YAMAHA","NMAX125","Cuenca","125",2
"YAMAHA","NMAX125","Gipuzkoa","125",2
"YAMAHA","NMAX125","Girona","125",7
"YAMAHA","NMAX125","Granada","125",11
"YAMAHA","NMAX125","Guadalajara","125",2
"YAMAHA","NMAX125","Huelva","125",4
"YAMAHA","NMAX125","Huesca","125",1
"YAMAHA","NMAX125","Illes Balears","125",49
"YAMAHA","NMAX125","Jaén","125",6
"YAMAHA","NMAX125","Lleida","125",3
"YAMAHA","NMAX125","Madrid","125",118
"YAMAHA","NMAX125","Málaga","125",39
"YAMAHA","NMAX125","Melilla","125",1
"YAMAHA","NMAX125","Murcia","125",22
"YAMAHA","NMAX125","Ourense","125",1
"YAMAHA","NMAX125","Palmas (Las)","125",15
"YAMAHA","NMAX125","Pontevedra","125",7
"YAMAHA","NMAX125","Rioja (La)","125",1
"YAMAHA","NMAX125","Salamanca","125",1
"YAMAHA","NMAX125","Santa Cruz de Tenerife","125",13
"YAMAHA","NMAX125","Sevilla","125",41
"YAMAHA","NMAX125","Tarragona","125",8
"YAMAHA","NMAX125","Toledo","125",1
"YAMAHA","NMAX125","Valencia/València","125",59
"YAMAHA","NMAX125","Valladolid","125",3
"YAMAHA","NMAX125","Zaragoza","125",12
"YAMAHA","R125","Alicante/Alacant","125",4
"YAMAHA","R125","Asturias","125",1
"YAMAHA","R125","Badajoz","125",1
"YAMAHA","R125","Barcelona","125",2
"YAMAHA","R125","Castellón/Castelló","125",1
"YAMAHA","R125","Córdoba","125",1
"YAMAHA","R125","Girona","125",2
"YAMAHA","R125","Illes Balears","125",5
"YAMAHA","R125","Lleida","125",1
"YAMAHA","R125","Madrid","125",5
"YAMAHA","R125","Málaga","125",1
"YAMAHA","R125","Murcia","125",1
"YAMAHA","R125","Santa Cruz de Tenerife","125",1
"YAMAHA","R125","Sevilla","125",1
"YAMAHA","R125","Tarragona","125",1
"YAMAHA","R125","Valencia/València","125",3
"YAMAHA","RayZR 125","Álava/Araba","125",1
"YAMAHA","RayZR 125","Alicante/Alacant","125",20
"YAMAHA","RayZR 125","Almería","125",7
"YAMAHA","RayZR 125","Asturias","125",3
"YAMAHA","RayZR 125","Badajoz","125",5
"YAMAHA","RayZR 125","Barcelona","125",19
"YAMAHA","RayZR 125","Bizkaia","125",1
"YAMAHA","RayZR 125","Cádiz","125",7
"YAMAHA","RayZR 125","Cantabria","125",3
"YAMAHA","RayZR 125","Castellón/Castelló","125",3
"YAMAHA","RayZR 125","Ceuta","125",7
"YAMAHA","RayZR 125","Córdoba","125",4
"YAMAHA","RayZR 125","Coruña (A)","125",1
"YAMAHA","RayZR 125","Gipuzkoa","125",1
"YAMAHA","RayZR 125","Girona","125",1
"YAMAHA","RayZR 125","Granada","125",6
"YAMAHA","RayZR 125","Guadalajara","125",2
"YAMAHA","RayZR 125","Huelva","125",1
"YAMAHA","RayZR 125","Illes Balears","125",12
"YAMAHA","RayZR 125","Jaén","125",2
"YAMAHA","RayZR 125","Lugo","125",1
"YAMAHA","RayZR 125","Madrid","125",12
"YAMAHA","RayZR 125","Málaga","125",15
"YAMAHA","RayZR 125","Murcia","125",6
"YAMAHA","RayZR 125","Navarra","125",1
"YAMAHA","RayZR 125","Ourense","125",2
"YAMAHA","RayZR 125","Palmas (Las)","125",2
"YAMAHA","RayZR 125","Pontevedra","125",2
"YAMAHA","RayZR 125","Rioja (La)","125",1
"YAMAHA","RayZR 125","Santa Cruz de Tenerife","125",4
"YAMAHA","RayZR 125","Segovia","125",1
"YAMAHA","RayZR 125","Sevilla","125",16
"YAMAHA","RayZR 125","Tarragona","125",3
"YAMAHA","RayZR 125","Valencia/València","125",13
"YAMAHA","RayZR 125","Valladolid","125",4
"YAMAHA","RayZR 125","Zamora","125",1
"YAMAHA","RayZR 125","Zaragoza","125",2
"YAMAHA","TMAX 560","Alicante/Alacant","562",9
"YAMAHA","TMAX 560","Almería","562",1
"YAMAHA","TMAX 560","Asturias","562",1
"YAMAHA","TMAX 560","Badajoz","562",2
"YAMAHA","TMAX 560","Barcelona","562",19
"YAMAHA","TMAX 560","Bizkaia","562",1
"YAMAHA","TMAX 560","Burgos","562",1
"YAMAHA","TMAX 560","Cádiz","562",4
"YAMAHA","TMAX 560","Cantabria","562",1
"YAMAHA","TMAX 560","Castellón/Castelló","562",2
"YAMAHA","TMAX 560","Ceuta","562",2
"YAMAHA","TMAX 560","Córdoba","562",1
"YAMAHA","TMAX 560","Gipuzkoa","562",2
"YAMAHA","TMAX 560","Girona","562",2
"YAMAHA","TMAX 560","Granada","562",4
"YAMAHA","TMAX 560","Huesca","562",1
"YAMAHA","TMAX 560","Illes Balears","562",9
"YAMAHA","TMAX 560","Jaén","562",1
"YAMAHA","TMAX 560","Madrid","562",13
"YAMAHA","TMAX 560","Málaga","562",6
"YAMAHA","TMAX 560","Palmas (Las)","562",5
"YAMAHA","TMAX 560","Pontevedra","562",1
"YAMAHA","TMAX 560","Santa Cruz de Tenerife","562",2
"YAMAHA","TMAX 560","Segovia","562",1
"YAMAHA","TMAX 560","Sevilla","562",4
"YAMAHA","TMAX 560","Toledo","562",1
"YAMAHA","TMAX 560","Valencia/València","562",22
"YAMAHA","TMAX 560","Zaragoza","562",1
"YAMAHA","TRACER 700","Albacete","689",1
"YAMAHA","TRACER 700","Alicante/Alacant","689",4
"YAMAHA","TRACER 700","Asturias","689",2
"YAMAHA","TRACER 700","Badajoz","689",1
"YAMAHA","TRACER 700","Barcelona","689",7
"YAMAHA","TRACER 700","Cáceres","689",1
"YAMAHA","TRACER 700","Cádiz","689",3
"YAMAHA","TRACER 700","Cantabria","689",4
"YAMAHA","TRACER 700","Castellón/Castelló","689",1
"YAMAHA","TRACER 700","Coruña (A)","689",2
"YAMAHA","TRACER 700","Gipuzkoa","689",1
"YAMAHA","TRACER 700","Girona","689",1
"YAMAHA","TRACER 700","Granada","689",1
"YAMAHA","TRACER 700","Illes Balears","689",3
"YAMAHA","TRACER 700","León","689",1
"YAMAHA","TRACER 700","Madrid","689",5
"YAMAHA","TRACER 700","Málaga","689",7
"YAMAHA","TRACER 700","Murcia","689",2
"YAMAHA","TRACER 700","Palmas (Las)","689",2
"YAMAHA","TRACER 700","Pontevedra","689",3
"YAMAHA","TRACER 700","Rioja (La)","689",1
"YAMAHA","TRACER 700","Salamanca","689",1
"YAMAHA","TRACER 700","Santa Cruz de Tenerife","689",7
"YAMAHA","TRACER 700","Tarragona","689",1
"YAMAHA","TRACER 700","Teruel","689",1
"YAMAHA","TRACER 700","Valencia/València","689",8
"YAMAHA","TRACER 700","Valladolid","689",2
"YAMAHA","Tracer 9 GT ","Albacete","890",1
"YAMAHA","Tracer 9 GT ","Alicante/Alacant","890",3
"YAMAHA","Tracer 9 GT ","Almería","890",1
"YAMAHA","Tracer 9 GT ","Asturias","890",3
"YAMAHA","Tracer 9 GT ","Badajoz","890",3
"YAMAHA","Tracer 9 GT ","Barcelona","890",16
"YAMAHA","Tracer 9 GT ","Bizkaia","890",2
"YAMAHA","Tracer 9 GT ","Cádiz","890",6
"YAMAHA","Tracer 9 GT ","Cantabria","890",2
"YAMAHA","Tracer 9 GT ","Coruña (A)","890",1
"YAMAHA","Tracer 9 GT ","Gipuzkoa","890",5
"YAMAHA","Tracer 9 GT ","Girona","890",1
"YAMAHA","Tracer 9 GT ","Granada","890",2
"YAMAHA","Tracer 9 GT ","Huesca","890",2
"YAMAHA","Tracer 9 GT ","Illes Balears","890",3
"YAMAHA","Tracer 9 GT ","Jaén","890",1
"YAMAHA","Tracer 9 GT ","León","890",2
"YAMAHA","Tracer 9 GT ","Madrid","890",6
"YAMAHA","Tracer 9 GT ","Málaga","890",2
"YAMAHA","Tracer 9 GT ","Murcia","890",2
"YAMAHA","Tracer 9 GT ","Navarra","890",1
"YAMAHA","Tracer 9 GT ","Palencia","890",1
"YAMAHA","Tracer 9 GT ","Palmas (Las)","890",4
"YAMAHA","Tracer 9 GT ","Pontevedra","890",3
"YAMAHA","Tracer 9 GT ","Salamanca","890",1
"YAMAHA","Tracer 9 GT ","Santa Cruz de Tenerife","890",1
"YAMAHA","Tracer 9 GT ","Sevilla","890",6
"YAMAHA","Tracer 9 GT ","Tarragona","890",2
"YAMAHA","Tracer 9 GT ","Valencia/València","890",10
"YAMAHA","Tracer 9 GT ","Valladolid","890",1
"YAMAHA","Tracer 9 GT ","Zaragoza","890",1
"YAMAHA","TRICITY 125","Alicante/Alacant","125",2
"YAMAHA","TRICITY 125","Barcelona","125",3
"YAMAHA","TRICITY 125","Girona","125",1
"YAMAHA","TRICITY 125","Illes Balears","125",2
"YAMAHA","TRICITY 125","Lleida","125",1
"YAMAHA","TRICITY 125","Madrid","125",6
"YAMAHA","TRICITY 125","Málaga","125",1
"YAMAHA","TRICITY 125","Santa Cruz de Tenerife","125",1
"YAMAHA","TRICITY 125","Sevilla","125",1
"YAMAHA","TRICITY 125","Valencia/València","125",2
"YAMAHA","TZR250RS","Ourense","249",1
"YAMAHA","XMAX 300","Albacete","292",2
"YAMAHA","XMAX 300","Alicante/Alacant","292",8
"YAMAHA","XMAX 300","Asturias","292",2
"YAMAHA","XMAX 300","Badajoz","292",6
"YAMAHA","XMAX 300","Barcelona","292",28
"YAMAHA","XMAX 300","Bizkaia","292",4
"YAMAHA","XMAX 300","Cádiz","292",6
"YAMAHA","XMAX 300","Cantabria","292",2
"YAMAHA","XMAX 300","Castellón/Castelló","292",1
"YAMAHA","XMAX 300","Córdoba","292",1
"YAMAHA","XMAX 300","Coruña (A)","292",1
"YAMAHA","XMAX 300","Gipuzkoa","292",1
"YAMAHA","XMAX 300","Granada","292",6
"YAMAHA","XMAX 300","Guadalajara","292",1
"YAMAHA","XMAX 300","Huelva","292",3
"YAMAHA","XMAX 300","Illes Balears","292",12
"YAMAHA","XMAX 300","Madrid","292",19
"YAMAHA","XMAX 300","Málaga","292",2
"YAMAHA","XMAX 300","Murcia","292",3
"YAMAHA","XMAX 300","Palmas (Las)","292",9
"YAMAHA","XMAX 300","Pontevedra","292",2
"YAMAHA","XMAX 300","Rioja (La)","292",2
"YAMAHA","XMAX 300","Santa Cruz de Tenerife","292",3
"YAMAHA","XMAX 300","Sevilla","292",10
"YAMAHA","XMAX 300","Valencia/València","292",18
"YAMAHA","XMAX 300","Zaragoza","292",2
"YAMAHA","XMAX125","Alicante/Alacant","125",16
"YAMAHA","XMAX125","Almería","125",3
"YAMAHA","XMAX125","Ávila","125",1
"YAMAHA","XMAX125","Badajoz","125",3
"YAMAHA","XMAX125","Barcelona","125",66
"YAMAHA","XMAX125","Bizkaia","125",1
"YAMAHA","XMAX125","Cáceres","125",1
"YAMAHA","XMAX125","Cádiz","125",8
"YAMAHA","XMAX125","Cantabria","125",2
"YAMAHA","XMAX125","Castellón/Castelló","125",4
"YAMAHA","XMAX125","Ceuta","125",2
"YAMAHA","XMAX125","Córdoba","125",4
"YAMAHA","XMAX125","Cuenca","125",1
"YAMAHA","XMAX125","Gipuzkoa","125",5
"YAMAHA","XMAX125","Girona","125",7
"YAMAHA","XMAX125","Granada","125",8
"YAMAHA","XMAX125","Guadalajara","125",1
"YAMAHA","XMAX125","Huelva","125",2
"YAMAHA","XMAX125","Huesca","125",1
"YAMAHA","XMAX125","Illes Balears","125",12
"YAMAHA","XMAX125","Madrid","125",39
"YAMAHA","XMAX125","Málaga","125",37
"YAMAHA","XMAX125","Melilla","125",3
"YAMAHA","XMAX125","Murcia","125",6
"YAMAHA","XMAX125","Navarra","125",4
"YAMAHA","XMAX125","Ourense","125",1
"YAMAHA","XMAX125","Palmas (Las)","125",10
"YAMAHA","XMAX125","Pontevedra","125",2
"YAMAHA","XMAX125","Santa Cruz de Tenerife","125",8
"YAMAHA","XMAX125","Sevilla","125",46
"YAMAHA","XMAX125","Tarragona","125",3
"YAMAHA","XMAX125","Valencia/València","125",26
"YAMAHA","XMAX125","Valladolid","125",3
"YAMAHA","XMAX125","Zaragoza","125",6
"YAMAHA","XSR-900","Barcelona","890",4
"YAMAHA","XSR-900","Bizkaia","890",1
"YAMAHA","XSR-900","Cantabria","890",1
"YAMAHA","XSR-900","Coruña (A)","890",1
"YAMAHA","XSR-900","Illes Balears","890",1
"YAMAHA","XSR-900","Madrid","890",3
"YAMAHA","XSR-900","Málaga","890",1
"YAMAHA","XSR-900","Santa Cruz de Tenerife","890",1
"YAMAHA","XSR700","Barcelona","689",1
"YAMAHA","XSR700","Melilla","689",1
"YAMAHA","XSR700","Palmas (Las)","689",1
"YAMAHA","XTZ 700 Tenere","Albacete","689",1
"YAMAHA","XTZ 700 Tenere","Alicante/Alacant","689",6
"YAMAHA","XTZ 700 Tenere","Almería","689",2
"YAMAHA","XTZ 700 Tenere","Barcelona","689",18
"YAMAHA","XTZ 700 Tenere","Bizkaia","689",3
"YAMAHA","XTZ 700 Tenere","Cádiz","689",13
"YAMAHA","XTZ 700 Tenere","Cantabria","689",2
"YAMAHA","XTZ 700 Tenere","Ceuta","689",1
"YAMAHA","XTZ 700 Tenere","Ciudad Real","689",1
"YAMAHA","XTZ 700 Tenere","Córdoba","689",1
"YAMAHA","XTZ 700 Tenere","Coruña (A)","689",1
"YAMAHA","XTZ 700 Tenere","Gipuzkoa","689",1
"YAMAHA","XTZ 700 Tenere","Girona","689",5
"YAMAHA","XTZ 700 Tenere","Granada","689",7
"YAMAHA","XTZ 700 Tenere","Guadalajara","689",2
"YAMAHA","XTZ 700 Tenere","Huelva","689",2
"YAMAHA","XTZ 700 Tenere","Huesca","689",2
"YAMAHA","XTZ 700 Tenere","Illes Balears","689",7
"YAMAHA","XTZ 700 Tenere","Jaén","689",2
"YAMAHA","XTZ 700 Tenere","León","689",1
"YAMAHA","XTZ 700 Tenere","Lleida","689",1
"YAMAHA","XTZ 700 Tenere","Lugo","689",1
"YAMAHA","XTZ 700 Tenere","Madrid","689",6
"YAMAHA","XTZ 700 Tenere","Málaga","689",8
"YAMAHA","XTZ 700 Tenere","Murcia","689",1
"YAMAHA","XTZ 700 Tenere","Palencia","689",1
"YAMAHA","XTZ 700 Tenere","Palmas (Las)","689",5
"YAMAHA","XTZ 700 Tenere","Pontevedra","689",1
"YAMAHA","XTZ 700 Tenere","Rioja (La)","689",1
"YAMAHA","XTZ 700 Tenere","Salamanca","689",1
"YAMAHA","XTZ 700 Tenere","Santa Cruz de Tenerife","689",1
"YAMAHA","XTZ 700 Tenere","Sevilla","689",11
"YAMAHA","XTZ 700 Tenere","Tarragona","689",3
"YAMAHA","XTZ 700 Tenere","Toledo","689",1
"YAMAHA","XTZ 700 Tenere","Valencia/València","689",4
"YAMAHA","XTZ 700 Tenere","Zamora","689",1
"YAMAHA","XTZ 700 Tenere","Zaragoza","689",1
"YAMAHA","YZF-R3","Barcelona","321",2
"YAMAHA","YZF-R3","Coruña (A)","321",1
"YAMAHA","YZF-R3","Santa Cruz de Tenerife","321",1
"YAMAHA","YZF-R3","Valencia/València","321",1
"YAMAHA","YZF-R3","Zaragoza","321",1
"YAMAHA","YZF-R9","Barcelona","890",4
"YAMAHA","YZF-R9","Girona","890",1
"YAMAHA","YZF-R9","Madrid","890",1
"YAMAHA","YZF-R9","Murcia","890",1
"YAMAHA","YZF-R9","Pontevedra","890",1
"YAMAHA","YZF-R9","Salamanca","890",1
"YAMAHA","YZF-R9","Sevilla","890",2
"YAMAHA","YZF-R9","Valencia/València","890",3
"YAMAHA","YZF690-U","Barcelona","689",1
"ZNEN","FALCON 125","Valencia/València","125",3
"ZNEN","NVH","Valencia/València","125",7
"ZNEN","P45","Valencia/València","125",8
"ZONTES","125C","Álava/Araba","125",2
"ZONTES","125C","Albacete","125",1
"ZONTES","125C","Alicante/Alacant","125",16
"ZONTES","125C","Almería","125",3
"ZONTES","125C","Asturias","125",3
"ZONTES","125C","Badajoz","125",2
"ZONTES","125C","Barcelona","125",27
"ZONTES","125C","Bizkaia","125",2
"ZONTES","125C","Cáceres","125",2
"ZONTES","125C","Cádiz","125",6
"ZONTES","125C","Cantabria","125",1
"ZONTES","125C","Castellón/Castelló","125",2
"ZONTES","125C","Ceuta","125",1
"ZONTES","125C","Ciudad Real","125",1
"ZONTES","125C","Córdoba","125",1
"ZONTES","125C","Cuenca","125",1
"ZONTES","125C","Gipuzkoa","125",1
"ZONTES","125C","Girona","125",5
"ZONTES","125C","Granada","125",2
"ZONTES","125C","Guadalajara","125",3
"ZONTES","125C","Huelva","125",3
"ZONTES","125C","Illes Balears","125",11
"ZONTES","125C","Jaén","125",4
"ZONTES","125C","Lugo","125",2
"ZONTES","125C","Madrid","125",24
"ZONTES","125C","Málaga","125",12
"ZONTES","125C","Melilla","125",2
"ZONTES","125C","Murcia","125",7
"ZONTES","125C","Ourense","125",2
"ZONTES","125C","Palencia","125",1
"ZONTES","125C","Palmas (Las)","125",3
"ZONTES","125C","Pontevedra","125",3
"ZONTES","125C","Rioja (La)","125",2
"ZONTES","125C","Salamanca","125",1
"ZONTES","125C","Santa Cruz de Tenerife","125",4
"ZONTES","125C","Sevilla","125",14
"ZONTES","125C","Tarragona","125",3
"ZONTES","125C","Toledo","125",4
"ZONTES","125C","Valencia/València","125",21
"ZONTES","125C","Valladolid","125",3
"ZONTES","125C","Zaragoza","125",5
"ZONTES","125D","Albacete","125",1
"ZONTES","125D","Alicante/Alacant","125",2
"ZONTES","125D","Asturias","125",1
"ZONTES","125D","Barcelona","125",27
"ZONTES","125D","Bizkaia","125",1
"ZONTES","125D","Cádiz","125",2
"ZONTES","125D","Ceuta","125",2
"ZONTES","125D","Gipuzkoa","125",1
"ZONTES","125D","Girona","125",2
"ZONTES","125D","Granada","125",4
"ZONTES","125D","Illes Balears","125",4
"ZONTES","125D","Madrid","125",9
"ZONTES","125D","Málaga","125",7
"ZONTES","125D","Melilla","125",1
"ZONTES","125D","Murcia","125",1
"ZONTES","125D","Palmas (Las)","125",1
"ZONTES","125D","Santa Cruz de Tenerife","125",2
"ZONTES","125D","Sevilla","125",3
"ZONTES","125D","Tarragona","125",1
"ZONTES","125D","Valencia/València","125",4
"ZONTES","125D","Zaragoza","125",2
"ZONTES","125E","Alicante/Alacant","125",1
"ZONTES","125E","Almería","125",1
"ZONTES","125E","Asturias","125",6
"ZONTES","125E","Barcelona","125",27
"ZONTES","125E","Bizkaia","125",2
"ZONTES","125E","Burgos","125",1
"ZONTES","125E","Cádiz","125",11
"ZONTES","125E","Cantabria","125",4
"ZONTES","125E","Castellón/Castelló","125",2
"ZONTES","125E","Ceuta","125",1
"ZONTES","125E","Ciudad Real","125",3
"ZONTES","125E","Córdoba","125",1
"ZONTES","125E","Coruña (A)","125",2
"ZONTES","125E","Granada","125",1
"ZONTES","125E","Huelva","125",2
"ZONTES","125E","Illes Balears","125",8
"ZONTES","125E","León","125",1
"ZONTES","125E","Madrid","125",19
"ZONTES","125E","Málaga","125",8
"ZONTES","125E","Melilla","125",3
"ZONTES","125E","Murcia","125",1
"ZONTES","125E","Pontevedra","125",5
"ZONTES","125E","Salamanca","125",2
"ZONTES","125E","Santa Cruz de Tenerife","125",1
"ZONTES","125E","Sevilla","125",4
"ZONTES","125E","Tarragona","125",4
"ZONTES","125E","Teruel","125",1
"ZONTES","125E","Toledo","125",3
"ZONTES","125E","Valencia/València","125",7
"ZONTES","125E","Valladolid","125",2
"ZONTES","125M","Alicante/Alacant","125",2
"ZONTES","125M","Barcelona","125",2
"ZONTES","125M","Bizkaia","125",2
"ZONTES","125M","Coruña (A)","125",1
"ZONTES","125M","Girona","125",1
"ZONTES","125M","Huelva","125",1
"ZONTES","125M","Madrid","125",4
"ZONTES","125M","Málaga","125",4
"ZONTES","125M","Sevilla","125",1
"ZONTES","125M","Toledo","125",1
"ZONTES","125M","Valencia/València","125",2
"ZONTES","350E","Alicante/Alacant","349",1
"ZONTES","350E","Madrid","349",1
"ZONTES","350E","Valencia/València","349",1
"ZONTES","350R","Barcelona","348",4
"ZONTES","350R","Gipuzkoa","348",1
"ZONTES","350R","Illes Balears","348",1
"ZONTES","350R","Madrid","348",2
"ZONTES","350R","Málaga","348",2
"ZONTES","350R","Salamanca","348",1
"ZONTES","350S","Barcelona","348",1
"ZONTES","350S","Bizkaia","348",1
"ZONTES","350S","Huelva","348",1
"ZONTES","350S","Madrid","348",2
"ZONTES","350S","Málaga","348",3
"ZONTES","350S","Rioja (La)","348",1
"ZONTES","350S","Sevilla","348",1
"ZONTES","350S","Valencia/València","348",2
"ZONTES","350T","Alicante/Alacant","348",1
"ZONTES","350V","Illes Balears","348",1
"ZONTES","350X","Albacete","348",1
"ZONTES","350X","Murcia","348",1
"ZONTES","368D","Almería","368",2
"ZONTES","368D","Barcelona","368",4
"ZONTES","368D","Cádiz","368",1
"ZONTES","368D","Coruña (A)","368",1
"ZONTES","368D","Gipuzkoa","368",1
"ZONTES","368D","Girona","368",2
"ZONTES","368D","Illes Balears","368",1
"ZONTES","368D","Madrid","368",3
"ZONTES","368D","Málaga","368",1
"ZONTES","368D","Navarra","368",1
"ZONTES","368D","Palmas (Las)","368",1
"ZONTES","368D","Rioja (La)","368",1
"ZONTES","368D","Tarragona","368",1
"ZONTES","368D","Valencia/València","368",1
"ZONTES","368E","Alicante/Alacant","368",6
"ZONTES","368E","Almería","368",2
"ZONTES","368E","Asturias","368",2
"ZONTES","368E","Barcelona","368",36
"ZONTES","368E","Bizkaia","368",1
"ZONTES","368E","Cádiz","368",1
"ZONTES","368E","Cantabria","368",1
"ZONTES","368E","Córdoba","368",2
"ZONTES","368E","Granada","368",2
"ZONTES","368E","Huelva","368",1
"ZONTES","368E","Huesca","368",1
"ZONTES","368E","Illes Balears","368",6
"ZONTES","368E","Madrid","368",16
"ZONTES","368E","Málaga","368",3
"ZONTES","368E","Murcia","368",1
"ZONTES","368E","Palmas (Las)","368",1
"ZONTES","368E","Pontevedra","368",6
"ZONTES","368E","Sevilla","368",2
"ZONTES","368E","Tarragona","368",2
"ZONTES","368E","Toledo","368",1
"ZONTES","368E","Valencia/València","368",12
"ZONTES","368E","Zaragoza","368",1
"ZONTES","368G","Albacete","368",1
"ZONTES","368G","Alicante/Alacant","368",34
"ZONTES","368G","Almería","368",7
"ZONTES","368G","Asturias","368",2
"ZONTES","368G","Ávila","368",1
"ZONTES","368G","Badajoz","368",4
"ZONTES","368G","Barcelona","368",95
"ZONTES","368G","Bizkaia","368",5
"ZONTES","368G","Burgos","368",2
"ZONTES","368G","Cáceres","368",4
"ZONTES","368G","Cádiz","368",23
"ZONTES","368G","Cantabria","368",1
"ZONTES","368G","Castellón/Castelló","368",4
"ZONTES","368G","Ceuta","368",6
"ZONTES","368G","Ciudad Real","368",1
"ZONTES","368G","Córdoba","368",7
"ZONTES","368G","Coruña (A)","368",2
"ZONTES","368G","Cuenca","368",1
"ZONTES","368G","Gipuzkoa","368",4
"ZONTES","368G","Girona","368",8
"ZONTES","368G","Granada","368",20
"ZONTES","368G","Guadalajara","368",3
"ZONTES","368G","Huelva","368",5
"ZONTES","368G","Huesca","368",1
"ZONTES","368G","Illes Balears","368",14
"ZONTES","368G","Jaén","368",6
"ZONTES","368G","León","368",1
"ZONTES","368G","Lugo","368",1
"ZONTES","368G","Madrid","368",36
"ZONTES","368G","Málaga","368",47
"ZONTES","368G","Melilla","368",7
"ZONTES","368G","Murcia","368",10
"ZONTES","368G","Palmas (Las)","368",28
"ZONTES","368G","Pontevedra","368",7
"ZONTES","368G","Rioja (La)","368",3
"ZONTES","368G","Salamanca","368",2
"ZONTES","368G","Santa Cruz de Tenerife","368",13
"ZONTES","368G","Segovia","368",1
"ZONTES","368G","Sevilla","368",23
"ZONTES","368G","Tarragona","368",6
"ZONTES","368G","Toledo","368",3
"ZONTES","368G","Valencia/València","368",25
"ZONTES","368G","Valladolid","368",2
"ZONTES","368G","Zaragoza","368",2
"ZONTES","368K","Albacete","368",2
"ZONTES","368K","Alicante/Alacant","368",2
"ZONTES","368K","Asturias","368",3
"ZONTES","368K","Barcelona","368",21
"ZONTES","368K","Cáceres","368",1
"ZONTES","368K","Cádiz","368",2
"ZONTES","368K","Cantabria","368",2
"ZONTES","368K","Castellón/Castelló","368",1
"ZONTES","368K","Girona","368",3
"ZONTES","368K","Granada","368",1
"ZONTES","368K","Huelva","368",1
"ZONTES","368K","Illes Balears","368",7
"ZONTES","368K","León","368",1
"ZONTES","368K","Madrid","368",9
"ZONTES","368K","Málaga","368",5
"ZONTES","368K","Murcia","368",1
"ZONTES","368K","Navarra","368",1
"ZONTES","368K","Palmas (Las)","368",1
"ZONTES","368K","Pontevedra","368",3
"ZONTES","368K","Rioja (La)","368",2
"ZONTES","368K","Salamanca","368",1
"ZONTES","368K","Sevilla","368",4
"ZONTES","368K","Tarragona","368",2
"ZONTES","368K","Valencia/València","368",9
"ZONTES","368K","Valladolid","368",2
"ZONTES","368K","Zaragoza","368",1
"ZONTES","368M","Álava/Araba","368",1
"ZONTES","368M","Alicante/Alacant","368",2
"ZONTES","368M","Almería","368",1
"ZONTES","368M","Barcelona","368",12
"ZONTES","368M","Granada","368",1
"ZONTES","368M","Illes Balears","368",1
"ZONTES","368M","Madrid","368",4
"ZONTES","368M","Málaga","368",2
"ZONTES","368M","Palmas (Las)","368",1
"ZONTES","368M","Sevilla","368",1
"ZONTES","368M","Valencia/València","368",1
"ZONTES","703F","Álava/Araba","699",1
"ZONTES","703F","Alicante/Alacant","699",3
"ZONTES","703F","Almería","699",4
"ZONTES","703F","Asturias","699",1
"ZONTES","703F","Badajoz","699",5
"ZONTES","703F","Barcelona","699",13
"ZONTES","703F","Bizkaia","699",1
"ZONTES","703F","Burgos","699",1
"ZONTES","703F","Cádiz","699",7
"ZONTES","703F","Cantabria","699",3
"ZONTES","703F","Ciudad Real","699",1
"ZONTES","703F","Córdoba","699",3
"ZONTES","703F","Coruña (A)","699",1
"ZONTES","703F","Gipuzkoa","699",2
"ZONTES","703F","Girona","699",3
"ZONTES","703F","Granada","699",6
"ZONTES","703F","Guadalajara","699",1
"ZONTES","703F","Jaén","699",1
"ZONTES","703F","Lugo","699",2
"ZONTES","703F","Madrid","699",9
"ZONTES","703F","Málaga","699",2
"ZONTES","703F","Murcia","699",3
"ZONTES","703F","Palmas (Las)","699",3
"ZONTES","703F","Pontevedra","699",1
"ZONTES","703F","Salamanca","699",1
"ZONTES","703F","Santa Cruz de Tenerife","699",1
"ZONTES","703F","Sevilla","699",5
"ZONTES","703F","Tarragona","699",1
"ZONTES","703F","Valencia/València","699",8
"ZONTES","703F","Valladolid","699",1
"ZONTES","703F","Zaragoza","699",1
"ZONTES","703RR","Alicante/Alacant","699",3
"ZONTES","703RR","Almería","699",3
"ZONTES","703RR","Badajoz","699",1
"ZONTES","703RR","Barcelona","699",23
"ZONTES","703RR","Bizkaia","699",1
"ZONTES","703RR","Cádiz","699",6
"ZONTES","703RR","Cantabria","699",1
"ZONTES","703RR","Castellón/Castelló","699",1
"ZONTES","703RR","Córdoba","699",1
"ZONTES","703RR","Girona","699",4
"ZONTES","703RR","Guadalajara","699",4
"ZONTES","703RR","Huelva","699",1
"ZONTES","703RR","Huesca","699",1
"ZONTES","703RR","Illes Balears","699",4
"ZONTES","703RR","Jaén","699",3
"ZONTES","703RR","León","699",1
"ZONTES","703RR","Lleida","699",2
"ZONTES","703RR","Lugo","699",1
"ZONTES","703RR","Madrid","699",16
"ZONTES","703RR","Málaga","699",5
"ZONTES","703RR","Murcia","699",8
"ZONTES","703RR","Navarra","699",1
"ZONTES","703RR","Palmas (Las)","699",3
"ZONTES","703RR","Pontevedra","699",1
"ZONTES","703RR","Salamanca","699",2
"ZONTES","703RR","Santa Cruz de Tenerife","699",4
"ZONTES","703RR","Segovia","699",1
"ZONTES","703RR","Sevilla","699",10
"ZONTES","703RR","Tarragona","699",2
"ZONTES","703RR","Toledo","699",6
"ZONTES","703RR","Valencia/València","699",8
"ZONTES","703RR","Valladolid","699",1
"ZONTES","703RR","Zaragoza","699",2
"ZONTES","M350","Rioja (La)","349",1
"ZONTES","ZT125-G1","Álava/Araba","125",2
"ZONTES","ZT125-G1","Alicante/Alacant","125",3
"ZONTES","ZT125-G1","Almería","125",1
"ZONTES","ZT125-G1","Ávila","125",1
"ZONTES","ZT125-G1","Barcelona","125",10
"ZONTES","ZT125-G1","Bizkaia","125",1
"ZONTES","ZT125-G1","Cádiz","125",3
"ZONTES","ZT125-G1","Castellón/Castelló","125",1
"ZONTES","ZT125-G1","Córdoba","125",1
"ZONTES","ZT125-G1","Coruña (A)","125",1
"ZONTES","ZT125-G1","Girona","125",1
"ZONTES","ZT125-G1","Granada","125",2
"ZONTES","ZT125-G1","Illes Balears","125",6
"ZONTES","ZT125-G1","Lleida","125",1
"ZONTES","ZT125-G1","Madrid","125",9
"ZONTES","ZT125-G1","Málaga","125",6
"ZONTES","ZT125-G1","Melilla","125",1
"ZONTES","ZT125-G1","Murcia","125",1
"ZONTES","ZT125-G1","Palmas (Las)","125",2
"ZONTES","ZT125-G1","Santa Cruz de Tenerife","125",2
"ZONTES","ZT125-G1","Sevilla","125",3
"ZONTES","ZT125-G1","Tarragona","125",1
"ZONTES","ZT125-G1","Toledo","125",2
"ZONTES","ZT125-G1","Valencia/València","125",12
"ZONTES","ZT125-G1","Valladolid","125",2
"ZONTES","ZT125-G1","Zaragoza","125",1
"ZONTES","ZT125-GK","Álava/Araba","125",1
"ZONTES","ZT125-GK","Alicante/Alacant","125",2
"ZONTES","ZT125-GK","Jaén","125",1
"ZONTES","ZT125-GK","Málaga","125",1
"ZONTES","ZT125-GK","Murcia","125",1
"ZONTES","ZT125-U","Álava/Araba","125",1
"ZONTES","ZT125-U","Albacete","125",1
"ZONTES","ZT125-U","Alicante/Alacant","125",4
"ZONTES","ZT125-U","Almería","125",1
"ZONTES","ZT125-U","Barcelona","125",15
"ZONTES","ZT125-U","Gipuzkoa","125",1
"ZONTES","ZT125-U","Girona","125",2
"ZONTES","ZT125-U","Granada","125",2
"ZONTES","ZT125-U","Huelva","125",1
"ZONTES","ZT125-U","Illes Balears","125",1
"ZONTES","ZT125-U","Madrid","125",4
"ZONTES","ZT125-U","Málaga","125",7
"ZONTES","ZT125-U","Navarra","125",1
"ZONTES","ZT125-U","Pontevedra","125",2
"ZONTES","ZT125-U","Rioja (La)","125",1
"ZONTES","ZT125-U","Santa Cruz de Tenerife","125",1
"ZONTES","ZT125-U","Sevilla","125",1
"ZONTES","ZT125-U","Tarragona","125",3
"ZONTES","ZT125-U","Valencia/València","125",3
"ZONTES","ZT125-U1","Albacete","125",1
"ZONTES","ZT125-U1","Almería","125",2
"ZONTES","ZT125-U1","Barcelona","125",3
"ZONTES","ZT125-U1","Bizkaia","125",1
"ZONTES","ZT125-U1","Burgos","125",1
"ZONTES","ZT125-U1","Cádiz","125",1
"ZONTES","ZT125-U1","Ciudad Real","125",2
"ZONTES","ZT125-U1","Coruña (A)","125",1
"ZONTES","ZT125-U1","Cuenca","125",1
"ZONTES","ZT125-U1","Girona","125",1
"ZONTES","ZT125-U1","Guadalajara","125",3
"ZONTES","ZT125-U1","Huelva","125",1
"ZONTES","ZT125-U1","Jaén","125",1
"ZONTES","ZT125-U1","Madrid","125",3
"ZONTES","ZT125-U1","Málaga","125",6
"ZONTES","ZT125-U1","Melilla","125",1
"ZONTES","ZT125-U1","Murcia","125",1
"ZONTES","ZT125-U1","Navarra","125",2
"ZONTES","ZT125-U1","Palencia","125",1
"ZONTES","ZT125-U1","Sevilla","125",4
"ZONTES","ZT125-U1","Tarragona","125",1
"ZONTES","ZT125-U1","Toledo","125",2
"ZONTES","ZT125-U1","Valencia/València","125",3
"ZONTES","ZT125-U1","Zaragoza","125",2
"ZONTES","ZT125-Z2","Alicante/Alacant","125",6
"ZONTES","ZT125-Z2","Almería","125",1
"ZONTES","ZT125-Z2","Barcelona","125",5
"ZONTES","ZT125-Z2","Bizkaia","125",1
"ZONTES","ZT125-Z2","Cáceres","125",2
"ZONTES","ZT125-Z2","Cádiz","125",2
"ZONTES","ZT125-Z2","Castellón/Castelló","125",1
"ZONTES","ZT125-Z2","Ciudad Real","125",2
"ZONTES","ZT125-Z2","Coruña (A)","125",2
"ZONTES","ZT125-Z2","Girona","125",1
"ZONTES","ZT125-Z2","Illes Balears","125",3
"ZONTES","ZT125-Z2","Jaén","125",1
"ZONTES","ZT125-Z2","Madrid","125",4
"ZONTES","ZT125-Z2","Málaga","125",5
"ZONTES","ZT125-Z2","Murcia","125",1
"ZONTES","ZT125-Z2","Navarra","125",1
"ZONTES","ZT125-Z2","Pontevedra","125",1
"ZONTES","ZT125-Z2","Rioja (La)","125",1
"ZONTES","ZT125-Z2","Santa Cruz de Tenerife","125",1
"ZONTES","ZT125-Z2","Sevilla","125",4
"ZONTES","ZT125-Z2","Tarragona","125",2
"ZONTES","ZT125-Z2","Valencia/València","125",4
"ZONTES","ZT125-Z2","Valladolid","125",1
"ZONTES","ZT125-Z2","Zaragoza","125",1
