MARCA_ITV,MODELO_ITV,PROVINCIA_VEH,CILINDRADA_ITV,COUNT
"AJP","AJP PR7","Alicante/Alacant","600",2
"AJP","AJP PR7","Barcelona","600",1
"AJP","AJP PR7","Cantabria","600",1
"AJP","AJP PR7","León","600",1
"AJP","AJP PR7","Palmas (Las)","600",1
"AJP","AJP PR7","Sevilla","600",1
"ANDES","U3 (125)","Asturias","124",1
"APRILIA","RS 125","Alicante/Alacant","124",1
"APRILIA","RS 125","Almería","124",2
"APRILIA","RS 125","Girona","124",1
"APRILIA","RS 125","Murcia","124",1
"APRILIA","RS 125","Valencia/València","124",1
"APRILIA","RS 457","Almería","457",1
"APRILIA","RS 457","Madrid","457",2
"APRILIA","RS 457","Murcia","457",1
"APRILIA","RS 457","Palmas (Las)","457",1
"APRILIA","RS 457","Santa Cruz de Tenerife","457",1
"APRILIA","RS 457","Valencia/València","457",1
"APRILIA","RS 457","Valladolid","457",1
"APRILIA","RS 660","Barcelona","659",1
"APRILIA","RS 660","Huelva","659",1
"APRILIA","RS 660","Madrid","659",2
"APRILIA","RS 660","Palmas (Las)","659",2
"APRILIA","RS 660","Pontevedra","659",1
"APRILIA","RS 660","Santa Cruz de Tenerife","659",2
"APRILIA","RS 660","Sevilla","659",2
"APRILIA","RS 660","Toledo","659",1
"APRILIA","RS 660","Valencia/València","659",1
"APRILIA","RSV4","Cádiz","1099",1
"APRILIA","RSV4","Granada","1099",1
"APRILIA","RX 125","Álava/Araba","124",1
"APRILIA","RX 125","Badajoz","124",2
"APRILIA","RX 125","Barcelona","124",2
"APRILIA","RX 125","Cáceres","124",1
"APRILIA","RX 125","Córdoba","124",1
"APRILIA","RX 125","Jaén","124",1
"APRILIA","RX 125","Madrid","124",2
"APRILIA","RX 125","Málaga","124",4
"APRILIA","RX 125","Navarra","124",1
"APRILIA","RX 125","Santa Cruz de Tenerife","124",2
"APRILIA","RX 125","Sevilla","124",1
"APRILIA","RX 125","Valencia/València","124",2
"APRILIA","SR GT 125","Cáceres","125",1
"APRILIA","SR GT 125","Cádiz","125",6
"APRILIA","SR GT 125","Cuenca","125",1
"APRILIA","SR GT 125","Granada","125",1
"APRILIA","SR GT 125","Illes Balears","125",1
"APRILIA","SR GT 125","Málaga","125",4
"APRILIA","SR GT 125","Melilla","125",1
"APRILIA","SR GT 125","Palmas (Las)","125",3
"APRILIA","SR GT 125","Pontevedra","125",1
"APRILIA","SR GT 125","Rioja (La)","125",1
"APRILIA","SR GT 125","Santa Cruz de Tenerife","125",2
"APRILIA","SR GT 125","Tarragona","125",2
"APRILIA","SR GT 125","Valencia/València","125",2
"APRILIA","SR GT 125","Valladolid","125",1
"APRILIA","SR GT 125","Zaragoza","125",1
"APRILIA","SX 125","Barcelona","124",1
"APRILIA","SX 125","Bizkaia","124",1
"APRILIA","SX 125","Cádiz","124",1
"APRILIA","SX 125","Girona","124",1
"APRILIA","SX 125","Huesca","124",1
"APRILIA","SX 125","Sevilla","124",1
"APRILIA","TUAREG 660","Albacete","659",1
"APRILIA","TUAREG 660","Alicante/Alacant","659",1
"APRILIA","TUAREG 660","Barcelona","659",1
"APRILIA","TUAREG 660","Cádiz","659",1
"APRILIA","TUAREG 660","Illes Balears","659",1
"APRILIA","TUAREG 660","Lleida","659",1
"APRILIA","TUAREG 660","Málaga","659",2
"APRILIA","TUAREG 660","Murcia","659",1
"APRILIA","TUAREG 660","Palmas (Las)","659",1
"APRILIA","TUAREG 660","Sevilla","659",1
"APRILIA","TUAREG 660","Tarragona","659",2
"APRILIA","TUAREG 660","Valencia/València","659",1
"APRILIA","TUAREG 660","Zaragoza","659",2
"APRILIA","TUONO 125","Cádiz","124",1
"APRILIA","TUONO 125","Madrid","124",1
"APRILIA","TUONO 125","Zaragoza","124",1
"APRILIA","TUONO 660","Ciudad Real","659",1
"APRILIA","TUONO 660 FACTORY","Huelva","659",1
"APRILIA","TUONO V4","Barcelona","1077",1
"APRILIA","TUONO V4","Huelva","1077",1
"APRILIA","TUONO V4","Madrid","1077",1
"APRILIA","TUONO V4","Palmas (Las)","1077",1
"ARIIC","ARIIC 108","Alicante/Alacant","117",1
"ARIIC","ARIIC 108","Almería","117",1
"ARIIC","ARIIC 108","Barcelona","117",1
"ARIIC","ARIIC 108","Cádiz","117",2
"ARIIC","ARIIC 108","Cantabria","117",1
"ARIIC","ARIIC 108","Ceuta","117",1
"ARIIC","ARIIC 108","Gipuzkoa","117",1
"ARIIC","ARIIC 108","Illes Balears","117",1
"ARIIC","ARIIC 108","Málaga","117",1
"ARIIC","ARIIC 108","Sevilla","117",3
"ARIIC","ARIIC 108","Zaragoza","117",1
"ARIIC","ARIIC 318","Santa Cruz de Tenerife","276",1
"BAJAJ","DOMINAR D 400","Albacete","373",1
"BAJAJ","DOMINAR D 400","Cádiz","373",1
"BAJAJ","DOMINAR D 400","Madrid","373",7
"BAJAJ","DOMINAR D 400","Murcia","373",1
"BAJAJ","DOMINAR D 400","Sevilla","373",1
"BAJAJ","PULSAR NS 125","Albacete","124",1
"BAJAJ","PULSAR NS 125","Bizkaia","124",1
"BAJAJ","PULSAR NS 125","Cádiz","124",1
"BAJAJ","PULSAR NS 125","Castellón/Castelló","124",2
"BAJAJ","PULSAR NS 125","Huelva","124",1
"BAJAJ","PULSAR NS 125","Madrid","124",1
"BAJAJ","PULSAR NS 125","Sevilla","124",2
"BAJAJ","PULSAR NS 125","Valencia/València","124",1
"BENDA","CHINCHILLA","Alicante/Alacant","476",1
"BENDA","CHINCHILLA","Castellón/Castelló","476",1
"BENDA","CHINCHILLA","Murcia","476",1
"BENDA","CHINCHILLA","Pontevedra","476",1
"BENDA","CHINCHILLA","Rioja (La)","476",1
"BENDA","CHINCHILLA","Sevilla","476",1
"BENDA","CHINCHILLA","Valencia/València","476",1
"BENDA","LFC700","Alicante/Alacant","676",3
"BENDA","LFC700","Asturias","676",1
"BENDA","LFC700","Barcelona","676",1
"BENDA","LFC700","Cádiz","676",2
"BENDA","LFC700","Huelva","676",1
"BENDA","LFC700","Madrid","676",1
"BENDA","LFC700","Málaga","676",2
"BENDA","LFC700","Salamanca","676",1
"BENDA","LFC700","Tarragona","676",1
"BENDA","LFC700","Teruel","676",1
"BENDA","LFC700","Toledo","676",1
"BENDA","LFC700","Valencia/València","676",2
"BENDA","LFC700","Valladolid","676",1
"BENDA","NAPOLEON","Alicante/Alacant","476",2
"BENDA","NAPOLEON","Asturias","476",1
"BENDA","NAPOLEON","Barcelona","476",1
"BENDA","NAPOLEON","Cádiz","476",1
"BENDA","NAPOLEON","Cantabria","476",1
"BENDA","NAPOLEON","Girona","476",1
"BENDA","NAPOLEON","Madrid","476",2
"BENDA","NAPOLEON","Valencia/València","476",1
"BENELLI","502C CRUISER","Pontevedra","500",1
"BENELLI","BN125","Barcelona","125",1
"BENELLI","BN125","Castellón/Castelló","125",1
"BENELLI","LEONCINO 125","Asturias","125",1
"BENELLI","LEONCINO 125","Cádiz","125",2
"BENELLI","LEONCINO 125","Jaén","125",1
"BENELLI","LEONCINO 125","Lleida","125",1
"BENELLI","LEONCINO 125","Madrid","125",1
"BENELLI","LEONCINO 125","Valencia/València","125",1
"BENELLI","LEONCINO 500","Barcelona","500",1
"BENELLI","LEONCINO 500","Illes Balears","500",1
"BENELLI","LEONCINO 500","Segovia","500",1
"BENELLI","LEONCINO 500","Valladolid","500",1
"BENELLI","LEONCINO 500 TRAIL","Albacete","500",1
"BENELLI","LEONCINO 800","Cáceres","754",1
"BENELLI","LEONCINO TRAIL","Alicante/Alacant","500",1
"BENELLI","LEONCINO TRAIL","Córdoba","500",1
"BENELLI","LEONCINO TRAIL","Madrid","500",6
"BENELLI","LEONCINO TRAIL","Toledo","500",1
"BENELLI","LEONCINO TRAIL","Valencia/València","500",2
"BENELLI","TNT 125","Santa Cruz de Tenerife","125",1
"BENELLI","TRK 251","Cádiz","249",1
"BENELLI","TRK 502 X","Barcelona","500",1
"BENELLI","TRK 502 X","Córdoba","500",1
"BENELLI","TRK 502 X","Sevilla","500",1
"BENELLI","TRK 702","Alicante/Alacant","698",3
"BENELLI","TRK 702","Asturias","698",1
"BENELLI","TRK 702","Badajoz","698",2
"BENELLI","TRK 702","Barcelona","698",3
"BENELLI","TRK 702","Cantabria","698",1
"BENELLI","TRK 702","Córdoba","698",1
"BENELLI","TRK 702","Coruña (A)","698",1
"BENELLI","TRK 702","Illes Balears","698",1
"BENELLI","TRK 702","Lleida","698",1
"BENELLI","TRK 702","Madrid","698",4
"BENELLI","TRK 702","Málaga","698",1
"BENELLI","TRK 702","Murcia","698",1
"BENELLI","TRK 702","Tarragona","698",1
"BENELLI","TRK 702","Teruel","698",2
"BENELLI","TRK 702","Valencia/València","698",1
"BENELLI","TRK 702","Valladolid","698",1
"BENELLI","TRK 702","Zamora","698",1
"BENELLI","TRK502","Barcelona","500",1
"BENELLI","TRK502","Granada","500",1
"BENELLI","TRK502","Illes Balears","500",1
"BENELLI","TRK502","Murcia","500",1
"BETA","EVO 2T 300 FACTORY MY2","Castellón/Castelló","296",1
"BETA","EVO 2T 300CC MY24","Barcelona","297",1
"BETA","N/A","Almería","293",2
"BETA","N/A","Asturias","293",1
"BETA","N/A","Badajoz","293",2
"BETA","N/A","Barcelona","293",12
"BETA","N/A","Bizkaia","293",2
"BETA","N/A","Burgos","293",2
"BETA","N/A","Cádiz","293",5
"BETA","N/A","Cantabria","293",1
"BETA","N/A","Castellón/Castelló","293",1
"BETA","N/A","Coruña (A)","293",4
"BETA","N/A","Gipuzkoa","293",1
"BETA","N/A","Girona","293",3
"BETA","N/A","Granada","293",1
"BETA","N/A","Illes Balears","293",2
"BETA","N/A","León","293",1
"BETA","N/A","Lleida","293",1
"BETA","N/A","Lugo","293",1
"BETA","N/A","Madrid","293",2
"BETA","N/A","Málaga","293",2
"BETA","N/A","Navarra","293",1
"BETA","N/A","Ourense","293",2
"BETA","N/A","Santa Cruz de Tenerife","293",1
"BETA","N/A","Sevilla","293",3
"BETA","N/A","Tarragona","293",1
"BETA","N/A","Teruel","293",2
"BETA","N/A","Toledo","293",2
"BETA","N/A","Valencia/València","293",1
"BETA","N/A","Zaragoza","293",1
"BETA","RR 125 LC MY21","Valencia/València","125",1
"BETA","RR 2T 125 MY24","Córdoba","125",1
"BETA","RR 2T 125 RACING MY24","Barcelona","125",1
"BETA","RR 2T 250 MY23","Lleida","249",1
"BETA","RR 2T 300 MY23","Almería","293",1
"BETA","RR 2T 300 MY24","Granada","293",1
"BETA","RR 2T 300 RACING MY23","Barcelona","293",1
"BETA","RR 4T 390 MY24","Barcelona","386",1
"BETA","RR 4T 390 RACING MY24","Granada","386",1
"BETA","XTRAINER 300CC MY24","Sevilla","293",1
"BMW","C 400 GT","Albacete","350",1
"BMW","C 400 GT","Alicante/Alacant","350",2
"BMW","C 400 GT","Badajoz","350",1
"BMW","C 400 GT","Barcelona","350",18
"BMW","C 400 GT","Cádiz","350",5
"BMW","C 400 GT","Castellón/Castelló","350",1
"BMW","C 400 GT","Coruña (A)","350",1
"BMW","C 400 GT","Girona","350",2
"BMW","C 400 GT","Granada","350",4
"BMW","C 400 GT","Guadalajara","350",1
"BMW","C 400 GT","Illes Balears","350",3
"BMW","C 400 GT","Madrid","350",15
"BMW","C 400 GT","Málaga","350",7
"BMW","C 400 GT","Murcia","350",3
"BMW","C 400 GT","Navarra","350",1
"BMW","C 400 GT","Palmas (Las)","350",1
"BMW","C 400 GT","Pontevedra","350",2
"BMW","C 400 GT","Rioja (La)","350",1
"BMW","C 400 GT","Santa Cruz de Tenerife","350",3
"BMW","C 400 GT","Sevilla","350",3
"BMW","C 400 GT","Toledo","350",1
"BMW","C 400 GT","Valencia/València","350",11
"BMW","C 400 GT","Zaragoza","350",2
"BMW","C 400 X","Alicante/Alacant","350",1
"BMW","C 400 X","Almería","350",1
"BMW","C 400 X","Barcelona","350",9
"BMW","C 400 X","Burgos","350",1
"BMW","C 400 X","Cádiz","350",4
"BMW","C 400 X","Cantabria","350",1
"BMW","C 400 X","Ciudad Real","350",1
"BMW","C 400 X","Girona","350",1
"BMW","C 400 X","Granada","350",5
"BMW","C 400 X","Jaén","350",3
"BMW","C 400 X","León","350",1
"BMW","C 400 X","Madrid","350",15
"BMW","C 400 X","Murcia","350",3
"BMW","C 400 X","Navarra","350",1
"BMW","C 400 X","Palmas (Las)","350",1
"BMW","C 400 X","Santa Cruz de Tenerife","350",4
"BMW","C 400 X","Sevilla","350",2
"BMW","C 400 X","Valencia/València","350",1
"BMW","C 400 X","Valladolid","350",1
"BMW","C 400 X","Zaragoza","350",1
"BMW","F 750 GS","Pontevedra","853",1
"BMW","F 800 GS","Albacete","895",1
"BMW","F 800 GS","Alicante/Alacant","895",2
"BMW","F 800 GS","Almería","895",2
"BMW","F 800 GS","Asturias","895",1
"BMW","F 800 GS","Badajoz","895",1
"BMW","F 800 GS","Barcelona","895",12
"BMW","F 800 GS","Bizkaia","895",1
"BMW","F 800 GS","Cádiz","895",1
"BMW","F 800 GS","Cantabria","895",2
"BMW","F 800 GS","Castellón/Castelló","895",1
"BMW","F 800 GS","Córdoba","895",1
"BMW","F 800 GS","Coruña (A)","895",1
"BMW","F 800 GS","Girona","895",3
"BMW","F 800 GS","Granada","895",2
"BMW","F 800 GS","Guadalajara","895",1
"BMW","F 800 GS","Huelva","895",1
"BMW","F 800 GS","Illes Balears","895",1
"BMW","F 800 GS","Madrid","895",5
"BMW","F 800 GS","Málaga","895",2
"BMW","F 800 GS","Murcia","895",3
"BMW","F 800 GS","Ourense","895",1
"BMW","F 800 GS","Pontevedra","895",1
"BMW","F 800 GS","Santa Cruz de Tenerife","895",3
"BMW","F 800 GS","Sevilla","895",1
"BMW","F 800 GS","Soria","895",1
"BMW","F 800 GS","Tarragona","895",2
"BMW","F 800 GS","Toledo","895",1
"BMW","F 800 GS","Valencia/València","895",10
"BMW","F 800 GS","Zaragoza","895",3
"BMW","F 850 GS ADVENTURE","Burgos","853",1
"BMW","F 850 GS ADVENTURE","Ceuta","853",1
"BMW","F 850 GS ADVENTURE","Illes Balears","853",1
"BMW","F 850 GS ADVENTURE","Málaga","853",1
"BMW","F 900 GS","Asturias","895",2
"BMW","F 900 GS","Barcelona","895",7
"BMW","F 900 GS","Cádiz","895",2
"BMW","F 900 GS","Ciudad Real","895",1
"BMW","F 900 GS","Córdoba","895",2
"BMW","F 900 GS","Gipuzkoa","895",1
"BMW","F 900 GS","Girona","895",3
"BMW","F 900 GS","Granada","895",5
"BMW","F 900 GS","Illes Balears","895",2
"BMW","F 900 GS","Jaén","895",1
"BMW","F 900 GS","León","895",1
"BMW","F 900 GS","Lleida","895",1
"BMW","F 900 GS","Madrid","895",4
"BMW","F 900 GS","Málaga","895",3
"BMW","F 900 GS","Murcia","895",1
"BMW","F 900 GS","Palmas (Las)","895",1
"BMW","F 900 GS","Pontevedra","895",1
"BMW","F 900 GS","Santa Cruz de Tenerife","895",3
"BMW","F 900 GS","Sevilla","895",2
"BMW","F 900 GS","Tarragona","895",2
"BMW","F 900 GS","Toledo","895",1
"BMW","F 900 GS","Valencia/València","895",1
"BMW","F 900 GS ADVENTURE","Álava/Araba","895",1
"BMW","F 900 GS ADVENTURE","Alicante/Alacant","895",2
"BMW","F 900 GS ADVENTURE","Almería","895",2
"BMW","F 900 GS ADVENTURE","Badajoz","895",1
"BMW","F 900 GS ADVENTURE","Barcelona","895",3
"BMW","F 900 GS ADVENTURE","Cádiz","895",1
"BMW","F 900 GS ADVENTURE","Cantabria","895",1
"BMW","F 900 GS ADVENTURE","Ceuta","895",1
"BMW","F 900 GS ADVENTURE","Ciudad Real","895",1
"BMW","F 900 GS ADVENTURE","Gipuzkoa","895",1
"BMW","F 900 GS ADVENTURE","Granada","895",1
"BMW","F 900 GS ADVENTURE","Jaén","895",1
"BMW","F 900 GS ADVENTURE","León","895",1
"BMW","F 900 GS ADVENTURE","Madrid","895",9
"BMW","F 900 GS ADVENTURE","Málaga","895",5
"BMW","F 900 GS ADVENTURE","Palmas (Las)","895",1
"BMW","F 900 GS ADVENTURE","Pontevedra","895",1
"BMW","F 900 GS ADVENTURE","Santa Cruz de Tenerife","895",2
"BMW","F 900 GS ADVENTURE","Valencia/València","895",2
"BMW","F 900 GS ADVENTURE","Zaragoza","895",1
"BMW","F 900 R","Alicante/Alacant","895",1
"BMW","F 900 R","Asturias","895",1
"BMW","F 900 R","Barcelona","895",3
"BMW","F 900 R","Burgos","895",1
"BMW","F 900 R","Cádiz","895",1
"BMW","F 900 R","Cantabria","895",1
"BMW","F 900 R","Guadalajara","895",1
"BMW","F 900 R","Madrid","895",5
"BMW","F 900 R","Málaga","895",1
"BMW","F 900 R","Murcia","895",1
"BMW","F 900 R","Sevilla","895",1
"BMW","F 900 R","Valencia/València","895",4
"BMW","F 900 R A2","Alicante/Alacant","895",1
"BMW","F 900 R A2","Sevilla","895",1
"BMW","F 900 XR","Barcelona","895",2
"BMW","F 900 XR","Córdoba","895",1
"BMW","F 900 XR","Madrid","895",1
"BMW","F 900 XR","Navarra","895",1
"BMW","F 900 XR","Tarragona","895",1
"BMW","F 900 XR","Valencia/València","895",1
"BMW","F 900 XR A2","Badajoz","895",1
"BMW","F 900 XR A2","Madrid","895",4
"BMW","F 900 XR A2","Zaragoza","895",1
"BMW","G 310 GS","Badajoz","313",1
"BMW","G 310 GS","Barcelona","313",2
"BMW","G 310 GS","Girona","313",1
"BMW","G 310 GS","Tarragona","313",2
"BMW","G 310 R","Barcelona","313",1
"BMW","G 310 R","Bizkaia","313",1
"BMW","G 310 R","Coruña (A)","313",1
"BMW","G 310 R","Lleida","313",1
"BMW","G 310 R","Madrid","313",1
"BMW","G 310 R","Pontevedra","313",1
"BMW","G 310 R","Valladolid","313",1
"BMW","K 1600 B","Barcelona","1649",1
"BMW","K 1600 B","Granada","1649",1
"BMW","K 1600 B","Madrid","1649",1
"BMW","K 1600 GT","Alicante/Alacant","1649",2
"BMW","K 1600 GT","Illes Balears","1649",1
"BMW","K 1600 GT","Madrid","1649",1
"BMW","K 1600 GT","Tarragona","1649",1
"BMW","K 1600 GTL","Barcelona","1649",1
"BMW","K 1600 GTL","Coruña (A)","1649",1
"BMW","K 1600 GTL","Murcia","1649",1
"BMW","K 1600 GTL","Valencia/València","1649",1
"BMW","M 1000 R","Alicante/Alacant","999",1
"BMW","M 1000 R","Madrid","999",1
"BMW","M 1000 RR","Madrid","999",1
"BMW","M 1000 XR","Alicante/Alacant","999",1
"BMW","M 1000 XR","Badajoz","999",1
"BMW","M 1000 XR","Barcelona","999",9
"BMW","M 1000 XR","Burgos","999",1
"BMW","M 1000 XR","Cádiz","999",2
"BMW","M 1000 XR","Coruña (A)","999",1
"BMW","M 1000 XR","Cuenca","999",1
"BMW","M 1000 XR","Gipuzkoa","999",3
"BMW","M 1000 XR","Huelva","999",1
"BMW","M 1000 XR","Lleida","999",1
"BMW","M 1000 XR","Lugo","999",1
"BMW","M 1000 XR","Madrid","999",5
"BMW","M 1000 XR","Málaga","999",1
"BMW","M 1000 XR","Ourense","999",2
"BMW","M 1000 XR","Palmas (Las)","999",3
"BMW","M 1000 XR","Pontevedra","999",3
"BMW","M 1000 XR","Rioja (La)","999",2
"BMW","M 1000 XR","Sevilla","999",2
"BMW","M 1000 XR","Tarragona","999",1
"BMW","M 1000 XR","Valencia/València","999",1
"BMW","M 1000 XR","Zamora","999",1
"BMW","M 1000 XR","Zaragoza","999",1
"BMW","R 12","Alicante/Alacant","1170",2
"BMW","R 12","Almería","1170",1
"BMW","R 12","Asturias","1170",1
"BMW","R 12","Barcelona","1170",3
"BMW","R 12","Cantabria","1170",1
"BMW","R 12","Madrid","1170",5
"BMW","R 12","Valencia/València","1170",1
"BMW","R 12 NINET","Asturias","1170",1
"BMW","R 12 NINET","Bizkaia","1170",1
"BMW","R 12 NINET","Cantabria","1170",1
"BMW","R 12 NINET","Girona","1170",1
"BMW","R 12 NINET","Lugo","1170",1
"BMW","R 12 NINET","Madrid","1170",2
"BMW","R 12 NINET","Málaga","1170",2
"BMW","R 12 NINET","Tarragona","1170",1
"BMW","R 12 NINET","Valencia/València","1170",2
"BMW","R 12 NINET A2","Santa Cruz de Tenerife","1170",1
"BMW","R 1250 GS ADVENTURE","Alicante/Alacant","1254",1
"BMW","R 1250 GS ADVENTURE","Gipuzkoa","1254",1
"BMW","R 1250 GS ADVENTURE","Santa Cruz de Tenerife","1254",1
"BMW","R 1250 GS ADVENTURE","Sevilla","1254",1
"BMW","R 1250 R","Madrid","1254",2
"BMW","R 1250 R","Málaga","1254",1
"BMW","R 1250 R","Sevilla","1254",1
"BMW","R 1250 R","Valencia/València","1254",2
"BMW","R 1250 RS","Badajoz","1254",1
"BMW","R 1250 RS","Barcelona","1254",1
"BMW","R 1250 RS","Girona","1254",1
"BMW","R 1250 RS","Illes Balears","1254",1
"BMW","R 1250 RS","Madrid","1254",1
"BMW","R 1250 RS","Valencia/València","1254",1
"BMW","R 1250 RS","Zaragoza","1254",1
"BMW","R 1250 RT","Alicante/Alacant","1254",2
"BMW","R 1250 RT","Almería","1254",2
"BMW","R 1250 RT","Asturias","1254",1
"BMW","R 1250 RT","Badajoz","1254",1
"BMW","R 1250 RT","Barcelona","1254",3
"BMW","R 1250 RT","Cádiz","1254",3
"BMW","R 1250 RT","Cantabria","1254",1
"BMW","R 1250 RT","Córdoba","1254",2
"BMW","R 1250 RT","Granada","1254",1
"BMW","R 1250 RT","Guadalajara","1254",2
"BMW","R 1250 RT","Illes Balears","1254",2
"BMW","R 1250 RT","León","1254",1
"BMW","R 1250 RT","Madrid","1254",12
"BMW","R 1250 RT","Málaga","1254",1
"BMW","R 1250 RT","Murcia","1254",2
"BMW","R 1250 RT","Navarra","1254",1
"BMW","R 1250 RT","Ourense","1254",1
"BMW","R 1250 RT","Palmas (Las)","1254",1
"BMW","R 1250 RT","Rioja (La)","1254",1
"BMW","R 1250 RT","Sevilla","1254",2
"BMW","R 1250 RT","Toledo","1254",1
"BMW","R 1250 RT","Valencia/València","1254",4
"BMW","R 1250 RT","Valladolid","1254",2
"BMW","R 1250 RT","Zaragoza","1254",1
"BMW","R 1300 GS","Álava/Araba","1300",1
"BMW","R 1300 GS","Alicante/Alacant","1300",5
"BMW","R 1300 GS","Almería","1300",2
"BMW","R 1300 GS","Asturias","1300",4
"BMW","R 1300 GS","Badajoz","1300",2
"BMW","R 1300 GS","Barcelona","1300",42
"BMW","R 1300 GS","Bizkaia","1300",1
"BMW","R 1300 GS","Burgos","1300",1
"BMW","R 1300 GS","Cádiz","1300",5
"BMW","R 1300 GS","Cantabria","1300",2
"BMW","R 1300 GS","Castellón/Castelló","1300",2
"BMW","R 1300 GS","Ciudad Real","1300",1
"BMW","R 1300 GS","Coruña (A)","1300",2
"BMW","R 1300 GS","Girona","1300",4
"BMW","R 1300 GS","Granada","1300",4
"BMW","R 1300 GS","Guadalajara","1300",1
"BMW","R 1300 GS","Huesca","1300",2
"BMW","R 1300 GS","Illes Balears","1300",5
"BMW","R 1300 GS","León","1300",1
"BMW","R 1300 GS","Lleida","1300",1
"BMW","R 1300 GS","Madrid","1300",34
"BMW","R 1300 GS","Málaga","1300",5
"BMW","R 1300 GS","Murcia","1300",4
"BMW","R 1300 GS","Navarra","1300",1
"BMW","R 1300 GS","Pontevedra","1300",2
"BMW","R 1300 GS","Santa Cruz de Tenerife","1300",5
"BMW","R 1300 GS","Sevilla","1300",4
"BMW","R 1300 GS","Tarragona","1300",2
"BMW","R 1300 GS","Teruel","1300",1
"BMW","R 1300 GS","Toledo","1300",1
"BMW","R 1300 GS","Valencia/València","1300",17
"BMW","R 1300 GS","Valladolid","1300",1
"BMW","R 1300 GS","Zaragoza","1300",2
"BMW","R 1300 GS ADVENTURE","Álava/Araba","1300",1
"BMW","R 1300 GS ADVENTURE","Albacete","1300",1
"BMW","R 1300 GS ADVENTURE","Alicante/Alacant","1300",11
"BMW","R 1300 GS ADVENTURE","Almería","1300",1
"BMW","R 1300 GS ADVENTURE","Asturias","1300",5
"BMW","R 1300 GS ADVENTURE","Ávila","1300",1
"BMW","R 1300 GS ADVENTURE","Badajoz","1300",1
"BMW","R 1300 GS ADVENTURE","Barcelona","1300",26
"BMW","R 1300 GS ADVENTURE","Bizkaia","1300",3
"BMW","R 1300 GS ADVENTURE","Burgos","1300",1
"BMW","R 1300 GS ADVENTURE","Cádiz","1300",1
"BMW","R 1300 GS ADVENTURE","Cantabria","1300",1
"BMW","R 1300 GS ADVENTURE","Castellón/Castelló","1300",2
"BMW","R 1300 GS ADVENTURE","Ceuta","1300",1
"BMW","R 1300 GS ADVENTURE","Ciudad Real","1300",3
"BMW","R 1300 GS ADVENTURE","Córdoba","1300",7
"BMW","R 1300 GS ADVENTURE","Coruña (A)","1300",1
"BMW","R 1300 GS ADVENTURE","Gipuzkoa","1300",1
"BMW","R 1300 GS ADVENTURE","Girona","1300",3
"BMW","R 1300 GS ADVENTURE","Granada","1300",5
"BMW","R 1300 GS ADVENTURE","Guadalajara","1300",2
"BMW","R 1300 GS ADVENTURE","Huelva","1300",1
"BMW","R 1300 GS ADVENTURE","Illes Balears","1300",2
"BMW","R 1300 GS ADVENTURE","Jaén","1300",1
"BMW","R 1300 GS ADVENTURE","León","1300",2
"BMW","R 1300 GS ADVENTURE","Lleida","1300",4
"BMW","R 1300 GS ADVENTURE","Madrid","1300",20
"BMW","R 1300 GS ADVENTURE","Málaga","1300",7
"BMW","R 1300 GS ADVENTURE","Murcia","1300",5
"BMW","R 1300 GS ADVENTURE","Palmas (Las)","1300",3
"BMW","R 1300 GS ADVENTURE","Pontevedra","1300",3
"BMW","R 1300 GS ADVENTURE","Rioja (La)","1300",3
"BMW","R 1300 GS ADVENTURE","Salamanca","1300",1
"BMW","R 1300 GS ADVENTURE","Santa Cruz de Tenerife","1300",4
"BMW","R 1300 GS ADVENTURE","Segovia","1300",1
"BMW","R 1300 GS ADVENTURE","Sevilla","1300",3
"BMW","R 1300 GS ADVENTURE","Soria","1300",1
"BMW","R 1300 GS ADVENTURE","Tarragona","1300",2
"BMW","R 1300 GS ADVENTURE","Toledo","1300",1
"BMW","R 1300 GS ADVENTURE","Valencia/València","1300",14
"BMW","R 1300 GS ADVENTURE","Valladolid","1300",4
"BMW","R 1300 GS ADVENTURE","Zaragoza","1300",2
"BMW","R 18","Valencia/València","1802",1
"BMW","R 18","Zaragoza","1802",1
"BMW","R 18 CLASSIC","Pontevedra","1802",1
"BMW","R 18 CLASSIC","Segovia","1802",1
"BMW","R 18 CLASSIC","Tarragona","1802",1
"BMW","R 18 TRANSCONTINENTAL","Valladolid","1802",1
"BMW","R NINE T PURE","Cáceres","1170",1
"BMW","S 1000 R","Madrid","999",1
"BMW","S 1000 RR","Alicante/Alacant","999",1
"BMW","S 1000 RR","Asturias","999",1
"BMW","S 1000 RR","Barcelona","999",3
"BMW","S 1000 RR","Cáceres","999",2
"BMW","S 1000 RR","Cádiz","999",2
"BMW","S 1000 RR","Coruña (A)","999",1
"BMW","S 1000 RR","Gipuzkoa","999",1
"BMW","S 1000 RR","Granada","999",1
"BMW","S 1000 RR","Illes Balears","999",1
"BMW","S 1000 RR","León","999",1
"BMW","S 1000 RR","Lleida","999",1
"BMW","S 1000 RR","Madrid","999",8
"BMW","S 1000 RR","Málaga","999",2
"BMW","S 1000 RR","Murcia","999",1
"BMW","S 1000 RR","Navarra","999",1
"BMW","S 1000 RR","Sevilla","999",2
"BMW","S 1000 RR","Toledo","999",1
"BMW","S 1000 RR","Valencia/València","999",3
"BMW","S 1000 RR","Zaragoza","999",2
"BMW","S 1000 XR","Álava/Araba","999",1
"BMW","S 1000 XR","Alicante/Alacant","999",4
"BMW","S 1000 XR","Almería","999",1
"BMW","S 1000 XR","Asturias","999",1
"BMW","S 1000 XR","Barcelona","999",6
"BMW","S 1000 XR","Girona","999",1
"BMW","S 1000 XR","Granada","999",2
"BMW","S 1000 XR","Illes Balears","999",1
"BMW","S 1000 XR","Madrid","999",6
"BMW","S 1000 XR","Málaga","999",1
"BMW","S 1000 XR","Murcia","999",2
"BMW","S 1000 XR","Santa Cruz de Tenerife","999",2
"BMW","S 1000 XR","Sevilla","999",1
"BMW","S 1000 XR","Tarragona","999",1
"BMW","S 1000 XR","Valencia/València","999",5
"BMW","S 1000 XR","Zaragoza","999",1
"BRIXTON","CROMWELL 125","Bizkaia","125",1
"BRIXTON","CROMWELL 125","Palmas (Las)","125",2
"BRIXTON","CROSSFIRE 125","Ciudad Real","124",1
"BRIXTON","CROSSFIRE 500","Santa Cruz de Tenerife","486",1
"BRIXTON","CROSSFIRE125XS","Santa Cruz de Tenerife","125",1
"BRIXTON","FELSBERG 125","Alicante/Alacant","125",1
"BRIXTON","FELSBERG 125 ABS","Valencia/València","125",1
"BRIXTON","FELSBERG XC","Murcia","125",1
"BRIXTON","SUNRAY 125 ABS","Coruña (A)","125",1
"CFMOTO","300CL-X","Barcelona","292",1
"CFMOTO","300CL-X","Ciudad Real","292",1
"CFMOTO","300CL-X","Madrid","292",1
"CFMOTO","300CL-X","Palencia","292",1
"CFMOTO","300NK","Ourense","292",1
"CFMOTO","300SR","Ciudad Real","292",1
"CFMOTO","450CL-C","Barcelona","449",1
"CFMOTO","450CL-C","Madrid","449",1
"CFMOTO","450MT","Barcelona","449",3
"CFMOTO","450MT","Bizkaia","449",1
"CFMOTO","450MT","Castellón/Castelló","449",1
"CFMOTO","450MT","Córdoba","449",1
"CFMOTO","450MT","Madrid","449",2
"CFMOTO","450MT","Málaga","449",1
"CFMOTO","450MT","Teruel","449",1
"CFMOTO","450NK","Asturias","449",1
"CFMOTO","450NK","Lleida","449",1
"CFMOTO","450SR S","Lleida","449",1
"CFMOTO","650NK","Madrid","649",1
"CFMOTO","700CL-X ADV","Bizkaia","693",1
"CFMOTO","700CL-X HERITAGE","Coruña (A)","693",1
"CFMOTO","700CL-X SPORT","Murcia","693",1
"CFMOTO","700MT","Córdoba","693",1
"CFMOTO","700MT","Illes Balears","693",1
"CFMOTO","700MT","Madrid","693",1
"CFMOTO","700MT","Málaga","693",1
"CFMOTO","700MT","Valencia/València","693",1
"CFMOTO","800MT","Albacete","799",1
"CFMOTO","800MT","Alicante/Alacant","799",1
"CFMOTO","800MT","Asturias","799",1
"CFMOTO","800MT","Barcelona","799",3
"CFMOTO","800MT","Bizkaia","799",1
"CFMOTO","800MT","Cádiz","799",2
"CFMOTO","800MT","Granada","799",1
"CFMOTO","800MT","Illes Balears","799",1
"CFMOTO","800MT","Madrid","799",3
"CFMOTO","800MT","Málaga","799",3
"CFMOTO","800MT","Murcia","799",2
"CFMOTO","800MT","Palencia","799",1
"CFMOTO","800MT","Salamanca","799",1
"CFMOTO","800MT","Sevilla","799",1
"CFMOTO","800MT","Tarragona","799",1
"CFMOTO","800MT","Valencia/València","799",1
"CFMOTO","800NK","Murcia","799",1
"CYCLONE","LS-Z","Almería","124",1
"CYCLONE","LS-Z","Badajoz","124",1
"CYCLONE","LS-Z","Barcelona","124",1
"CYCLONE","LS-Z","Cádiz","124",2
"CYCLONE","LS-Z","Guadalajara","124",1
"CYCLONE","LS-Z","Huesca","124",1
"CYCLONE","LS-Z","Madrid","124",1
"CYCLONE","LS-Z","Málaga","124",1
"CYCLONE","LS-Z","Ourense","124",1
"CYCLONE","LS-Z","Valencia/València","124",4
"CYCLONE","RX1","Madrid","124",1
"CYCLONE","RX1","Sevilla","124",2
"CYCLONE","RX1","Valencia/València","124",2
"CYCLONE","RX401","Bizkaia","401",1
"CYCLONE","RX401","Lleida","401",1
"CYCLONE","RX401","Toledo","401",1
"DAELIM","S16 O LW125P","Barcelona","124",1
"DUCATI","DESERT X","Granada","937",1
"DUCATI","DESERT X","Ourense","937",1
"DUCATI","DESERT X","Valencia/València","937",2
"DUCATI","DESERT X RALLY","Granada","937",1
"DUCATI","DESERT X RALLY","Málaga","937",1
"DUCATI","DUCATI SCRAMBLER","Alicante/Alacant","803",1
"DUCATI","DUCATI SCRAMBLER","Barcelona","803",3
"DUCATI","DUCATI SCRAMBLER","Cáceres","803",1
"DUCATI","DUCATI SCRAMBLER","Cádiz","803",1
"DUCATI","DUCATI SCRAMBLER","Huelva","803",1
"DUCATI","DUCATI SCRAMBLER","Madrid","803",4
"DUCATI","DUCATI SCRAMBLER","Pontevedra","803",1
"DUCATI","DUCATI SCRAMBLER","Santa Cruz de Tenerife","803",3
"DUCATI","DUCATI SCRAMBLER","Sevilla","803",1
"DUCATI","DUCATI SCRAMBLER","Tarragona","803",1
"DUCATI","DUCATI SCRAMBLER","Valencia/València","803",1
"DUCATI","HYPERMOTARD 698 MONO","Barcelona","659",3
"DUCATI","HYPERMOTARD 698 MONO","Lugo","659",1
"DUCATI","HYPERMOTARD 698 MONO","Madrid","659",2
"DUCATI","HYPERMOTARD 698 MONO","Santa Cruz de Tenerife","659",2
"DUCATI","HYPERMOTARD 698 MONO","Valencia/València","659",1
"DUCATI","HYPERMOTARD 950","Barcelona","937",1
"DUCATI","HYPERMOTARD 950","Madrid","937",1
"DUCATI","HYPERMOTARD 950","Palmas (Las)","937",1
"DUCATI","MONSTER","Cádiz","937",2
"DUCATI","MONSTER","Málaga","937",1
"DUCATI","MONSTER","Zaragoza","937",1
"DUCATI","MULTISTRADA V2","Alicante/Alacant","890",2
"DUCATI","MULTISTRADA V2","Barcelona","890",9
"DUCATI","MULTISTRADA V2","Bizkaia","890",2
"DUCATI","MULTISTRADA V2","Coruña (A)","890",1
"DUCATI","MULTISTRADA V2","Granada","890",1
"DUCATI","MULTISTRADA V2","Jaén","890",1
"DUCATI","MULTISTRADA V2","Madrid","890",5
"DUCATI","MULTISTRADA V2","Málaga","890",2
"DUCATI","MULTISTRADA V2","Navarra","890",2
"DUCATI","MULTISTRADA V2","Palmas (Las)","890",2
"DUCATI","MULTISTRADA V2","Santa Cruz de Tenerife","890",1
"DUCATI","MULTISTRADA V2","Tarragona","890",2
"DUCATI","MULTISTRADA V2","Zaragoza","890",2
"DUCATI","MULTISTRADA V4","Alicante/Alacant","1158",2
"DUCATI","MULTISTRADA V4","Barcelona","1158",6
"DUCATI","MULTISTRADA V4","Burgos","1158",1
"DUCATI","MULTISTRADA V4","Cantabria","1158",1
"DUCATI","MULTISTRADA V4","Castellón/Castelló","1158",1
"DUCATI","MULTISTRADA V4","Ciudad Real","1158",1
"DUCATI","MULTISTRADA V4","Córdoba","1158",2
"DUCATI","MULTISTRADA V4","Girona","1158",2
"DUCATI","MULTISTRADA V4","Granada","1158",1
"DUCATI","MULTISTRADA V4","Jaén","1158",2
"DUCATI","MULTISTRADA V4","Madrid","1158",9
"DUCATI","MULTISTRADA V4","Ourense","1158",1
"DUCATI","MULTISTRADA V4","Palmas (Las)","1158",2
"DUCATI","MULTISTRADA V4","Pontevedra","1158",2
"DUCATI","MULTISTRADA V4","Tarragona","1158",1
"DUCATI","MULTISTRADA V4","Toledo","1158",2
"DUCATI","MULTISTRADA V4","Zaragoza","1158",1
"DUCATI","PANIGALE V2","Murcia","955",1
"DUCATI","PANIGALE V4","Álava/Araba","1103",1
"DUCATI","PANIGALE V4","Albacete","1103",1
"DUCATI","PANIGALE V4","Almería","1103",1
"DUCATI","PANIGALE V4","Bizkaia","1103",1
"DUCATI","PANIGALE V4","Cantabria","1103",1
"DUCATI","PANIGALE V4","Madrid","1103",2
"DUCATI","PANIGALE V4","Tarragona","1103",1
"DUCATI","PANIGALE V4S","Álava/Araba","1103",1
"DUCATI","STREETFIGHTER","Alicante/Alacant","1103",1
"DUCATI","STREETFIGHTER","Barcelona","1103",3
"DUCATI","STREETFIGHTER","Cantabria","1103",1
"DUCATI","STREETFIGHTER","Lleida","1103",1
"DUCATI","STREETFIGHTER","Madrid","1103",1
"DUCATI","STREETFIGHTER","Palmas (Las)","1103",1
"DUCATI","STREETFIGHTER","Santa Cruz de Tenerife","1103",1
"DUCATI","STREETFIGHTER","Toledo","1103",1
"DUCATI","SUPERSPORT 950","Madrid","937",1
"EFUN","PUMA","Barcelona","125",3
"EFUN","PUMA","Cantabria","125",2
"EFUN","PUMA","Castellón/Castelló","125",1
"EFUN","PUMA","Madrid","125",1
"EFUN","PUMA","Sevilla","125",1
"EFUN","PUSA 90","Madrid","125",1
"F.B MONDIAL","IMOLA","Alicante/Alacant","125",1
"F.B MONDIAL","IMOLA","Santa Cruz de Tenerife","125",1
"F.B MONDIAL","PIEGA 452","Barcelona","450",1
"F.B MONDIAL","PIEGA 452","Córdoba","450",1
"F.B MONDIAL","PIEGA 452","Illes Balears","450",1
"FANTIC MOTOR","---","Alicante/Alacant","125",2
"FANTIC MOTOR","---","Badajoz","125",1
"FANTIC MOTOR","---","Burgos","125",1
"FANTIC MOTOR","---","Cuenca","125",1
"FANTIC MOTOR","---","Girona","125",1
"FANTIC MOTOR","---","Granada","125",1
"FANTIC MOTOR","---","Guadalajara","125",1
"FANTIC MOTOR","---","Huelva","125",1
"FANTIC MOTOR","---","Lleida","125",1
"FANTIC MOTOR","---","Lugo","125",1
"FANTIC MOTOR","---","Madrid","125",6
"FANTIC MOTOR","---","Málaga","125",3
"FANTIC MOTOR","---","Murcia","125",1
"FANTIC MOTOR","---","Ourense","125",1
"FANTIC MOTOR","---","Pontevedra","125",2
"FANTIC MOTOR","---","Santa Cruz de Tenerife","125",3
"FANTIC MOTOR","---","Toledo","125",1
"FANTIC MOTOR","---","Valencia/València","125",2
"GASGAS","EC 250","Barcelona","249",1
"GASGAS","EC 300","Barcelona","293",1
"GASGAS","EC 300","Granada","293",1
"GASGAS","EC 300","Navarra","293",1
"GASGAS","EC 300","Santa Cruz de Tenerife","293",1
"GASGAS","EC 350F","Guadalajara","350",1
"GASGAS","EC 450F","Madrid","450",1
"GASGAS","EC 450F","Murcia","450",1
"GASGAS","EC 450F","Navarra","450",1
"GASGAS","EC 500F","Tarragona","510",1
"GASGAS","GASGAS ES 700","Cádiz","693",1
"GASGAS","GASGAS ES 700","Granada","693",1
"GASGAS","GASGAS ES 700","Lleida","693",1
"GASGAS","GASGAS ES 700","Madrid","693",3
"GASGAS","GASGAS ES 700","Santa Cruz de Tenerife","693",1
"GASGAS","GASGAS ES 700","Valladolid","693",1
"GASGAS","TXT 125","Girona","125",1
"GASGAS","TXT 250","Gipuzkoa","248",1
"GASGAS","TXT 280","Málaga","272",1
"GASGAS","TXT 300","Cantabria","294",1
"GASGAS","TXT 300","Madrid","294",1
"GUZZI-HISPANIA","65","Valencia/València","65",1
"HARLEY-DAVIDSON","BREAKOUT","Barcelona","1923",1
"HARLEY-DAVIDSON","CVO ROAD GLIDE","Barcelona","1977",1
"HARLEY-DAVIDSON","CVO ROAD GLIDE","Bizkaia","1977",1
"HARLEY-DAVIDSON","CVO STREET GLIDE","Barcelona","1977",1
"HARLEY-DAVIDSON","CVO STREET GLIDE","Valencia/València","1977",1
"HARLEY-DAVIDSON","FAT BOB 114","Barcelona","1868",1
"HARLEY-DAVIDSON","FAT BOB 114","Valencia/València","1868",2
"HARLEY-DAVIDSON","FAT BOY 114","Málaga","1868",2
"HARLEY-DAVIDSON","FAT BOY 114","Palencia","1868",1
"HARLEY-DAVIDSON","FAT BOY 114","Tarragona","1868",1
"HARLEY-DAVIDSON","FAT BOY 114","Valencia/València","1868",1
"HARLEY-DAVIDSON","LOW RIDER S","Illes Balears","1923",1
"HARLEY-DAVIDSON","LOW RIDER ST","Madrid","1923",1
"HARLEY-DAVIDSON","LOW RIDER ST","Palencia","1923",1
"HARLEY-DAVIDSON","LOW RIDER ST","Zaragoza","1923",1
"HARLEY-DAVIDSON","NIGHTSTER SPECIAL","Alicante/Alacant","975",1
"HARLEY-DAVIDSON","NIGHTSTER SPECIAL","Barcelona","975",1
"HARLEY-DAVIDSON","NIGHTSTER SPECIAL","Granada","975",1
"HARLEY-DAVIDSON","NIGHTSTER SPECIAL","Madrid","975",2
"HARLEY-DAVIDSON","NIGHTSTER SPECIAL","Murcia","975",1
"HARLEY-DAVIDSON","PAN AMERICA 1250 SPECI","Madrid","1252",1
"HARLEY-DAVIDSON","PAN AMERICA 1250 ST","Barcelona","1252",2
"HARLEY-DAVIDSON","ROAD GLIDE","Alicante/Alacant","1923",1
"HARLEY-DAVIDSON","ROAD GLIDE","Cádiz","1923",1
"HARLEY-DAVIDSON","ROAD GLIDE","Málaga","1923",1
"HARLEY-DAVIDSON","ROAD GLIDE LIMITED","Alicante/Alacant","1868",1
"HARLEY-DAVIDSON","ROAD KING SPECIAL","Cantabria","1868",1
"HARLEY-DAVIDSON","SPORT GLIDE","Asturias","1745",1
"HARLEY-DAVIDSON","SPORT GLIDE","Barcelona","1745",1
"HARLEY-DAVIDSON","SPORT GLIDE","Navarra","1745",1
"HARLEY-DAVIDSON","SPORT GLIDE","Santa Cruz de Tenerife","1745",1
"HARLEY-DAVIDSON","SPORT GLIDE","Valencia/València","1745",1
"HARLEY-DAVIDSON","SPORTSTER S","Barcelona","1252",1
"HARLEY-DAVIDSON","SPORTSTER S","Madrid","1252",2
"HARLEY-DAVIDSON","SPORTSTER S","Sevilla","1252",1
"HARLEY-DAVIDSON","SPORTSTER S","Valencia/València","1252",2
"HARLEY-DAVIDSON","STREET GLIDE","Alicante/Alacant","1923",1
"HARLEY-DAVIDSON","STREET GLIDE","Gipuzkoa","1923",1
"HARLEY-DAVIDSON","STREET GLIDE","Madrid","1923",1
"HARLEY-DAVIDSON","STREET GLIDE","Málaga","1923",4
"HARLEY-DAVIDSON","STREET GLIDE","Palmas (Las)","1923",1
"HARLEY-DAVIDSON","STREET GLIDE","Sevilla","1923",1
"HARLEY-DAVIDSON","STREET GLIDE ULTRA","Alicante/Alacant","1923",1
"HARLEY-DAVIDSON","ULTRA LIMITED","Barcelona","1868",1
"HONDA","ADV 350","Álava/Araba","330",1
"HONDA","ADV 350","Albacete","330",4
"HONDA","ADV 350","Alicante/Alacant","330",19
"HONDA","ADV 350","Almería","330",4
"HONDA","ADV 350","Asturias","330",5
"HONDA","ADV 350","Barcelona","330",77
"HONDA","ADV 350","Bizkaia","330",4
"HONDA","ADV 350","Cádiz","330",12
"HONDA","ADV 350","Cantabria","330",3
"HONDA","ADV 350","Castellón/Castelló","330",4
"HONDA","ADV 350","Ceuta","330",3
"HONDA","ADV 350","Córdoba","330",5
"HONDA","ADV 350","Coruña (A)","330",1
"HONDA","ADV 350","Cuenca","330",1
"HONDA","ADV 350","Gipuzkoa","330",3
"HONDA","ADV 350","Girona","330",7
"HONDA","ADV 350","Granada","330",7
"HONDA","ADV 350","Huelva","330",1
"HONDA","ADV 350","Huesca","330",1
"HONDA","ADV 350","Illes Balears","330",12
"HONDA","ADV 350","León","330",3
"HONDA","ADV 350","Lleida","330",3
"HONDA","ADV 350","Lugo","330",1
"HONDA","ADV 350","Madrid","330",36
"HONDA","ADV 350","Málaga","330",28
"HONDA","ADV 350","Melilla","330",3
"HONDA","ADV 350","Murcia","330",10
"HONDA","ADV 350","Palmas (Las)","330",18
"HONDA","ADV 350","Pontevedra","330",3
"HONDA","ADV 350","Salamanca","330",1
"HONDA","ADV 350","Santa Cruz de Tenerife","330",17
"HONDA","ADV 350","Sevilla","330",11
"HONDA","ADV 350","Tarragona","330",6
"HONDA","ADV 350","Teruel","330",1
"HONDA","ADV 350","Toledo","330",1
"HONDA","ADV 350","Valencia/València","330",33
"HONDA","ADV 350","Zaragoza","330",3
"HONDA","ADV 750","Alicante/Alacant","745",10
"HONDA","ADV 750","Almería","745",2
"HONDA","ADV 750","Asturias","745",1
"HONDA","ADV 750","Badajoz","745",1
"HONDA","ADV 750","Barcelona","745",45
"HONDA","ADV 750","Bizkaia","745",5
"HONDA","ADV 750","Burgos","745",1
"HONDA","ADV 750","Cáceres","745",1
"HONDA","ADV 750","Cádiz","745",7
"HONDA","ADV 750","Cantabria","745",2
"HONDA","ADV 750","Castellón/Castelló","745",2
"HONDA","ADV 750","Ceuta","745",1
"HONDA","ADV 750","Ciudad Real","745",1
"HONDA","ADV 750","Coruña (A)","745",1
"HONDA","ADV 750","Gipuzkoa","745",2
"HONDA","ADV 750","Girona","745",7
"HONDA","ADV 750","Granada","745",4
"HONDA","ADV 750","Huelva","745",2
"HONDA","ADV 750","Illes Balears","745",6
"HONDA","ADV 750","Jaén","745",2
"HONDA","ADV 750","Lleida","745",1
"HONDA","ADV 750","Lugo","745",1
"HONDA","ADV 750","Madrid","745",13
"HONDA","ADV 750","Málaga","745",21
"HONDA","ADV 750","Melilla","745",4
"HONDA","ADV 750","Murcia","745",4
"HONDA","ADV 750","Palencia","745",1
"HONDA","ADV 750","Palmas (Las)","745",18
"HONDA","ADV 750","Santa Cruz de Tenerife","745",12
"HONDA","ADV 750","Sevilla","745",3
"HONDA","ADV 750","Tarragona","745",2
"HONDA","ADV 750","Valencia/València","745",16
"HONDA","ADV 750","Zaragoza","745",2
"HONDA","C125A","Alicante/Alacant","124",1
"HONDA","C125A","Barcelona","124",1
"HONDA","C125A","Bizkaia","124",1
"HONDA","C125A","Girona","124",1
"HONDA","C125A","Granada","124",1
"HONDA","C125A","Illes Balears","124",1
"HONDA","C125A","Zaragoza","124",1
"HONDA","CB 125 F","Alicante/Alacant","124",1
"HONDA","CB 125 F","Almería","124",1
"HONDA","CB 125 F","Ávila","124",1
"HONDA","CB 125 F","Barcelona","124",1
"HONDA","CB 125 F","Cantabria","124",1
"HONDA","CB 125 F","Girona","124",1
"HONDA","CB 125 F","Madrid","124",1
"HONDA","CB 125 F","Palmas (Las)","124",1
"HONDA","CB 125 F","Valencia/València","124",1
"HONDA","CB 500 F","Álava/Araba","471",1
"HONDA","CB 500 F","Almería","471",1
"HONDA","CB 500 F","Barcelona","471",7
"HONDA","CB 500 F","Bizkaia","471",1
"HONDA","CB 500 F","Cádiz","471",1
"HONDA","CB 500 F","Córdoba","471",1
"HONDA","CB 500 F","Madrid","471",3
"HONDA","CB 500 F","Málaga","471",1
"HONDA","CB 500 F","Murcia","471",1
"HONDA","CB 500 F","Santa Cruz de Tenerife","471",1
"HONDA","CB 500 F","Valencia/València","471",2
"HONDA","CB 500 X","Álava/Araba","471",1
"HONDA","CB 500 X","Alicante/Alacant","471",13
"HONDA","CB 500 X","Almería","471",1
"HONDA","CB 500 X","Asturias","471",3
"HONDA","CB 500 X","Barcelona","471",47
"HONDA","CB 500 X","Bizkaia","471",5
"HONDA","CB 500 X","Cáceres","471",1
"HONDA","CB 500 X","Cádiz","471",8
"HONDA","CB 500 X","Cantabria","471",2
"HONDA","CB 500 X","Castellón/Castelló","471",2
"HONDA","CB 500 X","Córdoba","471",5
"HONDA","CB 500 X","Coruña (A)","471",1
"HONDA","CB 500 X","Cuenca","471",1
"HONDA","CB 500 X","Gipuzkoa","471",3
"HONDA","CB 500 X","Girona","471",2
"HONDA","CB 500 X","Granada","471",2
"HONDA","CB 500 X","Guadalajara","471",2
"HONDA","CB 500 X","Huelva","471",2
"HONDA","CB 500 X","Illes Balears","471",6
"HONDA","CB 500 X","Jaén","471",1
"HONDA","CB 500 X","Lleida","471",2
"HONDA","CB 500 X","Madrid","471",25
"HONDA","CB 500 X","Málaga","471",14
"HONDA","CB 500 X","Murcia","471",8
"HONDA","CB 500 X","Ourense","471",1
"HONDA","CB 500 X","Palmas (Las)","471",4
"HONDA","CB 500 X","Pontevedra","471",3
"HONDA","CB 500 X","Salamanca","471",1
"HONDA","CB 500 X","Santa Cruz de Tenerife","471",5
"HONDA","CB 500 X","Sevilla","471",3
"HONDA","CB 500 X","Tarragona","471",5
"HONDA","CB 500 X","Toledo","471",1
"HONDA","CB 500 X","Valencia/València","471",15
"HONDA","CB 500 X","Valladolid","471",2
"HONDA","CB 500 X","Zaragoza","471",5
"HONDA","CB1000","Alicante/Alacant","1000",1
"HONDA","CB1000","Almería","1000",1
"HONDA","CB1000","Barcelona","1000",6
"HONDA","CB1000","Cantabria","1000",1
"HONDA","CB1000","Granada","1000",1
"HONDA","CB1000","Huesca","1000",1
"HONDA","CB1000","Illes Balears","1000",1
"HONDA","CB1000","Madrid","1000",5
"HONDA","CB1000","Málaga","1000",1
"HONDA","CB1000","Palmas (Las)","1000",1
"HONDA","CB1000","Santa Cruz de Tenerife","1000",1
"HONDA","CB1000","Segovia","1000",1
"HONDA","CB1000","Valencia/València","1000",4
"HONDA","CB1000RA","Barcelona","998",2
"HONDA","CB1000RA","Málaga","998",1
"HONDA","CB1000SP","Albacete","1000",1
"HONDA","CB1000SP","Alicante/Alacant","1000",4
"HONDA","CB1000SP","Almería","1000",2
"HONDA","CB1000SP","Barcelona","1000",19
"HONDA","CB1000SP","Cáceres","1000",2
"HONDA","CB1000SP","Coruña (A)","1000",1
"HONDA","CB1000SP","Gipuzkoa","1000",2
"HONDA","CB1000SP","Girona","1000",2
"HONDA","CB1000SP","Granada","1000",1
"HONDA","CB1000SP","Huelva","1000",1
"HONDA","CB1000SP","Illes Balears","1000",2
"HONDA","CB1000SP","Madrid","1000",5
"HONDA","CB1000SP","Málaga","1000",5
"HONDA","CB1000SP","Navarra","1000",1
"HONDA","CB1000SP","Palmas (Las)","1000",5
"HONDA","CB1000SP","Rioja (La)","1000",1
"HONDA","CB1000SP","Santa Cruz de Tenerife","1000",4
"HONDA","CB1000SP","Sevilla","1000",1
"HONDA","CB1000SP","Tarragona","1000",2
"HONDA","CB1000SP","Valencia/València","1000",6
"HONDA","CB1000SP","Zaragoza","1000",1
"HONDA","CB650RA","Álava/Araba","649",1
"HONDA","CB650RA","Alicante/Alacant","649",4
"HONDA","CB650RA","Almería","649",1
"HONDA","CB650RA","Asturias","649",1
"HONDA","CB650RA","Badajoz","649",3
"HONDA","CB650RA","Barcelona","649",14
"HONDA","CB650RA","Bizkaia","649",3
"HONDA","CB650RA","Burgos","649",1
"HONDA","CB650RA","Cádiz","649",5
"HONDA","CB650RA","Castellón/Castelló","649",1
"HONDA","CB650RA","Ciudad Real","649",1
"HONDA","CB650RA","Coruña (A)","649",2
"HONDA","CB650RA","Gipuzkoa","649",2
"HONDA","CB650RA","Girona","649",2
"HONDA","CB650RA","Granada","649",1
"HONDA","CB650RA","Illes Balears","649",4
"HONDA","CB650RA","Lleida","649",1
"HONDA","CB650RA","Madrid","649",8
"HONDA","CB650RA","Málaga","649",2
"HONDA","CB650RA","Murcia","649",4
"HONDA","CB650RA","Navarra","649",2
"HONDA","CB650RA","Palmas (Las)","649",4
"HONDA","CB650RA","Pontevedra","649",2
"HONDA","CB650RA","Rioja (La)","649",1
"HONDA","CB650RA","Santa Cruz de Tenerife","649",3
"HONDA","CB650RA","Sevilla","649",2
"HONDA","CB650RA","Tarragona","649",2
"HONDA","CB650RA","Valencia/València","649",14
"HONDA","CB650RA","Zaragoza","649",1
"HONDA","CB750 Hornet","Álava/Araba","755",1
"HONDA","CB750 Hornet","Alicante/Alacant","755",2
"HONDA","CB750 Hornet","Asturias","755",1
"HONDA","CB750 Hornet","Ávila","755",1
"HONDA","CB750 Hornet","Barcelona","755",19
"HONDA","CB750 Hornet","Bizkaia","755",1
"HONDA","CB750 Hornet","Cáceres","755",1
"HONDA","CB750 Hornet","Cádiz","755",9
"HONDA","CB750 Hornet","Castellón/Castelló","755",1
"HONDA","CB750 Hornet","Coruña (A)","755",2
"HONDA","CB750 Hornet","Granada","755",1
"HONDA","CB750 Hornet","Illes Balears","755",2
"HONDA","CB750 Hornet","Lleida","755",1
"HONDA","CB750 Hornet","Lugo","755",1
"HONDA","CB750 Hornet","Madrid","755",5
"HONDA","CB750 Hornet","Málaga","755",5
"HONDA","CB750 Hornet","Murcia","755",3
"HONDA","CB750 Hornet","Navarra","755",1
"HONDA","CB750 Hornet","Palmas (Las)","755",2
"HONDA","CB750 Hornet","Santa Cruz de Tenerife","755",5
"HONDA","CB750 Hornet","Sevilla","755",1
"HONDA","CB750 Hornet","Tarragona","755",3
"HONDA","CB750 Hornet","Valencia/València","755",7
"HONDA","CB750 Hornet","Valladolid","755",1
"HONDA","CB750 Hornet","Zamora","755",1
"HONDA","CB750 Hornet","Zaragoza","755",1
"HONDA","CBF 125","Alicante/Alacant","125",3
"HONDA","CBF 125","Almería","125",1
"HONDA","CBF 125","Barcelona","125",4
"HONDA","CBF 125","Bizkaia","125",2
"HONDA","CBF 125","Cádiz","125",1
"HONDA","CBF 125","Ciudad Real","125",1
"HONDA","CBF 125","Coruña (A)","125",1
"HONDA","CBF 125","Cuenca","125",1
"HONDA","CBF 125","Gipuzkoa","125",1
"HONDA","CBF 125","Illes Balears","125",3
"HONDA","CBF 125","Madrid","125",1
"HONDA","CBF 125","Málaga","125",5
"HONDA","CBF 125","Murcia","125",2
"HONDA","CBF 125","Palmas (Las)","125",4
"HONDA","CBF 125","Pontevedra","125",1
"HONDA","CBF 125","Santa Cruz de Tenerife","125",5
"HONDA","CBF 125","Sevilla","125",2
"HONDA","CBF 125","Tarragona","125",1
"HONDA","CBF 125","Teruel","125",1
"HONDA","CBF 125","Toledo","125",1
"HONDA","CBF 125","Valencia/València","125",2
"HONDA","CBF 125","Zaragoza","125",1
"HONDA","CBF300NA","Alicante/Alacant","286",2
"HONDA","CBF300NA","Badajoz","286",2
"HONDA","CBF300NA","Barcelona","286",2
"HONDA","CBF300NA","Cádiz","286",1
"HONDA","CBF300NA","Córdoba","286",1
"HONDA","CBF300NA","Madrid","286",8
"HONDA","CBF300NA","Málaga","286",2
"HONDA","CBF300NA","Murcia","286",1
"HONDA","CBF300NA","Valencia/València","286",3
"HONDA","CBR 650 R","Álava/Araba","649",1
"HONDA","CBR 650 R","Alicante/Alacant","649",7
"HONDA","CBR 650 R","Almería","649",2
"HONDA","CBR 650 R","Badajoz","649",3
"HONDA","CBR 650 R","Barcelona","649",16
"HONDA","CBR 650 R","Cantabria","649",1
"HONDA","CBR 650 R","Castellón/Castelló","649",3
"HONDA","CBR 650 R","Córdoba","649",1
"HONDA","CBR 650 R","Girona","649",1
"HONDA","CBR 650 R","Granada","649",2
"HONDA","CBR 650 R","Huelva","649",1
"HONDA","CBR 650 R","Illes Balears","649",3
"HONDA","CBR 650 R","Jaén","649",4
"HONDA","CBR 650 R","Lleida","649",2
"HONDA","CBR 650 R","Madrid","649",12
"HONDA","CBR 650 R","Málaga","649",8
"HONDA","CBR 650 R","Murcia","649",4
"HONDA","CBR 650 R","Navarra","649",1
"HONDA","CBR 650 R","Palmas (Las)","649",3
"HONDA","CBR 650 R","Pontevedra","649",4
"HONDA","CBR 650 R","Salamanca","649",1
"HONDA","CBR 650 R","Sevilla","649",1
"HONDA","CBR 650 R","Tarragona","649",3
"HONDA","CBR 650 R","Valencia/València","649",19
"HONDA","CBR 650 R","Valladolid","649",1
"HONDA","CBR 650 R","Zaragoza","649",1
"HONDA","CBR1000","Albacete","1000",1
"HONDA","CBR1000","Barcelona","1000",1
"HONDA","CBR1000","Coruña (A)","1000",1
"HONDA","CBR1000","Gipuzkoa","1000",1
"HONDA","CBR1000","Huelva","1000",1
"HONDA","CBR500","Álava/Araba","471",1
"HONDA","CBR500","Alicante/Alacant","471",2
"HONDA","CBR500","Barcelona","471",12
"HONDA","CBR500","Cádiz","471",3
"HONDA","CBR500","Cantabria","471",1
"HONDA","CBR500","Granada","471",1
"HONDA","CBR500","Illes Balears","471",1
"HONDA","CBR500","León","471",1
"HONDA","CBR500","Madrid","471",6
"HONDA","CBR500","Málaga","471",2
"HONDA","CBR500","Murcia","471",1
"HONDA","CBR500","Rioja (La)","471",1
"HONDA","CBR500","Salamanca","471",1
"HONDA","CBR500","Santa Cruz de Tenerife","471",2
"HONDA","CBR500","Tarragona","471",1
"HONDA","CBR500","Valencia/València","471",4
"HONDA","CBR500","Zaragoza","471",1
"HONDA","CBR600R3","Alicante/Alacant","599",2
"HONDA","CBR600R3","Almería","599",1
"HONDA","CBR600R3","Asturias","599",1
"HONDA","CBR600R3","Barcelona","599",8
"HONDA","CBR600R3","Bizkaia","599",1
"HONDA","CBR600R3","Girona","599",1
"HONDA","CBR600R3","Guadalajara","599",1
"HONDA","CBR600R3","Illes Balears","599",1
"HONDA","CBR600R3","Jaén","599",1
"HONDA","CBR600R3","Madrid","599",6
"HONDA","CBR600R3","Málaga","599",2
"HONDA","CBR600R3","Murcia","599",1
"HONDA","CBR600R3","Pontevedra","599",1
"HONDA","CBR600R3","Tarragona","599",1
"HONDA","CBR600R3","Valencia/València","599",3
"HONDA","CBR600R3","Zaragoza","599",1
"HONDA","CBR650RA","Palmas (Las)","649",4
"HONDA","CBR650RA","Santa Cruz de Tenerife","649",1
"HONDA","CL500","Alicante/Alacant","471",2
"HONDA","CL500","Barcelona","471",12
"HONDA","CL500","Bizkaia","471",1
"HONDA","CL500","Cádiz","471",1
"HONDA","CL500","Cantabria","471",1
"HONDA","CL500","Gipuzkoa","471",1
"HONDA","CL500","Girona","471",2
"HONDA","CL500","Illes Balears","471",3
"HONDA","CL500","Madrid","471",1
"HONDA","CL500","Málaga","471",1
"HONDA","CL500","Murcia","471",1
"HONDA","CL500","Pontevedra","471",1
"HONDA","CL500","Santa Cruz de Tenerife","471",3
"HONDA","CL500","Tarragona","471",1
"HONDA","CL500","Valencia/València","471",1
"HONDA","CL500","Zaragoza","471",1
"HONDA","CMX1100","Alicante/Alacant","1084",1
"HONDA","CMX1100","Barcelona","1084",4
"HONDA","CMX1100","Bizkaia","1084",1
"HONDA","CMX1100","Cantabria","1084",1
"HONDA","CMX1100","Ciudad Real","1084",1
"HONDA","CMX1100","Girona","1084",3
"HONDA","CMX1100","Guadalajara","1084",1
"HONDA","CMX1100","Lleida","1084",1
"HONDA","CMX1100","Madrid","1084",3
"HONDA","CMX1100","Málaga","1084",1
"HONDA","CMX1100","Navarra","1084",2
"HONDA","CMX1100","Palmas (Las)","1084",2
"HONDA","CMX1100","Pontevedra","1084",1
"HONDA","CMX1100","Rioja (La)","1084",1
"HONDA","CMX1100","Santa Cruz de Tenerife","1084",1
"HONDA","CMX1100","Tarragona","1084",1
"HONDA","CRF 300 L","Barcelona","286",2
"HONDA","CRF 300 L","Huelva","286",1
"HONDA","CRF 300 L","Illes Balears","286",1
"HONDA","CRF 300 L","Lleida","286",1
"HONDA","CRF 300 L","Madrid","286",1
"HONDA","CRF 300 L","Murcia","286",1
"HONDA","CRF 300 L","Tarragona","286",1
"HONDA","CRF 300 L","Valencia/València","286",2
"HONDA","CRF1100","Álava/Araba","1084",1
"HONDA","CRF1100","Albacete","1084",3
"HONDA","CRF1100","Alicante/Alacant","1084",3
"HONDA","CRF1100","Ávila","1084",1
"HONDA","CRF1100","Barcelona","1084",12
"HONDA","CRF1100","Bizkaia","1084",1
"HONDA","CRF1100","Cádiz","1084",3
"HONDA","CRF1100","Cantabria","1084",1
"HONDA","CRF1100","Ceuta","1084",1
"HONDA","CRF1100","Ciudad Real","1084",1
"HONDA","CRF1100","Coruña (A)","1084",2
"HONDA","CRF1100","Gipuzkoa","1084",2
"HONDA","CRF1100","Girona","1084",5
"HONDA","CRF1100","Granada","1084",2
"HONDA","CRF1100","Guadalajara","1084",1
"HONDA","CRF1100","Huelva","1084",1
"HONDA","CRF1100","Illes Balears","1084",2
"HONDA","CRF1100","Jaén","1084",1
"HONDA","CRF1100","León","1084",1
"HONDA","CRF1100","Lugo","1084",1
"HONDA","CRF1100","Madrid","1084",12
"HONDA","CRF1100","Málaga","1084",7
"HONDA","CRF1100","Murcia","1084",4
"HONDA","CRF1100","Navarra","1084",4
"HONDA","CRF1100","Palmas (Las)","1084",5
"HONDA","CRF1100","Pontevedra","1084",4
"HONDA","CRF1100","Rioja (La)","1084",4
"HONDA","CRF1100","Santa Cruz de Tenerife","1084",3
"HONDA","CRF1100","Sevilla","1084",2
"HONDA","CRF1100","Toledo","1084",1
"HONDA","CRF1100","Valencia/València","1084",5
"HONDA","CRF1100","Zaragoza","1084",2
"HONDA","CRF300LRA","Almería","286",1
"HONDA","FORZA 350","Albacete","330",1
"HONDA","FORZA 350","Alicante/Alacant","330",7
"HONDA","FORZA 350","Almería","330",2
"HONDA","FORZA 350","Asturias","330",1
"HONDA","FORZA 350","Ávila","330",2
"HONDA","FORZA 350","Barcelona","330",43
"HONDA","FORZA 350","Bizkaia","330",2
"HONDA","FORZA 350","Cádiz","330",6
"HONDA","FORZA 350","Cantabria","330",1
"HONDA","FORZA 350","Castellón/Castelló","330",2
"HONDA","FORZA 350","Ceuta","330",2
"HONDA","FORZA 350","Córdoba","330",1
"HONDA","FORZA 350","Coruña (A)","330",1
"HONDA","FORZA 350","Gipuzkoa","330",5
"HONDA","FORZA 350","Girona","330",2
"HONDA","FORZA 350","Granada","330",3
"HONDA","FORZA 350","Illes Balears","330",12
"HONDA","FORZA 350","León","330",1
"HONDA","FORZA 350","Lleida","330",1
"HONDA","FORZA 350","Lugo","330",1
"HONDA","FORZA 350","Madrid","330",20
"HONDA","FORZA 350","Málaga","330",10
"HONDA","FORZA 350","Murcia","330",2
"HONDA","FORZA 350","Navarra","330",2
"HONDA","FORZA 350","Palmas (Las)","330",5
"HONDA","FORZA 350","Pontevedra","330",4
"HONDA","FORZA 350","Rioja (La)","330",1
"HONDA","FORZA 350","Salamanca","330",1
"HONDA","FORZA 350","Santa Cruz de Tenerife","330",8
"HONDA","FORZA 350","Sevilla","330",3
"HONDA","FORZA 350","Tarragona","330",1
"HONDA","FORZA 350","Valencia/València","330",16
"HONDA","FORZA 350","Zaragoza","330",2
"HONDA","FORZA 750","Albacete","745",1
"HONDA","FORZA 750","Alicante/Alacant","745",5
"HONDA","FORZA 750","Asturias","745",1
"HONDA","FORZA 750","Badajoz","745",2
"HONDA","FORZA 750","Barcelona","745",16
"HONDA","FORZA 750","Bizkaia","745",3
"HONDA","FORZA 750","Cádiz","745",4
"HONDA","FORZA 750","Cantabria","745",1
"HONDA","FORZA 750","Castellón/Castelló","745",1
"HONDA","FORZA 750","Ceuta","745",1
"HONDA","FORZA 750","Ciudad Real","745",1
"HONDA","FORZA 750","Córdoba","745",1
"HONDA","FORZA 750","Coruña (A)","745",1
"HONDA","FORZA 750","Gipuzkoa","745",1
"HONDA","FORZA 750","Girona","745",2
"HONDA","FORZA 750","Granada","745",1
"HONDA","FORZA 750","Huelva","745",1
"HONDA","FORZA 750","Illes Balears","745",3
"HONDA","FORZA 750","Lleida","745",1
"HONDA","FORZA 750","Madrid","745",14
"HONDA","FORZA 750","Málaga","745",7
"HONDA","FORZA 750","Murcia","745",2
"HONDA","FORZA 750","Navarra","745",1
"HONDA","FORZA 750","Palmas (Las)","745",4
"HONDA","FORZA 750","Pontevedra","745",3
"HONDA","FORZA 750","Rioja (La)","745",1
"HONDA","FORZA 750","Santa Cruz de Tenerife","745",1
"HONDA","FORZA 750","Sevilla","745",4
"HONDA","FORZA 750","Tarragona","745",3
"HONDA","FORZA 750","Valencia/València","745",7
"HONDA","FORZA 750","Valladolid","745",1
"HONDA","FORZA 750","Zaragoza","745",4
"HONDA","FORZA125","Álava/Araba","125",1
"HONDA","FORZA125","Albacete","125",2
"HONDA","FORZA125","Alicante/Alacant","125",17
"HONDA","FORZA125","Almería","125",7
"HONDA","FORZA125","Asturias","125",2
"HONDA","FORZA125","Badajoz","125",7
"HONDA","FORZA125","Barcelona","125",103
"HONDA","FORZA125","Bizkaia","125",5
"HONDA","FORZA125","Cáceres","125",1
"HONDA","FORZA125","Cádiz","125",21
"HONDA","FORZA125","Cantabria","125",2
"HONDA","FORZA125","Castellón/Castelló","125",3
"HONDA","FORZA125","Córdoba","125",4
"HONDA","FORZA125","Coruña (A)","125",3
"HONDA","FORZA125","Cuenca","125",1
"HONDA","FORZA125","Gipuzkoa","125",6
"HONDA","FORZA125","Girona","125",7
"HONDA","FORZA125","Granada","125",16
"HONDA","FORZA125","Huelva","125",3
"HONDA","FORZA125","Illes Balears","125",17
"HONDA","FORZA125","Jaén","125",1
"HONDA","FORZA125","León","125",3
"HONDA","FORZA125","Lleida","125",2
"HONDA","FORZA125","Lugo","125",1
"HONDA","FORZA125","Madrid","125",32
"HONDA","FORZA125","Málaga","125",30
"HONDA","FORZA125","Murcia","125",12
"HONDA","FORZA125","Navarra","125",4
"HONDA","FORZA125","Ourense","125",1
"HONDA","FORZA125","Palencia","125",1
"HONDA","FORZA125","Palmas (Las)","125",28
"HONDA","FORZA125","Pontevedra","125",5
"HONDA","FORZA125","Rioja (La)","125",1
"HONDA","FORZA125","Salamanca","125",1
"HONDA","FORZA125","Santa Cruz de Tenerife","125",20
"HONDA","FORZA125","Sevilla","125",29
"HONDA","FORZA125","Tarragona","125",6
"HONDA","FORZA125","Valencia/València","125",54
"HONDA","FORZA125","Valladolid","125",1
"HONDA","FORZA125","Zaragoza","125",9
"HONDA","GB350S","Badajoz","348",1
"HONDA","GB350S","Barcelona","348",4
"HONDA","GB350S","Cádiz","348",1
"HONDA","GB350S","Castellón/Castelló","348",1
"HONDA","GB350S","Girona","348",2
"HONDA","GB350S","Huesca","348",1
"HONDA","GB350S","Illes Balears","348",4
"HONDA","GB350S","Lleida","348",1
"HONDA","GB350S","Madrid","348",1
"HONDA","GB350S","Málaga","348",1
"HONDA","GB350S","Palmas (Las)","348",1
"HONDA","GB350S","Pontevedra","348",2
"HONDA","GB350S","Santa Cruz de Tenerife","348",3
"HONDA","GB350S","Tarragona","348",1
"HONDA","GB350S","Valencia/València","348",5
"HONDA","GB350S","Zaragoza","348",1
"HONDA","GL1800DA","Cádiz","1833",1
"HONDA","GL1800DA","Madrid","1833",1
"HONDA","GL1800DA","Sevilla","1833",1
"HONDA","MSX125A","Cádiz","124",2
"HONDA","MSX125A","Madrid","124",2
"HONDA","MSX125A","Palmas (Las)","124",1
"HONDA","MSX125A","Santa Cruz de Tenerife","124",7
"HONDA","MSX125A","Valencia/València","124",1
"HONDA","NC 750 X","Almería","745",1
"HONDA","NC 750 X","Barcelona","745",5
"HONDA","NC 750 X","Cantabria","745",1
"HONDA","NC 750 X","Castellón/Castelló","745",1
"HONDA","NC 750 X","Coruña (A)","745",1
"HONDA","NC 750 X","Granada","745",2
"HONDA","NC 750 X","Illes Balears","745",1
"HONDA","NC 750 X","Jaén","745",1
"HONDA","NC 750 X","Madrid","745",4
"HONDA","NC 750 X","Málaga","745",5
"HONDA","NC 750 X","Palmas (Las)","745",3
"HONDA","NC 750 X","Santa Cruz de Tenerife","745",1
"HONDA","NC 750 X","Tarragona","745",1
"HONDA","NC 750 X","Toledo","745",1
"HONDA","NC 750 X","Valencia/València","745",5
"HONDA","NC 750 X","Zaragoza","745",1
"HONDA","NT1100","Álava/Araba","1084",2
"HONDA","NT1100","Alicante/Alacant","1084",7
"HONDA","NT1100","Almería","1084",1
"HONDA","NT1100","Asturias","1084",1
"HONDA","NT1100","Barcelona","1084",10
"HONDA","NT1100","Bizkaia","1084",2
"HONDA","NT1100","Cádiz","1084",1
"HONDA","NT1100","Cantabria","1084",1
"HONDA","NT1100","Castellón/Castelló","1084",2
"HONDA","NT1100","Córdoba","1084",1
"HONDA","NT1100","Coruña (A)","1084",2
"HONDA","NT1100","Girona","1084",1
"HONDA","NT1100","Illes Balears","1084",6
"HONDA","NT1100","Jaén","1084",1
"HONDA","NT1100","Madrid","1084",7
"HONDA","NT1100","Murcia","1084",1
"HONDA","NT1100","Ourense","1084",1
"HONDA","NT1100","Palmas (Las)","1084",1
"HONDA","NT1100","Pontevedra","1084",1
"HONDA","NT1100","Teruel","1084",1
"HONDA","NT1100","Toledo","1084",1
"HONDA","NT1100","Valencia/València","1084",8
"HONDA","NT1100","Valladolid","1084",1
"HONDA","NT1100","Zaragoza","1084",1
"HONDA","PCX125","Álava/Araba","125",3
"HONDA","PCX125","Albacete","125",5
"HONDA","PCX125","Alicante/Alacant","125",29
"HONDA","PCX125","Almería","125",15
"HONDA","PCX125","Asturias","125",10
"HONDA","PCX125","Badajoz","125",8
"HONDA","PCX125","Barcelona","125",80
"HONDA","PCX125","Bizkaia","125",4
"HONDA","PCX125","Cádiz","125",54
"HONDA","PCX125","Cantabria","125",7
"HONDA","PCX125","Castellón/Castelló","125",8
"HONDA","PCX125","Ciudad Real","125",1
"HONDA","PCX125","Córdoba","125",11
"HONDA","PCX125","Coruña (A)","125",6
"HONDA","PCX125","Gipuzkoa","125",7
"HONDA","PCX125","Girona","125",4
"HONDA","PCX125","Granada","125",25
"HONDA","PCX125","Huelva","125",6
"HONDA","PCX125","Illes Balears","125",25
"HONDA","PCX125","Jaén","125",2
"HONDA","PCX125","León","125",1
"HONDA","PCX125","Lleida","125",4
"HONDA","PCX125","Madrid","125",84
"HONDA","PCX125","Málaga","125",56
"HONDA","PCX125","Melilla","125",1
"HONDA","PCX125","Murcia","125",29
"HONDA","PCX125","Navarra","125",2
"HONDA","PCX125","Ourense","125",1
"HONDA","PCX125","Palmas (Las)","125",23
"HONDA","PCX125","Pontevedra","125",12
"HONDA","PCX125","Rioja (La)","125",5
"HONDA","PCX125","Salamanca","125",3
"HONDA","PCX125","Santa Cruz de Tenerife","125",40
"HONDA","PCX125","Sevilla","125",28
"HONDA","PCX125","Tarragona","125",9
"HONDA","PCX125","Toledo","125",4
"HONDA","PCX125","Valencia/València","125",84
"HONDA","PCX125","Valladolid","125",1
"HONDA","PCX125","Zaragoza","125",9
"HONDA","Rebel 500","Álava/Araba","471",1
"HONDA","Rebel 500","Albacete","471",1
"HONDA","Rebel 500","Alicante/Alacant","471",4
"HONDA","Rebel 500","Almería","471",1
"HONDA","Rebel 500","Asturias","471",1
"HONDA","Rebel 500","Barcelona","471",8
"HONDA","Rebel 500","Bizkaia","471",1
"HONDA","Rebel 500","Cáceres","471",1
"HONDA","Rebel 500","Cádiz","471",2
"HONDA","Rebel 500","Cantabria","471",1
"HONDA","Rebel 500","Coruña (A)","471",1
"HONDA","Rebel 500","Granada","471",4
"HONDA","Rebel 500","Illes Balears","471",1
"HONDA","Rebel 500","Jaén","471",1
"HONDA","Rebel 500","León","471",2
"HONDA","Rebel 500","Lugo","471",1
"HONDA","Rebel 500","Madrid","471",7
"HONDA","Rebel 500","Málaga","471",3
"HONDA","Rebel 500","Murcia","471",2
"HONDA","Rebel 500","Ourense","471",1
"HONDA","Rebel 500","Palmas (Las)","471",3
"HONDA","Rebel 500","Pontevedra","471",2
"HONDA","Rebel 500","Salamanca","471",1
"HONDA","Rebel 500","Sevilla","471",1
"HONDA","Rebel 500","Tarragona","471",1
"HONDA","Rebel 500","Valencia/València","471",5
"HONDA","Rebel 500","Valladolid","471",1
"HONDA","SH Mode 125","Alicante/Alacant","125",3
"HONDA","SH Mode 125","Barcelona","125",37
"HONDA","SH Mode 125","Córdoba","125",2
"HONDA","SH Mode 125","Gipuzkoa","125",2
"HONDA","SH Mode 125","Girona","125",4
"HONDA","SH Mode 125","Granada","125",2
"HONDA","SH Mode 125","Huelva","125",1
"HONDA","SH Mode 125","Huesca","125",2
"HONDA","SH Mode 125","Illes Balears","125",3
"HONDA","SH Mode 125","Jaén","125",2
"HONDA","SH Mode 125","León","125",1
"HONDA","SH Mode 125","Lleida","125",1
"HONDA","SH Mode 125","Madrid","125",2
"HONDA","SH Mode 125","Málaga","125",5
"HONDA","SH Mode 125","Murcia","125",2
"HONDA","SH Mode 125","Palmas (Las)","125",2
"HONDA","SH Mode 125","Santa Cruz de Tenerife","125",2
"HONDA","SH Mode 125","Sevilla","125",2
"HONDA","SH Mode 125","Tarragona","125",1
"HONDA","SH Mode 125","Zamora","125",1
"HONDA","SH Mode 125","Zaragoza","125",1
"HONDA","SH125i","Albacete","125",1
"HONDA","SH125i","Alicante/Alacant","125",10
"HONDA","SH125i","Almería","125",3
"HONDA","SH125i","Badajoz","125",1
"HONDA","SH125i","Barcelona","125",117
"HONDA","SH125i","Bizkaia","125",1
"HONDA","SH125i","Cádiz","125",7
"HONDA","SH125i","Ceuta","125",11
"HONDA","SH125i","Gipuzkoa","125",8
"HONDA","SH125i","Girona","125",18
"HONDA","SH125i","Granada","125",6
"HONDA","SH125i","Illes Balears","125",12
"HONDA","SH125i","León","125",1
"HONDA","SH125i","Lleida","125",1
"HONDA","SH125i","Madrid","125",24
"HONDA","SH125i","Málaga","125",53
"HONDA","SH125i","Murcia","125",7
"HONDA","SH125i","Palmas (Las)","125",1
"HONDA","SH125i","Rioja (La)","125",1
"HONDA","SH125i","Santa Cruz de Tenerife","125",4
"HONDA","SH125i","Sevilla","125",2
"HONDA","SH125i","Tarragona","125",4
"HONDA","SH125i","Valencia/València","125",4
"HONDA","SH125i","Zaragoza","125",4
"HONDA","SH350i","Alicante/Alacant","330",3
"HONDA","SH350i","Barcelona","330",54
"HONDA","SH350i","Bizkaia","330",1
"HONDA","SH350i","Cádiz","330",1
"HONDA","SH350i","Cantabria","330",1
"HONDA","SH350i","Ceuta","330",5
"HONDA","SH350i","Ciudad Real","330",1
"HONDA","SH350i","Girona","330",3
"HONDA","SH350i","Granada","330",3
"HONDA","SH350i","Illes Balears","330",5
"HONDA","SH350i","Madrid","330",4
"HONDA","SH350i","Málaga","330",10
"HONDA","SH350i","Navarra","330",1
"HONDA","SH350i","Palmas (Las)","330",5
"HONDA","SH350i","Pontevedra","330",1
"HONDA","SH350i","Santa Cruz de Tenerife","330",1
"HONDA","SH350i","Tarragona","330",3
"HONDA","SH350i","Valencia/València","330",2
"HONDA","SH350i","Zaragoza","330",6
"HONDA","ST125A","Alicante/Alacant","124",2
"HONDA","ST125A","Asturias","124",1
"HONDA","ST125A","Ceuta","124",1
"HONDA","ST125A","Illes Balears","124",2
"HONDA","ST125A","Jaén","124",1
"HONDA","ST125A","Málaga","124",1
"HONDA","ST125A","Melilla","124",1
"HONDA","ST125A","Palmas (Las)","124",4
"HONDA","ST125A","Santa Cruz de Tenerife","124",1
"HONDA","VISION 110","Alicante/Alacant","109",4
"HONDA","VISION 110","Asturias","109",2
"HONDA","VISION 110","Badajoz","109",1
"HONDA","VISION 110","Barcelona","109",48
"HONDA","VISION 110","Bizkaia","109",1
"HONDA","VISION 110","Cáceres","109",1
"HONDA","VISION 110","Cádiz","109",2
"HONDA","VISION 110","Cantabria","109",1
"HONDA","VISION 110","Coruña (A)","109",1
"HONDA","VISION 110","Gipuzkoa","109",6
"HONDA","VISION 110","Girona","109",3
"HONDA","VISION 110","Granada","109",1
"HONDA","VISION 110","Illes Balears","109",5
"HONDA","VISION 110","Jaén","109",1
"HONDA","VISION 110","Madrid","109",1
"HONDA","VISION 110","Málaga","109",9
"HONDA","VISION 110","Murcia","109",1
"HONDA","VISION 110","Sevilla","109",1
"HONDA","VISION 110","Tarragona","109",5
"HONDA","VISION 110","Valencia/València","109",5
"HONDA","VISION 110","Zaragoza","109",4
"HONDA","XL750 Transalp","Álava/Araba","755",1
"HONDA","XL750 Transalp","Alicante/Alacant","755",1
"HONDA","XL750 Transalp","Almería","755",1
"HONDA","XL750 Transalp","Barcelona","755",8
"HONDA","XL750 Transalp","Bizkaia","755",2
"HONDA","XL750 Transalp","Cádiz","755",3
"HONDA","XL750 Transalp","Cantabria","755",2
"HONDA","XL750 Transalp","Ciudad Real","755",1
"HONDA","XL750 Transalp","Coruña (A)","755",1
"HONDA","XL750 Transalp","Girona","755",4
"HONDA","XL750 Transalp","Jaén","755",1
"HONDA","XL750 Transalp","Lugo","755",1
"HONDA","XL750 Transalp","Madrid","755",4
"HONDA","XL750 Transalp","Málaga","755",5
"HONDA","XL750 Transalp","Melilla","755",1
"HONDA","XL750 Transalp","Murcia","755",1
"HONDA","XL750 Transalp","Pontevedra","755",1
"HONDA","XL750 Transalp","Sevilla","755",1
"HONDA","XL750 Transalp","Tarragona","755",3
"HONDA","XL750 Transalp","Valencia/València","755",1
"HONDA","XL750 Transalp","Valladolid","755",2
"HONDA","XL750 Transalp","Zaragoza","755",3
"HONDA","Z125MA","Ávila","124",1
"HONDA","Z125MA","Cádiz","124",1
"HONDA","Z125MA","Castellón/Castelló","124",1
"HONDA","Z125MA","Córdoba","124",1
"HONDA","Z125MA","Granada","124",1
"HONDA","Z125MA","Illes Balears","124",1
"HONDA","Z125MA","Madrid","124",2
"HONDA","Z125MA","Málaga","124",1
"HUSQVARNA","HUSQVARNA 701 ENDURO","Huesca","693",1
"HUSQVARNA","HUSQVARNA 801 SVARTPIL","Asturias","799",1
"HUSQVARNA","HUSQVARNA 801 SVARTPIL","Barcelona","799",1
"HUSQVARNA","HUSQVARNA 801 SVARTPIL","Santa Cruz de Tenerife","799",1
"HUSQVARNA","HUSQVARNA 801 VITPILEN","Burgos","799",1
"HUSQVARNA","HUSQVARNA 801 VITPILEN","Madrid","799",1
"HUSQVARNA","HUSQVARNA 801 VITPILEN","Rioja (La)","799",1
"HUSQVARNA","HUSQVARNA 901 NORDEN","Álava/Araba","889",1
"HUSQVARNA","HUSQVARNA 901 NORDEN","Badajoz","889",1
"HUSQVARNA","HUSQVARNA 901 NORDEN","Barcelona","889",2
"HUSQVARNA","HUSQVARNA 901 NORDEN","Pontevedra","889",1
"HUSQVARNA","HUSQVARNA 901 NORDEN E","Alicante/Alacant","889",1
"HUSQVARNA","HUSQVARNA 901 NORDEN E","Barcelona","889",1
"HUSQVARNA","HUSQVARNA 901 NORDEN E","Bizkaia","889",3
"HUSQVARNA","HUSQVARNA 901 NORDEN E","Ciudad Real","889",1
"HUSQVARNA","HUSQVARNA 901 NORDEN E","Cuenca","889",1
"HUSQVARNA","HUSQVARNA 901 NORDEN E","Ourense","889",1
"HUSQVARNA","HUSQVARNA 901 NORDEN E","Santa Cruz de Tenerife","889",1
"HUSQVARNA","HUSQVARNA 901 NORDEN E","Tarragona","889",1
"HUSQVARNA","HUSQVARNA 901 NORDEN E","Toledo","889",1
"HUSQVARNA","HUSQVARNA 901 NORDEN E","Zamora","889",1
"HUSQVARNA","HUSQVARNA FE 250","Huelva","250",1
"HUSQVARNA","HUSQVARNA FE 350","Asturias","350",1
"HUSQVARNA","HUSQVARNA FE 350","Castellón/Castelló","350",1
"HUSQVARNA","HUSQVARNA FE 350","Girona","350",1
"HUSQVARNA","HUSQVARNA FE 350","Santa Cruz de Tenerife","350",1
"HUSQVARNA","HUSQVARNA FE 450","Murcia","450",1
"HUSQVARNA","HUSQVARNA FE 450","Sevilla","450",1
"HUSQVARNA","HUSQVARNA SVARTPILEN 1","Navarra","125",1
"HUSQVARNA","HUSQVARNA SVARTPILEN 4","Barcelona","399",1
"HUSQVARNA","HUSQVARNA SVARTPILEN 4","Córdoba","399",1
"HUSQVARNA","HUSQVARNA SVARTPILEN 4","Gipuzkoa","399",1
"HUSQVARNA","HUSQVARNA SVARTPILEN 4","León","399",1
"HUSQVARNA","HUSQVARNA SVARTPILEN 4","Lleida","399",1
"HUSQVARNA","HUSQVARNA SVARTPILEN 4","Madrid","399",4
"HUSQVARNA","HUSQVARNA SVARTPILEN 4","Málaga","399",1
"HUSQVARNA","HUSQVARNA SVARTPILEN 4","Ourense","399",1
"HUSQVARNA","HUSQVARNA SVARTPILEN 4","Rioja (La)","399",1
"HUSQVARNA","HUSQVARNA SVARTPILEN 4","Toledo","399",1
"HUSQVARNA","HUSQVARNA SVARTPILEN 4","Valencia/València","399",1
"HUSQVARNA","HUSQVARNA SVARTPILEN 4","Zaragoza","399",1
"HUSQVARNA","HUSQVARNA SVARTPILEN12","Alicante/Alacant","125",1
"HUSQVARNA","HUSQVARNA SVARTPILEN12","Asturias","125",1
"HUSQVARNA","HUSQVARNA SVARTPILEN12","Cáceres","125",1
"HUSQVARNA","HUSQVARNA SVARTPILEN12","Coruña (A)","125",1
"HUSQVARNA","HUSQVARNA SVARTPILEN12","Girona","125",1
"HUSQVARNA","HUSQVARNA SVARTPILEN12","Madrid","125",3
"HUSQVARNA","HUSQVARNA SVARTPILEN12","Murcia","125",1
"HUSQVARNA","HUSQVARNA SVARTPILEN12","Valencia/València","125",1
"HUSQVARNA","HUSQVARNA TE 300","Barcelona","293",2
"HUSQVARNA","HUSQVARNA TE 300","Córdoba","293",1
"HUSQVARNA","HUSQVARNA TE 300","Madrid","293",2
"HUSQVARNA","HUSQVARNA TE 300","Murcia","293",2
"HUSQVARNA","HUSQVARNA TE 300","Zaragoza","293",1
"HUSQVARNA","HUSQVARNA VITPILEN 125","Girona","125",1
"HUSQVARNA","HUSQVARNA VITPILEN 125","Valencia/València","125",1
"HUSQVARNA","HUSQVARNA VITPILEN 401","Alicante/Alacant","399",1
"HUSQVARNA","HUSQVARNA VITPILEN 401","Cáceres","399",1
"HYOSUNG","GV125","Alicante/Alacant","124",3
"HYOSUNG","GV125","Burgos","124",1
"HYOSUNG","GV125","Castellón/Castelló","124",1
"HYOSUNG","GV125","Madrid","124",1
"HYOSUNG","GV125","Málaga","124",1
"HYOSUNG","GV125","Murcia","124",1
"HYOSUNG","GV125","Navarra","124",1
"HYOSUNG","GV125","Santa Cruz de Tenerife","124",2
"HYOSUNG","GV125","Sevilla","124",2
"HYOSUNG","GV125","Valencia/València","124",1
"HYOSUNG","GV125S-EVO","Barcelona","125",1
"HYOSUNG","GV125S-EVO","Madrid","125",1
"HYOSUNG","GV300","Murcia","296",1
"INDIAN MOTORCYCLE","101 SCOUT","Alicante/Alacant","1250",1
"INDIAN MOTORCYCLE","101 SCOUT","Ciudad Real","1250",1
"INDIAN MOTORCYCLE","101 SCOUT","Málaga","1250",1
"INDIAN MOTORCYCLE","101 SCOUT","Valladolid","1250",1
"INDIAN MOTORCYCLE","CHIEF BOBBER DARK HORS","Murcia","1890",1
"INDIAN MOTORCYCLE","CHIEF DARK HORSE","Madrid","1890",1
"INDIAN MOTORCYCLE","CHIEF DARK HORSE","Valencia/València","1890",1
"INDIAN MOTORCYCLE","FTR R CARBON","Alicante/Alacant","1203",1
"INDIAN MOTORCYCLE","FTR RALLY","Álava/Araba","1203",1
"INDIAN MOTORCYCLE","FTR SPORT","Coruña (A)","1203",1
"INDIAN MOTORCYCLE","FTR SPORT","Teruel","1203",1
"INDIAN MOTORCYCLE","ROADMASTER","Córdoba","1890",1
"INDIAN MOTORCYCLE","SCOUT","Bizkaia","1133",1
"INDIAN MOTORCYCLE","SCOUT BOBBER LIMITED","Barcelona","1250",1
"INDIAN MOTORCYCLE","SCOUT BOBBER LIMITED","Madrid","1250",1
"INDIAN MOTORCYCLE","SCOUT BOBBER LIMITED","Valencia/València","1250",1
"INDIAN MOTORCYCLE","SCOUT BOBBER LIMITED +","Alicante/Alacant","1250",1
"INDIAN MOTORCYCLE","SCOUT BOBBER LIMITED +","Barcelona","1250",1
"INDIAN MOTORCYCLE","SCOUT BOBBER LIMITED +","Coruña (A)","1250",1
"INDIAN MOTORCYCLE","SCOUT BOBBER LIMITED +","Cuenca","1250",1
"INDIAN MOTORCYCLE","SCOUT BOBBER LIMITED +","Málaga","1250",1
"INDIAN MOTORCYCLE","SCOUT BOBBER LIMITED +","Murcia","1250",1
"INDIAN MOTORCYCLE","SCOUT BOBBER LIMITED +","Valencia/València","1250",2
"INDIAN MOTORCYCLE","SCOUT BOBBER LIMITED +","Zaragoza","1250",1
"INDIAN MOTORCYCLE","SCOUT CLASSIC LIMITED","Murcia","1250",1
"INDIAN MOTORCYCLE","SCOUT SIXTY BOBBER","Barcelona","1250",1
"INDIAN MOTORCYCLE","SCOUT SIXTY BOBBER","Málaga","1250",1
"INDIAN MOTORCYCLE","SUPER SCOUT LIMITED +","Alicante/Alacant","1250",2
"INDIAN MOTORCYCLE","SUPER SCOUT LIMITED +","Navarra","1250",1
"ITALJET","DRAGSTER125","Alicante/Alacant","124",1
"ITALJET","DRAGSTER125","Barcelona","124",1
"ITALJET","DRAGSTER200","Barcelona","181",1
"KAWASAKI","ELIMINATOR","Albacete","451",1
"KAWASAKI","ELIMINATOR","Alicante/Alacant","451",2
"KAWASAKI","ELIMINATOR","Barcelona","451",9
"KAWASAKI","ELIMINATOR","Cádiz","451",1
"KAWASAKI","ELIMINATOR","León","451",1
"KAWASAKI","ELIMINATOR","Lleida","451",1
"KAWASAKI","ELIMINATOR","Madrid","451",4
"KAWASAKI","ELIMINATOR","Murcia","451",2
"KAWASAKI","ELIMINATOR","Pontevedra","451",2
"KAWASAKI","ELIMINATOR","Santa Cruz de Tenerife","451",1
"KAWASAKI","ELIMINATOR","Toledo","451",1
"KAWASAKI","ELIMINATOR","Valencia/València","451",1
"KAWASAKI","ELIMINATOR","Zaragoza","451",1
"KAWASAKI","NINJA 1000SX","Asturias","1043",1
"KAWASAKI","NINJA 1000SX","Barcelona","1043",1
"KAWASAKI","NINJA 1000SX","Lleida","1043",2
"KAWASAKI","NINJA 1000SX","Madrid","1043",2
"KAWASAKI","NINJA 1000SX","Málaga","1043",1
"KAWASAKI","NINJA 1100SX","Almería","1099",1
"KAWASAKI","NINJA 1100SX","Barcelona","1099",2
"KAWASAKI","NINJA 1100SX","Madrid","1099",2
"KAWASAKI","NINJA 1100SX","Toledo","1099",2
"KAWASAKI","NINJA 125","Álava/Araba","125",1
"KAWASAKI","NINJA 125","Badajoz","125",1
"KAWASAKI","NINJA 125","Cádiz","125",1
"KAWASAKI","NINJA 125","Ciudad Real","125",1
"KAWASAKI","NINJA 125","Madrid","125",6
"KAWASAKI","NINJA 125","Murcia","125",1
"KAWASAKI","NINJA 125","Tarragona","125",2
"KAWASAKI","NINJA 500","Barcelona","451",6
"KAWASAKI","NINJA 500","Bizkaia","451",1
"KAWASAKI","NINJA 500","Cádiz","451",1
"KAWASAKI","NINJA 500","Cantabria","451",1
"KAWASAKI","NINJA 500","Gipuzkoa","451",1
"KAWASAKI","NINJA 500","Granada","451",1
"KAWASAKI","NINJA 500","Illes Balears","451",2
"KAWASAKI","NINJA 500","Madrid","451",7
"KAWASAKI","NINJA 500","Málaga","451",1
"KAWASAKI","NINJA 500","Murcia","451",2
"KAWASAKI","NINJA 500","Navarra","451",1
"KAWASAKI","NINJA 500","Santa Cruz de Tenerife","451",1
"KAWASAKI","NINJA 500","Sevilla","451",1
"KAWASAKI","NINJA 500","Toledo","451",1
"KAWASAKI","NINJA 500","Valencia/València","451",2
"KAWASAKI","NINJA 500","Zaragoza","451",1
"KAWASAKI","NINJA 650","Álava/Araba","649",1
"KAWASAKI","NINJA 650","Albacete","649",1
"KAWASAKI","NINJA 650","Alicante/Alacant","649",2
"KAWASAKI","NINJA 650","Ávila","649",1
"KAWASAKI","NINJA 650","Barcelona","649",3
"KAWASAKI","NINJA 650","Cáceres","649",1
"KAWASAKI","NINJA 650","Cádiz","649",1
"KAWASAKI","NINJA 650","Cantabria","649",1
"KAWASAKI","NINJA 650","Ciudad Real","649",1
"KAWASAKI","NINJA 650","Cuenca","649",1
"KAWASAKI","NINJA 650","Girona","649",3
"KAWASAKI","NINJA 650","Granada","649",4
"KAWASAKI","NINJA 650","Guadalajara","649",2
"KAWASAKI","NINJA 650","Illes Balears","649",3
"KAWASAKI","NINJA 650","León","649",1
"KAWASAKI","NINJA 650","Lleida","649",1
"KAWASAKI","NINJA 650","Madrid","649",3
"KAWASAKI","NINJA 650","Málaga","649",1
"KAWASAKI","NINJA 650","Murcia","649",2
"KAWASAKI","NINJA 650","Rioja (La)","649",1
"KAWASAKI","NINJA 650","Santa Cruz de Tenerife","649",1
"KAWASAKI","NINJA 650","Sevilla","649",2
"KAWASAKI","NINJA 650","Tarragona","649",1
"KAWASAKI","NINJA 650","Toledo","649",1
"KAWASAKI","NINJA 650","Valencia/València","649",3
"KAWASAKI","NINJA 650","Valladolid","649",1
"KAWASAKI","NINJA H2 SX","Barcelona","998",1
"KAWASAKI","NINJA H2 SX","Cádiz","998",1
"KAWASAKI","NINJA H2 SX","Madrid","998",1
"KAWASAKI","NINJA H2 SX","Málaga","998",1
"KAWASAKI","NINJA H2 SX","Valencia/València","998",1
"KAWASAKI","NINJA ZX-10R","Alicante/Alacant","998",1
"KAWASAKI","NINJA ZX-10R","Barcelona","998",1
"KAWASAKI","NINJA ZX-10R","Granada","998",1
"KAWASAKI","NINJA ZX-10R","Lugo","998",1
"KAWASAKI","NINJA ZX-10R","Madrid","998",1
"KAWASAKI","NINJA ZX-10R","Pontevedra","998",1
"KAWASAKI","NINJA ZX-10R","Sevilla","998",2
"KAWASAKI","NINJA ZX-10R","Valencia/València","998",1
"KAWASAKI","NINJA ZX-4R","Alicante/Alacant","399",1
"KAWASAKI","NINJA ZX-4R","Badajoz","399",1
"KAWASAKI","NINJA ZX-4R","Barcelona","399",4
"KAWASAKI","NINJA ZX-4R","Bizkaia","399",2
"KAWASAKI","NINJA ZX-4R","Cádiz","399",1
"KAWASAKI","NINJA ZX-4R","Coruña (A)","399",1
"KAWASAKI","NINJA ZX-4R","Madrid","399",6
"KAWASAKI","NINJA ZX-4R","Murcia","399",1
"KAWASAKI","NINJA ZX-4R","Ourense","399",1
"KAWASAKI","NINJA ZX-4R","Sevilla","399",1
"KAWASAKI","NINJA ZX-4R","Tarragona","399",2
"KAWASAKI","NINJA ZX-4R","Valencia/València","399",1
"KAWASAKI","NINJA ZX-4R","Zaragoza","399",2
"KAWASAKI","NINJA ZX-6R","Badajoz","636",1
"KAWASAKI","NINJA ZX-6R","Barcelona","636",6
"KAWASAKI","NINJA ZX-6R","Cádiz","636",1
"KAWASAKI","NINJA ZX-6R","Córdoba","636",1
"KAWASAKI","NINJA ZX-6R","Coruña (A)","636",1
"KAWASAKI","NINJA ZX-6R","Girona","636",1
"KAWASAKI","NINJA ZX-6R","Jaén","636",1
"KAWASAKI","NINJA ZX-6R","Lugo","636",1
"KAWASAKI","NINJA ZX-6R","Madrid","636",3
"KAWASAKI","NINJA ZX-6R","Murcia","636",1
"KAWASAKI","NINJA ZX-6R","Rioja (La)","636",1
"KAWASAKI","NINJA ZX-6R","Santa Cruz de Tenerife","636",1
"KAWASAKI","NINJA ZX-6R","Valencia/València","636",1
"KAWASAKI","NINJA ZX-6R","Valladolid","636",1
"KAWASAKI","VERSYS 1000","Albacete","1043",1
"KAWASAKI","VERSYS 1000","Alicante/Alacant","1043",1
"KAWASAKI","VERSYS 1000","Barcelona","1043",3
"KAWASAKI","VERSYS 1000","Cádiz","1043",2
"KAWASAKI","VERSYS 1000","Coruña (A)","1043",2
"KAWASAKI","VERSYS 1000","Cuenca","1043",1
"KAWASAKI","VERSYS 1000","Girona","1043",1
"KAWASAKI","VERSYS 1000","Guadalajara","1043",1
"KAWASAKI","VERSYS 1000","Illes Balears","1043",1
"KAWASAKI","VERSYS 1000","Madrid","1043",2
"KAWASAKI","VERSYS 1000","Navarra","1043",1
"KAWASAKI","VERSYS 1000","Palencia","1043",1
"KAWASAKI","VERSYS 1000","Pontevedra","1043",1
"KAWASAKI","VERSYS 1000","Santa Cruz de Tenerife","1043",1
"KAWASAKI","VERSYS 1000","Tarragona","1043",1
"KAWASAKI","VERSYS 1000","Toledo","1043",1
"KAWASAKI","VERSYS 1100","Alicante/Alacant","1099",1
"KAWASAKI","VERSYS 1100","Barcelona","1099",4
"KAWASAKI","VERSYS 1100","Cádiz","1099",1
"KAWASAKI","VERSYS 1100","Córdoba","1099",1
"KAWASAKI","VERSYS 1100","Madrid","1099",2
"KAWASAKI","VERSYS 1100","Murcia","1099",2
"KAWASAKI","VERSYS 1100","Rioja (La)","1099",1
"KAWASAKI","VERSYS 1100","Toledo","1099",1
"KAWASAKI","VERSYS 650","Álava/Araba","649",1
"KAWASAKI","VERSYS 650","Alicante/Alacant","649",3
"KAWASAKI","VERSYS 650","Almería","649",2
"KAWASAKI","VERSYS 650","Barcelona","649",4
"KAWASAKI","VERSYS 650","Bizkaia","649",2
"KAWASAKI","VERSYS 650","Cádiz","649",5
"KAWASAKI","VERSYS 650","Castellón/Castelló","649",1
"KAWASAKI","VERSYS 650","Córdoba","649",1
"KAWASAKI","VERSYS 650","Coruña (A)","649",1
"KAWASAKI","VERSYS 650","Gipuzkoa","649",1
"KAWASAKI","VERSYS 650","Granada","649",4
"KAWASAKI","VERSYS 650","Illes Balears","649",2
"KAWASAKI","VERSYS 650","Madrid","649",4
"KAWASAKI","VERSYS 650","Málaga","649",4
"KAWASAKI","VERSYS 650","Murcia","649",3
"KAWASAKI","VERSYS 650","Ourense","649",1
"KAWASAKI","VERSYS 650","Santa Cruz de Tenerife","649",5
"KAWASAKI","VERSYS 650","Sevilla","649",1
"KAWASAKI","VERSYS 650","Tarragona","649",2
"KAWASAKI","VERSYS 650","Toledo","649",1
"KAWASAKI","VERSYS 650","Valencia/València","649",2
"KAWASAKI","VERSYS 650","Valladolid","649",2
"KAWASAKI","VERSYS 650","Zaragoza","649",1
"KAWASAKI","VULCAN S","Alicante/Alacant","649",1
"KAWASAKI","VULCAN S","Barcelona","649",2
"KAWASAKI","VULCAN S","Bizkaia","649",1
"KAWASAKI","VULCAN S","Cádiz","649",2
"KAWASAKI","VULCAN S","Cantabria","649",1
"KAWASAKI","VULCAN S","Castellón/Castelló","649",1
"KAWASAKI","VULCAN S","Girona","649",1
"KAWASAKI","VULCAN S","Granada","649",2
"KAWASAKI","VULCAN S","Madrid","649",5
"KAWASAKI","VULCAN S","Palmas (Las)","649",1
"KAWASAKI","VULCAN S","Santa Cruz de Tenerife","649",1
"KAWASAKI","VULCAN S","Toledo","649",2
"KAWASAKI","VULCAN S","Valencia/València","649",6
"KAWASAKI","VULCAN S","Valladolid","649",1
"KAWASAKI","VULCAN S","Zaragoza","649",1
"KAWASAKI","W800","Barcelona","773",1
"KAWASAKI","W800","Gipuzkoa","773",1
"KAWASAKI","W800","Málaga","773",1
"KAWASAKI","Z H2","Barcelona","998",1
"KAWASAKI","Z125","Albacete","125",1
"KAWASAKI","Z125","Barcelona","125",2
"KAWASAKI","Z125","Cádiz","125",1
"KAWASAKI","Z125","Castellón/Castelló","125",1
"KAWASAKI","Z125","Coruña (A)","125",1
"KAWASAKI","Z125","Guadalajara","125",1
"KAWASAKI","Z125","Illes Balears","125",1
"KAWASAKI","Z125","León","125",1
"KAWASAKI","Z125","Madrid","125",2
"KAWASAKI","Z125","Málaga","125",1
"KAWASAKI","Z125","Murcia","125",1
"KAWASAKI","Z125","Palmas (Las)","125",1
"KAWASAKI","Z125","Santa Cruz de Tenerife","125",2
"KAWASAKI","Z125","Tarragona","125",1
"KAWASAKI","Z500","Alicante/Alacant","451",1
"KAWASAKI","Z500","Almería","451",4
"KAWASAKI","Z500","Asturias","451",1
"KAWASAKI","Z500","Barcelona","451",7
"KAWASAKI","Z500","Bizkaia","451",1
"KAWASAKI","Z500","Castellón/Castelló","451",1
"KAWASAKI","Z500","Coruña (A)","451",1
"KAWASAKI","Z500","Gipuzkoa","451",1
"KAWASAKI","Z500","Girona","451",1
"KAWASAKI","Z500","Guadalajara","451",1
"KAWASAKI","Z500","Jaén","451",1
"KAWASAKI","Z500","Lleida","451",1
"KAWASAKI","Z500","Madrid","451",8
"KAWASAKI","Z500","Málaga","451",1
"KAWASAKI","Z500","Murcia","451",1
"KAWASAKI","Z500","Salamanca","451",1
"KAWASAKI","Z500","Santa Cruz de Tenerife","451",3
"KAWASAKI","Z500","Sevilla","451",1
"KAWASAKI","Z500","Tarragona","451",1
"KAWASAKI","Z500","Valencia/València","451",3
"KAWASAKI","Z500","Zaragoza","451",1
"KAWASAKI","Z650","Álava/Araba","649",2
"KAWASAKI","Z650","Albacete","649",1
"KAWASAKI","Z650","Alicante/Alacant","649",1
"KAWASAKI","Z650","Almería","649",1
"KAWASAKI","Z650","Asturias","649",1
"KAWASAKI","Z650","Badajoz","649",2
"KAWASAKI","Z650","Barcelona","649",11
"KAWASAKI","Z650","Cádiz","649",3
"KAWASAKI","Z650","Cantabria","649",2
"KAWASAKI","Z650","Coruña (A)","649",1
"KAWASAKI","Z650","Gipuzkoa","649",1
"KAWASAKI","Z650","Girona","649",1
"KAWASAKI","Z650","Granada","649",4
"KAWASAKI","Z650","Guadalajara","649",1
"KAWASAKI","Z650","Huelva","649",1
"KAWASAKI","Z650","Illes Balears","649",6
"KAWASAKI","Z650","Madrid","649",9
"KAWASAKI","Z650","Málaga","649",2
"KAWASAKI","Z650","Murcia","649",4
"KAWASAKI","Z650","Ourense","649",1
"KAWASAKI","Z650","Palmas (Las)","649",1
"KAWASAKI","Z650","Pontevedra","649",3
"KAWASAKI","Z650","Santa Cruz de Tenerife","649",4
"KAWASAKI","Z650","Sevilla","649",5
"KAWASAKI","Z650","Toledo","649",3
"KAWASAKI","Z650","Valencia/València","649",2
"KAWASAKI","Z650","Zaragoza","649",3
"KAWASAKI","Z650RS","Barcelona","649",4
"KAWASAKI","Z650RS","Cádiz","649",2
"KAWASAKI","Z650RS","Cantabria","649",3
"KAWASAKI","Z650RS","Guadalajara","649",1
"KAWASAKI","Z650RS","Jaén","649",1
"KAWASAKI","Z650RS","Lugo","649",1
"KAWASAKI","Z650RS","Madrid","649",4
"KAWASAKI","Z650RS","Pontevedra","649",1
"KAWASAKI","Z650RS","Tarragona","649",1
"KAWASAKI","Z900","Albacete","948",1
"KAWASAKI","Z900","Alicante/Alacant","948",4
"KAWASAKI","Z900","Almería","948",3
"KAWASAKI","Z900","Asturias","948",3
"KAWASAKI","Z900","Ávila","948",1
"KAWASAKI","Z900","Badajoz","948",2
"KAWASAKI","Z900","Barcelona","948",28
"KAWASAKI","Z900","Bizkaia","948",4
"KAWASAKI","Z900","Cáceres","948",2
"KAWASAKI","Z900","Cádiz","948",3
"KAWASAKI","Z900","Castellón/Castelló","948",4
"KAWASAKI","Z900","Córdoba","948",5
"KAWASAKI","Z900","Gipuzkoa","948",1
"KAWASAKI","Z900","Girona","948",1
"KAWASAKI","Z900","Granada","948",1
"KAWASAKI","Z900","Huelva","948",1
"KAWASAKI","Z900","Illes Balears","948",5
"KAWASAKI","Z900","Jaén","948",2
"KAWASAKI","Z900","León","948",3
"KAWASAKI","Z900","Lleida","948",3
"KAWASAKI","Z900","Madrid","948",13
"KAWASAKI","Z900","Málaga","948",5
"KAWASAKI","Z900","Murcia","948",2
"KAWASAKI","Z900","Navarra","948",1
"KAWASAKI","Z900","Ourense","948",2
"KAWASAKI","Z900","Palmas (Las)","948",10
"KAWASAKI","Z900","Pontevedra","948",3
"KAWASAKI","Z900","Rioja (La)","948",1
"KAWASAKI","Z900","Santa Cruz de Tenerife","948",4
"KAWASAKI","Z900","Sevilla","948",6
"KAWASAKI","Z900","Tarragona","948",1
"KAWASAKI","Z900","Toledo","948",3
"KAWASAKI","Z900","Valencia/València","948",7
"KAWASAKI","Z900","Valladolid","948",2
"KAWASAKI","Z900","Zamora","948",2
"KAWASAKI","Z900RS","Alicante/Alacant","948",1
"KAWASAKI","Z900RS","Barcelona","948",2
"KAWASAKI","Z900RS","Illes Balears","948",1
"KAWASAKI","Z900RS","Madrid","948",1
"KEEWAY","FACT EVO 125","Tarragona","125",1
"KEEWAY","FACT EVO 125","Zaragoza","125",1
"KEEWAY","K-LIGHT 125","Alicante/Alacant","124",1
"KEEWAY","K-LIGHT 125","Badajoz","124",1
"KEEWAY","K-LIGHT 125","Ciudad Real","124",1
"KEEWAY","K-LIGHT 125","Madrid","124",1
"KEEWAY","M502N","Barcelona","486",1
"KEEWAY","M502N","Cádiz","486",1
"KEEWAY","RK V125C","Gipuzkoa","125",1
"KEEWAY","RK V125C","Palmas (Las)","125",2
"KEEWAY","RK V125C","Valencia/València","125",2
"KEEWAY","RKF 125","Cádiz","125",1
"KEEWAY","RKF 125","Cantabria","125",1
"KEEWAY","RKF 125","Santa Cruz de Tenerife","125",1
"KEEWAY","RKF 125 ABS","Alicante/Alacant","125",1
"KEEWAY","RKF 125 ABS","Guadalajara","125",1
"KEEWAY","RKF 125 ABS","León","125",1
"KEEWAY","RKF 125 ABS","Madrid","125",4
"KEEWAY","RKF 125 ABS","Murcia","125",1
"KEEWAY","RKF 125 ABS","Ourense","125",1
"KEEWAY","RKF 125 ABS","Sevilla","125",1
"KEEWAY","RKF 125 ABS","Valencia/València","125",1
"KEEWAY","RKF 125 CBS","Alicante/Alacant","125",1
"KEEWAY","RKF 125 CBS","Cantabria","125",1
"KEEWAY","RKF 125 CBS","Huelva","125",1
"KEEWAY","RKF 125 CBS","Madrid","125",2
"KEEWAY","RKF 125 CBS","Málaga","125",1
"KEEWAY","RKF 125 CBS","Palmas (Las)","125",1
"KEEWAY","RKF 125 CBS","Sevilla","125",2
"KEEWAY","RKF 125 CBS","Valladolid","125",1
"KEEWAY","SIXTIES 125I","Alicante/Alacant","125",1
"KEEWAY","SIXTIES 125I","Coruña (A)","125",1
"KEEWAY","SIXTIES 125I","Madrid","125",2
"KEEWAY","SIXTIES 125I","Santa Cruz de Tenerife","125",1
"KEEWAY","SIXTIES 300","Madrid","278",1
"KEEWAY","SIXTIES 300","Murcia","278",1
"KEEWAY","SIXTIES 300","Valencia/València","278",1
"KEEWAY","V-CRUISE 125","Alicante/Alacant","125",1
"KEEWAY","V-CRUISE 125","Badajoz","125",1
"KEEWAY","V-CRUISE 125","Barcelona","125",2
"KEEWAY","V-CRUISE 125","Cáceres","125",1
"KEEWAY","V-CRUISE 125","Cádiz","125",1
"KEEWAY","V-CRUISE 125","Madrid","125",1
"KEEWAY","V-CRUISE 125","Palmas (Las)","125",1
"KEEWAY","V-CRUISE 125","Sevilla","125",2
"KEEWAY","V-CRUISE 125","Tarragona","125",1
"KEEWAY","V-CRUISE 125","Valencia/València","125",3
"KEEWAY","V-CRUISE 125","Zaragoza","125",1
"KEEWAY","V302C","Barcelona","298",2
"KEEWAY","V302C","Girona","298",1
"KEEWAY","V302C","Madrid","298",2
"KEEWAY","V302C","Zaragoza","298",1
"KEEWAY","VERSILIA 125","Alicante/Alacant","125",1
"KEEWAY","VERSILIA 125","Barcelona","125",1
"KEEWAY","VERSILIA 125","Castellón/Castelló","125",1
"KEEWAY","VERSILIA 125","Córdoba","125",1
"KEEWAY","VERSILIA 125","Valladolid","125",1
"KEEWAY","VIESTE 125","Alicante/Alacant","125",2
"KEEWAY","VIESTE 125","Barcelona","125",1
"KEEWAY","VIESTE 125","Bizkaia","125",1
"KEEWAY","VIESTE 125","Córdoba","125",1
"KEEWAY","VIESTE 125","Madrid","125",3
"KEEWAY","VIESTE 125","Murcia","125",1
"KEEWAY","VIESTE 125","Tarragona","125",1
"KEEWAY","VIESTE 125LX","Cantabria","125",1
"KEEWAY","VIESTE 125LX","Castellón/Castelló","125",1
"KEEWAY","VIESTE 125LX","Santa Cruz de Tenerife","125",1
"KEEWAY","VIESTE 125LX","Valladolid","125",1
"KEEWAY","VIESTE 125XDV","Alicante/Alacant","125",2
"KEEWAY","VIESTE 125XDV","Badajoz","125",1
"KEEWAY","VIESTE 125XDV","Barcelona","125",1
"KEEWAY","VIESTE 125XDV","Bizkaia","125",1
"KEEWAY","VIESTE 125XDV","Huelva","125",1
"KEEWAY","VIESTE 125XDV","Madrid","125",1
"KEEWAY","VIESTE 125XDV","Málaga","125",1
"KEEWAY","VIESTE 125XDV","Santa Cruz de Tenerife","125",1
"KEEWAY","VIESTE 125XDV","Sevilla","125",2
"KEEWAY","VIESTE 125XDV","Valencia/València","125",1
"KEEWAY","VIESTE 300XDV","Barcelona","278",2
"KEEWAY","VIESTE 300XDV","Córdoba","278",2
"KEEWAY","VIESTE 300XDV","Lleida","278",1
"KEEWAY","VIESTE 300XDV","Tarragona","278",1
"KEEWAY","VIESTE 300XDV","Valencia/València","278",1
"KEEWAY","X-LIGHT 125","Barcelona","125",2
"KEEWAY","X-LIGHT 125","Coruña (A)","125",1
"KEEWAY","X-LIGHT 125","Santa Cruz de Tenerife","125",1
"KEEWAY","X-LIGHT 125","Segovia","125",1
"KEEWAY","X-LIGHT 125","Sevilla","125",1
"KEEWAY","X-LIGHT 125","Tarragona","125",1
"KEEWAY","X-LIGHT 125","Valencia/València","125",1
"KEEWAY","ZAHARA 125","Almería","125",1
"KEEWAY","ZAHARA 125","Cádiz","125",1
"KEEWAY","ZAHARA 125","Córdoba","125",1
"KOVE","450 RALLY","Álava/Araba","449",1
"KOVE","450 RALLY","Ávila","449",1
"KOVE","450 RALLY","Barcelona","449",3
"KOVE","450 RALLY","Cantabria","449",1
"KOVE","450 RALLY","Cuenca","449",1
"KOVE","450 RALLY","Gipuzkoa","449",1
"KOVE","450 RALLY","Girona","449",2
"KOVE","450 RALLY","Granada","449",1
"KOVE","450 RALLY","Madrid","449",3
"KOVE","450 RALLY","Málaga","449",1
"KOVE","450 RALLY","Sevilla","449",2
"KOVE","KOVE 800 X PRO","Álava/Araba","799",1
"KOVE","KOVE 800 X PRO","Almería","799",1
"KOVE","KOVE 800 X PRO","Badajoz","799",1
"KOVE","KOVE 800 X PRO","Barcelona","799",13
"KOVE","KOVE 800 X PRO","Cádiz","799",1
"KOVE","KOVE 800 X PRO","Coruña (A)","799",1
"KOVE","KOVE 800 X PRO","Gipuzkoa","799",1
"KOVE","KOVE 800 X PRO","Girona","799",1
"KOVE","KOVE 800 X PRO","Granada","799",2
"KOVE","KOVE 800 X PRO","Huelva","799",1
"KOVE","KOVE 800 X PRO","Huesca","799",1
"KOVE","KOVE 800 X PRO","Illes Balears","799",3
"KOVE","KOVE 800 X PRO","Madrid","799",4
"KOVE","KOVE 800 X PRO","Málaga","799",2
"KOVE","KOVE 800 X PRO","Melilla","799",4
"KOVE","KOVE 800 X PRO","Murcia","799",2
"KOVE","KOVE 800 X PRO","Navarra","799",1
"KOVE","KOVE 800 X PRO","Palmas (Las)","799",1
"KOVE","KOVE 800 X PRO","Pontevedra","799",2
"KOVE","KOVE 800 X PRO","Sevilla","799",1
"KOVE","KOVE 800 X PRO","Tarragona","799",5
"KOVE","KOVE 800 X PRO","Valencia/València","799",1
"KOVE","KOVE 800 X PRO","Zaragoza","799",1
"KOVE","NK 125 R","Almería","125",1
"KOVE","NK 125 R","Gipuzkoa","125",1
"KOVE","NK 125 R","Málaga","125",1
"KOVE","NK 125 R","Pontevedra","125",1
"KOVE","NK 125 R","Santa Cruz de Tenerife","125",2
"KOVE","NK 125 R","Sevilla","125",1
"KOVE","NK 125 R","Tarragona","125",1
"KOVE","NK 125 R","Zaragoza","125",1
"KTM","KTM 125 DUKE","Albacete","125",1
"KTM","KTM 125 DUKE","Alicante/Alacant","125",1
"KTM","KTM 125 DUKE","Badajoz","125",3
"KTM","KTM 125 DUKE","Barcelona","125",3
"KTM","KTM 125 DUKE","Bizkaia","125",2
"KTM","KTM 125 DUKE","Burgos","125",1
"KTM","KTM 125 DUKE","Cádiz","125",2
"KTM","KTM 125 DUKE","Cantabria","125",1
"KTM","KTM 125 DUKE","Castellón/Castelló","125",1
"KTM","KTM 125 DUKE","Córdoba","125",1
"KTM","KTM 125 DUKE","Girona","125",1
"KTM","KTM 125 DUKE","Illes Balears","125",1
"KTM","KTM 125 DUKE","Lleida","125",1
"KTM","KTM 125 DUKE","Madrid","125",12
"KTM","KTM 125 DUKE","Málaga","125",1
"KTM","KTM 125 DUKE","Murcia","125",2
"KTM","KTM 125 DUKE","Navarra","125",1
"KTM","KTM 125 DUKE","Palmas (Las)","125",1
"KTM","KTM 125 DUKE","Santa Cruz de Tenerife","125",2
"KTM","KTM 125 DUKE","Sevilla","125",2
"KTM","KTM 125 DUKE","Tarragona","125",1
"KTM","KTM 125 DUKE","Valencia/València","125",2
"KTM","KTM 125 DUKE","Zaragoza","125",1
"KTM","KTM 1290 SUPER ADVENTU","Barcelona","1301",4
"KTM","KTM 1290 SUPER ADVENTU","Bizkaia","1301",1
"KTM","KTM 1290 SUPER ADVENTU","Cáceres","1301",1
"KTM","KTM 1290 SUPER ADVENTU","Granada","1301",1
"KTM","KTM 1290 SUPER ADVENTU","Madrid","1301",3
"KTM","KTM 1290 SUPER ADVENTU","Málaga","1301",2
"KTM","KTM 1290 SUPER ADVENTU","Tarragona","1301",1
"KTM","KTM 1290 SUPER ADVENTU","Toledo","1301",1
"KTM","KTM 1290 SUPER DUKE GT","Alicante/Alacant","1301",1
"KTM","KTM 1290 SUPER DUKE GT","Cádiz","1301",1
"KTM","KTM 1290 SUPER DUKE GT","Palmas (Las)","1301",1
"KTM","KTM 1290 SUPER DUKE GT","Toledo","1301",1
"KTM","KTM 1390 SUPER DUKE R","Barcelona","1350",1
"KTM","KTM 1390 SUPER DUKE R","Ciudad Real","1350",1
"KTM","KTM 1390 SUPER DUKE R","Madrid","1350",1
"KTM","KTM 1390 SUPER DUKE R","Navarra","1350",1
"KTM","KTM 1390 SUPER DUKE R","Valencia/València","1350",1
"KTM","KTM 250 EXC","Almería","249",1
"KTM","KTM 250 EXC","Cádiz","249",1
"KTM","KTM 300 EXC","Álava/Araba","293",1
"KTM","KTM 300 EXC","Albacete","293",1
"KTM","KTM 300 EXC","Alicante/Alacant","293",1
"KTM","KTM 300 EXC","Almería","293",1
"KTM","KTM 300 EXC","Asturias","293",1
"KTM","KTM 300 EXC","Bizkaia","293",2
"KTM","KTM 300 EXC","Burgos","293",2
"KTM","KTM 300 EXC","Castellón/Castelló","293",1
"KTM","KTM 300 EXC","Ceuta","293",1
"KTM","KTM 300 EXC","Gipuzkoa","293",1
"KTM","KTM 300 EXC","Madrid","293",1
"KTM","KTM 300 EXC","Murcia","293",2
"KTM","KTM 300 EXC","Sevilla","293",1
"KTM","KTM 300 EXC","Tarragona","293",1
"KTM","KTM 300 EXC","Teruel","293",1
"KTM","KTM 350 EXC-F","Granada","350",1
"KTM","KTM 350 EXC-F","Madrid","350",2
"KTM","KTM 350 EXC-F","Valencia/València","350",1
"KTM","KTM 390 ADVENTURE","Granada","373",1
"KTM","KTM 390 ADVENTURE","Madrid","373",3
"KTM","KTM 390 ADVENTURE","Murcia","373",1
"KTM","KTM 390 ADVENTURE","Navarra","373",1
"KTM","KTM 390 ADVENTURE","Toledo","373",1
"KTM","KTM 390 ADVENTURE","Valencia/València","373",1
"KTM","KTM 390 DUKE","Alicante/Alacant","399",1
"KTM","KTM 390 DUKE","Barcelona","399",2
"KTM","KTM 390 DUKE","Cáceres","399",1
"KTM","KTM 390 DUKE","Illes Balears","399",1
"KTM","KTM 390 DUKE","Jaén","399",1
"KTM","KTM 390 DUKE","León","399",1
"KTM","KTM 390 DUKE","Madrid","399",2
"KTM","KTM 390 DUKE","Navarra","399",1
"KTM","KTM 390 DUKE","Santa Cruz de Tenerife","399",1
"KTM","KTM 450 EXC-F","Barcelona","450",2
"KTM","KTM 450 EXC-F","Cuenca","450",1
"KTM","KTM 500 EXC-F","Valencia/València","510",1
"KTM","KTM 690 ENDURO R","Barcelona","693",1
"KTM","KTM 690 ENDURO R","Madrid","693",1
"KTM","KTM 790 ADVENTURE","Álava/Araba","799",1
"KTM","KTM 790 ADVENTURE","Badajoz","799",1
"KTM","KTM 790 ADVENTURE","Barcelona","799",6
"KTM","KTM 790 ADVENTURE","Cuenca","799",1
"KTM","KTM 790 ADVENTURE","Granada","799",1
"KTM","KTM 790 ADVENTURE","Huelva","799",1
"KTM","KTM 790 ADVENTURE","Madrid","799",1
"KTM","KTM 790 ADVENTURE","Murcia","799",2
"KTM","KTM 790 ADVENTURE","Valencia/València","799",1
"KTM","KTM 790 DUKE L","Cantabria","799",1
"KTM","KTM 790 DUKE L","Córdoba","799",1
"KTM","KTM 790 DUKE L","Guadalajara","799",1
"KTM","KTM 790 DUKE L","Illes Balears","799",1
"KTM","KTM 790 DUKE L","Navarra","799",2
"KTM","KTM 790 DUKE L","Rioja (La)","799",1
"KTM","KTM 790 DUKE L","Santa Cruz de Tenerife","799",1
"KTM","KTM 790 DUKE L","Sevilla","799",1
"KTM","KTM 790 DUKE L","Valencia/València","799",2
"KTM","KTM 890 ADVENTURE","Alicante/Alacant","889",1
"KTM","KTM 890 ADVENTURE","Barcelona","889",1
"KTM","KTM 890 ADVENTURE","Castellón/Castelló","889",2
"KTM","KTM 890 ADVENTURE","Gipuzkoa","889",1
"KTM","KTM 890 ADVENTURE","Illes Balears","889",1
"KTM","KTM 890 ADVENTURE","Málaga","889",1
"KTM","KTM 890 ADVENTURE","Palmas (Las)","889",1
"KTM","KTM 890 ADVENTURE","Tarragona","889",1
"KTM","KTM 890 ADVENTURE R","Álava/Araba","889",1
"KTM","KTM 890 ADVENTURE R","Ávila","889",1
"KTM","KTM 890 ADVENTURE R","Barcelona","889",6
"KTM","KTM 890 ADVENTURE R","Bizkaia","889",4
"KTM","KTM 890 ADVENTURE R","Cáceres","889",2
"KTM","KTM 890 ADVENTURE R","Castellón/Castelló","889",2
"KTM","KTM 890 ADVENTURE R","Coruña (A)","889",1
"KTM","KTM 890 ADVENTURE R","Girona","889",2
"KTM","KTM 890 ADVENTURE R","Granada","889",2
"KTM","KTM 890 ADVENTURE R","Illes Balears","889",1
"KTM","KTM 890 ADVENTURE R","Madrid","889",3
"KTM","KTM 890 ADVENTURE R","Málaga","889",3
"KTM","KTM 890 ADVENTURE R","Pontevedra","889",1
"KTM","KTM 890 ADVENTURE R","Tarragona","889",1
"KTM","KTM 890 ADVENTURE R","Valencia/València","889",2
"KTM","KTM 890 ADVENTURE R","Valladolid","889",2
"KTM","KTM 890 ADVENTURE R","Zaragoza","889",1
"KTM","KTM 890 SM T","Barcelona","889",1
"KTM","KTM 990 DUKE","Albacete","947",1
"KTM","KTM 990 DUKE","Cantabria","947",2
"KTM","KTM RC 125","Madrid","125",1
"KTM","KTM RC 125","Ourense","125",1
"KYMCO","AGILITY CITY 125","Alicante/Alacant","125",18
"KYMCO","AGILITY CITY 125","Almería","125",4
"KYMCO","AGILITY CITY 125","Ávila","125",1
"KYMCO","AGILITY CITY 125","Badajoz","125",1
"KYMCO","AGILITY CITY 125","Barcelona","125",17
"KYMCO","AGILITY CITY 125","Cádiz","125",20
"KYMCO","AGILITY CITY 125","Castellón/Castelló","125",2
"KYMCO","AGILITY CITY 125","Ceuta","125",2
"KYMCO","AGILITY CITY 125","Córdoba","125",4
"KYMCO","AGILITY CITY 125","Coruña (A)","125",6
"KYMCO","AGILITY CITY 125","Gipuzkoa","125",4
"KYMCO","AGILITY CITY 125","Girona","125",3
"KYMCO","AGILITY CITY 125","Granada","125",8
"KYMCO","AGILITY CITY 125","Huelva","125",1
"KYMCO","AGILITY CITY 125","Huesca","125",1
"KYMCO","AGILITY CITY 125","Illes Balears","125",8
"KYMCO","AGILITY CITY 125","Jaén","125",6
"KYMCO","AGILITY CITY 125","León","125",1
"KYMCO","AGILITY CITY 125","Madrid","125",8
"KYMCO","AGILITY CITY 125","Málaga","125",22
"KYMCO","AGILITY CITY 125","Murcia","125",7
"KYMCO","AGILITY CITY 125","Navarra","125",3
"KYMCO","AGILITY CITY 125","Palmas (Las)","125",2
"KYMCO","AGILITY CITY 125","Pontevedra","125",1
"KYMCO","AGILITY CITY 125","Santa Cruz de Tenerife","125",4
"KYMCO","AGILITY CITY 125","Sevilla","125",9
"KYMCO","AGILITY CITY 125","Tarragona","125",5
"KYMCO","AGILITY CITY 125","Valencia/València","125",9
"KYMCO","AGILITY CITY 125","Zaragoza","125",5
"KYMCO","AGILITY S","Alicante/Alacant","125",1
"KYMCO","AGILITY S","Asturias","125",9
"KYMCO","AGILITY S","Barcelona","125",15
"KYMCO","AGILITY S","Bizkaia","125",1
"KYMCO","AGILITY S","Cádiz","125",2
"KYMCO","AGILITY S","Ciudad Real","125",1
"KYMCO","AGILITY S","Coruña (A)","125",1
"KYMCO","AGILITY S","Girona","125",1
"KYMCO","AGILITY S","Granada","125",5
"KYMCO","AGILITY S","Huelva","125",1
"KYMCO","AGILITY S","Illes Balears","125",3
"KYMCO","AGILITY S","Jaén","125",3
"KYMCO","AGILITY S","Lleida","125",2
"KYMCO","AGILITY S","Madrid","125",4
"KYMCO","AGILITY S","Málaga","125",5
"KYMCO","AGILITY S","Murcia","125",7
"KYMCO","AGILITY S","Palmas (Las)","125",1
"KYMCO","AGILITY S","Santa Cruz de Tenerife","125",1
"KYMCO","AGILITY S","Sevilla","125",1
"KYMCO","AGILITY S","Valencia/València","125",1
"KYMCO","AGILITY S","Valladolid","125",1
"KYMCO","AGILITY S","Zamora","125",1
"KYMCO","AGILITY S","Zaragoza","125",1
"KYMCO","AK 550","Alicante/Alacant","550",1
"KYMCO","AK 550","Barcelona","550",3
"KYMCO","AK 550","León","550",1
"KYMCO","AK 550","Tarragona","550",1
"KYMCO","AK 550","Zaragoza","550",1
"KYMCO","DTX 125","Albacete","124",1
"KYMCO","DTX 125","Alicante/Alacant","124",6
"KYMCO","DTX 125","Asturias","124",1
"KYMCO","DTX 125","Barcelona","124",6
"KYMCO","DTX 125","Bizkaia","124",1
"KYMCO","DTX 125","Cádiz","124",1
"KYMCO","DTX 125","Cantabria","124",1
"KYMCO","DTX 125","Castellón/Castelló","124",1
"KYMCO","DTX 125","Coruña (A)","124",1
"KYMCO","DTX 125","Granada","124",1
"KYMCO","DTX 125","Huelva","124",2
"KYMCO","DTX 125","Illes Balears","124",3
"KYMCO","DTX 125","León","124",1
"KYMCO","DTX 125","Madrid","124",2
"KYMCO","DTX 125","Málaga","124",2
"KYMCO","DTX 125","Murcia","124",3
"KYMCO","DTX 125","Palmas (Las)","124",1
"KYMCO","DTX 125","Santa Cruz de Tenerife","124",3
"KYMCO","DTX 125","Sevilla","124",3
"KYMCO","DTX 125","Toledo","124",2
"KYMCO","DTX 125","Valencia/València","124",19
"KYMCO","DTX 125","Zaragoza","124",1
"KYMCO","DTX 350","Asturias","321",1
"KYMCO","DTX 350","Barcelona","321",7
"KYMCO","DTX 350","Cádiz","321",1
"KYMCO","DTX 350","Córdoba","321",1
"KYMCO","DTX 350","Granada","321",3
"KYMCO","DTX 350","Illes Balears","321",1
"KYMCO","DTX 350","Madrid","321",3
"KYMCO","DTX 350","Murcia","321",2
"KYMCO","DTX 350","Valencia/València","321",9
"KYMCO","PEOPLE S 125","Almería","125",1
"KYMCO","PEOPLE S 125","Barcelona","125",17
"KYMCO","PEOPLE S 125","Castellón/Castelló","125",1
"KYMCO","PEOPLE S 125","Granada","125",1
"KYMCO","PEOPLE S 125","Málaga","125",3
"KYMCO","PEOPLE S 125","Valencia/València","125",4
"KYMCO","PEOPLE S 125","Zaragoza","125",1
"KYMCO","SKYTOWN 125","Albacete","125",3
"KYMCO","SKYTOWN 125","Alicante/Alacant","125",13
"KYMCO","SKYTOWN 125","Almería","125",10
"KYMCO","SKYTOWN 125","Asturias","125",4
"KYMCO","SKYTOWN 125","Badajoz","125",3
"KYMCO","SKYTOWN 125","Barcelona","125",43
"KYMCO","SKYTOWN 125","Bizkaia","125",7
"KYMCO","SKYTOWN 125","Cáceres","125",1
"KYMCO","SKYTOWN 125","Cádiz","125",20
"KYMCO","SKYTOWN 125","Cantabria","125",5
"KYMCO","SKYTOWN 125","Ceuta","125",1
"KYMCO","SKYTOWN 125","Ciudad Real","125",3
"KYMCO","SKYTOWN 125","Córdoba","125",4
"KYMCO","SKYTOWN 125","Coruña (A)","125",1
"KYMCO","SKYTOWN 125","Gipuzkoa","125",2
"KYMCO","SKYTOWN 125","Girona","125",4
"KYMCO","SKYTOWN 125","Granada","125",7
"KYMCO","SKYTOWN 125","Huelva","125",1
"KYMCO","SKYTOWN 125","Illes Balears","125",11
"KYMCO","SKYTOWN 125","Jaén","125",3
"KYMCO","SKYTOWN 125","León","125",3
"KYMCO","SKYTOWN 125","Madrid","125",21
"KYMCO","SKYTOWN 125","Málaga","125",17
"KYMCO","SKYTOWN 125","Murcia","125",3
"KYMCO","SKYTOWN 125","Navarra","125",2
"KYMCO","SKYTOWN 125","Palmas (Las)","125",1
"KYMCO","SKYTOWN 125","Pontevedra","125",5
"KYMCO","SKYTOWN 125","Rioja (La)","125",2
"KYMCO","SKYTOWN 125","Santa Cruz de Tenerife","125",6
"KYMCO","SKYTOWN 125","Segovia","125",1
"KYMCO","SKYTOWN 125","Sevilla","125",7
"KYMCO","SKYTOWN 125","Soria","125",1
"KYMCO","SKYTOWN 125","Toledo","125",1
"KYMCO","SKYTOWN 125","Valencia/València","125",90
"KYMCO","SKYTOWN 125","Valladolid","125",1
"KYMCO","SKYTOWN 125","Zaragoza","125",4
"KYMCO","X-TOWN CT 125","Asturias","125",1
"KYMCO","X-TOWN CT 125","Barcelona","125",5
"KYMCO","X-TOWN CT 125","Cádiz","125",3
"KYMCO","X-TOWN CT 125","Coruña (A)","125",1
"KYMCO","X-TOWN CT 125","Jaén","125",1
"KYMCO","X-TOWN CT 125","Madrid","125",5
"KYMCO","X-TOWN CT 125","Málaga","125",2
"KYMCO","X-TOWN CT 125","Murcia","125",1
"KYMCO","X-TOWN CT 125","Palmas (Las)","125",1
"KYMCO","X-TOWN CT 125","Santa Cruz de Tenerife","125",1
"KYMCO","X-TOWN CT 125","Sevilla","125",2
"KYMCO","X-TOWN CT 125","Toledo","125",1
"KYMCO","X-TOWN CT 125","Zaragoza","125",1
"KYMCO","X-TOWN CT 300","Barcelona","276",4
"KYMCO","X-TOWN CT 300","Bizkaia","276",1
"KYMCO","X-TOWN CT 300","Jaén","276",1
"KYMCO","X-TOWN CT 300","Madrid","276",2
"KYMCO","X-TOWN CT 300","Murcia","276",1
"KYMCO","X-TOWN CT 300","Palmas (Las)","276",1
"KYMCO","XCITING VS 400","Albacete","400",1
"KYMCO","XCITING VS 400","Alicante/Alacant","400",1
"KYMCO","XCITING VS 400","Almería","400",1
"KYMCO","XCITING VS 400","Asturias","400",2
"KYMCO","XCITING VS 400","Barcelona","400",5
"KYMCO","XCITING VS 400","Bizkaia","400",1
"KYMCO","XCITING VS 400","Cádiz","400",1
"KYMCO","XCITING VS 400","Córdoba","400",1
"KYMCO","XCITING VS 400","Granada","400",1
"KYMCO","XCITING VS 400","Illes Balears","400",1
"KYMCO","XCITING VS 400","Madrid","400",2
"KYMCO","XCITING VS 400","Málaga","400",1
"KYMCO","XCITING VS 400","Santa Cruz de Tenerife","400",3
"KYMCO","XCITING VS 400","Valencia/València","400",10
"LAMBRETTA","G350 SPECIAL","Barcelona","330",1
"LAMBRETTA","G350 SPECIAL","Burgos","330",1
"LAMBRETTA","V125 SPECIAL FLEX","Alicante/Alacant","125",1
"LAMBRETTA","V125 SPECIAL FLEX","Barcelona","125",1
"LAMBRETTA","V125 SPECIAL FLEX","Cádiz","125",1
"LAMBRETTA","V125 SPECIAL FLEX","Girona","125",1
"LAMBRETTA","V125 SPECIAL FLEX","Illes Balears","125",1
"LAMBRETTA","X300","Barcelona","275",2
"LAMBRETTA","X300","Córdoba","275",1
"LEONART","KP450R-B","Navarra","446",1
"LEONART","M11-125","Barcelona","125",1
"LEONART","M16-125","Barcelona","125",1
"LEONART","M16-125","Valencia/València","125",1
"LEONART","PILDER 125","Barcelona","125",2
"LEONART","PILDER 125","Tarragona","125",1
"LEONART","PILDER 125","Valencia/València","125",1
"LEONART","PILDER 125","Valladolid","125",1
"LEONART","TRACKER 125","Madrid","125",1
"LEONART","TRACKER 125","Santa Cruz de Tenerife","125",1
"LINHAI","---","Valencia/València","125",3
"LINHAI","BUCK ADV","Alicante/Alacant","124",1
"LINHAI","BUCK ADV","Almería","124",1
"LINHAI","BUCK ADV","Córdoba","124",1
"LINHAI","BUCK ADV","Gipuzkoa","124",1
"LINHAI","BUCK ADV","Málaga","124",2
"LINHAI","BUCK ADV","Pontevedra","124",1
"LINHAI","BUCK ADV","Valencia/València","124",3
"MACBOR","8 MILE 500 SCR","Murcia","471",1
"MACBOR","8 MILE 500 SCR","Palmas (Las)","471",1
"MACBOR","EIGHT MILE 125","Madrid","124",1
"MACBOR","EIGHT MILE 125 LC","Madrid","124",1
"MACBOR","EIGHT MILE 125 LC","Málaga","124",1
"MACBOR","EIGHT MILE 125 LC","Palmas (Las)","124",1
"MACBOR","EIGHT MILE 125 LC","Santa Cruz de Tenerife","124",2
"MACBOR","EIGHT MILE 125 LC","Sevilla","124",2
"MACBOR","FUN 125 PLUS E5","Barcelona","124",1
"MACBOR","FUN 125 PLUS E5","Castellón/Castelló","124",1
"MACBOR","FUN 125 PLUS E5","Girona","124",1
"MACBOR","FUN 125 PLUS E5","Huesca","124",1
"MACBOR","FUN 125 PLUS E5","Illes Balears","124",1
"MACBOR","FUN 125 PLUS E5","Palmas (Las)","124",1
"MACBOR","FUN 125 PLUS E5","Salamanca","124",1
"MACBOR","FUN 125 PLUS E5","Santa Cruz de Tenerife","124",1
"MACBOR","FUN 125 PLUS E5","Sevilla","124",1
"MACBOR","JOHNNY BE GOOD 125 E5","Barcelona","124",1
"MACBOR","JOHNNY BE GOOD 125 E5","Lleida","124",1
"MACBOR","JOHNNY BE GOOD 125 E5","Salamanca","124",1
"MACBOR","LORD MARTIN 125 E5","Asturias","124",1
"MACBOR","MONTANA XR1 125","Almería","124",1
"MACBOR","MONTANA XR1 125","Barcelona","124",3
"MACBOR","MONTANA XR1 125","Cádiz","124",1
"MACBOR","MONTANA XR1 125","Granada","124",1
"MACBOR","MONTANA XR1 125","Illes Balears","124",1
"MACBOR","MONTANA XR1 125","Madrid","124",1
"MACBOR","MONTANA XR1 125","Málaga","124",1
"MACBOR","MONTANA XR1 125","Murcia","124",1
"MACBOR","MONTANA XR1 125","Palencia","124",1
"MACBOR","MONTANA XR1 125","Palmas (Las)","124",1
"MACBOR","MONTANA XR1 125","Rioja (La)","124",1
"MACBOR","MONTANA XR1 125","Sevilla","124",1
"MACBOR","MONTANA XR1 125","Valencia/València","124",1
"MACBOR","MONTANA XR1 125","Valladolid","124",1
"MACBOR","MONTANA XR1 125","Zaragoza","124",1
"MACBOR","MONTANA XR5 510","Almería","498",2
"MACBOR","MONTANA XR5 510","Badajoz","498",1
"MACBOR","MONTANA XR5 510","Barcelona","498",11
"MACBOR","MONTANA XR5 510","Cádiz","498",4
"MACBOR","MONTANA XR5 510","Cantabria","498",3
"MACBOR","MONTANA XR5 510","Girona","498",1
"MACBOR","MONTANA XR5 510","Granada","498",1
"MACBOR","MONTANA XR5 510","Guadalajara","498",1
"MACBOR","MONTANA XR5 510","Lleida","498",1
"MACBOR","MONTANA XR5 510","Madrid","498",4
"MACBOR","MONTANA XR5 510","Murcia","498",3
"MACBOR","MONTANA XR5 510","Navarra","498",1
"MACBOR","MONTANA XR5 510","Pontevedra","498",1
"MACBOR","MONTANA XR5 510","Rioja (La)","498",1
"MACBOR","MONTANA XR5 510","Santa Cruz de Tenerife","498",2
"MACBOR","MONTANA XR5 510","Sevilla","498",4
"MACBOR","MONTANA XR5 510","Tarragona","498",2
"MACBOR","MONTANA XR5 510","Valencia/València","498",2
"MACBOR","MONTANA XR5 510","Zaragoza","498",1
"MACBOR","ROCKSTER 125","Barcelona","125",2
"MACBOR","ROCKSTER 125","Cádiz","125",1
"MACBOR","ROCKSTER 125","Huesca","125",1
"MACBOR","ROCKSTER 125","Illes Balears","125",1
"MACBOR","ROCKSTER 125","Murcia","125",1
"MACBOR","ROCKSTER 125","Santa Cruz de Tenerife","125",1
"MACBOR","ROCKSTER 125","Tarragona","125",3
"MACBOR","ROCKSTER 125","Valencia/València","125",1
"MACBOR","ROCKSTER 125","Zaragoza","125",1
"MACBOR","ROCKSTER 125 E5","Barcelona","125",1
"MACBOR","ROCKSTER 410","Albacete","401",1
"MACBOR","ROCKSTER 410","Asturias","401",1
"MACBOR","ROCKSTER 410","Barcelona","401",3
"MACBOR","ROCKSTER 410","Cádiz","401",1
"MACBOR","ROCKSTER 410","Córdoba","401",1
"MACBOR","ROCKSTER 410","Murcia","401",1
"MACBOR","ROCKSTER 410","Palmas (Las)","401",1
"MACBOR","ROCKSTER 410","Santa Cruz de Tenerife","401",1
"MACBOR","ROCKSTER 410","Teruel","401",1
"MACBOR","ROCKSTER 410","Valladolid","401",1
"MACBOR","ROCKSTER FLAT 125","Barcelona","125",1
"MACBOR","ROCKSTER FLAT 125","Guadalajara","125",1
"MACBOR","ROCKSTER FLAT 125","Melilla","125",1
"MACBOR","ROCKSTER FLAT 125","Pontevedra","125",1
"MACBOR","ROCKSTER FLAT 125","Sevilla","125",2
"MACBOR","ROCKSTER FLAT 125","Tarragona","125",2
"MACBOR","ROCKSTER FLAT 125","Toledo","125",1
"MACBOR","ROCKSTER FLAT 125","Valencia/València","125",1
"MACBOR","ROCKSTER FLAT 125","Zaragoza","125",1
"MALAGUTI","DRAKON 125","Toledo","124",1
"MALAGUTI","DUNE 125","Gipuzkoa","124",1
"MALAGUTI","DUNE 125","Illes Balears","124",2
"MALAGUTI","MISSION 125","Granada","124",1
"MALAGUTI","XTM 125","Jaén","124",1
"MALAGUTI","XTM 125","Madrid","124",1
"MALCOR IBERICA","ROME","Cádiz","124",2
"MALCOR IBERICA","ROME","Sevilla","124",1
"MALCOR IBERICA","SX125","Murcia","124",1
"MALCOR IBERICA","SX125","Sevilla","124",1
"MBP","C1002V","Alicante/Alacant","997",1
"MBP","C1002V","Almería","997",1
"MBP","C1002V","Barcelona","997",1
"MBP","C1002V","Córdoba","997",1
"MBP","C1002V","Granada","997",1
"MBP","C1002V","Madrid","997",1
"MBP","C1002V","Pontevedra","997",1
"MBP","C1002V","Sevilla","997",1
"MBP","C1002V","Valencia/València","997",1
"MBP","SC 125","Alicante/Alacant","125",1
"MBP","SC 125","Málaga","125",1
"MBP","SC125LX","Gipuzkoa","125",1
"MBP","SC125LX","León","125",1
"MBP","SC125LX","Tarragona","125",1
"MBP","SC300","Bizkaia","278",1
"MBP","SC300","Ceuta","278",1
"MBP","SC300","Murcia","278",1
"MBP","SC300","Tarragona","278",1
"MH MOTORCYCLES","REVENGE BRAVO EDITION","Coruña (A)","124",1
"MH MOTORCYCLES","RYX","Madrid","124",1
"MH MOTORCYCLES","TRAY","Albacete","125",1
"MH MOTORCYCLES","TRAY","Almería","125",2
"MH MOTORCYCLES","TRAY","Asturias","125",1
"MH MOTORCYCLES","TRAY","Barcelona","125",5
"MH MOTORCYCLES","TRAY","Cáceres","125",2
"MH MOTORCYCLES","TRAY","Cádiz","125",3
"MH MOTORCYCLES","TRAY","Córdoba","125",2
"MH MOTORCYCLES","TRAY","Coruña (A)","125",1
"MH MOTORCYCLES","TRAY","Granada","125",1
"MH MOTORCYCLES","TRAY","Illes Balears","125",1
"MH MOTORCYCLES","TRAY","Madrid","125",1
"MH MOTORCYCLES","TRAY","Málaga","125",4
"MH MOTORCYCLES","TRAY","Murcia","125",4
"MH MOTORCYCLES","TRAY","Palmas (Las)","125",6
"MH MOTORCYCLES","TRAY","Sevilla","125",6
"MH MOTORCYCLES","TRAY","Valencia/València","125",7
"MH MOTORCYCLES","TRAY","Zaragoza","125",1
"MH MOTORCYCLES","VIRO","Alicante/Alacant","333",1
"MH MOTORCYCLES","VIRO","Cádiz","333",1
"MH MOTORCYCLES","VIRO","Málaga","333",1
"MH MOTORCYCLES","VIRO","Santa Cruz de Tenerife","333",1
"MH MOTORCYCLES","VR10","Alicante/Alacant","124",3
"MH MOTORCYCLES","VR10","Cádiz","124",2
"MH MOTORCYCLES","VR10","Coruña (A)","124",1
"MH MOTORCYCLES","VR10","Málaga","124",2
"MH MOTORCYCLES","VR10","Murcia","124",1
"MH MOTORCYCLES","VR10","Palmas (Las)","124",3
"MH MOTORCYCLES","VR10","Pontevedra","124",3
"MH MOTORCYCLES","VR10","Santa Cruz de Tenerife","124",1
"MH MOTORCYCLES","VR10","Sevilla","124",2
"MH MOTORCYCLES","VR10","Tarragona","124",1
"MH MOTORCYCLES","VRT","Alicante/Alacant","124",1
"MH MOTORCYCLES","VRT","Córdoba","124",3
"MH MOTORCYCLES","VRT","Illes Balears","124",2
"MH MOTORCYCLES","VRT","Málaga","124",2
"MH MOTORCYCLES","VRT","Pontevedra","124",1
"MH MOTORCYCLES","VRT","Santa Cruz de Tenerife","124",1
"MH MOTORCYCLES","VRT","Sevilla","124",1
"MH MOTORCYCLES","VRT","Valencia/València","124",1
"MH MOTORCYCLES","XRT","Cádiz","125",1
"MH MOTORCYCLES","XRT","Granada","125",1
"MH MOTORCYCLES","XRT","Navarra","125",1
"MITT","125GP","Alicante/Alacant","124",1
"MITT","125GP","Ávila","124",1
"MITT","125GP","Cáceres","124",1
"MITT","125GP","Madrid","124",2
"MITT","125GP","Málaga","124",1
"MITT","125GP","Palmas (Las)","124",1
"MITT","125GP","Sevilla","124",1
"MITT","125GP","Valencia/València","124",1
"MITT","125GTS","Almería","125",1
"MITT","125GTS","Barcelona","125",4
"MITT","125GTS","Cantabria","125",1
"MITT","125GTS","Ciudad Real","125",1
"MITT","125GTS","Córdoba","125",1
"MITT","125GTS","Huesca","125",1
"MITT","125GTS","Madrid","125",3
"MITT","125GTS","Málaga","125",1
"MITT","125GTS","Murcia","125",1
"MITT","125GTS","Palmas (Las)","125",1
"MITT","125GTS","Santa Cruz de Tenerife","125",1
"MITT","125GTS","Sevilla","125",6
"MITT","125GTS","Valencia/València","125",3
"MITT","125R1","Ciudad Real","124",1
"MITT","125R1","Illes Balears","124",1
"MITT","125R1","Sevilla","124",2
"MITT","125R1","Valencia/València","124",1
"MITT","125R1","Valladolid","124",1
"MITT","278","Cáceres","125",1
"MITT","278","Ciudad Real","125",1
"MITT","278","Madrid","125",1
"MITT","278","Málaga","125",1
"MITT","278","Sevilla","125",2
"MITT","300GT MAX","Huelva","276",1
"MITT","330 GTS","Málaga","276",1
"MITT","CPX 125 LIQUID","Barcelona","125",2
"MITT","CPX 125 LIQUID","Ciudad Real","125",1
"MITT","CPX 125 LIQUID","Santa Cruz de Tenerife","125",1
"MITT","CPX 125 LIQUID","Sevilla","125",1
"MITT","EMPEROR","Almería","125",2
"MITT","EMPEROR","Barcelona","125",1
"MITT","EMPEROR","Bizkaia","125",1
"MITT","EMPEROR","Murcia","125",1
"MITT","EMPEROR","Sevilla","125",1
"MITT","EMPEROR","Valencia/València","125",1
"MITT","FUNRIDER","Alicante/Alacant","125",1
"MITT","FUNRIDER","Málaga","125",1
"MITT","FUNRIDER","Navarra","125",1
"MITT","FUNRIDER","Palmas (Las)","125",1
"MITT","FUNRIDER","Sevilla","125",1
"MITT","FUNRIDER","Valencia/València","125",1
"MITT","KYLIN 750","Almería","730",2
"MITT","KYLIN 750","Badajoz","730",1
"MITT","KYLIN 750","Bizkaia","730",1
"MITT","KYLIN 750","Huelva","730",1
"MITT","KYLIN 750","Madrid","730",2
"MITT","KYLIN 750","Málaga","730",1
"MITT","KYLIN 750","Sevilla","730",4
"MITT","KYLIN 750","Tarragona","730",1
"MITT","KYLIN 750","Teruel","730",1
"MITT","KYLIN 750","Valencia/València","730",1
"MITT","LEGEND 301","Navarra","234",1
"MITT","LEGRAND","Sevilla","124",1
"MITT","LEGRAND","Valencia/València","124",1
"MITT","MITT 555TT","Alicante/Alacant","471",2
"MITT","MITT 555TT","Ávila","471",1
"MITT","MITT 555TT","Barcelona","471",3
"MITT","MITT 555TT","Madrid","471",1
"MITT","MITT 555TT","Sevilla","471",2
"MITT","MITT ADV 125","Barcelona","124",1
"MITT","MITT ADV 125","Cádiz","124",1
"MITT","MITT ADV 125","Ciudad Real","124",1
"MITT","MITT ADV 125","Jaén","124",1
"MITT","MITT ADV 125","Madrid","124",1
"MITT","MITT ADV 125","Málaga","124",1
"MITT","MITT ADV 125","Navarra","124",1
"MITT","MITT ADV 125","Sevilla","124",2
"MITT","MITT ADV 125","Toledo","124",1
"MITT","MITT ADV 125","Valencia/València","124",1
"MITT","MITT ADV 530","Barcelona","471",1
"MITT","MITT SUPPER","Almería","124",4
"MITT","MITT SUPPER","Barcelona","124",1
"MITT","MITT SUPPER","Cádiz","124",1
"MITT","MITT SUPPER","Ciudad Real","124",1
"MITT","MITT SUPPER","Madrid","124",1
"MITT","MITT SUPPER","Málaga","124",2
"MITT","MITT SUPPER","Murcia","124",1
"MITT","MITT SUPPER","Palmas (Las)","124",2
"MITT","MITT SUPPER","Pontevedra","124",1
"MITT","MITT SUPPER","Rioja (La)","124",1
"MITT","MITT SUPPER","Santa Cruz de Tenerife","124",1
"MITT","MITT SUPPER","Teruel","124",1
"MITT","MITT SUPPER","Valencia/València","124",1
"MITT","MITT SUPPER","Valladolid","124",1
"MITT","MITT SUPPER","Zaragoza","124",2
"MITT","MITT125URBAN","Palmas (Las)","124",1
"MITT","OGAR LEGEND","Asturias","125",1
"MITT","OGAR LEGEND","Madrid","125",1
"MITT","OGAR LEGEND","Palmas (Las)","125",1
"MITT","OGAR LEGEND","Rioja (La)","125",1
"MITT","OGAR LEGEND","Sevilla","125",1
"MITT","SCRAMBLER 125","Madrid","124",1
"MITT","TEKKEN 125","Almería","124",1
"MITT","TRAVELLER","Alicante/Alacant","799",1
"MITT","TRAVELLER","Valencia/València","799",1
"MITT","TY125T-26F","Barcelona","125",1
"MITT","TY125T-26F","Málaga","125",4
"MITT","TY125T-26F","Murcia","125",1
"MITT","TY125T-26F","Palmas (Las)","125",1
"MITT","TY125T-26F","Sevilla","125",4
"MITT","TY125T-26F","Valencia/València","125",1
"MITT","XRS","Bizkaia","124",1
"MITT","XRS","Illes Balears","124",1
"MITT","XRS","Málaga","124",1
"MITT","XRS","Palmas (Las)","124",1
"MITT","XRS","Sevilla","124",1
"MONDIAL","HPS","Albacete","124",1
"MONDIAL","HPS","Alicante/Alacant","124",1
"MONDIAL","HPS","Barcelona","124",1
"MONDIAL","HPS","Illes Balears","124",2
"MONDIAL","HPS","Sevilla","124",1
"MONDIAL","HPS","Valencia/València","124",1
"MONDIAL","PIEGA","Albacete","124",1
"MONDIAL","PIEGA","Alicante/Alacant","124",2
"MONDIAL","PIEGA","Ávila","124",1
"MONDIAL","PIEGA","Murcia","124",1
"MONDIAL","SMX","Guadalajara","124",1
"MONDIAL","SMX","Huelva","124",1
"MONDIAL","SPARTAN 125","Albacete","124",1
"MONDIAL","SPARTAN 125","Alicante/Alacant","124",1
"MONDIAL","SPARTAN 125","Santa Cruz de Tenerife","124",1
"MONDIAL","SPARTAN 125","Toledo","124",1
"MONKEY BIKES","DAX 125","Asturias","124",1
"MONKEY BIKES","T-REX 125","Granada","124",1
"MONKEY BIKES","T-REX 125","Málaga","124",1
"MONKEY BIKES","TRACKER 125","Palmas (Las)","124",2
"MONTESA","4RIDE","Barcelona","259",2
"MONTESA","4RIDE","Gipuzkoa","259",1
"MONTESA","4RIDE","Jaén","259",1
"MONTESA","4RIDE","Valencia/València","259",1
"MONTESA","COTA 4RT 260","Barcelona","259",1
"MONTESA","COTA 4RT 260","Illes Balears","259",1
"MONTESA","COTA 4RT 260","Tarragona","259",2
"MONTESA","COTA 4RT 301RR","Barcelona","298",4
"MONTESA","COTA 4RT 301RR","Murcia","298",1
"MORBIDELLI","T1002VX","Alicante/Alacant","997",1
"MORBIDELLI","T1002VX","Almería","997",1
"MORBIDELLI","T1002VX","Badajoz","997",1
"MORBIDELLI","T1002VX","Barcelona","997",2
"MORBIDELLI","T1002VX","Bizkaia","997",1
"MORBIDELLI","T1002VX","Cáceres","997",1
"MORBIDELLI","T1002VX","Cádiz","997",1
"MORBIDELLI","T1002VX","Cantabria","997",1
"MORBIDELLI","T1002VX","Ciudad Real","997",1
"MORBIDELLI","T1002VX","Gipuzkoa","997",2
"MORBIDELLI","T1002VX","Girona","997",1
"MORBIDELLI","T1002VX","Huelva","997",1
"MORBIDELLI","T1002VX","Lugo","997",1
"MORBIDELLI","T1002VX","Madrid","997",3
"MORBIDELLI","T1002VX","Málaga","997",1
"MORBIDELLI","T1002VX","Murcia","997",2
"MORBIDELLI","T1002VX","Sevilla","997",2
"MORBIDELLI","T1002VX","Toledo","997",1
"MORBIDELLI","T1002VX","Valencia/València","997",1
"MOTO GUZZI","STELVIO","Tarragona","1042",1
"MOTO GUZZI","STELVIO (A.R.A.S.)","Valencia/València","1042",1
"MOTO GUZZI","STELVIO (A.R.A.S.)","Zaragoza","1042",1
"MOTO GUZZI","V100 MANDELLO S","Alicante/Alacant","1042",1
"MOTO GUZZI","V100 MANDELLO S","Madrid","1042",1
"MOTO GUZZI","V7 SPECIAL","Santa Cruz de Tenerife","853",1
"MOTO GUZZI","V7 STONE","Huelva","853",1
"MOTO GUZZI","V7 STONE","Málaga","853",1
"MOTO GUZZI","V85 STRADA","Barcelona","853",1
"MOTO GUZZI","V85 STRADA","Palmas (Las)","853",1
"MOTO GUZZI","V85 TT","Cádiz","853",1
"MOTO GUZZI","V85 TT","Gipuzkoa","853",1
"MOTO GUZZI","V85 TT","Girona","853",1
"MOTO GUZZI","V85 TT","Illes Balears","853",1
"MOTO GUZZI","V85 TT","Murcia","853",1
"MOTO GUZZI","V85 TT","Tarragona","853",1
"MOTO GUZZI","V85 TT","Valencia/València","853",1
"MOTO GUZZI","V85 TT TRAVEL","Albacete","853",1
"MOTO GUZZI","V85 TT TRAVEL","Girona","853",1
"MOTO GUZZI","V85 TT TRAVEL","León","853",1
"MOTO GUZZI","V85 TT TRAVEL","Murcia","853",1
"MOTO GUZZI","V9 BOBBER","Valencia/València","853",1
"MOTO MORINI","6 ½ SCR","Santa Cruz de Tenerife","649",2
"MOTO MORINI","CALIBRO","Alicante/Alacant","693",1
"MOTO MORINI","CALIBRO","Barcelona","693",1
"MOTO MORINI","CALIBRO","Bizkaia","693",1
"MOTO MORINI","CALIBRO","Murcia","693",1
"MOTO MORINI","X-CAPE","Alicante/Alacant","649",1
"MOTO MORINI","X-CAPE","Cuenca","649",1
"MOTO MORINI","X-CAPE","Madrid","649",1
"MOTORBIKE","ND","Barcelona","125",1
"MOTRON MOTORRAD","IDEO","Almería","125",1
"MOTRON MOTORRAD","IDEO","Barcelona","125",1
"MOTRON MOTORRAD","VENTURA 125","Barcelona","125",2
"MOTRON MOTORRAD","VENTURA 125","Castellón/Castelló","125",1
"MOTRON MOTORRAD","VENTURA 125","Madrid","125",1
"MOTRON MOTORRAD","X-NORD 125","Granada","124",1
"MOTRON MOTORRAD","X-NORD 125","Madrid","124",2
"MOTRON MOTORRAD","X-NORD 125","Pontevedra","124",1
"MUTT","MUSHMAN","Granada","125",1
"MUTT","MUSHMAN","Valencia/València","125",1
"MV AGUSTA","BRUTALE 1000 RS","Palmas (Las)","998",1
"MV AGUSTA","BRUTALE R","Valencia/València","798",1
"MV AGUSTA","BRUTALE RR","Cádiz","798",1
"MV AGUSTA","DRAGSTER R","Barcelona","798",1
"MV AGUSTA","DRAGSTER ROSSO","Barcelona","798",1
"MV AGUSTA","ENDURO VELOCE","Cáceres","931",1
"MV AGUSTA","F3 R","Cantabria","798",1
"MV AGUSTA","LXP ORIOLI","Barcelona","931",1
"MV AGUSTA","RUSH","Málaga","998",1
"MV AGUSTA","SUPERVELOCE","Málaga","798",1
"MV AGUSTA","TURISMO VELOCE","Pontevedra","798",1
"MV AGUSTA","TURISMO VELOCE LUSSO","Alicante/Alacant","798",1
"MV AGUSTA","TURISMO VELOCE R","Madrid","798",2
"MV AGUSTA","TURISMO VELOCE R","Zaragoza","798",1
"ORCAL","SK125-K","Alicante/Alacant","124",2
"ORCAL","SK125-K","Asturias","124",1
"ORCAL","SK125-K","Bizkaia","124",1
"ORCAL","SK125-K","Palmas (Las)","124",1
"PEUGEOT","DJANGO","Lleida","125",1
"PEUGEOT","PM-01","Illes Balears","125",1
"PEUGEOT","PM-01","Murcia","125",2
"PEUGEOT","PULSION","Barcelona","125",1
"PEUGEOT","PULSION","Pontevedra","125",1
"PEUGEOT","TWEET","Cádiz","125",3
"PEUGEOT","TWEET","Granada","125",1
"PEUGEOT","TWEET","Málaga","125",4
"PEUGEOT","TWEET","Tarragona","125",1
"PEUGEOT","TWEET FL 125 CC","Alicante/Alacant","125",8
"PEUGEOT","TWEET FL 125 CC","Cádiz","125",2
"PEUGEOT","TWEET FL 125 CC","Ceuta","125",1
"PEUGEOT","TWEET FL 125 CC","Granada","125",1
"PEUGEOT","TWEET FL 125 CC","Illes Balears","125",5
"PEUGEOT","TWEET FL 125 CC","Málaga","125",6
"PEUGEOT","TWEET FL 125 CC","Sevilla","125",2
"PEUGEOT","TWEET FL 125 CC","Valencia/València","125",2
"PEUGEOT","XP","Albacete","399",1
"PEUGEOT","XP","Madrid","399",1
"PIAGGIO","BEVERLY 300 HPE","Álava/Araba","278",1
"PIAGGIO","BEVERLY 300 HPE","Barcelona","278",3
"PIAGGIO","BEVERLY 300 HPE","Granada","278",1
"PIAGGIO","BEVERLY 300 HPE","Santa Cruz de Tenerife","278",1
"PIAGGIO","BEVERLY 400 HPE","Alicante/Alacant","399",1
"PIAGGIO","BEVERLY 400 HPE","Barcelona","399",1
"PIAGGIO","BEVERLY 400 HPE","Bizkaia","399",1
"PIAGGIO","BEVERLY 400 HPE","Cádiz","399",1
"PIAGGIO","BEVERLY 400 HPE","Ceuta","399",1
"PIAGGIO","BEVERLY 400 HPE","Granada","399",1
"PIAGGIO","BEVERLY 400 HPE","Huelva","399",1
"PIAGGIO","BEVERLY 400 HPE","Illes Balears","399",1
"PIAGGIO","BEVERLY 400 HPE","Pontevedra","399",1
"PIAGGIO","BEVERLY 400 HPE","Santa Cruz de Tenerife","399",1
"PIAGGIO","BEVERLY 400 HPE","Sevilla","399",1
"PIAGGIO","LIBERTY 125 ABS","Álava/Araba","124",1
"PIAGGIO","LIBERTY 125 ABS","Albacete","124",1
"PIAGGIO","LIBERTY 125 ABS","Alicante/Alacant","124",1
"PIAGGIO","LIBERTY 125 ABS","Almería","124",1
"PIAGGIO","LIBERTY 125 ABS","Barcelona","124",18
"PIAGGIO","LIBERTY 125 ABS","Cádiz","124",17
"PIAGGIO","LIBERTY 125 ABS","Cantabria","124",1
"PIAGGIO","LIBERTY 125 ABS","Ceuta","124",2
"PIAGGIO","LIBERTY 125 ABS","Gipuzkoa","124",2
"PIAGGIO","LIBERTY 125 ABS","Girona","124",1
"PIAGGIO","LIBERTY 125 ABS","Granada","124",4
"PIAGGIO","LIBERTY 125 ABS","Huelva","124",2
"PIAGGIO","LIBERTY 125 ABS","Illes Balears","124",2
"PIAGGIO","LIBERTY 125 ABS","Lleida","124",1
"PIAGGIO","LIBERTY 125 ABS","Madrid","124",2
"PIAGGIO","LIBERTY 125 ABS","Málaga","124",13
"PIAGGIO","LIBERTY 125 ABS","Murcia","124",2
"PIAGGIO","LIBERTY 125 ABS","Navarra","124",2
"PIAGGIO","LIBERTY 125 ABS","Santa Cruz de Tenerife","124",2
"PIAGGIO","LIBERTY 125 ABS","Sevilla","124",4
"PIAGGIO","LIBERTY 125 ABS","Valencia/València","124",17
"PIAGGIO","LIBERTY 125 ABS","Valladolid","124",1
"PIAGGIO","LIBERTY CORPORATE","Almería","124",1
"PIAGGIO","LIBERTY CORPORATE","Girona","124",1
"PIAGGIO","LIBERTY CORPORATE","Madrid","124",1
"PIAGGIO","MEDLEY 125","Alicante/Alacant","125",3
"PIAGGIO","MEDLEY 125","Badajoz","125",1
"PIAGGIO","MEDLEY 125","Barcelona","125",8
"PIAGGIO","MEDLEY 125","Bizkaia","125",1
"PIAGGIO","MEDLEY 125","Cáceres","125",1
"PIAGGIO","MEDLEY 125","Cádiz","125",2
"PIAGGIO","MEDLEY 125","Castellón/Castelló","125",1
"PIAGGIO","MEDLEY 125","Gipuzkoa","125",4
"PIAGGIO","MEDLEY 125","Granada","125",6
"PIAGGIO","MEDLEY 125","Madrid","125",3
"PIAGGIO","MEDLEY 125","Málaga","125",15
"PIAGGIO","MEDLEY 125","Navarra","125",1
"PIAGGIO","MEDLEY 125","Palmas (Las)","125",4
"PIAGGIO","MEDLEY 125","Pontevedra","125",2
"PIAGGIO","MEDLEY 125","Santa Cruz de Tenerife","125",6
"PIAGGIO","MEDLEY 125","Sevilla","125",7
"PIAGGIO","MEDLEY 125","Valencia/València","125",7
"PIAGGIO","VESPA GTS","Álava/Araba","310",1
"PIAGGIO","VESPA GTS","Alicante/Alacant","310",2
"PIAGGIO","VESPA GTS","Barcelona","310",4
"PIAGGIO","VESPA GTS","Cantabria","310",1
"PIAGGIO","VESPA GTS","Illes Balears","310",3
"PIAGGIO","VESPA GTS","Jaén","310",1
"PIAGGIO","VESPA GTS","Madrid","310",2
"PIAGGIO","VESPA GTS","Málaga","310",2
"PIAGGIO","VESPA GTS","Murcia","310",1
"PIAGGIO","VESPA GTS","Rioja (La)","310",1
"PIAGGIO","VESPA GTS","Santa Cruz de Tenerife","310",1
"PIAGGIO","VESPA GTS","Segovia","310",1
"PIAGGIO","VESPA GTS","Valencia/València","310",5
"PIAGGIO","VESPA GTS 125","Alicante/Alacant","125",1
"PIAGGIO","VESPA GTS 125","Almería","125",1
"PIAGGIO","VESPA GTS 125","Barcelona","125",3
"PIAGGIO","VESPA GTS 125","Cáceres","125",1
"PIAGGIO","VESPA GTS 125","Gipuzkoa","125",1
"PIAGGIO","VESPA GTS 125","Granada","125",3
"PIAGGIO","VESPA GTS 125","Illes Balears","125",4
"PIAGGIO","VESPA GTS 125","Lugo","125",1
"PIAGGIO","VESPA GTS 125","Madrid","125",5
"PIAGGIO","VESPA GTS 125","Málaga","125",1
"PIAGGIO","VESPA GTS 125","Santa Cruz de Tenerife","125",2
"PIAGGIO","VESPA GTS 125","Sevilla","125",1
"PIAGGIO","VESPA GTS 125","Valencia/València","125",3
"PIAGGIO","VESPA GTV","León","278",1
"PIAGGIO","VESPA PRIMAVERA 125","Alicante/Alacant","124",2
"PIAGGIO","VESPA PRIMAVERA 125","Almería","124",1
"PIAGGIO","VESPA PRIMAVERA 125","Bizkaia","124",1
"PIAGGIO","VESPA PRIMAVERA 125","Cádiz","124",1
"PIAGGIO","VESPA PRIMAVERA 125","Girona","124",3
"PIAGGIO","VESPA PRIMAVERA 125","Granada","124",1
"PIAGGIO","VESPA PRIMAVERA 125","Illes Balears","124",2
"PIAGGIO","VESPA PRIMAVERA 125","Madrid","124",2
"PIAGGIO","VESPA PRIMAVERA 125","Málaga","124",5
"PIAGGIO","VESPA PRIMAVERA 125","Murcia","124",2
"PIAGGIO","VESPA PRIMAVERA 125","Palmas (Las)","124",3
"PIAGGIO","VESPA PRIMAVERA 125","Valencia/València","124",3
"PIAGGIO","VESPA PRIMAVERA 125 AB","Barcelona","124",1
"PIAGGIO","VESPA PRIMAVERA 125 AB","Gipuzkoa","124",1
"PIAGGIO","VESPA PRIMAVERA 125 AB","Huesca","124",1
"PIAGGIO","VESPA PRIMAVERA 125 AB","Illes Balears","124",1
"PIAGGIO","VESPA PRIMAVERA 125 AB","Madrid","124",1
"PIAGGIO","VESPA PRIMAVERA 125 AB","Málaga","124",2
"PIAGGIO","VESPA PRIMAVERA 125 AB","Melilla","124",1
"PIAGGIO","VESPA PRIMAVERA 125 AB","Palmas (Las)","124",1
"PIAGGIO","VESPA PRIMAVERA 125 AB","Rioja (La)","124",1
"PIAGGIO","VESPA PRIMAVERA 125 AB","Santa Cruz de Tenerife","124",1
"PIAGGIO","VESPA PRIMAVERA 125 AB","Sevilla","124",2
"PIAGGIO","VESPA PRIMAVERA 125 AB","Valencia/València","124",8
"PIAGGIO","VESPA PRIMAVERA TECH 1","Murcia","124",1
"PIAGGIO","VESPA PRIMAVERA TECH 1","Valencia/València","124",1
"PIAGGIO","VESPA SEIGIORNI","Santa Cruz de Tenerife","278",1
"PIAGGIO","VESPA SPRINT 125","Córdoba","124",1
"PIAGGIO","VESPA SPRINT 125","Madrid","124",1
"QJMOTOR","ATR 125","Alicante/Alacant","125",2
"QJMOTOR","ATR 125","Barcelona","125",2
"QJMOTOR","ATR 125","Murcia","125",2
"QJMOTOR","ATR 125","Sevilla","125",1
"QJMOTOR","ATR 125","Tarragona","125",3
"QJMOTOR","ATR 125","Valladolid","125",1
"QJMOTOR","FORT 350","Barcelona","350",4
"QJMOTOR","FORT 350","Guadalajara","350",1
"QJMOTOR","FORT 350","Illes Balears","350",2
"QJMOTOR","FORT 350","Madrid","350",1
"QJMOTOR","FORT 350","Málaga","350",1
"QJMOTOR","FORT 350","Palmas (Las)","350",2
"QJMOTOR","FORT 350","Santa Cruz de Tenerife","350",5
"QJMOTOR","FORT 350","Sevilla","350",1
"QJMOTOR","FORT 350","Valencia/València","350",1
"QJMOTOR","LTR 125","Almería","125",1
"QJMOTOR","LTR 125","Barcelona","125",3
"QJMOTOR","LTR 125","Cáceres","125",1
"QJMOTOR","LTR 125","Coruña (A)","125",1
"QJMOTOR","LTR 125","Illes Balears","125",1
"QJMOTOR","LTR 125","Palmas (Las)","125",1
"QJMOTOR","LTR 125","Pontevedra","125",1
"QJMOTOR","LTR 125","Santa Cruz de Tenerife","125",2
"QJMOTOR","LTR 125","Valencia/València","125",3
"QJMOTOR","MTX 125","Álava/Araba","125",2
"QJMOTOR","MTX 125","Alicante/Alacant","125",2
"QJMOTOR","MTX 125","Almería","125",1
"QJMOTOR","MTX 125","Asturias","125",1
"QJMOTOR","MTX 125","Barcelona","125",23
"QJMOTOR","MTX 125","Cádiz","125",2
"QJMOTOR","MTX 125","Córdoba","125",1
"QJMOTOR","MTX 125","Coruña (A)","125",1
"QJMOTOR","MTX 125","Granada","125",2
"QJMOTOR","MTX 125","Illes Balears","125",6
"QJMOTOR","MTX 125","Jaén","125",1
"QJMOTOR","MTX 125","Madrid","125",28
"QJMOTOR","MTX 125","Murcia","125",7
"QJMOTOR","MTX 125","Ourense","125",1
"QJMOTOR","MTX 125","Palencia","125",1
"QJMOTOR","MTX 125","Palmas (Las)","125",5
"QJMOTOR","MTX 125","Pontevedra","125",2
"QJMOTOR","MTX 125","Santa Cruz de Tenerife","125",6
"QJMOTOR","MTX 125","Sevilla","125",10
"QJMOTOR","MTX 125","Valencia/València","125",17
"QJMOTOR","MTX 125","Valladolid","125",1
"QJMOTOR","MTX 125","Zaragoza","125",4
"QJMOTOR","SRK 125 R","Almería","125",1
"QJMOTOR","SRK 125 R","Barcelona","125",1
"QJMOTOR","SRK 125 R","Córdoba","125",1
"QJMOTOR","SRK 125 R","Illes Balears","125",3
"QJMOTOR","SRK 125 R","Madrid","125",2
"QJMOTOR","SRK 125 R","Málaga","125",1
"QJMOTOR","SRK 125 R","Santa Cruz de Tenerife","125",1
"QJMOTOR","SRK 125 R","Valencia/València","125",1
"QJMOTOR","SRK 125 S","Alicante/Alacant","125",2
"QJMOTOR","SRK 125 S","Asturias","125",1
"QJMOTOR","SRK 125 S","Barcelona","125",4
"QJMOTOR","SRK 125 S","Cádiz","125",1
"QJMOTOR","SRK 125 S","Castellón/Castelló","125",1
"QJMOTOR","SRK 125 S","Córdoba","125",1
"QJMOTOR","SRK 125 S","Girona","125",1
"QJMOTOR","SRK 125 S","Granada","125",1
"QJMOTOR","SRK 125 S","Huelva","125",2
"QJMOTOR","SRK 125 S","Madrid","125",2
"QJMOTOR","SRK 125 S","Málaga","125",2
"QJMOTOR","SRK 125 S","Murcia","125",1
"QJMOTOR","SRK 125 S","Rioja (La)","125",1
"QJMOTOR","SRK 125 S","Santa Cruz de Tenerife","125",3
"QJMOTOR","SRK 125 S","Tarragona","125",1
"QJMOTOR","SRK 125 S","Valencia/València","125",2
"QJMOTOR","SRK 125 S","Zaragoza","125",1
"QJMOTOR","SRK 125 S E5+","Alicante/Alacant","125",2
"QJMOTOR","SRK 125 S E5+","Ávila","125",1
"QJMOTOR","SRK 125 S E5+","Barcelona","125",4
"QJMOTOR","SRK 125 S E5+","Girona","125",1
"QJMOTOR","SRK 125 S E5+","Huesca","125",1
"QJMOTOR","SRK 125 S E5+","Illes Balears","125",1
"QJMOTOR","SRK 125 S E5+","Madrid","125",4
"QJMOTOR","SRK 125 S E5+","Murcia","125",2
"QJMOTOR","SRK 125 S E5+","Palmas (Las)","125",1
"QJMOTOR","SRK 125 S E5+","Valencia/València","125",2
"QJMOTOR","SRK 400","Murcia","400",1
"QJMOTOR","SRK 400","Valencia/València","400",1
"QJMOTOR","SRK 400","Zaragoza","400",1
"QJMOTOR","SRT 500 X 35KW","Asturias","554",1
"QJMOTOR","SRT 500 X 35KW","Barcelona","554",1
"QJMOTOR","SRT 500 X 35KW","Granada","554",1
"QJMOTOR","SRT 500 X 35KW","Madrid","554",2
"QJMOTOR","SRT 550 35KW ON ROAD S","Albacete","554",1
"QJMOTOR","SRT 550 35KW ON ROAD S","Granada","554",1
"QJMOTOR","SRT 700","Albacete","698",1
"QJMOTOR","SRT 700","Alicante/Alacant","698",2
"QJMOTOR","SRT 700","Barcelona","698",5
"QJMOTOR","SRT 700","Cádiz","698",3
"QJMOTOR","SRT 700","Málaga","698",3
"QJMOTOR","SRT 700","Murcia","698",1
"QJMOTOR","SRT 700","Zaragoza","698",2
"QJMOTOR","SRT 700 X","Almería","698",1
"QJMOTOR","SRT 700 X","Barcelona","698",4
"QJMOTOR","SRT 700 X","Burgos","698",1
"QJMOTOR","SRT 700 X","Cádiz","698",3
"QJMOTOR","SRT 700 X","Castellón/Castelló","698",1
"QJMOTOR","SRT 700 X","Córdoba","698",2
"QJMOTOR","SRT 700 X","Granada","698",1
"QJMOTOR","SRT 700 X","Madrid","698",7
"QJMOTOR","SRT 700 X","Palmas (Las)","698",1
"QJMOTOR","SRT 700 X","Santa Cruz de Tenerife","698",1
"QJMOTOR","SRT 700 X","Valencia/València","698",1
"QJMOTOR","SRT 700 X","Valladolid","698",2
"QJMOTOR","SRT 800","Asturias","754",1
"QJMOTOR","SRT 800 X","Barcelona","754",1
"QJMOTOR","SRT 800 X","Girona","754",1
"QJMOTOR","SRV 125","Alicante/Alacant","125",1
"QJMOTOR","SRV 125","Almería","125",2
"QJMOTOR","SRV 125","Asturias","125",1
"QJMOTOR","SRV 125","Barcelona","125",2
"QJMOTOR","SRV 125","Cádiz","125",1
"QJMOTOR","SRV 125","Jaén","125",1
"QJMOTOR","SRV 125","Madrid","125",1
"QJMOTOR","SRV 125","Málaga","125",1
"QJMOTOR","SRV 125","Murcia","125",1
"QJMOTOR","SRV 125","Palmas (Las)","125",3
"QJMOTOR","SRV 125","Santa Cruz de Tenerife","125",2
"QJMOTOR","SRV 125","Sevilla","125",2
"QJMOTOR","SRV 125","Zaragoza","125",1
"QJMOTOR","SRV 300","Barcelona","296",2
"QJMOTOR","SRV 300","Granada","296",1
"QJMOTOR","SRV 550","Pontevedra","554",1
"QJMOTOR","TRX 125","Alicante/Alacant","125",1
"QJMOTOR","TRX 125","Barcelona","125",2
"QJMOTOR","TRX 125","Coruña (A)","125",1
"QJMOTOR","TRX 125","Madrid","125",1
"QJMOTOR","TRX 125","Murcia","125",1
"QJMOTOR","TRX 125","Zaragoza","125",1
"REDMOTO","---","Asturias","449",1
"REDMOTO","---","Girona","449",1
"REDMOTO","---","Illes Balears","449",1
"REDMOTO","---","Málaga","449",2
"REDMOTO","---","Valencia/València","449",1
"RIEJU","AVENTURA 125","Badajoz","124",1
"RIEJU","AVENTURA 125","Castellón/Castelló","124",1
"RIEJU","AVENTURA 500","Alicante/Alacant","471",1
"RIEJU","AVENTURA 500","Almería","471",1
"RIEJU","AVENTURA 500","Barcelona","471",3
"RIEJU","AVENTURA 500","Cádiz","471",1
"RIEJU","AVENTURA 500","Córdoba","471",1
"RIEJU","AVENTURA 500","Girona","471",2
"RIEJU","AVENTURA 500","Granada","471",1
"RIEJU","AVENTURA 500","Illes Balears","471",1
"RIEJU","AVENTURA 500","Lleida","471",1
"RIEJU","AVENTURA 500","Lugo","471",1
"RIEJU","AVENTURA 500","Madrid","471",3
"RIEJU","AVENTURA 500","Málaga","471",1
"RIEJU","AVENTURA 500","Murcia","471",1
"RIEJU","AVENTURA 500","Navarra","471",1
"RIEJU","AVENTURA 500","Soria","471",1
"RIEJU","AVENTURA 500","Tarragona","471",1
"RIEJU","AVENTURA 500","Zaragoza","471",2
"RIEJU","CENTURY125","Albacete","124",1
"RIEJU","CENTURY125","Barcelona","124",1
"RIEJU","CENTURY125","Girona","124",1
"RIEJU","CENTURY125","Valencia/València","124",2
"RIEJU","MR","Asturias","293",2
"RIEJU","MR","Cáceres","293",1
"RIEJU","MR","Ciudad Real","293",1
"RIEJU","MR","Huelva","293",2
"RIEJU","MR","Huesca","293",1
"RIEJU","MR","León","293",1
"RIEJU","MR","Madrid","293",1
"RIEJU","MR","Murcia","293",1
"RIEJU","N/A","Albacete","124",2
"RIEJU","N/A","Almería","124",1
"RIEJU","N/A","Badajoz","124",2
"RIEJU","N/A","Barcelona","124",3
"RIEJU","N/A","Córdoba","124",4
"RIEJU","N/A","Cuenca","124",1
"RIEJU","N/A","Gipuzkoa","124",1
"RIEJU","N/A","Girona","124",1
"RIEJU","N/A","Granada","124",2
"RIEJU","N/A","Jaén","124",2
"RIEJU","N/A","Málaga","124",3
"RIEJU","N/A","Murcia","124",4
"RIEJU","N/A","Navarra","124",2
"RIEJU","N/A","Rioja (La)","124",1
"RIEJU","N/A","Segovia","124",1
"RIEJU","N/A","Sevilla","124",1
"RIEJU","N/A","Tarragona","124",1
"RIEJU","N/A","Teruel","124",2
"RIEJU","N/A","Toledo","124",4
"RIEJU","N/A","Valencia/València","124",1
"RIEJU","N/A","Zamora","124",1
"RIEJU","NOT APPLICABLE","Alicante/Alacant","124",1
"RIEJU","NOT APPLICABLE","Almería","124",2
"RIEJU","NOT APPLICABLE","Badajoz","124",1
"RIEJU","NOT APPLICABLE","Cáceres","124",2
"RIEJU","NOT APPLICABLE","Cádiz","124",1
"RIEJU","NOT APPLICABLE","Cantabria","124",1
"RIEJU","NOT APPLICABLE","Ciudad Real","124",2
"RIEJU","NOT APPLICABLE","Girona","124",3
"RIEJU","NOT APPLICABLE","Jaén","124",2
"RIEJU","NOT APPLICABLE","Madrid","124",2
"RIEJU","NOT APPLICABLE","Navarra","124",1
"RIEJU","NOT APPLICABLE","Rioja (La)","124",1
"RIEJU","NOT APPLICABLE","Santa Cruz de Tenerife","124",1
"RIEJU","NOT APPLICABLE","Sevilla","124",1
"RIEJU","NOT APPLICABLE","Valencia/València","124",1
"RIEJU","NOT APPLICABLE","Zaragoza","124",1
"ROYAL ENFIELD","BULLET 350","Barcelona","349",1
"ROYAL ENFIELD","BULLET 350","Tarragona","349",1
"ROYAL ENFIELD","CLASSIC 350","Alicante/Alacant","349",1
"ROYAL ENFIELD","CLASSIC 350","Barcelona","349",3
"ROYAL ENFIELD","CLASSIC 350","Bizkaia","349",1
"ROYAL ENFIELD","CLASSIC 350","Cádiz","349",1
"ROYAL ENFIELD","CLASSIC 350","Córdoba","349",1
"ROYAL ENFIELD","CLASSIC 350","Illes Balears","349",1
"ROYAL ENFIELD","CLASSIC 350","Lleida","349",1
"ROYAL ENFIELD","CLASSIC 350","Málaga","349",1
"ROYAL ENFIELD","CLASSIC 350","Palmas (Las)","349",1
"ROYAL ENFIELD","CLASSIC 350","Valencia/València","349",1
"ROYAL ENFIELD","CLASSIC 350","Zaragoza","349",1
"ROYAL ENFIELD","CLASSIC 650 TWIN","Alicante/Alacant","648",1
"ROYAL ENFIELD","CLASSIC 650 TWIN","Barcelona","648",1
"ROYAL ENFIELD","CLASSIC 650 TWIN","Madrid","648",1
"ROYAL ENFIELD","CLASSIC 650 TWIN","Murcia","648",1
"ROYAL ENFIELD","CLASSIC 650 TWIN","Valencia/València","648",1
"ROYAL ENFIELD","CONTINENTAL GT 650","Barcelona","648",1
"ROYAL ENFIELD","CONTINENTAL GT 650","Palmas (Las)","648",1
"ROYAL ENFIELD","GUERRILLA 450","Alicante/Alacant","451",1
"ROYAL ENFIELD","GUERRILLA 450","Barcelona","451",3
"ROYAL ENFIELD","GUERRILLA 450","Girona","451",1
"ROYAL ENFIELD","GUERRILLA 450","Madrid","451",2
"ROYAL ENFIELD","GUERRILLA 450","Palencia","451",1
"ROYAL ENFIELD","GUERRILLA 450","Santa Cruz de Tenerife","451",1
"ROYAL ENFIELD","GUERRILLA 450","Sevilla","451",2
"ROYAL ENFIELD","GUERRILLA 450","Valencia/València","451",1
"ROYAL ENFIELD","HIMALAYAN 452","Alicante/Alacant","451",2
"ROYAL ENFIELD","HIMALAYAN 452","Almería","451",3
"ROYAL ENFIELD","HIMALAYAN 452","Asturias","451",1
"ROYAL ENFIELD","HIMALAYAN 452","Ávila","451",1
"ROYAL ENFIELD","HIMALAYAN 452","Barcelona","451",8
"ROYAL ENFIELD","HIMALAYAN 452","Castellón/Castelló","451",1
"ROYAL ENFIELD","HIMALAYAN 452","Córdoba","451",1
"ROYAL ENFIELD","HIMALAYAN 452","Gipuzkoa","451",1
"ROYAL ENFIELD","HIMALAYAN 452","Girona","451",1
"ROYAL ENFIELD","HIMALAYAN 452","Granada","451",2
"ROYAL ENFIELD","HIMALAYAN 452","Huelva","451",1
"ROYAL ENFIELD","HIMALAYAN 452","Illes Balears","451",2
"ROYAL ENFIELD","HIMALAYAN 452","Jaén","451",1
"ROYAL ENFIELD","HIMALAYAN 452","Madrid","451",1
"ROYAL ENFIELD","HIMALAYAN 452","Málaga","451",2
"ROYAL ENFIELD","HIMALAYAN 452","Murcia","451",2
"ROYAL ENFIELD","HIMALAYAN 452","Navarra","451",1
"ROYAL ENFIELD","HIMALAYAN 452","Palmas (Las)","451",2
"ROYAL ENFIELD","HIMALAYAN 452","Sevilla","451",2
"ROYAL ENFIELD","HIMALAYAN 452","Valencia/València","451",4
"ROYAL ENFIELD","HIMALAYAN 452","Zaragoza","451",1
"ROYAL ENFIELD","HNTR 350","Barcelona","349",1
"ROYAL ENFIELD","HNTR 350","Cádiz","349",1
"ROYAL ENFIELD","HNTR 350","Illes Balears","349",2
"ROYAL ENFIELD","HNTR 350","Madrid","349",2
"ROYAL ENFIELD","HNTR 350","Málaga","349",1
"ROYAL ENFIELD","HNTR 350","Palmas (Las)","349",1
"ROYAL ENFIELD","HNTR 350","Santa Cruz de Tenerife","349",1
"ROYAL ENFIELD","HNTR 350","Valencia/València","349",1
"ROYAL ENFIELD","HNTR 350","Valladolid","349",1
"ROYAL ENFIELD","INTERCEPTOR 650","Girona","648",1
"ROYAL ENFIELD","INTERCEPTOR 650","Ourense","648",1
"ROYAL ENFIELD","INTERCEPTOR 650","Valencia/València","648",2
"ROYAL ENFIELD","INTERCEPTOR 650 O INTE","Almería","648",1
"ROYAL ENFIELD","INTERCEPTOR BEAR 650","Almería","648",1
"ROYAL ENFIELD","INTERCEPTOR BEAR 650","Asturias","648",1
"ROYAL ENFIELD","INTERCEPTOR BEAR 650","Barcelona","648",6
"ROYAL ENFIELD","INTERCEPTOR BEAR 650","Cáceres","648",1
"ROYAL ENFIELD","INTERCEPTOR BEAR 650","Cádiz","648",1
"ROYAL ENFIELD","INTERCEPTOR BEAR 650","Cantabria","648",1
"ROYAL ENFIELD","INTERCEPTOR BEAR 650","Girona","648",1
"ROYAL ENFIELD","INTERCEPTOR BEAR 650","Granada","648",1
"ROYAL ENFIELD","INTERCEPTOR BEAR 650","Huelva","648",1
"ROYAL ENFIELD","INTERCEPTOR BEAR 650","Illes Balears","648",3
"ROYAL ENFIELD","INTERCEPTOR BEAR 650","Madrid","648",1
"ROYAL ENFIELD","INTERCEPTOR BEAR 650","Málaga","648",4
"ROYAL ENFIELD","INTERCEPTOR BEAR 650","Murcia","648",3
"ROYAL ENFIELD","INTERCEPTOR BEAR 650","Palmas (Las)","648",1
"ROYAL ENFIELD","INTERCEPTOR BEAR 650","Pontevedra","648",1
"ROYAL ENFIELD","INTERCEPTOR BEAR 650","Santa Cruz de Tenerife","648",1
"ROYAL ENFIELD","INTERCEPTOR BEAR 650","Sevilla","648",2
"ROYAL ENFIELD","INTERCEPTOR BEAR 650","Toledo","648",1
"ROYAL ENFIELD","INTERCEPTOR BEAR 650","Valencia/València","648",4
"ROYAL ENFIELD","INTERCEPTOR BEAR 650","Valladolid","648",2
"ROYAL ENFIELD","INTERCEPTOR BEAR 650","Zaragoza","648",1
"ROYAL ENFIELD","METEOR 350","Almería","349",1
"ROYAL ENFIELD","SHOTGUN 650","Alicante/Alacant","648",1
"ROYAL ENFIELD","SHOTGUN 650","Madrid","648",1
"ROYAL ENFIELD","SHOTGUN 650","Santa Cruz de Tenerife","648",1
"ROYAL ENFIELD","SUPER METEOR 650","Alicante/Alacant","648",1
"ROYAL ENFIELD","SUPER METEOR 650","Huelva","648",1
"ROYAL ENFIELD","SUPER METEOR 650","Madrid","648",1
"ROYAL ENFIELD","SUPER METEOR 650","Málaga","648",2
"ROYAL ENFIELD","SUPER METEOR 650","Valencia/València","648",3
"SCORPA","300CC","Málaga","295",1
"SHERCO","125 SE-R","Barcelona","124",4
"SHERCO","125 SE-R","Girona","124",1
"SHERCO","125 SE-R","Granada","124",1
"SHERCO","125 SE-R","Málaga","124",1
"SHERCO","125 SE-R","Murcia","124",1
"SHERCO","125 SE-R","Pontevedra","124",1
"SHERCO","250 SE-R","Badajoz","249",1
"SHERCO","250 SE-R","Barcelona","249",3
"SHERCO","250 SE-R","Madrid","249",1
"SHERCO","300 SE-R","Álava/Araba","293",1
"SHERCO","300 SE-R","Badajoz","293",1
"SHERCO","300 SE-R","Coruña (A)","293",3
"SHERCO","300 SE-R","Granada","293",1
"SHERCO","300 SE-R","Huelva","293",1
"SHERCO","300 SE-R","Huesca","293",1
"SHERCO","300 SE-R","Málaga","293",3
"SHERCO","300 SE-R","Navarra","293",1
"SHERCO","300 SE-R","Santa Cruz de Tenerife","293",4
"SHERCO","300 SE-R","Valencia/València","293",1
"SHERCO","300 SEF-R","Barcelona","303",1
"SHERCO","300 SEF-R","Tarragona","303",1
"SHERCO","300 SEF-R","Teruel","303",1
"SHERCO","300CC","Ciudad Real","295",1
"SHERCO","450 SEF-R","Ávila","449",1
"SHERCO","450 SEF-R","Santa Cruz de Tenerife","449",1
"SHERCO","N.A","Alicante/Alacant","124",1
"SHERCO","N.A","Badajoz","124",1
"SHERCO","N.A","Cádiz","124",2
"SHERCO","N.A","Granada","124",1
"SHERCO","N.A","Madrid","124",2
"SHERCO","N.A","Sevilla","124",1
"SHERCO","N.A","Teruel","124",1
"SHERCO","N.A","Valencia/València","124",1
"SHERCO","N.A","Zaragoza","124",1
"SUZUKI","ADDRESS 125","Albacete","124",3
"SUZUKI","ADDRESS 125","Alicante/Alacant","124",1
"SUZUKI","ADDRESS 125","Ceuta","124",1
"SUZUKI","ADDRESS 125","Girona","124",1
"SUZUKI","ADDRESS 125","Huelva","124",1
"SUZUKI","ADDRESS 125","Illes Balears","124",1
"SUZUKI","ADDRESS 125","Lugo","124",1
"SUZUKI","ADDRESS 125","Madrid","124",1
"SUZUKI","ADDRESS 125","Palmas (Las)","124",1
"SUZUKI","ADDRESS 125","Pontevedra","124",2
"SUZUKI","ADDRESS 125","Valencia/València","124",1
"SUZUKI","AVENIS 125","Santa Cruz de Tenerife","124",1
"SUZUKI","BURGMAN 400","Asturias","400",1
"SUZUKI","BURGMAN 400","Barcelona","400",5
"SUZUKI","BURGMAN 400","Madrid","400",1
"SUZUKI","BURGMAN 400","Palmas (Las)","400",1
"SUZUKI","BURGMAN 400","Valencia/València","400",2
"SUZUKI","DL650","Alicante/Alacant","645",1
"SUZUKI","DL650","Badajoz","645",2
"SUZUKI","DL650","Barcelona","645",1
"SUZUKI","DL650","Bizkaia","645",1
"SUZUKI","DL650","Girona","645",2
"SUZUKI","DL650","Granada","645",1
"SUZUKI","DL650","Palmas (Las)","645",4
"SUZUKI","DL650","Santa Cruz de Tenerife","645",1
"SUZUKI","DL650","Sevilla","645",2
"SUZUKI","DL650","Tarragona","645",1
"SUZUKI","DL650","Valencia/València","645",1
"SUZUKI","DL650","Valladolid","645",1
"SUZUKI","DL650U","Almería","645",1
"SUZUKI","DL650U","Illes Balears","645",1
"SUZUKI","DL650U","Palencia","645",1
"SUZUKI","DL650U","Santa Cruz de Tenerife","645",1
"SUZUKI","DL650U","Tarragona","645",1
"SUZUKI","DL650U","Valencia/València","645",2
"SUZUKI","GSX-8S","Alicante/Alacant","776",2
"SUZUKI","GSX-8S","Asturias","776",1
"SUZUKI","GSX-8S","Barcelona","776",5
"SUZUKI","GSX-8S","Bizkaia","776",2
"SUZUKI","GSX-8S","Cádiz","776",1
"SUZUKI","GSX-8S","Castellón/Castelló","776",1
"SUZUKI","GSX-8S","Huelva","776",1
"SUZUKI","GSX-8S","Illes Balears","776",2
"SUZUKI","GSX-8S","Lleida","776",1
"SUZUKI","GSX-8S","Madrid","776",4
"SUZUKI","GSX-8S","Málaga","776",2
"SUZUKI","GSX-8S","Palmas (Las)","776",1
"SUZUKI","GSX-8S","Pontevedra","776",1
"SUZUKI","GSX-8S","Salamanca","776",1
"SUZUKI","GSX-8S","Santa Cruz de Tenerife","776",2
"SUZUKI","GSX-8S","Valencia/València","776",1
"SUZUKI","GSX-R125","Madrid","124",1
"SUZUKI","GSX-S 1000","Barcelona","999",2
"SUZUKI","GSX-S 1000","Burgos","999",1
"SUZUKI","GSX-S 1000","Coruña (A)","999",1
"SUZUKI","GSX-S 1000","Cuenca","999",1
"SUZUKI","GSX-S 1000","Guadalajara","999",1
"SUZUKI","GSX-S 1000","Illes Balears","999",1
"SUZUKI","GSX-S 1000","Madrid","999",5
"SUZUKI","GSX-S 1000","Rioja (La)","999",1
"SUZUKI","GSX-S 1000","Santa Cruz de Tenerife","999",1
"SUZUKI","GSX-S 1000","Valencia/València","999",1
"SUZUKI","GSX-S 1000","Valladolid","999",1
"SUZUKI","GSX-S125","Barcelona","124",1
"SUZUKI","GSX-S125","Bizkaia","124",1
"SUZUKI","GSX-S125","Tarragona","124",1
"SUZUKI","SV650","Barcelona","645",1
"SUZUKI","SV650","Bizkaia","645",1
"SUZUKI","SV650","Cádiz","645",1
"SUZUKI","SV650","Cantabria","645",1
"SUZUKI","SV650","Málaga","645",1
"SUZUKI","SV650","Murcia","645",2
"SUZUKI","SV650","Valencia/València","645",1
"SUZUKI","SV650U","Bizkaia","645",1
"SUZUKI","SV650U","Cádiz","645",1
"SUZUKI","SV650U","Guadalajara","645",1
"SUZUKI","SV650U","Madrid","645",1
"SUZUKI","SV650U","Santa Cruz de Tenerife","645",1
"SUZUKI","UN125","Asturias","124",1
"SUZUKI","UN125","Barcelona","124",3
"SUZUKI","UN125","Bizkaia","124",1
"SUZUKI","UN125","Guadalajara","124",1
"SUZUKI","UN125","Illes Balears","124",2
"SUZUKI","UN125","Málaga","124",1
"SUZUKI","UN125","Murcia","124",1
"SUZUKI","UN125","Valencia/València","124",1
"SUZUKI","UN125","Valladolid","124",1
"SUZUKI","UN125","Zaragoza","124",1
"SUZUKI","V-Strom 1050","Barcelona","1037",1
"SUZUKI","V-Strom 1050","Girona","1037",1
"SUZUKI","V-Strom 1050","Illes Balears","1037",1
"SUZUKI","V-Strom 1050","Lugo","1037",1
"SUZUKI","V-Strom 1050","Madrid","1037",1
"SUZUKI","V-Strom 1050","Murcia","1037",2
"SUZUKI","V-Strom 1050","Valencia/València","1037",1
"SUZUKI","V-Strom 800","Alicante/Alacant","776",2
"SUZUKI","V-Strom 800","Barcelona","776",5
"SUZUKI","V-Strom 800","Bizkaia","776",1
"SUZUKI","V-Strom 800","Huelva","776",1
"SUZUKI","V-Strom 800","León","776",1
"SUZUKI","V-Strom 800","Madrid","776",2
"SUZUKI","V-Strom 800","Málaga","776",1
"SUZUKI","V-Strom 800","Santa Cruz de Tenerife","776",2
"SUZUKI","V-Strom 800","Sevilla","776",1
"SUZUKI","V-Strom 800","Zaragoza","776",1
"SWM","HOKU 125","Málaga","125",1
"SWM","OUTLAW125","Tarragona","125",1
"SWM","RS125R","Huelva","125",1
"SWM","SILVER VASE T","Barcelona","644",1
"SWM","SILVER VASE T","Santa Cruz de Tenerife","644",1
"SWM","SM125R","Barcelona","125",1
"SWM","SM125R","Madrid","125",1
"SWM","SM125R","Valencia/València","125",3
"SWM","STORMBREAKE","Barcelona","1200",1
"SWM","VAREZ125","Madrid","125",1
"SWM","VAREZ125","Palmas (Las)","125",1
"SWM","VAREZ125","Valencia/València","125",1
"SYM","ADX 125 ABS","Alicante/Alacant","125",2
"SYM","ADX 125 ABS","Almería","125",1
"SYM","ADX 125 ABS","Cádiz","125",1
"SYM","ADX 125 ABS","Córdoba","125",2
"SYM","ADX 125 ABS","Murcia","125",1
"SYM","ADX 125 ABS","Palmas (Las)","125",1
"SYM","ADX 125 ABS","Pontevedra","125",1
"SYM","ADX 125 ABS","Tarragona","125",1
"SYM","ADX 300 TCS","Barcelona","278",1
"SYM","CRUISYM 125 E5 TCS","Barcelona","124",3
"SYM","CRUISYM 125 E5 TCS","Coruña (A)","124",1
"SYM","CRUISYM 125 E5 TCS","Huelva","124",2
"SYM","CRUISYM 125 E5 TCS","Illes Balears","124",1
"SYM","CRUISYM 125 E5 TCS","Madrid","124",3
"SYM","CRUISYM 125 E5 TCS","Málaga","124",2
"SYM","CRUISYM 125 E5 TCS","Palmas (Las)","124",1
"SYM","CRUISYM 125 E5 TCS","Santa Cruz de Tenerife","124",3
"SYM","CRUISYM 125 E5 TCS","Sevilla","124",8
"SYM","CRUISYM 125 E5 TCS","Valencia/València","124",9
"SYM","CRUISYM 125I ABS E5","Ciudad Real","124",1
"SYM","CRUISYM 125I ABS E5","León","124",1
"SYM","CRUISYM 300 E5 TCS","Barcelona","278",2
"SYM","CRUISYM 300 E5 TCS","Sevilla","278",1
"SYM","FIDDLE 125 E5","Asturias","125",2
"SYM","FIDDLE 125 E5","Burgos","125",1
"SYM","FIDDLE 125 E5","Illes Balears","125",2
"SYM","FIDDLE 125 E5","Santa Cruz de Tenerife","125",1
"SYM","FIDDLE 125 E5","Valencia/València","125",3
"SYM","FUGUE 125 ABS TOP CASE","Barcelona","124",1
"SYM","JET 14","Albacete","125",2
"SYM","JET 14","Alicante/Alacant","125",9
"SYM","JET 14","Almería","125",1
"SYM","JET 14","Asturias","125",1
"SYM","JET 14","Badajoz","125",1
"SYM","JET 14","Barcelona","125",31
"SYM","JET 14","Bizkaia","125",1
"SYM","JET 14","Burgos","125",1
"SYM","JET 14","Cádiz","125",10
"SYM","JET 14","Cantabria","125",2
"SYM","JET 14","Castellón/Castelló","125",1
"SYM","JET 14","Córdoba","125",5
"SYM","JET 14","Coruña (A)","125",1
"SYM","JET 14","Gipuzkoa","125",1
"SYM","JET 14","Girona","125",4
"SYM","JET 14","Granada","125",6
"SYM","JET 14","Huesca","125",1
"SYM","JET 14","Illes Balears","125",13
"SYM","JET 14","Madrid","125",5
"SYM","JET 14","Málaga","125",8
"SYM","JET 14","Melilla","125",1
"SYM","JET 14","Murcia","125",6
"SYM","JET 14","Navarra","125",1
"SYM","JET 14","Palmas (Las)","125",3
"SYM","JET 14","Pontevedra","125",3
"SYM","JET 14","Rioja (La)","125",1
"SYM","JET 14","Santa Cruz de Tenerife","125",5
"SYM","JET 14","Segovia","125",1
"SYM","JET 14","Sevilla","125",5
"SYM","JET 14","Tarragona","125",3
"SYM","JET 14","Valencia/València","125",5
"SYM","JET 14","Zaragoza","125",1
"SYM","JET X","Asturias","125",1
"SYM","JET X","Barcelona","125",5
"SYM","JET X","Cádiz","125",2
"SYM","JET X","Ciudad Real","125",1
"SYM","JET X","Girona","125",1
"SYM","JET X","Granada","125",1
"SYM","JET X","Huelva","125",2
"SYM","JET X","Illes Balears","125",2
"SYM","JET X","Jaén","125",1
"SYM","JET X","Madrid","125",3
"SYM","JET X","Málaga","125",1
"SYM","JET X","Murcia","125",1
"SYM","JET X","Rioja (La)","125",2
"SYM","JET X","Sevilla","125",1
"SYM","JET X","Tarragona","125",1
"SYM","JET X","Valencia/València","125",5
"SYM","JET X","Valladolid","125",1
"SYM","JET X","Zaragoza","125",1
"SYM","JOYMAX Z 125 ABS E5+","Madrid","124",1
"SYM","JOYMAX Z 125 ABS E5+","Navarra","124",1
"SYM","JOYMAX Z 125 E5","Madrid","124",1
"SYM","JOYMAX Z 125 E5","Pontevedra","124",1
"SYM","JOYMAX Z 125 E5","Teruel","124",1
"SYM","JOYMAX Z 125 E5","Valencia/València","124",2
"SYM","JOYMAX Z 125 TCS","Barcelona","124",1
"SYM","JOYMAX Z 125 TCS","Granada","124",1
"SYM","JOYMAX Z 125 TCS","Madrid","124",1
"SYM","JOYMAX Z 125 TCS","Tarragona","124",1
"SYM","JOYRIDE 300 ABS","Alicante/Alacant","278",2
"SYM","JOYRIDE 300 ABS","Almería","278",1
"SYM","JOYRIDE 300 ABS","Barcelona","278",4
"SYM","JOYRIDE 300 ABS","Cantabria","278",1
"SYM","JOYRIDE 300 ABS","Girona","278",2
"SYM","JOYRIDE 300 ABS","Jaén","278",1
"SYM","JOYRIDE 300 ABS","Valencia/València","278",1
"SYM","MAXSYM 400I ABS E5","Palmas (Las)","399",1
"SYM","MAXSYM 400I GT","Barcelona","399",1
"SYM","MAXSYM 400I GT","Illes Balears","399",2
"SYM","MAXSYM 400I GT","Valencia/València","399",1
"SYM","MAXSYM TL TCS","Alicante/Alacant","508",2
"SYM","MAXSYM TL TCS","Castellón/Castelló","508",1
"SYM","MAXSYM TL TCS","Granada","508",1
"SYM","MAXSYM TL TCS","Palmas (Las)","508",2
"SYM","MAXSYM TL TCS","Santa Cruz de Tenerife","508",1
"SYM","MAXSYM TL TCS","Valencia/València","508",1
"SYM","SYMPHONY 125","Albacete","125",1
"SYM","SYMPHONY 125","Alicante/Alacant","125",8
"SYM","SYMPHONY 125","Almería","125",2
"SYM","SYMPHONY 125","Asturias","125",2
"SYM","SYMPHONY 125","Barcelona","125",93
"SYM","SYMPHONY 125","Bizkaia","125",2
"SYM","SYMPHONY 125","Burgos","125",2
"SYM","SYMPHONY 125","Cádiz","125",10
"SYM","SYMPHONY 125","Cantabria","125",1
"SYM","SYMPHONY 125","Córdoba","125",2
"SYM","SYMPHONY 125","Coruña (A)","125",1
"SYM","SYMPHONY 125","Gipuzkoa","125",9
"SYM","SYMPHONY 125","Girona","125",23
"SYM","SYMPHONY 125","Granada","125",7
"SYM","SYMPHONY 125","Huelva","125",1
"SYM","SYMPHONY 125","Illes Balears","125",18
"SYM","SYMPHONY 125","Jaén","125",2
"SYM","SYMPHONY 125","Lleida","125",2
"SYM","SYMPHONY 125","Madrid","125",16
"SYM","SYMPHONY 125","Málaga","125",17
"SYM","SYMPHONY 125","Murcia","125",2
"SYM","SYMPHONY 125","Navarra","125",2
"SYM","SYMPHONY 125","Ourense","125",2
"SYM","SYMPHONY 125","Palmas (Las)","125",3
"SYM","SYMPHONY 125","Pontevedra","125",1
"SYM","SYMPHONY 125","Rioja (La)","125",3
"SYM","SYMPHONY 125","Santa Cruz de Tenerife","125",12
"SYM","SYMPHONY 125","Sevilla","125",13
"SYM","SYMPHONY 125","Tarragona","125",5
"SYM","SYMPHONY 125","Teruel","125",1
"SYM","SYMPHONY 125","Valencia/València","125",15
"SYM","SYMPHONY 125","Zaragoza","125",3
"TRIUMPH","BONNEVILLE BOBBER TFC","Madrid","1200",1
"TRIUMPH","BONNEVILLE SPEEDMASTER","Illes Balears","1200",1
"TRIUMPH","BONNEVILLE SPEEDMASTER","Madrid","1200",1
"TRIUMPH","BONNEVILLE SPEEDMASTER","Valencia/València","1200",1
"TRIUMPH","BONNEVILLE T100","Albacete","900",1
"TRIUMPH","BONNEVILLE T100","Barcelona","900",2
"TRIUMPH","BONNEVILLE T100","Madrid","900",1
"TRIUMPH","BONNEVILLE T100","Murcia","900",2
"TRIUMPH","BONNEVILLE T100","Sevilla","900",2
"TRIUMPH","BONNEVILLE T100","Tarragona","900",1
"TRIUMPH","BONNEVILLE T120","Barcelona","1200",1
"TRIUMPH","BONNEVILLE T120","Granada","1200",1
"TRIUMPH","BONNEVILLE T120 (E5 VB","Asturias","1200",1
"TRIUMPH","BONNEVILLE T120 (E5 VB","Illes Balears","1200",1
"TRIUMPH","BONNEVILLE T120 BLACK","Alicante/Alacant","1200",1
"TRIUMPH","BONNEVILLE T120 BLACK","Barcelona","1200",1
"TRIUMPH","BONNEVILLE T120 BLACK","Madrid","1200",1
"TRIUMPH","DAYTONA 660","Barcelona","660",2
"TRIUMPH","DAYTONA 660","Burgos","660",1
"TRIUMPH","DAYTONA 660","Cuenca","660",1
"TRIUMPH","DAYTONA 660","Madrid","660",2
"TRIUMPH","DAYTONA 660","Pontevedra","660",1
"TRIUMPH","DAYTONA 660","Valencia/València","660",1
"TRIUMPH","ROCKET 3 GT","Málaga","2458",1
"TRIUMPH","ROCKET 3 R","Illes Balears","2458",1
"TRIUMPH","ROCKET 3 R SPECIAL EDI","Alicante/Alacant","2458",1
"TRIUMPH","ROCKET 3 STORM GT","Girona","2458",1
"TRIUMPH","ROCKET 3 STORM GT","Madrid","2458",1
"TRIUMPH","ROCKET 3 STORM R","Girona","2458",1
"TRIUMPH","ROCKET 3 STORM R","Madrid","2458",1
"TRIUMPH","ROCKET 3 STORM R","Valencia/València","2458",1
"TRIUMPH","SCRAMBLER 1200 X","Asturias","1200",1
"TRIUMPH","SCRAMBLER 1200 X","Palmas (Las)","1200",1
"TRIUMPH","SCRAMBLER 1200 X","Valencia/València","1200",1
"TRIUMPH","SCRAMBLER 1200 XE","Barcelona","1200",1
"TRIUMPH","SCRAMBLER 1200 XE","Gipuzkoa","1200",1
"TRIUMPH","SCRAMBLER 1200 XE","Madrid","1200",1
"TRIUMPH","SCRAMBLER 1200 XE","Navarra","1200",1
"TRIUMPH","SCRAMBLER 400 X","Asturias","398",1
"TRIUMPH","SCRAMBLER 400 X","Barcelona","398",4
"TRIUMPH","SCRAMBLER 400 X","Bizkaia","398",1
"TRIUMPH","SCRAMBLER 400 X","Cádiz","398",2
"TRIUMPH","SCRAMBLER 400 X","Girona","398",2
"TRIUMPH","SCRAMBLER 400 X","Illes Balears","398",1
"TRIUMPH","SCRAMBLER 400 X","Madrid","398",2
"TRIUMPH","SCRAMBLER 400 X","Murcia","398",1
"TRIUMPH","SCRAMBLER 400 X","Palencia","398",1
"TRIUMPH","SCRAMBLER 400 X","Palmas (Las)","398",1
"TRIUMPH","SCRAMBLER 400 X","Santa Cruz de Tenerife","398",2
"TRIUMPH","SCRAMBLER 400 X","Tarragona","398",2
"TRIUMPH","SCRAMBLER 400 X","Valencia/València","398",3
"TRIUMPH","SCRAMBLER 400 X","Valladolid","398",2
"TRIUMPH","SCRAMBLER 900","Barcelona","900",1
"TRIUMPH","SCRAMBLER 900","Bizkaia","900",1
"TRIUMPH","SCRAMBLER 900","Coruña (A)","900",1
"TRIUMPH","SCRAMBLER 900","Granada","900",1
"TRIUMPH","SCRAMBLER 900","Madrid","900",1
"TRIUMPH","SCRAMBLER 900","Málaga","900",1
"TRIUMPH","SCRAMBLER 900","Valencia/València","900",1
"TRIUMPH","SPEED 400","Alicante/Alacant","398",1
"TRIUMPH","SPEED 400","Barcelona","398",6
"TRIUMPH","SPEED 400","Girona","398",1
"TRIUMPH","SPEED 400","Illes Balears","398",1
"TRIUMPH","SPEED 400","Madrid","398",1
"TRIUMPH","SPEED 400","Málaga","398",2
"TRIUMPH","SPEED 400","Murcia","398",2
"TRIUMPH","SPEED 400","Palencia","398",1
"TRIUMPH","SPEED 400","Pontevedra","398",1
"TRIUMPH","SPEED 400","Santa Cruz de Tenerife","398",2
"TRIUMPH","SPEED 400","Tarragona","398",1
"TRIUMPH","SPEED 400","Valencia/València","398",2
"TRIUMPH","SPEED 400","Valladolid","398",1
"TRIUMPH","SPEED TRIPLE RR","Madrid","1160",1
"TRIUMPH","SPEED TRIPLE RR","Palmas (Las)","1160",1
"TRIUMPH","SPEED TRIPLE RR","Valladolid","1160",1
"TRIUMPH","SPEED TRIPLE RS","Cádiz","1160",1
"TRIUMPH","SPEED TRIPLE RS","Madrid","1160",1
"TRIUMPH","SPEED TRIPLE RS","Murcia","1160",1
"TRIUMPH","SPEED TWIN","Asturias","1200",1
"TRIUMPH","SPEED TWIN","Bizkaia","1200",1
"TRIUMPH","SPEED TWIN","Illes Balears","1200",1
"TRIUMPH","SPEED TWIN","Madrid","1200",2
"TRIUMPH","SPEED TWIN","Murcia","1200",1
"TRIUMPH","SPEED TWIN","Tarragona","1200",1
"TRIUMPH","SPEED TWIN 1200 RS","Barcelona","1200",1
"TRIUMPH","SPEED TWIN 1200 RS","Granada","1200",1
"TRIUMPH","SPEED TWIN 1200 RS","Palmas (Las)","1200",1
"TRIUMPH","SPEED TWIN 1200 RS","Sevilla","1200",1
"TRIUMPH","SPEED TWIN 900","Alicante/Alacant","900",1
"TRIUMPH","SPEED TWIN 900","Barcelona","900",4
"TRIUMPH","SPEED TWIN 900","Coruña (A)","900",1
"TRIUMPH","SPEED TWIN 900","Girona","900",1
"TRIUMPH","SPEED TWIN 900","Granada","900",2
"TRIUMPH","SPEED TWIN 900","Illes Balears","900",1
"TRIUMPH","SPEED TWIN 900","Lugo","900",1
"TRIUMPH","SPEED TWIN 900","Madrid","900",1
"TRIUMPH","SPEED TWIN 900","Málaga","900",1
"TRIUMPH","SPEED TWIN 900","Murcia","900",1
"TRIUMPH","SPEED TWIN 900","Palmas (Las)","900",1
"TRIUMPH","SPEED TWIN 900","Pontevedra","900",1
"TRIUMPH","SPEED TWIN 900","Santa Cruz de Tenerife","900",2
"TRIUMPH","SPEED TWIN 900","Valencia/València","900",2
"TRIUMPH","STREET TRIPLE R","Alicante/Alacant","765",1
"TRIUMPH","STREET TRIPLE R","Valencia/València","765",1
"TRIUMPH","STREET TRIPLE R (A2)","Barcelona","765",2
"TRIUMPH","STREET TRIPLE R (A2)","Coruña (A)","765",1
"TRIUMPH","STREET TRIPLE R (A2)","Madrid","765",1
"TRIUMPH","STREET TRIPLE R (A2)","Murcia","765",1
"TRIUMPH","STREET TRIPLE R (A2)","Pontevedra","765",1
"TRIUMPH","STREET TRIPLE R (A2)","Santa Cruz de Tenerife","765",1
"TRIUMPH","STREET TRIPLE R (A2)","Valencia/València","765",1
"TRIUMPH","STREET TRIPLE RS","Barcelona","765",1
"TRIUMPH","STREET TRIPLE RS","Illes Balears","765",1
"TRIUMPH","STREET TRIPLE RS","Madrid","765",5
"TRIUMPH","STREET TRIPLE RS","Murcia","765",1
"TRIUMPH","STREET TRIPLE RS","Navarra","765",1
"TRIUMPH","STREET TRIPLE RS","Santa Cruz de Tenerife","765",1
"TRIUMPH","STREET TRIPLE RS","Tarragona","765",2
"TRIUMPH","STREET TRIPLE RS","Valencia/València","765",2
"TRIUMPH","TIGER 1200 GT EXPLORER","Almería","1160",1
"TRIUMPH","TIGER 1200 GT EXPLORER","Barcelona","1160",1
"TRIUMPH","TIGER 1200 GT EXPLORER","Murcia","1160",1
"TRIUMPH","TIGER 1200 GT EXPLORER","Zaragoza","1160",1
"TRIUMPH","TIGER 1200 GT PRO","Huelva","1160",1
"TRIUMPH","TIGER 1200 GT PRO","Málaga","1160",1
"TRIUMPH","TIGER 1200 GT PRO","Murcia","1160",1
"TRIUMPH","TIGER 1200 GT PRO","Santa Cruz de Tenerife","1160",1
"TRIUMPH","TIGER 1200 GT PRO","Tarragona","1160",1
"TRIUMPH","TIGER 1200 GT PRO","Zaragoza","1160",1
"TRIUMPH","TIGER 1200 RALLY PRO","Santa Cruz de Tenerife","1160",1
"TRIUMPH","TIGER 850 SPORT","Almería","888",1
"TRIUMPH","TIGER 850 SPORT","Málaga","888",1
"TRIUMPH","TIGER 850 SPORT","Palmas (Las)","888",1
"TRIUMPH","TIGER 850 SPORT","Zaragoza","888",1
"TRIUMPH","TIGER 900 GT","Barcelona","888",2
"TRIUMPH","TIGER 900 GT","Huelva","888",1
"TRIUMPH","TIGER 900 GT PRO","Albacete","888",1
"TRIUMPH","TIGER 900 GT PRO","Alicante/Alacant","888",1
"TRIUMPH","TIGER 900 GT PRO","Barcelona","888",5
"TRIUMPH","TIGER 900 GT PRO","Cantabria","888",1
"TRIUMPH","TIGER 900 GT PRO","Girona","888",1
"TRIUMPH","TIGER 900 GT PRO","Granada","888",2
"TRIUMPH","TIGER 900 GT PRO","Lleida","888",1
"TRIUMPH","TIGER 900 GT PRO","Madrid","888",10
"TRIUMPH","TIGER 900 GT PRO","Málaga","888",3
"TRIUMPH","TIGER 900 GT PRO","Valladolid","888",1
"TRIUMPH","TIGER 900 GT PRO","Zaragoza","888",1
"TRIUMPH","TIGER 900 RALLY PRO","Albacete","888",1
"TRIUMPH","TIGER 900 RALLY PRO","Barcelona","888",1
"TRIUMPH","TIGER 900 RALLY PRO","Córdoba","888",1
"TRIUMPH","TIGER 900 RALLY PRO","Huelva","888",1
"TRIUMPH","TIGER 900 RALLY PRO","Illes Balears","888",2
"TRIUMPH","TIGER 900 RALLY PRO","Madrid","888",7
"TRIUMPH","TIGER 900 RALLY PRO","Palmas (Las)","888",1
"TRIUMPH","TIGER 900 RALLY PRO","Tarragona","888",1
"TRIUMPH","TIGER 900 RALLY PRO","Zaragoza","888",1
"TRIUMPH","TIGER SPORT","Alicante/Alacant","660",1
"TRIUMPH","TIGER SPORT","Asturias","660",2
"TRIUMPH","TIGER SPORT","Barcelona","660",2
"TRIUMPH","TIGER SPORT","Burgos","660",1
"TRIUMPH","TIGER SPORT","Coruña (A)","660",1
"TRIUMPH","TIGER SPORT","Gipuzkoa","660",1
"TRIUMPH","TIGER SPORT","Huelva","660",1
"TRIUMPH","TIGER SPORT","Madrid","660",1
"TRIUMPH","TIGER SPORT","Málaga","660",1
"TRIUMPH","TIGER SPORT","Pontevedra","660",1
"TRIUMPH","TIGER SPORT","Zaragoza","660",1
"TRIUMPH","TIGER SPORT 800","Madrid","798",4
"TRIUMPH","TRIDENT","Álava/Araba","660",1
"TRIUMPH","TRIDENT","Asturias","660",1
"TRIUMPH","TRIDENT","Barcelona","660",2
"TRIUMPH","TRIDENT","Coruña (A)","660",1
"TRIUMPH","TRIDENT","Madrid","660",2
"TRIUMPH","TRIDENT","Málaga","660",2
"TRIUMPH","TRIDENT","Navarra","660",1
"TRIUMPH","TRIDENT","Santa Cruz de Tenerife","660",1
"TRIUMPH","TRIDENT","Sevilla","660",1
"TRIUMPH","TRIDENT","Tarragona","660",1
"TRS","TR1 250","Rioja (La)","248",1
"TRS","TR1 250","Toledo","248",1
"TRS","TR1 300","Asturias","294",1
"TRS","TR1 300","Badajoz","294",1
"TRS","TR1 300","Barcelona","294",2
"TRS","TR1 300","León","294",2
"TRS","TR1 300","Madrid","294",1
"TRS","TR1 300","Navarra","294",1
"TRS","TR1 300","Santa Cruz de Tenerife","294",1
"UM","CHILL 125","Alicante/Alacant","125",1
"UM","DSR ADVENTURE","Bizkaia","124",1
"UM","DSR ADVENTURE","Cáceres","124",1
"UM","DSR ADVENTURE","Lugo","124",1
"UM","DSR ADVENTURE","Zamora","124",1
"UM","DSR EX 125","Ávila","124",1
"UM","DSR EX 125","Madrid","124",2
"UM","DSR EX 125","Zamora","124",1
"UM","DSR EX 125","Zaragoza","124",1
"UM","RENEGADE COMMANDO 125","Alicante/Alacant","124",1
"UM","RENEGADE FREEDOM 125","Coruña (A)","124",1
"UM","RENEGADE SPORT Z 125","Alicante/Alacant","125",1
"UM","RENEGADE VEGAS 125","Bizkaia","124",1
"UM","XTREET RS125","Almería","124",1
"UM","XTREET RS125","Sevilla","124",1
"VENT S.R.L.","N.A.","Barcelona","125",1
"VERTIGO MOTORS","COMBAT 300","Asturias","294",1
"VERTIGO MOTORS","COMBAT 300","Rioja (La)","294",1
"VOGE","300AC","Gipuzkoa","292",1
"VOGE","300DS","Santa Cruz de Tenerife","292",1
"VOGE","300RALLY","Madrid","292",1
"VOGE","300RALLY","Melilla","292",1
"VOGE","300RALLY","Valencia/València","292",1
"VOGE","525DSX","Barcelona","494",1
"VOGE","525DSX","Sevilla","494",1
"VOGE","525R","Almería","494",1
"VOGE","525R","Cuenca","494",1
"VOGE","525R","Jaén","494",1
"VOGE","525R","Málaga","494",1
"VOGE","525R","Sevilla","494",1
"VOGE","AC350","Málaga","321",1
"VOGE","AC350","Murcia","321",1
"VOGE","AC350","Zaragoza","321",1
"VOGE","DS525X","Álava/Araba","494",1
"VOGE","DS525X","Albacete","494",1
"VOGE","DS525X","Alicante/Alacant","494",6
"VOGE","DS525X","Asturias","494",1
"VOGE","DS525X","Badajoz","494",5
"VOGE","DS525X","Barcelona","494",8
"VOGE","DS525X","Bizkaia","494",2
"VOGE","DS525X","Cádiz","494",3
"VOGE","DS525X","Cantabria","494",1
"VOGE","DS525X","Castellón/Castelló","494",2
"VOGE","DS525X","Ceuta","494",2
"VOGE","DS525X","Coruña (A)","494",3
"VOGE","DS525X","Girona","494",3
"VOGE","DS525X","Guadalajara","494",1
"VOGE","DS525X","Huelva","494",2
"VOGE","DS525X","Jaén","494",1
"VOGE","DS525X","León","494",1
"VOGE","DS525X","Lleida","494",4
"VOGE","DS525X","Lugo","494",1
"VOGE","DS525X","Madrid","494",20
"VOGE","DS525X","Málaga","494",10
"VOGE","DS525X","Navarra","494",1
"VOGE","DS525X","Palmas (Las)","494",2
"VOGE","DS525X","Rioja (La)","494",1
"VOGE","DS525X","Santa Cruz de Tenerife","494",6
"VOGE","DS525X","Sevilla","494",12
"VOGE","DS525X","Soria","494",1
"VOGE","DS525X","Tarragona","494",2
"VOGE","DS525X","Toledo","494",2
"VOGE","DS525X","Valencia/València","494",14
"VOGE","DS525X","Valladolid","494",2
"VOGE","DS525X","Zaragoza","494",2
"VOGE","DS900X","Barcelona","895",3
"VOGE","DS900X","Córdoba","895",1
"VOGE","DS900X","Cuenca","895",1
"VOGE","DS900X","Illes Balears","895",1
"VOGE","DS900X","Madrid","895",3
"VOGE","DS900X","Pontevedra","895",2
"VOGE","DS900X","Tarragona","895",4
"VOGE","DS900X","Valencia/València","895",3
"VOGE","R125","Albacete","124",1
"VOGE","R125","Alicante/Alacant","124",2
"VOGE","R125","Almería","124",1
"VOGE","R125","Asturias","124",2
"VOGE","R125","Badajoz","124",1
"VOGE","R125","Barcelona","124",7
"VOGE","R125","Cáceres","124",1
"VOGE","R125","Cádiz","124",2
"VOGE","R125","Castellón/Castelló","124",2
"VOGE","R125","Coruña (A)","124",2
"VOGE","R125","Cuenca","124",1
"VOGE","R125","Illes Balears","124",3
"VOGE","R125","Jaén","124",2
"VOGE","R125","Lugo","124",1
"VOGE","R125","Madrid","124",14
"VOGE","R125","Málaga","124",3
"VOGE","R125","Melilla","124",1
"VOGE","R125","Murcia","124",1
"VOGE","R125","Navarra","124",1
"VOGE","R125","Palmas (Las)","124",2
"VOGE","R125","Pontevedra","124",1
"VOGE","R125","Rioja (La)","124",1
"VOGE","R125","Salamanca","124",1
"VOGE","R125","Santa Cruz de Tenerife","124",10
"VOGE","R125","Sevilla","124",1
"VOGE","R125","Tarragona","124",5
"VOGE","R125","Toledo","124",1
"VOGE","R125","Valencia/València","124",6
"VOGE","R125","Valladolid","124",1
"VOGE","R125","Zamora","124",2
"VOGE","R125","Zaragoza","124",3
"VOGE","SR1","Alicante/Alacant","124",7
"VOGE","SR1","Almería","124",4
"VOGE","SR1","Ávila","124",1
"VOGE","SR1","Barcelona","124",10
"VOGE","SR1","Bizkaia","124",1
"VOGE","SR1","Cádiz","124",6
"VOGE","SR1","Castellón/Castelló","124",1
"VOGE","SR1","Ceuta","124",3
"VOGE","SR1","Ciudad Real","124",1
"VOGE","SR1","Córdoba","124",1
"VOGE","SR1","Coruña (A)","124",3
"VOGE","SR1","Gipuzkoa","124",4
"VOGE","SR1","Granada","124",2
"VOGE","SR1","Huelva","124",1
"VOGE","SR1","Illes Balears","124",5
"VOGE","SR1","Lleida","124",1
"VOGE","SR1","Madrid","124",12
"VOGE","SR1","Málaga","124",2
"VOGE","SR1","Melilla","124",3
"VOGE","SR1","Navarra","124",2
"VOGE","SR1","Palmas (Las)","124",2
"VOGE","SR1","Pontevedra","124",3
"VOGE","SR1","Santa Cruz de Tenerife","124",19
"VOGE","SR1","Sevilla","124",1
"VOGE","SR1","Tarragona","124",2
"VOGE","SR1","Toledo","124",1
"VOGE","SR1","Valencia/València","124",16
"VOGE","SR1","Zamora","124",3
"VOGE","SR1","Zaragoza","124",1
"VOGE","SR16","Álava/Araba","125",1
"VOGE","SR16","Alicante/Alacant","125",2
"VOGE","SR16","Almería","125",2
"VOGE","SR16","Asturias","125",1
"VOGE","SR16","Badajoz","125",1
"VOGE","SR16","Barcelona","125",19
"VOGE","SR16","Bizkaia","125",3
"VOGE","SR16","Burgos","125",1
"VOGE","SR16","Cáceres","125",1
"VOGE","SR16","Cádiz","125",3
"VOGE","SR16","Ceuta","125",3
"VOGE","SR16","Cuenca","125",1
"VOGE","SR16","Gipuzkoa","125",1
"VOGE","SR16","Girona","125",1
"VOGE","SR16","Granada","125",1
"VOGE","SR16","Illes Balears","125",5
"VOGE","SR16","Lleida","125",2
"VOGE","SR16","Madrid","125",11
"VOGE","SR16","Málaga","125",4
"VOGE","SR16","Melilla","125",2
"VOGE","SR16","Murcia","125",4
"VOGE","SR16","Palmas (Las)","125",1
"VOGE","SR16","Rioja (La)","125",1
"VOGE","SR16","Santa Cruz de Tenerife","125",2
"VOGE","SR16","Sevilla","125",1
"VOGE","SR16","Tarragona","125",1
"VOGE","SR16","Toledo","125",3
"VOGE","SR16","Valencia/València","125",5
"VOGE","SR16","Zamora","125",1
"VOGE","SR16","Zaragoza","125",3
"VOGE","SR1ADV","Barcelona","124",2
"VOGE","SR1ADV","Córdoba","124",5
"VOGE","SR1ADV","Illes Balears","124",3
"VOGE","SR1ADV","Madrid","124",2
"VOGE","SR1ADV","Navarra","124",1
"VOGE","SR1ADV","Rioja (La)","124",1
"VOGE","SR1ADV","Santa Cruz de Tenerife","124",8
"VOGE","SR1ADV","Sevilla","124",1
"VOGE","SR1ADV","Tarragona","124",2
"VOGE","SR4 MAX","Álava/Araba","350",2
"VOGE","SR4 MAX","Alicante/Alacant","350",2
"VOGE","SR4 MAX","Almería","350",1
"VOGE","SR4 MAX","Asturias","350",1
"VOGE","SR4 MAX","Badajoz","350",1
"VOGE","SR4 MAX","Barcelona","350",15
"VOGE","SR4 MAX","Bizkaia","350",2
"VOGE","SR4 MAX","Cádiz","350",3
"VOGE","SR4 MAX","Castellón/Castelló","350",2
"VOGE","SR4 MAX","Coruña (A)","350",2
"VOGE","SR4 MAX","Girona","350",1
"VOGE","SR4 MAX","Granada","350",1
"VOGE","SR4 MAX","Illes Balears","350",5
"VOGE","SR4 MAX","Jaén","350",1
"VOGE","SR4 MAX","Lleida","350",1
"VOGE","SR4 MAX","Madrid","350",11
"VOGE","SR4 MAX","Málaga","350",1
"VOGE","SR4 MAX","Murcia","350",1
"VOGE","SR4 MAX","Palmas (Las)","350",2
"VOGE","SR4 MAX","Santa Cruz de Tenerife","350",5
"VOGE","SR4 MAX","Sevilla","350",2
"VOGE","SR4 MAX","Toledo","350",1
"VOGE","SR4 MAX","Valencia/València","350",7
"VOGE","VOGE 500R","Lleida","471",1
"VOGE","VOGE 500R","Valencia/València","471",1
"VORTEX","RX1","Ourense","124",1
"WOTTAN","GT2","Albacete","125",2
"WOTTAN","GT2","Alicante/Alacant","125",15
"WOTTAN","GT2","Almería","125",1
"WOTTAN","GT2","Badajoz","125",1
"WOTTAN","GT2","Barcelona","125",4
"WOTTAN","GT2","Cádiz","125",2
"WOTTAN","GT2","Cantabria","125",1
"WOTTAN","GT2","Castellón/Castelló","125",1
"WOTTAN","GT2","Ciudad Real","125",1
"WOTTAN","GT2","Girona","125",1
"WOTTAN","GT2","Granada","125",3
"WOTTAN","GT2","Illes Balears","125",1
"WOTTAN","GT2","Jaén","125",1
"WOTTAN","GT2","Madrid","125",1
"WOTTAN","GT2","Málaga","125",3
"WOTTAN","GT2","Murcia","125",1
"WOTTAN","GT2","Sevilla","125",3
"WOTTAN","GT2","Tarragona","125",1
"WOTTAN","GT2","Valencia/València","125",30
"WOTTAN","GT2","Valladolid","125",2
"WOTTAN","REBBE","Santa Cruz de Tenerife","124",1
"WOTTAN","REBBE","Zaragoza","124",1
"WOTTAN","STORM","Ciudad Real","125",1
"WOTTAN","STORM","Illes Balears","125",1
"WOTTAN","STORM","Murcia","125",1
"WOTTAN","STORM-S","Barcelona","276",1
"WOTTAN","STORM-S","Toledo","276",1
"WOTTAN","STORM-S","Valencia/València","276",2
"WOTTAN","STORM-V","Barcelona","124",1
"WOTTAN","STORM-V","Santa Cruz de Tenerife","124",1
"WOTTAN","STORM-V","Sevilla","124",1
"WOTTAN","STORM-X","Alicante/Alacant","125",5
"WOTTAN","STORM-X","Cuenca","125",1
"WOTTAN","STORM-X","Illes Balears","125",1
"WOTTAN","STORM-X","Madrid","125",1
"WOTTAN","STORM-X","Valencia/València","125",8
"WOTTAN MOTOR","SIXTEEN","Valencia/València","125",1
"WOTTAN MOTOR","STORM-X","Girona","125",1
"WOTTAN MOTOR","STORM-X","Granada","125",2
"YAMAHA","LTS125-C","Badajoz","125",1
"YAMAHA","LTS125-C","Barcelona","125",2
"YAMAHA","LTS125-C","Castellón/Castelló","125",2
"YAMAHA","LTS125-C","Illes Balears","125",2
"YAMAHA","LTS125-C","Madrid","125",1
"YAMAHA","LTS125-C","Málaga","125",2
"YAMAHA","LTS125-C","Navarra","125",1
"YAMAHA","LTS125-C","Pontevedra","125",1
"YAMAHA","LTS125-C","Tarragona","125",1
"YAMAHA","LTS125-C","Valencia/València","125",2
"YAMAHA","MT-03","Alicante/Alacant","321",1
"YAMAHA","MT-03","Barcelona","321",3
"YAMAHA","MT-03","Castellón/Castelló","321",1
"YAMAHA","MT-03","Madrid","321",2
"YAMAHA","MT-03","Málaga","321",1
"YAMAHA","MT-03","Valencia/València","321",1
"YAMAHA","MT-03","Zaragoza","321",1
"YAMAHA","MT-07","Álava/Araba","689",1
"YAMAHA","MT-07","Albacete","689",1
"YAMAHA","MT-07","Alicante/Alacant","689",9
"YAMAHA","MT-07","Almería","689",2
"YAMAHA","MT-07","Asturias","689",2
"YAMAHA","MT-07","Ávila","689",1
"YAMAHA","MT-07","Badajoz","689",1
"YAMAHA","MT-07","Barcelona","689",44
"YAMAHA","MT-07","Bizkaia","689",3
"YAMAHA","MT-07","Cáceres","689",1
"YAMAHA","MT-07","Cádiz","689",1
"YAMAHA","MT-07","Cantabria","689",4
"YAMAHA","MT-07","Castellón/Castelló","689",3
"YAMAHA","MT-07","Ciudad Real","689",1
"YAMAHA","MT-07","Cuenca","689",2
"YAMAHA","MT-07","Gipuzkoa","689",2
"YAMAHA","MT-07","Girona","689",5
"YAMAHA","MT-07","Huesca","689",2
"YAMAHA","MT-07","Illes Balears","689",8
"YAMAHA","MT-07","Lleida","689",1
"YAMAHA","MT-07","Lugo","689",1
"YAMAHA","MT-07","Madrid","689",16
"YAMAHA","MT-07","Málaga","689",3
"YAMAHA","MT-07","Murcia","689",2
"YAMAHA","MT-07","Palmas (Las)","689",2
"YAMAHA","MT-07","Pontevedra","689",5
"YAMAHA","MT-07","Rioja (La)","689",1
"YAMAHA","MT-07","Santa Cruz de Tenerife","689",5
"YAMAHA","MT-07","Sevilla","689",4
"YAMAHA","MT-07","Tarragona","689",6
"YAMAHA","MT-07","Toledo","689",3
"YAMAHA","MT-07","Valencia/València","689",7
"YAMAHA","MT-07","Valladolid","689",1
"YAMAHA","MT-07","Zaragoza","689",1
"YAMAHA","MT-09","Álava/Araba","890",1
"YAMAHA","MT-09","Alicante/Alacant","890",3
"YAMAHA","MT-09","Almería","890",1
"YAMAHA","MT-09","Barcelona","890",24
"YAMAHA","MT-09","Bizkaia","890",4
"YAMAHA","MT-09","Burgos","890",1
"YAMAHA","MT-09","Cáceres","890",1
"YAMAHA","MT-09","Cádiz","890",1
"YAMAHA","MT-09","Cantabria","890",3
"YAMAHA","MT-09","Castellón/Castelló","890",2
"YAMAHA","MT-09","Córdoba","890",1
"YAMAHA","MT-09","Coruña (A)","890",3
"YAMAHA","MT-09","Granada","890",1
"YAMAHA","MT-09","Huelva","890",1
"YAMAHA","MT-09","Illes Balears","890",4
"YAMAHA","MT-09","Jaén","890",1
"YAMAHA","MT-09","Lleida","890",1
"YAMAHA","MT-09","Madrid","890",6
"YAMAHA","MT-09","Málaga","890",3
"YAMAHA","MT-09","Murcia","890",1
"YAMAHA","MT-09","Navarra","890",3
"YAMAHA","MT-09","Palmas (Las)","890",1
"YAMAHA","MT-09","Pontevedra","890",1
"YAMAHA","MT-09","Santa Cruz de Tenerife","890",4
"YAMAHA","MT-09","Sevilla","890",3
"YAMAHA","MT-09","Tarragona","890",3
"YAMAHA","MT-09","Toledo","890",2
"YAMAHA","MT-09","Valencia/València","890",8
"YAMAHA","MT-09","Zaragoza","890",3
"YAMAHA","MT-10","Badajoz","998",1
"YAMAHA","MT-10","Barcelona","998",1
"YAMAHA","MT-10","Cantabria","998",1
"YAMAHA","MT-10","Castellón/Castelló","998",1
"YAMAHA","MT-10","Guadalajara","998",1
"YAMAHA","MT-10","Illes Balears","998",1
"YAMAHA","MT-10","Lugo","998",1
"YAMAHA","MT-10","Santa Cruz de Tenerife","998",1
"YAMAHA","MT-10","Valencia/València","998",1
"YAMAHA","MT-125","Albacete","125",1
"YAMAHA","MT-125","Alicante/Alacant","125",6
"YAMAHA","MT-125","Almería","125",2
"YAMAHA","MT-125","Barcelona","125",15
"YAMAHA","MT-125","Bizkaia","125",1
"YAMAHA","MT-125","Cádiz","125",6
"YAMAHA","MT-125","Cantabria","125",1
"YAMAHA","MT-125","Coruña (A)","125",1
"YAMAHA","MT-125","Girona","125",5
"YAMAHA","MT-125","Granada","125",1
"YAMAHA","MT-125","Guadalajara","125",2
"YAMAHA","MT-125","Huelva","125",1
"YAMAHA","MT-125","Illes Balears","125",4
"YAMAHA","MT-125","León","125",1
"YAMAHA","MT-125","Lleida","125",3
"YAMAHA","MT-125","Lugo","125",1
"YAMAHA","MT-125","Madrid","125",14
"YAMAHA","MT-125","Málaga","125",5
"YAMAHA","MT-125","Murcia","125",4
"YAMAHA","MT-125","Palmas (Las)","125",3
"YAMAHA","MT-125","Santa Cruz de Tenerife","125",2
"YAMAHA","MT-125","Sevilla","125",1
"YAMAHA","MT-125","Tarragona","125",1
"YAMAHA","MT-125","Teruel","125",1
"YAMAHA","MT-125","Toledo","125",1
"YAMAHA","MT-125","Valencia/València","125",17
"YAMAHA","MT-125","Valladolid","125",1
"YAMAHA","MT-125","Zaragoza","125",2
"YAMAHA","NMAX125","Álava/Araba","125",3
"YAMAHA","NMAX125","Albacete","125",9
"YAMAHA","NMAX125","Alicante/Alacant","125",35
"YAMAHA","NMAX125","Almería","125",12
"YAMAHA","NMAX125","Asturias","125",2
"YAMAHA","NMAX125","Badajoz","125",6
"YAMAHA","NMAX125","Barcelona","125",114
"YAMAHA","NMAX125","Bizkaia","125",14
"YAMAHA","NMAX125","Burgos","125",2
"YAMAHA","NMAX125","Cáceres","125",2
"YAMAHA","NMAX125","Cádiz","125",83
"YAMAHA","NMAX125","Cantabria","125",6
"YAMAHA","NMAX125","Castellón/Castelló","125",3
"YAMAHA","NMAX125","Ceuta","125",6
"YAMAHA","NMAX125","Ciudad Real","125",1
"YAMAHA","NMAX125","Córdoba","125",5
"YAMAHA","NMAX125","Coruña (A)","125",9
"YAMAHA","NMAX125","Cuenca","125",2
"YAMAHA","NMAX125","Gipuzkoa","125",4
"YAMAHA","NMAX125","Girona","125",14
"YAMAHA","NMAX125","Granada","125",12
"YAMAHA","NMAX125","Guadalajara","125",2
"YAMAHA","NMAX125","Huelva","125",10
"YAMAHA","NMAX125","Huesca","125",1
"YAMAHA","NMAX125","Illes Balears","125",44
"YAMAHA","NMAX125","Jaén","125",6
"YAMAHA","NMAX125","León","125",2
"YAMAHA","NMAX125","Lleida","125",3
"YAMAHA","NMAX125","Madrid","125",177
"YAMAHA","NMAX125","Málaga","125",48
"YAMAHA","NMAX125","Melilla","125",1
"YAMAHA","NMAX125","Murcia","125",16
"YAMAHA","NMAX125","Navarra","125",5
"YAMAHA","NMAX125","Ourense","125",1
"YAMAHA","NMAX125","Palencia","125",1
"YAMAHA","NMAX125","Palmas (Las)","125",13
"YAMAHA","NMAX125","Pontevedra","125",14
"YAMAHA","NMAX125","Rioja (La)","125",1
"YAMAHA","NMAX125","Salamanca","125",2
"YAMAHA","NMAX125","Santa Cruz de Tenerife","125",9
"YAMAHA","NMAX125","Sevilla","125",56
"YAMAHA","NMAX125","Tarragona","125",16
"YAMAHA","NMAX125","Teruel","125",2
"YAMAHA","NMAX125","Toledo","125",7
"YAMAHA","NMAX125","Valencia/València","125",84
"YAMAHA","NMAX125","Valladolid","125",4
"YAMAHA","NMAX125","Zamora","125",1
"YAMAHA","NMAX125","Zaragoza","125",6
"YAMAHA","R125","Alicante/Alacant","125",4
"YAMAHA","R125","Almería","125",1
"YAMAHA","R125","Barcelona","125",7
"YAMAHA","R125","Bizkaia","125",1
"YAMAHA","R125","Cádiz","125",1
"YAMAHA","R125","Illes Balears","125",4
"YAMAHA","R125","León","125",1
"YAMAHA","R125","Lugo","125",1
"YAMAHA","R125","Madrid","125",4
"YAMAHA","R125","Murcia","125",1
"YAMAHA","R125","Ourense","125",1
"YAMAHA","R125","Palmas (Las)","125",1
"YAMAHA","R125","Rioja (La)","125",1
"YAMAHA","R125","Salamanca","125",1
"YAMAHA","R125","Tarragona","125",2
"YAMAHA","R125","Valencia/València","125",3
"YAMAHA","R125","Valladolid","125",1
"YAMAHA","R125","Zaragoza","125",1
"YAMAHA","RayZR 125","Albacete","125",4
"YAMAHA","RayZR 125","Alicante/Alacant","125",19
"YAMAHA","RayZR 125","Almería","125",3
"YAMAHA","RayZR 125","Badajoz","125",2
"YAMAHA","RayZR 125","Barcelona","125",16
"YAMAHA","RayZR 125","Bizkaia","125",3
"YAMAHA","RayZR 125","Burgos","125",1
"YAMAHA","RayZR 125","Cádiz","125",11
"YAMAHA","RayZR 125","Cantabria","125",3
"YAMAHA","RayZR 125","Castellón/Castelló","125",1
"YAMAHA","RayZR 125","Ceuta","125",3
"YAMAHA","RayZR 125","Ciudad Real","125",2
"YAMAHA","RayZR 125","Córdoba","125",3
"YAMAHA","RayZR 125","Coruña (A)","125",1
"YAMAHA","RayZR 125","Gipuzkoa","125",2
"YAMAHA","RayZR 125","Girona","125",2
"YAMAHA","RayZR 125","Granada","125",6
"YAMAHA","RayZR 125","Huesca","125",1
"YAMAHA","RayZR 125","Illes Balears","125",7
"YAMAHA","RayZR 125","Jaén","125",3
"YAMAHA","RayZR 125","Lugo","125",2
"YAMAHA","RayZR 125","Madrid","125",12
"YAMAHA","RayZR 125","Málaga","125",11
"YAMAHA","RayZR 125","Murcia","125",3
"YAMAHA","RayZR 125","Navarra","125",3
"YAMAHA","RayZR 125","Pontevedra","125",2
"YAMAHA","RayZR 125","Rioja (La)","125",1
"YAMAHA","RayZR 125","Salamanca","125",1
"YAMAHA","RayZR 125","Santa Cruz de Tenerife","125",1
"YAMAHA","RayZR 125","Sevilla","125",4
"YAMAHA","RayZR 125","Tarragona","125",1
"YAMAHA","RayZR 125","Valencia/València","125",35
"YAMAHA","RayZR 125","Valladolid","125",2
"YAMAHA","TMAX 560","Albacete","562",1
"YAMAHA","TMAX 560","Alicante/Alacant","562",1
"YAMAHA","TMAX 560","Asturias","562",1
"YAMAHA","TMAX 560","Badajoz","562",1
"YAMAHA","TMAX 560","Barcelona","562",14
"YAMAHA","TMAX 560","Bizkaia","562",1
"YAMAHA","TMAX 560","Cádiz","562",2
"YAMAHA","TMAX 560","Cantabria","562",1
"YAMAHA","TMAX 560","Castellón/Castelló","562",1
"YAMAHA","TMAX 560","Ceuta","562",1
"YAMAHA","TMAX 560","Girona","562",2
"YAMAHA","TMAX 560","Granada","562",1
"YAMAHA","TMAX 560","Illes Balears","562",1
"YAMAHA","TMAX 560","Madrid","562",7
"YAMAHA","TMAX 560","Málaga","562",4
"YAMAHA","TMAX 560","Ourense","562",1
"YAMAHA","TMAX 560","Palmas (Las)","562",1
"YAMAHA","TMAX 560","Pontevedra","562",2
"YAMAHA","TMAX 560","Rioja (La)","562",1
"YAMAHA","TMAX 560","Santa Cruz de Tenerife","562",1
"YAMAHA","TMAX 560","Sevilla","562",1
"YAMAHA","TMAX 560","Tarragona","562",2
"YAMAHA","TMAX 560","Valencia/València","562",12
"YAMAHA","TRACER 700","Almería","689",2
"YAMAHA","TRACER 700","Ávila","689",1
"YAMAHA","TRACER 700","Barcelona","689",2
"YAMAHA","TRACER 700","Cantabria","689",1
"YAMAHA","TRACER 700","Girona","689",1
"YAMAHA","TRACER 700","Granada","689",1
"YAMAHA","TRACER 700","Madrid","689",3
"YAMAHA","TRACER 700","Málaga","689",1
"YAMAHA","TRACER 700","Palmas (Las)","689",3
"YAMAHA","TRACER 700","Pontevedra","689",1
"YAMAHA","TRACER 700","Valencia/València","689",1
"YAMAHA","TRACER 700","Valladolid","689",1
"YAMAHA","Tracer 9 GT ","Badajoz","890",1
"YAMAHA","Tracer 9 GT ","Barcelona","890",16
"YAMAHA","Tracer 9 GT ","Cáceres","890",1
"YAMAHA","Tracer 9 GT ","Ciudad Real","890",1
"YAMAHA","Tracer 9 GT ","Córdoba","890",1
"YAMAHA","Tracer 9 GT ","Coruña (A)","890",1
"YAMAHA","Tracer 9 GT ","Gipuzkoa","890",2
"YAMAHA","Tracer 9 GT ","Girona","890",1
"YAMAHA","Tracer 9 GT ","Illes Balears","890",2
"YAMAHA","Tracer 9 GT ","Jaén","890",1
"YAMAHA","Tracer 9 GT ","Lugo","890",1
"YAMAHA","Tracer 9 GT ","Madrid","890",2
"YAMAHA","Tracer 9 GT ","Málaga","890",6
"YAMAHA","Tracer 9 GT ","Navarra","890",1
"YAMAHA","Tracer 9 GT ","Palmas (Las)","890",5
"YAMAHA","Tracer 9 GT ","Pontevedra","890",3
"YAMAHA","Tracer 9 GT ","Rioja (La)","890",1
"YAMAHA","Tracer 9 GT ","Santa Cruz de Tenerife","890",1
"YAMAHA","Tracer 9 GT ","Toledo","890",1
"YAMAHA","Tracer 9 GT ","Valencia/València","890",4
"YAMAHA","Tracer 9 GT ","Zaragoza","890",4
"YAMAHA","TRICITY 125","Alicante/Alacant","125",3
"YAMAHA","TRICITY 125","Barcelona","125",3
"YAMAHA","TRICITY 125","Bizkaia","125",1
"YAMAHA","TRICITY 125","Coruña (A)","125",1
"YAMAHA","TRICITY 125","Gipuzkoa","125",1
"YAMAHA","TRICITY 125","Madrid","125",4
"YAMAHA","TRICITY 125","Málaga","125",1
"YAMAHA","TRICITY 125","Palmas (Las)","125",1
"YAMAHA","TRICITY 125","Pontevedra","125",1
"YAMAHA","TRICITY 125","Santa Cruz de Tenerife","125",2
"YAMAHA","TRICITY 125","Sevilla","125",2
"YAMAHA","TRICITY 125","Teruel","125",1
"YAMAHA","TRICITY 125","Valencia/València","125",3
"YAMAHA","XMAX 300","Albacete","292",1
"YAMAHA","XMAX 300","Alicante/Alacant","292",7
"YAMAHA","XMAX 300","Almería","292",3
"YAMAHA","XMAX 300","Asturias","292",2
"YAMAHA","XMAX 300","Badajoz","292",1
"YAMAHA","XMAX 300","Barcelona","292",32
"YAMAHA","XMAX 300","Bizkaia","292",1
"YAMAHA","XMAX 300","Cádiz","292",5
"YAMAHA","XMAX 300","Cantabria","292",1
"YAMAHA","XMAX 300","Coruña (A)","292",2
"YAMAHA","XMAX 300","Gipuzkoa","292",1
"YAMAHA","XMAX 300","Girona","292",1
"YAMAHA","XMAX 300","Granada","292",1
"YAMAHA","XMAX 300","Illes Balears","292",3
"YAMAHA","XMAX 300","León","292",1
"YAMAHA","XMAX 300","Madrid","292",19
"YAMAHA","XMAX 300","Málaga","292",10
"YAMAHA","XMAX 300","Melilla","292",1
"YAMAHA","XMAX 300","Murcia","292",3
"YAMAHA","XMAX 300","Navarra","292",2
"YAMAHA","XMAX 300","Palmas (Las)","292",3
"YAMAHA","XMAX 300","Pontevedra","292",2
"YAMAHA","XMAX 300","Santa Cruz de Tenerife","292",1
"YAMAHA","XMAX 300","Sevilla","292",1
"YAMAHA","XMAX 300","Tarragona","292",1
"YAMAHA","XMAX 300","Valencia/València","292",21
"YAMAHA","XMAX 300","Valladolid","292",2
"YAMAHA","XMAX 300","Zamora","292",1
"YAMAHA","XMAX 300","Zaragoza","292",1
"YAMAHA","XMAX125","Albacete","124",1
"YAMAHA","XMAX125","Alicante/Alacant","124",7
"YAMAHA","XMAX125","Almería","124",1
"YAMAHA","XMAX125","Asturias","124",2
"YAMAHA","XMAX125","Barcelona","124",45
"YAMAHA","XMAX125","Bizkaia","124",1
"YAMAHA","XMAX125","Cáceres","124",1
"YAMAHA","XMAX125","Cádiz","124",8
"YAMAHA","XMAX125","Cantabria","124",2
"YAMAHA","XMAX125","Castellón/Castelló","124",1
"YAMAHA","XMAX125","Ceuta","124",1
"YAMAHA","XMAX125","Córdoba","124",1
"YAMAHA","XMAX125","Coruña (A)","124",1
"YAMAHA","XMAX125","Gipuzkoa","124",3
"YAMAHA","XMAX125","Granada","124",4
"YAMAHA","XMAX125","Huelva","124",3
"YAMAHA","XMAX125","Illes Balears","124",4
"YAMAHA","XMAX125","Jaén","124",3
"YAMAHA","XMAX125","Lleida","124",1
"YAMAHA","XMAX125","Madrid","124",18
"YAMAHA","XMAX125","Málaga","124",5
"YAMAHA","XMAX125","Murcia","124",1
"YAMAHA","XMAX125","Navarra","124",1
"YAMAHA","XMAX125","Palmas (Las)","124",5
"YAMAHA","XMAX125","Pontevedra","124",4
"YAMAHA","XMAX125","Salamanca","124",1
"YAMAHA","XMAX125","Santa Cruz de Tenerife","124",8
"YAMAHA","XMAX125","Sevilla","124",16
"YAMAHA","XMAX125","Toledo","124",1
"YAMAHA","XMAX125","Valencia/València","124",15
"YAMAHA","XMAX125","Valladolid","124",1
"YAMAHA","XMAX125","Zaragoza","124",5
"YAMAHA","XSR-900","Alicante/Alacant","890",1
"YAMAHA","XSR-900","Barcelona","890",2
"YAMAHA","XSR-900","Cádiz","890",1
"YAMAHA","XSR-900","Castellón/Castelló","890",2
"YAMAHA","XSR-900","Gipuzkoa","890",1
"YAMAHA","XSR-900","Girona","890",1
"YAMAHA","XSR-900","Illes Balears","890",2
"YAMAHA","XSR-900","Madrid","890",3
"YAMAHA","XSR-900","Murcia","890",1
"YAMAHA","XSR-900","Palmas (Las)","890",1
"YAMAHA","XSR-900","Pontevedra","890",1
"YAMAHA","XSR-900","Santa Cruz de Tenerife","890",1
"YAMAHA","XSR-900","Sevilla","890",1
"YAMAHA","XSR-900","Tarragona","890",1
"YAMAHA","XSR-900","Valencia/València","890",3
"YAMAHA","XSR700","Álava/Araba","689",1
"YAMAHA","XSR700","Barcelona","689",1
"YAMAHA","XSR700","Ceuta","689",1
"YAMAHA","XSR700","Huelva","689",1
"YAMAHA","XSR700","Illes Balears","689",1
"YAMAHA","XSR700","Santa Cruz de Tenerife","689",1
"YAMAHA","XSR700","Sevilla","689",1
"YAMAHA","XSR700","Toledo","689",1
"YAMAHA","XTZ 700 Tenere","Alicante/Alacant","689",1
"YAMAHA","XTZ 700 Tenere","Almería","689",2
"YAMAHA","XTZ 700 Tenere","Asturias","689",1
"YAMAHA","XTZ 700 Tenere","Badajoz","689",1
"YAMAHA","XTZ 700 Tenere","Barcelona","689",10
"YAMAHA","XTZ 700 Tenere","Burgos","689",4
"YAMAHA","XTZ 700 Tenere","Cádiz","689",8
"YAMAHA","XTZ 700 Tenere","Cantabria","689",2
"YAMAHA","XTZ 700 Tenere","Castellón/Castelló","689",1
"YAMAHA","XTZ 700 Tenere","Ciudad Real","689",1
"YAMAHA","XTZ 700 Tenere","Córdoba","689",1
"YAMAHA","XTZ 700 Tenere","Cuenca","689",1
"YAMAHA","XTZ 700 Tenere","Gipuzkoa","689",1
"YAMAHA","XTZ 700 Tenere","Girona","689",1
"YAMAHA","XTZ 700 Tenere","Granada","689",1
"YAMAHA","XTZ 700 Tenere","Illes Balears","689",1
"YAMAHA","XTZ 700 Tenere","Lugo","689",1
"YAMAHA","XTZ 700 Tenere","Madrid","689",7
"YAMAHA","XTZ 700 Tenere","Málaga","689",5
"YAMAHA","XTZ 700 Tenere","Murcia","689",1
"YAMAHA","XTZ 700 Tenere","Navarra","689",3
"YAMAHA","XTZ 700 Tenere","Palencia","689",1
"YAMAHA","XTZ 700 Tenere","Palmas (Las)","689",3
"YAMAHA","XTZ 700 Tenere","Pontevedra","689",2
"YAMAHA","XTZ 700 Tenere","Santa Cruz de Tenerife","689",2
"YAMAHA","XTZ 700 Tenere","Sevilla","689",3
"YAMAHA","XTZ 700 Tenere","Tarragona","689",1
"YAMAHA","XTZ 700 Tenere","Valencia/València","689",7
"YAMAHA","YP125RA SP","Zaragoza","125",1
"YAMAHA","YZF-R3","Barcelona","321",2
"YAMAHA","YZF-R3","Madrid","321",1
"YAMAHA","YZF-R3","Santa Cruz de Tenerife","321",1
"YAMAHA","YZF1000","Alicante/Alacant","998",1
"YAMAHA","YZF1000","Madrid","998",2
"YAMAHA","YZF1000","Málaga","998",1
"YAMAHA","YZF1000","Santa Cruz de Tenerife","998",2
"YAMAHA","YZF690","Alicante/Alacant","689",2
"YAMAHA","YZF690","Asturias","689",1
"YAMAHA","YZF690","Barcelona","689",4
"YAMAHA","YZF690","León","689",1
"YAMAHA","YZF690","Málaga","689",1
"YAMAHA","YZF690","Palmas (Las)","689",1
"YAMAHA","YZF690","Santa Cruz de Tenerife","689",1
"YAMAHA","YZF690","Valencia/València","689",1
"YAMAHA","YZF690-U","Barcelona","689",7
"YAMAHA","YZF690-U","Coruña (A)","689",1
"YAMAHA","YZF690-U","Madrid","689",3
"YAMAHA","YZF690-U","Málaga","689",1
"YAMAHA","YZF690-U","Palmas (Las)","689",1
"YAMAHA","YZF690-U","Pontevedra","689",2
"YAMAHA","YZF690-U","Salamanca","689",1
"YAMAHA","YZF690-U","Santa Cruz de Tenerife","689",1
"YAMAHA","YZF690-U","Sevilla","689",1
"YAMAHA","YZF690-U","Valencia/València","689",1
"ZNEN","ZN125T-12, PIZZA SCOOT","Bizkaia","124",1
"ZONTES","125C","Álava/Araba","125",1
"ZONTES","125C","Albacete","125",3
"ZONTES","125C","Alicante/Alacant","125",5
"ZONTES","125C","Almería","125",2
"ZONTES","125C","Asturias","125",1
"ZONTES","125C","Barcelona","125",12
"ZONTES","125C","Burgos","125",1
"ZONTES","125C","Cáceres","125",2
"ZONTES","125C","Cádiz","125",3
"ZONTES","125C","Cantabria","125",2
"ZONTES","125C","Castellón/Castelló","125",2
"ZONTES","125C","Ciudad Real","125",1
"ZONTES","125C","Córdoba","125",3
"ZONTES","125C","Coruña (A)","125",2
"ZONTES","125C","Girona","125",3
"ZONTES","125C","Guadalajara","125",1
"ZONTES","125C","Huelva","125",3
"ZONTES","125C","Illes Balears","125",8
"ZONTES","125C","Madrid","125",11
"ZONTES","125C","Málaga","125",3
"ZONTES","125C","Murcia","125",5
"ZONTES","125C","Navarra","125",1
"ZONTES","125C","Ourense","125",1
"ZONTES","125C","Palencia","125",1
"ZONTES","125C","Palmas (Las)","125",3
"ZONTES","125C","Pontevedra","125",1
"ZONTES","125C","Salamanca","125",1
"ZONTES","125C","Santa Cruz de Tenerife","125",4
"ZONTES","125C","Sevilla","125",2
"ZONTES","125C","Soria","125",2
"ZONTES","125C","Tarragona","125",2
"ZONTES","125C","Toledo","125",1
"ZONTES","125C","Valencia/València","125",15
"ZONTES","125C","Valladolid","125",2
"ZONTES","125C","Zaragoza","125",2
"ZONTES","125D","Álava/Araba","124",1
"ZONTES","125D","Alicante/Alacant","124",3
"ZONTES","125D","Almería","124",1
"ZONTES","125D","Asturias","124",1
"ZONTES","125D","Barcelona","124",21
"ZONTES","125D","Bizkaia","124",1
"ZONTES","125D","Cáceres","124",1
"ZONTES","125D","Cádiz","124",1
"ZONTES","125D","Castellón/Castelló","124",1
"ZONTES","125D","Ciudad Real","124",1
"ZONTES","125D","Córdoba","124",1
"ZONTES","125D","Granada","124",1
"ZONTES","125D","Illes Balears","124",3
"ZONTES","125D","Madrid","124",1
"ZONTES","125D","Málaga","124",4
"ZONTES","125D","Murcia","124",5
"ZONTES","125D","Navarra","124",1
"ZONTES","125D","Palmas (Las)","124",4
"ZONTES","125D","Santa Cruz de Tenerife","124",4
"ZONTES","125D","Sevilla","124",2
"ZONTES","125D","Valencia/València","124",8
"ZONTES","125D","Zaragoza","124",1
"ZONTES","125E","Albacete","125",1
"ZONTES","125E","Alicante/Alacant","125",2
"ZONTES","125E","Almería","125",2
"ZONTES","125E","Asturias","125",2
"ZONTES","125E","Barcelona","125",9
"ZONTES","125E","Cádiz","125",3
"ZONTES","125E","Castellón/Castelló","125",1
"ZONTES","125E","Córdoba","125",1
"ZONTES","125E","Granada","125",2
"ZONTES","125E","Huelva","125",1
"ZONTES","125E","Illes Balears","125",4
"ZONTES","125E","Lleida","125",2
"ZONTES","125E","Madrid","125",10
"ZONTES","125E","Málaga","125",2
"ZONTES","125E","Murcia","125",2
"ZONTES","125E","Pontevedra","125",3
"ZONTES","125E","Salamanca","125",1
"ZONTES","125E","Santa Cruz de Tenerife","125",1
"ZONTES","125E","Sevilla","125",1
"ZONTES","125E","Tarragona","125",2
"ZONTES","125E","Valencia/València","125",11
"ZONTES","125E","Zaragoza","125",1
"ZONTES","125M","Alicante/Alacant","124",1
"ZONTES","125M","Barcelona","124",2
"ZONTES","125M","Cádiz","124",1
"ZONTES","125M","Castellón/Castelló","124",1
"ZONTES","125M","Illes Balears","124",6
"ZONTES","125M","Madrid","124",1
"ZONTES","125M","Málaga","124",1
"ZONTES","125M","Santa Cruz de Tenerife","124",2
"ZONTES","125M","Sevilla","124",1
"ZONTES","125M","Tarragona","124",1
"ZONTES","350E","Barcelona","349",1
"ZONTES","350E","Madrid","349",1
"ZONTES","350E","Zaragoza","349",1
"ZONTES","350R","Álava/Araba","348",1
"ZONTES","350R","Alicante/Alacant","348",1
"ZONTES","350R","Barcelona","348",2
"ZONTES","350R","Cádiz","348",1
"ZONTES","350R","Cantabria","348",1
"ZONTES","350R","Córdoba","348",1
"ZONTES","350R","Guadalajara","348",1
"ZONTES","350R","Madrid","348",1
"ZONTES","350R","Valencia/València","348",1
"ZONTES","350S","Zaragoza","348",1
"ZONTES","350T","Alicante/Alacant","348",1
"ZONTES","350T","Barcelona","348",2
"ZONTES","350T","Guadalajara","348",1
"ZONTES","350T","Illes Balears","348",1
"ZONTES","350T","Madrid","348",1
"ZONTES","350T","Palmas (Las)","348",1
"ZONTES","350T","Tarragona","348",1
"ZONTES","368G","Albacete","368",1
"ZONTES","368G","Alicante/Alacant","368",33
"ZONTES","368G","Almería","368",8
"ZONTES","368G","Asturias","368",5
"ZONTES","368G","Badajoz","368",5
"ZONTES","368G","Barcelona","368",116
"ZONTES","368G","Bizkaia","368",7
"ZONTES","368G","Burgos","368",1
"ZONTES","368G","Cáceres","368",2
"ZONTES","368G","Cádiz","368",24
"ZONTES","368G","Cantabria","368",7
"ZONTES","368G","Castellón/Castelló","368",9
"ZONTES","368G","Ceuta","368",1
"ZONTES","368G","Ciudad Real","368",2
"ZONTES","368G","Córdoba","368",1
"ZONTES","368G","Coruña (A)","368",6
"ZONTES","368G","Gipuzkoa","368",6
"ZONTES","368G","Girona","368",6
"ZONTES","368G","Granada","368",25
"ZONTES","368G","Guadalajara","368",2
"ZONTES","368G","Huelva","368",6
"ZONTES","368G","Illes Balears","368",27
"ZONTES","368G","Jaén","368",6
"ZONTES","368G","Lleida","368",5
"ZONTES","368G","Madrid","368",88
"ZONTES","368G","Málaga","368",44
"ZONTES","368G","Melilla","368",1
"ZONTES","368G","Murcia","368",27
"ZONTES","368G","Navarra","368",2
"ZONTES","368G","Palencia","368",1
"ZONTES","368G","Palmas (Las)","368",4
"ZONTES","368G","Pontevedra","368",6
"ZONTES","368G","Rioja (La)","368",6
"ZONTES","368G","Salamanca","368",3
"ZONTES","368G","Santa Cruz de Tenerife","368",22
"ZONTES","368G","Sevilla","368",29
"ZONTES","368G","Soria","368",1
"ZONTES","368G","Tarragona","368",8
"ZONTES","368G","Teruel","368",2
"ZONTES","368G","Toledo","368",5
"ZONTES","368G","Valencia/València","368",52
"ZONTES","368G","Valladolid","368",2
"ZONTES","368G","Zamora","368",1
"ZONTES","368G","Zaragoza","368",7
"ZONTES","703F","Álava/Araba","699",1
"ZONTES","703F","Barcelona","699",1
"ZONTES","703F","Bizkaia","699",1
"ZONTES","703F","Cantabria","699",1
"ZONTES","703F","Huelva","699",1
"ZONTES","703F","Madrid","699",1
"ZONTES","703F","Málaga","699",1
"ZONTES","703F","Rioja (La)","699",1
"ZONTES","703F","Valencia/València","699",9
"ZONTES","703F","Valladolid","699",1
"ZONTES","C125","Asturias","125",1
"ZONTES","C125","Córdoba","125",1
"ZONTES","C125","Granada","125",2
"ZONTES","C125","Huelva","125",1
"ZONTES","C125","Madrid","125",1
"ZONTES","C125","Teruel","125",1
"ZONTES","D350","Alicante/Alacant","349",1
"ZONTES","D350","Bizkaia","349",1
"ZONTES","D350","Granada","349",2
"ZONTES","D350","Madrid","349",1
"ZONTES","D350","Valencia/València","349",2
"ZONTES","E125","Granada","125",1
"ZONTES","E125","Valladolid","125",1
"ZONTES","E350","Asturias","349",1
"ZONTES","E350","Barcelona","349",2
"ZONTES","E350","Cantabria","349",1
"ZONTES","E350","Castellón/Castelló","349",1
"ZONTES","E350","Lleida","349",1
"ZONTES","E350","Madrid","349",7
"ZONTES","E350","Murcia","349",1
"ZONTES","E350","Palmas (Las)","349",2
"ZONTES","E350","Pontevedra","349",1
"ZONTES","E350","Sevilla","349",2
"ZONTES","E350","Tarragona","349",1
"ZONTES","GK350","Cádiz","348",1
"ZONTES","GK350","Valencia/València","348",1
"ZONTES","M125","Jaén","124",1
"ZONTES","M310","Granada","309",1
"ZONTES","M310","Madrid","309",2
"ZONTES","M310","Zaragoza","309",1
"ZONTES","M350","Barcelona","349",3
"ZONTES","M350","Burgos","349",1
"ZONTES","M350","Cádiz","349",1
"ZONTES","M350","Coruña (A)","349",1
"ZONTES","M350","Jaén","349",1
"ZONTES","M350","Valencia/València","349",1
"ZONTES","S350","Almería","348",1
"ZONTES","T310","Gipuzkoa","312",1
"ZONTES","T350","Cuenca","348",1
"ZONTES","T350","Málaga","348",2
"ZONTES","ZT125-G1","Álava/Araba","125",1
"ZONTES","ZT125-G1","Albacete","125",1
"ZONTES","ZT125-G1","Alicante/Alacant","125",1
"ZONTES","ZT125-G1","Barcelona","125",7
"ZONTES","ZT125-G1","Bizkaia","125",3
"ZONTES","ZT125-G1","Cádiz","125",2
"ZONTES","ZT125-G1","Cantabria","125",3
"ZONTES","ZT125-G1","Castellón/Castelló","125",1
"ZONTES","ZT125-G1","Córdoba","125",3
"ZONTES","ZT125-G1","Coruña (A)","125",1
"ZONTES","ZT125-G1","Granada","125",2
"ZONTES","ZT125-G1","Illes Balears","125",6
"ZONTES","ZT125-G1","Madrid","125",13
"ZONTES","ZT125-G1","Málaga","125",5
"ZONTES","ZT125-G1","Murcia","125",5
"ZONTES","ZT125-G1","Ourense","125",1
"ZONTES","ZT125-G1","Palmas (Las)","125",2
"ZONTES","ZT125-G1","Santa Cruz de Tenerife","125",2
"ZONTES","ZT125-G1","Sevilla","125",2
"ZONTES","ZT125-G1","Tarragona","125",1
"ZONTES","ZT125-G1","Toledo","125",2
"ZONTES","ZT125-G1","Valencia/València","125",5
"ZONTES","ZT125-G1","Zamora","125",1
"ZONTES","ZT125-G1","Zaragoza","125",1
"ZONTES","ZT125-GK","Barcelona","125",2
"ZONTES","ZT125-GK","Granada","125",1
"ZONTES","ZT125-GK","Palmas (Las)","125",1
"ZONTES","ZT125-GK","Sevilla","125",1
"ZONTES","ZT125-GK","Zaragoza","125",1
"ZONTES","ZT125-U","Alicante/Alacant","125",3
"ZONTES","ZT125-U","Asturias","125",1
"ZONTES","ZT125-U","Badajoz","125",2
"ZONTES","ZT125-U","Barcelona","125",5
"ZONTES","ZT125-U","Bizkaia","125",2
"ZONTES","ZT125-U","Cáceres","125",1
"ZONTES","ZT125-U","Cádiz","125",1
"ZONTES","ZT125-U","Cantabria","125",1
"ZONTES","ZT125-U","Castellón/Castelló","125",1
"ZONTES","ZT125-U","Girona","125",1
"ZONTES","ZT125-U","Illes Balears","125",3
"ZONTES","ZT125-U","Lleida","125",1
"ZONTES","ZT125-U","Madrid","125",2
"ZONTES","ZT125-U","Málaga","125",2
"ZONTES","ZT125-U","Murcia","125",2
"ZONTES","ZT125-U","Tarragona","125",2
"ZONTES","ZT125-U","Valencia/València","125",1
"ZONTES","ZT125-U1","Alicante/Alacant","125",1
"ZONTES","ZT125-U1","Almería","125",2
"ZONTES","ZT125-U1","Asturias","125",2
"ZONTES","ZT125-U1","Badajoz","125",1
"ZONTES","ZT125-U1","Barcelona","125",1
"ZONTES","ZT125-U1","Castellón/Castelló","125",1
"ZONTES","ZT125-U1","Córdoba","125",1
"ZONTES","ZT125-U1","Coruña (A)","125",1
"ZONTES","ZT125-U1","Huesca","125",1
"ZONTES","ZT125-U1","Illes Balears","125",1
"ZONTES","ZT125-U1","León","125",1
"ZONTES","ZT125-U1","Madrid","125",6
"ZONTES","ZT125-U1","Málaga","125",3
"ZONTES","ZT125-U1","Santa Cruz de Tenerife","125",1
"ZONTES","ZT125-U1","Tarragona","125",1
"ZONTES","ZT125-U1","Valencia/València","125",1
"ZONTES","ZT125-U1","Valladolid","125",1
"ZONTES","ZT125-Z2","Albacete","125",1
"ZONTES","ZT125-Z2","Alicante/Alacant","125",1
"ZONTES","ZT125-Z2","Almería","125",1
"ZONTES","ZT125-Z2","Badajoz","125",1
"ZONTES","ZT125-Z2","Barcelona","125",4
"ZONTES","ZT125-Z2","Bizkaia","125",2
"ZONTES","ZT125-Z2","Cádiz","125",1
"ZONTES","ZT125-Z2","Castellón/Castelló","125",3
"ZONTES","ZT125-Z2","Ciudad Real","125",1
"ZONTES","ZT125-Z2","Coruña (A)","125",1
"ZONTES","ZT125-Z2","Girona","125",1
"ZONTES","ZT125-Z2","Granada","125",1
"ZONTES","ZT125-Z2","Huelva","125",1
"ZONTES","ZT125-Z2","Illes Balears","125",8
"ZONTES","ZT125-Z2","Jaén","125",1
"ZONTES","ZT125-Z2","Lleida","125",1
"ZONTES","ZT125-Z2","Madrid","125",3
"ZONTES","ZT125-Z2","Murcia","125",2
"ZONTES","ZT125-Z2","Palmas (Las)","125",3
"ZONTES","ZT125-Z2","Santa Cruz de Tenerife","125",3
"ZONTES","ZT125-Z2","Tarragona","125",1
"ZONTES","ZT125-Z2","Valencia/València","125",7
"ZONTES","ZT125-Z2","Valladolid","125",1
"ZONTES","ZT125-Z2","Zaragoza","125",1
