FEC_MATRICULA,COD_CLASE_MAT,FEC_TRAMITACION,MARCA_ITV,MODELO_ITV,PROVINCIA_VEH,COMUNIDAD_AUTONOMA,CILINDRADA_ITV
"25032026","0","","YAMAHA","RayZR 125","Alicante/Alacant","Comunidad Valenciana","125"
"25032026","0","","YAMAHA","XTZ 700 Tenere","Madrid","Comunidad de Madrid","689"
"25032026","0","","YAMAHA","XMAX 125","Murcia","Región de Murcia","125"
"25032026","0","","HONDA","FORZA125","Alicante/Alacant","Comunidad Valenciana","125"
"25032026","0","","SYM","JET 14","Madrid","Comunidad de Madrid","125"
"25032026","0","","KEEWAY","XDV 125 EVO PRO","Zaragoza","Aragón","125"
"25032026","0","","YAMAHA","WR125","Málaga","Andalucía","125"
"25032026","0","","YAMAHA","XTZ 700 Tenere","Valencia/València","Comunidad Valenciana","689"
"25032026","0","","HONDA","ADV 350","Alicante/Alacant","Comunidad Valenciana","330"
"25032026","0","","SYM","JET 14","Sevilla","Andalucía","125"
"25032026","0","","PIAGGIO","VESPA PRIMAVERA 125","Zaragoza","Aragón","124"
"25032026","0","","YAMAHA","RayZR 125","Girona","Cataluña","125"
"25032026","0","","RIEJU","RALLY 307","Santa Cruz de Tenerife","Canarias","292"
"25032026","0","","HONDA","PCX 125","Alicante/Alacant","Comunidad Valenciana","125"
"25032026","0","","ZONTES","703F","Málaga","Andalucía","699"
"25032026","0","","YAMAHA","NMAX 125","Barcelona","Cataluña","125"
"25032026","0","","BENDA","NAPOLEON 125","Girona","Cataluña","125"
"25032026","0","","KAWASAKI","VERSYS 650","Navarra","Comunidad Foral de Navarra","649"
"25032026","0","","RIEJU","RALLY 307","Barcelona","Cataluña","292"
"25032026","0","","YAMAHA","TMAX 560","Girona","Cataluña","562"
"25032026","0","","VOGE","625DSX","Cantabria","Cantabria","581"
"25032026","0","","YAMAHA","NMAX 125","Madrid","Comunidad de Madrid","125"
"25032026","0","","HONDA","FORZA 350","Gipuzkoa","País Vasco","330"
"25032026","0","","YAMAHA","XMAX 300","Barcelona","Cataluña","292"
"25032026","0","","YAMAHA","MT-07","Madrid","Comunidad de Madrid","689"
"25032026","0","","HONDA","CL500","Palmas (Las)","Canarias","471"
"25032026","0","","ZONTES","368M","Huelva","Andalucía","368"
"25032026","0","","CFMOTO","675NK","Lleida","Cataluña","674"
"25032026","0","","ZONTES","368G","Toledo","Castilla-La Mancha","368"
"25032026","0","","KAWASAKI","Z900RS","Alicante/Alacant","Comunidad Valenciana","948"
"25032026","0","","TRIUMPH","TRIDENT 660","Granada","Andalucía","660"
"25032026","0","","HONDA","CBR 650 R","Teruel","Aragón","649"
"25032026","0","","BMW","F 800 GS","Madrid","Comunidad de Madrid","895"
"25032026","0","","QJMOTOR","ATR 125 E5+","Alicante/Alacant","Comunidad Valenciana","125"
"25032026","0","","HONDA","VISION 110","Barcelona","Cataluña","109"
"25032026","0","","HONDA","ADV 350","Bizkaia","País Vasco","330"
"25032026","0","","RIEJU","NKD 125","Sevilla","Andalucía","124"
"25032026","0","","YAMAHA","XMAX 125","Málaga","Andalucía","125"
"25032026","0","","SYM","JET 14","Illes Balears","Illes Balears","125"
"25032026","0","","VOGE","625DSX","Málaga","Andalucía","581"
"25032026","0","","ZONTES","368G","Cádiz","Andalucía","368"
"25032026","0","","HONDA","ADV 750","Granada","Andalucía","745"
"25032026","0","","BMW","R 1300 GS","Madrid","Comunidad de Madrid","1300"
"25032026","0","","KTM","KTM 300 EXC","Zaragoza","Aragón","293"
"25032026","0","","HONDA","CBR 650 R","Málaga","Andalucía","649"
"25032026","0","","HONDA","PCX 125","Madrid","Comunidad de Madrid","125"
"25032026","0","","QJMOTOR","LTR 125 E5+","Santa Cruz de Tenerife","Canarias","125"
"25032026","0","","ZONTES","ZT125-G1","Zaragoza","Aragón","125"
"25032026","0","","ZONTES","368G","Valencia/València","Comunidad Valenciana","368"
"25032026","0","","MITT","TY125T-26F","Madrid","Comunidad de Madrid","125"
"25032026","0","","YAMAHA","NMAX 125","Bizkaia","País Vasco","125"
"25032026","0","","SUZUKI","ADDRESS 125","Alicante/Alacant","Comunidad Valenciana","124"
"25032026","0","","BMW","R 1300 GS ADVENTURE","Bizkaia","País Vasco","1300"
"25032026","0","","VOGE","SR1","Cádiz","Andalucía","125"
"25032026","0","","KTM","KTM 790 ADVENTURE","Navarra","Comunidad Foral de Navarra","799"
"25032026","0","","ROYAL ENFIELD","HIMALAYAN 452","Málaga","Andalucía","452"
"25032026","0","","YAMAHA","NMAX 125","Málaga","Andalucía","125"
"25032026","0","","BENELLI","502C CRUISER","Zaragoza","Aragón","500"
"25032026","0","","BMW","R 1300 GS","Madrid","Comunidad de Madrid","1300"
"25032026","0","","YAMAHA","YZF-R9","Barcelona","Cataluña","890"
"25032026","0","","YAMAHA","TRACER 700","Tarragona","Cataluña","689"
"25032026","0","","VOGE","DS900X","Coruña (A)","Galicia","895"
"25032026","0","","HUSQVARNA","HUSQVARNA VITPILEN 401","Bizkaia","País Vasco","399"
"25032026","0","","YAMAHA","XSR-700","Coruña (A)","Galicia","689"
"25032026","0","","MORBIDELLI","SC125 RE","Cantabria","Cantabria","125"
"25032026","0","","RIEJU","RALLY 307","Murcia","Región de Murcia","292"
"25032026","0","","KAWASAKI","VERSYS 650","Gipuzkoa","País Vasco","649"
"25032026","0","","KOVE","KOVE 800 X PRO 2026","Ávila","Castilla y León","799"
"25032026","0","","QJMOTOR","SRV 12 E5+","Ceuta","Ceuta","125"
"25032026","0","","APRILIA","TUONO 457","Gipuzkoa","País Vasco","457"
"25032026","0","","HONDA","XL750 Transalp","Barcelona","Cataluña","755"
"25032026","0","","VOGE","DS800X RALLY","Ceuta","Ceuta","798"
"25032026","0","","BMW","R 12 G/S","Málaga","Andalucía","1170"
"25032026","0","","VOGE","SR4 MAX","Granada","Andalucía","350"
"25032026","0","","BMW","R 1300 GS ADVENTURE","Granada","Andalucía","1300"
"25032026","0","","BENDA","NAPOLEON","Cádiz","Andalucía","476"
"25032026","0","","YAMAHA","XMAX 300","Barcelona","Cataluña","292"
"25032026","0","","PIAGGIO","LIBERTY 125 ABS","Barcelona","Cataluña","124"
"25032026","0","","MITT","125GTS","Valladolid","Castilla y León","125"
"25032026","0","","SYM","JET X","Barcelona","Cataluña","125"
"25032026","0","","HONDA","ADV 350","Zaragoza","Aragón","330"
"25032026","0","","PIAGGIO","LIBERTY 125 ABS","Cádiz","Andalucía","124"
"25032026","0","","ZONTES","368G","Tarragona","Cataluña","368"
"25032026","0","","VOGE","DS800X RALLY","Madrid","Comunidad de Madrid","798"
"25032026","0","","HONDA","NC 750 X","Alicante/Alacant","Comunidad Valenciana","745"
"25032026","0","","VOGE","DS800X RALLY","Salamanca","Castilla y León","798"
"25032026","0","","VOGE","DS800X RALLY","Gipuzkoa","País Vasco","798"
"25032026","0","","KTM","KTM 125 DUKE","Cádiz","Andalucía","125"
"25032026","0","","BENDA","NAPOLEON 125","Tarragona","Cataluña","125"
"25032026","0","","YAMAHA","XTZ 700 Tenere","Santa Cruz de Tenerife","Canarias","689"
"25032026","0","","YAMAHA","NMAX 125","Badajoz","Extremadura","125"
"25032026","0","","HONDA","CMX1100","Alicante/Alacant","Comunidad Valenciana","1084"
"25032026","0","","QJMOTOR","MTX 125 E5+","Madrid","Comunidad de Madrid","125"
"25032026","0","","HONDA","PCX 125","Illes Balears","Illes Balears","125"
"25032026","0","","ZONTES","368G","Zamora","Castilla y León","368"
"25032026","0","","BAJAJ","PULSAR NS 400 Z","Valencia/València","Comunidad Valenciana","373"
"25032026","0","","VOGE","SR1ADV","Coruña (A)","Galicia","125"
"25032026","0","","BMW","C 400 GT","Gipuzkoa","País Vasco","350"
"25032026","0","","YAMAHA","MT-125","Madrid","Comunidad de Madrid","125"
"25032026","0","","HONDA","PCX 125","Palmas (Las)","Canarias","125"
"25032026","0","","HONDA","FORZA 750","Madrid","Comunidad de Madrid","745"
"25032026","0","","VOGE","DS800X RALLY","Pontevedra","Galicia","798"
"25032026","0","","HONDA","PCX 125","Barcelona","Cataluña","125"
"25032026","0","","HONDA","PCX 125","Navarra","Comunidad Foral de Navarra","125"
"25032026","0","","VOGE","SR1ADV","Barcelona","Cataluña","125"
"25032026","0","","KEEWAY","XDV 125 EVO PRO","Sevilla","Andalucía","125"
"25032026","0","","YAMAHA","XMAX 125","Coruña (A)","Galicia","125"
"25032026","0","","ZONTES","703F","Valladolid","Castilla y León","699"
"25032026","0","","PEUGEOT","DJANGO","Valencia/València","Comunidad Valenciana","125"
"25032026","0","","KYMCO","AGILITY S","Madrid","Comunidad de Madrid","125"
"25032026","0","","MITT","125GP","Albacete","Castilla-La Mancha","124"
"25032026","0","","YAMAHA","YZF-R9","Cantabria","Cantabria","890"
"25032026","0","","RIEJU","NKD 125","Cáceres","Extremadura","124"
"25032026","0","","KTM","KTM 390 ADVENTURE R","Lugo","Galicia","399"
"25032026","0","","YAMAHA","NMAX 125","Illes Balears","Illes Balears","125"
"25032026","0","","ZONTES","368G","Murcia","Región de Murcia","368"
"25032026","0","","KAWASAKI","NINJA 125","Guadalajara","Castilla-La Mancha","125"
"25032026","0","","CFMOTO","450MT","Lleida","Cataluña","449"
"25032026","0","","YAMAHA","XMAX 125","Málaga","Andalucía","125"
"25032026","0","","HONDA","FORZA125","Burgos","Castilla y León","125"
"25032026","0","","APRILIA","SR GT 125","Girona","Cataluña","125"
"25032026","0","","HONDA","FORZA 350","Castellón/Castelló","Comunidad Valenciana","330"
"25032026","0","","YAMAHA","XMAX 125","Valencia/València","Comunidad Valenciana","125"
"25032026","0","","HUSQVARNA","HUSQVARNA TE 300","Toledo","Castilla-La Mancha","293"
"25032026","0","","KYMCO","SKYTOWN 125","Cádiz","Andalucía","125"
"25032026","0","","HONDA","CB650RA","Palmas (Las)","Canarias","649"
"25032026","0","","HONDA","PCX 125","Sevilla","Andalucía","125"
"25032026","0","","ZONTES","125E","Valencia/València","Comunidad Valenciana","125"
"25032026","0","","APRILIA","SX 125","Bizkaia","País Vasco","124"
"25032026","0","","HONDA","PCX 125","Barcelona","Cataluña","125"
"25032026","0","","KYMCO","AGILITY S","Zaragoza","Aragón","125"
"25032026","0","","HONDA","CB 125 F","Zaragoza","Aragón","124"
"25032026","0","","SYM","JET 14","Granada","Andalucía","125"
"25032026","0","","ZONTES","368G","Málaga","Andalucía","368"
"25032026","0","","MOTO MORINI","CALIBRO 700","Coruña (A)","Galicia","693"
"25032026","0","","HONDA","VISION 110","Barcelona","Cataluña","109"
"25032026","0","","HONDA","PCX 125","Almería","Andalucía","125"
"25032026","0","","ZONTES","703RR","Madrid","Comunidad de Madrid","699"
"25032026","0","","PIAGGIO","LIBERTY 125 ABS","Cádiz","Andalucía","124"
"25032026","0","","VOGE","DS900X","Cáceres","Extremadura","895"
"25032026","0","","KAWASAKI","Z1100","Alicante/Alacant","Comunidad Valenciana","1099"
"25032026","0","","HONDA","SH Mode 125","Illes Balears","Illes Balears","125"
"25032026","0","","RIEJU","RALLY 307","Barcelona","Cataluña","292"
"25032026","0","","HONDA","CB 125 F","Tarragona","Cataluña","124"
"25032026","0","","BMW","F 450 GS","Madrid","Comunidad de Madrid","420"
"25032026","0","","HONDA","VISION 110","Málaga","Andalucía","109"
"25032026","0","","QJMOTOR","SRK 125 S E5+","Alicante/Alacant","Comunidad Valenciana","125"
"25032026","0","","YAMAHA","MT-07","Barcelona","Cataluña","689"
"25032026","0","","HONDA","FORZA125","Barcelona","Cataluña","125"
"25032026","0","","HONDA","NT1100","Córdoba","Andalucía","1084"
"25032026","0","","SUZUKI","GSX-S 1000","Palmas (Las)","Canarias","999"
"25032026","0","","HONDA","FORZA 350","Barcelona","Cataluña","330"
"25032026","0","","KYMCO","SKYTOWN 125","Barcelona","Cataluña","125"
"25032026","0","","TRIUMPH","TIGER SPORT 660","Madrid","Comunidad de Madrid","660"
"25032026","0","","HONDA","PCX 125","Madrid","Comunidad de Madrid","125"
"25032026","0","","SUZUKI","GSX1300R","Barcelona","Cataluña","1340"
"25032026","0","","ZONTES","703F","Almería","Andalucía","699"
"25032026","0","","HONDA","SH125i","Málaga","Andalucía","125"
"25032026","0","","KAWASAKI","NINJA ZX-6R","Pontevedra","Galicia","636"
"25032026","0","","YAMAHA","R7","Tarragona","Cataluña","689"
"25032026","0","","ZONTES","703F","Murcia","Región de Murcia","699"
"25032026","0","","SYM","JET 14","Huesca","Aragón","125"
"25032026","0","","BMW","R 1300 GS","Sevilla","Andalucía","1300"
"25032026","0","","KTM","KTM 890 ADVENTURE","Valencia/València","Comunidad Valenciana","889"
"25032026","0","","QJMOTOR","SRT 700 X E5+","Ávila","Castilla y León","698"
"25032026","0","","HONDA","CBR 650 R","Barcelona","Cataluña","649"
"25032026","0","","TRIUMPH","SPEED TRIPLE 1200 RS","Cantabria","Cantabria","1160"
"25032026","0","","YAMAHA","NMAX 125","Valencia/València","Comunidad Valenciana","125"
"25032026","0","","ZONTES","ZT125-G1","Guadalajara","Castilla-La Mancha","125"
"25032026","0","","YAMAHA","WR125","Palmas (Las)","Canarias","125"
"25032026","0","","ZONTES","368K","Gipuzkoa","País Vasco","368"
"25032026","0","","DUCATI","MULTISTRADA V2","Sevilla","Andalucía","890"
"25032026","0","","ZONTES","125C","Santa Cruz de Tenerife","Canarias","125"
"25032026","0","","PIAGGIO","LIBERTY 125 ABS","Sevilla","Andalucía","124"
"25032026","0","","BENDA","LFC700","Barcelona","Cataluña","680"
"25032026","0","","MH MOTORCYCLES","TRAY","Sevilla","Andalucía","125"
"25032026","0","","BMW","S 1000 RR","Córdoba","Andalucía","999"
"25032026","0","","PIAGGIO","LIBERTY 125 ABS","Cádiz","Andalucía","124"
"25032026","0","","BMW","R 1300 GS ADVENTURE","Madrid","Comunidad de Madrid","1300"
"25032026","0","","MACBOR","MONTANA XR1 125 EVO","Rioja (La)","La Rioja","124"
"25032026","0","","ZONTES","368G","Illes Balears","Illes Balears","368"
"25032026","0","","BMW","K 1600 GT","Cantabria","Cantabria","1649"
"25032026","0","","KYMCO","AGILITY S","Murcia","Región de Murcia","125"
"25032026","0","","KYMCO","SKYTOWN 125","Barcelona","Cataluña","125"
"25032026","0","","HONDA","PCX 125","Cádiz","Andalucía","125"
"25032026","0","","HONDA","ADV 750","Palmas (Las)","Canarias","745"
"25032026","0","","KEEWAY","V-CRUISE","Tarragona","Cataluña","125"
"25032026","0","","ROYAL ENFIELD","HIMALAYAN 452","Valencia/València","Comunidad Valenciana","452"
"25032026","0","","YAMAHA","MT-09","Barcelona","Cataluña","890"
"25032026","0","","HONDA","PCX 125","Almería","Andalucía","125"
"25032026","0","","BMW","F 450 GS","Madrid","Comunidad de Madrid","420"
"25032026","0","","ZONTES","368E","Málaga","Andalucía","368"
"25032026","0","","MACBOR","ROCKSTER 125 EVO E5+","Murcia","Región de Murcia","125"
"25032026","0","","HONDA","NC 750 X","Burgos","Castilla y León","745"
"25032026","0","","LETBE","ISLAND","Pontevedra","Galicia","125"
"25032026","0","","BMW","F 900 R","Barcelona","Cataluña","895"
"25032026","0","","HONDA","PCX 125","Alicante/Alacant","Comunidad Valenciana","125"
"25032026","0","","ZONTES","703RR","Toledo","Castilla-La Mancha","699"
"25032026","0","","SWM","URBAN 525","Navarra","Comunidad Foral de Navarra","494"
"25032026","0","","PIAGGIO","LIBERTY 125 ABS","Sevilla","Andalucía","124"
"25032026","0","","BMW","R 1300 GS","Madrid","Comunidad de Madrid","1300"
"25032026","0","","VOGE","DS800X RALLY","Ciudad Real","Castilla-La Mancha","798"
"25032026","0","","PIAGGIO","MEDLEY 125","Barcelona","Cataluña","125"
"25032026","0","","RIEJU","XPLORA 707","Barcelona","Cataluña","698"
"25032026","0","","PEUGEOT","KISBEE M","Madrid","Comunidad de Madrid","125"
"25032026","0","","TRIUMPH","STREET TRIPLE R (A2)","Murcia","Región de Murcia","765"
"25032026","0","","HONDA","ADV 350","Castellón/Castelló","Comunidad Valenciana","330"
"25032026","0","","HONDA","SH125i","Málaga","Andalucía","125"
"25032026","0","","SUZUKI","ADDRESS 125","Alicante/Alacant","Comunidad Valenciana","124"
"25032026","0","","HONDA","PCX 125","Cádiz","Andalucía","125"
"25032026","0","","BMW","R 1300 GS","Madrid","Comunidad de Madrid","1300"
"25032026","0","","VOGE","DS800X RALLY","Huelva","Andalucía","798"
"25032026","0","","YAMAHA","NMAX 125","Valencia/València","Comunidad Valenciana","125"
"25032026","0","","HONDA","SH Mode 125","Tarragona","Cataluña","125"
"25032026","0","","VOGE","DS800X RALLY","Alicante/Alacant","Comunidad Valenciana","798"
"25032026","0","","VOGE","625R","Asturias","Principado de Asturias","581"
"25032026","0","","PIAGGIO","VESPA PRIMAVERA 125","Málaga","Andalucía","124"
"25032026","0","","ZONTES","125E","Madrid","Comunidad de Madrid","125"
"25032026","0","","ZONTES","703RR","Asturias","Principado de Asturias","699"
"25032026","0","","YAMAHA","RayZR 125","Pontevedra","Galicia","125"
"25032026","0","","KAWASAKI","Z650","Barcelona","Cataluña","649"
"25032026","0","","YAMAHA","R7","Cantabria","Cantabria","689"
"25032026","0","","BMW","R 1300 GS","Madrid","Comunidad de Madrid","1300"
"25032026","0","","HONDA","ADV 350","Barcelona","Cataluña","330"
"25032026","0","","YAMAHA","RayZR 125","Madrid","Comunidad de Madrid","125"
"25032026","0","","HONDA","XL750 Transalp","Cantabria","Cantabria","755"
"25032026","0","","YAMAHA","MT-07","Granada","Andalucía","689"
"25032026","0","","YAMAHA","TRACER 700","Palmas (Las)","Canarias","689"
"25032026","0","","YAMAHA","NMAX 125","Sevilla","Andalucía","125"
"25032026","0","","HONDA","ADV 750","Girona","Cataluña","745"
"25032026","0","","BMW","F 800 GS","Madrid","Comunidad de Madrid","895"
"25032026","0","","HONDA","CB750 Hornet","Bizkaia","País Vasco","755"
"25032026","0","","KYMCO","DTX","Tarragona","Cataluña","124"
"25032026","0","","KYMCO","SUPER DINK GT","Barcelona","Cataluña","321"
"25032026","0","","ZONTES","368G","Tarragona","Cataluña","368"
"25032026","0","","BMW","F 450 GS","Madrid","Comunidad de Madrid","420"
"25032026","0","","CYCLONE","RX1 PRO","Pontevedra","Galicia","124"
"25032026","0","","MV AGUSTA","BRUTALE RR","Ourense","Galicia","801"
"25032026","0","","KAWASAKI","NINJA 500","Córdoba","Andalucía","451"
"25032026","0","","DUCATI","STREETFIGHTER","Pontevedra","Galicia","890"
"25032026","0","","YAMAHA","R7","Barcelona","Cataluña","689"
"25032026","0","","YAMAHA","NMAX 125","Madrid","Comunidad de Madrid","125"
"25032026","0","","SYM","JET 14","Barcelona","Cataluña","125"
"25032026","0","","KAWASAKI","KLE500","Santa Cruz de Tenerife","Canarias","451"
"25032026","0","","PIAGGIO","LIBERTY 125 ABS","Cádiz","Andalucía","124"
"25032026","0","","YAMAHA","R7","Barcelona","Cataluña","689"
"25032026","0","","BETA","N/A","Barcelona","Cataluña","296"
"25032026","0","","BMW","R 1300 GS ADVENTURE","Coruña (A)","Galicia","1300"
"25032026","0","","HONDA","PCX 125","Murcia","Región de Murcia","125"
"25032026","0","","HONDA","ADV 350","Málaga","Andalucía","330"
"25032026","0","","RIEJU","NKD 125","Gipuzkoa","País Vasco","124"
"25032026","0","","ZONTES","368G","Barcelona","Cataluña","368"
"25032026","0","","HONDA","ADV 350","Granada","Andalucía","330"
"25032026","0","","BMW","F 800 GS","Castellón/Castelló","Comunidad Valenciana","895"
"25032026","0","","HONDA","PCX 125","Sevilla","Andalucía","125"
"25032026","0","","KAWASAKI","Z900","Guadalajara","Castilla-La Mancha","948"
"25032026","0","","HONDA","PCX 125","Córdoba","Andalucía","125"
"25032026","0","","HONDA","SH Mode 125","Zaragoza","Aragón","125"
"25032026","0","","MACBOR","8 MILE 500 SCR","Illes Balears","Illes Balears","471"
"25032026","0","","VOGE","R125","Valencia/València","Comunidad Valenciana","125"
"25032026","0","","BMW","C 400 GT","Almería","Andalucía","350"
"25032026","0","","HERO MOTOCORP","X PULSE 200 4V","Alicante/Alacant","Comunidad Valenciana","200"
"25032026","0","","YAMAHA","MT-07","Segovia","Castilla y León","689"
"25032026","0","","BMW","F 450 GS","Madrid","Comunidad de Madrid","420"
"25032026","0","","HONDA","PCX 125","Santa Cruz de Tenerife","Canarias","125"
"25032026","0","","HONDA","PCX 125","Huelva","Andalucía","125"
"25032026","0","","QJMOTOR","SRT 700 X E5+","Barcelona","Cataluña","698"
"25032026","0","","CFMOTO","800MT-X","Huelva","Andalucía","799"
"25032026","0","","HONDA","CB650RA","Huelva","Andalucía","649"
"25032026","0","","BMW","R 1300 GS ADVENTURE","Jaén","Andalucía","1300"
"25032026","0","","KYMCO","AGILITY S","Palmas (Las)","Canarias","125"
"25032026","0","","HONDA","FORZA 350","Madrid","Comunidad de Madrid","330"
"25032026","0","","YAMAHA","TMAX 560","Illes Balears","Illes Balears","562"
"25032026","0","","QJMOTOR","SRT 900 S","Madrid","Comunidad de Madrid","904"
"25032026","0","","KAWASAKI","NINJA 500","Madrid","Comunidad de Madrid","451"
"25032026","0","","BMW","F 900 R","Barcelona","Cataluña","895"
"25032026","0","","ZONTES","125C","Ourense","Galicia","125"
"25032026","0","","BENELLI","BN125","León","Castilla y León","125"
"25032026","0","","VOGE","SR16","Palmas (Las)","Canarias","125"
"25032026","0","","ZONTES","368G","Barcelona","Cataluña","368"
"25032026","0","","SYM","JET 14","Barcelona","Cataluña","125"
"25032026","0","","YAMAHA","NMAX 125","Barcelona","Cataluña","125"
"25032026","0","","VOGE","300RALLY","Málaga","Andalucía","292"
"25032026","0","","SHERCO","125 SE-R","Cantabria","Cantabria","125"
"25032026","0","","HONDA","PCX 125","Cádiz","Andalucía","125"
"25032026","0","","BMW","S 1000 R","Cádiz","Andalucía","999"
"25032026","0","","KYMCO","SKYTOWN 125","Bizkaia","País Vasco","125"
"25032026","0","","VOGE","DS800X RALLY","Ciudad Real","Castilla-La Mancha","798"
"25032026","0","","VOGE","SR16","Granada","Andalucía","125"
"25032026","0","","YAMAHA","TRACER 700","Barcelona","Cataluña","689"
"25032026","0","","BMW","R 1300 GS","Madrid","Comunidad de Madrid","1300"
"25032026","0","","HONDA","Rebel 500","Salamanca","Castilla y León","471"
"25032026","0","","YAMAHA","MT-125","Pontevedra","Galicia","125"
"25032026","0","","PIAGGIO","LIBERTY 125 ABS","Cádiz","Andalucía","124"
"25032026","0","","BMW","R 1300 RT","Madrid","Comunidad de Madrid","1300"
"25032026","0","","KYMCO","AGILITY S","Sevilla","Andalucía","125"
"25032026","0","","HONDA","SH350i","Barcelona","Cataluña","330"
"25032026","0","","YAMAHA","NMAX 125","Córdoba","Andalucía","125"
"25032026","0","","KAWASAKI","VERSYS 650","Toledo","Castilla-La Mancha","649"
"25032026","0","","BMW","R 1300 GS","Madrid","Comunidad de Madrid","1300"
"25032026","0","","BMW","C 400 GT","Málaga","Andalucía","350"
"25032026","0","","KAWASAKI","Z900","Alicante/Alacant","Comunidad Valenciana","948"
"25032026","0","","BMW","F 900 GS","Madrid","Comunidad de Madrid","895"
"25032026","0","","ZONTES","ZT125-U","Madrid","Comunidad de Madrid","125"
"25032026","0","","KOVE","KOVE 800 X GT","Barcelona","Cataluña","799"
"25032026","0","","HONDA","CB650RA","Palmas (Las)","Canarias","649"
"25032026","0","","VOGE","SR1ADV","Sevilla","Andalucía","125"
"25032026","0","","ZONTES","368G","Madrid","Comunidad de Madrid","368"
"25032026","0","","BENDA","NAPOLEON 125","Madrid","Comunidad de Madrid","125"
"25032026","0","","KAWASAKI","Z650RS","Valencia/València","Comunidad Valenciana","649"
"25032026","0","","KTM","KTM 125 ENDURO","Salamanca","Castilla y León","125"
"25032026","0","","MOTO GUZZI","V9 BOBBER","Huelva","Andalucía","853"
"25032026","0","","BMW","R 1300 GS","Madrid","Comunidad de Madrid","1300"
"25032026","0","","HONDA","PCX 125","Bizkaia","País Vasco","125"
"25032026","0","","BENELLI","BN125","Coruña (A)","Galicia","125"
"25032026","0","","KYMCO","SKYTOWN 125","Asturias","Principado de Asturias","125"
"25032026","0","","VOGE","SR16","Valladolid","Castilla y León","125"
"25032026","0","","PIAGGIO","MEDLEY 125","Pontevedra","Galicia","125"
"25032026","0","","HONDA","ADV 750","Barcelona","Cataluña","745"
"25032026","0","","HERO MOTOCORP","X PULSE 200 4V","Girona","Cataluña","200"
"25032026","0","","YAMAHA","RayZR 125","Valencia/València","Comunidad Valenciana","125"
"25032026","0","","QJMOTOR","MTX 125 E5+","Cádiz","Andalucía","125"
"25032026","0","","KAWASAKI","Z650RS","Ourense","Galicia","649"
"25032026","0","","KAWASAKI","KLE500","Palmas (Las)","Canarias","451"
"25032026","0","","HONDA","VISION 110","Barcelona","Cataluña","109"
"25032026","0","","YAMAHA","NMAX 125","Badajoz","Extremadura","125"
"25032026","0","","MITT","TY125T-26F","Madrid","Comunidad de Madrid","125"
"25032026","0","","BMW","F 450 GS","Madrid","Comunidad de Madrid","420"
"25032026","0","","HONDA","SH125i","Barcelona","Cataluña","125"
"25032026","0","","HONDA","PCX 125","Cádiz","Andalucía","125"
"25032026","0","","HONDA","PCX 125","Barcelona","Cataluña","125"
"25032026","0","","KYMCO","DTX","Málaga","Andalucía","124"
"25032026","0","","BMW","R 1300 GS","Madrid","Comunidad de Madrid","1300"
"25032026","0","","APRILIA","SR GT 125","Córdoba","Andalucía","125"
"25032026","0","","HONDA","SH125i","Ceuta","Ceuta","125"
"25032026","0","","VOGE","SR16","Sevilla","Andalucía","125"
"25032026","0","","ZONTES","ZT125-U","Barcelona","Cataluña","125"
"25032026","0","","BMW","F 800 GS","Málaga","Andalucía","895"
"25032026","0","","BMW","F 900 XR","Pontevedra","Galicia","895"
"25032026","0","","YAMAHA","NMAX 125","Badajoz","Extremadura","125"
"25032026","0","","BMW","S 1000 XR","Sevilla","Andalucía","999"
"25032026","0","","SUZUKI","GSX-8S","Girona","Cataluña","776"
"25032026","0","","APRILIA","SR GT 125","Cádiz","Andalucía","125"
"25032026","0","","ZONTES","125D","Barcelona","Cataluña","125"
"25032026","0","","HONDA","PCX 125","Bizkaia","País Vasco","125"
"25032026","0","","HONDA","SH125i","Barcelona","Cataluña","125"
"25032026","0","","HONDA","NX500","Barcelona","Cataluña","471"
"25032026","0","","ZONTES","368G","Sevilla","Andalucía","368"
"25032026","0","","ZONTES","368K","Illes Balears","Illes Balears","368"
"25032026","0","","YAMAHA","NMAX 125","Sevilla","Andalucía","125"
"25032026","0","","VOGE","DS800X RALLY","Cádiz","Andalucía","798"
"25032026","0","","FANTIC MOTOR","---","Málaga","Andalucía","463"
"25032026","0","","ZONTES","368G","Pontevedra","Galicia","368"
"25032026","0","","PEUGEOT","KISBEE M","Málaga","Andalucía","125"
"25032026","0","","HONDA","ADV 350","Santa Cruz de Tenerife","Canarias","330"
"25032026","0","","YAMAHA","TMAX 560","Barcelona","Cataluña","562"
"25032026","0","","SUZUKI","ADDRESS 125","Valencia/València","Comunidad Valenciana","124"
"25032026","0","","YAMAHA","RayZR 125","Huelva","Andalucía","125"
"25032026","0","","ZONTES","368G","Málaga","Andalucía","368"
"25032026","0","","BMW","F 450 GS","Madrid","Comunidad de Madrid","420"
"25032026","0","","YAMAHA","NMAX 125","Valladolid","Castilla y León","125"
"25032026","0","","TRIUMPH","TIGER 900 GT PRO","Huelva","Andalucía","888"
"25032026","0","","YAMAHA","NMAX 125","Barcelona","Cataluña","125"
"25032026","0","","LAMBRETTA","V125 SPECIAL FLEX","Alicante/Alacant","Comunidad Valenciana","125"
"25032026","0","","KAWASAKI","Z650RS","Gipuzkoa","País Vasco","649"
"25032026","0","","ZONTES","368G","Córdoba","Andalucía","368"
"25032026","0","","HONDA","PCX 125","Jaén","Andalucía","125"
"25032026","0","","MACBOR","ROCKSTER FLAT 125 EVO","Málaga","Andalucía","125"
"25032026","0","","HONDA","FORZA 750","Coruña (A)","Galicia","745"
"25032026","0","","TRIUMPH","TRIDENT 660","Barcelona","Cataluña","660"
"25032026","0","","CFMOTO","700MT","Castellón/Castelló","Comunidad Valenciana","693"
"25032026","0","","BMW","F 900 XR","Barcelona","Cataluña","895"
"25032026","0","","ZONTES","703RR","Girona","Cataluña","699"
"25032026","0","","ZONTES","368G","Illes Balears","Illes Balears","368"
"25032026","0","","HONDA","PCX 125","Santa Cruz de Tenerife","Canarias","125"
"25032026","0","","ZONTES","703F","Sevilla","Andalucía","699"
"25032026","0","","YAMAHA","XTZ 700 Tenere","Illes Balears","Illes Balears","689"
"25032026","0","","DUCATI","MONSTER","Palmas (Las)","Canarias","890"
"25032026","0","","SYM","JET X","Madrid","Comunidad de Madrid","125"
"25032026","0","","QJMOTOR","MTX 125 E5+","Málaga","Andalucía","125"
"25032026","0","","KOVE","KOVE 800 X PRO 2026","Córdoba","Andalucía","799"
"25032026","0","","MITT","TY125T-26F","Cádiz","Andalucía","125"
"25032026","0","","APRILIA","SR GT 125","Valencia/València","Comunidad Valenciana","125"
"25032026","0","","RIEJU","RALLY 307","Gipuzkoa","País Vasco","292"
"25032026","0","","BMW","R 1300 GS","Sevilla","Andalucía","1300"
"25032026","0","","YAMAHA","TRICITY 125","Almería","Andalucía","125"
"25032026","0","","BMW","F 450 GS","Madrid","Comunidad de Madrid","420"
"25032026","0","","DUCATI","STREETFIGHTER","Madrid","Comunidad de Madrid","1103"
"25032026","0","","VOGE","SR1ADV","Valencia/València","Comunidad Valenciana","125"
"25032026","0","","VOGE","DS800X RALLY","Valencia/València","Comunidad Valenciana","798"
"25032026","0","","YAMAHA","NMAX 125","Murcia","Región de Murcia","125"
"25032026","0","","KYMCO","SUPER DINK GT 125 E5+","Barcelona","Cataluña","124"
"25032026","0","","YAMAHA","XMAX 125","Málaga","Andalucía","125"
"25032026","0","","YAMAHA","NMAX 125","Granada","Andalucía","125"
"25032026","0","","YAMAHA","MT-125","Barcelona","Cataluña","125"
"25032026","0","","KAWASAKI","NINJA ZX-4R","Barcelona","Cataluña","399"
"25032026","0","","VOGE","SR3","Murcia","Región de Murcia","244"
"25032026","0","","KYMCO","SUPER DINK GT 125 E5+","Barcelona","Cataluña","124"
"25032026","0","","MOTO MORINI","CALIBRO","Sevilla","Andalucía","693"
"25032026","0","","YAMAHA","XTZ 700 Tenere","Cantabria","Cantabria","689"
"25032026","0","","HONDA","CBF 125","Sevilla","Andalucía","125"
"25032026","0","","KYMCO","SKYTOWN 125","Illes Balears","Illes Balears","125"
"25032026","0","","BMW","F 900 R","Madrid","Comunidad de Madrid","895"
"25032026","0","","SUZUKI","GSX-S 1000","Barcelona","Cataluña","999"
"25032026","0","","SUZUKI","AVENIS 125","León","Castilla y León","124"
"25032026","0","","HONDA","PCX 125","Granada","Andalucía","125"
"25032026","0","","BMW","R 1300 R","Madrid","Comunidad de Madrid","1300"
"25032026","0","","BMW","F 450 GS","Madrid","Comunidad de Madrid","420"
"25032026","0","","TRIUMPH","SCRAMBLER 400 X","Cuenca","Castilla-La Mancha","398"
"25032026","0","","PIAGGIO","LIBERTY 125 ABS","Cádiz","Andalucía","124"
"25032026","0","","KYMCO","SUPER DINK GT 125 E5+","Sevilla","Andalucía","124"
"25032026","0","","KEEWAY","XDV 125 EVO PRO","Bizkaia","País Vasco","125"
"25032026","0","","YAMAHA","MT-07","Barcelona","Cataluña","689"
"25032026","0","","YAMAHA","MT-125","Madrid","Comunidad de Madrid","125"
"25032026","0","","DUCATI","XDIAVEL V4","Lugo","Galicia","1158"
"25032026","0","","BMW","R 1300 GS","Sevilla","Andalucía","1300"
"25032026","0","","YAMAHA","MT-07","Sevilla","Andalucía","689"
"25032026","0","","KYMCO","SKYTOWN 125","Pontevedra","Galicia","125"
"25032026","0","","QJMOTOR","SQ 16 E5+","Gipuzkoa","País Vasco","125"
"25032026","0","","YAMAHA","NMAX 125","Málaga","Andalucía","125"
"25032026","0","","BMW","F 900 GS","Barcelona","Cataluña","895"
"25032026","0","","KYMCO","SKYTOWN 125","Illes Balears","Illes Balears","125"
"25032026","0","","MITT","URBAN","Ciudad Real","Castilla-La Mancha","125"
"25032026","0","","BMW","R 1300 RT","Madrid","Comunidad de Madrid","1300"
"25032026","0","","VOGE","DS800X RALLY","Jaén","Andalucía","798"
"25032026","0","","SYM","SYMPHONY 125","Córdoba","Andalucía","125"
"25032026","0","","ZONTES","125C","Valencia/València","Comunidad Valenciana","125"
"25032026","0","","KAWASAKI","ELIMINATOR","Barcelona","Cataluña","451"
"25032026","0","","SUZUKI","GSX-S 1000","Barcelona","Cataluña","999"
"25032026","0","","BMW","R 1300 GS ADVENTURE","Albacete","Castilla-La Mancha","1300"
"25032026","0","","SYM","SYMPHONY 125","Murcia","Región de Murcia","125"
"25032026","0","","YAMAHA","TRACER 700","Sevilla","Andalucía","689"
"25032026","0","","HONDA","CRF1100L Africa Twin","Madrid","Comunidad de Madrid","1084"
"25032026","0","","BENDA","NAPOLEON 125","Barcelona","Cataluña","125"
"25032026","0","","HONDA","CRF 300 L","Barcelona","Cataluña","286"
"25032026","0","","KAWASAKI","VULCAN S","Valencia/València","Comunidad Valenciana","649"
"25032026","0","","YAMAHA","R7","Barcelona","Cataluña","689"
"25032026","0","","QJMOTOR","ATR 125 E5+","Madrid","Comunidad de Madrid","125"
"25032026","0","","YAMAHA","TRACER 700","Gipuzkoa","País Vasco","689"
"25032026","0","","PIAGGIO","VESPA PRIMAVERA 125","Salamanca","Castilla y León","124"
"25032026","0","","BMW","F 450 GS","Madrid","Comunidad de Madrid","420"
"25032026","0","","YAMAHA","NMAX 125","Cádiz","Andalucía","125"
"25032026","0","","HONDA","FORZA125","Madrid","Comunidad de Madrid","125"
"25032026","0","","BMW","F 900 R A2","Barcelona","Cataluña","895"
"25032026","0","","HONDA","PCX 125","Málaga","Andalucía","125"
"25032026","0","","ZONTES","ZT125-G1","Málaga","Andalucía","125"
"25032026","0","","KYMCO","AGILITY S","Madrid","Comunidad de Madrid","125"
"25032026","0","","PIAGGIO","LIBERTY 125 ABS","Cádiz","Andalucía","124"
"25032026","0","","ZONTES","ZT125-Z2","Valencia/València","Comunidad Valenciana","125"
"25032026","0","","YAMAHA","NMAX 125","Murcia","Región de Murcia","125"
"25032026","0","","YAMAHA","NMAX 125","Madrid","Comunidad de Madrid","125"
"25032026","0","","HONDA","SH Mode 125","Illes Balears","Illes Balears","125"
"25032026","0","","SUZUKI","GSX-S 1000","Madrid","Comunidad de Madrid","999"
"25032026","0","","VOGE","DS800X RALLY","Huelva","Andalucía","798"
"25032026","0","","BMW","F 900 XR","Sevilla","Andalucía","895"
"25032026","0","","CFMOTO","450MT","Badajoz","Extremadura","449"
"25032026","0","","YAMAHA","XMAX 125","Madrid","Comunidad de Madrid","125"
"25032026","0","","VOGE","SR4 MAX","Madrid","Comunidad de Madrid","350"
"25032026","0","","HONDA","XL750 Transalp","Barcelona","Cataluña","755"
"25032026","0","","KAWASAKI","Z900","Valladolid","Castilla y León","948"
"25032026","0","","HONDA","PCX 125","Madrid","Comunidad de Madrid","125"
"25032026","0","","HONDA","FORZA125","Málaga","Andalucía","125"
"25032026","0","","SYM","JET 14","Barcelona","Cataluña","125"
"25032026","0","","HONDA","CBF 125","Málaga","Andalucía","125"
"25032026","0","","HONDA","CBR500","Jaén","Andalucía","471"
"25032026","0","","HONDA","PCX 125","Santa Cruz de Tenerife","Canarias","125"
"25032026","0","","VOGE","DS525X","Cádiz","Andalucía","494"
"25032026","0","","YAMAHA","RayZR 125","Sevilla","Andalucía","125"
"25032026","0","","HONDA","SH Mode 125","Bizkaia","País Vasco","125"
"25032026","0","","YAMAHA","NMAX 125","Málaga","Andalucía","125"
"25032026","0","","ZONTES","703RR","Cantabria","Cantabria","699"
"25032026","0","","KYMCO","PEOPLE S 125 E5+","Alicante/Alacant","Comunidad Valenciana","125"
"25032026","0","","ZONTES","125C","Cádiz","Andalucía","125"
"25032026","0","","ZONTES","368G","Rioja (La)","La Rioja","368"
"25032026","0","","VOGE","DS900X","Ciudad Real","Castilla-La Mancha","895"
"25032026","0","","BMW","R 12 NINET","Madrid","Comunidad de Madrid","1170"
"25032026","0","","HONDA","CRF 300 L","Ávila","Castilla y León","286"
"25032026","0","","VOGE","R125","Zaragoza","Aragón","125"
"25032026","0","","HONDA","FORZA125","Barcelona","Cataluña","125"
"25032026","0","","CFMOTO","450MT","Cádiz","Andalucía","449"
"25032026","0","","HONDA","PCX 125","Sevilla","Andalucía","125"
"25032026","0","","YAMAHA","MT-07","Castellón/Castelló","Comunidad Valenciana","689"
"25032026","0","","HONDA","NX500","Valencia/València","Comunidad Valenciana","471"
"25032026","0","","HONDA","ADV 350","Lugo","Galicia","330"
"25032026","0","","ROYAL ENFIELD","HIMALAYAN 452","Barcelona","Cataluña","452"
"25032026","0","","VOGE","DS900X","Granada","Andalucía","895"
"25032026","0","","KAWASAKI","Z900","Sevilla","Andalucía","948"
"25032026","0","","APRILIA","RX 125","Cáceres","Extremadura","124"
"25032026","0","","YAMAHA","NMAX 125","Huelva","Andalucía","125"
"25032026","0","","RIEJU","RALLY 307","Madrid","Comunidad de Madrid","292"
"25032026","0","","BMW","R 1300 GS","Madrid","Comunidad de Madrid","1300"
"25032026","0","","YAMAHA","TMAX 560","Navarra","Comunidad Foral de Navarra","562"
"25032026","0","","YAMAHA","TRICITY 125","Madrid","Comunidad de Madrid","125"
"25032026","0","","CYCLONE","RA125 PLUS","Murcia","Región de Murcia","124"
"25032026","0","","ZONTES","703F","Granada","Andalucía","699"
"25032026","0","","BMW","R 1300 GS ADVENTURE","Jaén","Andalucía","1300"
"25032026","0","","VOGE","DS900X","Madrid","Comunidad de Madrid","895"
"25032026","0","","ZONTES","368G","Barcelona","Cataluña","368"
"25032026","0","","BMW","F 450 GS","Madrid","Comunidad de Madrid","420"
"25032026","0","","BMW","C 400 X","Tarragona","Cataluña","350"
"25032026","0","","HONDA","PCX 125","Barcelona","Cataluña","125"
"25032026","0","","BMW","F 900 R","Huesca","Aragón","895"
"25032026","0","","HONDA","NC 750 X","Asturias","Principado de Asturias","745"
"25032026","0","","BMW","F 450 GS","Madrid","Comunidad de Madrid","420"
"25032026","0","","YAMAHA","XMAX 300","Cádiz","Andalucía","292"
"25032026","0","","BMW","R 1300 GS","Madrid","Comunidad de Madrid","1300"
"25032026","0","","HONDA","SH125i","Barcelona","Cataluña","125"
"25032026","0","","BMW","R 1300 GS","Barcelona","Cataluña","1300"
"25032026","0","","ZONTES","368M","Almería","Andalucía","368"
"25032026","0","","VOGE","DS525X","Tarragona","Cataluña","494"
"25032026","0","","YAMAHA","NMAX 125","Madrid","Comunidad de Madrid","125"
"25032026","0","","KOVE","KOVE 800 X PRO 2026","Teruel","Aragón","799"
"25032026","0","","HONDA","CB750 Hornet","Valencia/València","Comunidad Valenciana","755"
"25032026","0","","QJMOTOR","SRT 900 S","Toledo","Castilla-La Mancha","904"
"25032026","0","","SYM","JET 14","Madrid","Comunidad de Madrid","125"
"25032026","0","","ZONTES","125C","Álava/Araba","País Vasco","125"
"25032026","0","","VOGE","R125","Cáceres","Extremadura","125"
"25032026","0","","YAMAHA","MT-07","Valencia/València","Comunidad Valenciana","689"
"25032026","0","","YAMAHA","XSR-125","Lugo","Galicia","125"
"25032026","0","","YAMAHA","NMAX 125","Madrid","Comunidad de Madrid","125"
"25032026","0","","HONDA","CRF1100L Africa Twin","Murcia","Región de Murcia","1084"
"25032026","0","","PIAGGIO","LIBERTY 125 ABS","Cádiz","Andalucía","124"
"25032026","0","","KEEWAY","VERSILIA 125","Barcelona","Cataluña","125"
"25032026","0","","CFMOTO","450MT","Gipuzkoa","País Vasco","449"
"25032026","0","","HONDA","XL750 Transalp","Sevilla","Andalucía","755"
"25032026","0","","MITT","IBIZA","Soria","Castilla y León","125"
"25032026","0","","VOGE","DS800X RALLY","Barcelona","Cataluña","798"
"25032026","0","","KAWASAKI","Z125","Granada","Andalucía","125"
"25032026","0","","HONDA","CRF1100L Africa Twin","Málaga","Andalucía","1084"
"25032026","0","","HONDA","ADV 350","Tarragona","Cataluña","330"
"25032026","0","","YAMAHA","RayZR 125","Madrid","Comunidad de Madrid","125"
"25032026","0","","HONDA","SH350i","Ceuta","Ceuta","330"
"25032026","0","","ZONTES","125D","Barcelona","Cataluña","125"
"25032026","0","","LAMBRETTA","V125 SPECIAL FLEX","Granada","Andalucía","125"
"25032026","0","","DUCATI","MULTISTRADA V2","Valencia/València","Comunidad Valenciana","890"
"25032026","0","","SYM","CRUISYM 125 TCS E5+","Valencia/València","Comunidad Valenciana","124"
"25032026","0","","YAMAHA","NMAX 125","Cádiz","Andalucía","125"
"25032026","0","","KYMCO","AGILITY S","Madrid","Comunidad de Madrid","125"
"25032026","0","","BMW","F 800 GS","Madrid","Comunidad de Madrid","895"
"25032026","0","","HONDA","PCX 125","Cádiz","Andalucía","125"
"25032026","0","","HONDA","PCX 125","Alicante/Alacant","Comunidad Valenciana","125"
"25032026","0","","VOGE","DS900X","Teruel","Aragón","895"
"25032026","0","","HONDA","PCX 125","Córdoba","Andalucía","125"
"25032026","0","","APRILIA","RS 660","Tarragona","Cataluña","659"
"25032026","0","","KAWASAKI","KLE500","Almería","Andalucía","451"
"25032026","0","","ZONTES","368G","Córdoba","Andalucía","368"
"25032026","0","","KAWASAKI","Z650","Málaga","Andalucía","649"
"25032026","0","","ZONTES","ZT125-Z2","Sevilla","Andalucía","125"
"25032026","0","","HONDA","ADV 350","Málaga","Andalucía","330"
"25032026","0","","BMW","F 900 XR","Madrid","Comunidad de Madrid","895"
"25032026","0","","SYM","JET X","Madrid","Comunidad de Madrid","125"
"25032026","0","","APRILIA","SR GT 125","Málaga","Andalucía","125"
"25032026","0","","YAMAHA","NMAX 125","Cádiz","Andalucía","125"
"25032026","0","","HONDA","CL500","Palmas (Las)","Canarias","471"
"25032026","0","","KYMCO","AGILITY S","Valladolid","Castilla y León","125"
"25032026","0","","BMW","F 450 GS","Madrid","Comunidad de Madrid","420"
"25032026","0","","VOGE","DS900X","Cádiz","Andalucía","895"
"25032026","0","","HONDA","FORZA125","Alicante/Alacant","Comunidad Valenciana","125"
"25032026","0","","HONDA","PCX 125","Cádiz","Andalucía","125"
"25032026","0","","YAMAHA","WR125","Cádiz","Andalucía","125"
"25032026","0","","KTM","KTM 790 ADVENTURE","Pontevedra","Galicia","799"
"25032026","0","","BMW","F 800 GS","Madrid","Comunidad de Madrid","895"
"25032026","0","","HONDA","ADV 350","Málaga","Andalucía","330"
"25032026","0","","SYM","JET 14","Bizkaia","País Vasco","125"
"25032026","0","","YAMAHA","XTZ 700 Tenere","Málaga","Andalucía","689"
"25032026","0","","HONDA","FORZA125","Santa Cruz de Tenerife","Canarias","125"
"25032026","0","","BMW","R 1300 RS","Barcelona","Cataluña","1300"
"25032026","0","","SYM","JET 14","Alicante/Alacant","Comunidad Valenciana","125"
"25032026","0","","BMW","R 18","Coruña (A)","Galicia","1802"
"25032026","0","","HONDA","ADV 350","Santa Cruz de Tenerife","Canarias","330"
"25032026","0","","YAMAHA","XMAX 125","Santa Cruz de Tenerife","Canarias","125"
"25032026","0","","YAMAHA","TMAX 560","Málaga","Andalucía","562"
"25032026","0","","APRILIA","RX 125","Valencia/València","Comunidad Valenciana","124"
"25032026","0","","BMW","F 450 GS","Madrid","Comunidad de Madrid","420"
"25032026","0","","PIAGGIO","LIBERTY 125 ABS","Málaga","Andalucía","124"
"25032026","0","","RIEJU","RALLY 307","Barcelona","Cataluña","292"
"25032026","0","","RIEJU","RALLY 307","Alicante/Alacant","Comunidad Valenciana","292"
"25032026","0","","YAMAHA","NMAX 125","Cádiz","Andalucía","125"
"25032026","0","","YAMAHA","TMAX 560","Málaga","Andalucía","562"
"25032026","0","","YAMAHA","NMAX 125","Madrid","Comunidad de Madrid","125"
"25032026","0","","RIEJU","NKD 125","Sevilla","Andalucía","124"
"25032026","0","","HONDA","FORZA125","León","Castilla y León","125"
"25032026","0","","BMW","R 1300 GS","Madrid","Comunidad de Madrid","1300"
"25032026","0","","HONDA","SH125i","Barcelona","Cataluña","125"
"25032026","0","","YAMAHA","NMAX 125","Valencia/València","Comunidad Valenciana","125"
"25032026","0","","YAMAHA","XMAX 125","Sevilla","Andalucía","125"
"25032026","0","","HONDA","FORZA125","Pontevedra","Galicia","125"
"25032026","0","","KTM","KTM 390 ADVENTURE R","Granada","Andalucía","399"
"25032026","0","","HONDA","CRF1100L Africa Twin","Asturias","Principado de Asturias","1084"
"25032026","0","","YAMAHA","NMAX 125","Alicante/Alacant","Comunidad Valenciana","125"
"25032026","0","","QJMOTOR","ATR 125 E5+","Toledo","Castilla-La Mancha","125"
"25032026","0","","SYM","JET 14","Sevilla","Andalucía","125"
"25032026","0","","QJMOTOR","SRT 700 X E5+","Salamanca","Castilla y León","698"
"25032026","0","","CFMOTO","450MT","Barcelona","Cataluña","449"
"25032026","0","","QJMOTOR","FORT 125 N E5+","Málaga","Andalucía","125"
"25032026","0","","YAMAHA","Tracer 9 GT","Santa Cruz de Tenerife","Canarias","890"
"25032026","0","","HONDA","SH Mode 125","Barcelona","Cataluña","125"
"25032026","0","","ZONTES","125E","Valencia/València","Comunidad Valenciana","125"
"25032026","0","","KEEWAY","XDV 125 EVO PRO","Murcia","Región de Murcia","125"
"25032026","0","","KAWASAKI","NINJA ZX-4R","Gipuzkoa","País Vasco","399"
"25032026","0","","ZONTES","125D","Valencia/València","Comunidad Valenciana","125"
"25032026","0","","PIAGGIO","LIBERTY 125 ABS","Cádiz","Andalucía","124"
"25032026","0","","YAMAHA","NMAX 125","Sevilla","Andalucía","125"
"25032026","0","","BMW","C 400 GT","Illes Balears","Illes Balears","350"
"25032026","0","","BMW","F 800 GS","Alicante/Alacant","Comunidad Valenciana","895"
"25032026","0","","HONDA","PCX 125","Cantabria","Cantabria","125"
"25032026","0","","ITALJET","DRAGSTER 700 TWIN","Cádiz","Andalucía","698"
"25032026","0","","QJMOTOR","LTR 125 E5+","Santa Cruz de Tenerife","Canarias","125"
"25032026","0","","HONDA","CBR 650 R","Barcelona","Cataluña","649"
"25032026","0","","MACBOR","MONTANA XR5 510 E5+","Santa Cruz de Tenerife","Canarias","498"
"25032026","0","","APRILIA","SR GT 125","Coruña (A)","Galicia","125"
"25032026","0","","VOGE","300RALLY","Granada","Andalucía","292"
"25032026","0","","BMW","R 1300 GS","Madrid","Comunidad de Madrid","1300"
"25032026","0","","YAMAHA","RayZR 125","Cádiz","Andalucía","125"
"25032026","0","","YAMAHA","NMAX 125","Illes Balears","Illes Balears","125"
"25032026","0","","HONDA","XL750 Transalp","Cáceres","Extremadura","755"
"25032026","0","","YAMAHA","NMAX 125","Santa Cruz de Tenerife","Canarias","125"
"25032026","0","","YAMAHA","XMAX 125","Barcelona","Cataluña","125"
"25032026","0","","KEEWAY","XDV 125 EVO PRO","Córdoba","Andalucía","125"
"25032026","0","","BMW","R 1300 GS","Madrid","Comunidad de Madrid","1300"
"25032026","0","","HONDA","ADV 750","Palmas (Las)","Canarias","745"
"25032026","0","","HONDA","Rebel 500","Illes Balears","Illes Balears","471"
"25032026","0","","BMW","R 1300 GS","Madrid","Comunidad de Madrid","1300"
"25032026","0","","DUCATI","PANIGALE V4","Alicante/Alacant","Comunidad Valenciana","1103"
"25032026","0","","HONDA","CB650RA","Barcelona","Cataluña","649"
"25032026","0","","SYM","JET 14","Cádiz","Andalucía","125"
"25032026","0","","YAMAHA","MT-07","Sevilla","Andalucía","689"
"25032026","0","","HONDA","NX500","Gipuzkoa","País Vasco","471"
"25032026","0","","HONDA","NX500","Navarra","Comunidad Foral de Navarra","471"
"25032026","0","","HONDA","VISION 110","Barcelona","Cataluña","109"
"25032026","0","","QJMOTOR","FORT 125 N E5+","Alicante/Alacant","Comunidad Valenciana","125"
"25032026","0","","VOGE","DS525X","Valencia/València","Comunidad Valenciana","494"
"25032026","0","","ZONTES","368G","Alicante/Alacant","Comunidad Valenciana","368"
"25032026","0","","YAMAHA","XMAX 125","Sevilla","Andalucía","125"
"25032026","0","","SYM","SYMPHONY 125","Gipuzkoa","País Vasco","125"
"25032026","0","","HONDA","FORZA125","Granada","Andalucía","125"
"25032026","0","","HONDA","CBF 125","Alicante/Alacant","Comunidad Valenciana","125"
"25032026","0","","KOVE","KOVE 800 X PRO 2026","Cádiz","Andalucía","799"
"25032026","0","","YAMAHA","R7","Barcelona","Cataluña","689"
"25032026","0","","YAMAHA","XMAX 125","Barcelona","Cataluña","125"
"25032026","0","","HONDA","Rebel 500","Valencia/València","Comunidad Valenciana","471"
"25032026","0","","YAMAHA","XMAX 300","Madrid","Comunidad de Madrid","292"
"25032026","0","","HONDA","FORZA 350","Granada","Andalucía","330"
"25032026","0","","KYMCO","SKYTOWN 125","Albacete","Castilla-La Mancha","125"
"25032026","0","","HONDA","FORZA125","Barcelona","Cataluña","125"
"25032026","0","","YAMAHA","XMAX 125","Cádiz","Andalucía","125"
"25032026","0","","HONDA","FORZA 350","Cádiz","Andalucía","330"
"25032026","0","","HONDA","ADV 350","Girona","Cataluña","330"
"25032026","0","","SYM","JET 14","Castellón/Castelló","Comunidad Valenciana","125"
"25032026","0","","BMW","C 400 GT","Alicante/Alacant","Comunidad Valenciana","350"
"25032026","0","","RIEJU","RALLY 307","Zaragoza","Aragón","292"
"25032026","0","","SUZUKI","V-Strom 800","Cádiz","Andalucía","776"
"25032026","0","","KYMCO","AGILITY S","Barcelona","Cataluña","125"
"25032026","0","","KOVE","KOVE 800 X GT","Barcelona","Cataluña","799"
"25032026","0","","HONDA","VISION 110","Barcelona","Cataluña","109"
"25032026","0","","HONDA","PCX 125","Granada","Andalucía","125"
"25032026","0","","PIAGGIO","LIBERTY 125 ABS","Cádiz","Andalucía","124"
"25032026","0","","HONDA","ADV 350","Barcelona","Cataluña","330"
"25032026","0","","BMW","R 1300 GS ADVENTURE","Barcelona","Cataluña","1300"
"25032026","0","","KYMCO","AGILITY S","Alicante/Alacant","Comunidad Valenciana","125"
"25032026","0","","HONDA","ADV 750","Cantabria","Cantabria","745"
"25032026","0","","VOGE","625R","Madrid","Comunidad de Madrid","581"
"25032026","0","","MACBOR","EIGHT MILE 125 LC","Valencia/València","Comunidad Valenciana","124"
"25032026","0","","SYM","JET X","Valencia/València","Comunidad Valenciana","125"
"25032026","0","","SHERCO","250 ST","Barcelona","Cataluña","250"
"25032026","0","","BMW","F 900 XR","Alicante/Alacant","Comunidad Valenciana","895"
"25032026","0","","BMW","F 800 GS","Valencia/València","Comunidad Valenciana","895"
"25032026","0","","BMW","R 1300 GS","Madrid","Comunidad de Madrid","1300"
"25032026","0","","PIAGGIO","LIBERTY 125 ABS","Cádiz","Andalucía","124"
"25032026","0","","RIEJU","RALLY 307","Jaén","Andalucía","292"
"25032026","0","","BMW","F 450 GS","Madrid","Comunidad de Madrid","420"
"25032026","0","","KEEWAY","RKS 125","Madrid","Comunidad de Madrid","124"
"25032026","0","","BMW","R 1300 GS","Burgos","Castilla y León","1300"
"25032026","0","","ZONTES","125D","Sevilla","Andalucía","125"
"25032026","0","","RIEJU","RALLY 307","Barcelona","Cataluña","292"
"25032026","0","","ZONTES","125E","Barcelona","Cataluña","125"
"25032026","0","","VOGE","300RALLY","Cádiz","Andalucía","292"
"25032026","0","","VOGE","SR1ADV","Murcia","Región de Murcia","125"
"25032026","0","","HONDA","CB750 Hornet","Madrid","Comunidad de Madrid","755"
"25032026","0","","BMW","F 450 GS","Madrid","Comunidad de Madrid","420"
"25032026","0","","HONDA","PCX 125","Sevilla","Andalucía","125"
"25032026","0","","BMW","F 450 GS","Madrid","Comunidad de Madrid","420"
"25032026","0","","PIAGGIO","LIBERTY 125 ABS","Cádiz","Andalucía","124"
"25032026","0","","HONDA","SH Mode 125","Tarragona","Cataluña","125"
"25032026","0","","HONDA","SH Mode 125","Barcelona","Cataluña","125"
"25032026","0","","CFMOTO","450MT","Castellón/Castelló","Comunidad Valenciana","449"
"25032026","0","","HONDA","NX500","Bizkaia","País Vasco","471"
"25032026","0","","BMW","F 900 GS","Alicante/Alacant","Comunidad Valenciana","895"
"25032026","0","","BMW","F 450 GS","Madrid","Comunidad de Madrid","420"
"25032026","0","","BETA","N/A","Tarragona","Cataluña","293"
"25032026","0","","BMW","F 450 GS","Madrid","Comunidad de Madrid","420"
"25032026","0","","YAMAHA","NMAX 125","Valencia/València","Comunidad Valenciana","125"
"25032026","0","","SYM","CRUISYM 125 TCS E5+","Málaga","Andalucía","124"
"25032026","0","","YAMAHA","NMAX 125","Madrid","Comunidad de Madrid","125"
"25032026","0","","VOGE","SR16","Bizkaia","País Vasco","125"
"25032026","0","","MH MOTORCYCLES","VRT","Córdoba","Andalucía","124"
"25032026","0","","SYM","SYMPHONY 125","Illes Balears","Illes Balears","125"
"25032026","0","","YAMAHA","WR125","Girona","Cataluña","125"
"25032026","0","","BMW","F 450 GS","Madrid","Comunidad de Madrid","420"
"25032026","0","","HONDA","ADV 750","Alicante/Alacant","Comunidad Valenciana","745"
"25032026","0","","VOGE","SR16","Valencia/València","Comunidad Valenciana","125"
"25032026","0","","TRIUMPH","SPEED 400","Barcelona","Cataluña","398"
"25032026","0","","BMW","F 450 GS","Madrid","Comunidad de Madrid","420"
"25032026","0","","HONDA","XL750 Transalp","Barcelona","Cataluña","755"
"25032026","0","","HONDA","FORZA125","Jaén","Andalucía","125"
"25032026","0","","KAWASAKI","Z650","Palmas (Las)","Canarias","649"
"25032026","0","","YAMAHA","RayZR 125","Málaga","Andalucía","125"
"25032026","0","","KYMCO","SUPER DINK GT 125 E5+","Palencia","Castilla y León","124"
"25032026","0","","VOGE","SR1ADV","Cantabria","Cantabria","125"
"25032026","0","","BMW","F 450 GS","Madrid","Comunidad de Madrid","420"
"25032026","0","","MOTO GUZZI","V7 STONE","Madrid","Comunidad de Madrid","853"
"25032026","0","","YAMAHA","R7","Valencia/València","Comunidad Valenciana","689"
"25032026","0","","KYMCO","SUPER DINK GT 125 E5+","Bizkaia","País Vasco","124"
"25032026","0","","YAMAHA","TMAX 560","Barcelona","Cataluña","562"
"25032026","0","","KTM","KTM 390 ADVENTURE R","Murcia","Región de Murcia","399"
"25032026","0","","HONDA","ADV 350","Zaragoza","Aragón","330"
"25032026","0","","VOGE","SR16","Cáceres","Extremadura","125"
"25032026","0","","ZONTES","368G","Barcelona","Cataluña","368"
"25032026","0","","BMW","R 1300 RT","Coruña (A)","Galicia","1300"
"25032026","0","","HONDA","FORZA 750","Barcelona","Cataluña","745"
"25032026","0","","HONDA","VISION 110","Barcelona","Cataluña","109"
"25032026","0","","HONDA","NT1100","Girona","Cataluña","1084"
"25032026","0","","ZONTES","368G","Córdoba","Andalucía","368"
"25032026","0","","HONDA","CBF 125","Valencia/València","Comunidad Valenciana","125"
"25032026","0","","HONDA","NT1100","Barcelona","Cataluña","1084"
"25032026","0","","PIAGGIO","VESPA GTS","Guadalajara","Castilla-La Mancha","310"
"25032026","0","","PIAGGIO","LIBERTY 125 ABS","Valencia/València","Comunidad Valenciana","124"
"25032026","0","","KTM","KTM 690 ENDURO R","Albacete","Castilla-La Mancha","693"
"25032026","0","","KYMCO","SUPER DINK GT 125 E5+","Madrid","Comunidad de Madrid","124"
"25032026","0","","HONDA","SH Mode 125","Gipuzkoa","País Vasco","125"
"25032026","0","","YAMAHA","R7","Barcelona","Cataluña","689"
"25032026","0","","YAMAHA","MT-07","Córdoba","Andalucía","689"
"25032026","0","","MACBOR","ROCKSTER 125 EVO E5+","Valladolid","Castilla y León","125"
"25032026","0","","PIAGGIO","LIBERTY 125 ABS","Cádiz","Andalucía","124"
"25032026","0","","HARLEY-DAVIDSON","NIGHTSTER","León","Castilla y León","975"
"25032026","0","","HONDA","SH Mode 125","Gipuzkoa","País Vasco","125"
"25032026","0","","PIAGGIO","LIBERTY 125 ABS","Granada","Andalucía","124"
"25032026","0","","BMW","C 400 GT","Girona","Cataluña","350"
"25032026","0","","HONDA","FORZA125","León","Castilla y León","125"
"25032026","0","","KYMCO","SUPER DINK GT 125 E5+","Barcelona","Cataluña","124"
"25032026","0","","BMW","C 400 GT","Barcelona","Cataluña","350"
"25032026","0","","RIEJU","N/A","Valencia/València","Comunidad Valenciana","297"
"25032026","0","","KAWASAKI","ELIMINATOR","Barcelona","Cataluña","451"
"25032026","0","","HONDA","FORZA125","Sevilla","Andalucía","125"
"25032026","0","","SYM","SYMPHONY 125","Barcelona","Cataluña","125"
"25032026","0","","YAMAHA","R7","Barcelona","Cataluña","689"
"25032026","0","","VOGE","DS800X RALLY","Huelva","Andalucía","798"
"25032026","0","","QJMOTOR","SRT 700 X E5+","Barcelona","Cataluña","698"
"25032026","0","","KYMCO","SKYTOWN 125","Badajoz","Extremadura","125"
"25032026","0","","TRIUMPH","TIGER 900 GT PRO","Zaragoza","Aragón","888"
"25032026","0","","BMW","F 450 GS","Madrid","Comunidad de Madrid","420"
"25032026","0","","YAMAHA","NMAX 125","Madrid","Comunidad de Madrid","125"
"25032026","0","","MORBIDELLI","T502X","Murcia","Región de Murcia","486"
"25032026","0","","YAMAHA","R7","Barcelona","Cataluña","689"
"25032026","0","","BMW","F 450 GS","Madrid","Comunidad de Madrid","420"
"25032026","0","","HONDA","PCX 125","Cádiz","Andalucía","125"
"25032026","0","","BETA","N/A","Tarragona","Cataluña","293"
"25032026","0","","HONDA","FORZA 350","Barcelona","Cataluña","330"
"25032026","0","","VOGE","SR1","Granada","Andalucía","125"
"25032026","0","","VOGE","300RALLY","Valencia/València","Comunidad Valenciana","292"
"25032026","0","","ZONTES","368G","Cádiz","Andalucía","368"
"25032026","0","","BMW","F 450 GS","Madrid","Comunidad de Madrid","420"
"25032026","0","","ZONTES","703RR","Madrid","Comunidad de Madrid","699"
"25032026","0","","QJMOTOR","SRV 125 E5+","Ourense","Galicia","125"
"25032026","0","","YAMAHA","NMAX 125","Toledo","Castilla-La Mancha","125"
"25032026","0","","ITALJET","DRAGSTER 700 TWIN","Cádiz","Andalucía","698"
"25032026","0","","YAMAHA","XMAX 300","Madrid","Comunidad de Madrid","292"
"25032026","0","","HONDA","SH350i","Barcelona","Cataluña","330"
"25032026","0","","YAMAHA","NMAX 125","Alicante/Alacant","Comunidad Valenciana","125"
"25032026","0","","YAMAHA","NMAX 125","Málaga","Andalucía","125"
"25032026","0","","KYMCO","PEOPLE S 125 E5+","Barcelona","Cataluña","125"
"25032026","0","","HONDA","FORZA125","Badajoz","Extremadura","125"
"25032026","0","","HONDA","NC 750 X","Barcelona","Cataluña","745"
"25032026","0","","KYMCO","DTX","Barcelona","Cataluña","124"
"25032026","0","","KAWASAKI","Z650","Cáceres","Extremadura","649"
"25032026","0","","KAWASAKI","Z900","Cádiz","Andalucía","948"
"25032026","0","","ZONTES","350R","Navarra","Comunidad Foral de Navarra","348"
"25032026","0","","BMW","R 1300 GS","Madrid","Comunidad de Madrid","1300"
"25032026","0","","SYM","JET X","Palmas (Las)","Canarias","125"
"25032026","0","","HONDA","PCX 125","Valencia/València","Comunidad Valenciana","125"
"25032026","0","","YAMAHA","NMAX 125","Coruña (A)","Galicia","125"
"25032026","0","","BMW","F 450 GS","Madrid","Comunidad de Madrid","420"
"25032026","0","","INDIAN","CHIEFTAIN POWERPLUS DA","Barcelona","Cataluña","1834"
"25032026","0","","SYM","JET 14","Barcelona","Cataluña","125"
"25032026","0","","ROYAL ENFIELD","SUPER METEOR 650","Barcelona","Cataluña","648"
"25032026","0","","HONDA","XL750 Transalp","Tarragona","Cataluña","755"
"25032026","0","","HONDA","SH Mode 125","Barcelona","Cataluña","125"
"25032026","0","","YAMAHA","NMAX 125","Sevilla","Andalucía","125"
"25032026","0","","HONDA","FORZA125","Santa Cruz de Tenerife","Canarias","125"
"25032026","0","","KOVE","KOVE 800 X GT","Madrid","Comunidad de Madrid","799"
"25032026","0","","APRILIA","RS 660","Madrid","Comunidad de Madrid","659"
"25032026","0","","BMW","F 900 R","Santa Cruz de Tenerife","Canarias","895"
"25032026","0","","ITALJET","DRAGSTER 700 TWIN","Huelva","Andalucía","698"
"25032026","0","","YAMAHA","XMAX 300","Alicante/Alacant","Comunidad Valenciana","292"
"25032026","0","","YAMAHA","NMAX 125","Palmas (Las)","Canarias","125"
"25032026","0","","ITALJET","DRAGSTER 700 TWIN","Barcelona","Cataluña","698"
"25032026","0","","QJMOTOR","ATR 125 E5+","Bizkaia","País Vasco","125"
"25032026","0","","HONDA","XL750 Transalp","Málaga","Andalucía","755"
"25032026","0","","YAMAHA","NMAX 125","Girona","Cataluña","125"
"25032026","0","","CYCLONE","RX600","Sevilla","Andalucía","550"
"25032026","0","","BMW","F 900 R","Córdoba","Andalucía","895"
"25032026","0","","BMW","R 1300 GS ADVENTURE","Asturias","Principado de Asturias","1300"
"25032026","0","","HONDA","C125A","Bizkaia","País Vasco","124"
"25032026","0","","ZONTES","ZT125-G1","Murcia","Región de Murcia","125"
"25032026","0","","HONDA","PCX 125","Sevilla","Andalucía","125"
"25032026","0","","HONDA","FORZA 750","Granada","Andalucía","745"
"25032026","0","","ZONTES","368G","Cádiz","Andalucía","368"
"25032026","0","","RIEJU","RALLY 307","Madrid","Comunidad de Madrid","292"
"25032026","0","","MITT","EMPEROR","Sevilla","Andalucía","125"
"25032026","0","","YAMAHA","MT-09","Valladolid","Castilla y León","890"
"25032026","0","","CFMOTO","800MT-X","Albacete","Castilla-La Mancha","799"
"25032026","0","","QJMOTOR","FORT 125 N E5+","Málaga","Andalucía","125"
"25032026","0","","TRIUMPH","SCRAMBLER 400 X","Madrid","Comunidad de Madrid","398"
"25032026","0","","ZONTES","703F","Murcia","Región de Murcia","699"
"25032026","0","","ZONTES","368G","Barcelona","Cataluña","368"
"25032026","0","","MITT","OGAR LEGEND","Valencia/València","Comunidad Valenciana","125"
"25032026","0","","BMW","F 450 GS","Madrid","Comunidad de Madrid","420"
"25032026","0","","YAMAHA","NMAX 125","Málaga","Andalucía","125"
"25032026","0","","HONDA","PCX 125","Gipuzkoa","País Vasco","125"
"25032026","0","","YAMAHA","MT-07","Ceuta","Ceuta","689"
"25032026","0","","BMW","S 1000 XR","Illes Balears","Illes Balears","999"
"25032026","0","","BMW","F 900 R","Barcelona","Cataluña","895"
"25032026","0","","HONDA","ADV 350","Alicante/Alacant","Comunidad Valenciana","330"
"25032026","0","","APRILIA","RX 125","Jaén","Andalucía","124"
"25032026","0","","HONDA","PCX 125","Madrid","Comunidad de Madrid","125"
"25032026","0","","HONDA","ADV 350","Barcelona","Cataluña","330"
"25032026","0","","BMW","F 450 GS","Madrid","Comunidad de Madrid","420"
"25032026","0","","QJMOTOR","FORT 125 N E5+","Barcelona","Cataluña","125"
"25032026","0","","ZONTES","703F","Valencia/València","Comunidad Valenciana","699"
"25032026","0","","HONDA","FORZA125","Cádiz","Andalucía","125"
"25032026","0","","BETA","N/A","Barcelona","Cataluña","296"
"25032026","0","","APRILIA","SR GT 125","Lugo","Galicia","125"
"25032026","0","","BMW","F 450 GS","Madrid","Comunidad de Madrid","420"
"25032026","0","","VOGE","DS800X RALLY","Tarragona","Cataluña","798"
"25032026","0","","HUSQVARNA","HUSQVARNA 701 SUPERMOT","Santa Cruz de Tenerife","Canarias","693"
"25032026","0","","BMW","R 1300 GS","Madrid","Comunidad de Madrid","1300"
"25032026","0","","YAMAHA","MT-125","Navarra","Comunidad Foral de Navarra","125"
"25032026","0","","BMW","C 400 GT","Sevilla","Andalucía","350"
"25032026","0","","KTM","KTM 125 DUKE","Madrid","Comunidad de Madrid","125"
"25032026","0","","BMW","F 450 GS","Madrid","Comunidad de Madrid","420"
"25032026","0","","YAMAHA","RayZR 125","Santa Cruz de Tenerife","Canarias","125"
"25032026","0","","DUCATI","MONSTER WHITE","Madrid","Comunidad de Madrid","890"
"25032026","0","","YAMAHA","MT-09","Valencia/València","Comunidad Valenciana","890"
"25032026","0","","APRILIA","RS 660","Barcelona","Cataluña","659"
"25032026","0","","ZONTES","703F","Girona","Cataluña","699"
"25032026","0","","BMW","F 450 GS","Madrid","Comunidad de Madrid","420"
"25032026","0","","KYMCO","SUPER DINK GT 125 E5+","Barcelona","Cataluña","124"
"25032026","0","","SHERCO","125 SE-R","Barcelona","Cataluña","125"
"25032026","0","","PEUGEOT","TWEET FL 125 CC","Málaga","Andalucía","125"
"25032026","0","","QJMOTOR","SQ 16 E5+","Madrid","Comunidad de Madrid","125"
"25032026","0","","INDIAN","SPORT SCOUT LIMITED","Barcelona","Cataluña","1250"
"25032026","0","","PIAGGIO","LIBERTY 125 ABS","Granada","Andalucía","124"
"25032026","0","","ZONTES","ZT125-Z2","Palmas (Las)","Canarias","125"
"25032026","0","","VOGE","300RALLY","Córdoba","Andalucía","292"
"25032026","0","","HONDA","PCX 125","Navarra","Comunidad Foral de Navarra","125"
"25032026","0","","HONDA","CB 500 F","Zaragoza","Aragón","471"
"25032026","0","","YAMAHA","XMAX 300","Gipuzkoa","País Vasco","292"
"25032026","0","","PIAGGIO","VESPA SPRINT 125","Sevilla","Andalucía","124"
"25032026","0","","PIAGGIO","LIBERTY 125 ABS","Cádiz","Andalucía","124"
"25032026","0","","HONDA","SH125i","Gipuzkoa","País Vasco","125"
"25032026","0","","ZONTES","703F","Cáceres","Extremadura","699"
"25032026","0","","ZONTES","ZT125-Z2","Navarra","Comunidad Foral de Navarra","125"
"25032026","0","","YAMAHA","MT-07","Tarragona","Cataluña","689"
"25032026","0","","HONDA","ADV 350","Pontevedra","Galicia","330"
"25032026","0","","KYMCO","SKYTOWN 125","Toledo","Castilla-La Mancha","125"
"25032026","0","","KAWASAKI","Z500","Illes Balears","Illes Balears","451"
"25032026","0","","TRIUMPH","DAYTONA 660","Madrid","Comunidad de Madrid","660"
"25032026","0","","VOGE","SR1","Pontevedra","Galicia","125"
"25032026","0","","BMW","F 450 GS","Madrid","Comunidad de Madrid","420"
"25032026","0","","MORBIDELLI","T1002VX","Illes Balears","Illes Balears","997"
"25032026","0","","YAMAHA","MT-07","Palmas (Las)","Canarias","689"
"25032026","0","","KTM","KTM 890 ADVENTURE R","Barcelona","Cataluña","889"
"25032026","0","","YAMAHA","YZF-R9","Málaga","Andalucía","890"
"25032026","0","","PIAGGIO","VESPA PRIMAVERA 125","Bizkaia","País Vasco","124"
"25032026","0","","ZONTES","ZT125-U1","Jaén","Andalucía","125"
"25032026","0","","BMW","C 400 GT","Illes Balears","Illes Balears","350"
"25032026","0","","BMW","R 1300 GS ADVENTURE","Illes Balears","Illes Balears","1300"
"25032026","0","","PIAGGIO","VESPA GTS","Illes Balears","Illes Balears","310"
"25032026","0","","KTM","KTM 390 ENDURO R","Barcelona","Cataluña","399"
"25032026","0","","BMW","F 450 GS","Madrid","Comunidad de Madrid","420"
"25032026","0","","VOGE","625DSX","Ourense","Galicia","581"
"25032026","0","","HONDA","PCX 125","Coruña (A)","Galicia","125"
"25032026","0","","YAMAHA","MT-09","Madrid","Comunidad de Madrid","890"
"25032026","0","","QJMOTOR","SRT 900 SX","Asturias","Principado de Asturias","904"
"25032026","0","","BMW","R 1300 GS","Sevilla","Andalucía","1300"
"25032026","0","","VOGE","SR3","Málaga","Andalucía","244"
"25032026","0","","HONDA","SH125i","Gipuzkoa","País Vasco","125"
"25032026","0","","BMW","R 1300 GS","Madrid","Comunidad de Madrid","1300"
"25032026","0","","SYM","MAXSYM 400I GT","Barcelona","Cataluña","399"
"25032026","0","","VOGE","SR16","Barcelona","Cataluña","125"
"25032026","0","","APRILIA","SX 125","Bizkaia","País Vasco","124"
"25032026","0","","YAMAHA","XMAX 125","Sevilla","Andalucía","125"
"25032026","0","","BMW","F 800 GS","Valencia/València","Comunidad Valenciana","895"
"25032026","0","","KYMCO","SKYTOWN 125","Alicante/Alacant","Comunidad Valenciana","125"
"25032026","0","","DUCATI","MONSTER RED","Alicante/Alacant","Comunidad Valenciana","890"
"25032026","0","","ZONTES","368G","Cádiz","Andalucía","368"
"25032026","0","","HONDA","PCX 125","Asturias","Principado de Asturias","125"
"25032026","0","","KYMCO","SUPER DINK GT 125 E5+","Cantabria","Cantabria","124"
"25032026","0","","BMW","F 450 GS","Madrid","Comunidad de Madrid","420"
"25032026","0","","PIAGGIO","MEDLEY 125","Cádiz","Andalucía","125"
"25032026","0","","YAMAHA","NMAX 125","Zaragoza","Aragón","125"
"25032026","0","","HONDA","CB 125 F","Valencia/València","Comunidad Valenciana","124"
"25032026","0","","APRILIA","RS 660","Murcia","Región de Murcia","659"
"25032026","0","","HONDA","FORZA125","Alicante/Alacant","Comunidad Valenciana","125"
"25032026","0","","RIEJU","RALLY 307","Almería","Andalucía","292"
"25032026","0","","VOGE","625DSX","Lleida","Cataluña","581"
"25032026","0","","VOGE","DS800X RALLY","Madrid","Comunidad de Madrid","798"
"25032026","0","","HONDA","SH350i","Barcelona","Cataluña","330"
"25032026","0","","HONDA","PCX 125","Cádiz","Andalucía","125"
"25032026","0","","DUCATI","MONSTER WHITE","Granada","Andalucía","890"
"25032026","0","","YAMAHA","XTZ 700 Tenere","Barcelona","Cataluña","689"
"25032026","0","","SYM","SYMPHONY 125","Barcelona","Cataluña","125"
"25032026","0","","KYMCO","AGILITY S","Palmas (Las)","Canarias","125"
"25032026","0","","VOGE","DS800X RALLY","Córdoba","Andalucía","798"
"25032026","0","","BMW","F 900 R","Alicante/Alacant","Comunidad Valenciana","895"
"25032026","0","","HONDA","SH Mode 125","Tarragona","Cataluña","125"
"25032026","0","","VENT S.R.L.","---","Barcelona","Cataluña","125"
"25032026","0","","ZONTES","368G","Barcelona","Cataluña","368"
"25032026","0","","YAMAHA","NMAX 125","Cádiz","Andalucía","125"
"25032026","0","","HONDA","PCX 125","Málaga","Andalucía","125"
"25032026","0","","BMW","R 1300 RS","Madrid","Comunidad de Madrid","1300"
"25032026","0","","HONDA","PCX 125","Valencia/València","Comunidad Valenciana","125"
"25032026","0","","MOTO MORINI","ALLTRHIKE","Cáceres","Extremadura","449"
"25032026","0","","QJMOTOR","MTX 125 E5+","Madrid","Comunidad de Madrid","125"
"25032026","0","","HONDA","VISION 110","Lleida","Cataluña","109"
"25032026","0","","SYM","JET 14","Cádiz","Andalucía","125"
"25032026","0","","HONDA","SH125i","Barcelona","Cataluña","125"
"25032026","0","","YAMAHA","MT-07","Barcelona","Cataluña","689"
"25032026","0","","BMW","R 1300 GS","Sevilla","Andalucía","1300"
"25032026","0","","APRILIA","TUONO 125","Asturias","Principado de Asturias","124"
"25032026","0","","YAMAHA","NMAX 125","Valencia/València","Comunidad Valenciana","125"
"25032026","0","","PIAGGIO","LIBERTY 125 ABS","Cádiz","Andalucía","124"
"25032026","0","","BMW","R 1300 GS ADVENTURE","Madrid","Comunidad de Madrid","1300"
"25032026","0","","YAMAHA","NMAX 125","Málaga","Andalucía","125"
"25032026","0","","KAWASAKI","NINJA ZX-4R","Madrid","Comunidad de Madrid","399"
"25032026","0","","BENDA","CHINCHILLA 350","Murcia","Región de Murcia","343"
"25032026","0","","BMW","F 900 GS","Barcelona","Cataluña","895"
"25032026","0","","YAMAHA","XTZ 700 Tenere","Barcelona","Cataluña","689"
"25032026","0","","BMW","F 900 R","Murcia","Región de Murcia","895"
"25032026","0","","YAMAHA","NMAX 125","Madrid","Comunidad de Madrid","125"
"25032026","0","","DUCATI","MULTISTRADA V4","Murcia","Región de Murcia","1158"
"25032026","0","","BMW","R 1300 GS","Madrid","Comunidad de Madrid","1300"
"25032026","0","","KYMCO","SUPER DINK GT","Murcia","Región de Murcia","321"
"25032026","0","","KTM","KTM 1390 SUPER ADVENTU","Sevilla","Andalucía","1350"
"25032026","0","","VOGE","DS525X","Madrid","Comunidad de Madrid","494"
"25032026","0","","CYCLONE","RT1","Santa Cruz de Tenerife","Canarias","125"
"25032026","0","","KYMCO","DTX","Málaga","Andalucía","321"
"25032026","0","","HONDA","SH125i","Barcelona","Cataluña","125"
"25032026","0","","BMW","F 450 GS","Madrid","Comunidad de Madrid","420"
"25032026","0","","YAMAHA","R7","Valencia/València","Comunidad Valenciana","689"
"25032026","0","","HARLEY-DAVIDSON","LOW RIDER S","Coruña (A)","Galicia","1923"
"25032026","0","","KAWASAKI","NINJA 500","Coruña (A)","Galicia","451"
"25032026","0","","KYMCO","SUPER DINK GT","Zaragoza","Aragón","321"
"25032026","0","","SYM","JET 14","Asturias","Principado de Asturias","125"
"25032026","0","","HONDA","CRF 300 L","Sevilla","Andalucía","286"
"25032026","0","","KOVE","KOVE 800 X GT","Barcelona","Cataluña","799"
"25032026","0","","CFMOTO","800MT-X","Valencia/València","Comunidad Valenciana","799"
"25032026","0","","BMW","R 1300 GS","Madrid","Comunidad de Madrid","1300"
"25032026","0","","BMW","R 1300 GS","Sevilla","Andalucía","1300"
"25032026","0","","HONDA","ADV 750","Palmas (Las)","Canarias","745"
"25032026","0","","YAMAHA","RayZR 125","Barcelona","Cataluña","125"
"25032026","0","","YAMAHA","NMAX 125","Cuenca","Castilla-La Mancha","125"
"25032026","0","","SYM","JET 14","Sevilla","Andalucía","125"
"25032026","0","","FANTIC MOTOR","---","Cádiz","Andalucía","125"
"25032026","0","","PEUGEOT","KISBEE M","Granada","Andalucía","125"
"25032026","0","","VOGE","SR16","Cádiz","Andalucía","125"
"25032026","0","","KAWASAKI","KLE500","Barcelona","Cataluña","451"
"25032026","0","","VOGE","DS800X RALLY","Málaga","Andalucía","798"
"25032026","0","","BMW","F 450 GS","Madrid","Comunidad de Madrid","420"
"25032026","0","","VOGE","DS800X RALLY","Alicante/Alacant","Comunidad Valenciana","798"
"25032026","0","","BMW","R 1300 GS","Madrid","Comunidad de Madrid","1300"
"25032026","0","","HONDA","FORZA125","Málaga","Andalucía","125"
"25032026","0","","VOGE","625R","Rioja (La)","La Rioja","581"
"25032026","0","","CFMOTO","675SR-R","Barcelona","Cataluña","674"
"25032026","0","","VOGE","300RALLY","Ciudad Real","Castilla-La Mancha","292"
"25032026","0","","HARLEY-DAVIDSON","NIGHTSTER SPECIAL","Cádiz","Andalucía","975"
"25032026","0","","HONDA","FORZA 750","Málaga","Andalucía","745"
"25032026","0","","YAMAHA","NMAX 125","Málaga","Andalucía","125"
"25032026","0","","YAMAHA","NMAX 125","Palmas (Las)","Canarias","125"
"25032026","0","","HONDA","NX500","Illes Balears","Illes Balears","471"
"25032026","0","","BMW","R 1300 GS","Madrid","Comunidad de Madrid","1300"
"25032026","0","","YAMAHA","TRICITY 125","Girona","Cataluña","125"
"25032026","0","","ROYAL ENFIELD","SUPER METEOR 650","Valencia/València","Comunidad Valenciana","648"
"25032026","0","","YAMAHA","XTZ 700 Tenere","Cantabria","Cantabria","689"
"25032026","0","","KTM","KTM 300 EXC","Gipuzkoa","País Vasco","293"
"25032026","0","","BMW","F 450 GS","Madrid","Comunidad de Madrid","420"
"25032026","0","","KAWASAKI","KLE500","Valladolid","Castilla y León","451"
"25032026","0","","KAWASAKI","VERSYS 1100","Toledo","Castilla-La Mancha","1099"
"25032026","0","","SYM","SYMPHONY 125","Granada","Andalucía","125"
"25032026","0","","YAMAHA","MT-09","Tarragona","Cataluña","890"
"25032026","0","","SYM","JET X","Madrid","Comunidad de Madrid","125"
"25032026","0","","VOGE","625DSX","Gipuzkoa","País Vasco","581"
"25032026","0","","APRILIA","TUONO 457","Bizkaia","País Vasco","457"
"25032026","0","","HONDA","XL750 Transalp","Cuenca","Castilla-La Mancha","755"
"25032026","0","","YAMAHA","XMAX 300","Barcelona","Cataluña","292"
"25032026","0","","KYMCO","SUPER DINK GT","Granada","Andalucía","321"
"25032026","0","","VOGE","625DSX","Madrid","Comunidad de Madrid","581"
"25032026","0","","VOGE","DS800X RALLY","Barcelona","Cataluña","798"
"25032026","0","","SUZUKI","GSX-S 1000","Madrid","Comunidad de Madrid","999"
"25032026","0","","YAMAHA","NMAX 125","Córdoba","Andalucía","125"
"25032026","0","","ITALJET","DRAGSTER 700 TWIN","Barcelona","Cataluña","698"
"25032026","0","","YAMAHA","RayZR 125","Cádiz","Andalucía","125"
"25032026","0","","KYMCO","SUPER DINK GT 125 E5+","Cantabria","Cantabria","124"
"25032026","0","","INDIAN","101 SCOUT","Barcelona","Cataluña","1250"
"25032026","0","","KAWASAKI","NINJA ZX-6R","Barcelona","Cataluña","636"
"25032026","0","","HONDA","PCX 125","Valencia/València","Comunidad Valenciana","125"
"25032026","0","","YAMAHA","XTZ 700 Tenere","Valencia/València","Comunidad Valenciana","689"
"25032026","0","","KYMCO","PEOPLE S 125 E5+","Bizkaia","País Vasco","125"
"25032026","0","","QJMOTOR","FORT 125 N E5+","Barcelona","Cataluña","125"
"25032026","0","","BMW","R 1300 GS","Madrid","Comunidad de Madrid","1300"
"25032026","0","","VOGE","300RALLY","Málaga","Andalucía","292"
"25032026","0","","YAMAHA","NMAX 125","Girona","Cataluña","125"
"25032026","0","","SYM","SYMPHONY 125","Gipuzkoa","País Vasco","125"
"25032026","0","","ZONTES","125D","Illes Balears","Illes Balears","125"
"25032026","0","","MORBIDELLI","SC125LX","Barcelona","Cataluña","125"
"25032026","0","","YAMAHA","WR125","Coruña (A)","Galicia","125"
"25032026","0","","KAWASAKI","NINJA 500","Asturias","Principado de Asturias","451"
"25032026","0","","YAMAHA","XMAX 300","Pontevedra","Galicia","292"
"25032026","0","","HUSQVARNA","HUSQVARNA 901 NORDEN","Teruel","Aragón","889"
"25032026","0","","KTM","KTM 1390 SUPER ADVENTU","Sevilla","Andalucía","1350"
"25032026","0","","YAMAHA","XMAX 125","Valencia/València","Comunidad Valenciana","125"
"25032026","0","","BMW","F 900 GS","Albacete","Castilla-La Mancha","895"
"25032026","0","","HONDA","ADV 750","Málaga","Andalucía","745"
"25032026","0","","KYMCO","SUPER DINK GT 125 E5+","Málaga","Andalucía","124"
"25032026","0","","SYM","ADX 125 LC TCS E5+","Barcelona","Cataluña","125"
"25032026","0","","APRILIA","RS 457","Tarragona","Cataluña","457"
"25032026","0","","HONDA","PCX 125","Cádiz","Andalucía","125"
"25032026","0","","BMW","R 18 B","Navarra","Comunidad Foral de Navarra","1802"
"25032026","0","","QJMOTOR","SRT 900 SX","Málaga","Andalucía","904"
"25032026","0","","PIAGGIO","LIBERTY 125 ABS","Cádiz","Andalucía","124"
"25032026","0","","PIAGGIO","LIBERTY 125 ABS","Cádiz","Andalucía","124"
"25032026","0","","HONDA","FORZA 750","Madrid","Comunidad de Madrid","745"
"25032026","0","","YAMAHA","MT-09","Barcelona","Cataluña","890"
"25032026","0","","VOGE","SR1ADV","Sevilla","Andalucía","125"
"25032026","0","","KAWASAKI","Z1100","Murcia","Región de Murcia","1099"
"25032026","0","","YAMAHA","XMAX 300","Cádiz","Andalucía","292"
"25032026","0","","SYM","SYMPHONY 125","Barcelona","Cataluña","125"
"25032026","0","","KYMCO","AGILITY S","Málaga","Andalucía","125"
"25032026","0","","BMW","F 450 GS","Madrid","Comunidad de Madrid","420"
"25032026","0","","TRIUMPH","TIGER SPORT 800","Murcia","Región de Murcia","798"
"25032026","0","","ZONTES","368E","Cáceres","Extremadura","368"
"25032026","0","","HONDA","PCX 125","Madrid","Comunidad de Madrid","125"
"25032026","0","","YAMAHA","XMAX 300","Santa Cruz de Tenerife","Canarias","292"
"25032026","0","","HONDA","SH125i","Barcelona","Cataluña","125"
"25032026","0","","HONDA","ADV 350","Barcelona","Cataluña","330"
"25032026","0","","KAWASAKI","Z1100","Valencia/València","Comunidad Valenciana","1099"
"25032026","0","","ZONTES","368G","Málaga","Andalucía","368"
"25032026","0","","KOVE","KOVE 800 X PRO 2026","Barcelona","Cataluña","799"
"25032026","0","","ZONTES","368G","Alicante/Alacant","Comunidad Valenciana","368"
"25032026","0","","BMW","R 1300 GS ADVENTURE","Asturias","Principado de Asturias","1300"
"25032026","0","","QJMOTOR","ATR 125 E5+","Barcelona","Cataluña","125"
"25032026","0","","KYMCO","AGILITY S","Illes Balears","Illes Balears","125"
"25032026","0","","KAWASAKI","NINJA ZX-6R","Madrid","Comunidad de Madrid","636"
"25032026","0","","YAMAHA","NMAX 125","Sevilla","Andalucía","125"
"25032026","0","","TRIUMPH","TIGER 900 DESERT EDITI","Madrid","Comunidad de Madrid","888"
"25032026","0","","BMW","F 450 GS","Madrid","Comunidad de Madrid","420"
"25032026","0","","ZONTES","368G","Barcelona","Cataluña","368"
"25032026","0","","BENDA","CHINCHILLA","Granada","Andalucía","476"
"25032026","0","","KOVE","KOVE 800 X RALLY","Barcelona","Cataluña","799"
"25032026","0","","ZONTES","368E","Illes Balears","Illes Balears","368"
"25032026","0","","VOGE","625DSX","Sevilla","Andalucía","581"
"25032026","0","","BMW","F 450 GS","Madrid","Comunidad de Madrid","420"
"25032026","0","","YAMAHA","TRICITY 125","Almería","Andalucía","125"
"25032026","0","","SYM","JET 14","Alicante/Alacant","Comunidad Valenciana","125"
"25032026","0","","YAMAHA","NMAX 125","Málaga","Andalucía","125"
"25032026","0","","HONDA","SH Mode 125","Barcelona","Cataluña","125"
"25032026","0","","VOGE","625DSX","Valladolid","Castilla y León","581"
"25032026","0","","BMW","F 450 GS","Madrid","Comunidad de Madrid","420"
"25032026","0","","HONDA","FORZA125","Cádiz","Andalucía","125"
"25032026","0","","YAMAHA","MT-07","Santa Cruz de Tenerife","Canarias","689"
"25032026","0","","SHERCO","300 SE-R","Lugo","Galicia","293"
"25032026","0","","RIEJU","N/A","Toledo","Castilla-La Mancha","124"
"25032026","0","","SUZUKI","AVENIS 125","Barcelona","Cataluña","124"
"25032026","0","","BMW","F 450 GS","Madrid","Comunidad de Madrid","420"
"25032026","0","","BMW","F 900 XR","Albacete","Castilla-La Mancha","895"
"25032026","0","","YAMAHA","NMAX 125","Cádiz","Andalucía","125"
"25032026","0","","KOVE","KOVE 800 X PRO 2026","Málaga","Andalucía","799"
"25032026","0","","BMW","R 1300 RS","Valencia/València","Comunidad Valenciana","1300"
"25032026","0","","YAMAHA","MT-07","Madrid","Comunidad de Madrid","689"
"25032026","0","","ZONTES","703F","Toledo","Castilla-La Mancha","699"
"25032026","0","","PIAGGIO","MEDLEY 200","Barcelona","Cataluña","174"
"25032026","0","","ZONTES","125C","Toledo","Castilla-La Mancha","125"
"25032026","0","","HONDA","XL750 Transalp","Pontevedra","Galicia","755"
"25032026","0","","PIAGGIO","LIBERTY 125 ABS","Cádiz","Andalucía","124"
"25032026","0","","KEEWAY","ICON 125 S","Alicante/Alacant","Comunidad Valenciana","124"
"25032026","0","","BMW","F 450 GS","Madrid","Comunidad de Madrid","420"
"25032026","0","","VOGE","SR16","Barcelona","Cataluña","125"
"25032026","0","","KYMCO","SUPER DINK GT 125 E5+","Castellón/Castelló","Comunidad Valenciana","124"
"25032026","0","","VOGE","DS800X RALLY","Barcelona","Cataluña","798"
"25032026","0","","YAMAHA","XMAX 125","Huesca","Aragón","125"
"25032026","0","","VOGE","DS800X RALLY","Melilla","Melilla","798"
"25032026","0","","KOVE","KOVE 800 X GT","Valencia/València","Comunidad Valenciana","799"
"25032026","0","","HONDA","FORZA 750","Madrid","Comunidad de Madrid","745"
"25032026","0","","SYM","ADX 300 TCS","Madrid","Comunidad de Madrid","278"
"25032026","0","","KYMCO","SKYTOWN 125","Ávila","Castilla y León","125"
"25032026","0","","YAMAHA","TRACER 700","Barcelona","Cataluña","689"
"25032026","0","","MACBOR","ROCKSTER FLAT 125 EVO","Granada","Andalucía","125"
"25032026","0","","BMW","C 400 GT","Albacete","Castilla-La Mancha","350"
"25032026","0","","BMW","F 900 GS ADVENTURE","Madrid","Comunidad de Madrid","895"
"25032026","0","","BMW","R 1300 GS ADVENTURE","Toledo","Castilla-La Mancha","1300"
"25032026","0","","SYM","SYMPHONY 125","Barcelona","Cataluña","125"
"25032026","0","","BETA","N/A","Sevilla","Andalucía","293"
"25032026","0","","BENDA","CHINCHILLA","Cantabria","Cantabria","476"
"25032026","0","","BMW","F 450 GS","Madrid","Comunidad de Madrid","420"
"25032026","0","","ZONTES","368K","Tarragona","Cataluña","368"
"25032026","0","","TRIUMPH","SPEED 400","Pontevedra","Galicia","398"
"25032026","0","","YAMAHA","XMAX 300","Madrid","Comunidad de Madrid","292"
"25032026","0","","SYM","SYMPHONY 125","Girona","Cataluña","125"
"25032026","0","","RIEJU","RALLY 307","Murcia","Región de Murcia","292"
"25032026","0","","HARLEY-DAVIDSON","STREET GLIDE LIMITED","Barcelona","Cataluña","1923"
"25032026","0","","VOGE","DS800X RALLY","Sevilla","Andalucía","798"
"25032026","0","","KTM","KTM 300 EXC","Almería","Andalucía","293"
"25032026","0","","MH MOTORCYCLES","VR10","Cádiz","Andalucía","124"
"25032026","0","","VOGE","300RALLY","Málaga","Andalucía","292"
"25032026","0","","BMW","R 1300 GS","Madrid","Comunidad de Madrid","1300"
"25032026","0","","HUSQVARNA","HUSQVARNA SVARTPILEN 4","Barcelona","Cataluña","399"
"25032026","0","","YAMAHA","NMAX 125","Madrid","Comunidad de Madrid","125"
"25032026","0","","VOGE","DS800X RALLY","Tarragona","Cataluña","798"
"25032026","0","","MOTO MORINI","SEIEMMEZZO","Zaragoza","Aragón","649"
"25032026","0","","HONDA","PCX 125","Barcelona","Cataluña","125"
"25032026","0","","VOGE","DS800X RALLY","Sevilla","Andalucía","798"
"25032026","0","","HONDA","FORZA 350","Gipuzkoa","País Vasco","330"
"25032026","0","","TRIUMPH","STREET TRIPLE R (A2)","Santa Cruz de Tenerife","Canarias","765"
"25032026","0","","HONDA","NC 750 X","Málaga","Andalucía","745"
"25032026","0","","BMW","F 450 GS","Madrid","Comunidad de Madrid","420"
"25032026","0","","CFMOTO","675SR-R","Illes Balears","Illes Balears","674"
"25032026","0","","BENDA","NAPOLEON 125","Toledo","Castilla-La Mancha","125"
"25032026","0","","ZONTES","125C","Illes Balears","Illes Balears","125"
"25032026","0","","SUZUKI","ADDRESS 125","Barcelona","Cataluña","124"
"25032026","0","","HONDA","ADV 350","Cádiz","Andalucía","330"
"25032026","0","","RIEJU","N/A","Valencia/València","Comunidad Valenciana","297"
"25032026","0","","YAMAHA","NMAX 125","Madrid","Comunidad de Madrid","125"
"25032026","0","","HONDA","SH125i","Bizkaia","País Vasco","125"
"25032026","0","","YAMAHA","NMAX 125","Barcelona","Cataluña","125"
"25032026","0","","YAMAHA","XMAX 125","Sevilla","Andalucía","125"
"25032026","0","","KEEWAY","XDV 125 EVO PRO","Cáceres","Extremadura","125"
"25032026","0","","BMW","F 450 GS","Madrid","Comunidad de Madrid","420"
"25032026","0","","EFUN","LION","Barcelona","Cataluña","125"
"25032026","0","","VOGE","625DSX","Ourense","Galicia","581"
"25032026","0","","BMW","F 450 GS","Madrid","Comunidad de Madrid","420"
"25032026","0","","BENELLI","TRK 702","Pontevedra","Galicia","698"
"25032026","0","","YAMAHA","NMAX 125","Valencia/València","Comunidad Valenciana","125"
"25032026","0","","HONDA","PCX 125","Cádiz","Andalucía","125"
"25032026","0","","BMW","R 1300 RT","Málaga","Andalucía","1300"
"25032026","0","","HONDA","FORZA 350","Murcia","Región de Murcia","330"
"25032026","0","","BMW","R 1300 RT","Pontevedra","Galicia","1300"
"25032026","0","","MORBIDELLI","T502X","Barcelona","Cataluña","486"
"25032026","0","","PEUGEOT","TWEET FL 125 CC","Almería","Andalucía","125"
"25032026","0","","SYM","SYMPHONY 125","Barcelona","Cataluña","125"
"25032026","0","","KYMCO","SUPER DINK GT","Alicante/Alacant","Comunidad Valenciana","321"
"25032026","0","","BENDA","NAPOLEON 125","Madrid","Comunidad de Madrid","125"
"25032026","0","","HUSQVARNA","HUSQVARNA TE 300","Sevilla","Andalucía","293"
"25032026","0","","BMW","F 800 GS","Madrid","Comunidad de Madrid","895"
"25032026","0","","YAMAHA","XMAX 125","Madrid","Comunidad de Madrid","125"
"25032026","0","","PIAGGIO","VESPA PRIMAVERA 125","Girona","Cataluña","124"
"25032026","0","","YAMAHA","RayZR 125","Valencia/València","Comunidad Valenciana","125"
"25032026","0","","VOGE","SR1","Ourense","Galicia","125"
"25032026","0","","KYMCO","AGILITY S","Zaragoza","Aragón","125"
"25032026","0","","YAMAHA","TMAX 560","Barcelona","Cataluña","562"
"25032026","0","","SYM","CRUISYM 125 TCS E5+","Cádiz","Andalucía","124"
"25032026","0","","PIAGGIO","LIBERTY 125 ABS","Cádiz","Andalucía","124"
"25032026","0","","ZONTES","703RR","Barcelona","Cataluña","699"
"25032026","0","","PIAGGIO","LIBERTY 125 ABS","Cádiz","Andalucía","124"
"25032026","0","","YAMAHA","MT-07","Alicante/Alacant","Comunidad Valenciana","689"
"25032026","0","","HONDA","NC 750 X","Huelva","Andalucía","745"
"25032026","0","","HONDA","CMX1100","Málaga","Andalucía","1084"
"25032026","0","","VOGE","SR3","Badajoz","Extremadura","244"
"25032026","0","","BMW","F 900 GS","Santa Cruz de Tenerife","Canarias","895"
"25032026","0","","SYM","SYMPHONY 125","Girona","Cataluña","125"
"25032026","0","","BSA","BANTAM","Málaga","Andalucía","334"
"25032026","0","","PEUGEOT","PM-03","Alicante/Alacant","Comunidad Valenciana","292"
"25032026","0","","YAMAHA","XSR-125","Málaga","Andalucía","125"
"25032026","0","","HONDA","XL750 Transalp","Valladolid","Castilla y León","755"
"25032026","0","","RIEJU","NOT APPLICABLE","Sevilla","Andalucía","124"
"25032026","0","","HONDA","SH125i","Barcelona","Cataluña","125"
"25032026","0","","HONDA","NT1100","Illes Balears","Illes Balears","1084"
"25032026","0","","ZONTES","368D","Barcelona","Cataluña","368"
"25032026","0","","HONDA","NT1100","Madrid","Comunidad de Madrid","1084"
"25032026","0","","YAMAHA","RayZR 125","Coruña (A)","Galicia","125"
"25032026","0","","HONDA","PCX 125","Barcelona","Cataluña","125"
"25032026","0","","RIEJU","NKD 125","Albacete","Castilla-La Mancha","124"
"25032026","0","","YAMAHA","MT-10","Santa Cruz de Tenerife","Canarias","998"
"25032026","0","","KOVE","KOVE 800 X GT","Huesca","Aragón","799"
"25032026","0","","HONDA","FORZA125","Alicante/Alacant","Comunidad Valenciana","125"
"25032026","0","","SUZUKI","V-Strom 1050","Valencia/València","Comunidad Valenciana","1037"
"25032026","0","","SUZUKI","AVENIS 125","Valencia/València","Comunidad Valenciana","124"
"25032026","0","","YAMAHA","NMAX 125","Sevilla","Andalucía","125"
"25032026","0","","HONDA","CB750 Hornet","Barcelona","Cataluña","755"
"25032026","0","","BMW","R 1300 GS","Barcelona","Cataluña","1300"
"25032026","0","","KTM","KTM 1390 SUPER ADVENTU","Barcelona","Cataluña","1350"
"25032026","0","","KYMCO","AGILITY S","Valencia/València","Comunidad Valenciana","125"
"25032026","0","","HONDA","Rebel 500","León","Castilla y León","471"
"25032026","0","","ZONTES","368M","Lleida","Cataluña","368"
"25032026","0","","KYMCO","AGILITY S","Pontevedra","Galicia","125"
"25032026","0","","VOGE","625DSX","León","Castilla y León","581"
"25032026","0","","YAMAHA","NMAX 125","Barcelona","Cataluña","125"
"25032026","0","","ZONTES","125D","Barcelona","Cataluña","125"
"25032026","0","","ZONTES","125C","Coruña (A)","Galicia","125"
"25032026","0","","YAMAHA","NMAX 125","Sevilla","Andalucía","125"
"25032026","0","","KYMCO","SKYTOWN 125","Illes Balears","Illes Balears","125"
"25032026","0","","ZONTES","ZT125-U","Sevilla","Andalucía","125"
"25032026","0","","BMW","R 1300 GS","Madrid","Comunidad de Madrid","1300"
"25032026","0","","BMW","F 450 GS","Madrid","Comunidad de Madrid","420"
"25032026","0","","HONDA","PCX 125","Málaga","Andalucía","125"
"25032026","0","","MITT","125 DESERT","Lleida","Cataluña","125"
"25032026","0","","BMW","S 1000 XR","Valladolid","Castilla y León","999"
"25032026","0","","BMW","F 900 XR","Sevilla","Andalucía","895"
"25032026","0","","ZONTES","368G","Coruña (A)","Galicia","368"
"25032026","0","","YAMAHA","NMAX 125","Cantabria","Cantabria","125"
"25032026","0","","PIAGGIO","VESPA GTS","Málaga","Andalucía","310"
"25032026","0","","YAMAHA","RayZR 125","Illes Balears","Illes Balears","125"
"25032026","0","","MORBIDELLI","SC125LX","Tarragona","Cataluña","125"
"25032026","0","","HONDA","PCX 125","Málaga","Andalucía","125"
"25032026","0","","BMW","F 900 GS ADVENTURE","Madrid","Comunidad de Madrid","895"
"25032026","0","","YAMAHA","NMAX 125","Asturias","Principado de Asturias","125"
"25032026","0","","YAMAHA","XMAX 125","Sevilla","Andalucía","125"
"25032026","0","","YAMAHA","NMAX 125","Granada","Andalucía","125"
"25032026","0","","YAMAHA","NMAX 125","León","Castilla y León","125"
"25032026","0","","YAMAHA","NMAX 125","Illes Balears","Illes Balears","125"
"25032026","0","","HONDA","CBR 650 R","Murcia","Región de Murcia","649"
"25032026","0","","HONDA","CBR 650 R","Barcelona","Cataluña","649"
"25032026","0","","KAWASAKI","Z900","Córdoba","Andalucía","948"
"25032026","0","","RIEJU","NKD 125","Barcelona","Cataluña","124"
"25032026","0","","BETA","N/A","Teruel","Aragón","293"
"25032026","0","","ZONTES","ZT125-U1","Huelva","Andalucía","125"
"25032026","0","","BMW","F 800 GS","Alicante/Alacant","Comunidad Valenciana","895"
"25032026","0","","BMW","R 1300 GS ADVENTURE","Madrid","Comunidad de Madrid","1300"
"25032026","0","","KYMCO","AGILITY S","Sevilla","Andalucía","125"
"25032026","0","","YAMAHA","MT-07","Madrid","Comunidad de Madrid","689"
"25032026","0","","YAMAHA","NMAX 125","Cádiz","Andalucía","125"
"25032026","0","","BMW","R 1300 GS","Sevilla","Andalucía","1300"
"25032026","0","","MH MOTORCYCLES","VR10","Alicante/Alacant","Comunidad Valenciana","124"
"25032026","0","","ZONTES","ZT125-U1","Madrid","Comunidad de Madrid","125"
"25032026","0","","ZONTES","368G","Lugo","Galicia","368"
"25032026","0","","KOVE","KOVE 800 X GT","Barcelona","Cataluña","799"
"25032026","0","","BMW","R 1300 GS ADVENTURE","Valencia/València","Comunidad Valenciana","1300"
"25032026","0","","SYM","ADX 125 LC TCS E5+","Barcelona","Cataluña","125"
"25032026","0","","SYM","JET X","Barcelona","Cataluña","125"
"25032026","0","","VOGE","DS900X","Lugo","Galicia","895"
"25032026","0","","YAMAHA","R125","Valencia/València","Comunidad Valenciana","125"
"25032026","0","","GASGAS","EC 250F","Sevilla","Andalucía","250"
"25032026","0","","BMW","F 900 XR","Granada","Andalucía","895"
"25032026","0","","BMW","R 1300 GS","Madrid","Comunidad de Madrid","1300"
"25032026","0","","PIAGGIO","MEDLEY 125","Málaga","Andalucía","125"
"25032026","0","","YAMAHA","WR125","Sevilla","Andalucía","125"
"25032026","0","","MITT","125GP","Sevilla","Andalucía","124"
"25032026","0","","YAMAHA","XMAX 125","Alicante/Alacant","Comunidad Valenciana","125"
"25032026","0","","VOGE","DS800X RALLY","Murcia","Región de Murcia","798"
"25032026","0","","PEUGEOT","KISBEE M","Madrid","Comunidad de Madrid","125"
"25032026","0","","HONDA","ADV 350","Málaga","Andalucía","330"
"25032026","0","","MH MOTORCYCLES","TRAY","Asturias","Principado de Asturias","125"
"25032026","0","","YAMAHA","XMAX 125","Cádiz","Andalucía","125"
"25032026","0","","BMW","F 900 XR","Madrid","Comunidad de Madrid","895"
"25032026","0","","YAMAHA","XTZ 700 Tenere","Pontevedra","Galicia","689"
"25032026","0","","ZONTES","125E","Barcelona","Cataluña","125"
"25032026","0","","VOGE","DS800X RALLY","Barcelona","Cataluña","798"
"25032026","0","","QJMOTOR","SRT 600 SX E5+","Granada","Andalucía","554"
"25032026","0","","BMW","F 800 GS","Madrid","Comunidad de Madrid","895"
"25032026","0","","SUZUKI","GSX-8S","Barcelona","Cataluña","776"
"25032026","0","","VOGE","DS800X RALLY","Barcelona","Cataluña","798"
"25032026","0","","HONDA","XL750 Transalp","Madrid","Comunidad de Madrid","755"
"25032026","0","","HONDA","NT1100","Barcelona","Cataluña","1084"
"25032026","0","","BAJAJ","PULSAR NS 400 Z","Illes Balears","Illes Balears","373"
"25032026","0","","PIAGGIO","MEDLEY 125","Cantabria","Cantabria","125"
"25032026","0","","CFMOTO","675SR-R","Santa Cruz de Tenerife","Canarias","674"
"25032026","0","","BMW","R 1300 GS","Barcelona","Cataluña","1300"
"25032026","0","","HONDA","FORZA125","Córdoba","Andalucía","125"
"25032026","0","","KAWASAKI","Z650","León","Castilla y León","649"
"25032026","0","","BMW","F 450 GS","Madrid","Comunidad de Madrid","420"
"25032026","0","","HONDA","CB750 Hornet","Alicante/Alacant","Comunidad Valenciana","755"
"25032026","0","","ZONTES","703F","Zaragoza","Aragón","699"
"25032026","0","","ZONTES","368G","Zaragoza","Aragón","368"
"25032026","0","","VOGE","DS800X RALLY","Madrid","Comunidad de Madrid","798"
"25032026","0","","KYMCO","AGILITY S","León","Castilla y León","125"
"25032026","0","","BMW","F 450 GS","Madrid","Comunidad de Madrid","420"
"25032026","0","","BMW","R 1300 RT","Madrid","Comunidad de Madrid","1300"
"25032026","0","","BENDA","DARKFLAG 500","Barcelona","Cataluña","496"
"25032026","0","","HONDA","ADV 750","Cádiz","Andalucía","745"
"25032026","0","","YAMAHA","NMAX 125","Madrid","Comunidad de Madrid","125"
"25032026","0","","YAMAHA","XMAX 300","Valencia/València","Comunidad Valenciana","292"
"25032026","0","","QJMOTOR","SRK 921","Barcelona","Cataluña","921"
"25032026","0","","HONDA","ADV 350","Cádiz","Andalucía","330"
"25032026","0","","VOGE","DS800X RALLY","Cádiz","Andalucía","798"
"25032026","0","","BMW","R 1300 GS","Madrid","Comunidad de Madrid","1300"
"25032026","0","","SYM","JET X","Cádiz","Andalucía","125"
"25032026","0","","QJMOTOR","MTX 125 E5+","Barcelona","Cataluña","125"
"25032026","0","","BMW","F 900 XR A2","Cádiz","Andalucía","895"
"25032026","0","","BMW","F 900 XR","Barcelona","Cataluña","895"
"25032026","0","","YAMAHA","MT-125","Castellón/Castelló","Comunidad Valenciana","125"
"25032026","0","","ZONTES","368G","Barcelona","Cataluña","368"
"25032026","0","","ZONTES","368D","Málaga","Andalucía","368"
"25032026","0","","BMW","F 450 GS","Madrid","Comunidad de Madrid","420"
"25032026","0","","LETBE","VELOCITY","Melilla","Melilla","125"
"25032026","0","","KAWASAKI","ELIMINATOR","Jaén","Andalucía","451"
"25032026","0","","KTM","KTM 125 SMC R","Sevilla","Andalucía","125"
"25032026","0","","CFMOTO","675SR-R","Málaga","Andalucía","674"
"25032026","0","","SYM","JET 14","Girona","Cataluña","125"
"25032026","0","","ZONTES","ZT125-G1","Madrid","Comunidad de Madrid","125"
"25032026","0","","BMW","R 1300 GS","Madrid","Comunidad de Madrid","1300"
"25032026","0","","HONDA","SH350i","Barcelona","Cataluña","330"
"25032026","0","","HONDA","XL750 Transalp","Coruña (A)","Galicia","755"
"25032026","0","","VOGE","R125","Coruña (A)","Galicia","125"
"25032026","0","","YAMAHA","MT-07","Alicante/Alacant","Comunidad Valenciana","689"
"25032026","0","","BSA","BANTAM","Palmas (Las)","Canarias","334"
"25032026","0","","HONDA","CB750 Hornet","Málaga","Andalucía","755"
"25032026","0","","SUZUKI","GSX-S 1000","Barcelona","Cataluña","999"
"25032026","0","","ROYAL ENFIELD","HIMALAYAN 452","Barcelona","Cataluña","452"
"25032026","0","","SYM","JET 14","Barcelona","Cataluña","125"
"25032026","0","","PIAGGIO","LIBERTY 125 ABS","Cádiz","Andalucía","124"
"25032026","0","","VENT S.R.L.","---","Barcelona","Cataluña","125"
"25032026","0","","AJP","SPR 510 ENDURO","Bizkaia","País Vasco","501"
"25032026","0","","CFMOTO","675NK","Cádiz","Andalucía","674"
"25032026","0","","YAMAHA","XMAX 300","Valencia/València","Comunidad Valenciana","292"
"25032026","0","","KTM","KTM 450 EXC-F","Zamora","Castilla y León","450"
"25032026","0","","BMW","F 900 GS ADVENTURE","Ávila","Castilla y León","895"
"25032026","0","","SHERCO","N.A","Lleida","Cataluña","125"
"25032026","0","","QJMOTOR","SRT 900 SX","Murcia","Región de Murcia","904"
"25032026","0","","YAMAHA","NMAX 125","Barcelona","Cataluña","125"
"25032026","0","","QJMOTOR","ATR 125 E5+","Pontevedra","Galicia","125"
"25032026","0","","PIAGGIO","LIBERTY 125 ABS","Cádiz","Andalucía","124"
"25032026","0","","KAWASAKI","NINJA 650","Gipuzkoa","País Vasco","649"
"25032026","0","","YAMAHA","R125","Lleida","Cataluña","125"
"25032026","0","","CFMOTO","450MT","Málaga","Andalucía","449"
"25032026","0","","HONDA","FORZA125","Granada","Andalucía","125"
"25032026","0","","YAMAHA","NMAX 125","Barcelona","Cataluña","125"
"25032026","0","","VOGE","SR3","León","Castilla y León","244"
"25032026","0","","BMW","F 450 GS","Madrid","Comunidad de Madrid","420"
"25032026","0","","PIAGGIO","LIBERTY 125 ABS","Cádiz","Andalucía","124"
"25032026","0","","CYCLONE","LS-Z","Barcelona","Cataluña","124"
"25032026","0","","HARLEY-DAVIDSON","ROAD GLIDE","Santa Cruz de Tenerife","Canarias","1923"
"25032026","0","","KAWASAKI","Z1100","Zamora","Castilla y León","1099"
"25032026","0","","HONDA","FORZA125","León","Castilla y León","125"
"25032026","0","","KAWASAKI","NINJA ZX-6R","Córdoba","Andalucía","636"
"25032026","0","","BMW","R 1300 RT","Almería","Andalucía","1300"
"25032026","0","","HONDA","XL750 Transalp","Málaga","Andalucía","755"
"25032026","0","","HONDA","FORZA 350","Barcelona","Cataluña","330"
"25032026","0","","LINHAI","BUCK ADV","Zaragoza","Aragón","124"
"25032026","0","","YAMAHA","TMAX 560","Madrid","Comunidad de Madrid","562"
"25032026","0","","YAMAHA","XTZ 700 Tenere","Sevilla","Andalucía","689"
"25032026","0","","VOGE","DS800X RALLY","Toledo","Castilla-La Mancha","798"
"25032026","0","","BMW","F 800 GS","Pontevedra","Galicia","895"
"25032026","0","","YAMAHA","XMAX 300","Madrid","Comunidad de Madrid","292"
"25032026","0","","APRILIA","SR GT 125","Córdoba","Andalucía","125"
"25032026","0","","HONDA","NC 750 X","Murcia","Región de Murcia","745"
"25032026","0","","APRILIA","SR GT 125","Illes Balears","Illes Balears","125"
"25032026","0","","HONDA","SH125i","Barcelona","Cataluña","125"
"25032026","0","","KYMCO","SUPER DINK GT","Zaragoza","Aragón","321"
"25032026","0","","BMW","C 400 GT","Cantabria","Cantabria","350"
"25032026","0","","PEUGEOT","TWEET FL 125 CC","Murcia","Región de Murcia","125"
"25032026","0","","VOGE","DS800X RALLY","Santa Cruz de Tenerife","Canarias","798"
"25032026","0","","KYMCO","AGILITY S","Rioja (La)","La Rioja","125"
"25032026","0","","BMW","F 450 GS","Madrid","Comunidad de Madrid","420"
"25032026","0","","BMW","F 800 GS","Valencia/València","Comunidad Valenciana","895"
"25032026","0","","KAWASAKI","NINJA ZX-6R","Sevilla","Andalucía","636"
"25032026","0","","SUZUKI","ADDRESS 125","Barcelona","Cataluña","124"
"25032026","0","","HONDA","PCX 125","Valencia/València","Comunidad Valenciana","125"
"25032026","0","","VOGE","DS525X","Gipuzkoa","País Vasco","494"
"25032026","0","","KAWASAKI","NINJA ZX-6R","Palencia","Castilla y León","636"
"25032026","0","","YAMAHA","XSR-700","Granada","Andalucía","689"
"25032026","0","","BMW","R 1300 GS","Teruel","Aragón","1300"
"25032026","0","","APRILIA","SR GT 125","Valencia/València","Comunidad Valenciana","125"
"25032026","0","","HONDA","FORZA125","Málaga","Andalucía","125"
"25032026","0","","YAMAHA","RayZR 125","Madrid","Comunidad de Madrid","125"
"25032026","0","","ZONTES","ZT125-U","Álava/Araba","País Vasco","125"
"25032026","0","","KTM","KTM 300 EXC","Valencia/València","Comunidad Valenciana","293"
"25032026","0","","QJMOTOR","MTX 125 E5+","Barcelona","Cataluña","125"
"25032026","0","","ROYAL ENFIELD","HIMALAYAN 452","Granada","Andalucía","452"
"25032026","0","","QJMOTOR","ATR 125 E5+","Barcelona","Cataluña","125"
"25032026","0","","SUZUKI","SV650","Barcelona","Cataluña","645"
"25032026","0","","KOVE","KOVE 800 X PRO 2026","Barcelona","Cataluña","799"
"25032026","0","","SUZUKI","GSX-S 1000","Murcia","Región de Murcia","999"
"25032026","0","","KAWASAKI","VERSYS 650","Zaragoza","Aragón","649"
"25032026","0","","KAWASAKI","Z650","Valencia/València","Comunidad Valenciana","649"
"25032026","0","","YAMAHA","R7","Tarragona","Cataluña","689"
"25032026","0","","YAMAHA","WR125","Málaga","Andalucía","125"
"25032026","0","","YAMAHA","NMAX 125","Valencia/València","Comunidad Valenciana","125"
"25032026","0","","BMW","C 400 GT","Córdoba","Andalucía","350"
"25032026","0","","HONDA","ADV 350","Barcelona","Cataluña","330"
"25032026","0","","YAMAHA","Tracer 9 GT","Málaga","Andalucía","890"
"25032026","0","","HONDA","VISION 110","Barcelona","Cataluña","109"
"25032026","0","","BMW","F 800 GS","Madrid","Comunidad de Madrid","895"
"25032026","0","","HONDA","FORZA125","Cádiz","Andalucía","125"
"25032026","0","","PIAGGIO","LIBERTY 125 ABS","Cádiz","Andalucía","124"
"25032026","0","","QJMOTOR","FORT 125 N E5+","Málaga","Andalucía","125"
"25032026","0","","YAMAHA","XMAX 125","Sevilla","Andalucía","125"
"25032026","0","","ZONTES","368E","Navarra","Comunidad Foral de Navarra","368"
"25032026","0","","HONDA","CL500","Barcelona","Cataluña","471"
"25032026","0","","BMW","R 1300 GS","Madrid","Comunidad de Madrid","1300"
"25032026","0","","HONDA","ADV 750","Palmas (Las)","Canarias","745"
"25032026","0","","KOVE","KOVE 800 X GT","Barcelona","Cataluña","799"
"25032026","0","","YAMAHA","TRACER 700","Cádiz","Andalucía","689"
"25032026","0","","KOVE","KOVE 800 X PRO","Barcelona","Cataluña","799"
"25032026","0","","YAMAHA","MT-07","Tarragona","Cataluña","689"
"25032026","0","","YAMAHA","NMAX 125","Illes Balears","Illes Balears","125"
"25032026","0","","MITT","TY125T-58E","Guadalajara","Castilla-La Mancha","125"
"25032026","0","","PIAGGIO","LIBERTY 125 ABS","Cádiz","Andalucía","124"
"25032026","0","","BSA","BANTAM","Palmas (Las)","Canarias","334"
"25032026","0","","YAMAHA","MT-125","Madrid","Comunidad de Madrid","125"
"25032026","0","","VOGE","DS800X RALLY","Valencia/València","Comunidad Valenciana","798"
"25032026","0","","KYMCO","DTX","Granada","Andalucía","124"
"25032026","0","","ZONTES","368E","Cádiz","Andalucía","368"
"25032026","0","","VOGE","DS800X RALLY","Pontevedra","Galicia","798"
"25032026","0","","HONDA","SH Mode 125","Barcelona","Cataluña","125"
"25032026","0","","BENELLI","LEONCINO 125","Tarragona","Cataluña","125"
"25032026","0","","HONDA","PCX 125","Cádiz","Andalucía","125"
"25032026","0","","YAMAHA","TMAX 560","Girona","Cataluña","562"
"25032026","0","","HONDA","FORZA 350","Barcelona","Cataluña","330"
"25032026","0","","CFMOTO","800MT-X","Burgos","Castilla y León","799"
"25032026","0","","HONDA","ADV 750","Málaga","Andalucía","745"
"25032026","0","","SUZUKI","GSX-S 1000","Madrid","Comunidad de Madrid","999"
"25032026","0","","YAMAHA","XMAX 125","Málaga","Andalucía","125"
"25032026","0","","HONDA","PCX 125","Asturias","Principado de Asturias","125"
"25032026","0","","BMW","F 450 GS","Madrid","Comunidad de Madrid","420"
"25032026","0","","BMW","F 450 GS","Madrid","Comunidad de Madrid","420"
"25032026","0","","ZONTES","703F","Madrid","Comunidad de Madrid","699"
"25032026","0","","HONDA","PCX 125","Valencia/València","Comunidad Valenciana","125"
"25032026","0","","YAMAHA","Tracer 9 GT","Huelva","Andalucía","890"
"25032026","0","","SUZUKI","ADDRESS 125","Alicante/Alacant","Comunidad Valenciana","124"
"25032026","0","","KYMCO","PEOPLE S 125 E5+","Alicante/Alacant","Comunidad Valenciana","125"
"25032026","0","","PIAGGIO","LIBERTY 125 ABS","Cádiz","Andalucía","124"
"25032026","0","","HONDA","NC 750 X","Palmas (Las)","Canarias","745"
"25032026","0","","CFMOTO","450MT","Huelva","Andalucía","449"
"25032026","0","","KAWASAKI","Z900","Madrid","Comunidad de Madrid","948"
"25032026","0","","YAMAHA","XTZ 700 Tenere","Cádiz","Andalucía","689"
"25032026","0","","KEEWAY","RKS 125","Barcelona","Cataluña","124"
"25032026","0","","RIEJU","CENTURY125","Palmas (Las)","Canarias","124"
"25032026","0","","HONDA","XL750 Transalp","Huelva","Andalucía","755"
"25032026","0","","CFMOTO","125 NK","Valencia/València","Comunidad Valenciana","124"
"25032026","0","","YAMAHA","NMAX 125","Melilla","Melilla","125"
"25032026","0","","HONDA","FORZA125","Madrid","Comunidad de Madrid","125"
"25032026","0","","MORBIDELLI","SC 125","Tarragona","Cataluña","125"
"25032026","0","","YAMAHA","XTZ 700 Tenere","Sevilla","Andalucía","689"
"25032026","0","","TRIUMPH","TIGER 900 GT PRO","Bizkaia","País Vasco","888"
"25032026","0","","BMW","R 1300 GS","Madrid","Comunidad de Madrid","1300"
"25032026","0","","SYM","JET 14","Cádiz","Andalucía","125"
"25032026","0","","YAMAHA","MT-10","Coruña (A)","Galicia","998"
"25032026","0","","ZONTES","125C","Madrid","Comunidad de Madrid","125"
"25032026","0","","ROYAL ENFIELD","GOAN CLASSIC 350","Valencia/València","Comunidad Valenciana","349"
"25032026","0","","YAMAHA","NMAX 125","Málaga","Andalucía","125"
"25032026","0","","VOGE","DS800X RALLY","Almería","Andalucía","798"
"25032026","0","","PIAGGIO","VESPA GTS 125 SUPERTEC","Málaga","Andalucía","125"
"25032026","0","","HONDA","ADV 350","Granada","Andalucía","330"
