FEC_MATRICULA,COD_CLASE_MAT,FEC_TRAMITACION,MARCA_ITV,MODELO_ITV,PROVINCIA_VEH,COMUNIDAD_AUTONOMA,CILINDRADA_ITV
"26032026","0","","BMW","F 450 GS","Madrid","Comunidad de Madrid","420"
"26032026","0","","KOVE","KOVE 800 X PRO 2026","Valencia/València","Comunidad Valenciana","799"
"26032026","0","","NEXT","NX CROSS 125I","Murcia","Región de Murcia","125"
"26032026","0","","HONDA","CB 500 X","Málaga","Andalucía","471"
"26032026","0","","SYM","JET 14","León","Castilla y León","125"
"26032026","0","","YAMAHA","MT-125","Huelva","Andalucía","125"
"26032026","0","","YAMAHA","NMAX 125","Cádiz","Andalucía","125"
"26032026","0","","KOVE","KOVE 800 X PRO 2026","Córdoba","Andalucía","799"
"26032026","0","","HONDA","CBR500","Málaga","Andalucía","471"
"26032026","0","","YAMAHA","NMAX 125","Madrid","Comunidad de Madrid","125"
"26032026","0","","HONDA","SH125i","Barcelona","Cataluña","125"
"26032026","0","","SYM","JET 14","Illes Balears","Illes Balears","125"
"26032026","0","","HONDA","PCX125","Málaga","Andalucía","125"
"26032026","0","","SYM","SYMPHONY 125","Madrid","Comunidad de Madrid","125"
"26032026","0","","MACBOR","EIGHT MILE 125 LC","Lleida","Cataluña","124"
"26032026","0","","HONDA","SH125i","Barcelona","Cataluña","125"
"26032026","0","","HONDA","SH125i","Barcelona","Cataluña","125"
"26032026","0","","YAMAHA","TRACER 700","Cádiz","Andalucía","689"
"26032026","0","","BMW","S 1000 XR","Palencia","Castilla y León","999"
"26032026","0","","KYMCO","AGILITY S","Valencia/València","Comunidad Valenciana","125"
"26032026","0","","CFMOTO","125 NK","Palmas (Las)","Canarias","124"
"26032026","0","","ZONTES","368G","Valencia/València","Comunidad Valenciana","368"
"26032026","0","","NEXT","NX CROSS 125I","Sevilla","Andalucía","125"
"26032026","0","","APRILIA","SR GT 125","Barcelona","Cataluña","125"
"26032026","0","","YAMAHA","NMAX 125","Cádiz","Andalucía","125"
"26032026","0","","SUZUKI","ADDRESS 125","Lugo","Galicia","124"
"26032026","0","","YAMAHA","XTZ 700 Tenere","Cádiz","Andalucía","689"
"26032026","0","","YAMAHA","MT-09","Cádiz","Andalucía","890"
"26032026","0","","HARLEY-DAVIDSON","HERITAGE CLASSIC","Madrid","Comunidad de Madrid","1923"
"26032026","0","","HONDA","VISION 110","Huelva","Andalucía","109"
"26032026","0","","KAWASAKI","VERSYS 1100","Valencia/València","Comunidad Valenciana","1099"
"26032026","0","","HONDA","VISION 110","Barcelona","Cataluña","109"
"26032026","0","","HONDA","XL750 Transalp","Navarra","Comunidad Foral de Navarra","755"
"26032026","0","","VOGE","300RALLY","Burgos","Castilla y León","292"
"26032026","0","","BMW","R 1300 RT","Cáceres","Extremadura","1300"
"26032026","0","","YAMAHA","NMAX 125","Illes Balears","Illes Balears","125"
"26032026","0","","RIEJU","CENTURY125","Cantabria","Cantabria","124"
"26032026","0","","VOGE","DS900X","Lugo","Galicia","895"
"26032026","0","","KTM","KTM 125 DUKE","Madrid","Comunidad de Madrid","125"
"26032026","0","","BMW","C 400 X","Tarragona","Cataluña","350"
"26032026","0","","YAMAHA","MT-125","Murcia","Región de Murcia","125"
"26032026","0","","BMW","R 1300 GS ADVENTURE","Málaga","Andalucía","1300"
"26032026","0","","HONDA","XL750 Transalp","Madrid","Comunidad de Madrid","755"
"26032026","0","","YAMAHA","WR125","Málaga","Andalucía","125"
"26032026","0","","YAMAHA","MT-125","Valencia/València","Comunidad Valenciana","125"
"26032026","0","","QJMOTOR","FORT 125 N E5+","Málaga","Andalucía","125"
"26032026","0","","BETA","N/A","Ávila","Castilla y León","293"
"26032026","0","","YAMAHA","TRACER 700","Coruña (A)","Galicia","689"
"26032026","0","","VOGE","625DSX","Alicante/Alacant","Comunidad Valenciana","581"
"26032026","0","","MACBOR","EIGHT MILE 125 LC","Cádiz","Andalucía","124"
"26032026","0","","HONDA","PCX125","Madrid","Comunidad de Madrid","125"
"26032026","0","","SYM","JET 14","Sevilla","Andalucía","125"
"26032026","0","","BMW","F 800 GS","Madrid","Comunidad de Madrid","895"
"26032026","0","","YAMAHA","RayZR 125","León","Castilla y León","125"
"26032026","0","","KAWASAKI","ELIMINATOR","Girona","Cataluña","451"
"26032026","0","","MORBIDELLI","SC 125","Tarragona","Cataluña","125"
"26032026","0","","SUZUKI","ADDRESS 125","Alicante/Alacant","Comunidad Valenciana","124"
"26032026","0","","BETA","N/A","Barcelona","Cataluña","125"
"26032026","0","","VOGE","DS900X","Sevilla","Andalucía","895"
"26032026","0","","VOGE","DS525X","Coruña (A)","Galicia","494"
"26032026","0","","SYM","SYMPHONY 125","Granada","Andalucía","125"
"26032026","0","","BENDA","CHINCHILLA 350","Barcelona","Cataluña","343"
"26032026","0","","BMW","F 800 GS","Tarragona","Cataluña","895"
"26032026","0","","APRILIA","SR GT 125","Albacete","Castilla-La Mancha","125"
"26032026","0","","HONDA","CB650RA","Barcelona","Cataluña","649"
"26032026","0","","YAMAHA","TMAX 560","Santa Cruz de Tenerife","Canarias","562"
"26032026","0","","HONDA","XL750 Transalp","León","Castilla y León","755"
"26032026","0","","HONDA","CB 125 F","Málaga","Andalucía","124"
"26032026","0","","KTM","KTM 300 EXC","Badajoz","Extremadura","293"
"26032026","0","","BMW","R 1300 GS ADVENTURE","Madrid","Comunidad de Madrid","1300"
"26032026","0","","MITT","125 NK","Soria","Castilla y León","124"
"26032026","0","","VOGE","DS900X","Madrid","Comunidad de Madrid","895"
"26032026","0","","PEUGEOT","KISBEE M","Málaga","Andalucía","125"
"26032026","0","","ZONTES","368E","Madrid","Comunidad de Madrid","368"
"26032026","0","","WOTTAN","STORM","Valencia/València","Comunidad Valenciana","125"
"26032026","0","","ZONTES","350R","Alicante/Alacant","Comunidad Valenciana","348"
"26032026","0","","HONDA","CB 500 X","Barcelona","Cataluña","471"
"26032026","0","","SYM","ADX 125 LC TCS E5+","Málaga","Andalucía","125"
"26032026","0","","CFMOTO","450MT","Palmas (Las)","Canarias","449"
"26032026","0","","BMW","S 1000 RR","Granada","Andalucía","999"
"26032026","0","","QJMOTOR","ATR 125 E5+","Illes Balears","Illes Balears","125"
"26032026","0","","YAMAHA","TMAX 560","Valencia/València","Comunidad Valenciana","562"
"26032026","0","","MORBIDELLI","C1002V","Zaragoza","Aragón","997"
"26032026","0","","APRILIA","SR GT 125","Córdoba","Andalucía","125"
"26032026","0","","CFMOTO","450MT","Gipuzkoa","País Vasco","449"
"26032026","0","","HONDA","PCX125","Madrid","Comunidad de Madrid","125"
"26032026","0","","HONDA","PCX125","Zaragoza","Aragón","125"
"26032026","0","","ZONTES","368G","Murcia","Región de Murcia","368"
"26032026","0","","ZONTES","ZT125-Z2","Valladolid","Castilla y León","125"
"26032026","0","","VOGE","SR16","Santa Cruz de Tenerife","Canarias","125"
"26032026","0","","KTM","KTM 125 DUKE","Cantabria","Cantabria","125"
"26032026","0","","MALAGUTI","MISSION 125","Barcelona","Cataluña","124"
"26032026","0","","CFMOTO","675SR-R","Barcelona","Cataluña","674"
"26032026","0","","MORBIDELLI","T502X","Barcelona","Cataluña","486"
"26032026","0","","PIAGGIO","VESPA PRIMAVERA 125","Alicante/Alacant","Comunidad Valenciana","124"
"26032026","0","","KTM","KTM 690 SMC R","Barcelona","Cataluña","693"
"26032026","0","","SYM","MAXSYM TL 508 E5+","Pontevedra","Galicia","508"
"26032026","0","","ZONTES","ZT125-U1","Pontevedra","Galicia","125"
"26032026","0","","BMW","R 1300 GS","Barcelona","Cataluña","1300"
"26032026","0","","BMW","F 900 R A2","Alicante/Alacant","Comunidad Valenciana","895"
"26032026","0","","HONDA","VISION 110","Barcelona","Cataluña","109"
"26032026","0","","HONDA","PCX125","Málaga","Andalucía","125"
"26032026","0","","SYM","SYMPHONY 125","Barcelona","Cataluña","125"
"26032026","0","","SUZUKI","SV650","Illes Balears","Illes Balears","645"
"26032026","0","","KYMCO","SKYTOWN 125","Zaragoza","Aragón","125"
"26032026","0","","YAMAHA","TMAX 560","Sevilla","Andalucía","562"
"26032026","0","","YAMAHA","NMAX 125","Murcia","Región de Murcia","125"
"26032026","0","","YAMAHA","MT-07","Madrid","Comunidad de Madrid","689"
"26032026","0","","YAMAHA","XTZ 700 Tenere","Barcelona","Cataluña","689"
"26032026","0","","PEUGEOT","PULSION EVO","Alicante/Alacant","Comunidad Valenciana","125"
"26032026","0","","WOTTAN","GT2","Alicante/Alacant","Comunidad Valenciana","125"
"26032026","0","","RIEJU","RALLY 307","Toledo","Castilla-La Mancha","292"
"26032026","0","","HONDA","XL750 Transalp","Ourense","Galicia","755"
"26032026","0","","HONDA","NC 750 X","Madrid","Comunidad de Madrid","745"
"26032026","0","","ZONTES","125C","Palmas (Las)","Canarias","125"
"26032026","0","","YAMAHA","NMAX 125","Barcelona","Cataluña","125"
"26032026","0","","HONDA","Rebel 500","Málaga","Andalucía","471"
"26032026","0","","VOGE","DS800X RALLY","Sevilla","Andalucía","798"
"26032026","0","","MORBIDELLI","SC125 RE","Badajoz","Extremadura","125"
"26032026","0","","YAMAHA","XMAX 125","Valencia/València","Comunidad Valenciana","125"
"26032026","0","","BMW","F 450 GS","Madrid","Comunidad de Madrid","420"
"26032026","0","","KAWASAKI","VERSYS 650","Salamanca","Castilla y León","649"
"26032026","0","","KYMCO","SKYTOWN 125","Santa Cruz de Tenerife","Canarias","125"
"26032026","0","","HONDA","VISION 110","Girona","Cataluña","109"
"26032026","0","","HONDA","CB750 Hornet","Rioja (La)","La Rioja","755"
"26032026","0","","HONDA","ADV 350","Palmas (Las)","Canarias","330"
"26032026","0","","BMW","R 1300 GS ADVENTURE","Sevilla","Andalucía","1300"
"26032026","0","","VOGE","DS800X RALLY","Huesca","Aragón","798"
"26032026","0","","BMW","F 450 GS","Madrid","Comunidad de Madrid","420"
"26032026","0","","VOGE","DS525X","Asturias","Principado de Asturias","494"
"26032026","0","","WOTTAN","STORM-T","Valencia/València","Comunidad Valenciana","125"
"26032026","0","","KYMCO","AGILITY S","Granada","Andalucía","125"
"26032026","0","","SYM","SYMPHONY 125","Barcelona","Cataluña","125"
"26032026","0","","HONDA","XL750 Transalp","Rioja (La)","La Rioja","755"
"26032026","0","","YAMAHA","XMAX 300","Granada","Andalucía","292"
"26032026","0","","VOGE","SR1ADV","Illes Balears","Illes Balears","125"
"26032026","0","","MH MOTORCYCLES","TRAY","Cádiz","Andalucía","125"
"26032026","0","","BMW","C 400 GT","Barcelona","Cataluña","350"
"26032026","0","","YAMAHA","RayZR 125","Almería","Andalucía","125"
"26032026","0","","SYM","JET 14","Sevilla","Andalucía","125"
"26032026","0","","YAMAHA","NMAX 125","Ceuta","Ceuta","125"
"26032026","0","","YAMAHA","XMAX 125","Valencia/València","Comunidad Valenciana","125"
"26032026","0","","VOGE","DS800X RALLY","Sevilla","Andalucía","798"
"26032026","0","","HONDA","VISION 110","Barcelona","Cataluña","109"
"26032026","0","","HONDA","SH350i","Valencia/València","Comunidad Valenciana","330"
"26032026","0","","ZONTES","368G","Santa Cruz de Tenerife","Canarias","368"
"26032026","0","","YAMAHA","TMAX 560","Valencia/València","Comunidad Valenciana","562"
"26032026","0","","YAMAHA","TMAX 560","Illes Balears","Illes Balears","562"
"26032026","0","","YAMAHA","R125","Burgos","Castilla y León","125"
"26032026","0","","CYCLONE","RA2","Sevilla","Andalucía","125"
"26032026","0","","BETA","N/A","Madrid","Comunidad de Madrid","249"
"26032026","0","","EFUN","LION","Madrid","Comunidad de Madrid","125"
"26032026","0","","HONDA","SH125i","Barcelona","Cataluña","125"
"26032026","0","","KYMCO","SKYTOWN 125","Santa Cruz de Tenerife","Canarias","125"
"26032026","0","","WOTTAN","GT2","Alicante/Alacant","Comunidad Valenciana","125"
"26032026","0","","BMW","F 900 XR","Toledo","Castilla-La Mancha","895"
"26032026","0","","ROYAL ENFIELD","HIMALAYAN 452","Murcia","Región de Murcia","452"
"26032026","0","","YAMAHA","TMAX 560","Illes Balears","Illes Balears","562"
"26032026","0","","BMW","F 800 GS","Málaga","Andalucía","895"
"26032026","0","","YAMAHA","XMAX 300","Málaga","Andalucía","292"
"26032026","0","","ZONTES","125E","Palmas (Las)","Canarias","125"
"26032026","0","","HONDA","XL750 Transalp","Jaén","Andalucía","755"
"26032026","0","","HONDA","FORZA 350","Córdoba","Andalucía","330"
"26032026","0","","BMW","R 1300 GS ADVENTURE","Sevilla","Andalucía","1300"
"26032026","0","","VOGE","R125","Alicante/Alacant","Comunidad Valenciana","125"
"26032026","0","","PEUGEOT","PULSION EVO","Albacete","Castilla-La Mancha","125"
"26032026","0","","YAMAHA","MT-07","Gipuzkoa","País Vasco","689"
"26032026","0","","HONDA","FORZA125","Cádiz","Andalucía","125"
"26032026","0","","HERO MOTOCORP","X PULSE 200 4V","Alicante/Alacant","Comunidad Valenciana","200"
"26032026","0","","KYMCO","AGILITY S","Barcelona","Cataluña","125"
"26032026","0","","CYCLONE","RX1 PRO","Cádiz","Andalucía","124"
"26032026","0","","YAMAHA","MT-07","Cáceres","Extremadura","689"
"26032026","0","","QJMOTOR","SRT 700 X E5+","Palmas (Las)","Canarias","698"
"26032026","0","","VOGE","DS800X RALLY","Pontevedra","Galicia","798"
"26032026","0","","CYCLONE","RT1","Illes Balears","Illes Balears","125"
"26032026","0","","HONDA","CB 500 X","Albacete","Castilla-La Mancha","471"
"26032026","0","","QJMOTOR","SRT 700 X E5+","Barcelona","Cataluña","698"
"26032026","0","","HONDA","SH350i","Barcelona","Cataluña","330"
"26032026","0","","ZONTES","703RR","Madrid","Comunidad de Madrid","699"
"26032026","0","","TRIUMPH","STREET TRIPLE RS","Zaragoza","Aragón","765"
"26032026","0","","HONDA","PCX125","Málaga","Andalucía","125"
"26032026","0","","ZONTES","125C","Asturias","Principado de Asturias","125"
"26032026","0","","BAJAJ","PULSAR NS 125","Málaga","Andalucía","124"
"26032026","0","","YAMAHA","MT-07","Bizkaia","País Vasco","689"
"26032026","0","","MACBOR","MONTANA XR1 125 EVO","Sevilla","Andalucía","124"
"26032026","0","","YAMAHA","NMAX 125","Illes Balears","Illes Balears","125"
"26032026","0","","YAMAHA","MT-125","Tarragona","Cataluña","125"
"26032026","0","","HONDA","FORZA125","Tarragona","Cataluña","125"
"26032026","0","","RIEJU","RALLY 307","Murcia","Región de Murcia","292"
"26032026","0","","HONDA","SH Mode 125","Sevilla","Andalucía","125"
"26032026","0","","CFMOTO","800MT-X","Gipuzkoa","País Vasco","799"
"26032026","0","","RIEJU","RALLY 307","Tarragona","Cataluña","292"
"26032026","0","","YAMAHA","NMAX 125","Alicante/Alacant","Comunidad Valenciana","125"
"26032026","0","","MITT","125GTS","Madrid","Comunidad de Madrid","125"
"26032026","0","","VOGE","DS800X RALLY","Jaén","Andalucía","798"
"26032026","0","","ZONTES","ZT125-G1","Madrid","Comunidad de Madrid","125"
"26032026","0","","TRIUMPH","SCRAMBLER 900","Granada","Andalucía","900"
"26032026","0","","HONDA","SH Mode 125","Girona","Cataluña","125"
"26032026","0","","WOTTAN","STORM-T","Alicante/Alacant","Comunidad Valenciana","125"
"26032026","0","","HONDA","Rebel 500","Zaragoza","Aragón","471"
"26032026","0","","BMW","F 900 R A2","Barcelona","Cataluña","895"
"26032026","0","","SYM","SYMPHONY 125","Málaga","Andalucía","125"
"26032026","0","","PIAGGIO","MEDLEY 125","Bizkaia","País Vasco","125"
"26032026","0","","HONDA","ADV 350","Sevilla","Andalucía","330"
"26032026","0","","YAMAHA","TMAX 560","Ciudad Real","Castilla-La Mancha","562"
"26032026","0","","KAWASAKI","VULCAN S","Jaén","Andalucía","649"
"26032026","0","","VOGE","DS800X RALLY","Málaga","Andalucía","798"
"26032026","0","","BENELLI","BKX 125","Murcia","Región de Murcia","125"
"26032026","0","","BMW","C 400 GT","Guadalajara","Castilla-La Mancha","350"
"26032026","0","","VOGE","DS800X RALLY","Valencia/València","Comunidad Valenciana","798"
"26032026","0","","HONDA","ADV 350","Coruña (A)","Galicia","330"
"26032026","0","","KAWASAKI","Z900RS","Madrid","Comunidad de Madrid","948"
"26032026","0","","APRILIA","SR GT 125","Santa Cruz de Tenerife","Canarias","125"
"26032026","0","","HONDA","SH125i","Málaga","Andalucía","125"
"26032026","0","","HONDA","PCX125","Ourense","Galicia","125"
"26032026","0","","HONDA","CBR 650 R","Madrid","Comunidad de Madrid","649"
"26032026","0","","HONDA","FORZA 350","Madrid","Comunidad de Madrid","330"
"26032026","0","","KYMCO","AGILITY S","Ciudad Real","Castilla-La Mancha","125"
"26032026","0","","LETBE","VELOCITY","Sevilla","Andalucía","125"
"26032026","0","","KAWASAKI","Z900","Alicante/Alacant","Comunidad Valenciana","948"
"26032026","0","","HONDA","SH125i","Sevilla","Andalucía","125"
"26032026","0","","YAMAHA","TMAX 560","Barcelona","Cataluña","562"
"26032026","0","","VOGE","DS800X RALLY","Barcelona","Cataluña","798"
"26032026","0","","MITT","GT-S","Málaga","Andalucía","125"
"26032026","0","","SUZUKI","GSX-S 1000","Alicante/Alacant","Comunidad Valenciana","999"
"26032026","0","","APRILIA","SR GT 125","Barcelona","Cataluña","125"
"26032026","0","","ZONTES","703F","Coruña (A)","Galicia","699"
"26032026","0","","HONDA","PCX125","Cádiz","Andalucía","125"
"26032026","0","","HONDA","SH350i","Asturias","Principado de Asturias","330"
"26032026","0","","KAWASAKI","NINJA ZX-4R","Barcelona","Cataluña","399"
"26032026","0","","YAMAHA","XSR-125","Cádiz","Andalucía","125"
"26032026","0","","RIEJU","RALLY 307","Madrid","Comunidad de Madrid","292"
"26032026","0","","YAMAHA","NMAX 125","Madrid","Comunidad de Madrid","125"
"26032026","0","","VOGE","SR16","Madrid","Comunidad de Madrid","125"
"26032026","0","","SYM","JET 14","Salamanca","Castilla y León","125"
"26032026","0","","ZONTES","368G","Valencia/València","Comunidad Valenciana","368"
"26032026","0","","HUSQVARNA","HUSQVARNA SVARTPILEN12","Madrid","Comunidad de Madrid","125"
"26032026","0","","BMW","F 900 R A2","Valencia/València","Comunidad Valenciana","895"
"26032026","0","","KAWASAKI","Z650","Murcia","Región de Murcia","649"
"26032026","0","","ZONTES","703F","Barcelona","Cataluña","699"
"26032026","0","","KAWASAKI","ELIMINATOR","Asturias","Principado de Asturias","451"
"26032026","0","","BMW","F 800 GS","Cádiz","Andalucía","895"
"26032026","0","","QJMOTOR","SRV 125 E5+","Madrid","Comunidad de Madrid","125"
"26032026","0","","BMW","R 12 G/S","Barcelona","Cataluña","1170"
"26032026","0","","BMW","R 1300 GS ADVENTURE","Málaga","Andalucía","1300"
"26032026","0","","HONDA","ADV 350","Girona","Cataluña","330"
"26032026","0","","APRILIA","SR GT 125","Valencia/València","Comunidad Valenciana","125"
"26032026","0","","KYMCO","DTX","Barcelona","Cataluña","321"
"26032026","0","","VOGE","DS800X RALLY","Santa Cruz de Tenerife","Canarias","798"
"26032026","0","","VOGE","SR4 MAX","Málaga","Andalucía","350"
"26032026","0","","TRIUMPH","SCRAMBLER 400 X","Girona","Cataluña","398"
"26032026","0","","BMW","F 900 R","Tarragona","Cataluña","895"
"26032026","0","","YAMAHA","MT-07","Alicante/Alacant","Comunidad Valenciana","689"
"26032026","0","","MH MOTORCYCLES","VRT","Alicante/Alacant","Comunidad Valenciana","124"
"26032026","0","","YAMAHA","RayZR 125","Tarragona","Cataluña","125"
"26032026","0","","HONDA","SH125i","Málaga","Andalucía","125"
"26032026","0","","MACBOR","MONTANA XR5 510 E5+","Tarragona","Cataluña","498"
"26032026","0","","ZONTES","125D","Barcelona","Cataluña","125"
"26032026","0","","QJMOTOR","MTX 125","Barcelona","Cataluña","125"
"26032026","0","","YAMAHA","XMAX 125","Barcelona","Cataluña","125"
"26032026","0","","BMW","R 12 NINET","Madrid","Comunidad de Madrid","1170"
"26032026","0","","KAWASAKI","NINJA ZX-6R","Madrid","Comunidad de Madrid","636"
"26032026","0","","HONDA","FORZA 350","Barcelona","Cataluña","330"
"26032026","0","","YAMAHA","NMAX 125","Illes Balears","Illes Balears","125"
"26032026","0","","HONDA","SH125i","Barcelona","Cataluña","125"
"26032026","0","","SUZUKI","GSX-S 1000","Salamanca","Castilla y León","999"
"26032026","0","","ZONTES","368G","Almería","Andalucía","368"
"26032026","0","","ZONTES","125M","Madrid","Comunidad de Madrid","125"
"26032026","0","","TRIUMPH","SCRAMBLER 1200 X","Asturias","Principado de Asturias","1200"
"26032026","0","","SYM","SYMPHONY 125","Madrid","Comunidad de Madrid","125"
"26032026","0","","HONDA","PCX125","Palmas (Las)","Canarias","125"
"26032026","0","","HONDA","FORZA 350","Barcelona","Cataluña","330"
"26032026","0","","ZONTES","ZT125-G1","Barcelona","Cataluña","125"
"26032026","0","","CYCLONE","RT1","Illes Balears","Illes Balears","125"
"26032026","0","","HONDA","XL750 Transalp","Madrid","Comunidad de Madrid","755"
"26032026","0","","YAMAHA","TRACER 700","Barcelona","Cataluña","689"
"26032026","0","","RIEJU","RALLY 307","Gipuzkoa","País Vasco","292"
"26032026","0","","ZONTES","125E","Valencia/València","Comunidad Valenciana","125"
"26032026","0","","SUZUKI","SV650U","León","Castilla y León","645"
"26032026","0","","APRILIA","RX 125","Ourense","Galicia","124"
"26032026","0","","KTM","KTM 1390 SUPER ADVENTU","Málaga","Andalucía","1350"
"26032026","0","","ZONTES","368G","Huelva","Andalucía","368"
"26032026","0","","HONDA","PCX125","Madrid","Comunidad de Madrid","125"
"26032026","0","","SYM","CRUISYM 125 TCS E5+","Alicante/Alacant","Comunidad Valenciana","124"
"26032026","0","","HONDA","FORZA125","Huelva","Andalucía","125"
"26032026","0","","ZONTES","368G","Madrid","Comunidad de Madrid","368"
"26032026","0","","PIAGGIO","VESPA PRIMAVERA 125","Palencia","Castilla y León","124"
"26032026","0","","VOGE","DS800X RALLY","Barcelona","Cataluña","798"
"26032026","0","","HONDA","PCX125","Alicante/Alacant","Comunidad Valenciana","125"
"26032026","0","","PEUGEOT","KISBEE M","Valencia/València","Comunidad Valenciana","125"
"26032026","0","","KAWASAKI","Z650RS","Girona","Cataluña","649"
"26032026","0","","ZONTES","368G","Castellón/Castelló","Comunidad Valenciana","368"
"26032026","0","","VOGE","DS900X","Girona","Cataluña","895"
"26032026","0","","HONDA","FORZA125","Valencia/València","Comunidad Valenciana","125"
"26032026","0","","HONDA","ADV 350","Granada","Andalucía","330"
"26032026","0","","QJMOTOR","ATR 125 E5+","Palmas (Las)","Canarias","125"
"26032026","0","","HONDA","XL750 Transalp","Barcelona","Cataluña","755"
"26032026","0","","HONDA","FORZA125","Madrid","Comunidad de Madrid","125"
"26032026","0","","BMW","R 12 G/S","Bizkaia","País Vasco","1170"
"26032026","0","","KYMCO","SKYTOWN 125","Sevilla","Andalucía","125"
"26032026","0","","ZONTES","125D","Granada","Andalucía","125"
"26032026","0","","YAMAHA","R125","Cantabria","Cantabria","125"
"26032026","0","","ZONTES","125D","Barcelona","Cataluña","125"
"26032026","0","","KEEWAY","XDV 125 EVO PRO","Palmas (Las)","Canarias","125"
"26032026","0","","BMW","F 900 GS","Pontevedra","Galicia","895"
"26032026","0","","ZONTES","368G","Cantabria","Cantabria","368"
"26032026","0","","PIAGGIO","VESPA PRIMAVERA 125","Jaén","Andalucía","124"
"26032026","0","","BETA","N/A","Barcelona","Cataluña","296"
"26032026","0","","BMW","R 12 NINET","Madrid","Comunidad de Madrid","1170"
"26032026","0","","BMW","R 1300 GS ADVENTURE","Málaga","Andalucía","1300"
"26032026","0","","TRIUMPH","SCRAMBLER 400 X","Madrid","Comunidad de Madrid","398"
"26032026","0","","ZONTES","125E","Madrid","Comunidad de Madrid","125"
"26032026","0","","HONDA","PCX125","Madrid","Comunidad de Madrid","125"
"26032026","0","","TRIUMPH","SCRAMBLER 400XC","Barcelona","Cataluña","398"
"26032026","0","","BMW","F 450 GS","Madrid","Comunidad de Madrid","420"
"26032026","0","","HONDA","NC 750 X","Huesca","Aragón","745"
"26032026","0","","HONDA","SH350i","Girona","Cataluña","330"
"26032026","0","","PIAGGIO","VESPA GTS 125","Sevilla","Andalucía","125"
"26032026","0","","ZONTES","125C","Illes Balears","Illes Balears","125"
"26032026","0","","KYMCO","DTX","Madrid","Comunidad de Madrid","321"
"26032026","0","","RIEJU","N/A","Madrid","Comunidad de Madrid","125"
"26032026","0","","YAMAHA","NMAX 125","Madrid","Comunidad de Madrid","125"
"26032026","0","","BSA","SCRAMBLER","Barcelona","Cataluña","652"
"26032026","0","","KYMCO","AGILITY S","Granada","Andalucía","125"
"26032026","0","","BMW","F 450 GS","Madrid","Comunidad de Madrid","420"
"26032026","0","","VENT S.R.L.","---","Teruel","Aragón","449"
"26032026","0","","KYMCO","AGILITY S","Murcia","Región de Murcia","125"
"26032026","0","","BMW","F 800 GS","Sevilla","Andalucía","895"
"26032026","0","","BENELLI","TRK 702","Madrid","Comunidad de Madrid","698"
"26032026","0","","HONDA","ADV 750","Girona","Cataluña","745"
"26032026","0","","HONDA","XL750 Transalp","Álava/Araba","País Vasco","755"
"26032026","0","","TRIUMPH","SCRAMBLER 400XC","Burgos","Castilla y León","398"
"26032026","0","","HONDA","CB 500 F","Barcelona","Cataluña","471"
"26032026","0","","TRIUMPH","TIGER 900 GT PRO","Albacete","Castilla-La Mancha","888"
"26032026","0","","QJMOTOR","MTX 125 E5+","Barcelona","Cataluña","125"
"26032026","0","","YAMAHA","XMAX 125","Barcelona","Cataluña","125"
"26032026","0","","BMW","F 800 GS","Lleida","Cataluña","895"
"26032026","0","","YAMAHA","XTZ 700 Tenere","Illes Balears","Illes Balears","689"
"26032026","0","","BMW","M 1000 R","León","Castilla y León","999"
"26032026","0","","VOGE","DS800X RALLY","Sevilla","Andalucía","798"
"26032026","0","","YAMAHA","TMAX 560","Valencia/València","Comunidad Valenciana","562"
"26032026","0","","ITALJET","DRAGSTER 700 TWIN","Toledo","Castilla-La Mancha","698"
"26032026","0","","KTM","KTM 790 ADVENTURE","Barcelona","Cataluña","799"
"26032026","0","","ZONTES","125M","Melilla","Melilla","125"
"26032026","0","","TRIUMPH","SPEED TWIN 1200 RS","Girona","Cataluña","1200"
"26032026","0","","KAWASAKI","Z500","Cuenca","Castilla-La Mancha","451"
"26032026","0","","ZONTES","368E","Albacete","Castilla-La Mancha","368"
"26032026","0","","BMW","K 1600 GTL","Madrid","Comunidad de Madrid","1649"
"26032026","0","","YAMAHA","NMAX 125","Navarra","Comunidad Foral de Navarra","125"
"26032026","0","","VOGE","DS800X RALLY","Pontevedra","Galicia","798"
"26032026","0","","KYMCO","AGILITY S","Santa Cruz de Tenerife","Canarias","125"
"26032026","0","","HONDA","FORZA 750","Barcelona","Cataluña","745"
"26032026","0","","SYM","JET 14","Barcelona","Cataluña","125"
"26032026","0","","YAMAHA","MT-125","Coruña (A)","Galicia","125"
"26032026","0","","HONDA","CBR500","Madrid","Comunidad de Madrid","471"
"26032026","0","","KTM","KTM 125 DUKE","Madrid","Comunidad de Madrid","125"
"26032026","0","","BMW","F 450 GS","Madrid","Comunidad de Madrid","420"
"26032026","0","","ZONTES","368G","Alicante/Alacant","Comunidad Valenciana","368"
"26032026","0","","KEEWAY","VIESTE 125","Ourense","Galicia","125"
"26032026","0","","SUZUKI","AVENIS 125","Illes Balears","Illes Balears","124"
"26032026","0","","HONDA","ADV 350","Valencia/València","Comunidad Valenciana","330"
"26032026","0","","TRIUMPH","TIGER SPORT 800","Alicante/Alacant","Comunidad Valenciana","798"
"26032026","0","","VOGE","DS800X RALLY","Valencia/València","Comunidad Valenciana","798"
"26032026","0","","PIAGGIO","BEVERLY 400 HPE","Granada","Andalucía","399"
"26032026","0","","LEONART","M16-125","Madrid","Comunidad de Madrid","125"
"26032026","0","","HONDA","PCX125","Madrid","Comunidad de Madrid","125"
"26032026","0","","BMW","C 400 GT","Barcelona","Cataluña","350"
"26032026","0","","YAMAHA","NMAX 125","Barcelona","Cataluña","125"
"26032026","0","","HONDA","FORZA 750","Barcelona","Cataluña","745"
"26032026","0","","BMW","F 900 XR","Palmas (Las)","Canarias","895"
"26032026","0","","QJMOTOR","ATR 125 E5+","Málaga","Andalucía","125"
"26032026","0","","ZONTES","368E","Sevilla","Andalucía","368"
"26032026","0","","HONDA","PCX125","Málaga","Andalucía","125"
"26032026","0","","HONDA","MSX125A","Santa Cruz de Tenerife","Canarias","124"
"26032026","0","","RIEJU","RALLY 307","Barcelona","Cataluña","292"
"26032026","0","","HONDA","ADV 350","Málaga","Andalucía","330"
"26032026","0","","HONDA","ADV 750","Granada","Andalucía","745"
"26032026","0","","BMW","R 1300 R","Illes Balears","Illes Balears","1300"
"26032026","0","","TRIUMPH","TRIDENT 660 - TRIPLE T","Cuenca","Castilla-La Mancha","660"
"26032026","0","","BMW","F 450 GS","Madrid","Comunidad de Madrid","420"
"26032026","0","","KYMCO","DTX","Valencia/València","Comunidad Valenciana","124"
"26032026","0","","KAWASAKI","NINJA 500","Madrid","Comunidad de Madrid","451"
"26032026","0","","HUSQVARNA","HUSQVARNA VITPILEN 401","Madrid","Comunidad de Madrid","399"
"26032026","0","","YAMAHA","NMAX 125","Málaga","Andalucía","125"
"26032026","0","","BMW","M 1000 R","Illes Balears","Illes Balears","999"
"26032026","0","","YAMAHA","XSR-900","Gipuzkoa","País Vasco","890"
"26032026","0","","MORBIDELLI","T125 X","Barcelona","Cataluña","124"
"26032026","0","","YAMAHA","YZF690","Barcelona","Cataluña","689"
"26032026","0","","VOGE","SR1ADV","Gipuzkoa","País Vasco","125"
"26032026","0","","SUZUKI","GSX-S 1000","Barcelona","Cataluña","999"
"26032026","0","","HONDA","CRF1100L Africa Twin","Málaga","Andalucía","1084"
"26032026","0","","MH MOTORCYCLES","VR10","Cádiz","Andalucía","124"
"26032026","0","","KEEWAY","XDV 125 EVO PRO","Sevilla","Andalucía","125"
"26032026","0","","SYM","JOYMAX Z 300 E5+","Alicante/Alacant","Comunidad Valenciana","278"
"26032026","0","","HONDA","VISION 110","Málaga","Andalucía","109"
"26032026","0","","YAMAHA","XTZ 700 Tenere","Barcelona","Cataluña","689"
"26032026","0","","BENELLI","TRK 702","Girona","Cataluña","698"
"26032026","0","","YAMAHA","RayZR 125","Girona","Cataluña","125"
"26032026","0","","TRIUMPH","BONNEVILLE T100","Madrid","Comunidad de Madrid","900"
"26032026","0","","PIAGGIO","LIBERTY 125 ABS","Coruña (A)","Galicia","124"
"26032026","0","","KYMCO","DTX","Santa Cruz de Tenerife","Canarias","124"
"26032026","0","","HONDA","CBR 650 R","Zaragoza","Aragón","649"
"26032026","0","","HONDA","VISION 110","Barcelona","Cataluña","109"
"26032026","0","","HONDA","PCX125","Cádiz","Andalucía","125"
"26032026","0","","HONDA","ADV 350","Girona","Cataluña","330"
"26032026","0","","QJMOTOR","FORT 125 N E5+","Palmas (Las)","Canarias","125"
"26032026","0","","YAMAHA","NMAX 125","Pontevedra","Galicia","125"
"26032026","0","","MALAGUTI","MISSION 125","Barcelona","Cataluña","124"
"26032026","0","","ZONTES","368G","Illes Balears","Illes Balears","368"
"26032026","0","","YAMAHA","XTZ 700 Tenere","Huelva","Andalucía","689"
"26032026","0","","BMW","R 1300 GS ADVENTURE","Madrid","Comunidad de Madrid","1300"
"26032026","0","","KAWASAKI","ELIMINATOR","Lleida","Cataluña","451"
"26032026","0","","HONDA","CB750 Hornet","Barcelona","Cataluña","755"
"26032026","0","","BMW","R 1300 GS","Girona","Cataluña","1300"
"26032026","0","","RIEJU","N/A","Rioja (La)","La Rioja","297"
"26032026","0","","RIEJU","RALLY 307","Castellón/Castelló","Comunidad Valenciana","292"
"26032026","0","","YAMAHA","NMAX 125","Madrid","Comunidad de Madrid","125"
"26032026","0","","YAMAHA","NMAX 125","Sevilla","Andalucía","125"
"26032026","0","","HONDA","CB650RA","Ourense","Galicia","649"
"26032026","0","","TRIUMPH","STREET TRIPLE 765 RS","Barcelona","Cataluña","765"
"26032026","0","","VOGE","DS525X","Asturias","Principado de Asturias","494"
"26032026","0","","TRIUMPH","TIGER 1200 GT PRO","Navarra","Comunidad Foral de Navarra","1160"
"26032026","0","","HONDA","XL750 Transalp","Córdoba","Andalucía","755"
"26032026","0","","HUSQVARNA","HUSQVARNA SVARTPILEN12","Madrid","Comunidad de Madrid","125"
"26032026","0","","KYMCO","AGILITY S","Cádiz","Andalucía","125"
"26032026","0","","KTM","KTM 1390 SUPER ADVENTU","Córdoba","Andalucía","1350"
"26032026","0","","HONDA","PCX125","Sevilla","Andalucía","125"
"26032026","0","","BMW","R 1300 GS ADVENTURE","Málaga","Andalucía","1300"
"26032026","0","","HONDA","CMX1100","Barcelona","Cataluña","1084"
"26032026","0","","YAMAHA","NMAX 125","Jaén","Andalucía","125"
"26032026","0","","KAWASAKI","ELIMINATOR","Barcelona","Cataluña","451"
"26032026","0","","YAMAHA","MT-125","Alicante/Alacant","Comunidad Valenciana","125"
"26032026","0","","BMW","R 1300 GS","Sevilla","Andalucía","1300"
"26032026","0","","ROYAL ENFIELD","INTERCEPTOR BEAR 650","Madrid","Comunidad de Madrid","648"
"26032026","0","","MOTO MORINI","X-CAPE","Illes Balears","Illes Balears","649"
"26032026","0","","YAMAHA","NMAX 125","Murcia","Región de Murcia","125"
"26032026","0","","YAMAHA","XMAX 300","Sevilla","Andalucía","292"
"26032026","0","","BMW","F 450 GS","Madrid","Comunidad de Madrid","420"
"26032026","0","","YAMAHA","MT-125","Huesca","Aragón","125"
"26032026","0","","HONDA","ADV 350","Málaga","Andalucía","330"
"26032026","0","","HONDA","SH125i","Cádiz","Andalucía","125"
"26032026","0","","KTM","KTM 1390 SUPER ADVENTU","Madrid","Comunidad de Madrid","1350"
"26032026","0","","KYMCO","DTX","Sevilla","Andalucía","124"
"26032026","0","","BMW","F 450 GS","Madrid","Comunidad de Madrid","420"
"26032026","0","","HONDA","CB 125 F","Málaga","Andalucía","124"
"26032026","0","","BETA","N/A","Gipuzkoa","País Vasco","249"
"26032026","0","","YAMAHA","NMAX 125","Sevilla","Andalucía","125"
"26032026","0","","VOGE","R125","Córdoba","Andalucía","125"
"26032026","0","","ZONTES","368G","Cádiz","Andalucía","368"
"26032026","0","","ZONTES","ZT125-Z2","Alicante/Alacant","Comunidad Valenciana","125"
"26032026","0","","KYMCO","AGILITY S","Alicante/Alacant","Comunidad Valenciana","125"
"26032026","0","","VOGE","SR1ADV","Alicante/Alacant","Comunidad Valenciana","125"
"26032026","0","","BMW","C 400 GT","Barcelona","Cataluña","350"
"26032026","0","","BMW","R 1300 RT","Jaén","Andalucía","1300"
"26032026","0","","KTM","KTM 390 ENDURO R","Castellón/Castelló","Comunidad Valenciana","399"
"26032026","0","","MALAGUTI","MISSION 125","Barcelona","Cataluña","124"
"26032026","0","","ZONTES","368G","Asturias","Principado de Asturias","368"
"26032026","0","","HONDA","PCX125","Sevilla","Andalucía","125"
"26032026","0","","BMW","C 400 GT","Girona","Cataluña","350"
"26032026","0","","DUCATI","MULTISTRADA V2","Melilla","Melilla","890"
"26032026","0","","ZONTES","368E","Pontevedra","Galicia","368"
"26032026","0","","KAWASAKI","Z650","Toledo","Castilla-La Mancha","649"
"26032026","0","","ZONTES","125C","Cádiz","Andalucía","125"
"26032026","0","","HONDA","PCX125","Cádiz","Andalucía","125"
"26032026","0","","YAMAHA","NMAX 125","Navarra","Comunidad Foral de Navarra","125"
"26032026","0","","HONDA","SH125i","Cádiz","Andalucía","125"
"26032026","0","","HONDA","ADV 350","Cantabria","Cantabria","330"
"26032026","0","","BMW","R 1300 GS ADVENTURE","Barcelona","Cataluña","1300"
"26032026","0","","KYMCO","AGILITY S","Barcelona","Cataluña","125"
"26032026","0","","VOGE","DS800X RALLY","Granada","Andalucía","798"
"26032026","0","","BMW","F 900 R","Sevilla","Andalucía","895"
"26032026","0","","HONDA","PCX125","Madrid","Comunidad de Madrid","125"
"26032026","0","","REDMOTO","---","Madrid","Comunidad de Madrid","296"
"26032026","0","","YAMAHA","NMAX 125","Girona","Cataluña","125"
"26032026","0","","BMW","R 1300 GS ADVENTURE","Girona","Cataluña","1300"
"26032026","0","","ZONTES","368M","Murcia","Región de Murcia","368"
"26032026","0","","HONDA","XL750 Transalp","Pontevedra","Galicia","755"
"26032026","0","","VOGE","SR1ADV","Jaén","Andalucía","125"
"26032026","0","","KOVE","KOVE 800 X PRO 2026","Sevilla","Andalucía","799"
"26032026","0","","BMW","R 1300 GS","Tarragona","Cataluña","1300"
"26032026","0","","BETA","N/A","Barcelona","Cataluña","296"
"26032026","0","","ZONTES","ZT125-G1","Bizkaia","País Vasco","125"
"26032026","0","","BMW","R 1300 GS","Madrid","Comunidad de Madrid","1300"
"26032026","0","","YAMAHA","MT-07","Murcia","Región de Murcia","689"
"26032026","0","","PEUGEOT","KISBEE M","Murcia","Región de Murcia","125"
"26032026","0","","ZONTES","368G","Castellón/Castelló","Comunidad Valenciana","368"
"26032026","0","","BMW","F 800 GS","Madrid","Comunidad de Madrid","895"
"26032026","0","","HONDA","ADV 750","Santa Cruz de Tenerife","Canarias","745"
"26032026","0","","YAMAHA","RayZR 125","Illes Balears","Illes Balears","125"
"26032026","0","","HONDA","ADV 350","Granada","Andalucía","330"
"26032026","0","","KAWASAKI","NINJA 500","Córdoba","Andalucía","451"
"26032026","0","","KYMCO","DTX","Huelva","Andalucía","124"
"26032026","0","","YAMAHA","XTZ 700 Tenere","Murcia","Región de Murcia","689"
"26032026","0","","RIEJU","RALLY 307","Madrid","Comunidad de Madrid","292"
"26032026","0","","KAWASAKI","KLE500","Bizkaia","País Vasco","451"
"26032026","0","","APRILIA","SR GT 125","Sevilla","Andalucía","125"
"26032026","0","","ROYAL ENFIELD","INTERCEPTOR BEAR 650","Alicante/Alacant","Comunidad Valenciana","648"
"26032026","0","","YAMAHA","XMAX 300","Sevilla","Andalucía","292"
"26032026","0","","ZONTES","368G","Valencia/València","Comunidad Valenciana","368"
"26032026","0","","CFMOTO","675NK","Barcelona","Cataluña","674"
"26032026","0","","ZONTES","125E","Barcelona","Cataluña","125"
"26032026","0","","CFMOTO","125 NK","Barcelona","Cataluña","124"
"26032026","0","","ZONTES","368G","Jaén","Andalucía","368"
"26032026","0","","KAWASAKI","Z650","Barcelona","Cataluña","649"
"26032026","0","","APRILIA","SR GT 125","Santa Cruz de Tenerife","Canarias","125"
"26032026","0","","YAMAHA","MT-07","Valencia/València","Comunidad Valenciana","689"
"26032026","0","","HONDA","ADV 350","Málaga","Andalucía","330"
"26032026","0","","KEEWAY","XDV 125 EVO PRO","Alicante/Alacant","Comunidad Valenciana","125"
"26032026","0","","RIEJU","RALLY 307","Castellón/Castelló","Comunidad Valenciana","292"
"26032026","0","","HERO MOTOCORP","HUNK 440","Madrid","Comunidad de Madrid","440"
"26032026","0","","PIAGGIO","MEDLEY 125","León","Castilla y León","125"
"26032026","0","","YAMAHA","NMAX 125","Granada","Andalucía","125"
"26032026","0","","YAMAHA","TMAX 560","Badajoz","Extremadura","562"
"26032026","0","","ZONTES","703RR","Ciudad Real","Castilla-La Mancha","699"
"26032026","0","","HONDA","ADV 750","Madrid","Comunidad de Madrid","745"
"26032026","0","","ZONTES","368G","Cádiz","Andalucía","368"
"26032026","0","","BMW","R 1300 RT","Coruña (A)","Galicia","1300"
"26032026","0","","ZONTES","368G","Barcelona","Cataluña","368"
"26032026","0","","HONDA","ADV 750","Barcelona","Cataluña","745"
"26032026","0","","VOGE","DS800X RALLY","Cádiz","Andalucía","798"
"26032026","0","","KTM","KTM 790 ADVENTURE","Barcelona","Cataluña","799"
"26032026","0","","KOVE","KOVE 800 X RALLY","Málaga","Andalucía","799"
"26032026","0","","BMW","R 1300 GS ADVENTURE","Murcia","Región de Murcia","1300"
"26032026","0","","HONDA","PCX125","Cádiz","Andalucía","125"
"26032026","0","","HONDA","NC 750 X","Coruña (A)","Galicia","745"
"26032026","0","","BMW","F 900 GS","Pontevedra","Galicia","895"
"26032026","0","","ZONTES","368G","Madrid","Comunidad de Madrid","368"
"26032026","0","","MORBIDELLI","C1002V","Barcelona","Cataluña","997"
"26032026","0","","KYMCO","AGILITY S","Madrid","Comunidad de Madrid","125"
"26032026","0","","ZONTES","368M","Barcelona","Cataluña","368"
"26032026","0","","ZONTES","368M","Santa Cruz de Tenerife","Canarias","368"
"26032026","0","","VOGE","DS800X RALLY","Girona","Cataluña","798"
"26032026","0","","VOGE","DS800X RALLY","Barcelona","Cataluña","798"
"26032026","0","","ZONTES","368G","Valencia/València","Comunidad Valenciana","368"
"26032026","0","","VOGE","DS800X RALLY","Barcelona","Cataluña","798"
"26032026","0","","PIAGGIO","LIBERTY 125 ABS","Barcelona","Cataluña","124"
"26032026","0","","ZONTES","368G","Santa Cruz de Tenerife","Canarias","368"
"26032026","0","","ZONTES","368G","Melilla","Melilla","368"
"26032026","0","","TRIUMPH","STREET TRIPLE 765 RX","Barcelona","Cataluña","765"
"26032026","0","","KTM","KTM 1390 SUPER ADVENTU","Tarragona","Cataluña","1350"
"26032026","0","","YAMAHA","Tracer 9 GT","Barcelona","Cataluña","890"
"26032026","0","","YAMAHA","XTZ 700 Tenere","Barcelona","Cataluña","689"
"26032026","0","","RIEJU","RALLY 307","Valencia/València","Comunidad Valenciana","292"
"26032026","0","","YAMAHA","XMAX 125","Valencia/València","Comunidad Valenciana","125"
"26032026","0","","HONDA","SH125i","Bizkaia","País Vasco","125"
"26032026","0","","KYMCO","DTX","Jaén","Andalucía","321"
"26032026","0","","VOGE","DS900X","Málaga","Andalucía","895"
"26032026","0","","HONDA","FORZA 750","Almería","Andalucía","745"
"26032026","0","","HONDA","ADV 350","Lugo","Galicia","330"
"26032026","0","","SYM","JET 14","Tarragona","Cataluña","125"
"26032026","0","","HONDA","CB750 Hornet","Málaga","Andalucía","755"
"26032026","0","","BMW","F 450 GS","Madrid","Comunidad de Madrid","420"
"26032026","0","","YAMAHA","XMAX 125","Alicante/Alacant","Comunidad Valenciana","125"
"26032026","0","","ROYAL ENFIELD","HIMALAYAN 452","Madrid","Comunidad de Madrid","452"
"26032026","0","","ZONTES","368G","Valencia/València","Comunidad Valenciana","368"
"26032026","0","","HONDA","CB750 Hornet","Pontevedra","Galicia","755"
"26032026","0","","VOGE","DS800X RALLY","Ciudad Real","Castilla-La Mancha","798"
"26032026","0","","VOGE","R125","Valencia/València","Comunidad Valenciana","125"
"26032026","0","","KYMCO","SUPER DINK GT","Valencia/València","Comunidad Valenciana","321"
"26032026","0","","BETA","N/A","Barcelona","Cataluña","296"
"26032026","0","","PIAGGIO","VESPA 946","Madrid","Comunidad de Madrid","124"
"26032026","0","","ZONTES","ZT125-G1","Cádiz","Andalucía","125"
"26032026","0","","CYCLONE","RX600","Illes Balears","Illes Balears","550"
"26032026","0","","KTM","KTM 790 ADVENTURE","Barcelona","Cataluña","799"
"26032026","0","","YAMAHA","MT-07","Barcelona","Cataluña","689"
"26032026","0","","KOVE","KOVE 800 X PRO","Cádiz","Andalucía","799"
"26032026","0","","HONDA","FORZA125","Valencia/València","Comunidad Valenciana","125"
"26032026","0","","RIEJU","RALLY 307","Madrid","Comunidad de Madrid","292"
"26032026","0","","HONDA","FORZA 350","Santa Cruz de Tenerife","Canarias","330"
"26032026","0","","HONDA","CB 500 X","Valencia/València","Comunidad Valenciana","471"
"26032026","0","","KYMCO","X-TOWN CT 300","Madrid","Comunidad de Madrid","276"
"26032026","0","","RIEJU","RALLY 307","Murcia","Región de Murcia","292"
"26032026","0","","BMW","S 1000 RR","Alicante/Alacant","Comunidad Valenciana","999"
"26032026","0","","HONDA","PCX125","Pontevedra","Galicia","125"
"26032026","0","","BETA","N/A","Barcelona","Cataluña","296"
"26032026","0","","HONDA","XL750 Transalp","Murcia","Región de Murcia","755"
"26032026","0","","YAMAHA","NMAX 125","Madrid","Comunidad de Madrid","125"
"26032026","0","","SYM","SYMPHONY 125","Murcia","Región de Murcia","125"
"26032026","0","","ZONTES","368E","Barcelona","Cataluña","368"
"26032026","0","","KTM","KTM 1390 SUPER ADVENTU","Málaga","Andalucía","1350"
"26032026","0","","MITT","125GTS","Alicante/Alacant","Comunidad Valenciana","125"
"26032026","0","","HONDA","CBR 650 R","Barcelona","Cataluña","649"
"26032026","0","","YAMAHA","XTZ 700 Tenere","Barcelona","Cataluña","689"
"26032026","0","","YAMAHA","MT-09","Murcia","Región de Murcia","890"
"26032026","0","","HONDA","FORZA125","Alicante/Alacant","Comunidad Valenciana","125"
"26032026","0","","SHERCO","250 SEF-R","Santa Cruz de Tenerife","Canarias","249"
"26032026","0","","BMW","S 1000 RR","Santa Cruz de Tenerife","Canarias","999"
"26032026","0","","HONDA","NC 750 X","Barcelona","Cataluña","745"
"26032026","0","","MITT","125 NK","Barcelona","Cataluña","124"
"26032026","0","","VOGE","DS900X","Almería","Andalucía","895"
"26032026","0","","KYMCO","AGILITY S","Murcia","Región de Murcia","125"
"26032026","0","","PIAGGIO","VESPA GTS","Valencia/València","Comunidad Valenciana","310"
"26032026","0","","HONDA","CBF 125","Madrid","Comunidad de Madrid","125"
"26032026","0","","CFMOTO","450MT","Cádiz","Andalucía","449"
"26032026","0","","YAMAHA","RayZR 125","Madrid","Comunidad de Madrid","125"
"26032026","0","","APRILIA","SR GT 125","Santa Cruz de Tenerife","Canarias","125"
"26032026","0","","VOGE","DS800X RALLY","Huelva","Andalucía","798"
"26032026","0","","APRILIA","RSV4","Málaga","Andalucía","1099"
"26032026","0","","MOTO MORINI","X-CAPE","Santa Cruz de Tenerife","Canarias","649"
"26032026","0","","HONDA","ADV 350","Barcelona","Cataluña","330"
"26032026","0","","ZONTES","703F","Valencia/València","Comunidad Valenciana","699"
"26032026","0","","YAMAHA","WR125","Barcelona","Cataluña","125"
"26032026","0","","QJMOTOR","MTX 125 E5+","Barcelona","Cataluña","125"
"26032026","0","","MALAGUTI","MISSION 125","Barcelona","Cataluña","124"
"26032026","0","","HONDA","VISION 110","Illes Balears","Illes Balears","109"
"26032026","0","","YAMAHA","TRACER 700","Cádiz","Andalucía","689"
"26032026","0","","KYMCO","AGILITY S","Illes Balears","Illes Balears","125"
"26032026","0","","BMW","F 900 GS","Burgos","Castilla y León","895"
"26032026","0","","VOGE","DS800X RALLY","Madrid","Comunidad de Madrid","798"
"26032026","0","","CFMOTO","800MT-X","Valencia/València","Comunidad Valenciana","799"
"26032026","0","","KYMCO","SUPER DINK GT","Alicante/Alacant","Comunidad Valenciana","321"
"26032026","0","","CYCLONE","RT1","Illes Balears","Illes Balears","125"
"26032026","0","","HONDA","PCX125","Málaga","Andalucía","125"
"26032026","0","","TRIUMPH","TIGER SPORT 800","Bizkaia","País Vasco","798"
"26032026","0","","DUCATI","PANIGALE V4","Ourense","Galicia","1103"
"26032026","0","","ZONTES","ZT125-U","Valencia/València","Comunidad Valenciana","125"
"26032026","0","","HONDA","SH Mode 125","Barcelona","Cataluña","125"
"26032026","0","","HONDA","SH125i","Tarragona","Cataluña","125"
"26032026","0","","QJMOTOR","SRT 900 S","Granada","Andalucía","904"
"26032026","0","","QJMOTOR","FORT 125 N E5+","Barcelona","Cataluña","125"
"26032026","0","","BMW","C 400 X","Valencia/València","Comunidad Valenciana","350"
"26032026","0","","MALAGUTI","MISSION 125","Barcelona","Cataluña","124"
"26032026","0","","BMW","C 400 GT","Barcelona","Cataluña","350"
"26032026","0","","VOGE","SR16","Málaga","Andalucía","125"
"26032026","0","","MALAGUTI","MISSION 125","Barcelona","Cataluña","124"
"26032026","0","","HONDA","MSX125A","Madrid","Comunidad de Madrid","124"
"26032026","0","","KTM","KTM 390 ADVENTURE R","Gipuzkoa","País Vasco","399"
"26032026","0","","ZONTES","368G","Madrid","Comunidad de Madrid","368"
"26032026","0","","HONDA","FORZA125","Murcia","Región de Murcia","125"
"26032026","0","","KAWASAKI","NINJA ZX-4R","Toledo","Castilla-La Mancha","399"
"26032026","0","","BMW","F 900 R A2","Madrid","Comunidad de Madrid","895"
"26032026","0","","BMW","F 450 GS","Madrid","Comunidad de Madrid","420"
"26032026","0","","HONDA","PCX125","Bizkaia","País Vasco","125"
"26032026","0","","HONDA","XL750 Transalp","Coruña (A)","Galicia","755"
"26032026","0","","BMW","R 1300 GS ADVENTURE","Barcelona","Cataluña","1300"
"26032026","0","","QJMOTOR","SRT 700 X E5+","Jaén","Andalucía","698"
"26032026","0","","BMW","F 800 GS","Sevilla","Andalucía","895"
"26032026","0","","YAMAHA","NMAX 125","Alicante/Alacant","Comunidad Valenciana","125"
"26032026","0","","APRILIA","SR GT 125","Sevilla","Andalucía","125"
"26032026","0","","BMW","R 1300 RT","Cáceres","Extremadura","1300"
"26032026","0","","BMW","R 12","Girona","Cataluña","1170"
"26032026","0","","RIEJU","N/A","Badajoz","Extremadura","124"
"26032026","0","","RIEJU","RALLY 307","Granada","Andalucía","292"
"26032026","0","","TRIUMPH","TIGER SPORT 800 TOURIN","Barcelona","Cataluña","798"
"26032026","0","","LAMBRETTA","V125 SPECIAL FLEX","Barcelona","Cataluña","125"
"26032026","0","","BENDA","NAPOLEON 125","Murcia","Región de Murcia","125"
"26032026","0","","SYM","CRUISYM 125 TCS E5+","Rioja (La)","La Rioja","124"
"26032026","0","","HONDA","CB 125 F","Jaén","Andalucía","124"
"26032026","0","","SYM","SYMPHONY 125","Alicante/Alacant","Comunidad Valenciana","125"
"26032026","0","","YAMAHA","NMAX 125","Cádiz","Andalucía","125"
"26032026","0","","YAMAHA","XMAX 300","Sevilla","Andalucía","292"
"26032026","0","","YAMAHA","XMAX 125","Illes Balears","Illes Balears","125"
"26032026","0","","HONDA","CBR 650 R","Valencia/València","Comunidad Valenciana","649"
"26032026","0","","ZONTES","125E","Zaragoza","Aragón","125"
"26032026","0","","ITALJET","DRAGSTER 700 TWIN","Alicante/Alacant","Comunidad Valenciana","698"
"26032026","0","","APRILIA","SR GT 125","Cádiz","Andalucía","125"
"26032026","0","","APRILIA","SR GT 125","Granada","Andalucía","125"
"26032026","0","","VOGE","DS800X RALLY","Valencia/València","Comunidad Valenciana","798"
"26032026","0","","SYM","JET 14","Alicante/Alacant","Comunidad Valenciana","125"
"26032026","0","","SYM","JET X","Sevilla","Andalucía","125"
"26032026","0","","CFMOTO","700MT","Badajoz","Extremadura","693"
"26032026","0","","ZONTES","368G","Burgos","Castilla y León","368"
"26032026","0","","BMW","C 400 GT","Madrid","Comunidad de Madrid","350"
"26032026","0","","HONDA","ADV 350","Sevilla","Andalucía","330"
"26032026","0","","HONDA","FORZA125","Barcelona","Cataluña","125"
"26032026","0","","ZONTES","ZT125-G1","Madrid","Comunidad de Madrid","125"
"26032026","0","","ZONTES","368G","Illes Balears","Illes Balears","368"
"26032026","0","","VOGE","DS800X RALLY","Cantabria","Cantabria","798"
"26032026","0","","PIAGGIO","LIBERTY 125 ABS","Barcelona","Cataluña","124"
"26032026","0","","VOGE","DS800X RALLY","Alicante/Alacant","Comunidad Valenciana","798"
"26032026","0","","KAWASAKI","VULCAN S","Málaga","Andalucía","649"
"26032026","0","","VOGE","DS800X RALLY","Madrid","Comunidad de Madrid","798"
"26032026","0","","HONDA","FORZA125","Madrid","Comunidad de Madrid","125"
"26032026","0","","DUCATI","PANIGALE V2","Jaén","Andalucía","890"
"26032026","0","","RIEJU","RALLY 307","Barcelona","Cataluña","292"
"26032026","0","","HONDA","ADV 350","Guadalajara","Castilla-La Mancha","330"
"26032026","0","","KYMCO","DTX","Valencia/València","Comunidad Valenciana","124"
"26032026","0","","MALAGUTI","MISSION 125","Barcelona","Cataluña","124"
"26032026","0","","ZONTES","368G","Alicante/Alacant","Comunidad Valenciana","368"
"26032026","0","","HONDA","SH125i","Alicante/Alacant","Comunidad Valenciana","125"
"26032026","0","","HONDA","ADV 750","Alicante/Alacant","Comunidad Valenciana","745"
"26032026","0","","VOGE","DS800X RALLY","Pontevedra","Galicia","798"
"26032026","0","","HONDA","PCX125","Madrid","Comunidad de Madrid","125"
"26032026","0","","SYM","CRUISYM 125 TCS E5+","Cádiz","Andalucía","124"
"26032026","0","","VOGE","DS800X RALLY","Valencia/València","Comunidad Valenciana","798"
"26032026","0","","YAMAHA","TMAX 560","Barcelona","Cataluña","562"
"26032026","0","","HONDA","PCX125","Granada","Andalucía","125"
"26032026","0","","TRIUMPH","STREET TRIPLE MOTO2 TM","Zaragoza","Aragón","765"
"26032026","0","","SUZUKI","ADDRESS 125","Barcelona","Cataluña","124"
"26032026","0","","VOGE","SR16","Barcelona","Cataluña","125"
"26032026","0","","QJMOTOR","SQ 16 E5+","Barcelona","Cataluña","125"
"26032026","0","","HONDA","VISION 110","Jaén","Andalucía","109"
"26032026","0","","PIAGGIO","LIBERTY 125 ABS","Pontevedra","Galicia","124"
"26032026","0","","HONDA","VISION 110","Girona","Cataluña","109"
"26032026","0","","SUZUKI","V-Strom 800","Soria","Castilla y León","776"
"26032026","0","","RIEJU","RALLY 307","Girona","Cataluña","292"
"26032026","0","","VOGE","R125","Cáceres","Extremadura","125"
"26032026","0","","BMW","C 400 X","Málaga","Andalucía","350"
"26032026","0","","BMW","C 400 X","Barcelona","Cataluña","350"
"26032026","0","","HONDA","ADV 350","Barcelona","Cataluña","330"
"26032026","0","","HONDA","CB650RA","Castellón/Castelló","Comunidad Valenciana","649"
"26032026","0","","HONDA","CB 500 F","Badajoz","Extremadura","471"
"26032026","0","","MACBOR","ROCKSTER 410","Tarragona","Cataluña","401"
"26032026","0","","BMW","F 450 GS","Madrid","Comunidad de Madrid","420"
"26032026","0","","YAMAHA","YZF690","Barcelona","Cataluña","689"
"26032026","0","","BMW","C 400 GT","Barcelona","Cataluña","350"
"26032026","0","","QJMOTOR","SQ 16 E5+","Málaga","Andalucía","125"
"26032026","0","","VOGE","DS900X","Guadalajara","Castilla-La Mancha","895"
"26032026","0","","LETBE","ISLAND","Sevilla","Andalucía","125"
"26032026","0","","VOGE","DS900X","Girona","Cataluña","895"
"26032026","0","","HONDA","FORZA125","Tarragona","Cataluña","125"
"26032026","0","","MH MOTORCYCLES","TRAY","Huelva","Andalucía","125"
"26032026","0","","BMW","C 400 X","Barcelona","Cataluña","350"
"26032026","0","","ZONTES","125E","Asturias","Principado de Asturias","125"
"26032026","0","","ZONTES","368G","Barcelona","Cataluña","368"
"26032026","0","","MOTO MORINI","ALLTRHIKE","Málaga","Andalucía","449"
"26032026","0","","YAMAHA","XMAX 125","Sevilla","Andalucía","125"
"26032026","0","","SYM","JOYMAX Z 300 E5+","Barcelona","Cataluña","278"
"26032026","0","","FANTIC MOTOR","---","Madrid","Comunidad de Madrid","463"
"26032026","0","","VOGE","DS800X RALLY","Alicante/Alacant","Comunidad Valenciana","798"
"26032026","0","","ZONTES","368G","Barcelona","Cataluña","368"
"26032026","0","","HONDA","FORZA125","Valencia/València","Comunidad Valenciana","125"
"26032026","0","","HONDA","ADV 350","Girona","Cataluña","330"
"26032026","0","","RIEJU","XPLORA 707 S","Zaragoza","Aragón","698"
"26032026","0","","VOGE","DS800X RALLY","Málaga","Andalucía","798"
"26032026","0","","HONDA","PCX125","Cádiz","Andalucía","125"
"26032026","0","","YAMAHA","XTZ 700 Tenere","Barcelona","Cataluña","689"
"26032026","0","","HONDA","CB 500 X","Albacete","Castilla-La Mancha","471"
"26032026","0","","HONDA","ADV 750","Murcia","Región de Murcia","745"
"26032026","0","","BMW","S 1000 RR","Badajoz","Extremadura","999"
"26032026","0","","HONDA","NT1100","Burgos","Castilla y León","1084"
"26032026","0","","YAMAHA","NMAX 125","Bizkaia","País Vasco","125"
"26032026","0","","BMW","R 1300 R","Barcelona","Cataluña","1300"
"26032026","0","","KYMCO","DTX","Huelva","Andalucía","124"
"26032026","0","","BMW","R 12 NINET A2","Málaga","Andalucía","1170"
"26032026","0","","VOGE","DS800X RALLY","Alicante/Alacant","Comunidad Valenciana","798"
"26032026","0","","MH MOTORCYCLES","VR10","Córdoba","Andalucía","124"
"26032026","0","","HONDA","CBR 650 R","Madrid","Comunidad de Madrid","649"
"26032026","0","","YAMAHA","TRACER 700","Cádiz","Andalucía","689"
"26032026","0","","MACBOR","ROCKSTER 125 EVO E5+","Barcelona","Cataluña","125"
"26032026","0","","ZONTES","703F","Murcia","Región de Murcia","699"
"26032026","0","","BAJAJ","PULSAR NS 400 Z","Murcia","Región de Murcia","373"
"26032026","0","","BMW","F 900 GS ADVENTURE","Alicante/Alacant","Comunidad Valenciana","895"
"26032026","0","","SYM","JET 14","Murcia","Región de Murcia","125"
"26032026","0","","VOGE","DS800X RALLY","Barcelona","Cataluña","798"
"26032026","0","","ROYAL ENFIELD","INTERCEPTOR 650","Barcelona","Cataluña","648"
"26032026","0","","YAMAHA","NMAX 125","Cádiz","Andalucía","125"
"26032026","0","","YAMAHA","TRICITY 125","Madrid","Comunidad de Madrid","125"
"26032026","0","","HONDA","FORZA 350","Almería","Andalucía","330"
"26032026","0","","VOGE","SR1","Cádiz","Andalucía","125"
"26032026","0","","CFMOTO","125 NK","Valencia/València","Comunidad Valenciana","124"
"26032026","0","","BENELLI","IMPERIALE 400","Barcelona","Cataluña","374"
"26032026","0","","KOVE","KOVE 800 X PRO 2026","Alicante/Alacant","Comunidad Valenciana","799"
"26032026","0","","RIEJU","RALLY 307","Bizkaia","País Vasco","292"
"26032026","0","","HONDA","CBF 125","Barcelona","Cataluña","125"
"26032026","0","","YAMAHA","XMAX 125","Pontevedra","Galicia","125"
"26032026","0","","YAMAHA","MT-125","Madrid","Comunidad de Madrid","125"
"26032026","0","","YAMAHA","XTZ 700 Tenere","Lleida","Cataluña","689"
"26032026","0","26032026","PIAGGIO","LIBERTY 125 ABS","Cádiz","Andalucía","124"
"26032026","0","","CFMOTO","450MT","Jaén","Andalucía","449"
"26032026","0","","KAWASAKI","Z650","Madrid","Comunidad de Madrid","649"
"26032026","0","","ZONTES","ZT125-G1","Illes Balears","Illes Balears","125"
"26032026","0","","RIEJU","RALLY 307","Madrid","Comunidad de Madrid","292"
"26032026","0","","HONDA","PCX125","Tarragona","Cataluña","125"
"26032026","0","","ZONTES","125C","Murcia","Región de Murcia","125"
"26032026","0","","TRIUMPH","TRIDENT","Valencia/València","Comunidad Valenciana","660"
"26032026","0","","RIEJU","N/A","Cáceres","Extremadura","297"
"26032026","0","","PIAGGIO","LIBERTY 125 ABS","Valencia/València","Comunidad Valenciana","124"
"26032026","0","","HONDA","XL750 Transalp","Lugo","Galicia","755"
"26032026","0","","HONDA","SH125i","Málaga","Andalucía","125"
"26032026","0","","KTM","KTM 125 DUKE","Burgos","Castilla y León","125"
"26032026","0","","HONDA","SH350i","Barcelona","Cataluña","330"
"26032026","0","","HONDA","XL750 Transalp","Madrid","Comunidad de Madrid","755"
"26032026","0","","VOGE","DS525X","Jaén","Andalucía","494"
"26032026","0","","YAMAHA","NMAX 125","Madrid","Comunidad de Madrid","125"
"26032026","0","","KYMCO","SKYTOWN 125","Valencia/València","Comunidad Valenciana","125"
"26032026","0","","HONDA","PCX125","Jaén","Andalucía","125"
"26032026","0","","HONDA","PCX125","Sevilla","Andalucía","125"
"26032026","0","","BMW","C 400 GT","Alicante/Alacant","Comunidad Valenciana","350"
"26032026","0","","YAMAHA","XMAX 125","Sevilla","Andalucía","125"
"26032026","0","","RIEJU","RALLY 307","Huelva","Andalucía","292"
"26032026","0","","HONDA","SH125i","Alicante/Alacant","Comunidad Valenciana","125"
"26032026","0","","RIEJU","RALLY 307","Málaga","Andalucía","292"
"26032026","0","","ZONTES","368K","Valencia/València","Comunidad Valenciana","368"
"26032026","0","","ZONTES","125D","Teruel","Aragón","125"
"26032026","0","","VOGE","DS800X RALLY","Girona","Cataluña","798"
"26032026","0","","MITT","125 DESERT","Almería","Andalucía","125"
"26032026","0","","MITT","TY125T-58E","Illes Balears","Illes Balears","125"
"26032026","0","","KTM","KTM 125 ENDURO","Badajoz","Extremadura","125"
"26032026","0","","BMW","F 450 GS","Madrid","Comunidad de Madrid","420"
"26032026","0","","YAMAHA","XSR-900","Valencia/València","Comunidad Valenciana","890"
"26032026","0","","KYMCO","AGILITY S","Alicante/Alacant","Comunidad Valenciana","125"
"26032026","0","","ZONTES","368G","Valencia/València","Comunidad Valenciana","368"
"26032026","0","","SYM","JET 14","Barcelona","Cataluña","125"
"26032026","0","","HONDA","FORZA 750","Málaga","Andalucía","745"
"26032026","0","","BMW","R 1300 GS","Málaga","Andalucía","1300"
"26032026","0","","BMW","F 450 GS","Madrid","Comunidad de Madrid","420"
"26032026","0","","KYMCO","SKYTOWN 125","Barcelona","Cataluña","125"
"26032026","0","","BAJAJ","PULSAR NS 400 Z","Málaga","Andalucía","373"
"26032026","0","","BMW","C 400 GT","Tarragona","Cataluña","350"
"26032026","0","","SYM","JET 14","Barcelona","Cataluña","125"
"26032026","0","","KOVE","KOVE 800 X PRO 2026","Girona","Cataluña","799"
"26032026","0","","YAMAHA","YZF690","Barcelona","Cataluña","689"
"26032026","0","","KTM","KTM 390 ADVENTURE R","Gipuzkoa","País Vasco","399"
"26032026","0","","APRILIA","SR GT 125","Pontevedra","Galicia","125"
"26032026","0","","HONDA","CB750 Hornet","Madrid","Comunidad de Madrid","755"
"26032026","0","","ZONTES","703F","Murcia","Región de Murcia","699"
"26032026","0","","HONDA","XL750 Transalp","Girona","Cataluña","755"
"26032026","0","","VOGE","625DSX","Alicante/Alacant","Comunidad Valenciana","581"
"26032026","0","","ZONTES","125D","Barcelona","Cataluña","125"
"26032026","0","","KOVE","KOVE 800 X RALLY","Sevilla","Andalucía","799"
"26032026","0","","HONDA","ADV 750","Madrid","Comunidad de Madrid","745"
"26032026","0","","YAMAHA","MT-07","Sevilla","Andalucía","689"
"26032026","0","","ROYAL ENFIELD","CLASSIC 350","Murcia","Región de Murcia","349"
"26032026","0","","HONDA","VISION 110","Barcelona","Cataluña","109"
"26032026","0","","KEEWAY","VIESTE 125","Coruña (A)","Galicia","125"
"26032026","0","","YAMAHA","TRACER 700","Cádiz","Andalucía","689"
"26032026","0","","BENDA","NAPOLEON 125","Madrid","Comunidad de Madrid","125"
"26032026","0","","HONDA","SH125i","Ceuta","Ceuta","125"
"26032026","0","","MITT","125GP","Valencia/València","Comunidad Valenciana","124"
"26032026","0","","KAWASAKI","NINJA 650","Murcia","Región de Murcia","649"
"26032026","0","","YAMAHA","XMAX 125","Illes Balears","Illes Balears","125"
"26032026","0","","BMW","F 900 XR","Barcelona","Cataluña","895"
"26032026","0","","SYM","JOYMAX Z 300 E5+","Illes Balears","Illes Balears","278"
"26032026","0","","QJMOTOR","ATR 125 E5+","Huelva","Andalucía","125"
"26032026","0","","PIAGGIO","LIBERTY 125 ABS","Sevilla","Andalucía","124"
"26032026","0","","DUCATI","SCRAMBLER ICON DARK","Barcelona","Cataluña","803"
"26032026","0","","ZONTES","368G","Badajoz","Extremadura","368"
"26032026","0","","BMW","S 1000 RR","Madrid","Comunidad de Madrid","999"
"26032026","0","","CYCLONE","RX1 PRO","León","Castilla y León","124"
"26032026","0","","HONDA","SH Mode 125","Barcelona","Cataluña","125"
"26032026","0","","MALAGUTI","MISSION 125","Barcelona","Cataluña","124"
"26032026","0","","VOGE","DS900X","Barcelona","Cataluña","895"
"26032026","0","","HONDA","NC 750 X","Almería","Andalucía","745"
"26032026","0","","BMW","R 1300 GS","Cáceres","Extremadura","1300"
"26032026","0","","VOGE","SR1ADV","Valladolid","Castilla y León","125"
"26032026","0","","QJMOTOR","SRT 900 S","Lleida","Cataluña","904"
"26032026","0","","DUCATI","STREETFIGHTER","Girona","Cataluña","890"
"26032026","0","","VOGE","R125","Pontevedra","Galicia","125"
"26032026","0","","HONDA","FORZA 350","Barcelona","Cataluña","330"
"26032026","0","","ZONTES","ZT125-Z2","Albacete","Castilla-La Mancha","125"
"26032026","0","","HONDA","XL750 Transalp","Alicante/Alacant","Comunidad Valenciana","755"
"26032026","0","","KAWASAKI","Z650","Guadalajara","Castilla-La Mancha","649"
"26032026","0","","HONDA","FORZA 350","Rioja (La)","La Rioja","330"
"26032026","0","","BMW","R 12 G/S","Alicante/Alacant","Comunidad Valenciana","1170"
"26032026","0","","QJMOTOR","ATR 125 E5+","Cádiz","Andalucía","125"
"26032026","0","","BENDA","NAPOLEON 125","Málaga","Andalucía","125"
"26032026","0","","QJMOTOR","SRT 700 X E5+","Asturias","Principado de Asturias","698"
"26032026","0","","SYM","SYMPHONY 125","Valencia/València","Comunidad Valenciana","125"
"26032026","0","","VOGE","SR1ADV","Madrid","Comunidad de Madrid","125"
"26032026","0","","HONDA","PCX125","Madrid","Comunidad de Madrid","125"
"26032026","0","","BMW","F 450 GS","Madrid","Comunidad de Madrid","420"
"26032026","0","","BMW","F 900 R A2","Barcelona","Cataluña","895"
"26032026","0","","ZONTES","125C","Murcia","Región de Murcia","125"
"26032026","0","","HONDA","SH125i","Málaga","Andalucía","125"
"26032026","0","","YAMAHA","NMAX 125","Huelva","Andalucía","125"
"26032026","0","","HONDA","SH350i","Barcelona","Cataluña","330"
"26032026","0","","HONDA","PCX125","Cádiz","Andalucía","125"
"26032026","0","","QJMOTOR","SRT 700 E5+","Madrid","Comunidad de Madrid","698"
"26032026","0","","ZONTES","125E","Barcelona","Cataluña","125"
"26032026","0","","HONDA","FORZA125","Valencia/València","Comunidad Valenciana","125"
"26032026","0","","ZONTES","368G","Barcelona","Cataluña","368"
"26032026","0","","MACBOR","MONTANA XR5 510 E5+","Valencia/València","Comunidad Valenciana","498"
"26032026","0","","RIEJU","RALLY 307","Bizkaia","País Vasco","292"
"26032026","0","","HONDA","PCX125","Barcelona","Cataluña","125"
"26032026","0","","KOVE","KOVE 800 X RALLY","Sevilla","Andalucía","799"
"26032026","0","","YAMAHA","MT-07","Barcelona","Cataluña","689"
"26032026","0","","LETBE","ISLAND","Almería","Andalucía","125"
"26032026","0","","BMW","C 400 GT","Málaga","Andalucía","350"
"26032026","0","","BMW","F 800 GS","Barcelona","Cataluña","895"
"26032026","0","","YAMAHA","WR125","Granada","Andalucía","125"
"26032026","0","","YAMAHA","YZF-R9","Asturias","Principado de Asturias","890"
"26032026","0","","SYM","JET 14","Sevilla","Andalucía","125"
"26032026","0","","MH MOTORCYCLES","TRAY","Córdoba","Andalucía","125"
"26032026","0","","KTM","KTM 125 SMC R","Madrid","Comunidad de Madrid","125"
"26032026","0","","KAWASAKI","NINJA ZX-4R","Alicante/Alacant","Comunidad Valenciana","399"
"26032026","0","","HONDA","SH125i","Málaga","Andalucía","125"
"26032026","0","","AJP","AJP PR7","Barcelona","Cataluña","600"
"26032026","0","","VOGE","SR1ADV","Valencia/València","Comunidad Valenciana","125"
"26032026","0","","APRILIA","RX 125","Huelva","Andalucía","124"
"26032026","0","","ZONTES","368G","Coruña (A)","Galicia","368"
"26032026","0","","ZONTES","ZT125-G1","Madrid","Comunidad de Madrid","125"
"26032026","0","","KOVE","KOVE 800 X PRO 2026","Barcelona","Cataluña","799"
"26032026","0","","HONDA","SH Mode 125","Barcelona","Cataluña","125"
"26032026","0","","VENT S.R.L.","---","Badajoz","Extremadura","249"
"26032026","0","","VOGE","300RALLY","Madrid","Comunidad de Madrid","292"
"26032026","0","","HONDA","SH Mode 125","Girona","Cataluña","125"
"26032026","0","","APRILIA","SR GT 125","Alicante/Alacant","Comunidad Valenciana","125"
"26032026","0","","ZONTES","368G","Badajoz","Extremadura","368"
"26032026","0","","HONDA","FORZA 350","Málaga","Andalucía","330"
"26032026","0","","DUCATI","MULTISTRADA V4","Lugo","Galicia","1158"
"26032026","0","","HONDA","PCX125","Cádiz","Andalucía","125"
"26032026","0","","VOGE","SR16","Valencia/València","Comunidad Valenciana","125"
"26032026","0","","HONDA","FORZA125","Málaga","Andalucía","125"
"26032026","0","","DUCATI","MULTISTRADA V4","Madrid","Comunidad de Madrid","1158"
"26032026","0","","KAWASAKI","Z900","Lleida","Cataluña","948"
"26032026","0","","YAMAHA","XMAX 125","Girona","Cataluña","125"
"26032026","0","","APRILIA","SR GT 125","Huelva","Andalucía","125"
"26032026","0","","KTM","KTM 690 SMC R","Sevilla","Andalucía","693"
"26032026","0","","VOGE","625DSX","Santa Cruz de Tenerife","Canarias","581"
"26032026","0","","QJMOTOR","TRX 125 E5+","Palmas (Las)","Canarias","125"
"26032026","0","","HUSQVARNA","HUSQVARNA FE 350","Asturias","Principado de Asturias","350"
"26032026","0","","VOGE","DS800X RALLY","Barcelona","Cataluña","798"
"26032026","0","","KTM","KTM 690 SMC R","Valencia/València","Comunidad Valenciana","693"
"26032026","0","","KYMCO","DTX","Tarragona","Cataluña","124"
"26032026","0","","YAMAHA","TMAX 560","Gipuzkoa","País Vasco","562"
"26032026","0","","YAMAHA","MT-07","Sevilla","Andalucía","689"
"26032026","0","","HONDA","FORZA125","Barcelona","Cataluña","125"
"26032026","0","","HONDA","PCX125","Murcia","Región de Murcia","125"
"26032026","0","","SYM","SYMPHONY 125","Granada","Andalucía","125"
"26032026","0","","PEUGEOT","PULSION EVO","Cádiz","Andalucía","125"
"26032026","0","","VOGE","R125","Bizkaia","País Vasco","125"
"26032026","0","","SYM","SYMPHONY 125","Madrid","Comunidad de Madrid","125"
"26032026","0","","RIEJU","RALLY 307","Madrid","Comunidad de Madrid","292"
"26032026","0","","KAWASAKI","NINJA 500","Madrid","Comunidad de Madrid","451"
"26032026","0","","VOGE","DS900X","Alicante/Alacant","Comunidad Valenciana","895"
"26032026","0","","ROYAL ENFIELD","HIMALAYAN 452","Madrid","Comunidad de Madrid","452"
"26032026","0","","YAMAHA","MT-07","Burgos","Castilla y León","689"
"26032026","0","","RIEJU","XPLORA 557","Ourense","Galicia","554"
"26032026","0","","YAMAHA","XMAX 300","Málaga","Andalucía","292"
"26032026","0","","HONDA","CRF1100L Africa Twin","Madrid","Comunidad de Madrid","1084"
"26032026","0","","SYM","JET X","Barcelona","Cataluña","125"
"26032026","0","","VOGE","300RALLY","Asturias","Principado de Asturias","292"
"26032026","0","","KTM","KTM 690 ENDURO R","Badajoz","Extremadura","693"
"26032026","0","","RIEJU","RALLY 307","Madrid","Comunidad de Madrid","292"
"26032026","0","","YAMAHA","NMAX 125","Barcelona","Cataluña","125"
"26032026","0","","QJMOTOR","MTX 125 E5+","Sevilla","Andalucía","125"
"26032026","0","","APRILIA","RX 125","Santa Cruz de Tenerife","Canarias","124"
"26032026","0","","KAWASAKI","Z1100","Barcelona","Cataluña","1099"
"26032026","0","","ZONTES","ZT125-G1","Valencia/València","Comunidad Valenciana","125"
"26032026","0","","YAMAHA","MT-125","Barcelona","Cataluña","125"
"26032026","0","","DUCATI","SCRAMBLER ICON DUCATI","Barcelona","Cataluña","803"
"26032026","0","","SUZUKI","AVENIS 125","Barcelona","Cataluña","124"
"26032026","0","","RIEJU","NKD 125","Cádiz","Andalucía","124"
"26032026","0","","HONDA","CB750 Hornet","Barcelona","Cataluña","755"
"26032026","0","","BMW","R 1300 GS","Cádiz","Andalucía","1300"
"26032026","0","","PIAGGIO","VESPA PRIMAVERA 125","Jaén","Andalucía","124"
"26032026","0","","HONDA","SH125i","Tarragona","Cataluña","125"
"26032026","0","","HONDA","PCX125","Barcelona","Cataluña","125"
"26032026","0","","KAWASAKI","Z900","Valencia/València","Comunidad Valenciana","948"
"26032026","0","","PIAGGIO","MEDLEY 125","Palmas (Las)","Canarias","125"
"26032026","0","","HONDA","CB650RA","Valladolid","Castilla y León","649"
"26032026","0","","YAMAHA","MT-07","Pontevedra","Galicia","689"
"26032026","0","","KYMCO","AGILITY S","Almería","Andalucía","125"
"26032026","0","","QJMOTOR","ATR 125 E5+","Valencia/València","Comunidad Valenciana","125"
"26032026","0","","SUZUKI","GSX-8S","Lugo","Galicia","776"
"26032026","0","","YAMAHA","XMAX 300","Alicante/Alacant","Comunidad Valenciana","292"
"26032026","0","","YAMAHA","WR125","Jaén","Andalucía","125"
"26032026","0","","CFMOTO","675SR-R","Sevilla","Andalucía","674"
"26032026","0","","RIEJU","N/A","Coruña (A)","Galicia","125"
"26032026","0","","ROYAL ENFIELD","HIMALAYAN 452","Madrid","Comunidad de Madrid","452"
"26032026","0","","VOGE","DS800X RALLY","Cádiz","Andalucía","798"
"26032026","0","","HONDA","ST125A","Bizkaia","País Vasco","124"
"26032026","0","","HONDA","SH125i","Cádiz","Andalucía","125"
"26032026","0","","ROYAL ENFIELD","GOAN CLASSIC 350","Granada","Andalucía","349"
"26032026","0","","HONDA","PCX125","Málaga","Andalucía","125"
"26032026","0","","YAMAHA","RayZR 125","Illes Balears","Illes Balears","125"
"26032026","0","","BMW","F 450 GS","Madrid","Comunidad de Madrid","420"
"26032026","0","","YAMAHA","NMAX 125","Granada","Andalucía","125"
"26032026","0","","KYMCO","DTX","Cádiz","Andalucía","124"
"26032026","0","","ZONTES","125E","Barcelona","Cataluña","125"
"26032026","0","","ZONTES","125C","Almería","Andalucía","125"
"26032026","0","","YAMAHA","NMAX 125","Bizkaia","País Vasco","125"
"26032026","0","","VOGE","SR16","Álava/Araba","País Vasco","125"
"26032026","0","","KYMCO","SKYTOWN 125","Bizkaia","País Vasco","125"
"26032026","0","","HONDA","FORZA 750","Barcelona","Cataluña","745"
"26032026","0","","YAMAHA","NMAX 125","Cádiz","Andalucía","125"
"26032026","0","","HONDA","CB 500 F","Lleida","Cataluña","471"
"26032026","0","","ZONTES","703RR","Cádiz","Andalucía","699"
"26032026","0","","VOGE","DS800X RALLY","Almería","Andalucía","798"
"26032026","0","","HONDA","ADV 350","Santa Cruz de Tenerife","Canarias","330"
"26032026","0","","REDMOTO","---","Gipuzkoa","País Vasco","449"
"26032026","0","","ZONTES","703RR","Barcelona","Cataluña","699"
"26032026","0","","PIAGGIO","VESPA GTS 125","Palmas (Las)","Canarias","125"
"26032026","0","","RIEJU","RALLY 307","Madrid","Comunidad de Madrid","292"
"26032026","0","","DUCATI","MULTISTRADA V4","Sevilla","Andalucía","1158"
"26032026","0","","VOGE","DS800X RALLY","Sevilla","Andalucía","798"
"26032026","0","","YAMAHA","NMAX 125","Castellón/Castelló","Comunidad Valenciana","125"
"26032026","0","","VOGE","DS800X RALLY","Barcelona","Cataluña","798"
"26032026","0","","YAMAHA","NMAX 125","Madrid","Comunidad de Madrid","125"
"26032026","0","","KAWASAKI","Z500","Madrid","Comunidad de Madrid","451"
"26032026","0","","KAWASAKI","Z125","Palmas (Las)","Canarias","125"
"26032026","0","","RIEJU","RALLY 307","Girona","Cataluña","292"
"26032026","0","","HONDA","CB650RA","Tarragona","Cataluña","649"
"26032026","0","","YAMAHA","RayZR 125","Cádiz","Andalucía","125"
"26032026","0","","BMW","F 800 GS","Sevilla","Andalucía","895"
"26032026","0","","HONDA","CBR 650 R","Barcelona","Cataluña","649"
"26032026","0","","YAMAHA","TMAX 560","Valencia/València","Comunidad Valenciana","562"
"26032026","0","","YAMAHA","YZF-R9","Valencia/València","Comunidad Valenciana","890"
"26032026","0","","VOGE","625DSX","Barcelona","Cataluña","581"
"26032026","0","","YAMAHA","NMAX 125","Alicante/Alacant","Comunidad Valenciana","125"
"26032026","0","","VOGE","DS900X","Illes Balears","Illes Balears","895"
"26032026","0","","ZONTES","ZT125-G1","Burgos","Castilla y León","125"
"26032026","0","","YAMAHA","MT-125","Barcelona","Cataluña","125"
"26032026","0","","YAMAHA","NMAX 125","Madrid","Comunidad de Madrid","125"
"26032026","0","","YAMAHA","TMAX 560","Ceuta","Ceuta","562"
"26032026","0","","ZONTES","368G","Madrid","Comunidad de Madrid","368"
"26032026","0","","BENDA","NAPOLEON 125","Cuenca","Castilla-La Mancha","125"
"26032026","0","","HONDA","ADV 350","Valencia/València","Comunidad Valenciana","330"
"26032026","0","","ZONTES","350R","Valencia/València","Comunidad Valenciana","348"
"26032026","0","","MH MOTORCYCLES","TRAY","Girona","Cataluña","125"
"26032026","0","","YAMAHA","MT-07","Valencia/València","Comunidad Valenciana","689"
"26032026","0","","HONDA","ADV 350","Barcelona","Cataluña","330"
"26032026","0","","TRIUMPH","SCRAMBLER 400 X","Pontevedra","Galicia","398"
"26032026","0","","HONDA","CL500","Barcelona","Cataluña","471"
"26032026","0","","TRIUMPH","TRIDENT 660","Sevilla","Andalucía","660"
"26032026","0","","APRILIA","SR GT 125","Cádiz","Andalucía","125"
"26032026","0","","HONDA","FORZA 350","Illes Balears","Illes Balears","330"
"26032026","0","","KYMCO","SUPER DINK GT","Málaga","Andalucía","321"
"26032026","0","","KOVE","KOVE 800 X PRO 2026","Bizkaia","País Vasco","799"
"26032026","0","","HONDA","FORZA 350","Barcelona","Cataluña","330"
"26032026","0","","HONDA","PCX125","Madrid","Comunidad de Madrid","125"
"26032026","0","","HONDA","FORZA125","Alicante/Alacant","Comunidad Valenciana","125"
"26032026","0","","YAMAHA","MT-03","Barcelona","Cataluña","321"
"26032026","0","","HONDA","ADV 350","Barcelona","Cataluña","330"
"26032026","0","","VOGE","R125","Madrid","Comunidad de Madrid","125"
"26032026","0","","TRIUMPH","STREET TRIPLE R","Almería","Andalucía","765"
"26032026","0","","CYCLONE","SR650","Málaga","Andalucía","650"
"26032026","0","","CYCLONE","LS-Z","Pontevedra","Galicia","124"
"26032026","0","","WOTTAN","GT2","Valencia/València","Comunidad Valenciana","125"
"26032026","0","","HARLEY-DAVIDSON","FAT BOY","Valencia/València","Comunidad Valenciana","1923"
"26032026","0","","KAWASAKI","NINJA ZX-6R","Madrid","Comunidad de Madrid","636"
"26032026","0","","HONDA","CBR 650 R","Barcelona","Cataluña","649"
"26032026","0","","BMW","R 1300 RT","Sevilla","Andalucía","1300"
"26032026","0","","HONDA","CBR 650 R","Madrid","Comunidad de Madrid","649"
"26032026","0","","QJMOTOR","MTX 125 E5+","Valencia/València","Comunidad Valenciana","125"
"26032026","0","","VOGE","DS800X RALLY","Madrid","Comunidad de Madrid","798"
"26032026","0","","HONDA","CB650RA","Cáceres","Extremadura","649"
"26032026","0","","HONDA","SH125i","Barcelona","Cataluña","125"
"26032026","0","","ZONTES","350X","Valladolid","Castilla y León","348"
"26032026","0","","PIAGGIO","LIBERTY 125 ABS","Cádiz","Andalucía","124"
"26032026","0","","YAMAHA","NMAX 125","Girona","Cataluña","125"
"26032026","0","","KYMCO","AGILITY S","Albacete","Castilla-La Mancha","125"
"26032026","0","","BMW","R 1300 GS ADVENTURE","Madrid","Comunidad de Madrid","1300"
"26032026","0","","VOGE","625DSX","Barcelona","Cataluña","581"
"26032026","0","","VOGE","SR16","Málaga","Andalucía","125"
"26032026","0","","YAMAHA","NMAX 125","Barcelona","Cataluña","125"
"26032026","0","","KYMCO","AGILITY S","Málaga","Andalucía","125"
"26032026","0","","KEEWAY","XDV 125 EVO PRO","Coruña (A)","Galicia","125"
"26032026","0","","YAMAHA","NMAX 125","Cádiz","Andalucía","125"
"26032026","0","","PIAGGIO","VESPA PRIMAVERA 125","Illes Balears","Illes Balears","124"
"26032026","0","","SUZUKI","GSX-S 1000","Bizkaia","País Vasco","999"
"26032026","0","","HONDA","PCX125","Pontevedra","Galicia","125"
"26032026","0","","BMW","F 800 GS","Sevilla","Andalucía","895"
"26032026","0","","TRIUMPH","SPEED 400","Málaga","Andalucía","398"
"26032026","0","","ZONTES","125C","Rioja (La)","La Rioja","125"
"26032026","0","","YAMAHA","NMAX 125","Madrid","Comunidad de Madrid","125"
"26032026","0","","YAMAHA","NMAX 125","Bizkaia","País Vasco","125"
"26032026","0","","YAMAHA","NMAX 125","Barcelona","Cataluña","125"
"26032026","0","","MORBIDELLI","F125","Girona","Cataluña","125"
"26032026","0","","ZONTES","ZT125-G1","Madrid","Comunidad de Madrid","125"
"26032026","0","","KAWASAKI","Z650","Toledo","Castilla-La Mancha","649"
"26032026","0","","ZONTES","368G","Valencia/València","Comunidad Valenciana","368"
"26032026","0","","HONDA","PCX125","Málaga","Andalucía","125"
"26032026","0","","MH MOTORCYCLES","TRAY","Burgos","Castilla y León","125"
"26032026","0","","BMW","S 1000 RR","Alicante/Alacant","Comunidad Valenciana","999"
"26032026","0","","SYM","SYMPHONY 125","Madrid","Comunidad de Madrid","125"
"26032026","0","","APRILIA","SR GT 125","Jaén","Andalucía","125"
"26032026","0","","BMW","R 1300 GS","Sevilla","Andalucía","1300"
"26032026","0","","YAMAHA","XTZ 700 Tenere","Granada","Andalucía","689"
"26032026","0","","KAWASAKI","NINJA ZX-10R","Sevilla","Andalucía","998"
"26032026","0","","BMW","R 1300 GS ADVENTURE","Granada","Andalucía","1300"
"26032026","0","","BMW","F 450 GS","Madrid","Comunidad de Madrid","420"
"26032026","0","","ZONTES","368G","Barcelona","Cataluña","368"
"26032026","0","","ALPINA DI RENANIA","STRADA 125CC","Girona","Cataluña","125"
"26032026","0","","VOGE","DS800X RALLY","Huesca","Aragón","798"
"26032026","0","","YAMAHA","NMAX 125","Málaga","Andalucía","125"
"26032026","0","","KTM","KTM 390 DUKE","Cádiz","Andalucía","399"
"26032026","0","","KEEWAY","XDV 125 EVO PRO","Madrid","Comunidad de Madrid","125"
"26032026","0","","HONDA","CRF 300 L","Huelva","Andalucía","286"
"26032026","0","","QJMOTOR","SQ 16 E5+","Barcelona","Cataluña","125"
"26032026","0","","ZONTES","125E","Alicante/Alacant","Comunidad Valenciana","125"
"26032026","0","","HONDA","ADV 350","Cádiz","Andalucía","330"
"26032026","0","","CFMOTO","800MT-X","Zaragoza","Aragón","799"
"26032026","0","","KTM","KTM 1390 SUPER ADVENTU","Málaga","Andalucía","1350"
"26032026","0","","YAMAHA","NMAX 125","Alicante/Alacant","Comunidad Valenciana","125"
"26032026","0","","KAWASAKI","Z650RS","Coruña (A)","Galicia","649"
"26032026","0","","MORBIDELLI","T352X","Rioja (La)","La Rioja","349"
"26032026","0","","GASGAS","EC 300","Sevilla","Andalucía","293"
"26032026","0","","BETA","N/A","Girona","Cataluña","296"
"26032026","0","","HONDA","FORZA125","Málaga","Andalucía","125"
"26032026","0","","HONDA","CB750 Hornet","Coruña (A)","Galicia","755"
"26032026","0","","MOTO MORINI","X-CAPE 700","Barcelona","Cataluña","693"
"26032026","0","","BMW","R 1300 GS ADVENTURE","Sevilla","Andalucía","1300"
"26032026","0","","VOGE","300RALLY","Asturias","Principado de Asturias","292"
"26032026","0","","RIEJU","RALLY 307","Pontevedra","Galicia","292"
"26032026","0","","HONDA","PCX125","Alicante/Alacant","Comunidad Valenciana","125"
"26032026","0","","YAMAHA","MT-125","Santa Cruz de Tenerife","Canarias","125"
"26032026","0","","ZONTES","368G","Barcelona","Cataluña","368"
"26032026","0","","KAWASAKI","KLE500","Tarragona","Cataluña","451"
"26032026","0","","ZONTES","125C","Madrid","Comunidad de Madrid","125"
"26032026","0","","VOGE","DS525X","Burgos","Castilla y León","494"
"26032026","0","","HONDA","CBR 650 R","Barcelona","Cataluña","649"
"26032026","0","","TRIUMPH","SPEED 400","Madrid","Comunidad de Madrid","398"
"26032026","0","","CFMOTO","450MT","Granada","Andalucía","449"
"26032026","0","","MH MOTORCYCLES","TRAY","Ciudad Real","Castilla-La Mancha","125"
"26032026","0","","MACBOR","MONTANA XR1 125 EVO","Málaga","Andalucía","124"
"26032026","0","","ZNEN","P45","Valencia/València","Comunidad Valenciana","125"
"26032026","0","","TRIUMPH","SCRAMBLER 900","Madrid","Comunidad de Madrid","900"
"26032026","0","","KAWASAKI","KLE500","Toledo","Castilla-La Mancha","451"
"26032026","0","","HONDA","ADV 350","Sevilla","Andalucía","330"
"26032026","0","","BMW","F 900 GS ADVENTURE","Madrid","Comunidad de Madrid","895"
"26032026","0","","SUZUKI","ADDRESS 125","Alicante/Alacant","Comunidad Valenciana","124"
"26032026","0","","HONDA","PCX125","Málaga","Andalucía","125"
"26032026","0","","YAMAHA","NMAX 125","Málaga","Andalucía","125"
"26032026","0","","BMW","F 800 GS","Lugo","Galicia","895"
"26032026","0","","KYMCO","PEOPLE S 125 E5+","Málaga","Andalucía","125"
"26032026","0","","BMW","C 400 GT","Málaga","Andalucía","350"
"26032026","0","","HONDA","FORZA125","Granada","Andalucía","125"
"26032026","0","","YAMAHA","NMAX 125","Valencia/València","Comunidad Valenciana","125"
"26032026","0","","HONDA","GB350S","Santa Cruz de Tenerife","Canarias","348"
"26032026","0","","MALAGUTI","MISSION 125","Barcelona","Cataluña","124"
"26032026","0","","RIEJU","RALLY 307","Barcelona","Cataluña","292"
"26032026","0","","HONDA","PCX125","Cádiz","Andalucía","125"
"26032026","0","","ROYAL ENFIELD","SHOTGUN 650","Asturias","Principado de Asturias","648"
"26032026","0","","HONDA","VISION 110","Huelva","Andalucía","109"
"26032026","0","","ZONTES","125C","Madrid","Comunidad de Madrid","125"
"26032026","0","","TRIUMPH","TIGER 900 RALLY PRO","Badajoz","Extremadura","888"
"26032026","0","","ZONTES","703F","Barcelona","Cataluña","699"
"26032026","0","","YAMAHA","XTZ 700 Tenere","Barcelona","Cataluña","689"
"26032026","0","","VOGE","DS800X RALLY","Melilla","Melilla","798"
"26032026","0","","QJMOTOR","FORT 125 N E5+","Valladolid","Castilla y León","125"
"26032026","0","","BENELLI","BN125","Valencia/València","Comunidad Valenciana","125"
"26032026","0","","SYM","ADX 300 TCS","Illes Balears","Illes Balears","278"
"26032026","0","","YAMAHA","RayZR 125","Valencia/València","Comunidad Valenciana","125"
"26032026","0","","VOGE","DS800X RALLY","Sevilla","Andalucía","798"
"26032026","0","","ROYAL ENFIELD","HIMALAYAN 452","Madrid","Comunidad de Madrid","452"
"26032026","0","","YAMAHA","MT-07","Ciudad Real","Castilla-La Mancha","689"
"26032026","0","","HONDA","VISION 110","Alicante/Alacant","Comunidad Valenciana","109"
"26032026","0","","HONDA","NT1100","Zaragoza","Aragón","1084"
"26032026","0","","HONDA","ADV 350","Málaga","Andalucía","330"
"26032026","0","","PIAGGIO","LIBERTY 125 ABS","Badajoz","Extremadura","124"
"26032026","0","","VOGE","DS900X","Tarragona","Cataluña","895"
"26032026","0","","KOVE","KOVE 800 X GT","Barcelona","Cataluña","799"
"26032026","0","","YAMAHA","XMAX 300","Zaragoza","Aragón","292"
"26032026","0","","CYCLONE","RT1","Illes Balears","Illes Balears","125"
"26032026","0","","BMW","R 1300 GS ADVENTURE","Valladolid","Castilla y León","1300"
"26032026","0","","KAWASAKI","KLE500","Cádiz","Andalucía","451"
"26032026","0","","ZONTES","368G","Barcelona","Cataluña","368"
"26032026","0","","HONDA","NT1100","Palencia","Castilla y León","1084"
"26032026","0","","HONDA","PCX125","Barcelona","Cataluña","125"
"26032026","0","","CYCLONE","RX600","Córdoba","Andalucía","550"
"26032026","0","","HONDA","ADV 350","Castellón/Castelló","Comunidad Valenciana","330"
"26032026","0","","MOTO MORINI","SEIEMMEZZO","Pontevedra","Galicia","649"
"26032026","0","","KYMCO","AGILITY S","Barcelona","Cataluña","125"
"26032026","0","","MITT","TY125T-58E","Cádiz","Andalucía","125"
"26032026","0","","HONDA","SH125i","Barcelona","Cataluña","125"
"26032026","0","","BMW","R 1300 RT","Madrid","Comunidad de Madrid","1300"
"26032026","0","","ZNEN","P45","Castellón/Castelló","Comunidad Valenciana","125"
"26032026","0","","BETA","N/A","Girona","Cataluña","296"
"26032026","0","","HONDA","VISION 110","Málaga","Andalucía","109"
"26032026","0","","BMW","F 450 GS","Madrid","Comunidad de Madrid","420"
"26032026","0","","BMW","F 900 R A2","Madrid","Comunidad de Madrid","895"
"26032026","0","","VOGE","625DSX","Barcelona","Cataluña","581"
"26032026","0","","HONDA","PCX125","Sevilla","Andalucía","125"
"26032026","0","","BMW","R 1300 RT","Pontevedra","Galicia","1300"
"26032026","0","","SYM","JET 14","Girona","Cataluña","125"
"26032026","0","","KOVE","KOVE 800 X PRO 2026","Madrid","Comunidad de Madrid","799"
"26032026","0","","HONDA","SH125i","Barcelona","Cataluña","125"
"26032026","0","","YAMAHA","TMAX 560","Alicante/Alacant","Comunidad Valenciana","562"
"26032026","0","","KYMCO","SUPER DINK GT","Valencia/València","Comunidad Valenciana","321"
"26032026","0","","YAMAHA","MT-125","Asturias","Principado de Asturias","125"
"26032026","0","","YAMAHA","NMAX 125","Granada","Andalucía","125"
"26032026","0","","VOGE","300RALLY","Madrid","Comunidad de Madrid","292"
"26032026","0","","KAWASAKI","NINJA ZX-6R","Pontevedra","Galicia","636"
"26032026","0","","YAMAHA","NMAX 125","Alicante/Alacant","Comunidad Valenciana","125"
"26032026","0","","CFMOTO","800MT-X","Sevilla","Andalucía","799"
"26032026","0","","APRILIA","SR GT 125","Córdoba","Andalucía","125"
"26032026","0","","HONDA","CB 500 X","Barcelona","Cataluña","471"
"26032026","0","","VOGE","DS525X","Valencia/València","Comunidad Valenciana","494"
"26032026","0","","KYMCO","AK 550","Barcelona","Cataluña","550"
"26032026","0","","KOVE","KOVE 800 X PRO 2026","Cádiz","Andalucía","799"
"26032026","0","","YAMAHA","TMAX 560","Ceuta","Ceuta","562"
"26032026","0","","ZONTES","ZT125-G1","Murcia","Región de Murcia","125"
"26032026","0","","BMW","R 12 G/S","Madrid","Comunidad de Madrid","1170"
"26032026","0","","KAWASAKI","NINJA ZX-4R","Barcelona","Cataluña","399"
"26032026","0","","RIEJU","RALLY 307","Madrid","Comunidad de Madrid","292"
"26032026","0","","HONDA","PCX125","Santa Cruz de Tenerife","Canarias","125"
"26032026","0","","HONDA","SH Mode 125","Bizkaia","País Vasco","125"
"26032026","0","","ZONTES","368G","Álava/Araba","País Vasco","368"
"26032026","0","","YAMAHA","RayZR 125","León","Castilla y León","125"
"26032026","0","","HONDA","CB650RA","Badajoz","Extremadura","649"
"26032026","0","","RIEJU","RALLY 307","Barcelona","Cataluña","292"
"26032026","0","","SYM","SYMPHONY 125","Málaga","Andalucía","125"
"26032026","0","","HONDA","PCX125","Murcia","Región de Murcia","125"
"26032026","0","","SUZUKI","ADDRESS 125","Tarragona","Cataluña","124"
"26032026","0","","YAMAHA","NMAX 125","Alicante/Alacant","Comunidad Valenciana","125"
"26032026","0","","BMW","R 1300 GS","Barcelona","Cataluña","1300"
"26032026","0","","MORBIDELLI","SC125 RE","Sevilla","Andalucía","125"
"26032026","0","","HONDA","NC 750 X","Barcelona","Cataluña","745"
"26032026","0","","ZONTES","368G","Barcelona","Cataluña","368"
"26032026","0","","RIEJU","RALLY 307","Barcelona","Cataluña","292"
"26032026","0","","KTM","KTM 300 EXC","Alicante/Alacant","Comunidad Valenciana","293"
"26032026","0","","KOVE","KOVE 800 X PRO 2026","Badajoz","Extremadura","799"
"26032026","0","","YAMAHA","RayZR 125","Madrid","Comunidad de Madrid","125"
"26032026","0","","SUZUKI","V-Strom 1050","Illes Balears","Illes Balears","1037"
"26032026","0","","VOGE","625DSX","Barcelona","Cataluña","581"
"26032026","0","","BMW","C 400 GT","Málaga","Andalucía","350"
"26032026","0","","CFMOTO","450MT","Valencia/València","Comunidad Valenciana","449"
"26032026","0","","MACBOR","EIGHT MILE 125 LC","Illes Balears","Illes Balears","124"
"26032026","0","","PEUGEOT","KISBEE M","Granada","Andalucía","125"
"26032026","0","","PIAGGIO","LIBERTY 125 ABS","Bizkaia","País Vasco","124"
"26032026","0","","ZONTES","368G","Barcelona","Cataluña","368"
"26032026","0","","BMW","R 1300 GS ADVENTURE","Burgos","Castilla y León","1300"
"26032026","0","","SYM","ADX 125 LC TCS E5+","Barcelona","Cataluña","125"
"26032026","0","","RIEJU","RALLY 307","Badajoz","Extremadura","292"
"26032026","0","","HONDA","XL750 Transalp","Coruña (A)","Galicia","755"
"26032026","0","","HONDA","Rebel 500","Madrid","Comunidad de Madrid","471"
"26032026","0","","DUCATI","MONSTER DUCATI RED LIM","Alicante/Alacant","Comunidad Valenciana","890"
"26032026","0","","BMW","R 1300 GS","Málaga","Andalucía","1300"
"26032026","0","","ZONTES","368G","Asturias","Principado de Asturias","368"
"26032026","0","","KAWASAKI","Z650","Barcelona","Cataluña","649"
"26032026","0","","SYM","CRUISYM 125 TCS E5+","Valencia/València","Comunidad Valenciana","124"
"26032026","0","","MACBOR","MONTANA XR1 125 EVO","Murcia","Región de Murcia","124"
"26032026","0","","YAMAHA","NMAX 125","Madrid","Comunidad de Madrid","125"
"26032026","0","","QJMOTOR","SRT 600 SX E5+","Alicante/Alacant","Comunidad Valenciana","554"
"26032026","0","","HONDA","ADV 350","Málaga","Andalucía","330"
"26032026","0","","ZONTES","368G","Málaga","Andalucía","368"
"26032026","0","","YAMAHA","YZF-R9","Illes Balears","Illes Balears","890"
"26032026","0","","HONDA","CBF 125","Valencia/València","Comunidad Valenciana","125"
"26032026","0","","ZONTES","703F","Barcelona","Cataluña","699"
"26032026","0","","HONDA","ADV 750","Melilla","Melilla","745"
"26032026","0","","HONDA","SH Mode 125","Murcia","Región de Murcia","125"
"26032026","0","","MACBOR","EIGHT MILE 125 LC","Cádiz","Andalucía","124"
"26032026","0","","KYMCO","SKYTOWN 125","Barcelona","Cataluña","125"
"26032026","0","","YAMAHA","XMAX 300","Girona","Cataluña","292"
"26032026","0","","BETA","N/A","Girona","Cataluña","296"
"26032026","0","","PEUGEOT","TWEET FL 125 CC","Barcelona","Cataluña","125"
"26032026","0","","ZONTES","368G","Madrid","Comunidad de Madrid","368"
"26032026","0","","QJMOTOR","SRT 900 S","Huelva","Andalucía","904"
"26032026","0","","CFMOTO","700MT","Almería","Andalucía","693"
"26032026","0","","TRIUMPH","SPEED TWIN 900","Alicante/Alacant","Comunidad Valenciana","900"
"26032026","0","","KEEWAY","ICON 125 S","Toledo","Castilla-La Mancha","124"
"26032026","0","","KAWASAKI","Z900","Barcelona","Cataluña","948"
"26032026","0","","BMW","F 450 GS","Madrid","Comunidad de Madrid","420"
"26032026","0","","KYMCO","SUPER DINK GT 125 E5+","Madrid","Comunidad de Madrid","124"
"26032026","0","","BMW","C 400 X","Barcelona","Cataluña","350"
"26032026","0","","MOTO GUZZI","STELVIO","Pontevedra","Galicia","1042"
"26032026","0","","HUSQVARNA","HUSQVARNA TE 300","Madrid","Comunidad de Madrid","293"
"26032026","0","","YAMAHA","TMAX 560","Barcelona","Cataluña","562"
"26032026","0","","KOVE","KOVE 800 X PRO 2026","Sevilla","Andalucía","799"
"26032026","0","","VOGE","625DSX","Ávila","Castilla y León","581"
"26032026","0","","HONDA","FORZA125","Castellón/Castelló","Comunidad Valenciana","125"
"26032026","0","","HONDA","XL750 Transalp","Barcelona","Cataluña","755"
"26032026","0","","ZONTES","ZT125-U","Valencia/València","Comunidad Valenciana","125"
"26032026","0","","KTM","KTM 890 ADVENTURE R","Barcelona","Cataluña","889"
"26032026","0","","BMW","C 400 GT","Cádiz","Andalucía","350"
"26032026","0","","PIAGGIO","VESPA GTS 125","Córdoba","Andalucía","125"
"26032026","0","","HONDA","ADV 350","Palmas (Las)","Canarias","330"
"26032026","0","","QJMOTOR","SRT 900 SX","Almería","Andalucía","904"
"26032026","0","","ZONTES","125C","Huelva","Andalucía","125"
"26032026","0","","KAWASAKI","Z650RS","Rioja (La)","La Rioja","649"
"26032026","0","","ZONTES","350S","Alicante/Alacant","Comunidad Valenciana","348"
"26032026","0","","HONDA","PCX125","Cádiz","Andalucía","125"
"26032026","0","","HONDA","XL750 Transalp","Valencia/València","Comunidad Valenciana","755"
"26032026","0","","KEEWAY","RKF 125 ABS","Alicante/Alacant","Comunidad Valenciana","125"
"26032026","0","","KYMCO","AGILITY S","Santa Cruz de Tenerife","Canarias","125"
"26032026","0","","BMW","S 1000 R","Barcelona","Cataluña","999"
"26032026","0","","MALAGUTI","MISSION 125","Barcelona","Cataluña","124"
"26032026","0","","DUCATI","DIAVEL V4 RS","Madrid","Comunidad de Madrid","1103"
"26032026","0","","MALAGUTI","MISSION 125","Barcelona","Cataluña","124"
"26032026","0","","SUZUKI","GSX-S 1000","Santa Cruz de Tenerife","Canarias","999"
"26032026","0","","HONDA","XL750 Transalp","Rioja (La)","La Rioja","755"
"26032026","0","","RIEJU","RALLY 307","Sevilla","Andalucía","292"
"26032026","0","","HONDA","CBR 650 R","Ourense","Galicia","649"
"26032026","0","","QJMOTOR","SRT 900 SX","Cádiz","Andalucía","904"
"26032026","0","","YAMAHA","R125","Alicante/Alacant","Comunidad Valenciana","125"
"26032026","0","","VOGE","625DSX","Santa Cruz de Tenerife","Canarias","581"
"26032026","0","","BMW","R 1300 R","Málaga","Andalucía","1300"
"26032026","0","","HONDA","PCX125","Sevilla","Andalucía","125"
"26032026","0","","BMW","F 900 GS ADVENTURE","Granada","Andalucía","895"
"26032026","0","","QJMOTOR","SRT 900 SX","Cádiz","Andalucía","904"
"26032026","0","","SHERCO","300 SE-R","Santa Cruz de Tenerife","Canarias","293"
"26032026","0","","QJMOTOR","FORT 125 N E5+","Illes Balears","Illes Balears","125"
"26032026","0","","YAMAHA","XMAX 300","Madrid","Comunidad de Madrid","292"
"26032026","0","","BMW","C 400 GT","Málaga","Andalucía","350"
"26032026","0","","HERO MOTOCORP","HUNK 440","Tarragona","Cataluña","440"
"26032026","0","","YAMAHA","XMAX 300","Pontevedra","Galicia","292"
"26032026","0","","YAMAHA","XMAX 125","Castellón/Castelló","Comunidad Valenciana","125"
"26032026","0","","YAMAHA","NMAX 125","Valencia/València","Comunidad Valenciana","125"
"26032026","0","","BETA","N/A","Navarra","Comunidad Foral de Navarra","125"
"26032026","0","","HONDA","PCX125","Madrid","Comunidad de Madrid","125"
"26032026","0","","DUCATI","MULTISTRADA V4","Córdoba","Andalucía","1158"
"26032026","0","","YAMAHA","TMAX 560","Girona","Cataluña","562"
"26032026","0","","HONDA","ADV 750","Palmas (Las)","Canarias","745"
"26032026","0","","KTM","KTM 690 SMC R","Burgos","Castilla y León","693"
"26032026","0","","KYMCO","DTX","Bizkaia","País Vasco","124"
"26032026","0","","ZONTES","368G","Barcelona","Cataluña","368"
"26032026","0","","BMW","F 900 XR","Barcelona","Cataluña","895"
"26032026","0","","YAMAHA","NMAX 125","Sevilla","Andalucía","125"
"26032026","0","","HONDA","FORZA 750","Palmas (Las)","Canarias","745"
"26032026","0","","CYCLONE","RA2","Alicante/Alacant","Comunidad Valenciana","125"
"26032026","0","","ROYAL ENFIELD","HIMALAYAN 452","Barcelona","Cataluña","452"
"26032026","0","","YAMAHA","NMAX 125","Guadalajara","Castilla-La Mancha","125"
"26032026","0","","BAJAJ","DOMINAR D 400","Murcia","Región de Murcia","373"
"26032026","0","","SUZUKI","GSX-8S","Gipuzkoa","País Vasco","776"
"26032026","0","","KAWASAKI","Z900","Rioja (La)","La Rioja","948"
"26032026","0","","BMW","F 450 GS","Madrid","Comunidad de Madrid","420"
"26032026","0","","KYMCO","PEOPLE S 125 E5+","Barcelona","Cataluña","125"
"26032026","0","","SYM","JET X","Sevilla","Andalucía","125"
"26032026","0","","BENDA","DARKFLAG 500","Huelva","Andalucía","496"
"26032026","0","","QJMOTOR","MTX 125 E5+","Huelva","Andalucía","125"
"26032026","0","","RIEJU","RALLY 307","Illes Balears","Illes Balears","292"
"26032026","0","","HONDA","SH125i","León","Castilla y León","125"
"26032026","0","","TRIUMPH","TIGER SPORT 660","Granada","Andalucía","660"
"26032026","0","","APRILIA","SR GT 125","Granada","Andalucía","125"
"26032026","0","","TRIUMPH","TRIDENT 660","Murcia","Región de Murcia","660"
"26032026","0","","HONDA","SH125i","Barcelona","Cataluña","125"
"26032026","0","","HONDA","FORZA125","Barcelona","Cataluña","125"
"26032026","0","","YAMAHA","XMAX 125","Barcelona","Cataluña","125"
"26032026","0","","HONDA","SH125i","Barcelona","Cataluña","125"
"26032026","0","","SYM","SYMPHONY 125","Barcelona","Cataluña","125"
"26032026","0","","HONDA","PCX125","Almería","Andalucía","125"
"26032026","0","","YAMAHA","XTZ 700 Tenere","Córdoba","Andalucía","689"
"26032026","0","","CFMOTO","675NK","Málaga","Andalucía","674"
"26032026","0","","ITALJET","DRAGSTER 700 TWIN","Alicante/Alacant","Comunidad Valenciana","698"
"26032026","0","","RIEJU","XPLORA 557","Barcelona","Cataluña","554"
"26032026","0","","BMW","F 450 GS","Madrid","Comunidad de Madrid","420"
"26032026","0","","YAMAHA","XMAX 125","Teruel","Aragón","125"
"26032026","0","","CYCLONE","RT1","Illes Balears","Illes Balears","125"
"26032026","0","","KTM","KTM 390 ADVENTURE R","Murcia","Región de Murcia","399"
"26032026","0","","YAMAHA","XSR-125","Barcelona","Cataluña","125"
"26032026","0","","HONDA","ADV 750","Barcelona","Cataluña","745"
"26032026","0","","VOGE","300RALLY","Asturias","Principado de Asturias","292"
"26032026","0","","KAWASAKI","Z650","Castellón/Castelló","Comunidad Valenciana","649"
"26032026","0","","ZONTES","ZT125-G1","Ciudad Real","Castilla-La Mancha","125"
"26032026","0","","YAMAHA","MT-07","Málaga","Andalucía","689"
"26032026","0","","BMW","F 800 GS","Madrid","Comunidad de Madrid","895"
"26032026","0","","YAMAHA","XMAX 300","Asturias","Principado de Asturias","292"
"26032026","0","","PEUGEOT","PULSION EVO","Madrid","Comunidad de Madrid","125"
"26032026","0","","ZONTES","125E","Almería","Andalucía","125"
"26032026","0","","KTM","KTM 390 ADVENTURE","Gipuzkoa","País Vasco","373"
"26032026","0","","HONDA","ADV 750","Valencia/València","Comunidad Valenciana","745"
"26032026","0","","YAMAHA","NMAX 125","Alicante/Alacant","Comunidad Valenciana","125"
"26032026","0","","YAMAHA","NMAX 125","Huelva","Andalucía","125"
"26032026","0","","VOGE","625DSX","Valencia/València","Comunidad Valenciana","581"
"26032026","0","","VOGE","DS800X RALLY","Granada","Andalucía","798"
"26032026","0","","MACBOR","MONTANA XR1 125 EVO","Lleida","Cataluña","124"
"26032026","0","","QJMOTOR","SRT 900 SX","Barcelona","Cataluña","904"
"26032026","0","","HONDA","SH125i","Valencia/València","Comunidad Valenciana","125"
"26032026","0","","BMW","S 1000 XR","Sevilla","Andalucía","999"
"26032026","0","","YAMAHA","TMAX 560","Málaga","Andalucía","562"
"26032026","0","","YAMAHA","NMAX 125","Coruña (A)","Galicia","125"
"26032026","0","","YAMAHA","NMAX 125","Valencia/València","Comunidad Valenciana","125"
"26032026","0","","SYM","ADX 300 TCS","Girona","Cataluña","278"
"26032026","0","","YAMAHA","NMAX 125","Cuenca","Castilla-La Mancha","125"
"26032026","0","","KEEWAY","VIESTE 125XDV","Cádiz","Andalucía","125"
"26032026","0","","HONDA","CB 125 F","Barcelona","Cataluña","124"
"26032026","0","","VOGE","625DSX","León","Castilla y León","581"
"26032026","0","","HONDA","PCX125","Sevilla","Andalucía","125"
"26032026","0","","BMW","F 450 GS","Madrid","Comunidad de Madrid","420"
"26032026","0","","HONDA","VISION 110","Málaga","Andalucía","109"
"26032026","0","","YAMAHA","XTZ 700 Tenere","Granada","Andalucía","689"
"26032026","0","","YAMAHA","XTZ 700 Tenere","Lleida","Cataluña","689"
"26032026","0","","SYM","JET 14","Barcelona","Cataluña","125"
"26032026","0","","BMW","R 1300 RS","Valencia/València","Comunidad Valenciana","1300"
"26032026","0","","YAMAHA","XMAX 125","Sevilla","Andalucía","125"
"26032026","0","","ZONTES","350T","Málaga","Andalucía","348"
"26032026","0","","PIAGGIO","VESPA PRIMAVERA 125","Granada","Andalucía","124"
"26032026","0","","ZONTES","368G","Cádiz","Andalucía","368"
"26032026","0","","KOVE","KOVE 800 X PRO 2026","Tarragona","Cataluña","799"
"26032026","0","","KAWASAKI","Z500","Asturias","Principado de Asturias","451"
"26032026","0","","SUZUKI","V-Strom 800","Barcelona","Cataluña","776"
"26032026","0","","HONDA","VISION 110","Barcelona","Cataluña","109"
"26032026","0","","HONDA","FORZA125","Barcelona","Cataluña","125"
"26032026","0","","RIEJU","RALLY 307","Illes Balears","Illes Balears","292"
"26032026","0","","BMW","R 1300 GS","Sevilla","Andalucía","1300"
"26032026","0","","ZONTES","368K","Madrid","Comunidad de Madrid","368"
"26032026","0","","SYM","JET 14","Cádiz","Andalucía","125"
"26032026","0","","BMW","R 1300 GS","Murcia","Región de Murcia","1300"
"26032026","0","","SYM","FUGUE 125 ABS TOP CASE","Barcelona","Cataluña","124"
"26032026","0","","KTM","KTM 890 ADVENTURE R","Barcelona","Cataluña","889"
"26032026","0","","QJMOTOR","FORT 125 N E5+","Bizkaia","País Vasco","125"
"26032026","0","","ZONTES","703F","Cuenca","Castilla-La Mancha","699"
"26032026","0","","SWM","URBAN 525","Asturias","Principado de Asturias","494"
"26032026","0","","HONDA","SH Mode 125","Barcelona","Cataluña","125"
"26032026","0","","SUZUKI","GSX-8S","Navarra","Comunidad Foral de Navarra","776"
"26032026","0","","HONDA","GB350S","Murcia","Región de Murcia","348"
"26032026","0","","KYMCO","AGILITY S","Córdoba","Andalucía","125"
"26032026","0","","HONDA","ADV 750","Murcia","Región de Murcia","745"
"26032026","0","","VOGE","SR1","Castellón/Castelló","Comunidad Valenciana","125"
"26032026","0","","KEEWAY","XDV 125 EVO PRO","Bizkaia","País Vasco","125"
"26032026","0","","HONDA","ADV 350","Madrid","Comunidad de Madrid","330"
"26032026","0","","BMW","S 1000 XR","Alicante/Alacant","Comunidad Valenciana","999"
"26032026","0","","HONDA","FORZA125","Málaga","Andalucía","125"
"26032026","0","","VOGE","SR16","Illes Balears","Illes Balears","125"
"26032026","0","","BMW","R 1300 GS","Sevilla","Andalucía","1300"
"26032026","0","","VOGE","DS800X RALLY","Madrid","Comunidad de Madrid","798"
"26032026","0","","BMW","R 1300 GS ADVENTURE","Pontevedra","Galicia","1300"
"26032026","0","","HONDA","ADV 350","Valencia/València","Comunidad Valenciana","330"
"26032026","0","","BMW","F 800 GS","Barcelona","Cataluña","895"
"26032026","0","","YAMAHA","XMAX 125","Castellón/Castelló","Comunidad Valenciana","125"
"26032026","0","","MALAGUTI","MISSION 125","Barcelona","Cataluña","124"
"26032026","0","","VOGE","DS800X RALLY","Madrid","Comunidad de Madrid","798"
"26032026","0","","HONDA","ADV 750","Melilla","Melilla","745"
"26032026","0","","TRIUMPH","SPEED TWIN 900","Barcelona","Cataluña","900"
"26032026","0","","BMW","F 900 R","Palmas (Las)","Canarias","895"
"26032026","0","","SYM","JET 14","Pontevedra","Galicia","125"
"26032026","0","","MV AGUSTA","DRAGSTER RR","Cádiz","Andalucía","798"
"26032026","0","","HONDA","CL500","Madrid","Comunidad de Madrid","471"
"26032026","0","","QJMOTOR","ATR 125 E5+","Cádiz","Andalucía","125"
"26032026","0","","KEEWAY","XDV 125 EVO PRO","Palmas (Las)","Canarias","125"
"26032026","0","","BMW","F 450 GS","Madrid","Comunidad de Madrid","420"
"26032026","0","","YAMAHA","NMAX 125","Málaga","Andalucía","125"
"26032026","0","","KYMCO","AGILITY S","Valencia/València","Comunidad Valenciana","125"
"26032026","0","","SYM","JET 14","Illes Balears","Illes Balears","125"
"26032026","0","","HONDA","CB650RA","Cádiz","Andalucía","649"
"26032026","0","","KTM","KTM 125 DUKE","Pontevedra","Galicia","125"
"26032026","0","","RIEJU","NOT APPLICABLE","Badajoz","Extremadura","124"
"26032026","0","","KAWASAKI","Z900","Illes Balears","Illes Balears","948"
"26032026","0","","ZONTES","125D","Córdoba","Andalucía","125"
"26032026","0","","VOGE","SR1","Zamora","Castilla y León","125"
"26032026","0","","DUCATI","HYPERMOTARD 698 RVE","Alicante/Alacant","Comunidad Valenciana","659"
"26032026","0","","CFMOTO","450MT","Barcelona","Cataluña","449"
"26032026","0","","HONDA","PCX125","Cádiz","Andalucía","125"
"26032026","0","","YAMAHA","MT-07","Madrid","Comunidad de Madrid","689"
"26032026","0","","VOGE","DS800X RALLY","Melilla","Melilla","798"
"26032026","0","","BMW","R 1300 RT","Madrid","Comunidad de Madrid","1300"
"26032026","0","","FANTIC MOTOR","---","Teruel","Aragón","125"
"26032026","0","","KAWASAKI","Z900","Palmas (Las)","Canarias","948"
"26032026","0","","ZONTES","368G","Madrid","Comunidad de Madrid","368"
"26032026","0","","YAMAHA","TMAX 560","Alicante/Alacant","Comunidad Valenciana","562"
"26032026","0","","VOGE","SR16","Málaga","Andalucía","125"
"26032026","0","","YAMAHA","NMAX 125","Madrid","Comunidad de Madrid","125"
"26032026","0","","SYM","ADX 300 TCS","Barcelona","Cataluña","278"
"26032026","0","","VOGE","SR1","Palmas (Las)","Canarias","125"
"26032026","0","","SYM","SYMPHONY 125","Madrid","Comunidad de Madrid","125"
"26032026","0","","KAWASAKI","KLE500","Alicante/Alacant","Comunidad Valenciana","451"
"26032026","0","","YAMAHA","MT-07","Ávila","Castilla y León","689"
"26032026","0","","YAMAHA","TMAX 560","Santa Cruz de Tenerife","Canarias","562"
"26032026","0","","TRIUMPH","SPEED 400","Barcelona","Cataluña","398"
"26032026","0","","BMW","F 450 GS","Madrid","Comunidad de Madrid","420"
"26032026","0","","ZONTES","703F","Álava/Araba","País Vasco","699"
"26032026","0","","VOGE","DS800X RALLY","Madrid","Comunidad de Madrid","798"
"26032026","0","","YAMAHA","XMAX 300","Alicante/Alacant","Comunidad Valenciana","292"
"26032026","0","","KOVE","KOVE 800 X PRO 2026","Málaga","Andalucía","799"
"26032026","0","","WOTTAN","STORM","Sevilla","Andalucía","125"
"26032026","0","","ZONTES","125D","Almería","Andalucía","125"
"26032026","0","","YAMAHA","MT-07","Barcelona","Cataluña","689"
"26032026","0","","HONDA","SH350i","Barcelona","Cataluña","330"
"26032026","0","","MOTO MORINI","X-CAPE","Bizkaia","País Vasco","649"
"26032026","0","","KTM","KTM 390 ADVENTURE R","Castellón/Castelló","Comunidad Valenciana","399"
"26032026","0","","HONDA","ADV 350","Girona","Cataluña","330"
"26032026","0","","VOGE","R125","Alicante/Alacant","Comunidad Valenciana","125"
"26032026","0","","YAMAHA","NMAX 125","Tarragona","Cataluña","125"
"26032026","0","","MOTO MORINI","SEIEMMEZZO","Málaga","Andalucía","649"
"26032026","0","","BETA","N/A","Cádiz","Andalucía","293"
"26032026","0","","HONDA","PCX125","Palmas (Las)","Canarias","125"
"26032026","0","","KYMCO","AGILITY S","Illes Balears","Illes Balears","125"
"26032026","0","","VOGE","DS800X RALLY","Málaga","Andalucía","798"
"26032026","0","","BMW","F 450 GS","Madrid","Comunidad de Madrid","420"
"26032026","0","","KTM","KTM 300 EXC","Badajoz","Extremadura","293"
"26032026","0","","HONDA","SH Mode 125","Rioja (La)","La Rioja","125"
"26032026","0","","HONDA","FORZA125","Albacete","Castilla-La Mancha","125"
"26032026","0","","HONDA","GB350S","Valencia/València","Comunidad Valenciana","348"
"26032026","0","","KYMCO","SKYTOWN 125","Alicante/Alacant","Comunidad Valenciana","125"
"26032026","0","","BMW","C 400 GT","Barcelona","Cataluña","350"
"26032026","0","","BMW","S 1000 RR","Madrid","Comunidad de Madrid","999"
"26032026","0","","HONDA","CB 500 X","Madrid","Comunidad de Madrid","471"
"26032026","0","","RIEJU","N/A","Valladolid","Castilla y León","125"
"26032026","0","","HONDA","XL750 Transalp","Castellón/Castelló","Comunidad Valenciana","755"
"26032026","0","","HONDA","CRF 300 L","Almería","Andalucía","286"
"26032026","0","","HONDA","SH Mode 125","Barcelona","Cataluña","125"
"26032026","0","","HONDA","FORZA125","Palmas (Las)","Canarias","125"
"26032026","0","","HONDA","XL750 Transalp","Barcelona","Cataluña","755"
"26032026","0","","KYMCO","SKYTOWN 125","Málaga","Andalucía","125"
"26032026","0","","ROYAL ENFIELD","HIMALAYAN 452","Asturias","Principado de Asturias","452"
"26032026","0","","KAWASAKI","KLE500","Jaén","Andalucía","451"
"26032026","0","","HONDA","ADV 750","Palmas (Las)","Canarias","745"
"26032026","0","","KYMCO","SUPER DINK GT","Alicante/Alacant","Comunidad Valenciana","321"
"26032026","0","","HONDA","PCX125","Almería","Andalucía","125"
"26032026","0","","SYM","SYMPHONY 125","Ciudad Real","Castilla-La Mancha","125"
"26032026","0","","YAMAHA","XTZ 700 Tenere","Huelva","Andalucía","689"
"26032026","0","","CFMOTO","800MT-X","Madrid","Comunidad de Madrid","799"
"26032026","0","","YAMAHA","NMAX 125","Alicante/Alacant","Comunidad Valenciana","125"
"26032026","0","","RIEJU","XPLORA 557","Barcelona","Cataluña","554"
"26032026","0","","KAWASAKI","NINJA ZX-6R","Illes Balears","Illes Balears","636"
"26032026","0","","YAMAHA","RayZR 125","Asturias","Principado de Asturias","125"
"26032026","0","","QJMOTOR","SQ 16 E5+","Murcia","Región de Murcia","125"
"26032026","0","","KTM","KTM 125 ENDURO","Toledo","Castilla-La Mancha","125"
"26032026","0","","CYCLONE","RA125 PLUS","Málaga","Andalucía","124"
"26032026","0","","HONDA","CBR 650 R","Sevilla","Andalucía","649"
"26032026","0","","HONDA","CB 500 F","Barcelona","Cataluña","471"
"26032026","0","","BMW","C 400 X","Palmas (Las)","Canarias","350"
"26032026","0","","HONDA","FORZA125","Barcelona","Cataluña","125"
"26032026","0","","BETA","N/A","Barcelona","Cataluña","296"
"26032026","0","","HONDA","CB 500 X","Ourense","Galicia","471"
"26032026","0","","KAWASAKI","Z900","Alicante/Alacant","Comunidad Valenciana","948"
"26032026","0","","ZONTES","ZT125-Z2","Barcelona","Cataluña","125"
"26032026","0","","BMW","F 450 GS","Madrid","Comunidad de Madrid","420"
"26032026","0","","ZONTES","368G","Valencia/València","Comunidad Valenciana","368"
"26032026","0","","KYMCO","SKYTOWN 125","Badajoz","Extremadura","125"
"26032026","0","","TRIUMPH","STREET TRIPLE MOTO2 TM","Madrid","Comunidad de Madrid","765"
"26032026","0","","BMW","R 1300 GS ADVENTURE","Murcia","Región de Murcia","1300"
"26032026","0","","HONDA","XL750 Transalp","Tarragona","Cataluña","755"
"26032026","0","","ZONTES","368G","Bizkaia","País Vasco","368"
"26032026","0","","HONDA","CRF1100L Africa Twin","Barcelona","Cataluña","1084"
"26032026","0","","ZONTES","125E","Valencia/València","Comunidad Valenciana","125"
"26032026","0","","APRILIA","RX 125","Santa Cruz de Tenerife","Canarias","124"
"26032026","0","","VOGE","DS800X RALLY","Palmas (Las)","Canarias","798"
"26032026","0","","HONDA","Rebel 500","Málaga","Andalucía","471"
"26032026","0","","PIAGGIO","VESPA GTS 125","Sevilla","Andalucía","125"
