FEC_MATRICULA,COD_CLASE_MAT,FEC_TRAMITACION,MARCA_ITV,MODELO_ITV,PROVINCIA_VEH,COMUNIDAD_AUTONOMA,CILINDRADA_ITV
"09062026","0","","HONDA","ADV 350","Ourense","Galicia","330"
"09062026","0","","MACBOR","ROCKSTER 125 EVO E5+","Lleida","Cataluña","125"
"09062026","0","","VOGE","R125","Valencia/València","Comunidad Valenciana","125"
"09062026","0","","HONDA","XL750 Transalp","Granada","Andalucía","755"
"09062026","0","","FANTIC MOTOR","---","Santa Cruz de Tenerife","Canarias","125"
"09062026","0","","HONDA","CRF1100L Africa Twin","Barcelona","Cataluña","1084"
"09062026","0","","HONDA","NX500","Cádiz","Andalucía","471"
"09062026","0","","SYM","SYMPHONY 125","Gipuzkoa","País Vasco","125"
"09062026","0","","ZONTES","368G","Barcelona","Cataluña","368"
"09062026","0","","ZONTES","368G","Alicante/Alacant","Comunidad Valenciana","368"
"09062026","0","","HONDA","XL750 Transalp","Málaga","Andalucía","755"
"09062026","0","","PIAGGIO","VESPA PRIMAVERA 125","Sevilla","Andalucía","124"
"09062026","0","","HONDA","ADV 750","Palmas (Las)","Canarias","745"
"09062026","0","","KTM","KTM 1390 SUPER ADVENTU","Coruña (A)","Galicia","1350"
"09062026","0","","ZONTES","125X","Pontevedra","Galicia","125"
"09062026","0","","KYMCO","AGILITY S","Zaragoza","Aragón","125"
"09062026","0","","YAMAHA","MT-07","Barcelona","Cataluña","689"
"09062026","0","","BMW","R 1300 GS","Girona","Cataluña","1300"
"09062026","0","","TRIUMPH","SPEED 400","Tarragona","Cataluña","398"
"09062026","0","","HONDA","FORZA125","Barcelona","Cataluña","125"
"09062026","0","","YAMAHA","MT-07","Tarragona","Cataluña","689"
"09062026","0","","YAMAHA","MT-07","Madrid","Comunidad de Madrid","689"
"09062026","0","","HONDA","NX500","Barcelona","Cataluña","471"
"09062026","0","","ZONTES","703RR","Madrid","Comunidad de Madrid","699"
"09062026","0","","APRILIA","SR GT 400","Bizkaia","País Vasco","399"
"09062026","0","","SYM","SYMPHONY 125","Tarragona","Cataluña","125"
"09062026","0","","SUZUKI","AVENIS 125","Sevilla","Andalucía","124"
"09062026","0","","SYM","SYMPHONY 125","Illes Balears","Illes Balears","125"
"09062026","0","","SYM","JET 14","Cádiz","Andalucía","125"
"09062026","0","","MITT","TY125T-26F","Madrid","Comunidad de Madrid","125"
"09062026","0","","KYMCO","SUPER DINK GT 125 E5+","Barcelona","Cataluña","124"
"09062026","0","","ZONTES","125C","Barcelona","Cataluña","125"
"09062026","0","","KAWASAKI","NINJA ZX-4R","Barcelona","Cataluña","399"
"09062026","0","","SYM","JET 14","Barcelona","Cataluña","125"
"09062026","0","","YAMAHA","NMAX 125","Madrid","Comunidad de Madrid","125"
"09062026","0","","VOGE","R125","Cáceres","Extremadura","125"
"09062026","0","","VOGE","DS800X RALLY","Córdoba","Andalucía","798"
"09062026","0","","HONDA","XL750 Transalp","Cádiz","Andalucía","755"
"09062026","0","","KAWASAKI","Z900","Barcelona","Cataluña","948"
"09062026","0","","YAMAHA","NMAX 125","Badajoz","Extremadura","125"
"09062026","0","","ZONTES","703F","Barcelona","Cataluña","699"
"09062026","0","","YAMAHA","NMAX 125","Huesca","Aragón","125"
"09062026","0","","HONDA","NX500","Segovia","Castilla y León","471"
"09062026","0","","KYMCO","DTX","Coruña (A)","Galicia","124"
"09062026","0","","ZONTES","125E","Asturias","Principado de Asturias","125"
"09062026","0","","VOGE","DS900X","Badajoz","Extremadura","895"
"09062026","0","","BMW","R 1300 R","Barcelona","Cataluña","1300"
"09062026","0","","VOGE","DS900X","Barcelona","Cataluña","895"
"09062026","0","","VOGE","DS900X","Málaga","Andalucía","895"
"09062026","0","","YAMAHA","MT-09","Alicante/Alacant","Comunidad Valenciana","890"
"09062026","0","","ZONTES","125X","Illes Balears","Illes Balears","125"
"09062026","0","","YAMAHA","XMAX 125","Badajoz","Extremadura","125"
"09062026","0","","MOTO MORINI","X-CAPE 1200","Coruña (A)","Galicia","1187"
"09062026","0","","QJMOTOR","ATR 125 E5+","Salamanca","Castilla y León","125"
"09062026","0","","SYM","ADX 125 LC TCS E5+","Cádiz","Andalucía","125"
"09062026","0","","VOGE","DS800X RALLY","Málaga","Andalucía","798"
"09062026","0","","APRILIA","SR GT 125","Tarragona","Cataluña","125"
"09062026","0","","KYMCO","SKYTOWN 125","Málaga","Andalucía","125"
"09062026","0","","MACBOR","EIGHT MILE 125 LC","Palmas (Las)","Canarias","124"
"09062026","0","","QJMOTOR","SRT 900 SX","Burgos","Castilla y León","904"
"09062026","0","","HONDA","GB350S","Barcelona","Cataluña","348"
"09062026","0","","CFMOTO","800MT-X","Madrid","Comunidad de Madrid","799"
"09062026","0","","HONDA","SH Mode 125","Barcelona","Cataluña","125"
"09062026","0","","CFMOTO","675NK","Barcelona","Cataluña","674"
"09062026","0","","YAMAHA","RayZR 125","Madrid","Comunidad de Madrid","125"
"09062026","0","","HONDA","CBR 650 R","Málaga","Andalucía","649"
"09062026","0","","QJMOTOR","SRK 125 S E5+","Alicante/Alacant","Comunidad Valenciana","125"
"09062026","0","","MORBIDELLI","SC 125","Valencia/València","Comunidad Valenciana","125"
"09062026","0","","YAMAHA","NMAX 125","Barcelona","Cataluña","125"
"09062026","0","","HONDA","PCX 125","Madrid","Comunidad de Madrid","125"
"09062026","0","","VOGE","SR1","Illes Balears","Illes Balears","125"
"09062026","0","","ZONTES","368G","Málaga","Andalucía","368"
"09062026","0","","BMW","F 800 GS","Valencia/València","Comunidad Valenciana","895"
"09062026","0","","MACBOR","MONTANA XR5 510 E5+","Barcelona","Cataluña","498"
"09062026","0","","YAMAHA","XSR-125","León","Castilla y León","124"
"09062026","0","","DUCATI","HYPERMOTARD V2 DUCATI","Barcelona","Cataluña","890"
"09062026","0","","KYMCO","SKYTOWN 125","Granada","Andalucía","125"
"09062026","0","","TRIUMPH","TRIDENT 660","Barcelona","Cataluña","660"
"09062026","0","","MITT","125GP","Ciudad Real","Castilla-La Mancha","124"
"09062026","0","","ZONTES","368G","Madrid","Comunidad de Madrid","368"
"09062026","0","","CFMOTO","800MT","Alicante/Alacant","Comunidad Valenciana","799"
"09062026","0","","PEUGEOT","PULSION EVO","Madrid","Comunidad de Madrid","125"
"09062026","0","","LETBE","HJ125T-5B","Almería","Andalucía","125"
"09062026","0","","PIAGGIO","LIBERTY 125 ABS","Cádiz","Andalucía","124"
"09062026","0","","YAMAHA","NMAX 125","Málaga","Andalucía","125"
"09062026","0","","HONDA","FORZA 350","Gipuzkoa","País Vasco","330"
"09062026","0","","ZONTES","368M","Barcelona","Cataluña","368"
"09062026","0","","YAMAHA","MT-07","Córdoba","Andalucía","689"
"09062026","0","","VOGE","DS800X RALLY","Barcelona","Cataluña","798"
"09062026","0","","KYMCO","AGILITY S","Málaga","Andalucía","125"
"09062026","0","","HONDA","ADV 350","Illes Balears","Illes Balears","330"
"09062026","0","","HONDA","PCX 125","Barcelona","Cataluña","125"
"09062026","0","","SYM","SYMPHONY 125","Illes Balears","Illes Balears","125"
"09062026","0","","YAMAHA","NMAX 125","Cádiz","Andalucía","125"
"09062026","0","","YAMAHA","XMAX 125","Burgos","Castilla y León","125"
"09062026","0","","VOGE","DS800X RALLY","Alicante/Alacant","Comunidad Valenciana","798"
"09062026","0","","KEEWAY","V-CRUISE","Barcelona","Cataluña","125"
"09062026","0","","RIEJU","N/A","Valencia/València","Comunidad Valenciana","297"
"09062026","0","","SYM","JET X","Cádiz","Andalucía","125"
"09062026","0","","MORBIDELLI","F125","Ciudad Real","Castilla-La Mancha","125"
"09062026","0","","BENDA","NAPOLEON 500","Madrid","Comunidad de Madrid","476"
"09062026","0","","ZONTES","ZT125-G1","Sevilla","Andalucía","125"
"09062026","0","","ZONTES","125X","Huelva","Andalucía","125"
"09062026","0","","ZONTES","125D","Córdoba","Andalucía","125"
"09062026","0","","YAMAHA","XTZ 700 Tenere","Sevilla","Andalucía","689"
"09062026","0","","HONDA","CB500FAC","Barcelona","Cataluña","471"
"09062026","0","","HONDA","ADV 350","Alicante/Alacant","Comunidad Valenciana","330"
"09062026","0","","KAWASAKI","Z1100","Valladolid","Castilla y León","1099"
"09062026","0","","VOGE","R125S","Illes Balears","Illes Balears","125"
"09062026","0","","BMW","F 900 XR A2","Palmas (Las)","Canarias","895"
"09062026","0","","HONDA","FORZA 750","Barcelona","Cataluña","745"
"09062026","0","","HONDA","CRF1100L Africa Twin","Palmas (Las)","Canarias","1084"
"09062026","0","","TRIUMPH","SCRAMBLER 400 X","Barcelona","Cataluña","398"
"09062026","0","","BAJAJ","PULSAR NS 400 Z","Barcelona","Cataluña","373"
"09062026","0","","HONDA","FORZA125","Málaga","Andalucía","125"
"09062026","0","","HONDA","FORZA125","Cantabria","Cantabria","125"
"09062026","0","","HONDA","PCX 125","Granada","Andalucía","125"
"09062026","0","","HONDA","CBR500","Santa Cruz de Tenerife","Canarias","471"
"09062026","0","","ZONTES","125E","Córdoba","Andalucía","125"
"09062026","0","","HONDA","FORZA125","Jaén","Andalucía","125"
"09062026","0","","HONDA","FORZA 750","Cáceres","Extremadura","745"
"09062026","0","","YAMAHA","NMAX 125","Barcelona","Cataluña","125"
"09062026","0","","LETBE","ISLAND","Santa Cruz de Tenerife","Canarias","125"
"09062026","0","","HONDA","PCX 125","Málaga","Andalucía","125"
"09062026","0","","HONDA","ADV 350","Cádiz","Andalucía","330"
"09062026","0","","VOGE","DS900X","Sevilla","Andalucía","895"
"09062026","0","","MACBOR","MONTANA XR1 125 EVO","Asturias","Principado de Asturias","124"
"09062026","0","","ZONTES","125X","Granada","Andalucía","125"
"09062026","0","","ZONTES","368G","Santa Cruz de Tenerife","Canarias","368"
"09062026","0","","SYM","ADX 125 LC TCS E5+","Pontevedra","Galicia","125"
"09062026","0","","SUZUKI","GSX-S 1000","Tarragona","Cataluña","999"
"09062026","0","","HONDA","PCX 125","Santa Cruz de Tenerife","Canarias","125"
"09062026","0","","HONDA","SH125i","Málaga","Andalucía","125"
"09062026","0","","HONDA","VISION 110","Barcelona","Cataluña","109"
"09062026","0","","BMW","R 12 NINET","Barcelona","Cataluña","1170"
"09062026","0","","HUSQVARNA","HUSQVARNA VITPILEN 401","Toledo","Castilla-La Mancha","399"
"09062026","0","","DUCATI","MONSTER","Palmas (Las)","Canarias","890"
"09062026","0","","RIEJU","XPLORA 707","Barcelona","Cataluña","698"
"09062026","0","","HONDA","FORZA 350","Valencia/València","Comunidad Valenciana","330"
"09062026","0","","VOGE","625DSX","Barcelona","Cataluña","581"
"09062026","0","","KEEWAY","GEMMA","Málaga","Andalucía","117"
"09062026","0","","VOGE","DS800X RALLY","Gipuzkoa","País Vasco","798"
"09062026","0","","ZONTES","125C","Burgos","Castilla y León","125"
"09062026","0","","QJMOTOR","SRT 900 S","Almería","Andalucía","904"
"09062026","0","","MORBIDELLI","C1002V","Barcelona","Cataluña","997"
"09062026","0","","PEUGEOT","TWEET FL 125 CC","Madrid","Comunidad de Madrid","125"
"09062026","0","","HONDA","NX500","Barcelona","Cataluña","471"
"09062026","0","","YAMAHA","NMAX 125","Illes Balears","Illes Balears","125"
"09062026","0","","DUCATI","PANIGALE V2","Almería","Andalucía","890"
"09062026","0","","RIEJU","RALLY 307","Barcelona","Cataluña","292"
"09062026","0","","KYMCO","DTX","Zaragoza","Aragón","124"
"09062026","0","","SYM","SYMPHONY 125","Barcelona","Cataluña","125"
"09062026","0","","ZONTES","368G","Madrid","Comunidad de Madrid","368"
"09062026","0","","YAMAHA","Tracer 9 GT","Girona","Cataluña","890"
"09062026","0","","ZONTES","368G","León","Castilla y León","368"
"09062026","0","","HUSQVARNA","HUSQVARNA 801 SVARTPIL","Madrid","Comunidad de Madrid","799"
"09062026","0","","HONDA","SH Mode 125","Barcelona","Cataluña","125"
"09062026","0","","YAMAHA","XTZ 700 Tenere","Madrid","Comunidad de Madrid","689"
"09062026","0","","KAWASAKI","NINJA 500","Madrid","Comunidad de Madrid","451"
"09062026","0","","LAMBRETTA","V125 SPECIAL FLEX","Alicante/Alacant","Comunidad Valenciana","125"
"09062026","0","","MITT","URBAN","Badajoz","Extremadura","125"
"09062026","0","","HONDA","SH125i","Barcelona","Cataluña","125"
"09062026","0","","ZONTES","125X","Málaga","Andalucía","125"
"09062026","0","","BMW","R 1300 GS ADVENTURE","Palmas (Las)","Canarias","1300"
"09062026","0","","QJMOTOR","ATR 125 E5+","Zaragoza","Aragón","125"
"09062026","0","","VOGE","SR1ADV","Illes Balears","Illes Balears","125"
"09062026","0","","DUCATI","MULTISTRADA V4","Madrid","Comunidad de Madrid","1158"
"09062026","0","","SYM","JET 14","Sevilla","Andalucía","125"
"09062026","0","","VOGE","DS800X RALLY","Ávila","Castilla y León","798"
"09062026","0","","YAMAHA","NMAX 125","Málaga","Andalucía","125"
"09062026","0","","SYM","SYMPHONY 125","Sevilla","Andalucía","125"
"09062026","0","","ZONTES","125X","Málaga","Andalucía","125"
"09062026","0","","HONDA","PCX 125","Valencia/València","Comunidad Valenciana","125"
"09062026","0","","YAMAHA","YZF-R9","Barcelona","Cataluña","890"
"09062026","0","","YAMAHA","NMAX 125","Málaga","Andalucía","125"
"09062026","0","","YAMAHA","MT-09","Barcelona","Cataluña","890"
"09062026","0","","HONDA","SH125i","Málaga","Andalucía","125"
"09062026","0","","ROYAL ENFIELD","HIMALAYAN 452","Barcelona","Cataluña","452"
"09062026","0","","BMW","F 800 GS","Valencia/València","Comunidad Valenciana","895"
"09062026","0","","CYCLONE","RA125 PLUS","Bizkaia","País Vasco","124"
"09062026","0","","MITT","TY125T-26G","Almería","Andalucía","125"
"09062026","0","","VOGE","DS525X","Coruña (A)","Galicia","494"
"09062026","0","","YAMAHA","NMAX 125","Tarragona","Cataluña","125"
"09062026","0","","ZONTES","125X","Ourense","Galicia","125"
"09062026","0","","VOGE","R125","Navarra","Comunidad Foral de Navarra","125"
"09062026","0","","HONDA","CBR 650 R","Madrid","Comunidad de Madrid","649"
"09062026","0","","LAMBRETTA","V125 SPECIAL FLEX","Sevilla","Andalucía","125"
"09062026","0","","ZONTES","125X","Jaén","Andalucía","125"
"09062026","0","","KYMCO","SKYTOWN 125","Illes Balears","Illes Balears","125"
"09062026","0","","LAMBRETTA","V125 SPECIAL FLEX","Alicante/Alacant","Comunidad Valenciana","125"
"09062026","0","","YAMAHA","MT-125","Toledo","Castilla-La Mancha","125"
"09062026","0","","SYM","SYMPHONY 125","Alicante/Alacant","Comunidad Valenciana","125"
"09062026","0","","HONDA","VISION 110","Barcelona","Cataluña","109"
"09062026","0","","HONDA","SH125i","Málaga","Andalucía","125"
"09062026","0","","RIEJU","XPLORA 707","Girona","Cataluña","698"
"09062026","0","","ZONTES","368K","Gipuzkoa","País Vasco","368"
"09062026","0","","KEEWAY","VIESTE 300XDV","Girona","Cataluña","278"
"09062026","0","","SYM","SYMPHONY 125","Illes Balears","Illes Balears","125"
"09062026","0","","CFMOTO","450MT","Granada","Andalucía","449"
"09062026","0","","KAWASAKI","NINJA ZX-10R","Murcia","Región de Murcia","998"
"09062026","0","","BMW","F 900 GS","Madrid","Comunidad de Madrid","895"
"09062026","0","","KYMCO","SUPER DINK GT 125 E5+","Barcelona","Cataluña","124"
"09062026","0","","ZONTES","125X","Toledo","Castilla-La Mancha","125"
"09062026","0","","YAMAHA","XTZ 700 Tenere","Sevilla","Andalucía","689"
"09062026","0","","LETBE","S125","Santa Cruz de Tenerife","Canarias","125"
"09062026","0","","HONDA","PCX 125","Valencia/València","Comunidad Valenciana","125"
"09062026","0","","SYM","JET 14","Alicante/Alacant","Comunidad Valenciana","125"
"09062026","0","","YAMAHA","WR125","Barcelona","Cataluña","125"
"09062026","0","","VOGE","625DSX","Huelva","Andalucía","581"
"09062026","0","","SYM","SYMPHONY 125","Cádiz","Andalucía","125"
"09062026","0","","LETBE","ISLAND","Tarragona","Cataluña","125"
"09062026","0","","YAMAHA","R7","Asturias","Principado de Asturias","689"
"09062026","0","","HONDA","XL750 Transalp","Barcelona","Cataluña","755"
"09062026","0","","SYM","SYMPHONY 125","Illes Balears","Illes Balears","125"
"09062026","0","","HONDA","PCX 125","Madrid","Comunidad de Madrid","125"
"09062026","0","","ZONTES","368G","Sevilla","Andalucía","368"
"09062026","0","","BENDA","NAPOLEON 125","Madrid","Comunidad de Madrid","125"
"09062026","0","","HONDA","XL750 Transalp","Madrid","Comunidad de Madrid","755"
"09062026","0","","YAMAHA","Tracer 9 GT","Palmas (Las)","Canarias","890"
"09062026","0","","DUCATI","DESERT X","Pontevedra","Galicia","890"
"09062026","0","","ZONTES","125E","Madrid","Comunidad de Madrid","125"
"09062026","0","","MOTO GUZZI","V85 STRADA","Tarragona","Cataluña","853"
"09062026","0","","MH MOTORCYCLES","VRT","Pontevedra","Galicia","124"
"09062026","0","","HONDA","FORZA125","Málaga","Andalucía","125"
"09062026","0","","APRILIA","SR GT 125","Sevilla","Andalucía","125"
"09062026","0","","YAMAHA","RayZR 125","Alicante/Alacant","Comunidad Valenciana","125"
"09062026","0","","KYMCO","SUPER DINK GT","Barcelona","Cataluña","321"
"09062026","0","","ZONTES","368G","Jaén","Andalucía","368"
"09062026","0","","VOGE","DS800X RALLY","Madrid","Comunidad de Madrid","798"
"09062026","0","","HONDA","ADV 750","Granada","Andalucía","745"
"09062026","0","","PEUGEOT","DJANGO","Coruña (A)","Galicia","125"
"09062026","0","","VOGE","SR1ADV","Sevilla","Andalucía","125"
"09062026","0","","APRILIA","SR GT 125","Illes Balears","Illes Balears","125"
"09062026","0","","TRIUMPH","BONNEVILLE T100","Cádiz","Andalucía","900"
"09062026","0","","PEUGEOT","KISBEE M","Madrid","Comunidad de Madrid","125"
"09062026","0","","VOGE","SR4 MAX","Madrid","Comunidad de Madrid","350"
"09062026","0","","KEEWAY","RKS 125","Jaén","Andalucía","124"
"09062026","0","","QJMOTOR","SRK 125 S E5+","Pontevedra","Galicia","125"
"09062026","0","","BENDA","NAPOLEON 125","Alicante/Alacant","Comunidad Valenciana","125"
"09062026","0","","SYM","CRUISYM 125 TCS E5+","Alicante/Alacant","Comunidad Valenciana","124"
"09062026","0","","VOGE","DS800X RALLY","Bizkaia","País Vasco","798"
"09062026","0","","MORBIDELLI","C1002V","Zaragoza","Aragón","997"
"09062026","0","","HONDA","XL750 Transalp","Zamora","Castilla y León","755"
"09062026","0","","YAMAHA","NMAX 125","Valencia/València","Comunidad Valenciana","125"
"09062026","0","","ZONTES","368G","Barcelona","Cataluña","368"
"09062026","0","","BAJAJ","DOMINAR D 400","Barcelona","Cataluña","373"
"09062026","0","","KYMCO","DTX","Cantabria","Cantabria","124"
"09062026","0","","KTM","KTM 390 SMC R","Barcelona","Cataluña","399"
"09062026","0","","CFMOTO","450MT","Toledo","Castilla-La Mancha","449"
"09062026","0","","APRILIA","SR GT 400","Lugo","Galicia","399"
"09062026","0","","HONDA","SH125i","Málaga","Andalucía","125"
"09062026","0","","HONDA","FORZA125","Santa Cruz de Tenerife","Canarias","125"
"09062026","0","","KAWASAKI","Z900","Barcelona","Cataluña","948"
"09062026","0","","ZONTES","ZT125-G1","Barcelona","Cataluña","125"
"09062026","0","","HONDA","SH350i","Madrid","Comunidad de Madrid","330"
"09062026","0","","ZONTES","368D","Cádiz","Andalucía","368"
"09062026","0","","MITT","125GTS","Asturias","Principado de Asturias","125"
"09062026","0","","TRIUMPH","TIGER SPORT 800","Barcelona","Cataluña","798"
"09062026","0","","PIAGGIO","LIBERTY 125 ABS","Gipuzkoa","País Vasco","124"
"09062026","0","","TRIUMPH","SCRAMBLER 400 X","Cádiz","Andalucía","398"
"09062026","0","","PEUGEOT","KISBEE M","Málaga","Andalucía","125"
"09062026","0","","QJMOTOR","TRX 125 E5+","Valencia/València","Comunidad Valenciana","125"
"09062026","0","","TRS","TR1 300","Castellón/Castelló","Comunidad Valenciana","294"
"09062026","0","","ZNEN","P45","Valencia/València","Comunidad Valenciana","125"
"09062026","0","","ZONTES","ZT125-G1","Sevilla","Andalucía","125"
"09062026","0","","YAMAHA","MT-09","Barcelona","Cataluña","890"
"09062026","0","","VOGE","R125","Cáceres","Extremadura","125"
"09062026","0","","HONDA","CBF 125","Huelva","Andalucía","125"
"09062026","0","","VOGE","SR1ADV","Málaga","Andalucía","125"
"09062026","0","","VOGE","SR1ADV","Jaén","Andalucía","125"
"09062026","0","","KAWASAKI","NINJA ZX-6R","Madrid","Comunidad de Madrid","636"
"09062026","0","","CYCLONE","RA125 PLUS","Asturias","Principado de Asturias","124"
"09062026","0","","SYM","JET 14","Barcelona","Cataluña","125"
"09062026","0","","YAMAHA","NMAX 125","Valencia/València","Comunidad Valenciana","125"
"09062026","0","","HONDA","VISION 110","Illes Balears","Illes Balears","109"
"09062026","0","","YAMAHA","NMAX 125","Badajoz","Extremadura","125"
"09062026","0","","KYMCO","AGILITY S","Coruña (A)","Galicia","125"
"09062026","0","","VOGE","DS800X RALLY","Málaga","Andalucía","798"
"09062026","0","","ZONTES","125X","Barcelona","Cataluña","125"
"09062026","0","","HONDA","NT1100","Madrid","Comunidad de Madrid","1084"
"09062026","0","","KEEWAY","VIESTE 125","Badajoz","Extremadura","125"
"09062026","0","","ZONTES","368G","Illes Balears","Illes Balears","368"
"09062026","0","","HONDA","CB750 Hornet","Alicante/Alacant","Comunidad Valenciana","755"
"09062026","0","","HONDA","SH125i","Gipuzkoa","País Vasco","125"
"09062026","0","","HONDA","CB650RA","Salamanca","Castilla y León","649"
"09062026","0","","ZONTES","368G","Cádiz","Andalucía","368"
"09062026","0","","VOGE","SR1ADV","Alicante/Alacant","Comunidad Valenciana","125"
"09062026","0","","MH MOTORCYCLES","TRAY","Madrid","Comunidad de Madrid","125"
"09062026","0","","SYM","SYMPHONY 125","Barcelona","Cataluña","125"
"09062026","0","","HONDA","FORZA 350","Sevilla","Andalucía","330"
"09062026","0","","KAWASAKI","NINJA 500","Madrid","Comunidad de Madrid","451"
"09062026","0","","YAMAHA","NMAX 125","Jaén","Andalucía","125"
"09062026","0","","PIAGGIO","VESPA GTS 125","Illes Balears","Illes Balears","125"
"09062026","0","","HONDA","PCX 125","Alicante/Alacant","Comunidad Valenciana","125"
"09062026","0","","APRILIA","RX 125","Sevilla","Andalucía","124"
"09062026","0","","APRILIA","TUONO V4","Santa Cruz de Tenerife","Canarias","1077"
"09062026","0","","HONDA","PCX 125","Alicante/Alacant","Comunidad Valenciana","125"
"09062026","0","","SYM","SYMPHONY 125","Palmas (Las)","Canarias","125"
"09062026","0","","HONDA","SH125i","Gipuzkoa","País Vasco","125"
"09062026","0","","HONDA","FORZA 750","Illes Balears","Illes Balears","745"
"09062026","0","","VOGE","SR3","Santa Cruz de Tenerife","Canarias","244"
"09062026","0","","HONDA","FORZA 750","Barcelona","Cataluña","745"
"09062026","0","","SYM","SYMPHONY 125","Málaga","Andalucía","125"
"09062026","0","","ZONTES","ZT125-U1","Alicante/Alacant","Comunidad Valenciana","125"
"09062026","0","","HERO MOTOCORP","HUNK 440","Bizkaia","País Vasco","440"
"09062026","0","","YAMAHA","XMAX 125","Sevilla","Andalucía","125"
"09062026","0","","YAMAHA","RayZR 125","Sevilla","Andalucía","125"
"09062026","0","","EFUN","PUMA","Málaga","Andalucía","125"
"09062026","0","","VOGE","R125S","Barcelona","Cataluña","125"
"09062026","0","","ZONTES","125X","Granada","Andalucía","125"
"09062026","0","","YAMAHA","NMAX 125","Valencia/València","Comunidad Valenciana","125"
"09062026","0","","YAMAHA","XSR-900","Barcelona","Cataluña","890"
"09062026","0","","SYM","ADX 125 LC TCS E5+","Santa Cruz de Tenerife","Canarias","125"
"09062026","0","","FANTIC MOTOR","---","Barcelona","Cataluña","463"
"09062026","0","","ZONTES","125E","Coruña (A)","Galicia","125"
"09062026","0","","YAMAHA","NMAX 125","Madrid","Comunidad de Madrid","125"
"09062026","0","","HONDA","PCX 125","Navarra","Comunidad Foral de Navarra","125"
"09062026","0","","ZONTES","125X","Cantabria","Cantabria","125"
"09062026","0","","MITT","TY125T-26F","Sevilla","Andalucía","125"
"09062026","0","","KOVE","KOVE 800 X PRO 2026","Lleida","Cataluña","799"
"09062026","0","","KOVE","KOVE 800 X GT","Huesca","Aragón","799"
"09062026","0","","SYM","SYMPHONY 125","Barcelona","Cataluña","125"
"09062026","0","","KYMCO","DTX","Barcelona","Cataluña","321"
"09062026","0","","ZONTES","125X","Málaga","Andalucía","125"
"09062026","0","","YAMAHA","XTZ 700 Tenere","Málaga","Andalucía","689"
"09062026","0","","ZONTES","368G","Bizkaia","País Vasco","368"
"09062026","0","","RIEJU","NKD 125","Navarra","Comunidad Foral de Navarra","124"
"09062026","0","","ZONTES","125C","Tarragona","Cataluña","125"
"09062026","0","","HONDA","NX500","Barcelona","Cataluña","471"
"09062026","0","","HONDA","FORZA125","Madrid","Comunidad de Madrid","125"
"09062026","0","","SYM","JET X","Burgos","Castilla y León","125"
"09062026","0","","ZONTES","125C","Alicante/Alacant","Comunidad Valenciana","125"
"09062026","0","","VOGE","DS800X RALLY","Barcelona","Cataluña","798"
"09062026","0","","KAWASAKI","Z650","Cádiz","Andalucía","649"
"09062026","0","","HONDA","ADV 350","Barcelona","Cataluña","330"
"09062026","0","","APRILIA","SR GT 125","Madrid","Comunidad de Madrid","125"
"09062026","0","","ZONTES","125X","Navarra","Comunidad Foral de Navarra","125"
"09062026","0","","HONDA","PCX 125","Zaragoza","Aragón","125"
"09062026","0","","ZONTES","125X","Zaragoza","Aragón","125"
"09062026","0","","ZONTES","125C","Alicante/Alacant","Comunidad Valenciana","125"
"09062026","0","","VOGE","DS900X","Madrid","Comunidad de Madrid","895"
"09062026","0","","ZONTES","368G","Cádiz","Andalucía","368"
"09062026","0","","KAWASAKI","Z900RS","Madrid","Comunidad de Madrid","948"
"09062026","0","","BMW","S 1000 RR","Santa Cruz de Tenerife","Canarias","999"
"09062026","0","","HONDA","FORZA125","Lleida","Cataluña","125"
"09062026","0","","QJMOTOR","SRK 125 S E5+","Gipuzkoa","País Vasco","125"
"09062026","0","","HONDA","ADV 350","Palmas (Las)","Canarias","330"
"09062026","0","","KAWASAKI","Z900","Valladolid","Castilla y León","948"
"09062026","0","","QJMOTOR","SRT 700 X E5+","Madrid","Comunidad de Madrid","698"
"09062026","0","","ZONTES","125X","Pontevedra","Galicia","125"
"09062026","0","","SYM","SYMPHONY 125","Tarragona","Cataluña","125"
"09062026","0","","TRIUMPH","SPEED 400","Tarragona","Cataluña","398"
"09062026","0","","ROYAL ENFIELD","HIMALAYAN 452","Salamanca","Castilla y León","452"
"09062026","0","","YAMAHA","YZF-R9","Barcelona","Cataluña","890"
"09062026","0","","SUZUKI","V-Strom 800","Barcelona","Cataluña","776"
"09062026","0","","YAMAHA","NMAX 125","Illes Balears","Illes Balears","125"
"09062026","0","","VOGE","DS900X","Jaén","Andalucía","895"
"09062026","0","","MALCOR IBERICA","SX125","Sevilla","Andalucía","125"
"09062026","0","","YAMAHA","NMAX 125","Sevilla","Andalucía","125"
"09062026","0","","YAMAHA","TRACER 700","Sevilla","Andalucía","689"
"09062026","0","","SYM","SYMPHONY 125","Málaga","Andalucía","125"
"09062026","0","","VOGE","625DSX","Sevilla","Andalucía","581"
"09062026","0","","YAMAHA","RayZR 125","Valencia/València","Comunidad Valenciana","125"
"09062026","0","","HONDA","FORZA 350","Málaga","Andalucía","330"
"09062026","0","","HONDA","FORZA 750","Pontevedra","Galicia","745"
"09062026","0","","YAMAHA","XMAX 125","Madrid","Comunidad de Madrid","125"
"09062026","0","","BMW","R 1300 GS","Valencia/València","Comunidad Valenciana","1300"
"09062026","0","","YAMAHA","XMAX 300","Barcelona","Cataluña","292"
"09062026","0","","HONDA","ADV 750","Almería","Andalucía","745"
"09062026","0","","HONDA","SH125i","Gipuzkoa","País Vasco","125"
"09062026","0","","QJMOTOR","SRT 450 RX","Barcelona","Cataluña","450"
"09062026","0","","PIAGGIO","LIBERTY 125 ABS","Barcelona","Cataluña","124"
"09062026","0","","ZONTES","125X","Madrid","Comunidad de Madrid","125"
"09062026","0","","PEUGEOT","KISBEE M","Madrid","Comunidad de Madrid","125"
"09062026","0","","HONDA","FORZA 350","Tarragona","Cataluña","330"
"09062026","0","","APRILIA","SR GT 125","Málaga","Andalucía","125"
"09062026","0","","YAMAHA","NMAX 125","Cantabria","Cantabria","125"
"09062026","0","","BMW","R 1300 R","Madrid","Comunidad de Madrid","1300"
"09062026","0","","DUCATI","STREETFIGHTER","Álava/Araba","País Vasco","890"
"09062026","0","","TRIUMPH","BONNEVILLE T120 BLACK","Barcelona","Cataluña","1200"
"09062026","0","","RIEJU","N/A","Badajoz","Extremadura","125"
"09062026","0","","HONDA","SH350i","Barcelona","Cataluña","330"
"09062026","0","","HUSQVARNA","HUSQVARNA SVARTPILEN 4","León","Castilla y León","399"
"09062026","0","","VOGE","DS900X","Badajoz","Extremadura","895"
"09062026","0","","ZONTES","125X","Granada","Andalucía","125"
"09062026","0","","YAMAHA","MT-09","Illes Balears","Illes Balears","890"
"09062026","0","","SYM","SYMPHONY 125","Barcelona","Cataluña","125"
"09062026","0","","KAWASAKI","Z650","Valladolid","Castilla y León","649"
"09062026","0","","BMW","F 900 GS","Granada","Andalucía","895"
"09062026","0","","SYM","JET 14","Valencia/València","Comunidad Valenciana","125"
"09062026","0","","YAMAHA","R7","Barcelona","Cataluña","689"
"09062026","0","","YAMAHA","XSR-125","Cádiz","Andalucía","125"
"09062026","0","","ZONTES","125X","Huelva","Andalucía","125"
"09062026","0","","HONDA","SH125i","Málaga","Andalucía","125"
"09062026","0","","VOGE","625DSX","Granada","Andalucía","581"
"09062026","0","","SYM","SYMPHONY 125","Barcelona","Cataluña","125"
"09062026","0","","CFMOTO","800MT-X","Madrid","Comunidad de Madrid","799"
"09062026","0","","KYMCO","SUPER DINK GT 125 E5+","Madrid","Comunidad de Madrid","124"
"09062026","0","","MORBIDELLI","SC125LX","León","Castilla y León","125"
"09062026","0","","HONDA","CRF1100L Africa Twin","Madrid","Comunidad de Madrid","1084"
"09062026","0","","SYM","SYMPHONY 125","Barcelona","Cataluña","125"
"09062026","0","","HONDA","SH125i","Alicante/Alacant","Comunidad Valenciana","125"
"09062026","0","","SUZUKI","GSX-8S","Barcelona","Cataluña","776"
"09062026","0","","YAMAHA","RayZR 125","Valencia/València","Comunidad Valenciana","125"
"09062026","0","","SUZUKI","AVENIS 125","Illes Balears","Illes Balears","124"
"09062026","0","","HONDA","PCX 125","Jaén","Andalucía","125"
"09062026","0","","ZONTES","368G","Tarragona","Cataluña","368"
"09062026","0","","HONDA","SH125i","Málaga","Andalucía","125"
"09062026","0","","YAMAHA","XMAX 125","Cádiz","Andalucía","125"
"09062026","0","","KYMCO","SUPER DINK GT 125 E5+","Valencia/València","Comunidad Valenciana","124"
"09062026","0","","ZONTES","368G","Santa Cruz de Tenerife","Canarias","368"
"09062026","0","","PEUGEOT","KISBEE M","Madrid","Comunidad de Madrid","125"
"09062026","0","","ZONTES","125C","Illes Balears","Illes Balears","125"
"09062026","0","","HONDA","FORZA 350","Madrid","Comunidad de Madrid","330"
"09062026","0","","SYM","JET 14","Málaga","Andalucía","125"
"09062026","0","","KYMCO","DTX","Madrid","Comunidad de Madrid","321"
"09062026","0","","TRIUMPH","TRACKER 400","Zaragoza","Aragón","398"
"09062026","0","","ZONTES","368G","Barcelona","Cataluña","368"
"09062026","0","","HONDA","PCX 125","Barcelona","Cataluña","125"
"09062026","0","","KTM","KTM 990 RC R","Madrid","Comunidad de Madrid","947"
"09062026","0","","HONDA","ADV 350","Girona","Cataluña","330"
"09062026","0","","HONDA","VISION 110","Barcelona","Cataluña","109"
"09062026","0","","YAMAHA","MT-125","Sevilla","Andalucía","125"
"09062026","0","","YAMAHA","XMAX 125","Pontevedra","Galicia","125"
"09062026","0","","HONDA","XL750 Transalp","Granada","Andalucía","755"
"09062026","0","","PIAGGIO","LIBERTY 125 ABS","Málaga","Andalucía","124"
"09062026","0","","ZONTES","ZT125-Z2","Valencia/València","Comunidad Valenciana","125"
"09062026","0","","YAMAHA","XTZ 700 Tenere","Barcelona","Cataluña","689"
"09062026","0","","SYM","SYMPHONY 125","Málaga","Andalucía","125"
"09062026","0","","PEUGEOT","KISBEE M","Madrid","Comunidad de Madrid","125"
"09062026","0","","ZONTES","125D","Barcelona","Cataluña","125"
"09062026","0","","BENDA","NAPOLEON","León","Castilla y León","476"
"09062026","0","","SHERCO","125 SE-R","Cádiz","Andalucía","125"
"09062026","0","","YAMAHA","XMAX 125","Sevilla","Andalucía","125"
"09062026","0","","ZONTES","125X","Córdoba","Andalucía","125"
"09062026","0","","HONDA","SH125i","Gipuzkoa","País Vasco","125"
"09062026","0","","QJMOTOR","MTX 125 E5+","Málaga","Andalucía","125"
"09062026","0","","HONDA","PCX 125","Granada","Andalucía","125"
"09062026","0","","BENELLI","TRK 702","Cádiz","Andalucía","698"
"09062026","0","","YAMAHA","XMAX 125","Barcelona","Cataluña","125"
"09062026","0","","VOGE","R125S","Girona","Cataluña","125"
"09062026","0","","SUZUKI","AVENIS 125","Madrid","Comunidad de Madrid","124"
"09062026","0","","HONDA","VISION 110","Illes Balears","Illes Balears","109"
"09062026","0","","YAMAHA","RayZR 125","Illes Balears","Illes Balears","125"
"09062026","0","","SYM","JET X","Córdoba","Andalucía","125"
"09062026","0","","SYM","SYMPHONY 125","Córdoba","Andalucía","125"
"09062026","0","","YAMAHA","MT-07","Toledo","Castilla-La Mancha","689"
"09062026","0","","KAWASAKI","Z900","Murcia","Región de Murcia","948"
"09062026","0","","YAMAHA","TMAX 560","Cuenca","Castilla-La Mancha","562"
"09062026","0","","YAMAHA","RayZR 125","Valencia/València","Comunidad Valenciana","125"
"09062026","0","","MORBIDELLI","F125","Sevilla","Andalucía","125"
"09062026","0","","YAMAHA","XMAX 300","Huelva","Andalucía","292"
"09062026","0","","CFMOTO","1000MT-X","Zaragoza","Aragón","946"
"09062026","0","","HONDA","VISION 110","Tarragona","Cataluña","109"
"09062026","0","","ZONTES","368G","Zaragoza","Aragón","368"
"09062026","0","","CFMOTO","1000MT-X","Madrid","Comunidad de Madrid","946"
"09062026","0","","ZONTES","368G","Alicante/Alacant","Comunidad Valenciana","368"
"09062026","0","","SYM","SYMPHONY 125","Tarragona","Cataluña","125"
"09062026","0","","BENDA","NAPOLEON 125","Barcelona","Cataluña","125"
"09062026","0","","ZONTES","ZT125-U","Toledo","Castilla-La Mancha","125"
"09062026","0","","LAMBRETTA","V125 SPECIAL FLEX","Alicante/Alacant","Comunidad Valenciana","125"
"09062026","0","","YAMAHA","XMAX 300","Coruña (A)","Galicia","292"
"09062026","0","","BMW","R 1300 GS","Lugo","Galicia","1300"
"09062026","0","","ZONTES","125C","Málaga","Andalucía","125"
"09062026","0","","ZONTES","125X","Pontevedra","Galicia","125"
"09062026","0","","TRS","TR1 125","Girona","Cataluña","125"
"09062026","0","","QJMOTOR","FORT 125 N E5+","Pontevedra","Galicia","125"
"09062026","0","","SYM","SYMPHONY 125","Málaga","Andalucía","125"
"09062026","0","","HONDA","NX500","Alicante/Alacant","Comunidad Valenciana","471"
"09062026","0","","APRILIA","SR GT 125","Madrid","Comunidad de Madrid","125"
"09062026","0","","DUCATI","MONSTER RED","Madrid","Comunidad de Madrid","890"
"09062026","0","","APRILIA","RX 125","Jaén","Andalucía","124"
"09062026","0","","VOGE","R125S","Barcelona","Cataluña","125"
"09062026","0","","KTM","KTM 350 EXC-F","Cádiz","Andalucía","350"
"09062026","0","","BMW","R 1300 RS","Barcelona","Cataluña","1300"
"09062026","0","","LETBE","VELOCITY","Tarragona","Cataluña","125"
"09062026","0","","HONDA","PCX 125","Granada","Andalucía","125"
"09062026","0","","RIEJU","NKD 125","Granada","Andalucía","124"
"09062026","0","","ZONTES","125X","Pontevedra","Galicia","125"
"09062026","0","","RIEJU","RALLY 307","Bizkaia","País Vasco","292"
"09062026","0","","SYM","JET 14","Barcelona","Cataluña","125"
"09062026","0","","HONDA","FORZA125","Madrid","Comunidad de Madrid","125"
"09062026","0","","HONDA","PCX 125","Almería","Andalucía","125"
"09062026","0","","ZONTES","368G","Jaén","Andalucía","368"
"09062026","0","","TRIUMPH","BONNEVILLE T100","Valencia/València","Comunidad Valenciana","900"
"09062026","0","","BMW","C 400 X","Madrid","Comunidad de Madrid","350"
"09062026","0","","BMW","C 400 GT","Córdoba","Andalucía","350"
"09062026","0","","YAMAHA","Tracer 9 GT","Barcelona","Cataluña","890"
"09062026","0","","HONDA","SH Mode 125","Barcelona","Cataluña","125"
"09062026","0","","QJMOTOR","SRK 800","Asturias","Principado de Asturias","778"
"09062026","0","","HONDA","ADV 750","Granada","Andalucía","745"
"09062026","0","","ZONTES","368K","Barcelona","Cataluña","368"
"09062026","0","","KTM","KTM 125 SMC R","Valencia/València","Comunidad Valenciana","125"
"09062026","0","","ZONTES","368G","Barcelona","Cataluña","368"
"09062026","0","","TRS","TR1 300","Girona","Cataluña","294"
"09062026","0","","BENDA","NAPOLEON 125","Rioja (La)","La Rioja","125"
"09062026","0","","YAMAHA","R7","Madrid","Comunidad de Madrid","689"
"09062026","0","","YAMAHA","WR125","Toledo","Castilla-La Mancha","125"
"09062026","0","","MITT","125 NK","Ciudad Real","Castilla-La Mancha","124"
"09062026","0","","RIEJU","RALLY 307","Madrid","Comunidad de Madrid","292"
"09062026","0","","HONDA","SH125i","Alicante/Alacant","Comunidad Valenciana","125"
"09062026","0","","YAMAHA","NMAX 125","Tarragona","Cataluña","125"
"09062026","0","","CYCLONE","RX2","Illes Balears","Illes Balears","124"
"09062026","0","","BENELLI","TRK 702","Soria","Castilla y León","698"
"09062026","0","","VOGE","625DSX","Barcelona","Cataluña","581"
"09062026","0","","ZONTES","125C","Valencia/València","Comunidad Valenciana","125"
"09062026","0","","SYM","JET 14","Cádiz","Andalucía","125"
"09062026","0","","YAMAHA","XMAX 125","Granada","Andalucía","125"
"09062026","0","","BMW","F 900 GS","Madrid","Comunidad de Madrid","895"
"09062026","0","","PIAGGIO","MEDLEY 200","Badajoz","Extremadura","174"
"09062026","0","","HONDA","FORZA 750","Barcelona","Cataluña","745"
"09062026","0","","SUZUKI","V-Strom 800","Barcelona","Cataluña","776"
"09062026","0","","ZONTES","125X","Ávila","Castilla y León","125"
"09062026","0","","VOGE","DS900X","Barcelona","Cataluña","895"
"09062026","0","","QJMOTOR","ATR 125 E5+","Barcelona","Cataluña","125"
"09062026","0","","VOGE","300RALLY","Barcelona","Cataluña","292"
"09062026","0","","KEEWAY","V-CRUISE","Madrid","Comunidad de Madrid","125"
"09062026","0","","YAMAHA","NMAX 125","Valencia/València","Comunidad Valenciana","125"
"09062026","0","","VOGE","625DSX","Zaragoza","Aragón","581"
"09062026","0","","QJMOTOR","MTX 125 E5+","Valencia/València","Comunidad Valenciana","125"
"09062026","0","","ZONTES","125X","Almería","Andalucía","125"
"09062026","0","","VOGE","DS800X RALLY","Barcelona","Cataluña","798"
"09062026","0","","TRIUMPH","STREET TRIPLE RS","Madrid","Comunidad de Madrid","765"
"09062026","0","","MV AGUSTA","BRUTALE 1000 RR","Barcelona","Cataluña","998"
"09062026","0","","KYMCO","DTX","Cádiz","Andalucía","321"
"09062026","0","","VOGE","DS800X RALLY","Barcelona","Cataluña","798"
"09062026","0","","VOGE","R125","Gipuzkoa","País Vasco","125"
"09062026","0","","CYCLONE","RX2","Castellón/Castelló","Comunidad Valenciana","124"
"09062026","0","","SUZUKI","GSX-R125","Jaén","Andalucía","124"
"09062026","0","","YAMAHA","NMAX 125","Tarragona","Cataluña","125"
"09062026","0","","GASGAS","TXT 300","Salamanca","Castilla y León","294"
"09062026","0","","KYMCO","SUPER DINK GT 125 E5+","Palmas (Las)","Canarias","124"
"09062026","0","","KYMCO","AGILITY S","Cádiz","Andalucía","125"
"09062026","0","","HONDA","CB 125 F","Illes Balears","Illes Balears","124"
"09062026","0","","YAMAHA","TRACER 700","Guadalajara","Castilla-La Mancha","689"
"09062026","0","","VOGE","DS900X","Barcelona","Cataluña","895"
"09062026","0","","YAMAHA","XMAX 125","Lugo","Galicia","125"
"09062026","0","","YAMAHA","MT-07","Madrid","Comunidad de Madrid","689"
"09062026","0","","ZONTES","125C","Granada","Andalucía","125"
"09062026","0","","SYM","ADX 125 ABS","Lleida","Cataluña","125"
"09062026","0","","YAMAHA","MT-07","Barcelona","Cataluña","689"
"09062026","0","","HONDA","CBR 650 R","Barcelona","Cataluña","649"
"09062026","0","","HONDA","VISION 110","Barcelona","Cataluña","109"
"09062026","0","","HONDA","NX500","Jaén","Andalucía","471"
"09062026","0","","ZONTES","125D","Coruña (A)","Galicia","125"
"09062026","0","","YAMAHA","NMAX 125","Sevilla","Andalucía","125"
"09062026","0","","VOGE","DS800X RALLY","Illes Balears","Illes Balears","798"
"09062026","0","","KEEWAY","VIESTE 125","Salamanca","Castilla y León","125"
"09062026","0","","YAMAHA","NMAX 125","Illes Balears","Illes Balears","125"
"09062026","0","","KYMCO","AGILITY S","Gipuzkoa","País Vasco","125"
"09062026","0","","KYMCO","DTX","Pontevedra","Galicia","321"
"09062026","0","","QJMOTOR","FORT 125 N E5+","Barcelona","Cataluña","125"
"09062026","0","","BMW","C 400 GT","Alicante/Alacant","Comunidad Valenciana","350"
"09062026","0","","MORBIDELLI","SC 125","Asturias","Principado de Asturias","125"
"09062026","0","","HONDA","SH125i","Málaga","Andalucía","125"
"09062026","0","","HONDA","PCX 125","Barcelona","Cataluña","125"
"09062026","0","","VOGE","300RALLY","Barcelona","Cataluña","292"
"09062026","0","","BENDA","NAPOLEON 125","Granada","Andalucía","125"
"09062026","0","","ZONTES","368G","Madrid","Comunidad de Madrid","368"
"09062026","0","","CFMOTO","800MT-X","Badajoz","Extremadura","799"
"09062026","0","","APRILIA","SR GT 125","Málaga","Andalucía","125"
"09062026","0","","HONDA","CBR 650 R","Girona","Cataluña","649"
"09062026","0","","YAMAHA","TRACER 700","León","Castilla y León","689"
"09062026","0","","YAMAHA","NMAX 125","Málaga","Andalucía","125"
"09062026","0","","BMW","S 1000 RR","Cantabria","Cantabria","999"
"09062026","0","","YAMAHA","NMAX 125","Sevilla","Andalucía","125"
"09062026","0","","CFMOTO","DUAL250","Zamora","Castilla y León","249"
"09062026","0","","ZONTES","368G","Illes Balears","Illes Balears","368"
"09062026","0","","APRILIA","SR GT 125","Illes Balears","Illes Balears","125"
"09062026","0","","BMW","R 1300 GS","Madrid","Comunidad de Madrid","1300"
"09062026","0","","QJMOTOR","FORT 125 N E5+","Ávila","Castilla y León","125"
"09062026","0","","BAJAJ","PULSAR NS 400 Z","Illes Balears","Illes Balears","373"
"09062026","0","","SYM","SYMPHONY 125","Santa Cruz de Tenerife","Canarias","125"
"09062026","0","","ZONTES","125C","Cádiz","Andalucía","125"
"09062026","0","","ZONTES","703F","Madrid","Comunidad de Madrid","699"
"09062026","0","","YAMAHA","XMAX 125","Sevilla","Andalucía","125"
"09062026","0","","SYM","SYMPHONY 125","Girona","Cataluña","125"
"09062026","0","","HONDA","NX500","Santa Cruz de Tenerife","Canarias","471"
"09062026","0","","HONDA","PCX 125","Alicante/Alacant","Comunidad Valenciana","125"
"09062026","0","","HONDA","NT1100","Madrid","Comunidad de Madrid","1084"
"09062026","0","","YAMAHA","MT-125","Lleida","Cataluña","125"
"09062026","0","","RIEJU","RALLY 307","Alicante/Alacant","Comunidad Valenciana","292"
"09062026","0","","QJMOTOR","SRT 450 RX","Sevilla","Andalucía","450"
"09062026","0","","ZONTES","125X","Asturias","Principado de Asturias","125"
"09062026","0","","KYMCO","SKYTOWN 125","Barcelona","Cataluña","125"
"09062026","0","","KAWASAKI","Z1100","Valladolid","Castilla y León","1099"
"09062026","0","","KYMCO","AGILITY S","Barcelona","Cataluña","125"
"09062026","0","","PIAGGIO","VESPA PRIMAVERA 125","Melilla","Melilla","124"
"09062026","0","","KAWASAKI","Z500","Madrid","Comunidad de Madrid","451"
"09062026","0","","VOGE","DS900X","Madrid","Comunidad de Madrid","895"
"09062026","0","","HONDA","CB750 Hornet","Málaga","Andalucía","755"
"09062026","0","","YAMAHA","NMAX 125","Málaga","Andalucía","125"
"09062026","0","","ZONTES","125X","Madrid","Comunidad de Madrid","125"
"09062026","0","","VOGE","DS800X RALLY","Málaga","Andalucía","798"
"09062026","0","","ZONTES","368G","Illes Balears","Illes Balears","368"
"09062026","0","","RIEJU","N/A","Zamora","Castilla y León","125"
"09062026","0","","KYMCO","AGILITY S","Coruña (A)","Galicia","125"
"09062026","0","","HONDA","SH350i","Barcelona","Cataluña","330"
"09062026","0","","ZONTES","ZT125-U","Alicante/Alacant","Comunidad Valenciana","125"
"09062026","0","","ZONTES","368G","Palmas (Las)","Canarias","368"
"09062026","0","","YAMAHA","Tracer 9 GT","Barcelona","Cataluña","890"
"09062026","0","","KAWASAKI","Z900","Salamanca","Castilla y León","948"
"09062026","0","","PIAGGIO","LIBERTY 125 ABS","Cádiz","Andalucía","124"
"09062026","0","","KYMCO","SKYTOWN 125","Sevilla","Andalucía","125"
"09062026","0","","QJMOTOR","MTX 125 E5+","Sevilla","Andalucía","125"
"09062026","0","","YAMAHA","NMAX 125","Granada","Andalucía","125"
"09062026","0","","ZONTES","125E","Barcelona","Cataluña","125"
"09062026","0","","HONDA","SH125i","Málaga","Andalucía","125"
"09062026","0","","APRILIA","SR GT 400","Tarragona","Cataluña","399"
"09062026","0","","SYM","SYMPHONY 125","Tarragona","Cataluña","125"
"09062026","0","","KTM","KTM 300 EXC","Asturias","Principado de Asturias","293"
"09062026","0","","HONDA","PCX 125","Alicante/Alacant","Comunidad Valenciana","125"
"09062026","0","","MOTO MORINI","X-CAPE 1200","Tarragona","Cataluña","1187"
"09062026","0","","MH MOTORCYCLES","VRS","Granada","Andalucía","124"
"09062026","0","","YAMAHA","Tracer 9 GT","Alicante/Alacant","Comunidad Valenciana","890"
"09062026","0","","ZONTES","368G","Córdoba","Andalucía","368"
"09062026","0","","HONDA","SH350i","Barcelona","Cataluña","330"
"09062026","0","","HONDA","SH125i","Málaga","Andalucía","125"
"09062026","0","","CFMOTO","675SR-R","Valencia/València","Comunidad Valenciana","674"
"09062026","0","","HONDA","PCX 125","Cádiz","Andalucía","125"
"09062026","0","","SYM","SYMPHONY 125","Alicante/Alacant","Comunidad Valenciana","125"
"09062026","0","","YAMAHA","XMAX 300","Alicante/Alacant","Comunidad Valenciana","292"
"09062026","0","","YAMAHA","NMAX 125","Barcelona","Cataluña","125"
"09062026","0","","CFMOTO","1000MT-X","Barcelona","Cataluña","946"
"09062026","0","","KEEWAY","VIESTE 300XDV","Tarragona","Cataluña","278"
"09062026","0","","PIAGGIO","LIBERTY 125 ABS","Bizkaia","País Vasco","124"
"09062026","0","","YAMAHA","MT-07","Alicante/Alacant","Comunidad Valenciana","689"
"09062026","0","","KYMCO","SUPER DINK GT","Barcelona","Cataluña","321"
"09062026","0","","BMW","R 1300 RT","Madrid","Comunidad de Madrid","1300"
"09062026","0","","SCORPA","CITY CORP 125","Navarra","Comunidad Foral de Navarra","125"
"09062026","0","","HONDA","PCX 125","Barcelona","Cataluña","125"
"09062026","0","","SYM","SYMPHONY 125","Illes Balears","Illes Balears","125"
"09062026","0","","BMW","M 1000 R","Barcelona","Cataluña","999"
"09062026","0","","LETBE","FLYGON","Tarragona","Cataluña","125"
"09062026","0","","SUZUKI","ADDRESS 125","Barcelona","Cataluña","124"
"09062026","0","","SUZUKI","AVENIS 125","Madrid","Comunidad de Madrid","124"
"09062026","0","","YAMAHA","MT-125","Illes Balears","Illes Balears","125"
"09062026","0","","HONDA","PCX 125","Cádiz","Andalucía","125"
"09062026","0","","YAMAHA","XMAX 125","Girona","Cataluña","125"
"09062026","0","","ZONTES","125D","Navarra","Comunidad Foral de Navarra","125"
"09062026","0","","ZONTES","ZT125-G1","Girona","Cataluña","125"
"09062026","0","","YAMAHA","XMAX 125","Valencia/València","Comunidad Valenciana","125"
"09062026","0","","KAWASAKI","NINJA ZX-6R","Madrid","Comunidad de Madrid","636"
"09062026","0","","HONDA","ADV 350","Palmas (Las)","Canarias","330"
"09062026","0","","ZONTES","368G","Jaén","Andalucía","368"
"09062026","0","","HONDA","CBR 650 R","Barcelona","Cataluña","649"
"09062026","0","","CFMOTO","1000MT-X","Illes Balears","Illes Balears","946"
"09062026","0","","ZONTES","368G","Huesca","Aragón","368"
"09062026","0","","ZONTES","125X","Badajoz","Extremadura","125"
"09062026","0","","PIAGGIO","MEDLEY 125","Gipuzkoa","País Vasco","125"
"09062026","0","","YAMAHA","MT-07","Sevilla","Andalucía","689"
"09062026","0","","ZONTES","125X","Pontevedra","Galicia","125"
"09062026","0","","ZONTES","703RR","Cádiz","Andalucía","699"
"09062026","0","","HONDA","PCX 125","Barcelona","Cataluña","125"
"09062026","0","","HONDA","ADV 750","Santa Cruz de Tenerife","Canarias","745"
"09062026","0","","KTM","KTM 990 RC R","Córdoba","Andalucía","947"
"09062026","0","","HONDA","XL750 Transalp","Guadalajara","Castilla-La Mancha","755"
"09062026","0","","CFMOTO","1000MT-X","Alicante/Alacant","Comunidad Valenciana","946"
"09062026","0","","YAMAHA","XMAX 125","Badajoz","Extremadura","125"
"09062026","0","","SUZUKI","GSX-8S","Madrid","Comunidad de Madrid","776"
"09062026","0","","HONDA","PCX 125","Cádiz","Andalucía","125"
"09062026","0","","HONDA","FORZA125","Valencia/València","Comunidad Valenciana","125"
"09062026","0","","MACBOR","MONTANA XR5 510 E5+","Burgos","Castilla y León","498"
"09062026","0","","MACBOR","MONTANA XR5 510 E5+","Valencia/València","Comunidad Valenciana","498"
"09062026","0","","KYMCO","DTX","Barcelona","Cataluña","124"
"09062026","0","","YAMAHA","XMAX 125","Barcelona","Cataluña","125"
"09062026","0","","VOGE","DS800X RALLY","Málaga","Andalucía","798"
"09062026","0","","BMW","C 400 GT","Pontevedra","Galicia","350"
"09062026","0","","VOGE","DS800X RALLY","Málaga","Andalucía","798"
"09062026","0","","PIAGGIO","VESPA PRIMAVERA 125","Cádiz","Andalucía","124"
"09062026","0","","ZONTES","125C","Jaén","Andalucía","125"
"09062026","0","","QJMOTOR","MTX 125 E5+","Girona","Cataluña","125"
"09062026","0","","LETBE","HJ125T-5B","Badajoz","Extremadura","125"
"09062026","0","","HONDA","PCX 125","Sevilla","Andalucía","125"
"09062026","0","","YAMAHA","MT-125","Madrid","Comunidad de Madrid","125"
"09062026","0","","VOGE","SR1","Pontevedra","Galicia","125"
"09062026","0","","YAMAHA","Tracer 9 GT","Madrid","Comunidad de Madrid","890"
"09062026","0","","ZONTES","368M","Tarragona","Cataluña","368"
"09062026","0","","HONDA","PCX 125","Castellón/Castelló","Comunidad Valenciana","125"
"09062026","0","","QJMOTOR","FORT 125 N E5+","Pontevedra","Galicia","125"
"09062026","0","","SYM","SYMPHONY 125","Sevilla","Andalucía","125"
"09062026","0","","ZONTES","ZT125-G1","Granada","Andalucía","125"
"09062026","0","","QJMOTOR","SRK 125 R E5+","Coruña (A)","Galicia","125"
"09062026","0","","ZONTES","368E","Valencia/València","Comunidad Valenciana","368"
"09062026","0","","MITT","EMPEROR","Barcelona","Cataluña","125"
"09062026","0","","BETA","N/A","Madrid","Comunidad de Madrid","190"
"09062026","0","","HONDA","FORZA 350","Alicante/Alacant","Comunidad Valenciana","330"
"09062026","0","","KYMCO","DTX","Barcelona","Cataluña","124"
"09062026","0","","SHERCO","300 SE-R","Barcelona","Cataluña","293"
"09062026","0","","ZONTES","368G","Málaga","Andalucía","368"
"09062026","0","","YAMAHA","NMAX 125","Zaragoza","Aragón","125"
"09062026","0","","YAMAHA","NMAX 125","Alicante/Alacant","Comunidad Valenciana","125"
"09062026","0","","ZONTES","125X","Pontevedra","Galicia","125"
"09062026","0","","VOGE","DS800X RALLY","Zaragoza","Aragón","798"
"09062026","0","","HONDA","SH Mode 125","Málaga","Andalucía","125"
"09062026","0","","YAMAHA","TRACER 700","Málaga","Andalucía","689"
"09062026","0","","KEEWAY","ICON 125 S","Tarragona","Cataluña","124"
"09062026","0","","SYM","JET X","Alicante/Alacant","Comunidad Valenciana","125"
"09062026","0","","BMW","R 1300 GS ADVENTURE","Ourense","Galicia","1300"
"09062026","0","","HONDA","PCX 125","Alicante/Alacant","Comunidad Valenciana","125"
"09062026","0","","ZONTES","368G","Sevilla","Andalucía","368"
"09062026","0","","YAMAHA","XMAX 125","Madrid","Comunidad de Madrid","125"
"09062026","0","","HONDA","NX500","Barcelona","Cataluña","471"
"09062026","0","","SYM","SYMPHONY 125","Tarragona","Cataluña","125"
"09062026","0","","PIAGGIO","VESPA PRIMAVERA 125","Cádiz","Andalucía","124"
"09062026","0","","VOGE","DS800X RALLY","Cantabria","Cantabria","798"
"09062026","0","","VOGE","DS800X RALLY","Valencia/València","Comunidad Valenciana","798"
"09062026","0","","ZONTES","125X","Asturias","Principado de Asturias","125"
"09062026","0","","RIEJU","NKD 125","Valladolid","Castilla y León","124"
"09062026","0","","SUZUKI","ADDRESS 125","Alicante/Alacant","Comunidad Valenciana","124"
"09062026","0","","PEUGEOT","PULSION EVO","Ourense","Galicia","125"
"09062026","0","","HONDA","SH125i","Málaga","Andalucía","125"
"09062026","0","","ZONTES","125X","Cáceres","Extremadura","125"
"09062026","0","","KYMCO","SUPER DINK GT 125 E5+","Málaga","Andalucía","124"
"09062026","0","","HONDA","CB750 Hornet","Valencia/València","Comunidad Valenciana","755"
"09062026","0","","SYM","JET 14","Alicante/Alacant","Comunidad Valenciana","125"
"09062026","0","","APRILIA","RS 660","Tarragona","Cataluña","659"
"09062026","0","","KYMCO","AGILITY S","Illes Balears","Illes Balears","125"
"09062026","0","","ZONTES","125X","Cádiz","Andalucía","125"
"09062026","0","","KYMCO","AGILITY S","Barcelona","Cataluña","125"
"09062026","0","","ZONTES","ZT125-Z2","Rioja (La)","La Rioja","125"
"09062026","0","","YAMAHA","RayZR 125","Málaga","Andalucía","125"
"09062026","0","","ZONTES","125X","Barcelona","Cataluña","125"
"09062026","0","","TRIUMPH","TRIDENT 660","Cádiz","Andalucía","660"
"09062026","0","","HONDA","FORZA125","Madrid","Comunidad de Madrid","125"
"09062026","0","","BETA","N/A","Asturias","Principado de Asturias","125"
"09062026","0","","WOTTAN","GT2","Albacete","Castilla-La Mancha","125"
"09062026","0","","CYCLONE","SR600-3A","Málaga","Andalucía","549"
"09062026","0","","SYM","JET 14","Alicante/Alacant","Comunidad Valenciana","125"
"09062026","0","","ZONTES","368K","Valencia/València","Comunidad Valenciana","368"
"09062026","0","","YAMAHA","XMAX 125","Madrid","Comunidad de Madrid","125"
"09062026","0","","KYMCO","DTX","Sevilla","Andalucía","124"
"09062026","0","","KAWASAKI","KLE500","Pontevedra","Galicia","451"
"09062026","0","","ZONTES","368K","Valencia/València","Comunidad Valenciana","368"
"09062026","0","","SYM","SYMPHONY 125","Illes Balears","Illes Balears","125"
"09062026","0","","BMW","R 1300 GS","Alicante/Alacant","Comunidad Valenciana","1300"
"09062026","0","","NEXT","NX CROSS 125I","Sevilla","Andalucía","125"
"09062026","0","","SYM","SYMPHONY 125","Illes Balears","Illes Balears","125"
"09062026","0","","TRIUMPH","TIGER SPORT","Burgos","Castilla y León","660"
"09062026","0","","SYM","SYMPHONY 125","Illes Balears","Illes Balears","125"
"09062026","0","","YAMAHA","XMAX 125","Sevilla","Andalucía","125"
"09062026","0","","CYCLONE","RX2","Coruña (A)","Galicia","124"
"09062026","0","","PIAGGIO","BEVERLY 310 HPE","Barcelona","Cataluña","310"
"09062026","0","","ZONTES","125E","Tarragona","Cataluña","125"
"09062026","0","","HONDA","VISION 110","Barcelona","Cataluña","109"
"09062026","0","","ZONTES","125X","Jaén","Andalucía","125"
"09062026","0","","ZONTES","368G","Sevilla","Andalucía","368"
"09062026","0","","HONDA","PCX 125","Málaga","Andalucía","125"
"09062026","0","","YAMAHA","MT-125","Barcelona","Cataluña","125"
"09062026","0","","SYM","SYMPHONY 125","Granada","Andalucía","125"
"09062026","0","","SYM","SYMPHONY 125","Illes Balears","Illes Balears","125"
"09062026","0","","QJMOTOR","SRT 700 E5+","Córdoba","Andalucía","698"
"09062026","0","","PIAGGIO","LIBERTY 125 ABS","Cádiz","Andalucía","124"
"09062026","0","","HONDA","PCX 125","Sevilla","Andalucía","125"
"09062026","0","","BMW","R 1300 GS","Murcia","Región de Murcia","1300"
"09062026","0","","SYM","SYMPHONY 125","Málaga","Andalucía","125"
"09062026","0","","KYMCO","SUPER DINK GT 125 E5+","Gipuzkoa","País Vasco","124"
"09062026","0","","PIAGGIO","VESPA PRIMAVERA 125","Girona","Cataluña","124"
"09062026","0","","YAMAHA","TMAX 560","Valencia/València","Comunidad Valenciana","562"
"09062026","0","","SYM","SYMPHONY 125","Tarragona","Cataluña","125"
"09062026","0","","PEUGEOT","KISBEE M","Madrid","Comunidad de Madrid","125"
"09062026","0","","HONDA","PCX 125","Bizkaia","País Vasco","125"
"09062026","0","","HONDA","CBR 650 R","Castellón/Castelló","Comunidad Valenciana","649"
"09062026","0","","LAMBRETTA","V125 SPECIAL FLEX","Alicante/Alacant","Comunidad Valenciana","125"
"09062026","0","","MH MOTORCYCLES","TRAY","Cantabria","Cantabria","125"
"09062026","0","","YAMAHA","NMAX 125","Barcelona","Cataluña","125"
"09062026","0","","HONDA","PCX 125","Córdoba","Andalucía","125"
"09062026","0","","HONDA","NX500","Valencia/València","Comunidad Valenciana","471"
"09062026","0","","QJMOTOR","ATR 125 E5+","Illes Balears","Illes Balears","125"
"09062026","0","","BSA","BANTAM","Madrid","Comunidad de Madrid","334"
"09062026","0","","ZONTES","125X","Pontevedra","Galicia","125"
"09062026","0","","KYMCO","DTX","Bizkaia","País Vasco","124"
"09062026","0","","VOGE","625DSX","Valencia/València","Comunidad Valenciana","581"
"09062026","0","","ZONTES","ZT125-Z2","Valladolid","Castilla y León","125"
"09062026","0","","VOGE","DS525X","Asturias","Principado de Asturias","494"
"09062026","0","","HONDA","VISION 110","Barcelona","Cataluña","109"
"09062026","0","","KTM","KTM 390 ENDURO R","Alicante/Alacant","Comunidad Valenciana","399"
"09062026","0","","BMW","R 1300 GS","Alicante/Alacant","Comunidad Valenciana","1300"
"09062026","0","","HONDA","PCX 125","Granada","Andalucía","125"
"09062026","0","","YAMAHA","NMAX 125","Granada","Andalucía","125"
"09062026","0","","YAMAHA","MT-09","Granada","Andalucía","890"
"09062026","0","","PEUGEOT","PULSION EVO","Ciudad Real","Castilla-La Mancha","125"
"09062026","0","","ZONTES","125X","Huelva","Andalucía","125"
"09062026","0","","ZONTES","125X","Alicante/Alacant","Comunidad Valenciana","125"
"09062026","0","","HONDA","Rebel 500","Asturias","Principado de Asturias","471"
"09062026","0","","KYMCO","AGILITY S","Illes Balears","Illes Balears","125"
"09062026","0","","YAMAHA","MT-125","Illes Balears","Illes Balears","125"
"09062026","0","","YAMAHA","NMAX 125","Illes Balears","Illes Balears","125"
"09062026","0","","HONDA","NX500","Valencia/València","Comunidad Valenciana","471"
"09062026","0","","HONDA","PCX 125","Sevilla","Andalucía","125"
"09062026","0","","CFMOTO","1000MT-X","Zamora","Castilla y León","946"
"09062026","0","","HONDA","SH125i","Illes Balears","Illes Balears","125"
"09062026","0","","ZONTES","368G","Córdoba","Andalucía","368"
"09062026","0","","KYMCO","DTX","Asturias","Principado de Asturias","124"
"09062026","0","","YAMAHA","XMAX 125","Palmas (Las)","Canarias","125"
"09062026","0","","ZONTES","368G","Illes Balears","Illes Balears","368"
"09062026","0","","QJMOTOR","SRK 125 R E5+","Santa Cruz de Tenerife","Canarias","125"
"09062026","0","","VOGE","DS900X","Asturias","Principado de Asturias","895"
"09062026","0","","BAJAJ","PULSAR NS 125","Zaragoza","Aragón","124"
"09062026","0","","ZONTES","368G","Madrid","Comunidad de Madrid","368"
"09062026","0","","VOGE","SR1ADV","Cádiz","Andalucía","125"
"09062026","0","","ZONTES","125X","Valencia/València","Comunidad Valenciana","125"
"09062026","0","","YAMAHA","RayZR 125","Madrid","Comunidad de Madrid","125"
"09062026","0","","MACBOR","ROCKSTER FLAT 125 EVO","Burgos","Castilla y León","125"
"09062026","0","","HONDA","SH Mode 125","Barcelona","Cataluña","125"
"09062026","0","","SYM","SYMPHONY 125","Illes Balears","Illes Balears","125"
"09062026","0","","KYMCO","AGILITY S","Asturias","Principado de Asturias","125"
"09062026","0","","PIAGGIO","VESPA PRIMAVERA 125","Málaga","Andalucía","124"
"09062026","0","","ZONTES","125C","Huelva","Andalucía","125"
"09062026","0","","SUZUKI","GSX-S 1000","Huelva","Andalucía","999"
"09062026","0","","VOGE","DS900X","Málaga","Andalucía","895"
"09062026","0","","ROYAL ENFIELD","CLASSIC 350","Málaga","Andalucía","349"
"09062026","0","","YAMAHA","RayZR 125","Almería","Andalucía","125"
"09062026","0","","CYCLONE","LS-Z","Valencia/València","Comunidad Valenciana","124"
"09062026","0","","SYM","SYMPHONY 125","Gipuzkoa","País Vasco","125"
"09062026","0","","SYM","SYMPHONY 125","Huesca","Aragón","125"
"09062026","0","","SYM","JET 14","Barcelona","Cataluña","125"
"09062026","0","","VOGE","625DSX","Palmas (Las)","Canarias","581"
"09062026","0","","VOGE","SR1ADV","Illes Balears","Illes Balears","125"
"09062026","0","","HONDA","NX500","Barcelona","Cataluña","471"
"09062026","0","","SYM","SYMPHONY 125","Illes Balears","Illes Balears","125"
"09062026","0","","YAMAHA","MT-07","Navarra","Comunidad Foral de Navarra","689"
"09062026","0","","SYM","CRUISYM 125 TCS E5+","Ciudad Real","Castilla-La Mancha","124"
"09062026","0","","RIEJU","N/A","Alicante/Alacant","Comunidad Valenciana","125"
"09062026","0","","QJMOTOR","MTX 125 E5+","Coruña (A)","Galicia","125"
"09062026","0","","YAMAHA","RayZR 125","Alicante/Alacant","Comunidad Valenciana","125"
"09062026","0","","YAMAHA","WR125","Coruña (A)","Galicia","125"
"09062026","0","","ZONTES","368G","Málaga","Andalucía","368"
"09062026","0","","HONDA","VISION 110","Barcelona","Cataluña","109"
"09062026","0","","ZONTES","125C","Madrid","Comunidad de Madrid","125"
"09062026","0","","VOGE","R125","Córdoba","Andalucía","125"
"09062026","0","","ZONTES","125X","Granada","Andalucía","125"
"09062026","0","","KYMCO","DTX","Alicante/Alacant","Comunidad Valenciana","124"
"09062026","0","","SYM","ADX 125 LC TCS E5+","Alicante/Alacant","Comunidad Valenciana","125"
"09062026","0","","BMW","F 800 GS","Cádiz","Andalucía","895"
"09062026","0","","BMW","C 400 GT","Barcelona","Cataluña","350"
"09062026","0","","BMW","R 1300 RT","Barcelona","Cataluña","1300"
"09062026","0","","ZONTES","125X","Córdoba","Andalucía","125"
"09062026","0","","YAMAHA","TMAX 560","Bizkaia","País Vasco","562"
"09062026","0","","KAWASAKI","Z900","Málaga","Andalucía","948"
"09062026","0","","CYCLONE","RX2","Valencia/València","Comunidad Valenciana","124"
"09062026","0","","QJMOTOR","SRK 125 S E5+","Burgos","Castilla y León","125"
"09062026","0","","ZONTES","125C","Cuenca","Castilla-La Mancha","125"
"09062026","0","","CFMOTO","675SR-R","Ciudad Real","Castilla-La Mancha","674"
"09062026","0","","HONDA","PCX 125","Alicante/Alacant","Comunidad Valenciana","125"
"09062026","0","","ZONTES","703RR","Pontevedra","Galicia","699"
"09062026","0","","HONDA","PCX 125","Málaga","Andalucía","125"
"09062026","0","","BENDA","NAPOLEON 125","Valencia/València","Comunidad Valenciana","125"
"09062026","0","","HONDA","PCX 125","Madrid","Comunidad de Madrid","125"
"09062026","0","","ZONTES","ZT125-G1","Albacete","Castilla-La Mancha","125"
"09062026","0","","YAMAHA","XMAX 300","Madrid","Comunidad de Madrid","292"
"09062026","0","","YAMAHA","RayZR 125","Sevilla","Andalucía","125"
"09062026","0","","ZONTES","368G","Barcelona","Cataluña","368"
"09062026","0","","YAMAHA","MT-07","Málaga","Andalucía","689"
"09062026","0","","ZONTES","368G","Valencia/València","Comunidad Valenciana","368"
"09062026","0","","YAMAHA","TMAX 560","Alicante/Alacant","Comunidad Valenciana","562"
"09062026","0","","ZONTES","ZT125-Z2","Pontevedra","Galicia","125"
"09062026","0","","BENDA","NAPOLEON 125","Illes Balears","Illes Balears","125"
"09062026","0","","ZONTES","125X","Asturias","Principado de Asturias","125"
"09062026","0","","SYM","SYMPHONY 125","Granada","Andalucía","125"
"09062026","0","","ZONTES","125X","Málaga","Andalucía","125"
"09062026","0","","BENDA","NAPOLEON 125","Valencia/València","Comunidad Valenciana","125"
"09062026","0","","ZONTES","368G","Almería","Andalucía","368"
"09062026","0","","YAMAHA","XMAX 125","Valencia/València","Comunidad Valenciana","125"
"09062026","0","","VOGE","SR3","Navarra","Comunidad Foral de Navarra","244"
"09062026","0","","MITT","125 DESERT","Ciudad Real","Castilla-La Mancha","125"
"09062026","0","","ZONTES","350R","Madrid","Comunidad de Madrid","348"
"09062026","0","","YAMAHA","RayZR 125","Girona","Cataluña","125"
"09062026","0","","YAMAHA","NMAX 125","Jaén","Andalucía","125"
"09062026","0","","ZONTES","ZT125-GK","Sevilla","Andalucía","125"
"09062026","0","","VOGE","SR1ADV","Málaga","Andalucía","125"
"09062026","0","","SYM","JET X","Barcelona","Cataluña","125"
"09062026","0","","DUCATI","PANIGALE V4","Madrid","Comunidad de Madrid","1103"
"09062026","0","","HONDA","VISION 110","Girona","Cataluña","109"
"09062026","0","","MOTO GUZZI","STELVIO (A.R.A.S.)","Tarragona","Cataluña","1042"
"09062026","0","","KAWASAKI","Z900","Valencia/València","Comunidad Valenciana","948"
"09062026","0","","HERO MOTOCORP","X PULSE 200 4V","Zamora","Castilla y León","200"
"09062026","0","","VOGE","SR1","Madrid","Comunidad de Madrid","125"
"09062026","0","","YAMAHA","XMAX 125","Badajoz","Extremadura","125"
"09062026","0","","KAWASAKI","NINJA ZX-4R","Girona","Cataluña","399"
"09062026","0","","HONDA","XL750 Transalp","Pontevedra","Galicia","755"
"09062026","0","","HONDA","FORZA125","Barcelona","Cataluña","125"
"09062026","0","","SUZUKI","ADDRESS 125","Alicante/Alacant","Comunidad Valenciana","124"
"09062026","0","","SYM","SYMPHONY 125","Barcelona","Cataluña","125"
"09062026","0","","YAMAHA","NMAX 125","Almería","Andalucía","125"
"09062026","0","","HERO MOTOCORP","X PULSE 200 4V","Asturias","Principado de Asturias","200"
"09062026","0","","PIAGGIO","VESPA GTS 125","Valladolid","Castilla y León","125"
"09062026","0","","BENDA","NAPOLEON 500","Madrid","Comunidad de Madrid","476"
"09062026","0","","SYM","JOYMAX Z 300 E5+","Madrid","Comunidad de Madrid","278"
"09062026","0","","MITT","TY125T-26G","Granada","Andalucía","125"
"09062026","0","","KYMCO","DTX","Alicante/Alacant","Comunidad Valenciana","124"
"09062026","0","","LETBE","VELOCITY","Illes Balears","Illes Balears","125"
"09062026","0","","HONDA","PCX 125","Illes Balears","Illes Balears","125"
"09062026","0","","HONDA","CBR500","Valladolid","Castilla y León","471"
"09062026","0","","HONDA","SH125i","Cádiz","Andalucía","125"
"09062026","0","","YAMAHA","TMAX 560","Asturias","Principado de Asturias","562"
"09062026","0","","KEEWAY","RKS 125","Cantabria","Cantabria","124"
"09062026","0","","BMW","F 800 GS","Madrid","Comunidad de Madrid","895"
"09062026","0","","YAMAHA","NMAX 125","Barcelona","Cataluña","125"
"09062026","0","","TRIUMPH","TRACKER 400","Cádiz","Andalucía","398"
"09062026","0","","MOTO MORINI","X-CAPE 1200","Madrid","Comunidad de Madrid","1187"
"09062026","0","","CFMOTO","450MT","Palmas (Las)","Canarias","449"
"09062026","0","","HONDA","XL750 Transalp","Barcelona","Cataluña","755"
"09062026","0","","HONDA","SH125i","Sevilla","Andalucía","125"
"09062026","0","","HONDA","ADV 350","Málaga","Andalucía","330"
"09062026","0","","SYM","SYMPHONY 125","Illes Balears","Illes Balears","125"
"09062026","0","","PIAGGIO","VESPA PRIMAVERA 125","Madrid","Comunidad de Madrid","124"
"09062026","0","","KYMCO","AGILITY S","Illes Balears","Illes Balears","125"
"09062026","0","","ZONTES","368G","Huelva","Andalucía","368"
"09062026","0","","ZONTES","368G","Madrid","Comunidad de Madrid","368"
"09062026","0","","SYM","SYMPHONY 125","Gipuzkoa","País Vasco","125"
"09062026","0","","QJMOTOR","SRT 700 X E5+","Valladolid","Castilla y León","698"
"09062026","0","","ZONTES","368G","Cádiz","Andalucía","368"
"09062026","0","","MACBOR","ROCKSTER FLAT 125 EVO","Valencia/València","Comunidad Valenciana","125"
"09062026","0","","YAMAHA","RayZR 125","Huelva","Andalucía","125"
"09062026","0","","VOGE","625DSX","Barcelona","Cataluña","581"
"09062026","0","","ZONTES","703F","Barcelona","Cataluña","699"
"09062026","0","","HONDA","CB 125 F","Palmas (Las)","Canarias","124"
"09062026","0","","HONDA","SH125i","Barcelona","Cataluña","125"
"09062026","0","","CYCLONE","RX2","Valladolid","Castilla y León","124"
"09062026","0","","SYM","JET 14","Sevilla","Andalucía","125"
"09062026","0","","HONDA","NX500","Madrid","Comunidad de Madrid","471"
"09062026","0","","YAMAHA","XSR-700","Asturias","Principado de Asturias","689"
"09062026","0","","ZONTES","368D","Guadalajara","Castilla-La Mancha","368"
"09062026","0","","KYMCO","AGILITY S","Málaga","Andalucía","125"
"09062026","0","","VOGE","DS800X RALLY","Málaga","Andalucía","798"
"09062026","0","","HONDA","ADV 750","Girona","Cataluña","745"
"09062026","0","","HONDA","PCX 125","Castellón/Castelló","Comunidad Valenciana","125"
"09062026","0","","VOGE","625R","Illes Balears","Illes Balears","581"
"09062026","0","","HONDA","CBR 650 R","Valencia/València","Comunidad Valenciana","649"
"09062026","0","","VOGE","SR1","Santa Cruz de Tenerife","Canarias","125"
"09062026","0","","VOGE","R125S","Tarragona","Cataluña","125"
"09062026","0","","ZONTES","368G","Madrid","Comunidad de Madrid","368"
"09062026","0","","HONDA","XL750 Transalp","Barcelona","Cataluña","755"
"09062026","0","","YAMAHA","NMAX 125","Cádiz","Andalucía","125"
"09062026","0","","PIAGGIO","LIBERTY 125 ABS","Alicante/Alacant","Comunidad Valenciana","124"
"09062026","0","","SYM","JET X","Málaga","Andalucía","125"
"09062026","0","","HONDA","SH350i","Cádiz","Andalucía","330"
"09062026","0","","MACBOR","MONTANA XR1 125 EVO","Barcelona","Cataluña","124"
"09062026","0","","HONDA","PCX 125","Alicante/Alacant","Comunidad Valenciana","125"
"09062026","0","","HONDA","PCX 125","Alicante/Alacant","Comunidad Valenciana","125"
"09062026","0","","YAMAHA","RayZR 125","Almería","Andalucía","125"
"09062026","0","","YAMAHA","RayZR 125","Almería","Andalucía","125"
"09062026","0","","HONDA","SH125i","Barcelona","Cataluña","125"
"09062026","0","","BMW","S 1000 RR","Madrid","Comunidad de Madrid","999"
"09062026","0","","BAJAJ","PULSAR NS 400 Z","Castellón/Castelló","Comunidad Valenciana","373"
"09062026","0","","HONDA","CBR 650 R","Coruña (A)","Galicia","649"
"09062026","0","","YAMAHA","NMAX 125","Barcelona","Cataluña","125"
"09062026","0","","HONDA","PCX 125","Málaga","Andalucía","125"
"09062026","0","","ZONTES","125X","Alicante/Alacant","Comunidad Valenciana","125"
"09062026","0","","YAMAHA","MT-125","Málaga","Andalucía","125"
"09062026","0","","MORBIDELLI","SC125 RE","Cantabria","Cantabria","125"
"09062026","0","","NEXT","NX CROSS 125I","Córdoba","Andalucía","125"
"09062026","0","","YAMAHA","XMAX 300","Santa Cruz de Tenerife","Canarias","292"
"09062026","0","","YAMAHA","NMAX 125","Valencia/València","Comunidad Valenciana","125"
"09062026","0","","VOGE","625R","Málaga","Andalucía","581"
"09062026","0","","ZONTES","368G","Barcelona","Cataluña","368"
"09062026","0","","HONDA","PCX 125","Córdoba","Andalucía","125"
"09062026","0","","YAMAHA","NMAX 125","Barcelona","Cataluña","125"
"09062026","0","","ZONTES","703RR","Madrid","Comunidad de Madrid","699"
"09062026","0","","HONDA","GB350S","Santa Cruz de Tenerife","Canarias","348"
"09062026","0","","ROYAL ENFIELD","HIMALAYAN 452","Barcelona","Cataluña","452"
"09062026","0","","HONDA","FORZA125","Barcelona","Cataluña","125"
"09062026","0","","MITT","IBIZA","Castellón/Castelló","Comunidad Valenciana","125"
"09062026","0","","HONDA","CBR500","Palmas (Las)","Canarias","471"
"09062026","0","","HONDA","PCX 125","Málaga","Andalucía","125"
"09062026","0","","VOGE","DS900X","Zaragoza","Aragón","895"
"09062026","0","","YAMAHA","NMAX 125","Málaga","Andalucía","125"
"09062026","0","","VOGE","SR4 MAX","Santa Cruz de Tenerife","Canarias","350"
"09062026","0","","SUZUKI","AVENIS 125","Málaga","Andalucía","124"
"09062026","0","","YAMAHA","TMAX 560","Alicante/Alacant","Comunidad Valenciana","562"
"09062026","0","","YAMAHA","TMAX 560","Málaga","Andalucía","562"
"09062026","0","","CFMOTO","675SR-R","Málaga","Andalucía","674"
"09062026","0","","MH MOTORCYCLES","VRS","Sevilla","Andalucía","124"
"09062026","0","","KTM","KTM 125 DUKE","Guadalajara","Castilla-La Mancha","125"
"09062026","0","","SYM","SYMPHONY 125","Illes Balears","Illes Balears","125"
"09062026","0","","HONDA","FORZA125","Huelva","Andalucía","125"
"09062026","0","","ZONTES","368E","Madrid","Comunidad de Madrid","368"
"09062026","0","","HONDA","ADV 750","Málaga","Andalucía","745"
"09062026","0","","SUZUKI","AVENIS 125","Málaga","Andalucía","124"
"09062026","0","","PIAGGIO","LIBERTY 125 ABS","Illes Balears","Illes Balears","124"
"09062026","0","","YAMAHA","YZF-R9","Madrid","Comunidad de Madrid","890"
"09062026","0","","HONDA","CB650RA","Madrid","Comunidad de Madrid","649"
"09062026","0","","HERO MOTOCORP","HUNK 440","Palmas (Las)","Canarias","440"
"09062026","0","","YAMAHA","MT-125","Tarragona","Cataluña","125"
"09062026","0","","SYM","SYMPHONY 125","Barcelona","Cataluña","125"
"09062026","0","","BMW","F 800 GS","Málaga","Andalucía","895"
"09062026","0","","KEEWAY","VIESTE 125","Asturias","Principado de Asturias","125"
"09062026","0","","SUZUKI","GSX-S125","Sevilla","Andalucía","124"
"09062026","0","","BETA","N/A","Barcelona","Cataluña","293"
"09062026","0","","SYM","SYMPHONY 125","Girona","Cataluña","125"
"09062026","0","","KEEWAY","RKS 125","Zaragoza","Aragón","124"
"09062026","0","","SYM","SYMPHONY 125","Málaga","Andalucía","125"
"09062026","0","","VOGE","DS900X","Madrid","Comunidad de Madrid","895"
"09062026","0","","HONDA","PCX 125","Valencia/València","Comunidad Valenciana","125"
"09062026","0","","HONDA","PCX 125","Málaga","Andalucía","125"
"09062026","0","","ZONTES","368G","Cádiz","Andalucía","368"
"09062026","0","","YAMAHA","XMAX 125","Granada","Andalucía","125"
"09062026","0","","KYMCO","SKYTOWN 125","Alicante/Alacant","Comunidad Valenciana","125"
"09062026","0","","HONDA","ADV 350","Sevilla","Andalucía","330"
"09062026","0","","YAMAHA","XMAX 125","Coruña (A)","Galicia","125"
"09062026","0","","HONDA","ADV 350","Barcelona","Cataluña","330"
"09062026","0","","LAMBRETTA","V125 SPECIAL FLEX","Alicante/Alacant","Comunidad Valenciana","125"
"09062026","0","","HONDA","PCX 125","Cádiz","Andalucía","125"
"09062026","0","","REDMOTO","---","Zaragoza","Aragón","296"
"09062026","0","","ZONTES","125C","Madrid","Comunidad de Madrid","125"
"09062026","0","","ZONTES","125X","Cádiz","Andalucía","125"
"09062026","0","","HONDA","NX500","Barcelona","Cataluña","471"
"09062026","0","","HONDA","FORZA125","Madrid","Comunidad de Madrid","125"
"09062026","0","","VOGE","625DSX","Santa Cruz de Tenerife","Canarias","581"
"09062026","0","","KYMCO","DTX","Tarragona","Cataluña","124"
"09062026","0","","ZONTES","125X","Valencia/València","Comunidad Valenciana","125"
"09062026","0","","YAMAHA","XMAX 125","Granada","Andalucía","125"
"09062026","0","","YAMAHA","NMAX 125","Madrid","Comunidad de Madrid","125"
"09062026","0","","HONDA","VISION 110","Málaga","Andalucía","109"
"09062026","0","","KEEWAY","RKS 125","Alicante/Alacant","Comunidad Valenciana","124"
"09062026","0","","VOGE","DS900X","Barcelona","Cataluña","895"
"09062026","0","","SYM","ADX 300 TCS","Barcelona","Cataluña","278"
"09062026","0","","YAMAHA","RayZR 125","Barcelona","Cataluña","125"
"09062026","0","","ZONTES","125X","Almería","Andalucía","125"
"09062026","0","","YAMAHA","MT-07","Palmas (Las)","Canarias","689"
"09062026","0","","QJMOTOR","ATR 125 E5+","Sevilla","Andalucía","125"
"09062026","0","","KAWASAKI","ELIMINATOR","Lleida","Cataluña","451"
"09062026","0","","HONDA","NX500","Lleida","Cataluña","471"
"09062026","0","","SUZUKI","GSX-S125","Alicante/Alacant","Comunidad Valenciana","124"
"09062026","0","","KEEWAY","VERSILIA 125","Madrid","Comunidad de Madrid","125"
"09062026","0","","KYMCO","AGILITY S","Gipuzkoa","País Vasco","125"
"09062026","0","","ZONTES","368G","Santa Cruz de Tenerife","Canarias","368"
"09062026","0","","SYM","SYMPHONY 125","Tarragona","Cataluña","125"
"09062026","0","","HONDA","PCX 125","Madrid","Comunidad de Madrid","125"
"09062026","0","","KYMCO","DTX","Cádiz","Andalucía","124"
"09062026","0","","MACBOR","MONTANA XR1 125 EVO","Málaga","Andalucía","124"
"09062026","0","","QJMOTOR","FORT 125 N E5+","Madrid","Comunidad de Madrid","125"
"09062026","0","","ZONTES","125X","Málaga","Andalucía","125"
"09062026","0","","SUZUKI","V-Strom 800","Madrid","Comunidad de Madrid","776"
"09062026","0","","YAMAHA","RayZR 125","Sevilla","Andalucía","125"
"09062026","0","","VOGE","625DSX","Illes Balears","Illes Balears","581"
"09062026","0","","SYM","SYMPHONY 125","Alicante/Alacant","Comunidad Valenciana","125"
"09062026","0","","KEEWAY","GEMMA","Málaga","Andalucía","117"
"09062026","0","","VOGE","625R","Madrid","Comunidad de Madrid","581"
"09062026","0","","YAMAHA","TMAX 560","Cádiz","Andalucía","562"
"09062026","0","","SYM","JET X","Tarragona","Cataluña","125"
"09062026","0","","YAMAHA","WR125","Madrid","Comunidad de Madrid","125"
"09062026","0","","LETBE","S125","Illes Balears","Illes Balears","125"
"09062026","0","","SUZUKI","AVENIS 125","Illes Balears","Illes Balears","124"
"09062026","0","","CFMOTO","1000MT-X","Pontevedra","Galicia","946"
"09062026","0","","VOGE","DS900X","Asturias","Principado de Asturias","895"
"09062026","0","","QJMOTOR","MTX 125 E5+","Valencia/València","Comunidad Valenciana","125"
"09062026","0","","YAMAHA","NMAX 125","Bizkaia","País Vasco","125"
"09062026","0","","YAMAHA","NMAX 125","Tarragona","Cataluña","125"
"09062026","0","","KTM","KTM 125 ENDURO","Granada","Andalucía","125"
"09062026","0","","HONDA","PCX 125","Barcelona","Cataluña","125"
"09062026","0","","YAMAHA","MT-09","Málaga","Andalucía","890"
"09062026","0","","QJMOTOR","SRT 900 S","Málaga","Andalucía","904"
"09062026","0","","KOVE","450 RALLY 2026","Burgos","Castilla y León","449"
"09062026","0","","HONDA","NX500","Valencia/València","Comunidad Valenciana","471"
"09062026","0","","HONDA","SH Mode 125","Valencia/València","Comunidad Valenciana","125"
"09062026","0","","KYMCO","DTX","Badajoz","Extremadura","124"
"09062026","0","","BMW","R 1300 RS","Palmas (Las)","Canarias","1300"
"09062026","0","","KYMCO","DTX","Pontevedra","Galicia","124"
"09062026","0","","VOGE","SR1ADV","Barcelona","Cataluña","125"
"09062026","0","","BMW","F 800 GS","Palmas (Las)","Canarias","895"
"09062026","0","","HONDA","SH125i","Málaga","Andalucía","125"
"09062026","0","","ZONTES","125X","Barcelona","Cataluña","125"
"09062026","0","","VOGE","DS800X RALLY","Valencia/València","Comunidad Valenciana","798"
"09062026","0","","SYM","JET 14","Illes Balears","Illes Balears","125"
"09062026","0","","CFMOTO","675NK","Barcelona","Cataluña","674"
"09062026","0","","VOGE","625DSX","Almería","Andalucía","581"
"09062026","0","","KYMCO","SUPER DINK GT","Ciudad Real","Castilla-La Mancha","321"
"09062026","0","","YAMAHA","XMAX 125","Málaga","Andalucía","125"
"09062026","0","","KTM","KTM 300 EXC","Valladolid","Castilla y León","293"
"09062026","0","","BAJAJ","PULSAR NS 125","Valencia/València","Comunidad Valenciana","124"
"09062026","0","","LAMBRETTA","V125 SPECIAL FLEX","Alicante/Alacant","Comunidad Valenciana","125"
"09062026","0","","VOGE","DS900X","Valencia/València","Comunidad Valenciana","895"
"09062026","0","","HONDA","CL500","Barcelona","Cataluña","471"
"09062026","0","","VOGE","R125S","Palmas (Las)","Canarias","125"
"09062026","0","","SYM","SYMPHONY 125","Barcelona","Cataluña","125"
"09062026","0","","ZONTES","703RR","Zaragoza","Aragón","699"
"09062026","0","","YAMAHA","MT-125","Valencia/València","Comunidad Valenciana","125"
"09062026","0","","MORBIDELLI","T502X","Bizkaia","País Vasco","486"
"09062026","0","","BMW","S 1000 XR","Barcelona","Cataluña","999"
"09062026","0","","HONDA","SH125i","Barcelona","Cataluña","125"
"09062026","0","","ZONTES","125X","Castellón/Castelló","Comunidad Valenciana","125"
"09062026","0","","KYMCO","PEOPLE S 125 E5+","Gipuzkoa","País Vasco","125"
"09062026","0","","SYM","ADX 300 TCS","Málaga","Andalucía","278"
"09062026","0","","HONDA","FORZA125","Málaga","Andalucía","125"
"09062026","0","","DUCATI","SCRAMBLER NIGHTSHIFT N","Gipuzkoa","País Vasco","803"
"09062026","0","","VOGE","SR16","Cádiz","Andalucía","125"
"09062026","0","","SYM","SYMPHONY 125","Gipuzkoa","País Vasco","125"
"09062026","0","","HARLEY-DAVIDSON","LOW RIDER S","Madrid","Comunidad de Madrid","1923"
"09062026","0","","HONDA","PCX 125","Sevilla","Andalucía","125"
"09062026","0","","HONDA","PCX 125","Valencia/València","Comunidad Valenciana","125"
"09062026","0","","ZONTES","368G","Málaga","Andalucía","368"
"09062026","0","","KYMCO","SUPER DINK GT 125 E5+","Bizkaia","País Vasco","124"
"09062026","0","","YAMAHA","XTZ 700 Tenere","Cantabria","Cantabria","689"
"09062026","0","","HONDA","PCX 125","Madrid","Comunidad de Madrid","125"
"09062026","0","","HONDA","ADV 350","Málaga","Andalucía","330"
"09062026","0","","SYM","JOYMAX Z 300 E5+","Madrid","Comunidad de Madrid","278"
"09062026","0","","KYMCO","AGILITY S","Málaga","Andalucía","125"
"09062026","0","","ZONTES","368G","Gipuzkoa","País Vasco","368"
"09062026","0","","SYM","SYMPHONY 125","Gipuzkoa","País Vasco","125"
"09062026","0","","HONDA","PCX 125","Málaga","Andalucía","125"
"09062026","0","","YAMAHA","NMAX 125","Cádiz","Andalucía","125"
"09062026","0","","HONDA","FORZA 750","Illes Balears","Illes Balears","745"
"09062026","0","","ZONTES","125D","Granada","Andalucía","125"
"09062026","0","","CFMOTO","800MT","Madrid","Comunidad de Madrid","799"
"09062026","0","","HONDA","NX500","Madrid","Comunidad de Madrid","471"
"09062026","0","","NEXT","NX CROSS 125I","Valencia/València","Comunidad Valenciana","125"
"09062026","0","","ZONTES","125X","Jaén","Andalucía","125"
"09062026","0","","KYMCO","AGILITY S","Albacete","Castilla-La Mancha","125"
"09062026","0","","MACBOR","EIGHT MILE 125 LC","Palmas (Las)","Canarias","124"
"09062026","0","","VOGE","DS900X","Jaén","Andalucía","895"
"09062026","0","","VOGE","300RALLY","Guadalajara","Castilla-La Mancha","292"
"09062026","0","","VOGE","DS525X","Zaragoza","Aragón","494"
"09062026","0","","YAMAHA","XMAX 125","Barcelona","Cataluña","125"
"09062026","0","","HONDA","CB 125 F","Madrid","Comunidad de Madrid","124"
"09062026","0","","RIEJU","NOT APPLICABLE","Girona","Cataluña","124"
"09062026","0","","VOGE","R125S","Cantabria","Cantabria","125"
"09062026","0","","PEUGEOT","KISBEE M","Madrid","Comunidad de Madrid","125"
"09062026","0","","SYM","ADX 300 TCS","Córdoba","Andalucía","278"
"09062026","0","","YAMAHA","XMAX 125","Sevilla","Andalucía","125"
"09062026","0","","HONDA","XL750 Transalp","Madrid","Comunidad de Madrid","755"
"09062026","0","","ZONTES","125X","Barcelona","Cataluña","125"
"09062026","0","","PEUGEOT","DJANGO","Alicante/Alacant","Comunidad Valenciana","125"
"09062026","0","","VOGE","R125","Santa Cruz de Tenerife","Canarias","125"
"09062026","0","","HONDA","XL750 Transalp","Barcelona","Cataluña","755"
"09062026","0","","SYM","SYMPHONY 125","Alicante/Alacant","Comunidad Valenciana","125"
"09062026","0","","ZONTES","125X","Granada","Andalucía","125"
"09062026","0","","TRIUMPH","DAYTONA 660","Granada","Andalucía","660"
"09062026","0","","HONDA","PCX 125","Cádiz","Andalucía","125"
"09062026","0","","VOGE","SR1ADV","Illes Balears","Illes Balears","125"
"09062026","0","","YAMAHA","NMAX 125","Illes Balears","Illes Balears","125"
"09062026","0","","ZONTES","125X","Illes Balears","Illes Balears","125"
"09062026","0","","VOGE","R125S","León","Castilla y León","125"
"09062026","0","","SYM","JET 14","Santa Cruz de Tenerife","Canarias","125"
"09062026","0","","HONDA","ADV 750","Navarra","Comunidad Foral de Navarra","745"
"09062026","0","","ZONTES","125X","Huelva","Andalucía","125"
"09062026","0","","YAMAHA","NMAX 125","Málaga","Andalucía","125"
"09062026","0","","ZONTES","703F","Toledo","Castilla-La Mancha","699"
"09062026","0","","RIEJU","RALLY 307","Madrid","Comunidad de Madrid","292"
"09062026","0","","PIAGGIO","LIBERTY 125 ABS","Cádiz","Andalucía","124"
"09062026","0","","MITT","TY125T-26F","Sevilla","Andalucía","125"
"09062026","0","","KEEWAY","V-CRUISE","Coruña (A)","Galicia","125"
"09062026","0","","YAMAHA","MT-09","Illes Balears","Illes Balears","890"
"09062026","0","","YAMAHA","NMAX 125","Sevilla","Andalucía","125"
"09062026","0","","HONDA","PCX 125","Valencia/València","Comunidad Valenciana","125"
"09062026","0","","PIAGGIO","VESPA GTS 125 SUPERTEC","Cádiz","Andalucía","125"
"09062026","0","","APRILIA","SR GT 125","Granada","Andalucía","125"
"09062026","0","","HONDA","VISION 110","Illes Balears","Illes Balears","109"
"09062026","0","","LAMBRETTA","V125 SPECIAL FLEX","Alicante/Alacant","Comunidad Valenciana","125"
"09062026","0","","PIAGGIO","VESPA GTS 125","Santa Cruz de Tenerife","Canarias","125"
"09062026","0","","MONTESA","COTA 4RT 301RR","Barcelona","Cataluña","298"
"09062026","0","","MONDIAL","PIEGA","Huesca","Aragón","124"
"09062026","0","","MACBOR","MONTANA XR1 125 EVO","Asturias","Principado de Asturias","124"
"09062026","0","","SUZUKI","GSX-S125","Salamanca","Castilla y León","124"
"09062026","0","","ZONTES","125X","Castellón/Castelló","Comunidad Valenciana","125"
"09062026","0","","SUZUKI","V-Strom 1050","Madrid","Comunidad de Madrid","1037"
"09062026","0","","BMW","S 1000 RR","Córdoba","Andalucía","999"
"09062026","0","","SYM","SYMPHONY 125","Barcelona","Cataluña","125"
"09062026","0","","MOTO MORINI","SEIEMMEZZO","Barcelona","Cataluña","649"
"09062026","0","","QJMOTOR","FORT 125 N E5+","Barcelona","Cataluña","125"
"09062026","0","","CFMOTO","1000MT-X","Lugo","Galicia","946"
"09062026","0","","DUCATI","MULTISTRADA V4","Bizkaia","País Vasco","1158"
"09062026","0","","HONDA","XL750 Transalp","Málaga","Andalucía","755"
"09062026","0","","VOGE","R125S","Cantabria","Cantabria","125"
"09062026","0","","SUZUKI","ADDRESS 125","Illes Balears","Illes Balears","124"
"09062026","0","","KAWASAKI","NINJA ZX-4R","Madrid","Comunidad de Madrid","399"
"09062026","0","","SYM","SYMPHONY 125","Barcelona","Cataluña","125"
"09062026","0","","HONDA","FORZA 350","Madrid","Comunidad de Madrid","330"
"09062026","0","","VOGE","R125S","Zaragoza","Aragón","125"
"09062026","0","","SUZUKI","GSX-8S","Barcelona","Cataluña","776"
"09062026","0","","VOGE","SR1ADV","Toledo","Castilla-La Mancha","125"
"09062026","0","","KOVE","KOVE 800 X RALLY","Valencia/València","Comunidad Valenciana","799"
"09062026","0","","ZONTES","125X","Málaga","Andalucía","125"
"09062026","0","","CFMOTO","1000MT-X","Barcelona","Cataluña","946"
"09062026","0","","ZONTES","125C","Toledo","Castilla-La Mancha","125"
"09062026","0","","ZONTES","125X","Granada","Andalucía","125"
"09062026","0","","VOGE","SR1ADV","Jaén","Andalucía","125"
"09062026","0","","SYM","JOYMAX Z 300 E5+","Pontevedra","Galicia","278"
"09062026","0","","ZONTES","368D","Sevilla","Andalucía","368"
"09062026","0","","ZONTES","ZT125-G1","Almería","Andalucía","125"
"09062026","0","","HONDA","PCX 125","Bizkaia","País Vasco","125"
"09062026","0","","MOTO MORINI","X-CAPE 1200","León","Castilla y León","1187"
"09062026","0","","APRILIA","SX 125","Lugo","Galicia","124"
"09062026","0","","YAMAHA","MT-125","Sevilla","Andalucía","125"
"09062026","0","","ZONTES","ZT125-U1","Zaragoza","Aragón","125"
"09062026","0","","SYM","SYMPHONY 125","Illes Balears","Illes Balears","125"
"09062026","0","","SYM","JET 14","Girona","Cataluña","125"
"09062026","0","","HONDA","PCX 125","Pontevedra","Galicia","125"
"09062026","0","","HONDA","SH350i","Barcelona","Cataluña","330"
"09062026","0","","KYMCO","DTX","Madrid","Comunidad de Madrid","321"
"09062026","0","","HONDA","FORZA 350","Alicante/Alacant","Comunidad Valenciana","330"
"09062026","0","","SYM","SYMPHONY 125","Barcelona","Cataluña","125"
"09062026","0","","KAWASAKI","NINJA ZX-6R","Madrid","Comunidad de Madrid","636"
"09062026","0","","BMW","F 800 GS","Sevilla","Andalucía","895"
"09062026","0","","CFMOTO","450MT","Badajoz","Extremadura","449"
"09062026","0","","VOGE","SR1ADV","Cádiz","Andalucía","125"
"09062026","0","","YAMAHA","NMAX 125","Lugo","Galicia","125"
"09062026","0","","HONDA","FORZA125","Valencia/València","Comunidad Valenciana","125"
"09062026","0","","DUCATI","DIAVEL V4","Lleida","Cataluña","1158"
"09062026","0","","ZONTES","125X","Madrid","Comunidad de Madrid","125"
"09062026","0","","HONDA","PCX 125","Madrid","Comunidad de Madrid","125"
"09062026","0","","KYMCO","AGILITY S","Sevilla","Andalucía","125"
"09062026","0","","HONDA","SH125i","Illes Balears","Illes Balears","125"
"09062026","0","","KYMCO","SUPER DINK GT 125 E5+","Granada","Andalucía","124"
"09062026","0","","ZONTES","368E","Palmas (Las)","Canarias","368"
"09062026","0","","HONDA","PCX 125","Granada","Andalucía","125"
"09062026","0","","VOGE","DS800X RALLY","Madrid","Comunidad de Madrid","798"
"09062026","0","","YAMAHA","MT-09","Illes Balears","Illes Balears","890"
"09062026","0","","VOGE","DS800X RALLY","Madrid","Comunidad de Madrid","798"
"09062026","0","","PIAGGIO","MEDLEY 125","Madrid","Comunidad de Madrid","125"
"09062026","0","","KAWASAKI","NINJA ZX-4R","Valladolid","Castilla y León","399"
"09062026","0","","HONDA","PCX 125","Cádiz","Andalucía","125"
"09062026","0","","KAWASAKI","NINJA 650","Barcelona","Cataluña","649"
"09062026","0","","ZONTES","125C","Barcelona","Cataluña","125"
"09062026","0","","SYM","JET 14","Barcelona","Cataluña","125"
"09062026","0","","VOGE","DS900X","Málaga","Andalucía","895"
"09062026","0","","ZONTES","125C","Madrid","Comunidad de Madrid","125"
"09062026","0","","YAMAHA","RayZR 125","Palmas (Las)","Canarias","125"
"09062026","0","","HONDA","CB650RA","Illes Balears","Illes Balears","649"
"09062026","0","","KYMCO","AGILITY S","Coruña (A)","Galicia","125"
"09062026","0","","ZONTES","368M","Illes Balears","Illes Balears","368"
"09062026","0","","ZONTES","703F","Girona","Cataluña","699"
"09062026","0","","VOGE","625DSX","Jaén","Andalucía","581"
"09062026","0","","HONDA","SH Mode 125","Gipuzkoa","País Vasco","125"
"09062026","0","","HONDA","SH125i","Tarragona","Cataluña","125"
"09062026","0","","CYCLONE","SR600-3B","Madrid","Comunidad de Madrid","549"
"09062026","0","","RIEJU","NKD 125","Tarragona","Cataluña","124"
"09062026","0","","APRILIA","TUAREG 660","Tarragona","Cataluña","659"
"09062026","0","","YAMAHA","NMAX 125","Huelva","Andalucía","125"
"09062026","0","","VOGE","SR1","Gipuzkoa","País Vasco","125"
"09062026","0","","MORBIDELLI","T502X","Zamora","Castilla y León","486"
"09062026","0","","CYCLONE","RT1","Santa Cruz de Tenerife","Canarias","125"
"09062026","0","","HONDA","XL750 Transalp","Valencia/València","Comunidad Valenciana","755"
"09062026","0","","HONDA","PCX 125","Barcelona","Cataluña","125"
"09062026","0","","RIEJU","RALLY 307","Alicante/Alacant","Comunidad Valenciana","292"
"09062026","0","","HONDA","XL750 Transalp","Tarragona","Cataluña","755"
"09062026","0","","YAMAHA","NMAX 125","Barcelona","Cataluña","125"
"09062026","0","","MITT","TY125T-58E","Cádiz","Andalucía","125"
"09062026","0","","YAMAHA","NMAX 125","Barcelona","Cataluña","125"
"09062026","0","","PEUGEOT","KISBEE M","Cádiz","Andalucía","125"
"09062026","0","","HONDA","VISION 110","Barcelona","Cataluña","109"
"09062026","0","","HONDA","NX500","Cádiz","Andalucía","471"
"09062026","0","","CYCLONE","RT1","Lleida","Cataluña","125"
"09062026","0","","HONDA","CBR500","Palencia","Castilla y León","471"
"09062026","0","","BMW","F 900 XR","Madrid","Comunidad de Madrid","895"
"09062026","0","","SYM","SYMPHONY 125","Illes Balears","Illes Balears","125"
"09062026","0","","KYMCO","AGILITY S","Illes Balears","Illes Balears","125"
"09062026","0","","SYM","SYMPHONY 125","Illes Balears","Illes Balears","125"
"09062026","0","","BMW","R 1300 GS","Barcelona","Cataluña","1300"
"09062026","0","","YAMAHA","TMAX 560","Valencia/València","Comunidad Valenciana","562"
"09062026","0","","KAWASAKI","ELIMINATOR","Alicante/Alacant","Comunidad Valenciana","451"
"09062026","0","","YAMAHA","NMAX 125","Málaga","Andalucía","125"
"09062026","0","","CFMOTO","450MT","Cádiz","Andalucía","449"
"09062026","0","","HONDA","Z125MA","Almería","Andalucía","124"
"09062026","0","","HONDA","XL750 Transalp","Barcelona","Cataluña","755"
"09062026","0","","YAMAHA","TRACER 700","Alicante/Alacant","Comunidad Valenciana","689"
"09062026","0","","SYM","SYMPHONY 125","Málaga","Andalucía","125"
"09062026","0","","KYMCO","SUPER DINK GT","Málaga","Andalucía","321"
"09062026","0","","SUZUKI","GSX-S125","Cádiz","Andalucía","124"
"09062026","0","","PEUGEOT","TWEET FL 125 CC","Ciudad Real","Castilla-La Mancha","125"
"09062026","0","","HONDA","PCX 125","Alicante/Alacant","Comunidad Valenciana","125"
"09062026","0","","ZONTES","ZT125-G1","Illes Balears","Illes Balears","125"
"09062026","0","","YAMAHA","NMAX 125","Sevilla","Andalucía","125"
"09062026","0","","HONDA","PCX 125","Valencia/València","Comunidad Valenciana","125"
"09062026","0","","YAMAHA","XMAX 125","Madrid","Comunidad de Madrid","125"
"09062026","0","","LAMBRETTA","V125 SPECIAL FLEX","Alicante/Alacant","Comunidad Valenciana","125"
"09062026","0","","HONDA","PCX 125","Valladolid","Castilla y León","125"
"09062026","0","","HONDA","ADV 750","Santa Cruz de Tenerife","Canarias","745"
"09062026","0","","YAMAHA","MT-09","Barcelona","Cataluña","890"
"09062026","0","","VOGE","SR1ADV","Granada","Andalucía","125"
"09062026","0","","BMW","C 400 GT","Barcelona","Cataluña","350"
"09062026","0","","SYM","ADX 125 LC TCS E5+","Barcelona","Cataluña","125"
"09062026","0","","KYMCO","SUPER DINK GT 125 E5+","Barcelona","Cataluña","124"
"09062026","0","","ZONTES","368G","Madrid","Comunidad de Madrid","368"
"09062026","0","","YAMAHA","MT-09","Madrid","Comunidad de Madrid","890"
"09062026","0","","SYM","SYMPHONY 125","Illes Balears","Illes Balears","125"
"09062026","0","","ZONTES","125X","Huelva","Andalucía","125"
"09062026","0","","KYMCO","DTX","Albacete","Castilla-La Mancha","124"
"09062026","0","","ZONTES","368G","Madrid","Comunidad de Madrid","368"
"09062026","0","","QJMOTOR","SRT 450 RX","Jaén","Andalucía","450"
"09062026","0","","TRIUMPH","BONNEVILLE T120","Girona","Cataluña","1200"
"09062026","0","","ZONTES","368G","Santa Cruz de Tenerife","Canarias","368"
"09062026","0","","PIAGGIO","VESPA PRIMAVERA 125","Granada","Andalucía","124"
"09062026","0","","HONDA","PCX 125","Santa Cruz de Tenerife","Canarias","125"
"09062026","0","","TRIUMPH","TIGER 1200 GT PRO","Burgos","Castilla y León","1160"
"09062026","0","","GASGAS","EC 300","Teruel","Aragón","293"
"09062026","0","","HONDA","ST125A","Tarragona","Cataluña","124"
"09062026","0","","ZONTES","ZT125-GK","Barcelona","Cataluña","125"
"09062026","0","","BMW","R 1300 GS ADVENTURE","Barcelona","Cataluña","1300"
"09062026","0","","HONDA","CBF 125","Palencia","Castilla y León","125"
"09062026","0","","SYM","SYMPHONY 125","Málaga","Andalucía","125"
"09062026","0","","VOGE","DS900X","Madrid","Comunidad de Madrid","895"
"09062026","0","","HARLEY-DAVIDSON","ROAD KING SPECIAL","Barcelona","Cataluña","1868"
"09062026","0","","LETBE","VELOCITY","Barcelona","Cataluña","125"
"09062026","0","","TRIUMPH","SCRAMBLER 400 X","Córdoba","Andalucía","398"
"09062026","0","","SYM","SYMPHONY 125","Barcelona","Cataluña","125"
"09062026","0","","ZONTES","125X","Illes Balears","Illes Balears","125"
"09062026","0","","MOTO MORINI","X-CAPE 700","Almería","Andalucía","693"
"09062026","0","","YAMAHA","NMAX 125","Cádiz","Andalucía","125"
"09062026","0","","BMW","F 900 GS","Madrid","Comunidad de Madrid","895"
"09062026","0","","ZONTES","368G","Barcelona","Cataluña","368"
"09062026","0","","HONDA","PCX 125","Valencia/València","Comunidad Valenciana","125"
"09062026","0","","YAMAHA","NMAX 125","Madrid","Comunidad de Madrid","125"
"09062026","0","","KYMCO","XCITING VS 400","Navarra","Comunidad Foral de Navarra","400"
"09062026","0","","YAMAHA","Tracer 9 GT","Valencia/València","Comunidad Valenciana","890"
"09062026","0","","VOGE","625DSX","Málaga","Andalucía","581"
"09062026","0","","HONDA","PCX 125","Alicante/Alacant","Comunidad Valenciana","125"
"09062026","0","","ZONTES","368G","Burgos","Castilla y León","368"
"09062026","0","","CFMOTO","450MT","Cádiz","Andalucía","449"
"09062026","0","","HONDA","SH125i","Barcelona","Cataluña","125"
"09062026","0","","HONDA","SH350i","Barcelona","Cataluña","330"
"09062026","0","","HONDA","CBR500","Palmas (Las)","Canarias","471"
"09062026","0","","SYM","ADX 125 LC TCS E5+","Girona","Cataluña","125"
"09062026","0","","YAMAHA","MT-07","Cádiz","Andalucía","689"
"09062026","0","","ZONTES","368G","Córdoba","Andalucía","368"
"09062026","0","","BMW","F 800 GS","Madrid","Comunidad de Madrid","895"
"09062026","0","","SUZUKI","GSX-8S","Alicante/Alacant","Comunidad Valenciana","776"
"09062026","0","","HONDA","FORZA 350","Valencia/València","Comunidad Valenciana","330"
"09062026","0","","VOGE","R125S","Illes Balears","Illes Balears","125"
"09062026","0","","ZONTES","368G","Valladolid","Castilla y León","368"
"09062026","0","","HONDA","FORZA125","Madrid","Comunidad de Madrid","125"
"09062026","0","","SYM","SYMPHONY 125","Coruña (A)","Galicia","125"
"09062026","0","","ZONTES","368G","Valencia/València","Comunidad Valenciana","368"
"09062026","0","","YAMAHA","TRICITY 125","Asturias","Principado de Asturias","125"
"09062026","0","","MACBOR","ROCKSTER FLAT 125","Cádiz","Andalucía","125"
"09062026","0","","SYM","SYMPHONY 125","Gipuzkoa","País Vasco","125"
"09062026","0","","SYM","SYMPHONY 125","Illes Balears","Illes Balears","125"
"09062026","0","","ZONTES","125C","Madrid","Comunidad de Madrid","125"
"09062026","0","","KTM","KTM 125 SMC R","Granada","Andalucía","125"
"09062026","0","","ZONTES","368G","Melilla","Melilla","368"
"09062026","0","","BMW","R 1300 GS","Palmas (Las)","Canarias","1300"
"09062026","0","","VOGE","DS800X RALLY","Málaga","Andalucía","798"
"09062026","0","","KTM","KTM 250 EXC","Granada","Andalucía","250"
"09062026","0","","QJMOTOR","SRT 450 RX","Asturias","Principado de Asturias","450"
"09062026","0","","HONDA","FORZA125","Santa Cruz de Tenerife","Canarias","125"
"09062026","0","","KAWASAKI","Z900","Granada","Andalucía","948"
"09062026","0","","APRILIA","SR GT 400","Bizkaia","País Vasco","399"
"09062026","0","","SYM","SYMPHONY 125","Tarragona","Cataluña","125"
"09062026","0","","KYMCO","DTX","Cantabria","Cantabria","124"
"09062026","0","","HONDA","SH125i","Barcelona","Cataluña","125"
"09062026","0","","HONDA","FORZA 750","Barcelona","Cataluña","745"
"09062026","0","","SYM","SYMPHONY 125","Barcelona","Cataluña","125"
"09062026","0","","YAMAHA","MT-09","Barcelona","Cataluña","890"
"09062026","0","","HONDA","FORZA125","Valencia/València","Comunidad Valenciana","125"
"09062026","0","","QJMOTOR","SRV 125 E5+","Málaga","Andalucía","125"
"09062026","0","","VOGE","DS800X RALLY","Madrid","Comunidad de Madrid","798"
"09062026","0","","YAMAHA","XMAX 300","Madrid","Comunidad de Madrid","292"
"09062026","0","","BMW","F 900 GS","Madrid","Comunidad de Madrid","895"
"09062026","0","","ZONTES","125X","Illes Balears","Illes Balears","125"
"09062026","0","","DUCATI","SCRAMBLER ICON DUCATI","Illes Balears","Illes Balears","803"
"09062026","0","","VOGE","300RALLY","Gipuzkoa","País Vasco","292"
"09062026","0","","HONDA","PCX 125","Valladolid","Castilla y León","125"
"09062026","0","","MACBOR","EIGHT MILE 125 LC","Madrid","Comunidad de Madrid","124"
"09062026","0","","KYMCO","DTX","Granada","Andalucía","124"
"09062026","0","","HONDA","PCX 125","Málaga","Andalucía","125"
"09062026","0","","VOGE","DS900X","Jaén","Andalucía","895"
"09062026","0","","YAMAHA","XMAX 125","Málaga","Andalucía","125"
"09062026","0","","PIAGGIO","VESPA GTS","Santa Cruz de Tenerife","Canarias","310"
"09062026","0","","RIEJU","N/A","Huesca","Aragón","125"
"09062026","0","","KYMCO","AGILITY S","Córdoba","Andalucía","125"
"09062026","0","","ZONTES","368E","Toledo","Castilla-La Mancha","368"
"09062026","0","","YAMAHA","XMAX 300","Madrid","Comunidad de Madrid","292"
"09062026","0","","PEUGEOT","DJANGO","León","Castilla y León","125"
"09062026","0","","MOTO MORINI","X-CAPE 1200","Zaragoza","Aragón","1187"
"09062026","0","","YAMAHA","MT-09","Barcelona","Cataluña","890"
"09062026","0","","HONDA","SH Mode 125","Valencia/València","Comunidad Valenciana","125"
"09062026","0","","KOVE","KOVE 800 X RALLY","Barcelona","Cataluña","799"
"09062026","0","","LETBE","ISLAND","Melilla","Melilla","125"
"09062026","0","","ZONTES","368G","Barcelona","Cataluña","368"
"09062026","0","","MACBOR","MONTANA XR1 125 EVO","Girona","Cataluña","124"
"09062026","0","","HONDA","PCX 125","Illes Balears","Illes Balears","125"
"09062026","0","","MH MOTORCYCLES","TRAY","Coruña (A)","Galicia","125"
"09062026","0","","BMW","R 1300 GS","Illes Balears","Illes Balears","1300"
"09062026","0","","KAWASAKI","Z900","Sevilla","Andalucía","948"
"09062026","0","","SYM","SYMPHONY 125","Barcelona","Cataluña","125"
"09062026","0","","HONDA","CB 125 F","Lugo","Galicia","124"
"09062026","0","","YAMAHA","RayZR 125","Madrid","Comunidad de Madrid","125"
"09062026","0","","SYM","SYMPHONY 125","Illes Balears","Illes Balears","125"
"09062026","0","","YAMAHA","NMAX 125","Granada","Andalucía","125"
"09062026","0","","YAMAHA","MT-07","Tarragona","Cataluña","689"
"09062026","0","","YAMAHA","NMAX 125","Alicante/Alacant","Comunidad Valenciana","125"
"09062026","0","","HONDA","ADV 750","Palmas (Las)","Canarias","745"
"09062026","0","","LINHAI","BUCK ADV","Alicante/Alacant","Comunidad Valenciana","124"
"09062026","0","","PIAGGIO","MEDLEY 125","Granada","Andalucía","125"
"09062026","0","","VOGE","R125","Santa Cruz de Tenerife","Canarias","125"
"09062026","0","","CFMOTO","1000MT-X","Pontevedra","Galicia","946"
"09062026","0","","HONDA","XL750 Transalp","Madrid","Comunidad de Madrid","755"
"09062026","0","","HONDA","CB500FAC","Valencia/València","Comunidad Valenciana","471"
"09062026","0","","HONDA","CBR500","Barcelona","Cataluña","471"
"09062026","0","","CYCLONE","RX2","Palmas (Las)","Canarias","124"
"09062026","0","","YAMAHA","NMAX 125","Barcelona","Cataluña","125"
"09062026","0","","KTM","KTM 690 SMC R","Valencia/València","Comunidad Valenciana","693"
"09062026","0","","RIEJU","NKD 125","Guadalajara","Castilla-La Mancha","124"
"09062026","0","","KAWASAKI","NINJA ZX-6R","Zamora","Castilla y León","636"
"09062026","0","","KTM","KTM 125 SMC R","Lleida","Cataluña","125"
"09062026","0","","HONDA","XL750 Transalp","Palmas (Las)","Canarias","755"
"09062026","0","","KYMCO","DTX","Ciudad Real","Castilla-La Mancha","124"
"09062026","0","","HONDA","CBR500","Alicante/Alacant","Comunidad Valenciana","471"
"09062026","0","","ZONTES","368G","Santa Cruz de Tenerife","Canarias","368"
"09062026","0","","ZONTES","368G","Barcelona","Cataluña","368"
"09062026","0","","YAMAHA","XTZ 700 Tenere","Cádiz","Andalucía","689"
"09062026","0","","HONDA","ADV 750","Alicante/Alacant","Comunidad Valenciana","745"
"09062026","0","","VOGE","DS525X","Toledo","Castilla-La Mancha","494"
"09062026","0","","MH MOTORCYCLES","TRAY","Burgos","Castilla y León","125"
"09062026","0","","KYMCO","AGILITY S","Alicante/Alacant","Comunidad Valenciana","125"
"09062026","0","","HONDA","FORZA 350","Sevilla","Andalucía","330"
"09062026","0","","HONDA","CB 125 F","Sevilla","Andalucía","124"
"09062026","0","","ZONTES","368G","Palmas (Las)","Canarias","368"
"09062026","0","","ZONTES","125X","Valencia/València","Comunidad Valenciana","125"
"09062026","0","","HONDA","PCX 125","Valencia/València","Comunidad Valenciana","125"
"09062026","0","","KYMCO","AGILITY S","Cádiz","Andalucía","125"
"09062026","0","","TRIUMPH","SPEED 400","Castellón/Castelló","Comunidad Valenciana","398"
"09062026","0","","SYM","FIDDLE 125 E5","Huelva","Andalucía","125"
"09062026","0","","PEUGEOT","KISBEE M","Madrid","Comunidad de Madrid","125"
"09062026","0","","APRILIA","SR GT 125","Cádiz","Andalucía","125"
"09062026","0","","YAMAHA","NMAX 125","Málaga","Andalucía","125"
"09062026","0","","HONDA","FORZA 350","Valencia/València","Comunidad Valenciana","330"
"09062026","0","","ZONTES","125C","Guadalajara","Castilla-La Mancha","125"
"09062026","0","","HONDA","FORZA 350","Alicante/Alacant","Comunidad Valenciana","330"
"09062026","0","","MORBIDELLI","SC125LX","Girona","Cataluña","125"
"09062026","0","","BMW","R 1300 RT","Valencia/València","Comunidad Valenciana","1300"
"09062026","0","","HONDA","SH350i","Illes Balears","Illes Balears","330"
"09062026","0","","HONDA","CMX1100","Coruña (A)","Galicia","1084"
"09062026","0","","TRIUMPH","DAYTONA 660","Illes Balears","Illes Balears","660"
"09062026","0","","KYMCO","AGILITY S","Barcelona","Cataluña","125"
"09062026","0","","ZONTES","368G","Jaén","Andalucía","368"
"09062026","0","","HONDA","FORZA 350","Madrid","Comunidad de Madrid","330"
"09062026","0","","SYM","JET X","Alicante/Alacant","Comunidad Valenciana","125"
"09062026","0","","VOGE","SR1","Pontevedra","Galicia","125"
"09062026","0","","KYMCO","SUPER DINK GT","Girona","Cataluña","321"
"09062026","0","","ZONTES","368G","Cádiz","Andalucía","368"
"09062026","0","","SUZUKI","AVENIS 125","Alicante/Alacant","Comunidad Valenciana","124"
"09062026","0","","KYMCO","AGILITY S","Córdoba","Andalucía","125"
"09062026","0","","ZONTES","368G","Tarragona","Cataluña","368"
"09062026","0","","ZONTES","368K","Madrid","Comunidad de Madrid","368"
"09062026","0","","SUZUKI","DR-Z400","Valencia/València","Comunidad Valenciana","398"
"09062026","0","","BMW","R 1300 GS","Madrid","Comunidad de Madrid","1300"
"09062026","0","","MOTO MORINI","X-CAPE 700","Valencia/València","Comunidad Valenciana","693"
"09062026","0","","YAMAHA","Tracer 9 GT","Cádiz","Andalucía","890"
"09062026","0","","HONDA","SH125i","Barcelona","Cataluña","125"
