FEC_MATRICULA,COD_CLASE_MAT,FEC_TRAMITACION,MARCA_ITV,MODELO_ITV,PROVINCIA_VEH,COMUNIDAD_AUTONOMA,CILINDRADA_ITV
"11062026","0","","APRILIA","SR GT 400","Málaga","Andalucía","399"
"11062026","0","","SUZUKI","GSX-S125","Sevilla","Andalucía","124"
"11062026","0","","CFMOTO","125 NK","Zaragoza","Aragón","124"
"11062026","0","","SYM","SYMPHONY 125","Murcia","Región de Murcia","125"
"11062026","0","","SYM","SYMPHONY 125","Illes Balears","Illes Balears","125"
"11062026","0","","HONDA","PCX 125","Málaga","Andalucía","125"
"11062026","0","","HONDA","ADV 750","Palmas (Las)","Canarias","745"
"11062026","0","","HONDA","ADV 350","Málaga","Andalucía","330"
"11062026","0","","BAJAJ","PULSAR NS 400 Z","Barcelona","Cataluña","373"
"11062026","0","","YAMAHA","NMAX 125","Valencia/València","Comunidad Valenciana","125"
"11062026","0","","KYMCO","PEOPLE S 125 E5+","Gipuzkoa","País Vasco","125"
"11062026","0","","HONDA","PCX 125","Murcia","Región de Murcia","125"
"11062026","0","","YAMAHA","MT-07","Alicante/Alacant","Comunidad Valenciana","689"
"11062026","0","","HONDA","VISION 110","Barcelona","Cataluña","109"
"11062026","0","","SYM","SYMPHONY 125","Barcelona","Cataluña","125"
"11062026","0","","VOGE","DS900X","Lleida","Cataluña","895"
"11062026","0","","SYM","JET X","Almería","Andalucía","125"
"11062026","0","","SYM","ADX 300 TCS","Girona","Cataluña","278"
"11062026","0","","YAMAHA","XSR-700","Málaga","Andalucía","689"
"11062026","0","","HONDA","VISION 110","Barcelona","Cataluña","109"
"11062026","0","","YAMAHA","MT-09","Valencia/València","Comunidad Valenciana","890"
"11062026","0","","PIAGGIO","LIBERTY 125 ABS","Illes Balears","Illes Balears","124"
"11062026","0","","MACBOR","MONTANA XR1 125 EVO","Sevilla","Andalucía","124"
"11062026","0","","ZONTES","368G","Murcia","Región de Murcia","368"
"11062026","0","","PEUGEOT","KISBEE M","Madrid","Comunidad de Madrid","125"
"11062026","0","","HONDA","VISION 110","Girona","Cataluña","109"
"11062026","0","","ZONTES","125X","Murcia","Región de Murcia","125"
"11062026","0","","HONDA","PCX 125","Cádiz","Andalucía","125"
"11062026","0","","HONDA","ADV 350","Alicante/Alacant","Comunidad Valenciana","330"
"11062026","0","","SYM","JET 14","Granada","Andalucía","125"
"11062026","0","","ZONTES","368G","Málaga","Andalucía","368"
"11062026","0","","BETA","N/A","Asturias","Principado de Asturias","190"
"11062026","0","","QJMOTOR","SRT 900 S","Granada","Andalucía","904"
"11062026","0","","ZONTES","ZT125-G1","Barcelona","Cataluña","125"
"11062026","0","","ZONTES","368G","Illes Balears","Illes Balears","368"
"11062026","0","","QJMOTOR","SRV 12 E5+","Santa Cruz de Tenerife","Canarias","125"
"11062026","0","","YAMAHA","NMAX 125","Alicante/Alacant","Comunidad Valenciana","125"
"11062026","0","","SYM","SYMPHONY 125","Castellón/Castelló","Comunidad Valenciana","125"
"11062026","0","","HUSQVARNA","HUSQVARNA FE 350","Málaga","Andalucía","350"
"11062026","0","","BMW","M 1000 XR","Zaragoza","Aragón","999"
"11062026","0","","YAMAHA","XMAX 300","Barcelona","Cataluña","292"
"11062026","0","","ZONTES","125X","Bizkaia","País Vasco","125"
"11062026","0","","YAMAHA","YZF-R9","Madrid","Comunidad de Madrid","890"
"11062026","0","","HONDA","XL750 Transalp","León","Castilla y León","755"
"11062026","0","","ZONTES","368E","Madrid","Comunidad de Madrid","368"
"11062026","0","","ZONTES","125X","Barcelona","Cataluña","125"
"11062026","0","","KYMCO","SUPER DINK GT","Madrid","Comunidad de Madrid","321"
"11062026","0","","ZONTES","125D","Sevilla","Andalucía","125"
"11062026","0","","CFMOTO","450MT","Madrid","Comunidad de Madrid","449"
"11062026","0","","ZONTES","125C","Barcelona","Cataluña","125"
"11062026","0","","HONDA","SH125i","Girona","Cataluña","125"
"11062026","0","","BMW","S 1000 R","Santa Cruz de Tenerife","Canarias","999"
"11062026","0","","HONDA","SH Mode 125","Illes Balears","Illes Balears","125"
"11062026","0","","ZONTES","125X","Illes Balears","Illes Balears","125"
"11062026","0","","HONDA","SH125i","Girona","Cataluña","125"
"11062026","0","","HONDA","SH Mode 125","Illes Balears","Illes Balears","125"
"11062026","0","","ZONTES","368G","Cádiz","Andalucía","368"
"11062026","0","","YAMAHA","NMAX 125","Valencia/València","Comunidad Valenciana","125"
"11062026","0","","ZONTES","ZT125-Z2","Salamanca","Castilla y León","125"
"11062026","0","","HONDA","SH Mode 125","Illes Balears","Illes Balears","125"
"11062026","0","","VOGE","625DSX","Illes Balears","Illes Balears","581"
"11062026","0","","CFMOTO","450MT","Granada","Andalucía","449"
"11062026","0","","HARLEY-DAVIDSON","LOW RIDER ST","Ourense","Galicia","1923"
"11062026","0","","VOGE","DS800X RALLY","Zaragoza","Aragón","798"
"11062026","0","","HONDA","SH Mode 125","Girona","Cataluña","125"
"11062026","0","","BMW","C 400 GT","Málaga","Andalucía","350"
"11062026","0","","HONDA","PCX 125","Santa Cruz de Tenerife","Canarias","125"
"11062026","0","","ZONTES","125X","Málaga","Andalucía","125"
"11062026","0","","ZONTES","703RR","Cádiz","Andalucía","699"
"11062026","0","","HONDA","SH125i","Álava/Araba","País Vasco","125"
"11062026","0","","ZONTES","125X","Barcelona","Cataluña","125"
"11062026","0","","SYM","JET 14","Madrid","Comunidad de Madrid","125"
"11062026","0","","YAMAHA","MT-07","Sevilla","Andalucía","689"
"11062026","0","","SYM","JOYMAX Z 300 E5+","Valencia/València","Comunidad Valenciana","278"
"11062026","0","","ZONTES","125X","Cantabria","Cantabria","125"
"11062026","0","","SUZUKI","AVENIS 125","Málaga","Andalucía","124"
"11062026","0","","HONDA","CB500FAC","Alicante/Alacant","Comunidad Valenciana","471"
"11062026","0","","VOGE","R125S","Asturias","Principado de Asturias","125"
"11062026","0","","ZONTES","125X","Barcelona","Cataluña","125"
"11062026","0","","SUZUKI","GSX-8S","Girona","Cataluña","776"
"11062026","0","","SYM","JET X","Cádiz","Andalucía","125"
"11062026","0","","KAWASAKI","Z900","Madrid","Comunidad de Madrid","948"
"11062026","0","","KYMCO","SKYTOWN 125","Madrid","Comunidad de Madrid","125"
"11062026","0","","KAWASAKI","VERSYS 1100","Illes Balears","Illes Balears","1099"
"11062026","0","","PEUGEOT","KISBEE M","Málaga","Andalucía","125"
"11062026","0","","HERO MOTOCORP","X PULSE 200 4V","Gipuzkoa","País Vasco","200"
"11062026","0","","YAMAHA","XSR-125","Madrid","Comunidad de Madrid","125"
"11062026","0","","ZONTES","125C","Alicante/Alacant","Comunidad Valenciana","125"
"11062026","0","","KAWASAKI","Z500","Lleida","Cataluña","451"
"11062026","0","","YAMAHA","NMAX 125","Alicante/Alacant","Comunidad Valenciana","125"
"11062026","0","","YAMAHA","TRICITY 125","Navarra","Comunidad Foral de Navarra","125"
"11062026","0","","KTM","KTM 390 DUKE","Murcia","Región de Murcia","399"
"11062026","0","","KYMCO","SKYTOWN 125","Madrid","Comunidad de Madrid","125"
"11062026","0","","KYMCO","SKYTOWN 125","Madrid","Comunidad de Madrid","125"
"11062026","0","","VOGE","R125S","Zaragoza","Aragón","125"
"11062026","0","","DUCATI","MULTISTRADA V2","Barcelona","Cataluña","890"
"11062026","0","","HONDA","SH350i","Barcelona","Cataluña","330"
"11062026","0","","YAMAHA","TRICITY 125","Barcelona","Cataluña","125"
"11062026","0","","YAMAHA","R125","Madrid","Comunidad de Madrid","125"
"11062026","0","","ZONTES","ZT125-Z2","Navarra","Comunidad Foral de Navarra","125"
"11062026","0","","CFMOTO","675SR-R","Girona","Cataluña","674"
"11062026","0","","VOGE","DS800X RALLY","León","Castilla y León","798"
"11062026","0","","BMW","R 1300 RT","Cádiz","Andalucía","1300"
"11062026","0","","DUCATI","STREETFIGHTER","Alicante/Alacant","Comunidad Valenciana","890"
"11062026","0","","YAMAHA","R7","Barcelona","Cataluña","689"
"11062026","0","","VOGE","DS800X RALLY","Cáceres","Extremadura","798"
"11062026","0","","HONDA","NX500","Barcelona","Cataluña","471"
"11062026","0","","KYMCO","AGILITY S","Valencia/València","Comunidad Valenciana","125"
"11062026","0","","HONDA","SH Mode 125","Barcelona","Cataluña","125"
"11062026","0","","KTM","KTM 390 ADVENTURE R","Madrid","Comunidad de Madrid","399"
"11062026","0","","TRIUMPH","TIGER 900 ALPINE EDITI","Cádiz","Andalucía","888"
"11062026","0","","KTM","KTM 890 ADVENTURE R","Guadalajara","Castilla-La Mancha","889"
"11062026","0","","HONDA","ADV 350","Tarragona","Cataluña","330"
"11062026","0","","HONDA","FORZA125","Alicante/Alacant","Comunidad Valenciana","125"
"11062026","0","","HONDA","CRF 300 L","Barcelona","Cataluña","286"
"11062026","0","","KYMCO","SKYTOWN 125","Navarra","Comunidad Foral de Navarra","125"
"11062026","0","","HONDA","FORZA 750","Málaga","Andalucía","745"
"11062026","0","","LAMBRETTA","V125 SPECIAL FLEX","Illes Balears","Illes Balears","125"
"11062026","0","","MACBOR","MONTANA XR5 510 E5+","Barcelona","Cataluña","498"
"11062026","0","","HONDA","ADV 350","Barcelona","Cataluña","330"
"11062026","0","","HONDA","ADV 350","Valencia/València","Comunidad Valenciana","330"
"11062026","0","","KYMCO","SKYTOWN 125","Málaga","Andalucía","125"
"11062026","0","","VOGE","625DSX","Girona","Cataluña","581"
"11062026","0","","RIEJU","NKD 125","Gipuzkoa","País Vasco","124"
"11062026","0","","ZONTES","125X","Cádiz","Andalucía","125"
"11062026","0","","SYM","JET X","Granada","Andalucía","125"
"11062026","0","","VOGE","R125S","Madrid","Comunidad de Madrid","125"
"11062026","0","","ZONTES","368G","Zaragoza","Aragón","368"
"11062026","0","","HONDA","CBF 125","Illes Balears","Illes Balears","125"
"11062026","0","","YAMAHA","NMAX 125","Cádiz","Andalucía","125"
"11062026","0","","KYMCO","AGILITY S","Málaga","Andalucía","125"
"11062026","0","","KYMCO","DTX","Albacete","Castilla-La Mancha","124"
"11062026","0","","MITT","GT-S","Ciudad Real","Castilla-La Mancha","125"
"11062026","0","","SYM","FUGUE 125 ABS TOP CASE","Málaga","Andalucía","124"
"11062026","0","","YAMAHA","MT-09","Málaga","Andalucía","890"
"11062026","0","","CFMOTO","675NK","Madrid","Comunidad de Madrid","674"
"11062026","0","","VOGE","SR1ADV","Toledo","Castilla-La Mancha","125"
"11062026","0","","HONDA","FORZA125","Palmas (Las)","Canarias","125"
"11062026","0","","ZONTES","ZT125-U1","Málaga","Andalucía","125"
"11062026","0","","HONDA","SH Mode 125","Illes Balears","Illes Balears","125"
"11062026","0","","QJMOTOR","MTX 125 E5+","Barcelona","Cataluña","125"
"11062026","0","","HONDA","PCX 125","Cádiz","Andalucía","125"
"11062026","0","","KYMCO","DTX","Barcelona","Cataluña","321"
"11062026","0","","HONDA","ST125A","Ceuta","Ceuta","124"
"11062026","0","","ZONTES","125X","Zaragoza","Aragón","125"
"11062026","0","","VOGE","DS900X","Girona","Cataluña","895"
"11062026","0","","BMW","M 1000 XR","León","Castilla y León","999"
"11062026","0","","HONDA","FORZA125","Barcelona","Cataluña","125"
"11062026","0","","HONDA","SH Mode 125","Badajoz","Extremadura","125"
"11062026","0","","KYMCO","DTX","Valencia/València","Comunidad Valenciana","124"
"11062026","0","","YAMAHA","XMAX 300","Valencia/València","Comunidad Valenciana","292"
"11062026","0","","HONDA","CB 500 F","Málaga","Andalucía","471"
"11062026","0","","HONDA","SH Mode 125","Illes Balears","Illes Balears","125"
"11062026","0","","HONDA","FORZA125","Illes Balears","Illes Balears","125"
"11062026","0","","CFMOTO","800MT-X","Bizkaia","País Vasco","799"
"11062026","0","","YAMAHA","WR125","Illes Balears","Illes Balears","125"
"11062026","0","","HONDA","SH Mode 125","Illes Balears","Illes Balears","125"
"11062026","0","","VOGE","SR1ADV","Toledo","Castilla-La Mancha","125"
"11062026","0","","BMW","R 1300 GS ADVENTURE","Madrid","Comunidad de Madrid","1300"
"11062026","0","","HONDA","SH Mode 125","Illes Balears","Illes Balears","125"
"11062026","0","","HONDA","PCX 125","Castellón/Castelló","Comunidad Valenciana","125"
"11062026","0","","CFMOTO","675SR-R","Málaga","Andalucía","674"
"11062026","0","","YAMAHA","XMAX 125","Lugo","Galicia","125"
"11062026","0","","BMW","M 1000 R","Valladolid","Castilla y León","999"
"11062026","0","","HONDA","CB650RA","Valencia/València","Comunidad Valenciana","649"
"11062026","0","","BMW","R 1300 GS","Cádiz","Andalucía","1300"
"11062026","0","","SYM","CRUISYM 125 TCS E5+","Zaragoza","Aragón","124"
"11062026","0","","KAWASAKI","Z500","Valencia/València","Comunidad Valenciana","451"
"11062026","0","","PIAGGIO","LIBERTY 125 ABS","Málaga","Andalucía","124"
"11062026","0","","YAMAHA","Tracer 9 GT","Valencia/València","Comunidad Valenciana","890"
"11062026","0","","YAMAHA","R7","Tarragona","Cataluña","689"
"11062026","0","","BENELLI","IMPERIALE 400","Navarra","Comunidad Foral de Navarra","374"
"11062026","0","","HONDA","VISION 110","Girona","Cataluña","109"
"11062026","0","","KYMCO","SKYTOWN 125","Cádiz","Andalucía","125"
"11062026","0","","KYMCO","SKYTOWN 125","Madrid","Comunidad de Madrid","125"
"11062026","0","","SYM","JET 14","Cádiz","Andalucía","125"
"11062026","0","","YAMAHA","XTZ 700 Tenere","Barcelona","Cataluña","689"
"11062026","0","","YAMAHA","RayZR 125","Sevilla","Andalucía","125"
"11062026","0","","SYM","SYMPHONY 125","Cádiz","Andalucía","125"
"11062026","0","","YAMAHA","TRICITY 125","Guadalajara","Castilla-La Mancha","125"
"11062026","0","","CFMOTO","675SR-R","Barcelona","Cataluña","674"
"11062026","0","","KTM","KTM 125 DUKE","Toledo","Castilla-La Mancha","125"
"11062026","0","","CFMOTO","700MT","Cádiz","Andalucía","693"
"11062026","0","","HONDA","PCX 125","Huelva","Andalucía","125"
"11062026","0","","CYCLONE","RA125 PLUS","Granada","Andalucía","124"
"11062026","0","","ZONTES","125X","Zaragoza","Aragón","125"
"11062026","0","","PEUGEOT","PULSION EVO","Alicante/Alacant","Comunidad Valenciana","125"
"11062026","0","","ZONTES","368G","Illes Balears","Illes Balears","368"
"11062026","0","","TRIUMPH","TIGER 900 GT PRO","Madrid","Comunidad de Madrid","888"
"11062026","0","","ZONTES","125X","Cantabria","Cantabria","125"
"11062026","0","","HARLEY-DAVIDSON","STREET BOB","Granada","Andalucía","1923"
"11062026","0","","HUSQVARNA","HUSQVARNA 801 SVARTPIL","Madrid","Comunidad de Madrid","799"
"11062026","0","","YAMAHA","MT-07","Lleida","Cataluña","689"
"11062026","0","","HONDA","CBR600R3","Navarra","Comunidad Foral de Navarra","599"
"11062026","0","","SYM","JET 14","Madrid","Comunidad de Madrid","125"
"11062026","0","","ZONTES","ZT125-Z2","Murcia","Región de Murcia","125"
"11062026","0","","ZONTES","368G","Cádiz","Andalucía","368"
"11062026","0","","SYM","FUGUE 125 ABS TOP CASE","Cantabria","Cantabria","124"
"11062026","0","","QJMOTOR","MTX 125 E5+","Barcelona","Cataluña","125"
"11062026","0","","YAMAHA","MT-07","Barcelona","Cataluña","689"
"11062026","0","","HONDA","SH350i","Zaragoza","Aragón","330"
"11062026","0","","YAMAHA","TMAX 560","Cádiz","Andalucía","562"
"11062026","0","","APRILIA","SX 125","Murcia","Región de Murcia","124"
"11062026","0","","VOGE","300RALLY","Barcelona","Cataluña","292"
"11062026","0","","HONDA","PCX 125","Málaga","Andalucía","125"
"11062026","0","","HONDA","PCX 125","Cádiz","Andalucía","125"
"11062026","0","","HONDA","SH Mode 125","Illes Balears","Illes Balears","125"
"11062026","0","","ZONTES","368G","Tarragona","Cataluña","368"
"11062026","0","","VOGE","DS800X RALLY","Tarragona","Cataluña","798"
"11062026","0","","MACBOR","MONTANA XR1 125 EVO","Alicante/Alacant","Comunidad Valenciana","124"
"11062026","0","","KAWASAKI","Z900","Pontevedra","Galicia","948"
"11062026","0","","BENELLI","BKX 300","Madrid","Comunidad de Madrid","292"
"11062026","0","","YAMAHA","XMAX 125","Girona","Cataluña","125"
"11062026","0","","YAMAHA","MT-07","Madrid","Comunidad de Madrid","689"
"11062026","0","","PIAGGIO","VESPA GTS 125","Córdoba","Andalucía","125"
"11062026","0","","BETA","N/A","Tarragona","Cataluña","349"
"11062026","0","","HONDA","FORZA125","Pontevedra","Galicia","125"
"11062026","0","","ZONTES","125X","Zaragoza","Aragón","125"
"11062026","0","","ZONTES","368G","Tarragona","Cataluña","368"
"11062026","0","","QJMOTOR","LTR 125 E5+","Barcelona","Cataluña","125"
"11062026","0","","MITT","TY125T-58E","Girona","Cataluña","125"
"11062026","0","","KYMCO","SKYTOWN 125","Gipuzkoa","País Vasco","125"
"11062026","0","","HONDA","XL750 Transalp","Valencia/València","Comunidad Valenciana","755"
"11062026","0","","HONDA","CBR 650 R","Málaga","Andalucía","649"
"11062026","0","","BMW","C 400 GT","Barcelona","Cataluña","350"
"11062026","0","","ZONTES","ZT125-U","Valencia/València","Comunidad Valenciana","125"
"11062026","0","","SYM","JET 14","Coruña (A)","Galicia","125"
"11062026","0","","QJMOTOR","SRV 125 E5+","Sevilla","Andalucía","125"
"11062026","0","","HONDA","CB650RA","Valencia/València","Comunidad Valenciana","649"
"11062026","0","","YAMAHA","RayZR 125","Lugo","Galicia","125"
"11062026","0","","HONDA","CB750 Hornet","Illes Balears","Illes Balears","755"
"11062026","0","","HONDA","Rebel 500","Palmas (Las)","Canarias","471"
"11062026","0","","ZONTES","ZT125-U1","Navarra","Comunidad Foral de Navarra","125"
"11062026","0","","ZONTES","125E","Sevilla","Andalucía","125"
"11062026","0","","BMW","F 900 XR A2","Barcelona","Cataluña","895"
"11062026","0","","BETA","N/A","Tarragona","Cataluña","125"
"11062026","0","","HONDA","SH Mode 125","Illes Balears","Illes Balears","125"
"11062026","0","","QJMOTOR","SRV 125 E5+","Alicante/Alacant","Comunidad Valenciana","125"
"11062026","0","","HONDA","SH125i","Málaga","Andalucía","125"
"11062026","0","","HONDA","SH Mode 125","Illes Balears","Illes Balears","125"
"11062026","0","","ZONTES","368G","Ceuta","Ceuta","368"
"11062026","0","","HONDA","CBR 650 R","Barcelona","Cataluña","649"
"11062026","0","","HONDA","PCX 125","Murcia","Región de Murcia","125"
"11062026","0","","MITT","EMPEROR","Barcelona","Cataluña","125"
"11062026","0","","DUCATI","MULTISTRADA V2","Barcelona","Cataluña","890"
"11062026","0","","YAMAHA","NMAX 125","Barcelona","Cataluña","125"
"11062026","0","","YAMAHA","XMAX 125","Valencia/València","Comunidad Valenciana","125"
"11062026","0","","YAMAHA","R125","Madrid","Comunidad de Madrid","125"
"11062026","0","","YAMAHA","RayZR 125","Sevilla","Andalucía","125"
"11062026","0","","VOGE","SR16","Teruel","Aragón","125"
"11062026","0","","KYMCO","DTX","Badajoz","Extremadura","124"
"11062026","0","","CYCLONE","RX2","Zamora","Castilla y León","124"
"11062026","0","","VOGE","625R","Barcelona","Cataluña","581"
"11062026","0","","HONDA","SH Mode 125","Illes Balears","Illes Balears","125"
"11062026","0","","HONDA","FORZA 350","Valencia/València","Comunidad Valenciana","330"
"11062026","0","","YAMAHA","NMAX 125","Illes Balears","Illes Balears","125"
"11062026","0","","MACBOR","MONTANA XR1 125 EVO","Santa Cruz de Tenerife","Canarias","124"
"11062026","0","","QJMOTOR","ATR 125 E5+","Ourense","Galicia","125"
"11062026","0","","VOGE","625R","Almería","Andalucía","581"
"11062026","0","","BMW","F 900 GS","Barcelona","Cataluña","895"
"11062026","0","","CYCLONE","RX2","Málaga","Andalucía","124"
"11062026","0","","HONDA","ADV 350","Barcelona","Cataluña","330"
"11062026","0","","PIAGGIO","VESPA GTS SUPERTECH","Málaga","Andalucía","310"
"11062026","0","","VOGE","R125S","Bizkaia","País Vasco","125"
"11062026","0","","ZONTES","368G","Illes Balears","Illes Balears","368"
"11062026","0","","HONDA","FORZA125","Barcelona","Cataluña","125"
"11062026","0","","ZONTES","ZT125-U1","Asturias","Principado de Asturias","125"
"11062026","0","","HONDA","ADV 350","Palmas (Las)","Canarias","330"
"11062026","0","","ROYAL ENFIELD","CLASSIC 350","Barcelona","Cataluña","349"
"11062026","0","","HONDA","ADV 350","Girona","Cataluña","330"
"11062026","0","","YAMAHA","XMAX 125","Barcelona","Cataluña","125"
"11062026","0","","SHERCO","300 SE-R","Córdoba","Andalucía","293"
"11062026","0","","HONDA","FORZA125","Cádiz","Andalucía","125"
"11062026","0","","QJMOTOR","SRK 600","Córdoba","Andalucía","554"
"11062026","0","","KYMCO","DTX","Huelva","Andalucía","124"
"11062026","0","","HONDA","PCX 125","Alicante/Alacant","Comunidad Valenciana","125"
"11062026","0","","ZONTES","125X","Illes Balears","Illes Balears","125"
"11062026","0","","ZONTES","368G","Barcelona","Cataluña","368"
"11062026","0","","ZONTES","125X","Badajoz","Extremadura","125"
"11062026","0","","HONDA","SH Mode 125","Girona","Cataluña","125"
"11062026","0","","SYM","JET 14","Gipuzkoa","País Vasco","125"
"11062026","0","","BMW","C 400 X","Tarragona","Cataluña","350"
"11062026","0","","SUZUKI","GSX-S 1000","Valencia/València","Comunidad Valenciana","999"
"11062026","0","","PEUGEOT","KISBEE M","Madrid","Comunidad de Madrid","125"
"11062026","0","","DUCATI","SCRAMBLER ICON DARK","Barcelona","Cataluña","803"
"11062026","0","","ZONTES","125D","Alicante/Alacant","Comunidad Valenciana","125"
"11062026","0","","SYM","SYMPHONY 125","Málaga","Andalucía","125"
"11062026","0","","YAMAHA","NMAX 125","Valencia/València","Comunidad Valenciana","125"
"11062026","0","","SUZUKI","GSX-8S","Palmas (Las)","Canarias","776"
"11062026","0","","PIAGGIO","MEDLEY 125","Cádiz","Andalucía","125"
"11062026","0","","KAWASAKI","Z900","Barcelona","Cataluña","948"
"11062026","0","","HONDA","ADV 350","Illes Balears","Illes Balears","330"
"11062026","0","","HONDA","XL750 Transalp","Madrid","Comunidad de Madrid","755"
"11062026","0","","SYM","SYMPHONY 125","Málaga","Andalucía","125"
"11062026","0","","SYM","JET 14","Illes Balears","Illes Balears","125"
"11062026","0","","HONDA","SH Mode 125","Illes Balears","Illes Balears","125"
"11062026","0","","ZONTES","125X","Málaga","Andalucía","125"
"11062026","0","","SYM","JET 14","Córdoba","Andalucía","125"
"11062026","0","","KOVE","450 RALLY 2026","Gipuzkoa","País Vasco","449"
"11062026","0","","KEEWAY","VIESTE 300XDV","Asturias","Principado de Asturias","278"
"11062026","0","","TRIUMPH","TRIDENT 660","Cádiz","Andalucía","660"
"11062026","0","","YAMAHA","NMAX 125","Barcelona","Cataluña","125"
"11062026","0","","CYCLONE","LS-Z","Bizkaia","País Vasco","124"
"11062026","0","","HONDA","FORZA 750","Barcelona","Cataluña","745"
"11062026","0","","BENELLI","BKX 125","Asturias","Principado de Asturias","125"
"11062026","0","","HONDA","PCX 125","Alicante/Alacant","Comunidad Valenciana","125"
"11062026","0","","HONDA","ADV 750","Tarragona","Cataluña","745"
"11062026","0","","KYMCO","SKYTOWN 125","Madrid","Comunidad de Madrid","125"
"11062026","0","","VOGE","625DSX","Guadalajara","Castilla-La Mancha","581"
"11062026","0","","ZONTES","368G","Barcelona","Cataluña","368"
"11062026","0","","MITT","TY125T-26G","Madrid","Comunidad de Madrid","125"
"11062026","0","","APRILIA","SR GT 125","Palmas (Las)","Canarias","125"
"11062026","0","","PEUGEOT","KISBEE M","Cádiz","Andalucía","125"
"11062026","0","","CFMOTO","450MT","Sevilla","Andalucía","449"
"11062026","0","","HONDA","ADV 750","Málaga","Andalucía","745"
"11062026","0","","PEUGEOT","KISBEE M","Ciudad Real","Castilla-La Mancha","125"
"11062026","0","","HONDA","SH Mode 125","Illes Balears","Illes Balears","125"
"11062026","0","","SYM","JET X","Castellón/Castelló","Comunidad Valenciana","125"
"11062026","0","","KTM","KTM 790 DUKE","Madrid","Comunidad de Madrid","799"
"11062026","0","","KEEWAY","V-CRUISE","Barcelona","Cataluña","125"
"11062026","0","","HONDA","PCX 125","Málaga","Andalucía","125"
"11062026","0","","KYMCO","SUPER DINK GT","Madrid","Comunidad de Madrid","321"
"11062026","0","","ZONTES","368G","Madrid","Comunidad de Madrid","368"
"11062026","0","","CFMOTO","125 NK","Huesca","Aragón","124"
"11062026","0","","HONDA","FORZA125","Málaga","Andalucía","125"
"11062026","0","","KTM","KTM 390 DUKE","Badajoz","Extremadura","399"
"11062026","0","","HONDA","ADV 750","Palmas (Las)","Canarias","745"
"11062026","0","","HONDA","ADV 350","Málaga","Andalucía","330"
"11062026","0","","HONDA","ADV 350","Málaga","Andalucía","330"
"11062026","0","","KYMCO","DTX","Barcelona","Cataluña","321"
"11062026","0","","VOGE","DS900X","Toledo","Castilla-La Mancha","895"
"11062026","0","","HONDA","FORZA 350","Castellón/Castelló","Comunidad Valenciana","330"
"11062026","0","","HONDA","CB750 Hornet","Alicante/Alacant","Comunidad Valenciana","755"
"11062026","0","","VOGE","DS800X RALLY","Madrid","Comunidad de Madrid","798"
"11062026","0","","KYMCO","SKYTOWN 125","Madrid","Comunidad de Madrid","125"
"11062026","0","","ZONTES","125D","Barcelona","Cataluña","125"
"11062026","0","","BMW","F 900 XR","Sevilla","Andalucía","895"
"11062026","0","","HONDA","SH Mode 125","Illes Balears","Illes Balears","125"
"11062026","0","","PEUGEOT","TWEET FL 125 CC","Granada","Andalucía","125"
"11062026","0","","ZONTES","125X","Asturias","Principado de Asturias","125"
"11062026","0","","KAWASAKI","Z1100","Madrid","Comunidad de Madrid","1099"
"11062026","0","","SYM","JET 14","Barcelona","Cataluña","125"
"11062026","0","","YAMAHA","YZF-R9","Madrid","Comunidad de Madrid","890"
"11062026","0","","BMW","R 1300 GS","Madrid","Comunidad de Madrid","1300"
"11062026","0","","VOGE","R125","Valencia/València","Comunidad Valenciana","125"
"11062026","0","","ZONTES","368G","Tarragona","Cataluña","368"
"11062026","0","","KYMCO","AGILITY S","Tarragona","Cataluña","125"
"11062026","0","","VOGE","625DSX","Ourense","Galicia","581"
"11062026","0","","SYM","ADX 125 LC TCS E5+","Palencia","Castilla y León","125"
"11062026","0","","MACBOR","MONTANA XR5 510 E5+","Barcelona","Cataluña","498"
"11062026","0","","HONDA","SH125i","Girona","Cataluña","125"
"11062026","0","","CFMOTO","450MT","Tarragona","Cataluña","449"
"11062026","0","","HONDA","SH125i","Girona","Cataluña","125"
"11062026","0","","BENDA","NAPOLEON 125","Navarra","Comunidad Foral de Navarra","125"
"11062026","0","","HONDA","PCX 125","Huelva","Andalucía","125"
"11062026","0","","VOGE","SR1","Sevilla","Andalucía","125"
"11062026","0","","BMW","R 18 B","Illes Balears","Illes Balears","1802"
"11062026","0","","BMW","F 800 GS","Barcelona","Cataluña","895"
"11062026","0","","HONDA","ADV 350","Pontevedra","Galicia","330"
"11062026","0","","RIEJU","RALLY 307","Valencia/València","Comunidad Valenciana","292"
"11062026","0","","ZONTES","125M","Bizkaia","País Vasco","125"
"11062026","0","","VOGE","DS900X","Córdoba","Andalucía","895"
"11062026","0","","HONDA","SH125i","Alicante/Alacant","Comunidad Valenciana","125"
"11062026","0","","HONDA","PCX 125","Illes Balears","Illes Balears","125"
"11062026","0","","KYMCO","DTX","Sevilla","Andalucía","124"
"11062026","0","","HONDA","ADV 350","Zaragoza","Aragón","330"
"11062026","0","","HONDA","SH Mode 125","Illes Balears","Illes Balears","125"
"11062026","0","","MH MOTORCYCLES","VR10","Cádiz","Andalucía","124"
"11062026","0","","YAMAHA","NMAX 125","Zaragoza","Aragón","125"
"11062026","0","","KEEWAY","RKS 125","Castellón/Castelló","Comunidad Valenciana","124"
"11062026","0","","HONDA","XL750 Transalp","Santa Cruz de Tenerife","Canarias","755"
"11062026","0","","HONDA","ST125A","Castellón/Castelló","Comunidad Valenciana","124"
"11062026","0","","HONDA","FORZA 350","Valencia/València","Comunidad Valenciana","330"
"11062026","0","","HONDA","SH125i","Ceuta","Ceuta","125"
"11062026","0","","LAMBRETTA","V125 SPECIAL FLEX","Valencia/València","Comunidad Valenciana","125"
"11062026","0","","ZONTES","125X","Barcelona","Cataluña","125"
"11062026","0","","RIEJU","NKD 125","Madrid","Comunidad de Madrid","124"
"11062026","0","","PIAGGIO","VESPA GTS 125 SUPERTEC","Alicante/Alacant","Comunidad Valenciana","125"
"11062026","0","","DUCATI","DESERT X","Alicante/Alacant","Comunidad Valenciana","890"
"11062026","0","","SYM","SYMPHONY 125","Barcelona","Cataluña","125"
"11062026","0","","VOGE","DS900X","Barcelona","Cataluña","895"
"11062026","0","","HONDA","NX500","Málaga","Andalucía","471"
"11062026","0","","KAWASAKI","Z125","Santa Cruz de Tenerife","Canarias","125"
"11062026","0","","CFMOTO","675SR-R","Rioja (La)","La Rioja","674"
"11062026","0","","DUCATI","MONSTER RED","Cádiz","Andalucía","890"
"11062026","0","","HONDA","NX500","Madrid","Comunidad de Madrid","471"
"11062026","0","","CFMOTO","700MT","Tarragona","Cataluña","693"
"11062026","0","","KYMCO","DTX","Coruña (A)","Galicia","124"
"11062026","0","","HONDA","FORZA 350","Valencia/València","Comunidad Valenciana","330"
"11062026","0","","ZONTES","125X","Madrid","Comunidad de Madrid","125"
"11062026","0","","VOGE","SR1","Valencia/València","Comunidad Valenciana","125"
"11062026","0","","KYMCO","SUPER DINK GT 125 E5+","Pontevedra","Galicia","124"
"11062026","0","","ZONTES","125X","Bizkaia","País Vasco","125"
"11062026","0","","KYMCO","SKYTOWN 125","Ciudad Real","Castilla-La Mancha","125"
"11062026","0","","KEEWAY","VERSILIA 125","Castellón/Castelló","Comunidad Valenciana","125"
"11062026","0","","YAMAHA","Tracer 9 GT","Madrid","Comunidad de Madrid","890"
"11062026","0","","YAMAHA","XMAX 125","Valencia/València","Comunidad Valenciana","125"
"11062026","0","","HONDA","CBR 650 R","Illes Balears","Illes Balears","649"
"11062026","0","","LAMBRETTA","V125 SPECIAL FLEX","Alicante/Alacant","Comunidad Valenciana","125"
"11062026","0","","ZONTES","125X","Tarragona","Cataluña","125"
"11062026","0","","TRIUMPH","STREET TRIPLE RS","Rioja (La)","La Rioja","765"
"11062026","0","","HONDA","SH350i","Pontevedra","Galicia","330"
"11062026","0","","HUSQVARNA","HUSQVARNA 701 SUPERMOT","Santa Cruz de Tenerife","Canarias","693"
"11062026","0","","YAMAHA","RayZR 125","Illes Balears","Illes Balears","125"
"11062026","0","","VOGE","DS525X","Tarragona","Cataluña","494"
"11062026","0","","VOGE","300RALLY","Valencia/València","Comunidad Valenciana","292"
"11062026","0","","HARLEY-DAVIDSON","ROAD GLIDE","Barcelona","Cataluña","1923"
"11062026","0","","PEUGEOT","PULSION EVO","Badajoz","Extremadura","125"
"11062026","0","","BENDA","NAPOLEON 125","Cádiz","Andalucía","125"
"11062026","0","","YAMAHA","MT-07","Girona","Cataluña","689"
"11062026","0","","VOGE","DS800X RALLY","Coruña (A)","Galicia","798"
"11062026","0","","SYM","SYMPHONY 125","Barcelona","Cataluña","125"
"11062026","0","","VOGE","625DSX","Lugo","Galicia","581"
"11062026","0","","KAWASAKI","Z650","Cantabria","Cantabria","649"
"11062026","0","","HONDA","VISION 110","Alicante/Alacant","Comunidad Valenciana","109"
"11062026","0","","HONDA","SH350i","Zaragoza","Aragón","330"
"11062026","0","","KAWASAKI","NINJA 650","Barcelona","Cataluña","649"
"11062026","0","","ZONTES","125C","Barcelona","Cataluña","125"
"11062026","0","","SUZUKI","GSX-8S","Sevilla","Andalucía","776"
"11062026","0","","SYM","SYMPHONY 125","Girona","Cataluña","125"
"11062026","0","","HONDA","ADV 750","Zaragoza","Aragón","745"
"11062026","0","","HONDA","PCX 125","Murcia","Región de Murcia","125"
"11062026","0","","RIEJU","NKD 125","Alicante/Alacant","Comunidad Valenciana","124"
"11062026","0","","YAMAHA","NMAX 125","Illes Balears","Illes Balears","125"
"11062026","0","","KTM","KTM 125 SMC R","Madrid","Comunidad de Madrid","125"
"11062026","0","","MOTO GUZZI","V7 SPORT","Sevilla","Andalucía","853"
"11062026","0","","HONDA","CBR 650 R","Málaga","Andalucía","649"
"11062026","0","","QJMOTOR","SQ 16 E5+","Barcelona","Cataluña","125"
"11062026","0","","HONDA","SH Mode 125","Illes Balears","Illes Balears","125"
"11062026","0","","YAMAHA","NMAX 125","Valencia/València","Comunidad Valenciana","125"
"11062026","0","","HERO MOTOCORP","X PULSE 200 4V","Valencia/València","Comunidad Valenciana","200"
"11062026","0","","VOGE","DS900X","Illes Balears","Illes Balears","895"
"11062026","0","","HONDA","ADV 750","Cádiz","Andalucía","745"
"11062026","0","","VOGE","DS525X","Álava/Araba","País Vasco","494"
"11062026","0","","VOGE","DS900X","Barcelona","Cataluña","895"
"11062026","0","","YAMAHA","XMAX 300","Girona","Cataluña","292"
"11062026","0","","MITT","125GP","Barcelona","Cataluña","124"
"11062026","0","","HONDA","FORZA125","Valencia/València","Comunidad Valenciana","125"
"11062026","0","","VOGE","R125","Madrid","Comunidad de Madrid","125"
"11062026","0","","KEEWAY","SIXTIES 125I","Alicante/Alacant","Comunidad Valenciana","125"
"11062026","0","","ZONTES","368G","Huelva","Andalucía","368"
"11062026","0","","BMW","C 400 GT","Alicante/Alacant","Comunidad Valenciana","350"
"11062026","0","","KAWASAKI","NINJA 650","Barcelona","Cataluña","649"
"11062026","0","","ZONTES","125X","Huelva","Andalucía","125"
"11062026","0","","ZONTES","125X","Illes Balears","Illes Balears","125"
"11062026","0","","YAMAHA","NMAX 125","Coruña (A)","Galicia","125"
"11062026","0","","ZONTES","125M","Barcelona","Cataluña","125"
"11062026","0","","HONDA","FORZA 350","Palmas (Las)","Canarias","330"
"11062026","0","","VOGE","DS525X","Coruña (A)","Galicia","494"
"11062026","0","","TRIUMPH","SPEED 400","Valencia/València","Comunidad Valenciana","398"
"11062026","0","","TRIUMPH","TIGER 900 ALPINE EDITI","Málaga","Andalucía","888"
"11062026","0","","YAMAHA","NMAX 125","Illes Balears","Illes Balears","125"
"11062026","0","","ZONTES","125X","Murcia","Región de Murcia","125"
"11062026","0","","RIEJU","NKD 125","Barcelona","Cataluña","124"
"11062026","0","","PEUGEOT","PULSION EVO","Madrid","Comunidad de Madrid","125"
"11062026","0","","VOGE","SR4 MAX","Cádiz","Andalucía","350"
"11062026","0","","VOGE","625DSX","Melilla","Melilla","581"
"11062026","0","","BMW","C 400 GT","Madrid","Comunidad de Madrid","350"
"11062026","0","","SUZUKI","AVENIS 125","Alicante/Alacant","Comunidad Valenciana","124"
"11062026","0","","APRILIA","SR GT 125","Santa Cruz de Tenerife","Canarias","125"
"11062026","0","","HONDA","SH Mode 125","Illes Balears","Illes Balears","125"
"11062026","0","","PIAGGIO","VESPA PRIMAVERA 125","Navarra","Comunidad Foral de Navarra","124"
"11062026","0","","KYMCO","SKYTOWN 125","Huelva","Andalucía","125"
"11062026","0","","HONDA","VISION 110","Lleida","Cataluña","109"
"11062026","0","","SYM","SYMPHONY 125","Barcelona","Cataluña","125"
"11062026","0","","QJMOTOR","MTX 125 E5+","Barcelona","Cataluña","125"
"11062026","0","","HONDA","CBF 125","Barcelona","Cataluña","125"
"11062026","0","","YAMAHA","MT-07","Madrid","Comunidad de Madrid","689"
"11062026","0","","PIAGGIO","VESPA PRIMAVERA 125","Sevilla","Andalucía","124"
"11062026","0","","VOGE","DS800X RALLY","Badajoz","Extremadura","798"
"11062026","0","","VOGE","DS900X","Valencia/València","Comunidad Valenciana","895"
"11062026","0","","HONDA","SH125i","Valencia/València","Comunidad Valenciana","125"
"11062026","0","","YAMAHA","MT-07","Madrid","Comunidad de Madrid","689"
"11062026","0","","INDIAN","SCOUT SIXTY BOBBER","Valencia/València","Comunidad Valenciana","1000"
"11062026","0","","MITT","TY125T-58E","Madrid","Comunidad de Madrid","125"
"11062026","0","","VOGE","DS800X RALLY","Córdoba","Andalucía","798"
"11062026","0","","ZONTES","125X","Illes Balears","Illes Balears","125"
"11062026","0","","HONDA","CB750 Hornet","Zaragoza","Aragón","755"
"11062026","0","","LETBE","HJ125T-5B","Alicante/Alacant","Comunidad Valenciana","125"
"11062026","0","","KTM","KTM 990 RC R","Málaga","Andalucía","947"
"11062026","0","","RIEJU","NKD 125","Barcelona","Cataluña","124"
"11062026","0","","KYMCO","AGILITY S","Girona","Cataluña","125"
"11062026","0","","SYM","SYMPHONY 125","Barcelona","Cataluña","125"
"11062026","0","","YAMAHA","RayZR 125","Illes Balears","Illes Balears","125"
"11062026","0","","KTM","KTM 390 DUKE","Madrid","Comunidad de Madrid","399"
"11062026","0","","HONDA","ADV 350","Illes Balears","Illes Balears","330"
"11062026","0","","QJMOTOR","SRK 125 R E5+","Girona","Cataluña","125"
"11062026","0","","YAMAHA","NMAX 125","Sevilla","Andalucía","125"
"11062026","0","","BMW","C 400 GT","Madrid","Comunidad de Madrid","350"
"11062026","0","","HONDA","SH Mode 125","Barcelona","Cataluña","125"
"11062026","0","","KYMCO","DTX","Huelva","Andalucía","124"
"11062026","0","","BMW","F 900 XR","León","Castilla y León","895"
"11062026","0","","KAWASAKI","KLE500","Navarra","Comunidad Foral de Navarra","451"
"11062026","0","","HONDA","ADV 750","Cádiz","Andalucía","745"
"11062026","0","","SYM","SYMPHONY 125","Sevilla","Andalucía","125"
"11062026","0","","HONDA","NX500","Barcelona","Cataluña","471"
"11062026","0","","YAMAHA","XMAX 125","Alicante/Alacant","Comunidad Valenciana","125"
"11062026","0","","HONDA","SH Mode 125","Illes Balears","Illes Balears","125"
"11062026","0","","RIEJU","NKD 125","Teruel","Aragón","124"
"11062026","0","","HONDA","XL750 Transalp","Barcelona","Cataluña","755"
"11062026","0","","HONDA","SH350i","Zaragoza","Aragón","330"
"11062026","0","","BMW","F 800 GS","Asturias","Principado de Asturias","895"
"11062026","0","","INDIAN","SCOUT SIXTY BOBBER","Madrid","Comunidad de Madrid","1000"
"11062026","0","","HONDA","PCX 125","Sevilla","Andalucía","125"
"11062026","0","","HONDA","SH Mode 125","Illes Balears","Illes Balears","125"
"11062026","0","","HONDA","SH Mode 125","Barcelona","Cataluña","125"
"11062026","0","","HONDA","PCX 125","Barcelona","Cataluña","125"
"11062026","0","","HONDA","CB650RA","Illes Balears","Illes Balears","649"
"11062026","0","","CFMOTO","450MT","Jaén","Andalucía","449"
"11062026","0","","VOGE","DS525X","Madrid","Comunidad de Madrid","494"
"11062026","0","","MORBIDELLI","C1002V","Madrid","Comunidad de Madrid","997"
"11062026","0","","SYM","SYMPHONY 125","Barcelona","Cataluña","125"
"11062026","0","","SYM","SYMPHONY 125","Alicante/Alacant","Comunidad Valenciana","125"
"11062026","0","","ZONTES","125X","Barcelona","Cataluña","125"
"11062026","0","","ZONTES","125X","Málaga","Andalucía","125"
"11062026","0","","BETA","N/A","Barcelona","Cataluña","296"
"11062026","0","","HONDA","SH Mode 125","Illes Balears","Illes Balears","125"
"11062026","0","","SUZUKI","ADDRESS 125","Alicante/Alacant","Comunidad Valenciana","124"
"11062026","0","","BMW","R 1300 RT","Santa Cruz de Tenerife","Canarias","1300"
"11062026","0","","YAMAHA","XMAX 300","Alicante/Alacant","Comunidad Valenciana","292"
"11062026","0","","KYMCO","AGILITY S","Alicante/Alacant","Comunidad Valenciana","125"
"11062026","0","","KYMCO","DTX","Barcelona","Cataluña","321"
"11062026","0","","HONDA","NC 750 X","Santa Cruz de Tenerife","Canarias","745"
"11062026","0","","HONDA","SH Mode 125","Illes Balears","Illes Balears","125"
"11062026","0","","KAWASAKI","NINJA ZX-6R","Valencia/València","Comunidad Valenciana","636"
"11062026","0","","HONDA","SH Mode 125","Illes Balears","Illes Balears","125"
"11062026","0","","PEUGEOT","KISBEE M","Illes Balears","Illes Balears","125"
"11062026","0","","HONDA","PCX 125","Málaga","Andalucía","125"
"11062026","0","","HONDA","SH Mode 125","Illes Balears","Illes Balears","125"
"11062026","0","","SYM","SYMPHONY 125","Girona","Cataluña","125"
"11062026","0","","MACBOR","ROCKSTER 125 EVO E5+","Palmas (Las)","Canarias","125"
"11062026","0","","HONDA","PCX 125","Alicante/Alacant","Comunidad Valenciana","125"
"11062026","0","","TRIUMPH","SPEED TWIN 900","Tarragona","Cataluña","900"
"11062026","0","","DUCATI","MULTISTRADA V2","Barcelona","Cataluña","890"
"11062026","0","","ZONTES","368K","Madrid","Comunidad de Madrid","368"
"11062026","0","","KAWASAKI","Z1100","Alicante/Alacant","Comunidad Valenciana","1099"
"11062026","0","","HONDA","SH Mode 125","Illes Balears","Illes Balears","125"
"11062026","0","","SYM","SYMPHONY 125","Barcelona","Cataluña","125"
"11062026","0","","DUCATI","SCRAMBLER ICON DARK","Barcelona","Cataluña","803"
"11062026","0","","DUCATI","MULTISTRADA V2","Barcelona","Cataluña","890"
"11062026","0","","YAMAHA","NMAX 125","Murcia","Región de Murcia","125"
"11062026","0","","HONDA","XL750 Transalp","Córdoba","Andalucía","755"
"11062026","0","","ZONTES","125X","Córdoba","Andalucía","125"
"11062026","0","","YAMAHA","TMAX 560","Murcia","Región de Murcia","562"
"11062026","0","","LETBE","MECHA","Santa Cruz de Tenerife","Canarias","125"
"11062026","0","","YAMAHA","R125","Pontevedra","Galicia","125"
"11062026","0","","YAMAHA","NMAX 125","Burgos","Castilla y León","125"
"11062026","0","","KEEWAY","VIESTE 125","Madrid","Comunidad de Madrid","125"
"11062026","0","","QJMOTOR","ATR 125 E5+","Girona","Cataluña","125"
"11062026","0","","VOGE","DS800X RALLY","Huelva","Andalucía","798"
"11062026","0","","HONDA","FORZA125","Barcelona","Cataluña","125"
"11062026","0","","YAMAHA","NMAX 125","Illes Balears","Illes Balears","125"
"11062026","0","","CFMOTO","1000MT-X","Huelva","Andalucía","946"
"11062026","0","","CFMOTO","1000MT-X","Cuenca","Castilla-La Mancha","946"
"11062026","0","","BMW","R 1300 GS","Zaragoza","Aragón","1300"
"11062026","0","","KYMCO","SKYTOWN 125","Cádiz","Andalucía","125"
"11062026","0","","HONDA","ADV 350","Palmas (Las)","Canarias","330"
"11062026","0","","QJMOTOR","SRK 800","Madrid","Comunidad de Madrid","778"
"11062026","0","","MACBOR","MONTANA XR1 125 EVO","Navarra","Comunidad Foral de Navarra","124"
"11062026","0","","SYM","SYMPHONY 125","Castellón/Castelló","Comunidad Valenciana","125"
"11062026","0","","YAMAHA","XMAX 125","Sevilla","Andalucía","125"
"11062026","0","","SHERCO","300 SE-R","Gipuzkoa","País Vasco","293"
"11062026","0","","HONDA","SH Mode 125","Illes Balears","Illes Balears","125"
"11062026","0","","KYMCO","DTX","Valencia/València","Comunidad Valenciana","124"
"11062026","0","","YAMAHA","YZF-R9","Badajoz","Extremadura","890"
"11062026","0","","VOGE","DS900X","Illes Balears","Illes Balears","895"
"11062026","0","","VOGE","DS900X","Córdoba","Andalucía","895"
"11062026","0","","QJMOTOR","SQ 16 E5+","Santa Cruz de Tenerife","Canarias","125"
"11062026","0","","VOGE","DS900X","Coruña (A)","Galicia","895"
"11062026","0","","KTM","KTM 390 ENDURO R","Girona","Cataluña","399"
"11062026","0","","ZONTES","368G","Melilla","Melilla","368"
"11062026","0","","HONDA","FORZA125","Coruña (A)","Galicia","125"
"11062026","0","","HONDA","PCX 125","Gipuzkoa","País Vasco","125"
"11062026","0","","YAMAHA","NMAX 125","Madrid","Comunidad de Madrid","125"
"11062026","0","","YAMAHA","XMAX 125","Barcelona","Cataluña","125"
"11062026","0","","SYM","JET 14","Sevilla","Andalucía","125"
"11062026","0","","KEEWAY","V-CRUISE","Almería","Andalucía","125"
"11062026","0","","VOGE","SR1ADV","Ceuta","Ceuta","125"
"11062026","0","","TRIUMPH","SPEED TRIPLE RS","Murcia","Región de Murcia","1160"
"11062026","0","","PEUGEOT","TWEET FL 125 CC","Santa Cruz de Tenerife","Canarias","125"
"11062026","0","","KEEWAY","RKS 125","Valladolid","Castilla y León","124"
"11062026","0","","BENELLI","TRK 702","Alicante/Alacant","Comunidad Valenciana","698"
"11062026","0","","ZONTES","125X","Tarragona","Cataluña","125"
"11062026","0","","KTM","KTM 1390 SUPER DUKE RR","Madrid","Comunidad de Madrid","1350"
"11062026","0","","HONDA","XL750 Transalp","Girona","Cataluña","755"
"11062026","0","","VOGE","SR1","Zaragoza","Aragón","125"
"11062026","0","","ZONTES","125X","Illes Balears","Illes Balears","125"
"11062026","0","","APRILIA","SR GT 125","Girona","Cataluña","125"
"11062026","0","","ZONTES","125X","Cantabria","Cantabria","125"
"11062026","0","","VOGE","SR3","Madrid","Comunidad de Madrid","244"
"11062026","0","","YAMAHA","RayZR 125","Málaga","Andalucía","125"
"11062026","0","","YAMAHA","XTZ 700 Tenere","Santa Cruz de Tenerife","Canarias","689"
"11062026","0","","VOGE","DS900X","Cádiz","Andalucía","895"
"11062026","0","","TRIUMPH","SPEED 400","Barcelona","Cataluña","398"
"11062026","0","","YAMAHA","NMAX 125","Tarragona","Cataluña","125"
"11062026","0","","SYM","ADXTG 400","Barcelona","Cataluña","399"
"11062026","0","","ZONTES","125X","Pontevedra","Galicia","125"
"11062026","0","","RIEJU","NKD 125","Lugo","Galicia","124"
"11062026","0","","HONDA","PCX 125","Murcia","Región de Murcia","125"
"11062026","0","","HONDA","NT1100","Coruña (A)","Galicia","1084"
"11062026","0","","ZONTES","125C","Illes Balears","Illes Balears","125"
"11062026","0","","MORBIDELLI","NR125X","Asturias","Principado de Asturias","125"
"11062026","0","","DUCATI","MULTISTRADA V4","Madrid","Comunidad de Madrid","1158"
"11062026","0","","HONDA","FORZA 350","Illes Balears","Illes Balears","330"
"11062026","0","","YAMAHA","NMAX 125","Madrid","Comunidad de Madrid","125"
"11062026","0","","HONDA","PCX 125","Alicante/Alacant","Comunidad Valenciana","125"
"11062026","0","","VOGE","625DSX","Madrid","Comunidad de Madrid","581"
"11062026","0","","PIAGGIO","VESPA PRIMAVERA 125","Málaga","Andalucía","124"
"11062026","0","","KYMCO","DTX","Sevilla","Andalucía","124"
"11062026","0","","HONDA","PCX 125","Madrid","Comunidad de Madrid","125"
"11062026","0","","YAMAHA","TRACER 700","Madrid","Comunidad de Madrid","689"
"11062026","0","","HONDA","ADV 750","Barcelona","Cataluña","745"
"11062026","0","","HONDA","FORZA125","Huelva","Andalucía","125"
"11062026","0","","HONDA","SH Mode 125","Illes Balears","Illes Balears","125"
"11062026","0","","ROYAL ENFIELD","INTERCEPTOR BEAR 650","Granada","Andalucía","648"
"11062026","0","","HONDA","SH350i","Zaragoza","Aragón","330"
"11062026","0","","VOGE","DS800X RALLY","Murcia","Región de Murcia","798"
"11062026","0","","HONDA","CBR500","Navarra","Comunidad Foral de Navarra","471"
"11062026","0","","YAMAHA","NMAX 125","Valencia/València","Comunidad Valenciana","125"
"11062026","0","","HUSQVARNA","HUSQVARNA 801 SVARTPIL","Toledo","Castilla-La Mancha","799"
"11062026","0","","HONDA","NX500","Gipuzkoa","País Vasco","471"
"11062026","0","","PIAGGIO","LIBERTY 125 ABS","Bizkaia","País Vasco","124"
"11062026","0","","ZONTES","368G","Madrid","Comunidad de Madrid","368"
"11062026","0","","BMW","F 800 GS","Madrid","Comunidad de Madrid","895"
"11062026","0","","YAMAHA","NMAX 125","Illes Balears","Illes Balears","125"
"11062026","0","","ZONTES","368G","Tarragona","Cataluña","368"
"11062026","0","","ZONTES","125X","Cádiz","Andalucía","125"
"11062026","0","","VOGE","625DSX","Coruña (A)","Galicia","581"
"11062026","0","","ZONTES","703RR","Salamanca","Castilla y León","699"
"11062026","0","","YAMAHA","NMAX 125","Murcia","Región de Murcia","125"
"11062026","0","","SUZUKI","GSX-S 1000","Barcelona","Cataluña","999"
"11062026","0","","VOGE","SR1ADV","Barcelona","Cataluña","125"
"11062026","0","","ZONTES","703F","Alicante/Alacant","Comunidad Valenciana","699"
"11062026","0","","HONDA","SH Mode 125","Málaga","Andalucía","125"
"11062026","0","","HONDA","SH125i","Girona","Cataluña","125"
"11062026","0","","YAMAHA","MT-07","Girona","Cataluña","689"
"11062026","0","","KYMCO","AGILITY S","Valencia/València","Comunidad Valenciana","125"
"11062026","0","","APRILIA","SX 125","Alicante/Alacant","Comunidad Valenciana","124"
"11062026","0","","HONDA","SH350i","Zaragoza","Aragón","330"
"11062026","0","","BMW","F 450 GS","Santa Cruz de Tenerife","Canarias","420"
"11062026","0","","HONDA","SH Mode 125","Illes Balears","Illes Balears","125"
"11062026","0","","YAMAHA","XMAX 300","Madrid","Comunidad de Madrid","292"
"11062026","0","","KEEWAY","VIESTE 125LX","Badajoz","Extremadura","125"
"11062026","0","","KAWASAKI","Z900","Tarragona","Cataluña","948"
"11062026","0","","ZONTES","368G","Barcelona","Cataluña","368"
"11062026","0","","HONDA","NX500","Asturias","Principado de Asturias","471"
"11062026","0","","CFMOTO","800MT-X","Álava/Araba","País Vasco","799"
"11062026","0","","SUZUKI","BURGMAN 400","Barcelona","Cataluña","400"
"11062026","0","","KYMCO","SUPER DINK GT 125 E5+","Ourense","Galicia","124"
"11062026","0","","HONDA","SH125i","Barcelona","Cataluña","125"
"11062026","0","","CFMOTO","125 NK","Madrid","Comunidad de Madrid","124"
"11062026","0","","HONDA","PCX 125","Málaga","Andalucía","125"
"11062026","0","","KTM","KTM 125 DUKE","Toledo","Castilla-La Mancha","125"
"11062026","0","","MACBOR","ROCKSTER 125 EVO E5+","Cantabria","Cantabria","125"
"11062026","0","","PEUGEOT","PULSION EVO","Ciudad Real","Castilla-La Mancha","125"
"11062026","0","","HONDA","VISION 110","Málaga","Andalucía","109"
"11062026","0","","CFMOTO","675SR-R","Illes Balears","Illes Balears","674"
"11062026","0","","QJMOTOR","ATR 125 E5+","Ourense","Galicia","125"
"11062026","0","","HARLEY-DAVIDSON","NIGHTSTER","Madrid","Comunidad de Madrid","975"
"11062026","0","","KYMCO","AGILITY S","Alicante/Alacant","Comunidad Valenciana","125"
"11062026","0","","TRIUMPH","TIGER SPORT 800 TOURIN","Huesca","Aragón","798"
"11062026","0","","CFMOTO","450MT","Jaén","Andalucía","449"
"11062026","0","","PIAGGIO","VESPA PRIMAVERA 125","Alicante/Alacant","Comunidad Valenciana","124"
"11062026","0","","PIAGGIO","VESPA PRIMAVERA 125","Illes Balears","Illes Balears","124"
"11062026","0","","BMW","R 1300 GS ADVENTURE","Madrid","Comunidad de Madrid","1300"
"11062026","0","","BMW","F 900 GS","Murcia","Región de Murcia","895"
"11062026","0","","BMW","S 1000 RR","Valencia/València","Comunidad Valenciana","999"
"11062026","0","","ZONTES","125X","Barcelona","Cataluña","125"
"11062026","0","","HONDA","SH125i","Málaga","Andalucía","125"
"11062026","0","","HONDA","PCX 125","Álava/Araba","País Vasco","125"
"11062026","0","","VOGE","DS900X","Huelva","Andalucía","895"
"11062026","0","","BMW","F 900 XR","Alicante/Alacant","Comunidad Valenciana","895"
"11062026","0","","YAMAHA","TMAX 560","Alicante/Alacant","Comunidad Valenciana","562"
"11062026","0","","LETBE","S125","Illes Balears","Illes Balears","125"
"11062026","0","","KAWASAKI","KLE500","Barcelona","Cataluña","451"
"11062026","0","","ZONTES","125C","Palmas (Las)","Canarias","125"
"11062026","0","","SYM","JET 14","Cádiz","Andalucía","125"
"11062026","0","","SYM","JET 14","Barcelona","Cataluña","125"
"11062026","0","","BMW","F 900 XR","Barcelona","Cataluña","895"
"11062026","0","","VOGE","DS900X","Cádiz","Andalucía","895"
"11062026","0","","YAMAHA","MT-07","Zaragoza","Aragón","689"
"11062026","0","","HONDA","SH Mode 125","Illes Balears","Illes Balears","125"
"11062026","0","","KYMCO","SKYTOWN 125","Bizkaia","País Vasco","125"
"11062026","0","","VOGE","R125S","Castellón/Castelló","Comunidad Valenciana","125"
"11062026","0","","HONDA","ADV 350","Illes Balears","Illes Balears","330"
"11062026","0","","MITT","KYLIN 750","Madrid","Comunidad de Madrid","730"
"11062026","0","","VOGE","DS900X","Madrid","Comunidad de Madrid","895"
"11062026","0","","SUZUKI","GSX-S 1000","Barcelona","Cataluña","999"
"11062026","0","","HERO MOTOCORP","X PULSE 200 4V","Granada","Andalucía","200"
"11062026","0","","HARLEY-DAVIDSON","HERITAGE CLASSIC","Sevilla","Andalucía","1923"
"11062026","0","","PEUGEOT","DJANGO","Alicante/Alacant","Comunidad Valenciana","125"
"11062026","0","","QJMOTOR","FORT 125 N E5+","Madrid","Comunidad de Madrid","125"
"11062026","0","","ZONTES","368G","Illes Balears","Illes Balears","368"
"11062026","0","","PIAGGIO","MEDLEY 125","Alicante/Alacant","Comunidad Valenciana","125"
"11062026","0","","KYMCO","AGILITY S","Murcia","Región de Murcia","125"
"11062026","0","","DUCATI","MULTISTRADA V4","Barcelona","Cataluña","1158"
"11062026","0","","HONDA","CB500FAC","Girona","Cataluña","471"
"11062026","0","","PIAGGIO","MEDLEY 125","Granada","Andalucía","125"
"11062026","0","","YAMAHA","YZF-R9","Tarragona","Cataluña","890"
"11062026","0","","PEUGEOT","PULSION EVO","Madrid","Comunidad de Madrid","125"
"11062026","0","","CFMOTO","DUAL250","Castellón/Castelló","Comunidad Valenciana","249"
"11062026","0","","RIEJU","NKD 125","Illes Balears","Illes Balears","124"
"11062026","0","","ZONTES","368G","Cantabria","Cantabria","368"
"11062026","0","","HONDA","FORZA125","Santa Cruz de Tenerife","Canarias","125"
"11062026","0","","ZONTES","125E","Valencia/València","Comunidad Valenciana","125"
"11062026","0","","LETBE","ISLAND","Illes Balears","Illes Balears","125"
"11062026","0","","SYM","JET 14","Santa Cruz de Tenerife","Canarias","125"
"11062026","0","","KYMCO","SKYTOWN 125","Cádiz","Andalucía","125"
"11062026","0","","ROYAL ENFIELD","INTERCEPTOR BEAR 650","Santa Cruz de Tenerife","Canarias","648"
"11062026","0","","KYMCO","DTX","Sevilla","Andalucía","321"
"11062026","0","","VOGE","DS800X RALLY","Tarragona","Cataluña","798"
"11062026","0","","HONDA","SH Mode 125","Illes Balears","Illes Balears","125"
"11062026","0","","ZONTES","368G","Barcelona","Cataluña","368"
"11062026","0","","PIAGGIO","VESPA PRIMAVERA 125","Málaga","Andalucía","124"
"11062026","0","","QJMOTOR","SRK 800","Granada","Andalucía","778"
"11062026","0","","RIEJU","RALLY 307","Almería","Andalucía","292"
"11062026","0","","YAMAHA","NMAX 125","Madrid","Comunidad de Madrid","125"
"11062026","0","","YAMAHA","XMAX 125","Tarragona","Cataluña","125"
"11062026","0","","PEUGEOT","KISBEE M","Barcelona","Cataluña","125"
"11062026","0","","HONDA","ADV 350","Barcelona","Cataluña","330"
"11062026","0","","ZONTES","368G","Barcelona","Cataluña","368"
"11062026","0","","ZONTES","125X","Cádiz","Andalucía","125"
"11062026","0","","MACBOR","MONTANA XR5 510 E5+","Zamora","Castilla y León","498"
"11062026","0","","SYM","JET 14","Alicante/Alacant","Comunidad Valenciana","125"
"11062026","0","","VOGE","DS525X","Bizkaia","País Vasco","494"
"11062026","0","","ZONTES","125X","Madrid","Comunidad de Madrid","125"
"11062026","0","","KYMCO","DTX","Illes Balears","Illes Balears","124"
"11062026","0","","ZONTES","125X","Barcelona","Cataluña","125"
"11062026","0","","RIEJU","RALLY 307","Madrid","Comunidad de Madrid","292"
"11062026","0","","ZONTES","125X","Málaga","Andalucía","125"
"11062026","0","","KAWASAKI","NINJA ZX-4R","Valladolid","Castilla y León","399"
"11062026","0","","HONDA","SH125i","Málaga","Andalucía","125"
"11062026","0","","APRILIA","SR GT 125","Jaén","Andalucía","125"
"11062026","0","","YAMAHA","TRACER 700","Barcelona","Cataluña","689"
"11062026","0","","VOGE","R125","Almería","Andalucía","125"
"11062026","0","","HERO MOTOCORP","X PULSE 200 4V","Valencia/València","Comunidad Valenciana","200"
"11062026","0","","YAMAHA","MT-125","Illes Balears","Illes Balears","125"
"11062026","0","","HONDA","SH Mode 125","Illes Balears","Illes Balears","125"
"11062026","0","","HONDA","CL500","Santa Cruz de Tenerife","Canarias","471"
"11062026","0","","BENELLI","BN125","Tarragona","Cataluña","125"
"11062026","0","","APRILIA","SR GT 125","Palmas (Las)","Canarias","125"
"11062026","0","","KYMCO","DTX","Cádiz","Andalucía","124"
"11062026","0","","ZONTES","125C","Alicante/Alacant","Comunidad Valenciana","125"
"11062026","0","","HONDA","PCX 125","Alicante/Alacant","Comunidad Valenciana","125"
"11062026","0","","VOGE","R125","Valencia/València","Comunidad Valenciana","125"
"11062026","0","","KYMCO","AGILITY S","Murcia","Región de Murcia","125"
"11062026","0","","ZONTES","368G","Tarragona","Cataluña","368"
"11062026","0","","VOGE","R125","Cádiz","Andalucía","125"
"11062026","0","","YAMAHA","NMAX 125","Madrid","Comunidad de Madrid","125"
"11062026","0","","HONDA","SH125i","Girona","Cataluña","125"
"11062026","0","","YAMAHA","Tracer 9 GT","Barcelona","Cataluña","890"
"11062026","0","","KEEWAY","VIESTE 300XDV","Valencia/València","Comunidad Valenciana","278"
"11062026","0","","HUSQVARNA","HUSQVARNA 701 ENDURO","Huelva","Andalucía","693"
"11062026","0","","ZONTES","ZT125-Z2","Bizkaia","País Vasco","125"
"11062026","0","","HONDA","ADV 350","Bizkaia","País Vasco","330"
"11062026","0","","HONDA","SH125i","Barcelona","Cataluña","125"
"11062026","0","","ZONTES","125C","Barcelona","Cataluña","125"
"11062026","0","","SYM","ADX 300 TCS","Girona","Cataluña","278"
"11062026","0","","ZONTES","125X","Bizkaia","País Vasco","125"
"11062026","0","","YAMAHA","NMAX 125","Sevilla","Andalucía","125"
"11062026","0","","ZONTES","368G","Madrid","Comunidad de Madrid","368"
"11062026","0","","HONDA","XL750 Transalp","Cáceres","Extremadura","755"
"11062026","0","","HONDA","SH Mode 125","Illes Balears","Illes Balears","125"
"11062026","0","","HONDA","XL750 Transalp","Barcelona","Cataluña","755"
"11062026","0","","KAWASAKI","NINJA 500","Navarra","Comunidad Foral de Navarra","451"
"11062026","0","","VOGE","DS800X RALLY","Illes Balears","Illes Balears","798"
"11062026","0","","YAMAHA","NMAX 125","Almería","Andalucía","125"
"11062026","0","","SYM","JET 14","Tarragona","Cataluña","125"
"11062026","0","","ZONTES","368G","Barcelona","Cataluña","368"
"11062026","0","","VOGE","R125","Valencia/València","Comunidad Valenciana","125"
"11062026","0","","VOGE","R125","Cuenca","Castilla-La Mancha","125"
"11062026","0","","BMW","C 400 GT","Sevilla","Andalucía","350"
"11062026","0","","MOTO MORINI","ALLTRHIKE","Ávila","Castilla y León","449"
"11062026","0","","QJMOTOR","FORT 125 N E5+","Pontevedra","Galicia","125"
"11062026","0","","HONDA","CBR500","Palmas (Las)","Canarias","471"
"11062026","0","","QJMOTOR","MTX 125 E5+","Pontevedra","Galicia","125"
"11062026","0","","MH MOTORCYCLES","VRT","Illes Balears","Illes Balears","124"
"11062026","0","","HONDA","SH Mode 125","Illes Balears","Illes Balears","125"
"11062026","0","","BMW","R 1300 R","Málaga","Andalucía","1300"
"11062026","0","","YAMAHA","XMAX 300","Valencia/València","Comunidad Valenciana","292"
"11062026","0","","YAMAHA","XTZ 700 Tenere","Madrid","Comunidad de Madrid","689"
"11062026","0","","KYMCO","AGILITY S","Huelva","Andalucía","125"
"11062026","0","","ZONTES","368G","Murcia","Región de Murcia","368"
"11062026","0","","KYMCO","DTX","Illes Balears","Illes Balears","321"
"11062026","0","","KAWASAKI","Z125","Granada","Andalucía","125"
"11062026","0","","PIAGGIO","MEDLEY 125","Cádiz","Andalucía","125"
"11062026","0","","VOGE","DS900X","Illes Balears","Illes Balears","895"
"11062026","0","","HONDA","SH Mode 125","Murcia","Región de Murcia","125"
"11062026","0","","ZONTES","125X","Málaga","Andalucía","125"
"11062026","0","","SYM","SYMPHONY 125","Girona","Cataluña","125"
"11062026","0","","BMW","R 1300 GS ADVENTURE","Sevilla","Andalucía","1300"
"11062026","0","","ZONTES","703F","Girona","Cataluña","699"
"11062026","0","","SUZUKI","AVENIS 125","Madrid","Comunidad de Madrid","124"
"11062026","0","","BMW","C 400 GT","Málaga","Andalucía","350"
"11062026","0","","ZONTES","368G","Barcelona","Cataluña","368"
"11062026","0","","HONDA","PCX 125","Barcelona","Cataluña","125"
"11062026","0","","SYM","FUGUE 125 ABS TOP CASE","Illes Balears","Illes Balears","124"
"11062026","0","","CFMOTO","675SR-R","Pontevedra","Galicia","674"
"11062026","0","","VOGE","DS800X RALLY","Barcelona","Cataluña","798"
"11062026","0","","ZONTES","125X","Ciudad Real","Castilla-La Mancha","125"
"11062026","0","","ZONTES","ZT125-Z2","Cádiz","Andalucía","125"
"11062026","0","","QJMOTOR","ATR 125 E5+","Girona","Cataluña","125"
"11062026","0","","HONDA","FORZA 750","Barcelona","Cataluña","745"
"11062026","0","","HONDA","SH125i","Barcelona","Cataluña","125"
"11062026","0","","SYM","SYMPHONY 125","Girona","Cataluña","125"
"11062026","0","","KYMCO","SKYTOWN 125","Madrid","Comunidad de Madrid","125"
"11062026","0","","YAMAHA","NMAX 125","Girona","Cataluña","125"
"11062026","0","","APRILIA","SR GT 125","Santa Cruz de Tenerife","Canarias","125"
"11062026","0","","TRIUMPH","SPEED 400","Cádiz","Andalucía","398"
"11062026","0","","YAMAHA","XMAX 125","Barcelona","Cataluña","125"
"11062026","0","","SYM","JET 14","Girona","Cataluña","125"
"11062026","0","","YAMAHA","NMAX 125","Cádiz","Andalucía","125"
"11062026","0","","PIAGGIO","LIBERTY 125 ABS","Granada","Andalucía","124"
"11062026","0","","KAWASAKI","KLE500","Illes Balears","Illes Balears","451"
"11062026","0","","RIEJU","CENTURY125","Almería","Andalucía","124"
"11062026","0","","YAMAHA","NMAX 125","Cuenca","Castilla-La Mancha","125"
"11062026","0","","HONDA","ADV 350","Barcelona","Cataluña","330"
"11062026","0","","SYM","JET X","Tarragona","Cataluña","125"
"11062026","0","","YAMAHA","XTZ 700 Tenere","Pontevedra","Galicia","689"
"11062026","0","","ZONTES","368G","Barcelona","Cataluña","368"
"11062026","0","","YAMAHA","XTZ 700 Tenere","Ceuta","Ceuta","689"
"11062026","0","","HONDA","PCX 125","Cádiz","Andalucía","125"
"11062026","0","","KYMCO","SUPER DINK GT 125 E5+","Madrid","Comunidad de Madrid","124"
"11062026","0","","PEUGEOT","KISBEE M","Madrid","Comunidad de Madrid","125"
"11062026","0","","HONDA","NX500","Barcelona","Cataluña","471"
"11062026","0","","SUZUKI","GSX-R125","Alicante/Alacant","Comunidad Valenciana","124"
"11062026","0","","QJMOTOR","ATR 125 E5+","Navarra","Comunidad Foral de Navarra","125"
"11062026","0","","HONDA","CBR 650 R","Lugo","Galicia","649"
"11062026","0","","ZONTES","125X","Illes Balears","Illes Balears","125"
"11062026","0","","WOTTAN","GT2","Valencia/València","Comunidad Valenciana","125"
"11062026","0","","MH MOTORCYCLES","VR10","Santa Cruz de Tenerife","Canarias","124"
"11062026","0","","ZONTES","125X","Zaragoza","Aragón","125"
"11062026","0","","PIAGGIO","LIBERTY 125 ABS","Illes Balears","Illes Balears","124"
"11062026","0","","BMW","C 400 X","Murcia","Región de Murcia","350"
"11062026","0","","KAWASAKI","Z650RS","Barcelona","Cataluña","649"
"11062026","0","","YAMAHA","TMAX 560","Pontevedra","Galicia","562"
"11062026","0","","QJMOTOR","SRK 800","Alicante/Alacant","Comunidad Valenciana","778"
"11062026","0","","CYCLONE","RX2","Cuenca","Castilla-La Mancha","124"
"11062026","0","","SUZUKI","GSX-S 1000","Granada","Andalucía","999"
"11062026","0","","ZONTES","125E","Illes Balears","Illes Balears","125"
"11062026","0","","DUCATI","MULTISTRADA V4","Barcelona","Cataluña","1158"
"11062026","0","","SYM","FUGUE 125 ABS TOP CASE","Tarragona","Cataluña","124"
"11062026","0","","HONDA","SH Mode 125","Barcelona","Cataluña","125"
"11062026","0","","VOGE","DS900X","Sevilla","Andalucía","895"
"11062026","0","","ROYAL ENFIELD","CLASSIC 650 TWIN","Salamanca","Castilla y León","648"
"11062026","0","","VOGE","SR3","Badajoz","Extremadura","244"
"11062026","0","","PEUGEOT","KISBEE M","Madrid","Comunidad de Madrid","125"
"11062026","0","","HONDA","ADV 350","Barcelona","Cataluña","330"
"11062026","0","","ZONTES","ZT125-G1","Málaga","Andalucía","125"
"11062026","0","","YAMAHA","NMAX 125","Málaga","Andalucía","125"
"11062026","0","","YAMAHA","NMAX 125","Alicante/Alacant","Comunidad Valenciana","125"
"11062026","0","","HONDA","SH125i","Girona","Cataluña","125"
"11062026","0","","KEEWAY","XDV 125 EVO PRO","Palmas (Las)","Canarias","125"
"11062026","0","","VOGE","R125S","Lleida","Cataluña","125"
"11062026","0","","HONDA","CB 125 F","Girona","Cataluña","124"
"11062026","0","","QJMOTOR","SRT 900 SX","Valencia/València","Comunidad Valenciana","904"
"11062026","0","","HONDA","VISION 110","Burgos","Castilla y León","109"
"11062026","0","","PIAGGIO","LIBERTY 125 ABS","Barcelona","Cataluña","124"
"11062026","0","","YAMAHA","NMAX 125","Cádiz","Andalucía","125"
"11062026","0","","HONDA","SH Mode 125","Illes Balears","Illes Balears","125"
"11062026","0","","HONDA","SH Mode 125","Illes Balears","Illes Balears","125"
"11062026","0","","SYM","JET X","Navarra","Comunidad Foral de Navarra","125"
"11062026","0","","BENDA","NAPOLEON","Murcia","Región de Murcia","476"
"11062026","0","","HONDA","SH125i","Barcelona","Cataluña","125"
"11062026","0","","KAWASAKI","KLE500","Zaragoza","Aragón","451"
"11062026","0","","KYMCO","DTX","Murcia","Región de Murcia","321"
"11062026","0","","HONDA","PCX 125","Sevilla","Andalucía","125"
"11062026","0","","YAMAHA","XTZ 700 Tenere","Cádiz","Andalucía","689"
"11062026","0","","VOGE","R125S","Coruña (A)","Galicia","125"
"11062026","0","","BMW","F 900 R","Gipuzkoa","País Vasco","895"
"11062026","0","","HONDA","ADV 350","Murcia","Región de Murcia","330"
"11062026","0","","QJMOTOR","SRK 800","Murcia","Región de Murcia","778"
"11062026","0","","HONDA","PCX 125","Alicante/Alacant","Comunidad Valenciana","125"
"11062026","0","","BAJAJ","PULSAR NS 400 Z","Pontevedra","Galicia","373"
"11062026","0","","HONDA","SH125i","Barcelona","Cataluña","125"
"11062026","0","","PIAGGIO","VESPA GTS","Alicante/Alacant","Comunidad Valenciana","310"
"11062026","0","","QJMOTOR","SRK 800","Murcia","Región de Murcia","778"
"11062026","0","","APRILIA","SR GT 125","Córdoba","Andalucía","125"
"11062026","0","","PEUGEOT","KISBEE M","Barcelona","Cataluña","125"
"11062026","0","","ZONTES","125X","Sevilla","Andalucía","125"
"11062026","0","","KYMCO","SUPER DINK GT","Almería","Andalucía","321"
"11062026","0","","KYMCO","AGILITY S","Madrid","Comunidad de Madrid","125"
"11062026","0","","HONDA","SH Mode 125","Illes Balears","Illes Balears","125"
"11062026","0","","HONDA","CB650RA","Illes Balears","Illes Balears","649"
"11062026","0","","PIAGGIO","LIBERTY 125 ABS","Cantabria","Cantabria","124"
"11062026","0","","ZONTES","125X","Valencia/València","Comunidad Valenciana","125"
"11062026","0","","WOTTAN","REBBE","Valencia/València","Comunidad Valenciana","124"
"11062026","0","","SYM","SYMPHONY 125","Girona","Cataluña","125"
"11062026","0","","SYM","JET 14","Sevilla","Andalucía","125"
"11062026","0","","MOTO GUZZI","V7 STONE","Barcelona","Cataluña","853"
"11062026","0","","BMW","F 900 GS","Barcelona","Cataluña","895"
"11062026","0","","ZONTES","125X","Huesca","Aragón","125"
"11062026","0","","HONDA","CRF 300 L","Barcelona","Cataluña","286"
"11062026","0","","KEEWAY","RKS 125","Tarragona","Cataluña","124"
"11062026","0","","VOGE","DS900X","Barcelona","Cataluña","895"
"11062026","0","","RIEJU","NKD 125","Barcelona","Cataluña","124"
"11062026","0","","ZONTES","368G","Sevilla","Andalucía","368"
"11062026","0","","QJMOTOR","ATR 125 E5+","Alicante/Alacant","Comunidad Valenciana","125"
"11062026","0","","HONDA","FORZA 750","Barcelona","Cataluña","745"
"11062026","0","","YAMAHA","XSR-125","Castellón/Castelló","Comunidad Valenciana","124"
"11062026","0","","DUCATI","MONSTER RED","Guadalajara","Castilla-La Mancha","890"
"11062026","0","","SHERCO","N.A","Toledo","Castilla-La Mancha","125"
"11062026","0","","HONDA","CB500FAC","Madrid","Comunidad de Madrid","471"
"11062026","0","","BMW","K 1600 GTL","Alicante/Alacant","Comunidad Valenciana","1649"
"11062026","0","","HONDA","PCX 125","Navarra","Comunidad Foral de Navarra","125"
"11062026","0","","HONDA","SH125i","Girona","Cataluña","125"
"11062026","0","","YAMAHA","NMAX 125","Sevilla","Andalucía","125"
"11062026","0","","HONDA","SH125i","Gipuzkoa","País Vasco","125"
"11062026","0","","HONDA","SH Mode 125","Illes Balears","Illes Balears","125"
"11062026","0","","KAWASAKI","NINJA ZX-4R","Madrid","Comunidad de Madrid","399"
"11062026","0","","HONDA","PCX 125","Sevilla","Andalucía","125"
"11062026","0","","KYMCO","SKYTOWN 125","Zaragoza","Aragón","125"
"11062026","0","","BMW","R 1300 RS","Valencia/València","Comunidad Valenciana","1300"
"11062026","0","","YAMAHA","NMAX 125","Cantabria","Cantabria","125"
"11062026","0","","YAMAHA","NMAX 125","Asturias","Principado de Asturias","125"
"11062026","0","","VOGE","DS900X","Huelva","Andalucía","895"
"11062026","0","","ZONTES","368D","Palmas (Las)","Canarias","368"
"11062026","0","","BAJAJ","PULSAR NS 400 Z","Granada","Andalucía","373"
"11062026","0","","HONDA","FORZA 750","Alicante/Alacant","Comunidad Valenciana","745"
"11062026","0","","KYMCO","AGILITY S","Asturias","Principado de Asturias","125"
"11062026","0","","HONDA","PCX 125","Barcelona","Cataluña","125"
"11062026","0","","CYCLONE","RX2","Murcia","Región de Murcia","124"
"11062026","0","","QJMOTOR","SRV 125 E5+","Bizkaia","País Vasco","125"
"11062026","0","","HONDA","NT1100","Madrid","Comunidad de Madrid","1084"
"11062026","0","","HONDA","SH Mode 125","Barcelona","Cataluña","125"
"11062026","0","","VOGE","625R","Barcelona","Cataluña","581"
"11062026","0","","PIAGGIO","VESPA PRIMAVERA 125","Illes Balears","Illes Balears","124"
"11062026","0","","KYMCO","SKYTOWN 125","Madrid","Comunidad de Madrid","125"
"11062026","0","","PIAGGIO","LIBERTY 125 ABS","Tarragona","Cataluña","124"
"11062026","0","","HONDA","SH Mode 125","Illes Balears","Illes Balears","125"
"11062026","0","","PEUGEOT","PULSION EVO","Madrid","Comunidad de Madrid","125"
"11062026","0","","MH MOTORCYCLES","TRAY","Murcia","Región de Murcia","125"
"11062026","0","","HONDA","CRF1100L Africa Twin","Girona","Cataluña","1084"
"11062026","0","","PIAGGIO","VESPA PRIMAVERA 125","Palmas (Las)","Canarias","124"
"11062026","0","","ZONTES","125C","Girona","Cataluña","125"
"11062026","0","","YAMAHA","XMAX 125","Barcelona","Cataluña","125"
"11062026","0","","CYCLONE","SR650","Girona","Cataluña","650"
"11062026","0","","APRILIA","RS 660","Barcelona","Cataluña","659"
"11062026","0","","CFMOTO","1000MT-X","Granada","Andalucía","946"
"11062026","0","","HONDA","SH Mode 125","Illes Balears","Illes Balears","125"
"11062026","0","","VOGE","SR1","Lleida","Cataluña","125"
"11062026","0","","YAMAHA","R7","Illes Balears","Illes Balears","689"
"11062026","0","","ZONTES","368G","Madrid","Comunidad de Madrid","368"
"11062026","0","","VOGE","R125","Navarra","Comunidad Foral de Navarra","125"
"11062026","0","","YAMAHA","NMAX 125","Gipuzkoa","País Vasco","125"
"11062026","0","","BMW","R 1300 GS ADVENTURE","Santa Cruz de Tenerife","Canarias","1300"
"11062026","0","","HARLEY-DAVIDSON","LOW RIDER ST","Bizkaia","País Vasco","1923"
"11062026","0","","VOGE","DS525X","Granada","Andalucía","494"
"11062026","0","","MH MOTORCYCLES","VRT","Granada","Andalucía","124"
"11062026","0","","BMW","C 400 X","Málaga","Andalucía","350"
"11062026","0","","YAMAHA","XMAX 125","Málaga","Andalucía","125"
"11062026","0","","HONDA","FORZA125","Illes Balears","Illes Balears","125"
"11062026","0","","KYMCO","XCITING VS 400","Albacete","Castilla-La Mancha","400"
"11062026","0","","KOVE","KOVE 800 X RALLY","Barcelona","Cataluña","799"
"11062026","0","","HONDA","PCX 125","Málaga","Andalucía","125"
"11062026","0","","ZONTES","368G","Huelva","Andalucía","368"
"11062026","0","","HONDA","SH350i","Zaragoza","Aragón","330"
"11062026","0","","ZONTES","125X","Cádiz","Andalucía","125"
"11062026","0","","MONDIAL","SPARTAN 125","Castellón/Castelló","Comunidad Valenciana","124"
"11062026","0","","HONDA","SH350i","Girona","Cataluña","330"
"11062026","0","","VOGE","DS800X RALLY","Illes Balears","Illes Balears","798"
"11062026","0","","HONDA","PCX 125","Málaga","Andalucía","125"
"11062026","0","","VOGE","R125","Navarra","Comunidad Foral de Navarra","125"
"11062026","0","","ZONTES","368G","Barcelona","Cataluña","368"
"11062026","0","","APRILIA","SR GT 125","Coruña (A)","Galicia","125"
"11062026","0","","HONDA","VISION 110","Tarragona","Cataluña","109"
"11062026","0","","ZONTES","125X","Murcia","Región de Murcia","125"
"11062026","0","","VOGE","DS525X","Badajoz","Extremadura","494"
"11062026","0","","BMW","R 1300 GS ADVENTURE","Lleida","Cataluña","1300"
"11062026","0","","PIAGGIO","MEDLEY 125","Almería","Andalucía","125"
"11062026","0","","YAMAHA","MT-125","Santa Cruz de Tenerife","Canarias","125"
"11062026","0","","SYM","SYMPHONY 125","Gipuzkoa","País Vasco","125"
"11062026","0","","YAMAHA","NMAX 125","Toledo","Castilla-La Mancha","125"
"11062026","0","","YAMAHA","RayZR 125","Cádiz","Andalucía","125"
"11062026","0","","YAMAHA","NMAX 125","Cádiz","Andalucía","125"
"11062026","0","","KYMCO","AGILITY S","Illes Balears","Illes Balears","125"
"11062026","0","","YAMAHA","NMAX 125","Almería","Andalucía","125"
"11062026","0","","HONDA","CBF 125","Pontevedra","Galicia","125"
"11062026","0","","HONDA","PCX 125","Málaga","Andalucía","125"
"11062026","0","","HONDA","SH Mode 125","Illes Balears","Illes Balears","125"
"11062026","0","","VOGE","DS800X RALLY","Asturias","Principado de Asturias","798"
"11062026","0","","YAMAHA","WR125","Barcelona","Cataluña","125"
"11062026","0","","HONDA","PCX 125","Málaga","Andalucía","125"
"11062026","0","","YAMAHA","R7","Madrid","Comunidad de Madrid","689"
"11062026","0","","VOGE","DS900X","Valencia/València","Comunidad Valenciana","895"
"11062026","0","","YAMAHA","MT-07","Huelva","Andalucía","689"
"11062026","0","","VOGE","DS525X","Bizkaia","País Vasco","494"
"11062026","0","","HONDA","CL500","Barcelona","Cataluña","471"
"11062026","0","","KYMCO","AGILITY S","Soria","Castilla y León","125"
"11062026","0","","HONDA","PCX 125","Santa Cruz de Tenerife","Canarias","125"
"11062026","0","","YAMAHA","TMAX 560","Gipuzkoa","País Vasco","562"
"11062026","0","","HONDA","SH125i","Girona","Cataluña","125"
"11062026","0","","SYM","JET 14","Santa Cruz de Tenerife","Canarias","125"
"11062026","0","","ZONTES","125X","Almería","Andalucía","125"
"11062026","0","","HONDA","ADV 350","Madrid","Comunidad de Madrid","330"
"11062026","0","","HONDA","FORZA 350","Valencia/València","Comunidad Valenciana","330"
"11062026","0","","CFMOTO","675SR-R","Illes Balears","Illes Balears","674"
"11062026","0","","KAWASAKI","NINJA ZX-6R","Barcelona","Cataluña","636"
"11062026","0","","YAMAHA","MT-09","Toledo","Castilla-La Mancha","890"
"11062026","0","","ZONTES","368G","Barcelona","Cataluña","368"
"11062026","0","","VOGE","300RALLY","Toledo","Castilla-La Mancha","292"
"11062026","0","","YAMAHA","TRACER 700","Madrid","Comunidad de Madrid","689"
"11062026","0","","YAMAHA","NMAX 125","Barcelona","Cataluña","125"
"11062026","0","","MORBIDELLI","T352X","Alicante/Alacant","Comunidad Valenciana","349"
"11062026","0","","PIAGGIO","VESPA GTS","Málaga","Andalucía","310"
"11062026","0","","HONDA","CB650RA","Cantabria","Cantabria","649"
"11062026","0","","DUCATI","SCRAMBLER ICON DARK","Barcelona","Cataluña","803"
"11062026","0","","QJMOTOR","SRV 125 E5+","Rioja (La)","La Rioja","125"
"11062026","0","","KAWASAKI","NINJA ZX-4R","Madrid","Comunidad de Madrid","399"
"11062026","0","","YAMAHA","XTZ 700 Tenere","Almería","Andalucía","689"
"11062026","0","","HONDA","ADV 350","Murcia","Región de Murcia","330"
"11062026","0","","YAMAHA","YZF-R9","Barcelona","Cataluña","890"
"11062026","0","","HONDA","FORZA 750","Coruña (A)","Galicia","745"
"11062026","0","","ZONTES","368D","Madrid","Comunidad de Madrid","368"
"11062026","0","","VOGE","R125S","Sevilla","Andalucía","125"
"11062026","0","","VOGE","DS900X","Illes Balears","Illes Balears","895"
"11062026","0","","APRILIA","SR GT 400","Palmas (Las)","Canarias","399"
"11062026","0","","KYMCO","SKYTOWN 125","Madrid","Comunidad de Madrid","125"
"11062026","0","","ZONTES","125X","Málaga","Andalucía","125"
"11062026","0","","YAMAHA","R125","Barcelona","Cataluña","125"
"11062026","0","","ZONTES","125C","Lugo","Galicia","125"
"11062026","0","","VOGE","DS800X RALLY","Barcelona","Cataluña","798"
"11062026","0","","ZONTES","125X","León","Castilla y León","125"
"11062026","0","","HONDA","SH Mode 125","Illes Balears","Illes Balears","125"
"11062026","0","","HONDA","SH125i","Tarragona","Cataluña","125"
"11062026","0","","BMW","C 400 X","Alicante/Alacant","Comunidad Valenciana","350"
"11062026","0","","PIAGGIO","BEVERLY 400 HPE","Alicante/Alacant","Comunidad Valenciana","399"
"11062026","0","","HONDA","FORZA 750","Toledo","Castilla-La Mancha","745"
"11062026","0","","HONDA","PCX 125","Valladolid","Castilla y León","125"
"11062026","0","","HONDA","PCX 125","Girona","Cataluña","125"
"11062026","0","","MOTO MORINI","CALIBRO 700","Girona","Cataluña","693"
"11062026","0","","ZONTES","ZT125-Z2","Málaga","Andalucía","125"
"11062026","0","","CFMOTO","675NK","Madrid","Comunidad de Madrid","674"
"11062026","0","","KYMCO","DTX","Sevilla","Andalucía","124"
"11062026","0","","SYM","SYMPHONY 125","Teruel","Aragón","125"
"11062026","0","","QJMOTOR","SRK 800","Madrid","Comunidad de Madrid","778"
"11062026","0","","BMW","R 1300 GS","Tarragona","Cataluña","1300"
"11062026","0","","MACBOR","MONTANA XR5 510","Granada","Andalucía","498"
"11062026","0","","VOGE","SR1ADV","Sevilla","Andalucía","125"
"11062026","0","","SYM","JET 14","Tarragona","Cataluña","125"
"11062026","0","","BMW","R 1300 GS ADVENTURE","Tarragona","Cataluña","1300"
"11062026","0","","PIAGGIO","MEDLEY 125","Cádiz","Andalucía","125"
"11062026","0","","HONDA","CB650RA","Barcelona","Cataluña","649"
"11062026","0","","KYMCO","DTX","Toledo","Castilla-La Mancha","321"
"11062026","0","","BENDA","NAPOLEON 125","Alicante/Alacant","Comunidad Valenciana","125"
"11062026","0","","ZONTES","368G","Barcelona","Cataluña","368"
"11062026","0","","KAWASAKI","NINJA ZX-6R","Santa Cruz de Tenerife","Canarias","636"
"11062026","0","","KEEWAY","VIESTE300 XDV","Asturias","Principado de Asturias","278"
"11062026","0","","VOGE","R125S","Tarragona","Cataluña","125"
"11062026","0","","MTR BIKES","ENDURO 300","Almería","Andalucía","292"
"11062026","0","","RIEJU","NOT APPLICABLE","Tarragona","Cataluña","124"
"11062026","0","","QJMOTOR","ATR 125 E5+","Barcelona","Cataluña","125"
"11062026","0","","YAMAHA","MT-125","Ciudad Real","Castilla-La Mancha","125"
"11062026","0","","ZONTES","703F","Guadalajara","Castilla-La Mancha","699"
"11062026","0","","ZONTES","368G","Sevilla","Andalucía","368"
"11062026","0","","BMW","F 800 GS","Madrid","Comunidad de Madrid","895"
"11062026","0","","ZONTES","125X","Barcelona","Cataluña","125"
"11062026","0","","SWM","SM125R","Murcia","Región de Murcia","125"
"11062026","0","","MITT","GT-S","Asturias","Principado de Asturias","125"
"11062026","0","","VOGE","SR3","Valencia/València","Comunidad Valenciana","244"
"11062026","0","","YAMAHA","XMAX 300","Santa Cruz de Tenerife","Canarias","292"
"11062026","0","","PIAGGIO","LIBERTY 125 ABS","Alicante/Alacant","Comunidad Valenciana","124"
"11062026","0","","ZONTES","125X","Valencia/València","Comunidad Valenciana","125"
"11062026","0","","ZONTES","ZT125-G1","Alicante/Alacant","Comunidad Valenciana","125"
"11062026","0","","APRILIA","RS 457","Albacete","Castilla-La Mancha","457"
"11062026","0","","HONDA","ADV 350","Málaga","Andalucía","330"
"11062026","0","","HONDA","FORZA125","Cádiz","Andalucía","125"
"11062026","0","","YAMAHA","XTZ 700 Tenere","Navarra","Comunidad Foral de Navarra","689"
"11062026","0","","HONDA","SH125i","Barcelona","Cataluña","125"
"11062026","0","","BMW","F 900 GS","Gipuzkoa","País Vasco","895"
"11062026","0","","VOGE","DS900X","Granada","Andalucía","895"
"11062026","0","","ZONTES","368G","Cádiz","Andalucía","368"
"11062026","0","","KTM","KTM 1390 SUPER ADVENTU","Girona","Cataluña","1350"
"11062026","0","","KYMCO","DTX","Albacete","Castilla-La Mancha","321"
"11062026","0","","KYMCO","SUPER DINK GT 125 E5+","Madrid","Comunidad de Madrid","124"
"11062026","0","","HONDA","PCX 125","Castellón/Castelló","Comunidad Valenciana","125"
"11062026","0","","KAWASAKI","NINJA 500","Madrid","Comunidad de Madrid","451"
"11062026","0","","MH MOTORCYCLES","VR10","Palmas (Las)","Canarias","124"
"11062026","0","","TRS","TR1 300","Illes Balears","Illes Balears","294"
"11062026","0","","HONDA","NT1100","Girona","Cataluña","1084"
"11062026","0","","YAMAHA","TMAX 560","Alicante/Alacant","Comunidad Valenciana","562"
"11062026","0","","PEUGEOT","KISBEE M","Madrid","Comunidad de Madrid","125"
"11062026","0","","APRILIA","RS 660","Cádiz","Andalucía","659"
"11062026","0","","ZONTES","368G","Alicante/Alacant","Comunidad Valenciana","368"
"11062026","0","","YAMAHA","XTZ 700 Tenere","Sevilla","Andalucía","689"
"11062026","0","","KAWASAKI","NINJA 125","Barcelona","Cataluña","125"
"11062026","0","","YAMAHA","RayZR 125","Pontevedra","Galicia","125"
"11062026","0","","SYM","ADX 300 TCS","Granada","Andalucía","278"
"11062026","0","","ZONTES","125X","Cantabria","Cantabria","125"
"11062026","0","","KYMCO","DTX","Málaga","Andalucía","124"
"11062026","0","","YAMAHA","TRACER 700","Málaga","Andalucía","689"
"11062026","0","","ZONTES","368G","Illes Balears","Illes Balears","368"
"11062026","0","","VOGE","625DSX","Murcia","Región de Murcia","581"
"11062026","0","","SYM","JET 14","Cádiz","Andalucía","125"
"11062026","0","","YAMAHA","XMAX 125","Cádiz","Andalucía","125"
"11062026","0","","HONDA","SH125i","Girona","Cataluña","125"
"11062026","0","","ROYAL ENFIELD","INTERCEPTOR 650","Santa Cruz de Tenerife","Canarias","648"
"11062026","0","","HONDA","PCX 125","Zaragoza","Aragón","125"
"11062026","0","","YAMAHA","TMAX 560","Barcelona","Cataluña","562"
"11062026","0","","KYMCO","SUPER DINK GT 125 E5+","Granada","Andalucía","124"
"11062026","0","","VOGE","625DSX","Alicante/Alacant","Comunidad Valenciana","581"
"11062026","0","","HONDA","PCX 125","Bizkaia","País Vasco","125"
"11062026","0","","PIAGGIO","VESPA GTS 125","Barcelona","Cataluña","125"
"11062026","0","","KYMCO","SKYTOWN 125","Santa Cruz de Tenerife","Canarias","125"
"11062026","0","","KAWASAKI","Z900","Zaragoza","Aragón","948"
"11062026","0","","KEEWAY","V-CRUISE","Barcelona","Cataluña","125"
"11062026","0","","ZONTES","125X","Zaragoza","Aragón","125"
"11062026","0","","YAMAHA","XSR-125","Santa Cruz de Tenerife","Canarias","125"
"11062026","0","","KYMCO","DTX","Salamanca","Castilla y León","321"
"11062026","0","","YAMAHA","R7","Cádiz","Andalucía","689"
"11062026","0","","HONDA","ADV 750","Palmas (Las)","Canarias","745"
"11062026","0","","BMW","R 1300 GS","Barcelona","Cataluña","1300"
"11062026","0","","BMW","R 1300 GS ADVENTURE","Girona","Cataluña","1300"
"11062026","0","","TRS","TR1 300","Illes Balears","Illes Balears","294"
"11062026","0","","HONDA","CRF1100L Africa Twin","Málaga","Andalucía","1084"
"11062026","0","","VOGE","DS800X RALLY","Madrid","Comunidad de Madrid","798"
"11062026","0","","ZONTES","368G","Girona","Cataluña","368"
"11062026","0","","KYMCO","DTX","Málaga","Andalucía","124"
"11062026","0","","KYMCO","AGILITY S","Granada","Andalucía","125"
"11062026","0","","VOGE","R125S","Albacete","Castilla-La Mancha","125"
"11062026","0","","YAMAHA","NMAX 125","Illes Balears","Illes Balears","125"
"11062026","0","","ZONTES","ZT125-Z2","Sevilla","Andalucía","125"
"11062026","0","","ZONTES","703RR","Pontevedra","Galicia","699"
"11062026","0","","KAWASAKI","ELIMINATOR","Barcelona","Cataluña","451"
"11062026","0","","APRILIA","RX 125","Madrid","Comunidad de Madrid","124"
"11062026","0","","ZONTES","125C","Tarragona","Cataluña","125"
"11062026","0","","ZONTES","125C","Asturias","Principado de Asturias","125"
"11062026","0","","ZONTES","125E","Illes Balears","Illes Balears","125"
"11062026","0","","MOTO MORINI","ALLTRHIKE","Santa Cruz de Tenerife","Canarias","449"
"11062026","0","","VOGE","625DSX","Cádiz","Andalucía","581"
"11062026","0","","HONDA","ADV 750","Barcelona","Cataluña","745"
"11062026","0","","HONDA","PCX 125","Málaga","Andalucía","125"
"11062026","0","","VOGE","DS900X","Navarra","Comunidad Foral de Navarra","895"
"11062026","0","","ZONTES","125X","Córdoba","Andalucía","125"
"11062026","0","","APRILIA","SR GT 125","Huelva","Andalucía","125"
"11062026","0","","MACBOR","MONTANA XR5 510 E5+","Girona","Cataluña","498"
"11062026","0","","PIAGGIO","VESPA PRIMAVERA 125","Cádiz","Andalucía","124"
"11062026","0","","TRIUMPH","SCRAMBLER 900","Pontevedra","Galicia","900"
"11062026","0","","YAMAHA","NMAX 125","Ceuta","Ceuta","125"
"11062026","0","","SUZUKI","V-Strom 800","Coruña (A)","Galicia","776"
"11062026","0","","CFMOTO","450MT","Madrid","Comunidad de Madrid","449"
"11062026","0","","HONDA","GB350S","Navarra","Comunidad Foral de Navarra","348"
"11062026","0","","HONDA","VISION 110","Córdoba","Andalucía","109"
"11062026","0","","VOGE","SR1ADV","Cádiz","Andalucía","125"
"11062026","0","","ZONTES","368G","Málaga","Andalucía","368"
"11062026","0","","QJMOTOR","SRT 450 RX","Granada","Andalucía","450"
"11062026","0","","YAMAHA","R7","Granada","Andalucía","689"
"11062026","0","","VOGE","300RALLY","Valencia/València","Comunidad Valenciana","292"
"11062026","0","","YAMAHA","NMAX 125","Sevilla","Andalucía","125"
"11062026","0","","YAMAHA","NMAX 125","Madrid","Comunidad de Madrid","125"
"11062026","0","","VOGE","R125S","Teruel","Aragón","125"
"11062026","0","","HONDA","XL750 Transalp","Barcelona","Cataluña","755"
"11062026","0","","ZONTES","368E","Barcelona","Cataluña","368"
"11062026","0","","HONDA","ADV 350","Barcelona","Cataluña","330"
"11062026","0","","PIAGGIO","MEDLEY 125","Tarragona","Cataluña","125"
"11062026","0","","ZONTES","125X","Barcelona","Cataluña","125"
"11062026","0","","SYM","CRUISYM 125 TCS E5+","Santa Cruz de Tenerife","Canarias","124"
"11062026","0","","YAMAHA","XMAX 125","Málaga","Andalucía","125"
"11062026","0","","RIEJU","NKD 125","Toledo","Castilla-La Mancha","124"
"11062026","0","","YAMAHA","TMAX 560","Illes Balears","Illes Balears","562"
"11062026","0","","HONDA","SH Mode 125","Illes Balears","Illes Balears","125"
"11062026","0","","VOGE","625DSX","Valencia/València","Comunidad Valenciana","581"
"11062026","0","","KTM","KTM 790 DUKE","Barcelona","Cataluña","799"
"11062026","0","","ZONTES","368G","Tarragona","Cataluña","368"
"11062026","0","","ZONTES","368G","Madrid","Comunidad de Madrid","368"
"11062026","0","","VOGE","DS800X RALLY","Badajoz","Extremadura","798"
"11062026","0","","ZONTES","703RR","Madrid","Comunidad de Madrid","699"
"11062026","0","","ZONTES","368E","Barcelona","Cataluña","368"
"11062026","0","","HONDA","ADV 750","Cádiz","Andalucía","745"
"11062026","0","","YAMAHA","NMAX 125","Granada","Andalucía","125"
"11062026","0","","MTR BIKES","VMAX 125","Córdoba","Andalucía","125"
"11062026","0","","HONDA","SH Mode 125","Illes Balears","Illes Balears","125"
"11062026","0","","BAJAJ","PULSAR NS 400 Z","Illes Balears","Illes Balears","373"
"11062026","0","","HONDA","FORZA125","Murcia","Región de Murcia","125"
"11062026","0","","TRIUMPH","BONNEVILLE T100","Valladolid","Castilla y León","900"
"11062026","0","","HONDA","ADV 350","Málaga","Andalucía","330"
"11062026","0","","HONDA","PCX 125","Huelva","Andalucía","125"
"11062026","0","","RIEJU","RALLY 307","Barcelona","Cataluña","292"
"11062026","0","","SYM","JET 14","Santa Cruz de Tenerife","Canarias","125"
"11062026","0","","VOGE","625DSX","Alicante/Alacant","Comunidad Valenciana","581"
"11062026","0","","BMW","R 1300 GS","Barcelona","Cataluña","1300"
"11062026","0","","YAMAHA","XTZ 700 Tenere","Almería","Andalucía","689"
"11062026","0","","APRILIA","RX 125","Cádiz","Andalucía","124"
"11062026","0","","YAMAHA","NMAX 125","Cádiz","Andalucía","125"
"11062026","0","","ZONTES","368G","Barcelona","Cataluña","368"
"11062026","0","","YAMAHA","XMAX 300","Badajoz","Extremadura","292"
"11062026","0","","SYM","SYMPHONY 125","Barcelona","Cataluña","125"
"11062026","0","","CFMOTO","450MT","Barcelona","Cataluña","449"
"11062026","0","","HONDA","SH Mode 125","Barcelona","Cataluña","125"
"11062026","0","","YAMAHA","TMAX 560","Valencia/València","Comunidad Valenciana","562"
"11062026","0","","ZONTES","125C","Valencia/València","Comunidad Valenciana","125"
"11062026","0","","SYM","SYMPHONY 125","Málaga","Andalucía","125"
"11062026","0","","HONDA","SH Mode 125","Illes Balears","Illes Balears","125"
"11062026","0","","ZONTES","125X","Murcia","Región de Murcia","125"
"11062026","0","","HONDA","SH350i","Alicante/Alacant","Comunidad Valenciana","330"
"11062026","0","","HONDA","CBR 650 R","Barcelona","Cataluña","649"
"11062026","0","","BMW","R 1300 GS ADVENTURE","Zaragoza","Aragón","1300"
"11062026","0","","HONDA","SH Mode 125","Illes Balears","Illes Balears","125"
"11062026","0","","VOGE","DS900X","Cádiz","Andalucía","895"
"11062026","0","","BMW","R 1300 GS","Córdoba","Andalucía","1300"
"11062026","0","","HONDA","PCX 125","Zaragoza","Aragón","125"
"11062026","0","","HONDA","SH125i","Málaga","Andalucía","125"
"11062026","0","","PEUGEOT","KISBEE M","Madrid","Comunidad de Madrid","125"
"11062026","0","","SYM","SYMPHONY 125","Girona","Cataluña","125"
"11062026","0","","HONDA","CRF1100L Africa Twin","Ceuta","Ceuta","1084"
"11062026","0","","QJMOTOR","SRK 125 S E5+","Granada","Andalucía","125"
"11062026","0","","DUCATI","SCRAMBLER ICON DARK","Madrid","Comunidad de Madrid","803"
"11062026","0","","MITT","TY125T-26G","Barcelona","Cataluña","125"
"11062026","0","","SUZUKI","GSX-S125","Sevilla","Andalucía","124"
"11062026","0","","TRIUMPH","BONNEVILLE T100","Palmas (Las)","Canarias","900"
"11062026","0","","HONDA","ADV 750","Málaga","Andalucía","745"
"11062026","0","","ZONTES","125X","Barcelona","Cataluña","125"
"11062026","0","","VOGE","SR1","Valencia/València","Comunidad Valenciana","125"
"11062026","0","","YAMAHA","MT-07","Palmas (Las)","Canarias","689"
"11062026","0","","HONDA","ADV 350","Madrid","Comunidad de Madrid","330"
"11062026","0","","SYM","SYMPHONY 125","Tarragona","Cataluña","125"
"11062026","0","","ZONTES","125X","Tarragona","Cataluña","125"
"11062026","0","","KYMCO","SKYTOWN 125","Asturias","Principado de Asturias","125"
"11062026","0","","SYM","SYMPHONY 125","Barcelona","Cataluña","125"
"11062026","0","","PIAGGIO","VESPA PRIMAVERA 125","Madrid","Comunidad de Madrid","124"
"11062026","0","","MH MOTORCYCLES","VRT","Pontevedra","Galicia","124"
"11062026","0","","HONDA","CBF 125","Alicante/Alacant","Comunidad Valenciana","125"
"11062026","0","","ZONTES","ZT125-U1","Bizkaia","País Vasco","125"
"11062026","0","","SYM","CRUISYM 125 TCS E5+","Santa Cruz de Tenerife","Canarias","124"
"11062026","0","","KYMCO","AGILITY S","Gipuzkoa","País Vasco","125"
"11062026","0","","HONDA","PCX 125","Cantabria","Cantabria","125"
"11062026","0","","ZONTES","125E","Barcelona","Cataluña","125"
"11062026","0","","HONDA","SH Mode 125","Illes Balears","Illes Balears","125"
"11062026","0","","HONDA","SH350i","Zaragoza","Aragón","330"
"11062026","0","","HONDA","SH Mode 125","Illes Balears","Illes Balears","125"
"11062026","0","","HONDA","SH125i","Gipuzkoa","País Vasco","125"
"11062026","0","","YAMAHA","XMAX 125","Illes Balears","Illes Balears","125"
"11062026","0","","SUZUKI","AVENIS 125","Valencia/València","Comunidad Valenciana","124"
"11062026","0","","ZONTES","703F","Gipuzkoa","País Vasco","699"
"11062026","0","","YAMAHA","NMAX 125","Valencia/València","Comunidad Valenciana","125"
"11062026","0","","ZONTES","368G","Asturias","Principado de Asturias","368"
"11062026","0","","QJMOTOR","MTX 125 E5+","Tarragona","Cataluña","125"
"11062026","0","","HONDA","FORZA125","Murcia","Región de Murcia","125"
"11062026","0","","HONDA","PCX 125","Lleida","Cataluña","125"
"11062026","0","","KTM","KTM 125 DUKE","Madrid","Comunidad de Madrid","125"
"11062026","0","","HONDA","VISION 110","Girona","Cataluña","109"
"11062026","0","","MITT","TY125T-58E","Cantabria","Cantabria","125"
"11062026","0","","KYMCO","AGILITY S","Huelva","Andalucía","125"
"11062026","0","","HONDA","PCX 125","Santa Cruz de Tenerife","Canarias","125"
"11062026","0","","BMW","S 1000 RR","Córdoba","Andalucía","999"
"11062026","0","","HONDA","SH125i","Barcelona","Cataluña","125"
"11062026","0","","SUZUKI","GSX-S 1000","Toledo","Castilla-La Mancha","999"
"11062026","0","","ZONTES","125X","Valencia/València","Comunidad Valenciana","125"
"11062026","0","","ZONTES","703F","Tarragona","Cataluña","699"
"11062026","0","","MORBIDELLI","F125","Alicante/Alacant","Comunidad Valenciana","125"
"11062026","0","","YAMAHA","XMAX 125","Sevilla","Andalucía","125"
"11062026","0","","SYM","SYMPHONY 125","Gipuzkoa","País Vasco","125"
"11062026","0","","HONDA","SH Mode 125","Illes Balears","Illes Balears","125"
"11062026","0","","HONDA","SH125i","Girona","Cataluña","125"
"11062026","0","","ZONTES","125X","Illes Balears","Illes Balears","125"
"11062026","0","","PIAGGIO","VESPA PRIMAVERA 125","Murcia","Región de Murcia","124"
"11062026","0","","BMW","F 900 GS","Madrid","Comunidad de Madrid","895"
"11062026","0","","HONDA","PCX 125","Granada","Andalucía","125"
"11062026","0","","QJMOTOR","SRT 900 SX","Valencia/València","Comunidad Valenciana","904"
"11062026","0","","LAMBRETTA","G350 SPECIAL","Castellón/Castelló","Comunidad Valenciana","330"
"11062026","0","","SYM","SYMPHONY 125","Sevilla","Andalucía","125"
"11062026","0","","HONDA","ADV 750","Cádiz","Andalucía","745"
"11062026","0","","RIEJU","RALLY 307","Albacete","Castilla-La Mancha","292"
"11062026","0","","VOGE","DS800X RALLY","Barcelona","Cataluña","798"
"11062026","0","","ZONTES","125X","Zaragoza","Aragón","125"
"11062026","0","","ZONTES","125X","Madrid","Comunidad de Madrid","125"
"11062026","0","","VOGE","R125","Toledo","Castilla-La Mancha","125"
"11062026","0","","QJMOTOR","FORT 125 N E5+","León","Castilla y León","125"
"11062026","0","","HONDA","SH Mode 125","Illes Balears","Illes Balears","125"
"11062026","0","","HONDA","VISION 110","Zaragoza","Aragón","109"
"11062026","0","","BMW","F 900 R","Granada","Andalucía","895"
"11062026","0","","YAMAHA","XMAX 125","Huelva","Andalucía","125"
"11062026","0","","KYMCO","DTX","Sevilla","Andalucía","321"
"11062026","0","","KYMCO","DTX","Murcia","Región de Murcia","124"
"11062026","0","","ZONTES","368G","Málaga","Andalucía","368"
"11062026","0","","VOGE","DS800X RALLY","Cádiz","Andalucía","798"
"11062026","0","","BMW","R 1300 GS","Santa Cruz de Tenerife","Canarias","1300"
"11062026","0","","HONDA","PCX 125","Madrid","Comunidad de Madrid","125"
"11062026","0","","DUCATI","SCRAMBLER ICON DARK","Barcelona","Cataluña","803"
"11062026","0","","RIEJU","NOT APPLICABLE","Madrid","Comunidad de Madrid","124"
"11062026","0","","LETBE","ISLAND","Alicante/Alacant","Comunidad Valenciana","125"
"11062026","0","","ZONTES","125X","Barcelona","Cataluña","125"
"11062026","0","","ZONTES","368K","Córdoba","Andalucía","368"
"11062026","0","","HONDA","VISION 110","Zaragoza","Aragón","109"
"11062026","0","","VOGE","DS900X","Sevilla","Andalucía","895"
"11062026","0","","ZONTES","125D","Valladolid","Castilla y León","125"
"11062026","0","","VOGE","625DSX","Granada","Andalucía","581"
"11062026","0","","VOGE","SR1ADV","Castellón/Castelló","Comunidad Valenciana","125"
"11062026","0","","HONDA","PCX 125","Barcelona","Cataluña","125"
"11062026","0","","QJMOTOR","ATR 125 E5+","Madrid","Comunidad de Madrid","125"
"11062026","0","","MORBIDELLI","SC125LX","Barcelona","Cataluña","125"
"11062026","0","","YAMAHA","XTZ 700 Tenere","Cantabria","Cantabria","689"
"11062026","0","","RIEJU","RALLY 307","León","Castilla y León","292"
"11062026","0","","DUCATI","SCRAMBLER ICON DARK","Barcelona","Cataluña","803"
"11062026","0","","TRIUMPH","TRIDENT 660 TRIPLE TRI","Madrid","Comunidad de Madrid","660"
"11062026","0","","VOGE","DS525X","Barcelona","Cataluña","494"
"11062026","0","","QJMOTOR","SRK 125 S E5+","Alicante/Alacant","Comunidad Valenciana","125"
"11062026","0","","YAMAHA","MT-07","Alicante/Alacant","Comunidad Valenciana","689"
"11062026","0","","HONDA","PCX 125","Huelva","Andalucía","125"
"11062026","0","","YAMAHA","NMAX 125","Málaga","Andalucía","125"
"11062026","0","","SYM","SYMPHONY 125","Barcelona","Cataluña","125"
"11062026","0","","PEUGEOT","KISBEE M","Illes Balears","Illes Balears","125"
"11062026","0","","ZONTES","125X","Barcelona","Cataluña","125"
"11062026","0","","SCORPA","CITY CORP 125","Huelva","Andalucía","125"
"11062026","0","","QJMOTOR","SRT 450 RX","Murcia","Región de Murcia","450"
"11062026","0","","HONDA","ADV 750","Tarragona","Cataluña","745"
"11062026","0","","KYMCO","DTX","Madrid","Comunidad de Madrid","321"
"11062026","0","","ZONTES","125X","Alicante/Alacant","Comunidad Valenciana","125"
"11062026","0","","QJMOTOR","SRT 700 E5+","Palmas (Las)","Canarias","698"
"11062026","0","","HONDA","FORZA125","Sevilla","Andalucía","125"
"11062026","0","","ZONTES","ZT125-G1","Alicante/Alacant","Comunidad Valenciana","125"
"11062026","0","","HONDA","SH Mode 125","Illes Balears","Illes Balears","125"
"11062026","0","","KYMCO","AGILITY S","Cantabria","Cantabria","125"
"11062026","0","","QJMOTOR","FORT 4.0 E5+","Sevilla","Andalucía","350"
"11062026","0","","KYMCO","DTX","Illes Balears","Illes Balears","321"
"11062026","0","","SYM","SYMPHONY 125","Barcelona","Cataluña","125"
"11062026","0","","KEEWAY","GEMMA","Tarragona","Cataluña","117"
"11062026","0","","VOGE","DS800X RALLY","Castellón/Castelló","Comunidad Valenciana","798"
"11062026","0","","VOGE","DS900X","Santa Cruz de Tenerife","Canarias","895"
"11062026","0","","BMW","C 400 GT","Madrid","Comunidad de Madrid","350"
"11062026","0","","HONDA","SH125i","Girona","Cataluña","125"
"11062026","0","","ZONTES","ZT125-U1","Guadalajara","Castilla-La Mancha","125"
"11062026","0","","YAMAHA","XMAX 125","Barcelona","Cataluña","125"
"11062026","0","","APRILIA","SR GT 125","Tarragona","Cataluña","125"
"11062026","0","","YAMAHA","MT-07","Barcelona","Cataluña","689"
"11062026","0","","ZONTES","368G","Alicante/Alacant","Comunidad Valenciana","368"
"11062026","0","","KYMCO","SKYTOWN 125","Barcelona","Cataluña","125"
"11062026","0","","HONDA","PCX 125","Valencia/València","Comunidad Valenciana","125"
"11062026","0","","KEEWAY","VIESTE 125","Madrid","Comunidad de Madrid","125"
"11062026","0","","KYMCO","DTX","Madrid","Comunidad de Madrid","124"
"11062026","0","","PIAGGIO","VESPA PRIMAVERA 125","Bizkaia","País Vasco","124"
"11062026","0","","BMW","F 900 R","Zaragoza","Aragón","895"
"11062026","0","","PIAGGIO","VESPA PRIMAVERA 125","Alicante/Alacant","Comunidad Valenciana","124"
"11062026","0","","ZONTES","703RR","Valencia/València","Comunidad Valenciana","699"
"11062026","0","","SYM","CRUISYM 125 TCS E5+","Barcelona","Cataluña","124"
"11062026","0","","YAMAHA","Tracer 9 GT","Almería","Andalucía","890"
"11062026","0","","MITT","125 DESERT","Bizkaia","País Vasco","125"
"11062026","0","","ZONTES","125X","Girona","Cataluña","125"
"11062026","0","","SYM","SYMPHONY 125","Granada","Andalucía","125"
"11062026","0","","KYMCO","PEOPLE S 125 E5+","Illes Balears","Illes Balears","125"
"11062026","0","","YAMAHA","NMAX 125","Madrid","Comunidad de Madrid","125"
"11062026","0","","ZONTES","125X","Illes Balears","Illes Balears","125"
"11062026","0","","VOGE","DS800X RALLY","Valencia/València","Comunidad Valenciana","798"
"11062026","0","","PEUGEOT","KISBEE M","Barcelona","Cataluña","125"
"11062026","0","","SYM","JET 14","Palmas (Las)","Canarias","125"
"11062026","0","","SYM","SYMPHONY 125","Barcelona","Cataluña","125"
"11062026","0","","YAMAHA","XMAX 125","Barcelona","Cataluña","125"
"11062026","0","","HONDA","PCX 125","Lleida","Cataluña","125"
"11062026","0","","YAMAHA","XMAX 125","Madrid","Comunidad de Madrid","125"
"11062026","0","","QJMOTOR","SRK 125 S E5+","Gipuzkoa","País Vasco","125"
"11062026","0","","HONDA","SH Mode 125","Illes Balears","Illes Balears","125"
"11062026","0","","CYCLONE","RX2","Cádiz","Andalucía","124"
"11062026","0","","ZONTES","125X","Valencia/València","Comunidad Valenciana","125"
"11062026","0","","BMW","R 1300 GS","Illes Balears","Illes Balears","1300"
"11062026","0","","YAMAHA","RayZR 125","Madrid","Comunidad de Madrid","125"
"11062026","0","","HONDA","ADV 350","Valencia/València","Comunidad Valenciana","330"
"11062026","0","","VOGE","R125S","Valencia/València","Comunidad Valenciana","125"
"11062026","0","","MITT","TY125T-26G","Málaga","Andalucía","125"
"11062026","0","","YAMAHA","NMAX 125","Girona","Cataluña","125"
"11062026","0","","BMW","F 900 R","Madrid","Comunidad de Madrid","895"
"11062026","0","","ZONTES","125X","Girona","Cataluña","125"
"11062026","0","","VOGE","DS900X","Murcia","Región de Murcia","895"
"11062026","0","","RIEJU","NOT APPLICABLE","Pontevedra","Galicia","124"
"11062026","0","","HONDA","NC 750 X","Cádiz","Andalucía","745"
"11062026","0","","HONDA","FORZA125","Palmas (Las)","Canarias","125"
"11062026","0","","YAMAHA","NMAX 125","Illes Balears","Illes Balears","125"
"11062026","0","","MACBOR","MONTANA XR1 125 EVO","Santa Cruz de Tenerife","Canarias","124"
"11062026","0","","SUZUKI","GSX-S125","Madrid","Comunidad de Madrid","124"
"11062026","0","","MITT","TY125T-26F","Badajoz","Extremadura","125"
"11062026","0","","LETBE","S125","Soria","Castilla y León","125"
"11062026","0","","ZONTES","368G","Málaga","Andalucía","368"
"11062026","0","","CYCLONE","LS-Z","Madrid","Comunidad de Madrid","124"
"11062026","0","","CYCLONE","RX2","Málaga","Andalucía","124"
"11062026","0","","HONDA","FORZA125","Pontevedra","Galicia","125"
"11062026","0","","YAMAHA","NMAX 125","Ceuta","Ceuta","125"
"11062026","0","","HONDA","SH125i","Illes Balears","Illes Balears","125"
"11062026","0","","ZONTES","125X","Málaga","Andalucía","125"
"11062026","0","","ZONTES","125X","Jaén","Andalucía","125"
"11062026","0","","QJMOTOR","SRT 450 RX","Girona","Cataluña","450"
"11062026","0","","SYM","JET X","Sevilla","Andalucía","125"
"11062026","0","","YAMAHA","RayZR 125","Zaragoza","Aragón","125"
"11062026","0","","YAMAHA","NMAX 125","Murcia","Región de Murcia","125"
"11062026","0","","KYMCO","SKYTOWN 125","Pontevedra","Galicia","125"
"11062026","0","","ITALJET","DRAGSTER300","Bizkaia","País Vasco","278"
"11062026","0","","HONDA","SH Mode 125","Illes Balears","Illes Balears","125"
"11062026","0","","KEEWAY","VIESTE 125LX","Cádiz","Andalucía","125"
"11062026","0","","KYMCO","SKYTOWN 125","Illes Balears","Illes Balears","125"
"11062026","0","","DUCATI","SCRAMBLER ICON DARK","Barcelona","Cataluña","803"
"11062026","0","","YAMAHA","NMAX 125","Madrid","Comunidad de Madrid","125"
"11062026","0","","PIAGGIO","MEDLEY 125","Cádiz","Andalucía","125"
"11062026","0","","YAMAHA","YZF-R9","Madrid","Comunidad de Madrid","890"
"11062026","0","","ZONTES","125X","Barcelona","Cataluña","125"
"11062026","0","","CFMOTO","450MT","Madrid","Comunidad de Madrid","449"
"11062026","0","","QJMOTOR","MTX 125 E5+","Sevilla","Andalucía","125"
"11062026","0","","PIAGGIO","VESPA PRIMAVERA 125","Huelva","Andalucía","124"
"11062026","0","","KEEWAY","M502N","Barcelona","Cataluña","486"
"11062026","0","","HONDA","XL750 Transalp","Illes Balears","Illes Balears","755"
"11062026","0","","HONDA","NT1100","Barcelona","Cataluña","1084"
"11062026","0","","RIEJU","N/A","Almería","Andalucía","125"
"11062026","0","","ZONTES","703F","Girona","Cataluña","699"
"11062026","0","","KYMCO","AGILITY S","Murcia","Región de Murcia","125"
"11062026","0","","ZONTES","125E","Valladolid","Castilla y León","125"
"11062026","0","","SYM","ADX 300 TCS","Girona","Cataluña","278"
"11062026","0","","VOGE","625DSX","Cantabria","Cantabria","581"
"11062026","0","","YAMAHA","RayZR 125","Badajoz","Extremadura","125"
"11062026","0","","HONDA","CB1000SP","Málaga","Andalucía","1000"
"11062026","0","","QJMOTOR","ATR 125 E5+","Murcia","Región de Murcia","125"
"11062026","0","","MH MOTORCYCLES","VIRO","Córdoba","Andalucía","333"
"11062026","0","","YAMAHA","TMAX 560","Gipuzkoa","País Vasco","562"
"11062026","0","","ZONTES","703RR","Sevilla","Andalucía","699"
"11062026","0","","RIEJU","NKD 125","Valladolid","Castilla y León","124"
"11062026","0","","PEUGEOT","KISBEE M","Madrid","Comunidad de Madrid","125"
"11062026","0","","KEEWAY","VIESTE300 XDV","Palmas (Las)","Canarias","278"
"11062026","0","","ZONTES","125C","Valladolid","Castilla y León","125"
"11062026","0","","KYMCO","AGILITY S","Girona","Cataluña","125"
"11062026","0","","YAMAHA","RayZR 125","Badajoz","Extremadura","125"
"11062026","0","","HONDA","PCX 125","Málaga","Andalucía","125"
"11062026","0","","SYM","JET X","Barcelona","Cataluña","125"
"11062026","0","","YAMAHA","NMAX 125","Málaga","Andalucía","125"
"11062026","0","","SYM","JET 14","Barcelona","Cataluña","125"
"11062026","0","","KAWASAKI","ELIMINATOR","Zaragoza","Aragón","451"
"11062026","0","","BMW","F 900 XR","León","Castilla y León","895"
"11062026","0","","HONDA","ADV 750","Valencia/València","Comunidad Valenciana","745"
"11062026","0","","SYM","SYMPHONY 125","Girona","Cataluña","125"
"11062026","0","","MH MOTORCYCLES","VR10","León","Castilla y León","124"
"11062026","0","","QJMOTOR","MTX 125 E5+","Murcia","Región de Murcia","125"
"11062026","0","","YAMAHA","XMAX 300","Illes Balears","Illes Balears","292"
"11062026","0","","ZONTES","125E","Navarra","Comunidad Foral de Navarra","125"
"11062026","0","","KAWASAKI","Z900","Burgos","Castilla y León","948"
"11062026","0","","HONDA","SH Mode 125","Illes Balears","Illes Balears","125"
"11062026","0","","BMW","R 1300 GS","Barcelona","Cataluña","1300"
"11062026","0","","BMW","F 900 GS ADVENTURE","Tarragona","Cataluña","895"
"11062026","0","","BETA","N/A","Barcelona","Cataluña","296"
"11062026","0","","HONDA","FORZA125","Valencia/València","Comunidad Valenciana","125"
"11062026","0","","KYMCO","AGILITY S","Bizkaia","País Vasco","125"
"11062026","0","","ZONTES","125X","Málaga","Andalucía","125"
"11062026","0","","PIAGGIO","LIBERTY 125 ABS","Málaga","Andalucía","124"
"11062026","0","","HONDA","PCX 125","Zaragoza","Aragón","125"
"11062026","0","","HONDA","VISION 110","Sevilla","Andalucía","109"
"11062026","0","","HONDA","CL500","Palmas (Las)","Canarias","471"
"11062026","0","","VOGE","DS800X RALLY","Madrid","Comunidad de Madrid","798"
"11062026","0","","VOGE","R125S","Lleida","Cataluña","125"
"11062026","0","","HONDA","SH Mode 125","Illes Balears","Illes Balears","125"
"11062026","0","","GASGAS","EC 300","Pontevedra","Galicia","293"
"11062026","0","","PIAGGIO","LIBERTY 125 ABS","Granada","Andalucía","124"
"11062026","0","","VOGE","R125S","Córdoba","Andalucía","125"
"11062026","0","","KEEWAY","RKS 125","Bizkaia","País Vasco","124"
"11062026","0","","VOGE","SR16","Barcelona","Cataluña","125"
"11062026","0","","SUZUKI","ADDRESS 125","Alicante/Alacant","Comunidad Valenciana","124"
"11062026","0","","ZONTES","125C","Alicante/Alacant","Comunidad Valenciana","125"
"11062026","0","","SUZUKI","V-Strom 800","Valencia/València","Comunidad Valenciana","776"
"11062026","0","","KYMCO","AGILITY S","Sevilla","Andalucía","125"
"11062026","0","","VOGE","DS900X","Madrid","Comunidad de Madrid","895"
"11062026","0","","KYMCO","AGILITY S","Cádiz","Andalucía","125"
"11062026","0","","YAMAHA","NMAX 125","Pontevedra","Galicia","125"
"11062026","0","","KYMCO","DTX","Zaragoza","Aragón","124"
"11062026","0","","QJMOTOR","MTX 125 E5+","León","Castilla y León","125"
"11062026","0","","ZONTES","350S","Bizkaia","País Vasco","348"
"11062026","0","","YAMAHA","XMAX 300","Sevilla","Andalucía","292"
"11062026","0","","KTM","KTM 1390 SUPER DUKE R","Barcelona","Cataluña","1350"
"11062026","0","","ZONTES","368G","Sevilla","Andalucía","368"
"11062026","0","","ZONTES","125X","Zaragoza","Aragón","125"
"11062026","0","","QJMOTOR","SRK 800","Alicante/Alacant","Comunidad Valenciana","778"
"11062026","0","","SYM","FUGUE 125 ABS TOP CASE","Barcelona","Cataluña","124"
"11062026","0","","HONDA","PCX 125","Palencia","Castilla y León","125"
"11062026","0","","HONDA","SH350i","Barcelona","Cataluña","330"
"11062026","0","","YAMAHA","NMAX 125","Illes Balears","Illes Balears","125"
"11062026","0","","HONDA","CBF 125","Pontevedra","Galicia","125"
"11062026","0","","SUZUKI","AVENIS 125","Cádiz","Andalucía","124"
"11062026","0","","HONDA","NX500","Valencia/València","Comunidad Valenciana","471"
"11062026","0","","APRILIA","SR GT 125","Córdoba","Andalucía","125"
"11062026","0","","HONDA","CBR 650 R","Madrid","Comunidad de Madrid","649"
"11062026","0","","VOGE","DS800X RALLY","Murcia","Región de Murcia","798"
"11062026","0","","KAWASAKI","Z900","Girona","Cataluña","948"
"11062026","0","","HONDA","PCX 125","Murcia","Región de Murcia","125"
"11062026","0","","HONDA","FORZA125","Gipuzkoa","País Vasco","125"
"11062026","0","","YAMAHA","XTZ 700 Tenere","Málaga","Andalucía","689"
"11062026","0","","YAMAHA","XMAX 300","Alicante/Alacant","Comunidad Valenciana","292"
"11062026","0","","YAMAHA","MT-09","Bizkaia","País Vasco","890"
"11062026","0","","HONDA","PCX 125","Granada","Andalucía","125"
"11062026","0","","PIAGGIO","VESPA GTS 125","Burgos","Castilla y León","125"
"11062026","0","","VOGE","DS525X","Barcelona","Cataluña","494"
"11062026","0","","HONDA","CB500FAC","Pontevedra","Galicia","471"
"11062026","0","","HONDA","SH Mode 125","Gipuzkoa","País Vasco","125"
"11062026","0","","HONDA","SH Mode 125","Illes Balears","Illes Balears","125"
"11062026","0","","YAMAHA","MT-07","Barcelona","Cataluña","689"
"11062026","0","","YAMAHA","NMAX 125","Córdoba","Andalucía","125"
"11062026","0","","BMW","R 1300 GS","Huelva","Andalucía","1300"
"11062026","0","","KYMCO","SUPER DINK GT 125 E5+","Alicante/Alacant","Comunidad Valenciana","124"
"11062026","0","","LEONART","PILDER 125","Granada","Andalucía","125"
"11062026","0","","YAMAHA","NMAX 125","Barcelona","Cataluña","125"
"11062026","0","","KYMCO","DTX","Huelva","Andalucía","321"
"11062026","0","","HONDA","SH Mode 125","Illes Balears","Illes Balears","125"
"11062026","0","","SYM","SYMPHONY 125","Palmas (Las)","Canarias","125"
"11062026","0","","YAMAHA","XMAX 300","Illes Balears","Illes Balears","292"
"11062026","0","","CYCLONE","RT1","Albacete","Castilla-La Mancha","125"
"11062026","0","","RIEJU","NKD 125","Valencia/València","Comunidad Valenciana","124"
"11062026","0","","YAMAHA","RayZR 125","Castellón/Castelló","Comunidad Valenciana","125"
"11062026","0","","YAMAHA","XMAX 125","Melilla","Melilla","125"
"11062026","0","","HONDA","SH350i","Girona","Cataluña","330"
"11062026","0","","ZONTES","368G","Madrid","Comunidad de Madrid","368"
"11062026","0","","SUZUKI","ADDRESS 125","Barcelona","Cataluña","124"
"11062026","0","","HONDA","SH350i","Barcelona","Cataluña","330"
"11062026","0","","KAWASAKI","NINJA 1100SX","Barcelona","Cataluña","1099"
"11062026","0","","HONDA","NC 750 X","Illes Balears","Illes Balears","745"
"11062026","0","","YAMAHA","NMAX 125","Barcelona","Cataluña","125"
"11062026","0","","KYMCO","SKYTOWN 125","Madrid","Comunidad de Madrid","125"
"11062026","0","","CYCLONE","RT1","Zamora","Castilla y León","125"
"11062026","0","","KTM","KTM 690 SMC R","Murcia","Región de Murcia","693"
"11062026","0","","HONDA","CBF 125","Illes Balears","Illes Balears","125"
"11062026","0","","QJMOTOR","SRV 12 E5+","Barcelona","Cataluña","125"
"11062026","0","","BMW","S 1000 RR","Castellón/Castelló","Comunidad Valenciana","999"
"11062026","0","","APRILIA","SR GT 125","Jaén","Andalucía","125"
"11062026","0","","SYM","ADX 300 TCS","Tarragona","Cataluña","278"
"11062026","0","","SYM","CRUISYM 125 TCS E5+","Alicante/Alacant","Comunidad Valenciana","124"
"11062026","0","","VOGE","SR1","Santa Cruz de Tenerife","Canarias","125"
"11062026","0","","YAMAHA","XMAX 300","Valencia/València","Comunidad Valenciana","292"
"11062026","0","","HONDA","SH Mode 125","Illes Balears","Illes Balears","125"
"11062026","0","","VOGE","R125S","Illes Balears","Illes Balears","125"
"11062026","0","","YAMAHA","R125","Valencia/València","Comunidad Valenciana","125"
"11062026","0","","HONDA","XL750 Transalp","Almería","Andalucía","755"
"11062026","0","","VOGE","DS800X RALLY","Barcelona","Cataluña","798"
"11062026","0","","HONDA","PCX 125","Málaga","Andalucía","125"
"11062026","0","","KAWASAKI","NINJA 650","Málaga","Andalucía","649"
"11062026","0","","HONDA","SH Mode 125","Illes Balears","Illes Balears","125"
"11062026","0","","VOGE","DS800X RALLY","Barcelona","Cataluña","798"
"11062026","0","","QJMOTOR","SRK 800","Madrid","Comunidad de Madrid","778"
"11062026","0","","HONDA","PCX 125","Valencia/València","Comunidad Valenciana","125"
"11062026","0","","BMW","R 1300 GS ADVENTURE","Castellón/Castelló","Comunidad Valenciana","1300"
"11062026","0","","YAMAHA","XMAX 300","Madrid","Comunidad de Madrid","292"
"11062026","0","","QJMOTOR","SRT 450 RX","Alicante/Alacant","Comunidad Valenciana","450"
"11062026","0","","HONDA","NC 750 X","Gipuzkoa","País Vasco","745"
"11062026","0","","KYMCO","DTX","Alicante/Alacant","Comunidad Valenciana","124"
"11062026","0","","YAMAHA","MT-125","Almería","Andalucía","125"
"11062026","0","","PEUGEOT","DJANGO","Illes Balears","Illes Balears","125"
"11062026","0","","VOGE","R125S","Jaén","Andalucía","125"
"11062026","0","","HONDA","SH350i","Girona","Cataluña","330"
"11062026","0","","VOGE","SR1","Illes Balears","Illes Balears","125"
"11062026","0","","MACBOR","MONTANA XR1 125 EVO","Barcelona","Cataluña","124"
"11062026","0","","VOGE","625R","Madrid","Comunidad de Madrid","581"
"11062026","0","","QJMOTOR","FORT 125 N E5+","Málaga","Andalucía","125"
"11062026","0","","VOGE","R125","Coruña (A)","Galicia","125"
"11062026","0","","HONDA","NC 750 X","Barcelona","Cataluña","745"
"11062026","0","","KYMCO","DTX","Coruña (A)","Galicia","124"
"11062026","0","","PEUGEOT","PULSION EVO","Murcia","Región de Murcia","125"
"11062026","0","","MACBOR","MONTANA XR1 125 EVO","Gipuzkoa","País Vasco","124"
"11062026","0","","HONDA","PCX 125","Santa Cruz de Tenerife","Canarias","125"
"11062026","0","","PIAGGIO","MEDLEY 125","Cádiz","Andalucía","125"
"11062026","0","","PEUGEOT","KISBEE M","Madrid","Comunidad de Madrid","125"
"11062026","0","","KYMCO","SUPER DINK GT 125 E5+","Barcelona","Cataluña","124"
"11062026","0","","HONDA","FORZA 350","Málaga","Andalucía","330"
"11062026","0","","SYM","JET 14","Barcelona","Cataluña","125"
"11062026","0","","ZONTES","368G","Álava/Araba","País Vasco","368"
"11062026","0","","VOGE","SR3","Palmas (Las)","Canarias","244"
"11062026","0","","ZONTES","125C","Asturias","Principado de Asturias","125"
"11062026","0","","CFMOTO","1000MT-X","Bizkaia","País Vasco","946"
"11062026","0","","HONDA","SH Mode 125","Illes Balears","Illes Balears","125"
"11062026","0","","SYM","SYMPHONY 125","Lleida","Cataluña","125"
"11062026","0","","PIAGGIO","LIBERTY 125 ABS","Cádiz","Andalucía","124"
"11062026","0","","BMW","F 800 GS","Madrid","Comunidad de Madrid","895"
"11062026","0","","ZONTES","125X","Asturias","Principado de Asturias","125"
"11062026","0","","PIAGGIO","VESPA PRIMAVERA 125","Illes Balears","Illes Balears","124"
"11062026","0","","MITT","EMPEROR","Cádiz","Andalucía","125"
"11062026","0","","CYCLONE","RX2","Zamora","Castilla y León","124"
"11062026","0","","KAWASAKI","NINJA ZX-10R","Asturias","Principado de Asturias","998"
"11062026","0","","ZONTES","ZT125-Z2","Castellón/Castelló","Comunidad Valenciana","125"
"11062026","0","","APRILIA","SR GT 125","Barcelona","Cataluña","125"
"11062026","0","","KYMCO","DTX","Madrid","Comunidad de Madrid","321"
"11062026","0","","ZONTES","125C","Santa Cruz de Tenerife","Canarias","125"
"11062026","0","","KYMCO","DTX","Ciudad Real","Castilla-La Mancha","321"
"11062026","0","","YAMAHA","R7","Cantabria","Cantabria","689"
"11062026","0","","BMW","R 1300 GS","Zaragoza","Aragón","1300"
"11062026","0","","ZONTES","125X","Zaragoza","Aragón","125"
"11062026","0","","QJMOTOR","ATR 125 E5+","Alicante/Alacant","Comunidad Valenciana","125"
"11062026","0","","HONDA","FORZA 350","Pontevedra","Galicia","330"
"11062026","0","","CYCLONE","RX2","Ourense","Galicia","124"
"11062026","0","","YAMAHA","NMAX 125","Valencia/València","Comunidad Valenciana","125"
"11062026","0","","DUCATI","MULTISTRADA V4","Bizkaia","País Vasco","1158"
"11062026","0","","VOGE","DS800X RALLY","Alicante/Alacant","Comunidad Valenciana","798"
"11062026","0","","SYM","SYMPHONY 125","Barcelona","Cataluña","125"
"11062026","0","","ZONTES","125X","Málaga","Andalucía","125"
"11062026","0","","HONDA","XL750 Transalp","Granada","Andalucía","755"
"11062026","0","","VOGE","DS900X","Asturias","Principado de Asturias","895"
"11062026","0","","HONDA","PCX 125","Cádiz","Andalucía","125"
"11062026","0","","HONDA","NX500","Málaga","Andalucía","471"
"11062026","0","","HONDA","ADV 750","Palmas (Las)","Canarias","745"
"11062026","0","","HONDA","SH125i","Barcelona","Cataluña","125"
"11062026","0","","KEEWAY","VIESTE 300XDV","Palmas (Las)","Canarias","278"
"11062026","0","","ZONTES","125X","Santa Cruz de Tenerife","Canarias","125"
"11062026","0","","ZONTES","125X","Girona","Cataluña","125"
"11062026","0","","MACBOR","MONTANA XR1 125 EVO","Barcelona","Cataluña","124"
"11062026","0","","YAMAHA","NMAX 125","Cantabria","Cantabria","125"
"11062026","0","","MITT","TY125T-26G","Cádiz","Andalucía","125"
"11062026","0","","APRILIA","SX 125","Alicante/Alacant","Comunidad Valenciana","124"
"11062026","0","","YAMAHA","NMAX 125","Córdoba","Andalucía","125"
