FEC_MATRICULA,COD_CLASE_MAT,FEC_TRAMITACION,MARCA_ITV,MODELO_ITV,PROVINCIA_VEH,COMUNIDAD_AUTONOMA,CILINDRADA_ITV
"12062026","0","","BMW","C 400 GT","Barcelona","Cataluña","350"
"12062026","0","","ZONTES","125X","Tarragona","Cataluña","125"
"12062026","0","","BMW","F 900 GS ADVENTURE","Barcelona","Cataluña","895"
"12062026","0","","YAMAHA","TMAX 560","Barcelona","Cataluña","562"
"12062026","0","","HONDA","ADV 350","Santa Cruz de Tenerife","Canarias","330"
"12062026","0","","HONDA","ADV 750","Alicante/Alacant","Comunidad Valenciana","745"
"12062026","0","","VOGE","R125S","Cádiz","Andalucía","125"
"12062026","0","","SYM","JET 14","Illes Balears","Illes Balears","125"
"12062026","0","","HONDA","PCX 125","Madrid","Comunidad de Madrid","125"
"12062026","0","","CFMOTO","450MT","León","Castilla y León","449"
"12062026","0","","APRILIA","SX 125","Barcelona","Cataluña","124"
"12062026","0","","HONDA","PCX 125","Córdoba","Andalucía","125"
"12062026","0","","HONDA","FORZA 350","Córdoba","Andalucía","330"
"12062026","0","","ZONTES","368G","Sevilla","Andalucía","368"
"12062026","0","","ZONTES","368E","Valencia/València","Comunidad Valenciana","368"
"12062026","0","","ZONTES","125X","Barcelona","Cataluña","125"
"12062026","0","","SYM","FUGUE 125 ABS TOP CASE","Illes Balears","Illes Balears","124"
"12062026","0","","INDIAN","101 SCOUT","Valencia/València","Comunidad Valenciana","1250"
"12062026","0","","LETBE","MECHA","Almería","Andalucía","125"
"12062026","0","","ZONTES","125X","Córdoba","Andalucía","125"
"12062026","0","","HONDA","XL750 Transalp","Málaga","Andalucía","755"
"12062026","0","","SYM","SYMPHONY 125","Málaga","Andalucía","125"
"12062026","0","","CYCLONE","RX1 PRO","Huesca","Aragón","124"
"12062026","0","","YAMAHA","XTZ 700 Tenere","Valladolid","Castilla y León","689"
"12062026","0","","HONDA","GB350S","Málaga","Andalucía","348"
"12062026","0","","HONDA","PCX 125","Cádiz","Andalucía","125"
"12062026","0","","KYMCO","SUPER DINK GT","Madrid","Comunidad de Madrid","321"
"12062026","0","","SYM","SYMPHONY 125","Barcelona","Cataluña","125"
"12062026","0","","CYCLONE","RX2","Ourense","Galicia","124"
"12062026","0","","MONTESA","COTA 4RT 260","Barcelona","Cataluña","259"
"12062026","0","","ZONTES","125X","Valencia/València","Comunidad Valenciana","125"
"12062026","0","","SYM","JET 14","Granada","Andalucía","125"
"12062026","0","","YAMAHA","TRICITY 125","Girona","Cataluña","125"
"12062026","0","","HONDA","PCX 125","Valencia/València","Comunidad Valenciana","125"
"12062026","0","","HONDA","ADV 350","Málaga","Andalucía","330"
"12062026","0","","KYMCO","AGILITY S","Zaragoza","Aragón","125"
"12062026","0","","BMW","F 800 GS","Girona","Cataluña","895"
"12062026","0","","ZONTES","368K","Illes Balears","Illes Balears","368"
"12062026","0","","YAMAHA","XMAX 125","Alicante/Alacant","Comunidad Valenciana","125"
"12062026","0","","ZONTES","125X","Madrid","Comunidad de Madrid","125"
"12062026","0","","VOGE","DS900X","Tarragona","Cataluña","895"
"12062026","0","","KAWASAKI","KLE500","Málaga","Andalucía","451"
"12062026","0","","YAMAHA","NMAX 125","Valladolid","Castilla y León","125"
"12062026","0","","SYM","SYMPHONY 125","Málaga","Andalucía","125"
"12062026","0","","HONDA","FORZA125","Cádiz","Andalucía","125"
"12062026","0","","MITT","125R1","Madrid","Comunidad de Madrid","124"
"12062026","0","","KYMCO","DTX","Barcelona","Cataluña","124"
"12062026","0","","YAMAHA","NMAX 125","Santa Cruz de Tenerife","Canarias","125"
"12062026","0","","HONDA","CBR500","Alicante/Alacant","Comunidad Valenciana","471"
"12062026","0","","HONDA","VISION 110","Zaragoza","Aragón","109"
"12062026","0","","PIAGGIO","VESPA PRIMAVERA 125","Ciudad Real","Castilla-La Mancha","124"
"12062026","0","","KYMCO","AGILITY S","Cádiz","Andalucía","125"
"12062026","0","","HONDA","PCX 125","Illes Balears","Illes Balears","125"
"12062026","0","","RIEJU","RALLY 307","Cantabria","Cantabria","292"
"12062026","0","","VOGE","R125","Almería","Andalucía","125"
"12062026","3","","KYMCO","XCITING VS 400","Madrid","Comunidad de Madrid","400"
"12062026","0","","HONDA","PCX 125","Cádiz","Andalucía","125"
"12062026","0","","HONDA","SH125i","Córdoba","Andalucía","125"
"12062026","0","","HONDA","CBR 650 R","Málaga","Andalucía","649"
"12062026","0","","TRIUMPH","SCRAMBLER 400 X","Valencia/València","Comunidad Valenciana","398"
"12062026","0","","VOGE","DS800X RALLY","Pontevedra","Galicia","798"
"12062026","0","","HONDA","PCX 125","Valladolid","Castilla y León","125"
"12062026","0","","HONDA","CRF 300 L","Valencia/València","Comunidad Valenciana","286"
"12062026","0","","ZONTES","125X","Barcelona","Cataluña","125"
"12062026","0","","HONDA","ADV 750","Bizkaia","País Vasco","745"
"12062026","0","","YAMAHA","NMAX 125","Barcelona","Cataluña","125"
"12062026","0","","YAMAHA","NMAX 125","Granada","Andalucía","125"
"12062026","0","","PIAGGIO","VESPA PRIMAVERA 125","Granada","Andalucía","124"
"12062026","0","","KAWASAKI","NINJA 1100SX","Guadalajara","Castilla-La Mancha","1099"
"12062026","0","","HONDA","SH125i","Málaga","Andalucía","125"
"12062026","0","","YAMAHA","NMAX 125","Granada","Andalucía","125"
"12062026","0","","KAWASAKI","Z900","Madrid","Comunidad de Madrid","948"
"12062026","0","","ZONTES","125X","Barcelona","Cataluña","125"
"12062026","0","","ZONTES","125X","Madrid","Comunidad de Madrid","125"
"12062026","0","","ZONTES","703F","Illes Balears","Illes Balears","699"
"12062026","0","","HONDA","C125A","Illes Balears","Illes Balears","124"
"12062026","0","","BMW","M 1000 R","Alicante/Alacant","Comunidad Valenciana","999"
"12062026","0","","RIEJU","NKD 125","Madrid","Comunidad de Madrid","124"
"12062026","0","","KEEWAY","GEMMA","Huelva","Andalucía","117"
"12062026","0","","BMW","F 900 GS","Zaragoza","Aragón","895"
"12062026","0","","HONDA","FORZA 750","Alicante/Alacant","Comunidad Valenciana","745"
"12062026","0","","ZONTES","368G","Gipuzkoa","País Vasco","368"
"12062026","0","","HONDA","FORZA125","Santa Cruz de Tenerife","Canarias","125"
"12062026","0","","ZONTES","125X","Illes Balears","Illes Balears","125"
"12062026","0","","TRIUMPH","TIGER SPORT 800 TOURIN","Almería","Andalucía","798"
"12062026","0","","MH MOTORCYCLES","VRT","Granada","Andalucía","124"
"12062026","0","","RIEJU","NOT APPLICABLE","Tarragona","Cataluña","124"
"12062026","0","","ZONTES","125X","Toledo","Castilla-La Mancha","125"
"12062026","0","","YAMAHA","MT-09","Madrid","Comunidad de Madrid","890"
"12062026","0","","KYMCO","PEOPLE S 125 E5+","Gipuzkoa","País Vasco","125"
"12062026","0","","ZONTES","125X","Bizkaia","País Vasco","125"
"12062026","0","","ZONTES","125X","Madrid","Comunidad de Madrid","124"
"12062026","0","","PIAGGIO","VESPA PRIMAVERA 125","Tarragona","Cataluña","124"
"12062026","0","","VOGE","DS900X","Alicante/Alacant","Comunidad Valenciana","895"
"12062026","3","","BMW","R 1300 GS ADVENTURE","Madrid","Comunidad de Madrid","1300"
"12062026","0","","SYM","JET 14","Madrid","Comunidad de Madrid","125"
"12062026","0","","YAMAHA","NMAX 125","Illes Balears","Illes Balears","125"
"12062026","0","","ZNEN","NVH","Madrid","Comunidad de Madrid","125"
"12062026","0","","VOGE","R125S","Ávila","Castilla y León","125"
"12062026","0","","YAMAHA","XSR-900","Barcelona","Cataluña","890"
"12062026","0","","HONDA","FORZA 350","Valencia/València","Comunidad Valenciana","330"
"12062026","0","","ZONTES","125X","León","Castilla y León","125"
"12062026","0","","ZONTES","125X","Madrid","Comunidad de Madrid","125"
"12062026","0","","VOGE","SR1ADV","Ciudad Real","Castilla-La Mancha","125"
"12062026","0","","ZONTES","368G","Alicante/Alacant","Comunidad Valenciana","368"
"12062026","0","","YAMAHA","NMAX 125","Valencia/València","Comunidad Valenciana","125"
"12062026","0","","BMW","R 1300 GS","Santa Cruz de Tenerife","Canarias","1300"
"12062026","0","","YAMAHA","XMAX 125","Sevilla","Andalucía","125"
"12062026","0","","TRIUMPH","TIGER 900 GT","Valencia/València","Comunidad Valenciana","888"
"12062026","0","","YAMAHA","TMAX 560","Barcelona","Cataluña","562"
"12062026","0","","APRILIA","SR GT 125","Córdoba","Andalucía","125"
"12062026","0","","SUZUKI","V-Strom 800","Gipuzkoa","País Vasco","776"
"12062026","0","","BSA","BANTAM","Almería","Andalucía","334"
"12062026","0","","VOGE","SR1ADV","Jaén","Andalucía","125"
"12062026","0","","YAMAHA","TRACER 700","Illes Balears","Illes Balears","689"
"12062026","0","","YAMAHA","TMAX 560","Toledo","Castilla-La Mancha","562"
"12062026","0","","ZONTES","125X","Barcelona","Cataluña","125"
"12062026","0","","CFMOTO","125 NK","Huelva","Andalucía","124"
"12062026","0","","KAWASAKI","Z900","Toledo","Castilla-La Mancha","948"
"12062026","0","","RIEJU","N/A","León","Castilla y León","554"
"12062026","0","","QJMOTOR","FORT 125 N E5+","Valencia/València","Comunidad Valenciana","125"
"12062026","0","","PIAGGIO","MEDLEY 125","Barcelona","Cataluña","125"
"12062026","0","","KTM","KTM 125 DUKE","Madrid","Comunidad de Madrid","125"
"12062026","0","","HONDA","NC 750 X","Valencia/València","Comunidad Valenciana","745"
"12062026","0","","YAMAHA","NMAX 125","Málaga","Andalucía","125"
"12062026","0","","KYMCO","DTX","Málaga","Andalucía","124"
"12062026","0","","ZONTES","125C","Madrid","Comunidad de Madrid","125"
"12062026","0","","HONDA","XL750 Transalp","Barcelona","Cataluña","755"
"12062026","0","","MH MOTORCYCLES","VR10","Sevilla","Andalucía","124"
"12062026","0","","BAJAJ","DOMINAR D 400","Alicante/Alacant","Comunidad Valenciana","373"
"12062026","0","","HONDA","PCX 125","Illes Balears","Illes Balears","125"
"12062026","0","","SYM","JOYMAX Z 300 E5+","Illes Balears","Illes Balears","278"
"12062026","0","","BENELLI","TRK 702","Coruña (A)","Galicia","698"
"12062026","0","","YAMAHA","NMAX 125","Granada","Andalucía","125"
"12062026","0","","SYM","JET 14","Granada","Andalucía","125"
"12062026","0","","HONDA","NC 750 X","Córdoba","Andalucía","745"
"12062026","0","","PIAGGIO","VESPA PRIMAVERA 125","Cantabria","Cantabria","124"
"12062026","0","","KTM","KTM 125 SMC R","Bizkaia","País Vasco","125"
"12062026","0","","KYMCO","SUPER DINK GT","Gipuzkoa","País Vasco","321"
"12062026","0","","YAMAHA","NMAX 125","Navarra","Comunidad Foral de Navarra","125"
"12062026","0","","KAWASAKI","Z900","León","Castilla y León","948"
"12062026","0","","DUCATI","MONSTER RED","Barcelona","Cataluña","890"
"12062026","0","","HONDA","XL750 Transalp","Alicante/Alacant","Comunidad Valenciana","755"
"12062026","0","","YAMAHA","XMAX 300","Málaga","Andalucía","292"
"12062026","0","","YAMAHA","RayZR 125","Coruña (A)","Galicia","125"
"12062026","0","","KYMCO","PEOPLE S 125 E5+","Barcelona","Cataluña","125"
"12062026","0","","KYMCO","AGILITY S","Murcia","Región de Murcia","125"
"12062026","0","","SYM","SYMPHONY 125","Barcelona","Cataluña","125"
"12062026","0","","YAMAHA","TMAX 560","Badajoz","Extremadura","562"
"12062026","0","","VOGE","DS900X","Cádiz","Andalucía","895"
"12062026","0","","SYM","SYMPHONY 125","Barcelona","Cataluña","125"
"12062026","0","","ZONTES","125E","Barcelona","Cataluña","125"
"12062026","0","","SUZUKI","GSX-8S","Palmas (Las)","Canarias","776"
"12062026","0","","MITT","TY125T-26G","Valencia/València","Comunidad Valenciana","125"
"12062026","0","","ZONTES","125X","Córdoba","Andalucía","125"
"12062026","0","","YAMAHA","MT-09","Valladolid","Castilla y León","890"
"12062026","0","","BMW","F 900 GS","Soria","Castilla y León","895"
"12062026","0","","ZONTES","125X","Málaga","Andalucía","125"
"12062026","0","","MITT","125 NK","Asturias","Principado de Asturias","124"
"12062026","0","","ZONTES","ZT125-U","Cádiz","Andalucía","125"
"12062026","0","","KAWASAKI","Z125","Barcelona","Cataluña","125"
"12062026","0","","ZONTES","125X","Madrid","Comunidad de Madrid","125"
"12062026","0","","ZONTES","125X","Valencia/València","Comunidad Valenciana","125"
"12062026","0","","ZONTES","368G","Madrid","Comunidad de Madrid","368"
"12062026","0","","HONDA","PCX 125","Navarra","Comunidad Foral de Navarra","125"
"12062026","0","","APRILIA","SR GT 125","Cantabria","Cantabria","125"
"12062026","0","","SYM","JET 14","Madrid","Comunidad de Madrid","125"
"12062026","0","","ZONTES","125X","Valencia/València","Comunidad Valenciana","125"
"12062026","0","","YAMAHA","NMAX 125","Sevilla","Andalucía","125"
"12062026","0","","QJMOTOR","SRT 700 X E5+","Navarra","Comunidad Foral de Navarra","698"
"12062026","0","","KYMCO","AGILITY S","Sevilla","Andalucía","125"
"12062026","0","","YAMAHA","TMAX 560","Palmas (Las)","Canarias","562"
"12062026","0","","HONDA","ADV 750","Málaga","Andalucía","745"
"12062026","0","","HONDA","FORZA 750","Barcelona","Cataluña","745"
"12062026","0","","YAMAHA","XMAX 125","Madrid","Comunidad de Madrid","125"
"12062026","0","","ZONTES","ZT125-G1","Girona","Cataluña","125"
"12062026","0","","YAMAHA","YZF-R3","Cádiz","Andalucía","321"
"12062026","0","","ZONTES","350T","Ávila","Castilla y León","348"
"12062026","0","","HONDA","NX500","Madrid","Comunidad de Madrid","471"
"12062026","0","","YAMAHA","TMAX 560","Granada","Andalucía","562"
"12062026","0","","KTM","KTM 125 SMC R","Málaga","Andalucía","125"
"12062026","0","","SYM","SYMPHONY 125","Barcelona","Cataluña","125"
"12062026","0","","HERO MOTOCORP","X PULSE 200 4V","Girona","Cataluña","200"
"12062026","0","","HONDA","NT1100","Málaga","Andalucía","1084"
"12062026","0","","MOTO MORINI","X-CAPE 1200","Barcelona","Cataluña","1187"
"12062026","0","","QJMOTOR","ATR 125 E5+","Barcelona","Cataluña","125"
"12062026","0","","ZONTES","703RR","Ciudad Real","Castilla-La Mancha","699"
"12062026","0","","PIAGGIO","VESPA PRIMAVERA 125","Illes Balears","Illes Balears","124"
"12062026","0","","ZONTES","ZT125-Z2","Pontevedra","Galicia","125"
"12062026","0","","VOGE","625DSX","Murcia","Región de Murcia","581"
"12062026","0","","KAWASAKI","VERSYS 1100","Huelva","Andalucía","1099"
"12062026","0","","SYM","JET 14","Girona","Cataluña","125"
"12062026","0","","HONDA","PCX 125","Sevilla","Andalucía","125"
"12062026","0","","KYMCO","DTX","Barcelona","Cataluña","124"
"12062026","0","","CYCLONE","SR600-3A","Tarragona","Cataluña","549"
"12062026","0","","HONDA","VISION 110","Álava/Araba","País Vasco","109"
"12062026","0","","PIAGGIO","MEDLEY 125","Castellón/Castelló","Comunidad Valenciana","125"
"12062026","0","","QJMOTOR","MTX 125 E5+","Sevilla","Andalucía","125"
"12062026","0","","HONDA","XL750 Transalp","Cantabria","Cantabria","755"
"12062026","0","","HONDA","FORZA125","Albacete","Castilla-La Mancha","125"
"12062026","0","","HONDA","SH125i","Málaga","Andalucía","125"
"12062026","0","","HONDA","PCX 125","Zaragoza","Aragón","125"
"12062026","0","","HONDA","FORZA125","Valencia/València","Comunidad Valenciana","125"
"12062026","0","","YAMAHA","NMAX 125","Murcia","Región de Murcia","125"
"12062026","0","","HONDA","VISION 110","Girona","Cataluña","109"
"12062026","0","","SUZUKI","BURGMAN 400","Alicante/Alacant","Comunidad Valenciana","400"
"12062026","0","","ZONTES","125C","Coruña (A)","Galicia","125"
"12062026","0","","BENELLI","BN125","León","Castilla y León","125"
"12062026","0","","APRILIA","RS 660","Castellón/Castelló","Comunidad Valenciana","659"
"12062026","0","","SYM","SYMPHONY 125","Girona","Cataluña","125"
"12062026","0","","SYM","JET 14","Murcia","Región de Murcia","125"
"12062026","0","","KOVE","KOVE 800 X RALLY","Bizkaia","País Vasco","799"
"12062026","0","","KTM","KTM 990 RC R","Barcelona","Cataluña","947"
"12062026","0","","QJMOTOR","ATR 125 E5+","Asturias","Principado de Asturias","125"
"12062026","0","","VOGE","DS800X RALLY","Coruña (A)","Galicia","798"
"12062026","0","","RIEJU","CENTURY125","Guadalajara","Castilla-La Mancha","124"
"12062026","0","","SYM","SYMPHONY 125","Cádiz","Andalucía","125"
"12062026","0","","YAMAHA","XMAX 125","Sevilla","Andalucía","125"
"12062026","0","","KAWASAKI","NINJA ZX-4R","Valencia/València","Comunidad Valenciana","399"
"12062026","0","","SYM","JET 14","Barcelona","Cataluña","125"
"12062026","0","","VOGE","SR1ADV","Madrid","Comunidad de Madrid","125"
"12062026","0","","ZONTES","125M","Madrid","Comunidad de Madrid","125"
"12062026","0","","KYMCO","AGILITY S","Lleida","Cataluña","125"
"12062026","0","","HONDA","CBF 125","Navarra","Comunidad Foral de Navarra","125"
"12062026","0","","KAWASAKI","Z650","Valencia/València","Comunidad Valenciana","649"
"12062026","0","","HONDA","PCX 125","Alicante/Alacant","Comunidad Valenciana","125"
"12062026","0","","BMW","R 1300 RT","Cuenca","Castilla-La Mancha","1300"
"12062026","0","","MOTO GUZZI","STELVIO","Sevilla","Andalucía","1042"
"12062026","0","","KYMCO","DTX","Huelva","Andalucía","124"
"12062026","0","","ZONTES","368G","Guadalajara","Castilla-La Mancha","368"
"12062026","0","","YAMAHA","XMAX 125","Castellón/Castelló","Comunidad Valenciana","125"
"12062026","0","","SYM","SYMPHONY 125","Girona","Cataluña","125"
"12062026","0","","MITT","EMPEROR","Bizkaia","País Vasco","125"
"12062026","0","","MORBIDELLI","SC125 RE","Gipuzkoa","País Vasco","125"
"12062026","0","","KYMCO","DTX","Ciudad Real","Castilla-La Mancha","321"
"12062026","0","","HONDA","SH350i","Cádiz","Andalucía","330"
"12062026","0","","KTM","KTM 390 ADVENTURE R","Barcelona","Cataluña","399"
"12062026","0","","MORBIDELLI","SC 125","Asturias","Principado de Asturias","125"
"12062026","0","","HONDA","SH125i","Málaga","Andalucía","125"
"12062026","0","","ZONTES","125X","Almería","Andalucía","125"
"12062026","0","","SUZUKI","V-Strom 800","Sevilla","Andalucía","776"
"12062026","0","","SCORPA","CITY CORP 125","Alicante/Alacant","Comunidad Valenciana","125"
"12062026","0","","KAWASAKI","VERSYS 1100","Barcelona","Cataluña","1099"
"12062026","0","","MH MOTORCYCLES","VRT","Madrid","Comunidad de Madrid","124"
"12062026","0","","YAMAHA","NMAX 125","Cádiz","Andalucía","125"
"12062026","0","","ZONTES","125X","Valencia/València","Comunidad Valenciana","125"
"12062026","0","","SYM","JET 14","Cádiz","Andalucía","125"
"12062026","0","","YAMAHA","R125","Cádiz","Andalucía","125"
"12062026","0","","MORBIDELLI","N125V","Barcelona","Cataluña","125"
"12062026","0","","HONDA","CB650RA","Murcia","Región de Murcia","649"
"12062026","0","","MITT","TY125T-26F","Jaén","Andalucía","125"
"12062026","0","","HONDA","SH125i","Illes Balears","Illes Balears","125"
"12062026","0","","HONDA","SH125i","Barcelona","Cataluña","125"
"12062026","0","","QJMOTOR","SQ 16 E5+","Madrid","Comunidad de Madrid","125"
"12062026","0","","PEUGEOT","DJANGO","Murcia","Región de Murcia","125"
"12062026","0","","BMW","R 1300 RT","Palmas (Las)","Canarias","1300"
"12062026","0","","KAWASAKI","NINJA ZX-6R","Valencia/València","Comunidad Valenciana","636"
"12062026","0","","KEEWAY","RKF 125 ABS","Valencia/València","Comunidad Valenciana","125"
"12062026","0","","RIEJU","RALLY 307","Málaga","Andalucía","292"
"12062026","0","","BAJAJ","PULSAR NS 125","Barcelona","Cataluña","124"
"12062026","0","","NEXT","NX CROSS 125I","Murcia","Región de Murcia","125"
"12062026","0","","ZONTES","125X","Barcelona","Cataluña","125"
"12062026","0","","YAMAHA","MT-125","Madrid","Comunidad de Madrid","125"
"12062026","0","","VOGE","625DSX","Illes Balears","Illes Balears","581"
"12062026","0","","PEUGEOT","DJANGO","Alicante/Alacant","Comunidad Valenciana","125"
"12062026","0","","YAMAHA","NMAX 125","Córdoba","Andalucía","125"
"12062026","0","","BMW","C 400 GT","Cantabria","Cantabria","350"
"12062026","0","","YAMAHA","NMAX 125","Cádiz","Andalucía","125"
"12062026","0","","HONDA","FORZA125","Madrid","Comunidad de Madrid","125"
"12062026","0","","BMW","R 1300 GS","Granada","Andalucía","1300"
"12062026","0","","HONDA","VISION 110","Alicante/Alacant","Comunidad Valenciana","109"
"12062026","0","","ZONTES","125X","Madrid","Comunidad de Madrid","125"
"12062026","0","","PIAGGIO","VESPA GTS 125","Bizkaia","País Vasco","125"
"12062026","0","","ZONTES","125X","Alicante/Alacant","Comunidad Valenciana","125"
"12062026","0","","HONDA","XL750 Transalp","Madrid","Comunidad de Madrid","755"
"12062026","0","","HONDA","CB750 Hornet","Zaragoza","Aragón","755"
"12062026","0","","HONDA","ADV 350","Córdoba","Andalucía","330"
"12062026","0","","ZONTES","125X","Madrid","Comunidad de Madrid","125"
"12062026","0","","BMW","R 1300 GS ADVENTURE","Madrid","Comunidad de Madrid","1300"
"12062026","0","","KTM","KTM 390 ENDURO R","Valladolid","Castilla y León","399"
"12062026","0","","MORBIDELLI","F125","Asturias","Principado de Asturias","125"
"12062026","0","","ZONTES","368G","Barcelona","Cataluña","368"
"12062026","0","","KTM","KTM 390 ENDURO R","Valladolid","Castilla y León","399"
"12062026","0","","RIEJU","NOT APPLICABLE","Badajoz","Extremadura","124"
"12062026","0","","YAMAHA","NMAX 125","Illes Balears","Illes Balears","125"
"12062026","0","","HONDA","ADV 750","Pontevedra","Galicia","745"
"12062026","0","","HONDA","SH125i","Málaga","Andalucía","125"
"12062026","0","","RIEJU","RALLY 307","Almería","Andalucía","292"
"12062026","0","","VOGE","625DSX","Asturias","Principado de Asturias","581"
"12062026","0","","LAMBRETTA","V125 SPECIAL FLEX","Valencia/València","Comunidad Valenciana","125"
"12062026","0","","YAMAHA","NMAX 125","Valencia/València","Comunidad Valenciana","125"
"12062026","0","","HONDA","SH350i","Málaga","Andalucía","330"
"12062026","0","","SCORPA","CITY CORP 125","Álava/Araba","País Vasco","125"
"12062026","0","","MH MOTORCYCLES","TRAY","Sevilla","Andalucía","125"
"12062026","0","","YAMAHA","XTZ 700 Tenere","Granada","Andalucía","689"
"12062026","0","","DUCATI","MONSTER DUCATI RED LIM","Barcelona","Cataluña","890"
"12062026","0","","HONDA","SH125i","Illes Balears","Illes Balears","125"
"12062026","0","","SUZUKI","GSX-S 1000","Coruña (A)","Galicia","999"
"12062026","0","","HONDA","SH125i","Sevilla","Andalucía","125"
"12062026","0","","SYM","JET 14","Cádiz","Andalucía","125"
"12062026","0","","ZONTES","ZT125-Z2","Córdoba","Andalucía","125"
"12062026","0","","MACBOR","MONTANA XR1 125 EVO","Barcelona","Cataluña","124"
"12062026","0","","TRIUMPH","TIGER 900 ALPINE EDITI","Madrid","Comunidad de Madrid","888"
"12062026","0","","ZONTES","368G","Barcelona","Cataluña","368"
"12062026","0","","YAMAHA","YZF-R9","Cuenca","Castilla-La Mancha","890"
"12062026","0","","VOGE","SR16","Barcelona","Cataluña","125"
"12062026","0","","ZONTES","125X","León","Castilla y León","125"
"12062026","0","","BMW","R 1300 GS","Castellón/Castelló","Comunidad Valenciana","1300"
"12062026","0","","ZONTES","125X","Zaragoza","Aragón","125"
"12062026","0","","ZONTES","125X","Córdoba","Andalucía","125"
"12062026","0","","MH MOTORCYCLES","TRAY","Jaén","Andalucía","125"
"12062026","0","","PIAGGIO","VESPA PRIMAVERA 125","Illes Balears","Illes Balears","124"
"12062026","0","","KAWASAKI","Z900","Barcelona","Cataluña","948"
"12062026","0","","QJMOTOR","SRK 125 S E5+","Murcia","Región de Murcia","125"
"12062026","0","","ZONTES","125X","Madrid","Comunidad de Madrid","125"
"12062026","0","","YAMAHA","NMAX 125","Zaragoza","Aragón","125"
"12062026","0","","YAMAHA","NMAX 125","Castellón/Castelló","Comunidad Valenciana","125"
"12062026","0","","HONDA","ADV 750","Ciudad Real","Castilla-La Mancha","745"
"12062026","0","","ZONTES","368G","Gipuzkoa","País Vasco","368"
"12062026","0","","APRILIA","SR GT 125","Cádiz","Andalucía","125"
"12062026","0","","APRILIA","SR GT 125","Alicante/Alacant","Comunidad Valenciana","125"
"12062026","0","","CYCLONE","RX2","Granada","Andalucía","124"
"12062026","0","","VOGE","SR3","Valencia/València","Comunidad Valenciana","244"
"12062026","0","","BMW","R 1300 GS","Barcelona","Cataluña","1300"
"12062026","0","","ZONTES","125X","Barcelona","Cataluña","125"
"12062026","0","","SYM","SYMPHONY 125","Cádiz","Andalucía","125"
"12062026","0","","SYM","SYMPHONY 125","Palencia","Castilla y León","125"
"12062026","0","","KEEWAY","VIESTE 125","Alicante/Alacant","Comunidad Valenciana","125"
"12062026","0","","YAMAHA","NMAX 125","Castellón/Castelló","Comunidad Valenciana","125"
"12062026","0","","SYM","SYMPHONY 125","Cádiz","Andalucía","125"
"12062026","0","","ZONTES","368G","Alicante/Alacant","Comunidad Valenciana","368"
"12062026","0","","KAWASAKI","Z500","Granada","Andalucía","451"
"12062026","0","","TRIUMPH","TRIDENT 800","Valladolid","Castilla y León","798"
"12062026","0","","YAMAHA","NMAX 125","Illes Balears","Illes Balears","125"
"12062026","0","","HONDA","SH Mode 125","Barcelona","Cataluña","125"
"12062026","0","","BMW","R 1300 GS ADVENTURE","Pontevedra","Galicia","1300"
"12062026","0","","MITT","125GTS","Córdoba","Andalucía","125"
"12062026","0","","ZONTES","125X","Bizkaia","País Vasco","125"
"12062026","0","","BAJAJ","PULSAR NS 400 Z","Illes Balears","Illes Balears","373"
"12062026","0","","BETA","N/A","Granada","Andalucía","349"
"12062026","0","","ZONTES","703RR","Murcia","Región de Murcia","699"
"12062026","0","","MOTO MORINI","SEIEMMEZZO","Barcelona","Cataluña","649"
"12062026","0","","KYMCO","AGILITY S","Zaragoza","Aragón","125"
"12062026","0","","MH MOTORCYCLES","VR10","Sevilla","Andalucía","124"
"12062026","0","","YAMAHA","NMAX 125","Alicante/Alacant","Comunidad Valenciana","125"
"12062026","0","","HONDA","XL750 Transalp","Barcelona","Cataluña","755"
"12062026","0","","YAMAHA","TMAX 560","Barcelona","Cataluña","562"
"12062026","0","","ZONTES","368G","Pontevedra","Galicia","368"
"12062026","0","","HONDA","FORZA 350","Madrid","Comunidad de Madrid","330"
"12062026","0","","HONDA","CB650RA","Barcelona","Cataluña","649"
"12062026","0","","KAWASAKI","Z900","Coruña (A)","Galicia","948"
"12062026","0","","HONDA","ADV 750","Málaga","Andalucía","745"
"12062026","0","","YAMAHA","RayZR 125","Alicante/Alacant","Comunidad Valenciana","125"
"12062026","0","","APRILIA","SR GT 125","Cádiz","Andalucía","125"
"12062026","0","","HONDA","MSX125A","Illes Balears","Illes Balears","124"
"12062026","0","","ZONTES","368G","Barcelona","Cataluña","368"
"12062026","0","","ZONTES","125E","Madrid","Comunidad de Madrid","125"
"12062026","0","","VOGE","R125","Valencia/València","Comunidad Valenciana","125"
"12062026","0","","ZONTES","125X","Granada","Andalucía","125"
"12062026","0","","CFMOTO","450MT","Madrid","Comunidad de Madrid","449"
"12062026","0","","ZONTES","125C","Girona","Cataluña","125"
"12062026","0","","HONDA","PCX 125","Sevilla","Andalucía","125"
"12062026","0","","ZONTES","125E","Valencia/València","Comunidad Valenciana","125"
"12062026","0","","CFMOTO","450MT","Barcelona","Cataluña","449"
"12062026","0","","HONDA","VISION 110","Barcelona","Cataluña","109"
"12062026","0","","ZONTES","125X","Zaragoza","Aragón","125"
"12062026","0","","PEUGEOT","PULSION EVO","Madrid","Comunidad de Madrid","125"
"12062026","0","","ZONTES","125C","Valencia/València","Comunidad Valenciana","125"
"12062026","0","","VOGE","R125S","Santa Cruz de Tenerife","Canarias","125"
"12062026","0","","HONDA","CB 500 F","Murcia","Región de Murcia","471"
"12062026","0","","ZONTES","ZT125-G1","Albacete","Castilla-La Mancha","125"
"12062026","0","","VOGE","DS900X","Granada","Andalucía","895"
"12062026","0","","SYM","ADX 300 TCS","Alicante/Alacant","Comunidad Valenciana","278"
"12062026","0","","HONDA","SH125i","Gipuzkoa","País Vasco","125"
"12062026","0","","KAWASAKI","Z900","Toledo","Castilla-La Mancha","948"
"12062026","0","","HONDA","ADV 750","Madrid","Comunidad de Madrid","745"
"12062026","0","","KYMCO","SKYTOWN 125","Málaga","Andalucía","125"
"12062026","0","","ZONTES","125X","Madrid","Comunidad de Madrid","125"
"12062026","0","","VOGE","SR1ADV","Jaén","Andalucía","125"
"12062026","0","","SYM","JET X","Girona","Cataluña","125"
"12062026","0","","SYM","SYMPHONY 125","Castellón/Castelló","Comunidad Valenciana","125"
"12062026","0","","HONDA","PCX 125","Pontevedra","Galicia","125"
"12062026","0","","PIAGGIO","VESPA GTS","Illes Balears","Illes Balears","310"
"12062026","0","","MITT","125GTS","Sevilla","Andalucía","125"
"12062026","0","","HONDA","FORZA125","Murcia","Región de Murcia","125"
"12062026","0","","MORBIDELLI","F125","Girona","Cataluña","125"
"12062026","0","","HONDA","FORZA125","Sevilla","Andalucía","125"
"12062026","0","","SUZUKI","ADDRESS 125","Valencia/València","Comunidad Valenciana","124"
"12062026","0","","HONDA","SH125i","Barcelona","Cataluña","125"
"12062026","0","","HONDA","SH125i","Girona","Cataluña","125"
"12062026","0","","CFMOTO","1000MT-X","Alicante/Alacant","Comunidad Valenciana","946"
"12062026","0","","PIAGGIO","VESPA PRIMAVERA 125","Alicante/Alacant","Comunidad Valenciana","124"
"12062026","0","","BMW","R 1300 GS","Alicante/Alacant","Comunidad Valenciana","1300"
"12062026","0","","QJMOTOR","SRT 700 X E5+","Alicante/Alacant","Comunidad Valenciana","698"
"12062026","0","","HONDA","FORZA125","Sevilla","Andalucía","125"
"12062026","0","","ZONTES","703F","Cuenca","Castilla-La Mancha","699"
"12062026","0","","CFMOTO","800MT-X","León","Castilla y León","799"
"12062026","0","","YAMAHA","XTZ 700 Tenere","Alicante/Alacant","Comunidad Valenciana","689"
"12062026","0","","HONDA","SH125i","Sevilla","Andalucía","125"
"12062026","0","","BMW","S 1000 RR","Valencia/València","Comunidad Valenciana","999"
"12062026","0","","VOGE","625DSX","Alicante/Alacant","Comunidad Valenciana","581"
"12062026","0","","ZONTES","125E","Barcelona","Cataluña","125"
"12062026","0","","ZONTES","125X","Almería","Andalucía","125"
"12062026","0","","CYCLONE","RX2","Ciudad Real","Castilla-La Mancha","124"
"12062026","0","","CYCLONE","RX2","Granada","Andalucía","124"
"12062026","0","","YAMAHA","XTZ 700 Tenere","Badajoz","Extremadura","689"
"12062026","0","","HONDA","PCX 125","Alicante/Alacant","Comunidad Valenciana","125"
"12062026","0","","RIEJU","NOT APPLICABLE","Badajoz","Extremadura","124"
"12062026","0","","YAMAHA","NMAX 125","Coruña (A)","Galicia","125"
"12062026","0","","YAMAHA","NMAX 125","Alicante/Alacant","Comunidad Valenciana","125"
"12062026","0","","APRILIA","SR GT 125","Badajoz","Extremadura","125"
"12062026","0","","ZONTES","ZT125-G1","Madrid","Comunidad de Madrid","125"
"12062026","0","","KAWASAKI","Z900","Cádiz","Andalucía","948"
"12062026","0","","HONDA","PCX 125","Ourense","Galicia","125"
"12062026","0","","KAWASAKI","Z650","Guadalajara","Castilla-La Mancha","649"
"12062026","0","","SUZUKI","AVENIS 125","Illes Balears","Illes Balears","124"
"12062026","0","","HONDA","PCX 125","Illes Balears","Illes Balears","125"
"12062026","0","","HONDA","SH Mode 125","Illes Balears","Illes Balears","125"
"12062026","0","","KYMCO","DTX","Badajoz","Extremadura","124"
"12062026","0","","ZONTES","125X","Madrid","Comunidad de Madrid","125"
"12062026","0","","HONDA","PCX 125","Madrid","Comunidad de Madrid","125"
"12062026","0","","YAMAHA","XMAX 125","Cádiz","Andalucía","125"
"12062026","0","","LAMBRETTA","V125 SPECIAL FLEX","Illes Balears","Illes Balears","125"
"12062026","0","","KTM","KTM 890 SM T","Zaragoza","Aragón","889"
"12062026","0","","VOGE","DS900X","Asturias","Principado de Asturias","895"
"12062026","0","","ROYAL ENFIELD","HIMALAYAN 452","Alicante/Alacant","Comunidad Valenciana","452"
"12062026","0","","HONDA","VISION 110","Córdoba","Andalucía","109"
"12062026","0","","MACBOR","MONTANA XR5 510 E5+","Bizkaia","País Vasco","498"
"12062026","0","","MH MOTORCYCLES","TRAY","Sevilla","Andalucía","125"
"12062026","0","","ZONTES","125X","Bizkaia","País Vasco","125"
"12062026","0","","YAMAHA","NMAX 125","Alicante/Alacant","Comunidad Valenciana","125"
"12062026","0","","RIEJU","NKD 125","León","Castilla y León","124"
"12062026","0","","CFMOTO","1000MT-X","Barcelona","Cataluña","946"
"12062026","0","","HONDA","CMX1100","Madrid","Comunidad de Madrid","1084"
"12062026","0","","VOGE","625DSX","Girona","Cataluña","581"
"12062026","0","","YAMAHA","NMAX 125","Murcia","Región de Murcia","125"
"12062026","0","","SUZUKI","V-Strom 800","Sevilla","Andalucía","776"
"12062026","0","","YAMAHA","NMAX 125","Madrid","Comunidad de Madrid","125"
"12062026","0","","HONDA","CBR650RA","Santa Cruz de Tenerife","Canarias","649"
"12062026","0","","YAMAHA","NMAX 125","Madrid","Comunidad de Madrid","125"
"12062026","0","","CYCLONE","RT1","Zaragoza","Aragón","125"
"12062026","0","","HONDA","PCX 125","Murcia","Región de Murcia","125"
"12062026","0","","VOGE","R125","Granada","Andalucía","125"
"12062026","0","","YAMAHA","TMAX 560","Granada","Andalucía","562"
"12062026","0","","HONDA","FORZA 750","Sevilla","Andalucía","745"
"12062026","0","","YAMAHA","YZF-R9","Coruña (A)","Galicia","890"
"12062026","0","","HONDA","PCX 125","Alicante/Alacant","Comunidad Valenciana","125"
"12062026","0","","KAWASAKI","Z900","Palmas (Las)","Canarias","948"
"12062026","0","","KYMCO","DTX","Murcia","Región de Murcia","124"
"12062026","0","","ZONTES","125X","Málaga","Andalucía","125"
"12062026","0","","HONDA","SH125i","Illes Balears","Illes Balears","125"
"12062026","0","","ZONTES","ZT125-Z2","Madrid","Comunidad de Madrid","125"
"12062026","0","","KAWASAKI","NINJA 500","Madrid","Comunidad de Madrid","451"
"12062026","0","","KAWASAKI","NINJA 1100SX","Valencia/València","Comunidad Valenciana","1099"
"12062026","0","","BSA","BANTAM","Illes Balears","Illes Balears","334"
"12062026","0","","SYM","ADX 125 LC TCS E5+","Alicante/Alacant","Comunidad Valenciana","125"
"12062026","0","","ZONTES","125C","Barcelona","Cataluña","125"
"12062026","0","","YAMAHA","NMAX 125","Murcia","Región de Murcia","125"
"12062026","0","","HONDA","SH Mode 125","Girona","Cataluña","125"
"12062026","0","","QJMOTOR","ATR 125 E5+","Barcelona","Cataluña","125"
"12062026","0","","SYM","JOYMAX Z 300 E5+","Málaga","Andalucía","278"
"12062026","0","","MITT","CPX 125 LIQUID","Cádiz","Andalucía","125"
"12062026","0","","YAMAHA","TRACER 700","Granada","Andalucía","689"
"12062026","0","","ZONTES","368G","Málaga","Andalucía","368"
"12062026","0","","ZONTES","368G","Tarragona","Cataluña","368"
"12062026","0","","YAMAHA","TRACER 700","Cádiz","Andalucía","689"
"12062026","0","","ITALJET","DRAGSTER 700 TWIN","Madrid","Comunidad de Madrid","698"
"12062026","0","","YAMAHA","TMAX 560","Sevilla","Andalucía","562"
"12062026","0","","BMW","R 1300 RT","Madrid","Comunidad de Madrid","1300"
"12062026","0","","BMW","C 400 GT","Santa Cruz de Tenerife","Canarias","350"
"12062026","0","","QJMOTOR","SRK 800","Cádiz","Andalucía","778"
"12062026","0","","DUCATI","PANIGALE V2","Almería","Andalucía","890"
"12062026","0","","ZONTES","125E","Sevilla","Andalucía","125"
"12062026","0","","MACBOR","MONTANA XR1 125 EVO","Bizkaia","País Vasco","124"
"12062026","0","","HONDA","CB650RA","Alicante/Alacant","Comunidad Valenciana","649"
"12062026","0","","LETBE","FLYGON","Almería","Andalucía","125"
"12062026","0","","APRILIA","SR GT 125","Valencia/València","Comunidad Valenciana","125"
"12062026","0","","HONDA","VISION 110","Álava/Araba","País Vasco","109"
"12062026","0","","ZONTES","125E","Girona","Cataluña","125"
"12062026","0","","HONDA","PCX 125","Málaga","Andalucía","125"
"12062026","0","","SYM","SYMPHONY 125","Barcelona","Cataluña","125"
"12062026","0","","YAMAHA","NMAX 125","Cantabria","Cantabria","125"
"12062026","0","","KAWASAKI","VERSYS 650","Madrid","Comunidad de Madrid","649"
"12062026","0","","SYM","SYMPHONY 125","Málaga","Andalucía","125"
"12062026","0","","VOGE","625DSX","Asturias","Principado de Asturias","581"
"12062026","0","","HONDA","XL750 Transalp","Bizkaia","País Vasco","755"
"12062026","0","","KYMCO","SUPER DINK GT 125 E5+","Badajoz","Extremadura","124"
"12062026","0","","APRILIA","RS 125","Madrid","Comunidad de Madrid","124"
"12062026","0","","HONDA","PCX 125","Cádiz","Andalucía","125"
"12062026","0","","BMW","M 1000 XR","Madrid","Comunidad de Madrid","999"
"12062026","0","","RIEJU","N/A","Zamora","Castilla y León","125"
"12062026","0","","HONDA","ST125A","Cádiz","Andalucía","124"
"12062026","0","","ZONTES","125E","Madrid","Comunidad de Madrid","125"
"12062026","0","","KAWASAKI","W230","Alicante/Alacant","Comunidad Valenciana","233"
"12062026","0","","YAMAHA","MT-09","Barcelona","Cataluña","890"
"12062026","0","","ANDES","U3(125)","Pontevedra","Galicia","124"
"12062026","0","","LETBE","VELOCITY","Bizkaia","País Vasco","125"
"12062026","0","","ZONTES","125D","Barcelona","Cataluña","125"
"12062026","0","","VOGE","R125S","Santa Cruz de Tenerife","Canarias","125"
"12062026","0","","MH MOTORCYCLES","TRAY","Madrid","Comunidad de Madrid","125"
"12062026","0","","SYM","JET 14","Sevilla","Andalucía","125"
"12062026","0","","RIEJU","XPLORA 707","Navarra","Comunidad Foral de Navarra","698"
"12062026","0","","BENELLI","BN125","Málaga","Andalucía","125"
"12062026","0","","SYM","JET 14","Murcia","Región de Murcia","125"
"12062026","0","","VOGE","DS525X","Tarragona","Cataluña","494"
"12062026","0","","KAWASAKI","VULCAN S","Sevilla","Andalucía","649"
"12062026","0","","SYM","SYMPHONY 125","Girona","Cataluña","125"
"12062026","0","","MH MOTORCYCLES","VRT","Santa Cruz de Tenerife","Canarias","124"
"12062026","0","","YAMAHA","NMAX 125","Cádiz","Andalucía","125"
"12062026","0","","YAMAHA","MT-07","Illes Balears","Illes Balears","689"
"12062026","0","","HONDA","FORZA125","Murcia","Región de Murcia","125"
"12062026","0","","VOGE","DS800X RALLY","Valencia/València","Comunidad Valenciana","798"
"12062026","0","","SUZUKI","AVENIS 125","Illes Balears","Illes Balears","124"
"12062026","0","","CYCLONE","LS-Z","Zaragoza","Aragón","124"
"12062026","0","","YAMAHA","XMAX 300","Illes Balears","Illes Balears","292"
"12062026","0","","VOGE","DS800X RALLY","Murcia","Región de Murcia","798"
"12062026","0","","VOGE","625DSX","Girona","Cataluña","581"
"12062026","0","","CYCLONE","RX2","Córdoba","Andalucía","124"
"12062026","0","","HONDA","ADV 350","Santa Cruz de Tenerife","Canarias","330"
"12062026","0","","HONDA","ADV 350","Sevilla","Andalucía","330"
"12062026","0","","YAMAHA","NMAX 125","Murcia","Región de Murcia","125"
"12062026","0","","KYMCO","DTX","Barcelona","Cataluña","124"
"12062026","0","","ZONTES","368G","Almería","Andalucía","368"
"12062026","0","","HONDA","PCX 125","Alicante/Alacant","Comunidad Valenciana","125"
"12062026","0","","ZONTES","125X","Murcia","Región de Murcia","125"
"12062026","0","","HONDA","PCX 125","Córdoba","Andalucía","125"
"12062026","0","","INDIAN","CHIEF VINTAGE","Girona","Cataluña","1890"
"12062026","0","","ZONTES","125X","Madrid","Comunidad de Madrid","125"
"12062026","0","","ZONTES","125D","Barcelona","Cataluña","125"
"12062026","0","","BMW","C 400 GT","Palmas (Las)","Canarias","350"
"12062026","0","","YAMAHA","NMAX 125","Valencia/València","Comunidad Valenciana","125"
"12062026","0","","KYMCO","AGILITY S","Ceuta","Ceuta","125"
"12062026","0","","ZONTES","125E","Málaga","Andalucía","125"
"12062026","0","","RIEJU","NKD 125","Badajoz","Extremadura","124"
"12062026","0","","RIEJU","NKD 125","Valencia/València","Comunidad Valenciana","124"
"12062026","0","","YAMAHA","TRACER 700","Valencia/València","Comunidad Valenciana","689"
"12062026","0","","YAMAHA","NMAX 125","Valencia/València","Comunidad Valenciana","125"
"12062026","0","","SUZUKI","GSX-S125","Alicante/Alacant","Comunidad Valenciana","124"
"12062026","0","","YAMAHA","RayZR 125","Alicante/Alacant","Comunidad Valenciana","125"
"12062026","0","","KTM","KTM 790 DUKE","Barcelona","Cataluña","799"
"12062026","0","","KYMCO","PEOPLE S 125 E5+","Barcelona","Cataluña","125"
"12062026","0","","APRILIA","RX 125","Granada","Andalucía","124"
"12062026","0","","INDIAN","SCOUT BOBBER LIMITED+T","Valencia/València","Comunidad Valenciana","1250"
"12062026","0","","ZONTES","368G","Cádiz","Andalucía","368"
"12062026","0","","ZONTES","125X","Alicante/Alacant","Comunidad Valenciana","125"
"12062026","0","","ZONTES","ZT125-Z2","Alicante/Alacant","Comunidad Valenciana","125"
"12062026","0","","QJMOTOR","SRK 125 S E5+","Barcelona","Cataluña","125"
"12062026","0","","APRILIA","SR GT 125","Cádiz","Andalucía","125"
"12062026","0","","HONDA","CBF 125","Málaga","Andalucía","125"
"12062026","0","","ZONTES","368G","Barcelona","Cataluña","368"
"12062026","0","","ZONTES","125X","Málaga","Andalucía","125"
"12062026","0","","ZONTES","368G","Madrid","Comunidad de Madrid","368"
"12062026","0","","YAMAHA","NMAX 125","Valencia/València","Comunidad Valenciana","125"
"12062026","0","","MH MOTORCYCLES","TRAY","Córdoba","Andalucía","125"
"12062026","0","","HONDA","PCX 125","Santa Cruz de Tenerife","Canarias","125"
"12062026","0","","ZONTES","125X","Málaga","Andalucía","125"
"12062026","0","","ZONTES","368K","Madrid","Comunidad de Madrid","368"
"12062026","0","","KYMCO","AGILITY S","Valencia/València","Comunidad Valenciana","125"
"12062026","0","","KYMCO","SKYTOWN 125","Barcelona","Cataluña","125"
"12062026","0","","HONDA","PCX 125","Sevilla","Andalucía","125"
"12062026","0","","YAMAHA","NMAX 125","Bizkaia","País Vasco","125"
"12062026","0","","BENDA","NAPOLEON 125","Santa Cruz de Tenerife","Canarias","125"
"12062026","0","","HONDA","CB750 Hornet","Tarragona","Cataluña","755"
"12062026","0","","RIEJU","RALLY 307","Badajoz","Extremadura","292"
"12062026","0","","APRILIA","TUONO V4","Madrid","Comunidad de Madrid","1077"
"12062026","0","","ZONTES","125E","Madrid","Comunidad de Madrid","125"
"12062026","0","","HONDA","SH125i","Granada","Andalucía","125"
"12062026","0","","APRILIA","SR GT 125","Asturias","Principado de Asturias","125"
"12062026","0","","VOGE","R125S","Cádiz","Andalucía","125"
"12062026","0","","HONDA","FORZA 350","Cádiz","Andalucía","330"
"12062026","0","","KYMCO","AGILITY S","Alicante/Alacant","Comunidad Valenciana","125"
"12062026","0","","PEUGEOT","KISBEE M","Illes Balears","Illes Balears","125"
"12062026","0","","ZONTES","368G","Palmas (Las)","Canarias","368"
"12062026","0","","YAMAHA","NMAX 125","Valencia/València","Comunidad Valenciana","125"
"12062026","0","","YAMAHA","TRACER 700","Murcia","Región de Murcia","689"
"12062026","0","","TRIUMPH","SCRAMBLER 900","Madrid","Comunidad de Madrid","900"
"12062026","0","","KYMCO","AGILITY S","Sevilla","Andalucía","125"
"12062026","0","","HONDA","ADV 350","Palmas (Las)","Canarias","330"
"12062026","0","","YAMAHA","MT-07","Málaga","Andalucía","689"
"12062026","0","","HONDA","PCX 125","Madrid","Comunidad de Madrid","125"
"12062026","0","","ZONTES","125X","Málaga","Andalucía","125"
"12062026","0","","QJMOTOR","SRT 600 SX E5+","Alicante/Alacant","Comunidad Valenciana","554"
"12062026","0","","VOGE","R125S","Valencia/València","Comunidad Valenciana","125"
"12062026","0","","BENDA","NAPOLEON 125","Huesca","Aragón","125"
"12062026","0","","VOGE","DS900X","Cádiz","Andalucía","895"
"12062026","0","","SYM","SYMPHONY 125","Girona","Cataluña","125"
"12062026","0","","ZONTES","368D","Málaga","Andalucía","368"
"12062026","0","","QJMOTOR","SRK 125 S E5+","Málaga","Andalucía","125"
"12062026","0","","YAMAHA","RayZR 125","Tarragona","Cataluña","125"
"12062026","0","","CFMOTO","800MT","Alicante/Alacant","Comunidad Valenciana","799"
"12062026","0","","YAMAHA","MT-125","Madrid","Comunidad de Madrid","125"
"12062026","0","","VOGE","SR1ADV","Barcelona","Cataluña","125"
"12062026","0","","HONDA","SH350i","Barcelona","Cataluña","330"
"12062026","0","","MH MOTORCYCLES","VR10","Ciudad Real","Castilla-La Mancha","124"
"12062026","0","","YAMAHA","NMAX 125","Málaga","Andalucía","125"
"12062026","0","","MITT","EMPEROR","Castellón/Castelló","Comunidad Valenciana","125"
"12062026","0","","ZONTES","125X","Valencia/València","Comunidad Valenciana","125"
"12062026","0","","HONDA","ADV 350","Girona","Cataluña","330"
"12062026","0","","SYM","JET 14","Valencia/València","Comunidad Valenciana","125"
"12062026","0","","VOGE","R125S","Zaragoza","Aragón","125"
"12062026","0","","CYCLONE","CARRERA 125","Cádiz","Andalucía","125"
"12062026","0","","YAMAHA","XMAX 125","Madrid","Comunidad de Madrid","125"
"12062026","0","","HONDA","ADV 750","Málaga","Andalucía","745"
"12062026","0","","PEUGEOT","PULSION EVO","Madrid","Comunidad de Madrid","125"
"12062026","0","","ZONTES","125X","Sevilla","Andalucía","125"
"12062026","0","","HONDA","CBR 650 R","Guadalajara","Castilla-La Mancha","649"
"12062026","0","","PIAGGIO","LIBERTY 125 ABS","Illes Balears","Illes Balears","124"
"12062026","0","","HONDA","ADV 350","Sevilla","Andalucía","330"
"12062026","0","","YAMAHA","XMAX 125","Barcelona","Cataluña","125"
"12062026","0","","YAMAHA","RayZR 125","Asturias","Principado de Asturias","125"
"12062026","0","","PIAGGIO","LIBERTY 125 ABS","Illes Balears","Illes Balears","124"
"12062026","0","","ZONTES","125X","Cantabria","Cantabria","125"
"12062026","0","","CFMOTO","675NK","Barcelona","Cataluña","674"
"12062026","0","","SYM","SYMPHONY 125","Murcia","Región de Murcia","125"
"12062026","0","","KAWASAKI","NINJA ZX-6R","Badajoz","Extremadura","636"
"12062026","0","","HONDA","NX500","Cádiz","Andalucía","471"
"12062026","0","","PEUGEOT","PULSION EVO","Madrid","Comunidad de Madrid","125"
"12062026","0","","VOGE","625DSX","Illes Balears","Illes Balears","581"
"12062026","0","","ZONTES","125X","Málaga","Andalucía","125"
"12062026","0","","BMW","R 1300 GS","Huesca","Aragón","1300"
"12062026","0","","KAWASAKI","Z900","Alicante/Alacant","Comunidad Valenciana","948"
"12062026","0","","YAMAHA","NMAX 125","Huelva","Andalucía","125"
"12062026","0","","PIAGGIO","VESPA GTS","Madrid","Comunidad de Madrid","310"
"12062026","0","","MITT","EMPEROR","Castellón/Castelló","Comunidad Valenciana","125"
"12062026","0","","HONDA","SH350i","Barcelona","Cataluña","330"
"12062026","0","","HONDA","FORZA125","Córdoba","Andalucía","125"
"12062026","0","","HONDA","NC 750 X","Gipuzkoa","País Vasco","745"
"12062026","0","","CFMOTO","800MT","Huelva","Andalucía","799"
"12062026","0","","ZONTES","125X","Barcelona","Cataluña","125"
"12062026","0","","SYM","SYMPHONY 125","Barcelona","Cataluña","125"
"12062026","0","","VOGE","DS525X","Bizkaia","País Vasco","494"
"12062026","0","","ZONTES","125X","Valencia/València","Comunidad Valenciana","125"
"12062026","0","","MACBOR","MONTANA XR1 125 EVO","Madrid","Comunidad de Madrid","124"
"12062026","0","","HONDA","FORZA 750","Albacete","Castilla-La Mancha","745"
"12062026","0","","DUCATI","MULTISTRADA V4","Alicante/Alacant","Comunidad Valenciana","1158"
"12062026","0","","SYM","JET 14","Illes Balears","Illes Balears","125"
"12062026","0","","HONDA","SH125i","Girona","Cataluña","125"
"12062026","0","","HONDA","PCX 125","Rioja (La)","La Rioja","125"
"12062026","0","","ZONTES","125C","Málaga","Andalucía","125"
"12062026","0","","ZONTES","ZT125-G1","Madrid","Comunidad de Madrid","125"
"12062026","0","","KYMCO","AGILITY S","Barcelona","Cataluña","125"
"12062026","0","","CFMOTO","450MT","Sevilla","Andalucía","449"
"12062026","0","","SYM","SYMPHONY 125","Madrid","Comunidad de Madrid","125"
"12062026","0","","HONDA","ADV 750","Barcelona","Cataluña","745"
"12062026","0","","SYM","JET 14","Alicante/Alacant","Comunidad Valenciana","125"
"12062026","0","","KYMCO","AGILITY S","Cádiz","Andalucía","125"
"12062026","0","","MACBOR","MONTANA XR1 125 EVO","Valencia/València","Comunidad Valenciana","124"
"12062026","0","","HERO MOTOCORP","X PULSE 200 4V","Barcelona","Cataluña","200"
"12062026","0","","ZONTES","125X","Gipuzkoa","País Vasco","125"
"12062026","0","","ZONTES","125X","Barcelona","Cataluña","125"
"12062026","0","","VOGE","DS800X RALLY","Badajoz","Extremadura","798"
"12062026","0","","KYMCO","SUPER DINK GT 125 E5+","Granada","Andalucía","124"
"12062026","0","","KEEWAY","VIESTE 125","Guadalajara","Castilla-La Mancha","125"
"12062026","0","","HONDA","PCX 125","Cantabria","Cantabria","125"
"12062026","0","","ZONTES","368G","Málaga","Andalucía","368"
"12062026","0","","KAWASAKI","Z7 HYBRID","Cádiz","Andalucía","451"
"12062026","0","","KAWASAKI","VERSYS 650","Granada","Andalucía","649"
"12062026","0","","VOGE","DS525X","Illes Balears","Illes Balears","494"
"12062026","0","","HONDA","SH125i","Illes Balears","Illes Balears","125"
"12062026","0","","HONDA","CL500","Albacete","Castilla-La Mancha","471"
"12062026","0","","HONDA","ADV 750","Santa Cruz de Tenerife","Canarias","745"
"12062026","0","","KAWASAKI","NINJA ZX-4R","Valencia/València","Comunidad Valenciana","399"
"12062026","0","","INDIAN","SPORT SCOUT RT LIMITED","Valencia/València","Comunidad Valenciana","1250"
"12062026","0","","HONDA","CB 125 F","Barcelona","Cataluña","124"
"12062026","0","","TRIUMPH","SPEED 400","Lleida","Cataluña","398"
"12062026","0","","YAMAHA","XMAX 300","Málaga","Andalucía","292"
"12062026","0","","CYCLONE","LS-Z","Melilla","Melilla","124"
"12062026","0","","ZONTES","703RR","Alicante/Alacant","Comunidad Valenciana","699"
"12062026","0","","MH MOTORCYCLES","VRT","Jaén","Andalucía","124"
"12062026","0","","YAMAHA","NMAX 125","Valladolid","Castilla y León","125"
"12062026","0","","ZONTES","ZT125-Z2","Castellón/Castelló","Comunidad Valenciana","125"
"12062026","0","","HONDA","ADV 350","Valladolid","Castilla y León","330"
"12062026","0","","BMW","R 1300 RS","Santa Cruz de Tenerife","Canarias","1300"
"12062026","0","","HONDA","FORZA 750","Cantabria","Cantabria","745"
"12062026","0","","ZONTES","703RR","Palmas (Las)","Canarias","699"
"12062026","0","","YAMAHA","NMAX 125","Sevilla","Andalucía","125"
"12062026","0","","ZONTES","703RR","Alicante/Alacant","Comunidad Valenciana","699"
"12062026","0","","VOGE","SR16","Ceuta","Ceuta","125"
"12062026","0","","KAWASAKI","NINJA ZX-10R","Madrid","Comunidad de Madrid","998"
"12062026","0","","HONDA","SH125i","Illes Balears","Illes Balears","125"
"12062026","0","","HONDA","VISION 110","Barcelona","Cataluña","109"
"12062026","0","","SUZUKI","GSX-8S","Valencia/València","Comunidad Valenciana","776"
"12062026","0","","APRILIA","TUAREG 660","Jaén","Andalucía","659"
"12062026","0","","BMW","R 1300 RT","Asturias","Principado de Asturias","1300"
"12062026","0","","ZONTES","368K","Cádiz","Andalucía","368"
"12062026","0","","HONDA","PCX 125","Santa Cruz de Tenerife","Canarias","125"
"12062026","0","","RIEJU","N/A","Gipuzkoa","País Vasco","297"
"12062026","0","","KAWASAKI","Z650","Gipuzkoa","País Vasco","649"
"12062026","0","","VOGE","625DSX","Bizkaia","País Vasco","581"
"12062026","0","","CYCLONE","RX2","Coruña (A)","Galicia","124"
"12062026","0","","YAMAHA","XSR-125","Barcelona","Cataluña","125"
"12062026","0","","LETBE","VELOCITY","Barcelona","Cataluña","125"
"12062026","0","","KEEWAY","RKF 125 ABS","Coruña (A)","Galicia","125"
"12062026","0","","ZONTES","368G","Tarragona","Cataluña","368"
"12062026","0","","PIAGGIO","LIBERTY 125 ABS","Granada","Andalucía","124"
"12062026","0","","ZONTES","703RR","Madrid","Comunidad de Madrid","699"
"12062026","0","","HONDA","PCX 125","Illes Balears","Illes Balears","125"
"12062026","0","","HONDA","VISION 110","Málaga","Andalucía","109"
"12062026","0","","KYMCO","DTX","Jaén","Andalucía","321"
"12062026","0","","HARLEY-DAVIDSON","LOW RIDER ST","Granada","Andalucía","1923"
"12062026","0","","HONDA","FORZA 350","Madrid","Comunidad de Madrid","330"
"12062026","0","","MITT","TY125T-26F","Bizkaia","País Vasco","125"
"12062026","0","","KAWASAKI","NINJA ZX-4R","Bizkaia","País Vasco","399"
"12062026","0","","HONDA","FORZA125","Valencia/València","Comunidad Valenciana","125"
"12062026","0","","HONDA","SH125i","Málaga","Andalucía","125"
"12062026","0","","BMW","F 900 GS","Cáceres","Extremadura","895"
"12062026","0","","HONDA","SH125i","Alicante/Alacant","Comunidad Valenciana","125"
"12062026","0","","SUZUKI","GSX-R125","Murcia","Región de Murcia","124"
"12062026","0","","SYM","JET 14","Girona","Cataluña","125"
"12062026","0","","PEUGEOT","PULSION EVO","Málaga","Andalucía","125"
"12062026","0","","HONDA","CB 500 F","Zamora","Castilla y León","471"
"12062026","0","","HONDA","SH125i","Illes Balears","Illes Balears","125"
"12062026","0","","HONDA","FORZA125","Cantabria","Cantabria","125"
"12062026","0","","HONDA","SH125i","Illes Balears","Illes Balears","125"
"12062026","0","","PIAGGIO","LIBERTY 125 ABS","Bizkaia","País Vasco","124"
"12062026","0","","BMW","F 900 GS","Bizkaia","País Vasco","895"
"12062026","0","","ZONTES","125X","Bizkaia","País Vasco","125"
"12062026","0","","HONDA","SH Mode 125","Madrid","Comunidad de Madrid","125"
"12062026","0","","KYMCO","AGILITY S","Valencia/València","Comunidad Valenciana","125"
"12062026","0","","ZONTES","368G","Santa Cruz de Tenerife","Canarias","368"
"12062026","0","","YAMAHA","NMAX 125","Sevilla","Andalucía","125"
"12062026","0","","SYM","JET 14","Illes Balears","Illes Balears","125"
"12062026","0","","YAMAHA","NMAX 125","Alicante/Alacant","Comunidad Valenciana","125"
"12062026","0","","MACBOR","MONTANA XR1 125 EVO","Barcelona","Cataluña","124"
"12062026","0","","KTM","KTM 390 ADVENTURE X","Guadalajara","Castilla-La Mancha","399"
"12062026","0","","HONDA","PCX 125","Tarragona","Cataluña","125"
"12062026","0","","YAMAHA","TRACER 700","Málaga","Andalucía","689"
"12062026","0","","ZONTES","ZT125-G1","Madrid","Comunidad de Madrid","125"
"12062026","0","","SYM","JET 14","Illes Balears","Illes Balears","125"
"12062026","0","","SUZUKI","V-Strom 800","Córdoba","Andalucía","776"
"12062026","0","","VOGE","R125S","Alicante/Alacant","Comunidad Valenciana","125"
"12062026","0","","HONDA","SH125i","Madrid","Comunidad de Madrid","125"
"12062026","0","","YAMAHA","YZF-R9","Coruña (A)","Galicia","890"
"12062026","0","","APRILIA","RX 125","Sevilla","Andalucía","124"
"12062026","0","","ZONTES","703F","Cantabria","Cantabria","699"
"12062026","0","","SYM","JET 14","Illes Balears","Illes Balears","125"
"12062026","0","","HONDA","CBR500","Valencia/València","Comunidad Valenciana","471"
"12062026","0","","HONDA","SH125i","Málaga","Andalucía","125"
"12062026","0","","BMW","C 400 GT","Illes Balears","Illes Balears","350"
"12062026","0","","VOGE","DS900X","León","Castilla y León","895"
"12062026","0","","YAMAHA","XMAX 300","Barcelona","Cataluña","292"
"12062026","0","","HONDA","SH125i","Valencia/València","Comunidad Valenciana","125"
"12062026","0","","HONDA","ADV 350","Córdoba","Andalucía","330"
"12062026","0","","QJMOTOR","SRT 900 S","Pontevedra","Galicia","904"
"12062026","0","","BENDA","NAPOLEON 125","Rioja (La)","La Rioja","125"
"12062026","0","","BMW","F 800 GS","Murcia","Región de Murcia","895"
"12062026","0","","HONDA","XL750 Transalp","Barcelona","Cataluña","755"
"12062026","0","","YAMAHA","NMAX 125","Cádiz","Andalucía","125"
"12062026","0","","MACBOR","EIGHT MILE 125 LC","Tarragona","Cataluña","124"
"12062026","0","","ZONTES","368G","Barcelona","Cataluña","368"
"12062026","0","","KYMCO","SUPER DINK GT 125 E5+","Murcia","Región de Murcia","124"
"12062026","0","","HONDA","ADV 750","Alicante/Alacant","Comunidad Valenciana","745"
"12062026","0","","MONDIAL","HPS","Illes Balears","Illes Balears","124"
"12062026","0","","KYMCO","AGILITY S","Málaga","Andalucía","125"
"12062026","0","","HONDA","Rebel 500","Palmas (Las)","Canarias","471"
"12062026","0","","MITT","TY125T-26F","Cádiz","Andalucía","125"
"12062026","0","","KTM","KTM 390 ENDURO R","Valladolid","Castilla y León","399"
"12062026","0","","HONDA","CL500","Valencia/València","Comunidad Valenciana","471"
"12062026","0","","SYM","JET 14","Castellón/Castelló","Comunidad Valenciana","125"
"12062026","0","","CYCLONE","CARRERA","Zaragoza","Aragón","125"
"12062026","0","","HONDA","VISION 110","Málaga","Andalucía","109"
"12062026","0","","SYM","JET X","Madrid","Comunidad de Madrid","125"
"12062026","0","","ITALJET","DRAGSTER 700 TWIN","Valladolid","Castilla y León","698"
"12062026","0","","HONDA","PCX 125","Illes Balears","Illes Balears","125"
"12062026","0","","KEEWAY","RKS 125","Asturias","Principado de Asturias","124"
"12062026","0","","VOGE","625DSX","Illes Balears","Illes Balears","581"
"12062026","0","","MOTO MORINI","X-CAPE 1200","Sevilla","Andalucía","1187"
"12062026","0","","VOGE","DS800X RALLY","Jaén","Andalucía","798"
"12062026","0","","BETA","N/A","Cádiz","Andalucía","293"
"12062026","0","","KYMCO","DTX","Santa Cruz de Tenerife","Canarias","124"
"12062026","0","","YAMAHA","MT-07","Cantabria","Cantabria","689"
"12062026","0","","HONDA","PCX 125","Córdoba","Andalucía","125"
"12062026","0","","CYCLONE","RX2","Málaga","Andalucía","124"
"12062026","0","","KYMCO","SKYTOWN 125","Madrid","Comunidad de Madrid","125"
"12062026","0","","PIAGGIO","LIBERTY 125 ABS","Sevilla","Andalucía","124"
"12062026","0","","SYM","JET 14","Illes Balears","Illes Balears","125"
"12062026","0","","SYM","SYMPHONY 125","Cádiz","Andalucía","125"
"12062026","0","","SUZUKI","ADDRESS 125","Palmas (Las)","Canarias","124"
"12062026","0","","KYMCO","DTX","Málaga","Andalucía","321"
"12062026","0","","HONDA","GB350S","Madrid","Comunidad de Madrid","348"
"12062026","0","","MACBOR","ROCKSTER 125 EVO E5+","Madrid","Comunidad de Madrid","125"
"12062026","0","","PIAGGIO","LIBERTY 125 ABS","Rioja (La)","La Rioja","124"
"12062026","0","","HONDA","VISION 110","Gipuzkoa","País Vasco","109"
"12062026","0","","VOGE","SR1ADV","Barcelona","Cataluña","125"
"12062026","0","","PEUGEOT","KISBEE M","Pontevedra","Galicia","125"
"12062026","0","","APRILIA","RSV4","Almería","Andalucía","1099"
"12062026","0","","HONDA","PCX 125","Alicante/Alacant","Comunidad Valenciana","125"
"12062026","0","","PIAGGIO","MEDLEY 125","Granada","Andalucía","125"
"12062026","0","","ZONTES","125X","Málaga","Andalucía","125"
"12062026","0","","BMW","S 1000 XR","Valladolid","Castilla y León","999"
"12062026","0","","KAWASAKI","VULCAN S","Madrid","Comunidad de Madrid","649"
"12062026","0","","KYMCO","SKYTOWN 125","Barcelona","Cataluña","125"
"12062026","0","","SYM","SYMPHONY 125","Barcelona","Cataluña","125"
"12062026","0","","ZONTES","703RR","Cádiz","Andalucía","699"
"12062026","0","","YAMAHA","NMAX 125","Málaga","Andalucía","125"
"12062026","0","","SYM","SYMPHONY 125","Guadalajara","Castilla-La Mancha","125"
"12062026","0","","SYM","SYMPHONY 125","Cádiz","Andalucía","125"
"12062026","0","","KAWASAKI","NINJA ZX-6R","Madrid","Comunidad de Madrid","636"
"12062026","0","","KTM","KTM 390 ADVENTURE R","Barcelona","Cataluña","399"
"12062026","0","","ZONTES","368G","León","Castilla y León","368"
"12062026","0","","ZONTES","368G","Palmas (Las)","Canarias","368"
"12062026","0","","KYMCO","SKYTOWN 125","Badajoz","Extremadura","125"
"12062026","0","","ZONTES","125X","Ourense","Galicia","125"
"12062026","0","","KTM","KTM 390 DUKE","Lleida","Cataluña","399"
"12062026","0","","ZONTES","368G","Castellón/Castelló","Comunidad Valenciana","368"
"12062026","0","","VOGE","DS800X RALLY","Valencia/València","Comunidad Valenciana","798"
"12062026","0","","CFMOTO","675SR-R","Sevilla","Andalucía","674"
"12062026","0","","ZONTES","ZT125-G1","Castellón/Castelló","Comunidad Valenciana","125"
"12062026","0","","SYM","JET 14","Albacete","Castilla-La Mancha","125"
"12062026","0","","KAWASAKI","VERSYS 1100","Valencia/València","Comunidad Valenciana","1099"
"12062026","0","","YAMAHA","R125","Córdoba","Andalucía","125"
"12062026","0","","ZONTES","125X","Zaragoza","Aragón","125"
"12062026","0","","YAMAHA","XTZ 700 Tenere","Málaga","Andalucía","689"
"12062026","0","","ZONTES","125X","Barcelona","Cataluña","125"
"12062026","0","","HONDA","VISION 110","Barcelona","Cataluña","109"
"12062026","0","","YAMAHA","NMAX 125","Illes Balears","Illes Balears","125"
"12062026","0","","YAMAHA","XMAX 300","Valencia/València","Comunidad Valenciana","292"
"12062026","0","","VOGE","R125","Pontevedra","Galicia","125"
"12062026","0","","SYM","SYMPHONY 125","Valencia/València","Comunidad Valenciana","125"
"12062026","0","","ZONTES","125X","Barcelona","Cataluña","125"
"12062026","0","","MH MOTORCYCLES","VRT","Alicante/Alacant","Comunidad Valenciana","124"
"12062026","0","","HONDA","SH125i","Murcia","Región de Murcia","125"
"12062026","0","","KEEWAY","RKS 125","Valencia/València","Comunidad Valenciana","124"
"12062026","0","","HONDA","ADV 750","Cádiz","Andalucía","745"
"12062026","0","","KYMCO","AGILITY S","Alicante/Alacant","Comunidad Valenciana","125"
"12062026","0","","YAMAHA","MT-07","Barcelona","Cataluña","689"
"12062026","0","","HONDA","CBR 650 R","Madrid","Comunidad de Madrid","649"
"12062026","0","","SYM","JET 14","Córdoba","Andalucía","125"
"12062026","0","","BMW","R 12 NINET","Santa Cruz de Tenerife","Canarias","1170"
"12062026","0","","MITT","TY125T-26F","Huelva","Andalucía","125"
"12062026","0","","ZONTES","368G","Cádiz","Andalucía","368"
"12062026","0","","HONDA","VISION 110","Illes Balears","Illes Balears","109"
"12062026","0","","ZONTES","368G","Illes Balears","Illes Balears","368"
"12062026","0","","KOVE","KOVE 800 X RALLY","Granada","Andalucía","799"
"12062026","0","","YAMAHA","NMAX 125","Sevilla","Andalucía","125"
"12062026","0","","KYMCO","PEOPLE S 125 E5+","Gipuzkoa","País Vasco","125"
"12062026","0","","KYMCO","DTX","Sevilla","Andalucía","124"
"12062026","0","","HONDA","FORZA125","Córdoba","Andalucía","125"
"12062026","0","","SYM","JET 14","Madrid","Comunidad de Madrid","125"
"12062026","0","","BMW","F 900 GS ADVENTURE","Madrid","Comunidad de Madrid","895"
"12062026","0","","HONDA","CRF 300 L","Castellón/Castelló","Comunidad Valenciana","286"
"12062026","0","","HONDA","FORZA 350","Barcelona","Cataluña","330"
"12062026","0","","MORBIDELLI","T502X","Alicante/Alacant","Comunidad Valenciana","486"
"12062026","0","","SUZUKI","ADDRESS 125","Barcelona","Cataluña","124"
"12062026","0","","MORBIDELLI","T1002VX","Madrid","Comunidad de Madrid","997"
"12062026","0","","HONDA","PCX 125","Málaga","Andalucía","125"
"12062026","0","","SUZUKI","GSX800TU","Alicante/Alacant","Comunidad Valenciana","776"
"12062026","0","","KEEWAY","RKS 125","Bizkaia","País Vasco","124"
"12062026","0","","YAMAHA","TMAX 560","Illes Balears","Illes Balears","562"
"12062026","0","","VOGE","300RALLY","Almería","Andalucía","292"
"12062026","0","","MITT","125GP","Zaragoza","Aragón","124"
"12062026","0","","ZONTES","703RR","Granada","Andalucía","699"
"12062026","0","","VOGE","625DSX","Cádiz","Andalucía","581"
"12062026","0","","SUZUKI","GSX-8S","Coruña (A)","Galicia","776"
"12062026","0","","SUZUKI","ADDRESS 125","Cádiz","Andalucía","124"
"12062026","0","","ZONTES","125X","Barcelona","Cataluña","125"
"12062026","0","","ZONTES","ZT125-U1","Ciudad Real","Castilla-La Mancha","125"
"12062026","0","","ZONTES","125C","Murcia","Región de Murcia","125"
"12062026","0","","ZONTES","125X","Madrid","Comunidad de Madrid","125"
"12062026","0","","HONDA","ADV 350","Palmas (Las)","Canarias","330"
"12062026","0","","YAMAHA","XSR-125","Gipuzkoa","País Vasco","125"
"12062026","0","","NEXT","NX CROSS 125I","Valencia/València","Comunidad Valenciana","125"
"12062026","0","","WOTTAN","GT2","Alicante/Alacant","Comunidad Valenciana","278"
"12062026","0","","ZONTES","125X","Madrid","Comunidad de Madrid","125"
"12062026","0","","ZONTES","125X","Illes Balears","Illes Balears","125"
"12062026","0","","ZONTES","125X","Córdoba","Andalucía","125"
"12062026","0","","HONDA","FORZA125","Alicante/Alacant","Comunidad Valenciana","125"
"12062026","0","","HONDA","SH125i","Málaga","Andalucía","125"
"12062026","0","","YAMAHA","NMAX 125","Illes Balears","Illes Balears","125"
"12062026","0","","YAMAHA","NMAX 125","Alicante/Alacant","Comunidad Valenciana","125"
"12062026","0","","VOGE","625DSX","Bizkaia","País Vasco","581"
"12062026","0","","BAJAJ","PULSAR NS 125","Alicante/Alacant","Comunidad Valenciana","124"
"12062026","0","","LETBE","S125","Tarragona","Cataluña","125"
"12062026","0","","CFMOTO","675SR-R","Pontevedra","Galicia","674"
"12062026","0","","HONDA","SH125i","Málaga","Andalucía","125"
"12062026","0","","VOGE","DS800X RALLY","Asturias","Principado de Asturias","798"
"12062026","0","","ZONTES","368G","Gipuzkoa","País Vasco","368"
"12062026","0","","INDIAN","SCOUT SIXTY BOBBER LIM","Madrid","Comunidad de Madrid","1000"
"12062026","0","","YAMAHA","XTZ 700 Tenere","Córdoba","Andalucía","689"
"12062026","0","","VOGE","R125S","Lleida","Cataluña","125"
"12062026","0","","HONDA","SH125i","Girona","Cataluña","125"
"12062026","0","","ZONTES","368G","Zaragoza","Aragón","368"
"12062026","0","","ZONTES","125C","Alicante/Alacant","Comunidad Valenciana","125"
"12062026","0","","ZONTES","125X","Ciudad Real","Castilla-La Mancha","125"
"12062026","0","","ZONTES","368G","Cantabria","Cantabria","368"
"12062026","0","","PIAGGIO","VESPA PRIMAVERA 125","Ciudad Real","Castilla-La Mancha","124"
"12062026","0","","SUZUKI","DR-Z400","Murcia","Región de Murcia","398"
"12062026","0","","HONDA","NX500","Madrid","Comunidad de Madrid","471"
"12062026","0","","ROYAL ENFIELD","GUERRILLA 450","Granada","Andalucía","452"
"12062026","0","","HONDA","SH350i","Barcelona","Cataluña","330"
"12062026","0","","KYMCO","AGILITY S","Sevilla","Andalucía","125"
"12062026","0","","ZONTES","368G","Granada","Andalucía","368"
"12062026","0","","HONDA","PCX 125","Almería","Andalucía","125"
"12062026","0","","YAMAHA","MT-03","Illes Balears","Illes Balears","321"
"12062026","0","","ZONTES","125X","Barcelona","Cataluña","125"
"12062026","0","","ZONTES","368E","Palmas (Las)","Canarias","368"
"12062026","0","","ZONTES","703F","Barcelona","Cataluña","699"
"12062026","0","","YAMAHA","XMAX 300","Murcia","Región de Murcia","292"
"12062026","0","","YAMAHA","NMAX 125","Girona","Cataluña","125"
"12062026","0","","CYCLONE","RX600","Coruña (A)","Galicia","550"
"12062026","0","","HONDA","XL750 Transalp","Málaga","Andalucía","755"
"12062026","0","","CFMOTO","675NK","Valencia/València","Comunidad Valenciana","674"
"12062026","0","","KTM","KTM 390 ENDURO R","Valladolid","Castilla y León","399"
"12062026","0","","HONDA","NC 750 X","Valencia/València","Comunidad Valenciana","745"
"12062026","0","","ZONTES","368K","Málaga","Andalucía","368"
"12062026","0","","ZONTES","125X","Cádiz","Andalucía","125"
"12062026","0","","MH MOTORCYCLES","XRT","Madrid","Comunidad de Madrid","125"
"12062026","0","","SYM","SYMPHONY 125","Barcelona","Cataluña","125"
"12062026","0","","PIAGGIO","LIBERTY 125 ABS","Illes Balears","Illes Balears","124"
"12062026","0","","HONDA","PCX 125","Málaga","Andalucía","125"
"12062026","0","","VOGE","R125S","Madrid","Comunidad de Madrid","125"
"12062026","0","","ZONTES","368G","Granada","Andalucía","368"
"12062026","0","","DUCATI","DESERT X","Barcelona","Cataluña","890"
"12062026","0","","MH MOTORCYCLES","VR10","Sevilla","Andalucía","124"
"12062026","0","","HONDA","PCX 125","Málaga","Andalucía","125"
"12062026","0","","QJMOTOR","FORT 125 N E5+","Barcelona","Cataluña","125"
"12062026","0","","CFMOTO","675SR-R","Barcelona","Cataluña","674"
"12062026","0","","HONDA","CB750 Hornet","Valencia/València","Comunidad Valenciana","755"
"12062026","0","","KAWASAKI","Z650","Valencia/València","Comunidad Valenciana","649"
"12062026","0","","MORBIDELLI","F125","Valencia/València","Comunidad Valenciana","125"
"12062026","0","","ZONTES","368G","Santa Cruz de Tenerife","Canarias","368"
"12062026","0","","SYM","SYMPHONY 125","Barcelona","Cataluña","125"
"12062026","0","","SYM","JET 14","Cádiz","Andalucía","125"
"12062026","0","","ZONTES","368G","Málaga","Andalucía","368"
"12062026","0","","PEUGEOT","KISBEE M","Zaragoza","Aragón","125"
"12062026","0","","HONDA","SH125i","Barcelona","Cataluña","125"
"12062026","0","","VOGE","R125S","Madrid","Comunidad de Madrid","125"
"12062026","0","","CYCLONE","RX2","Jaén","Andalucía","124"
"12062026","0","","YAMAHA","XMAX 125","Málaga","Andalucía","125"
"12062026","0","","SYM","JET 14","Barcelona","Cataluña","125"
"12062026","0","","QJMOTOR","SRK 125 S E5+","Valencia/València","Comunidad Valenciana","125"
"12062026","0","","HONDA","PCX 125","Illes Balears","Illes Balears","125"
"12062026","0","","HONDA","PCX 125","Málaga","Andalucía","125"
"12062026","0","","MACBOR","MONTANA XR5 510 E5+","Toledo","Castilla-La Mancha","498"
"12062026","0","","ZONTES","125X","Málaga","Andalucía","125"
"12062026","0","","ZONTES","125E","Pontevedra","Galicia","125"
"12062026","0","","VOGE","R125S","Tarragona","Cataluña","125"
"12062026","0","","CFMOTO","675NK","Toledo","Castilla-La Mancha","674"
"12062026","0","","QJMOTOR","SRT 600 SX E5+","Barcelona","Cataluña","554"
"12062026","0","","KYMCO","DTX","Santa Cruz de Tenerife","Canarias","321"
"12062026","0","","QJMOTOR","ATR 125 E5+","Barcelona","Cataluña","125"
"12062026","0","","HONDA","CB650RA","Madrid","Comunidad de Madrid","649"
"12062026","0","","HONDA","VISION 110","Barcelona","Cataluña","109"
"12062026","0","","VOGE","R125","Valencia/València","Comunidad Valenciana","125"
"12062026","0","","YAMAHA","MT-07","Navarra","Comunidad Foral de Navarra","689"
"12062026","0","","HONDA","FORZA 350","Barcelona","Cataluña","330"
"12062026","0","","HONDA","PCX 125","Pontevedra","Galicia","125"
"12062026","0","","HONDA","PCX 125","Sevilla","Andalucía","125"
"12062026","0","","KYMCO","PEOPLE S 125 E5+","Asturias","Principado de Asturias","125"
"12062026","0","","PIAGGIO","MEDLEY 200","Girona","Cataluña","174"
"12062026","0","","QJMOTOR","MTX 125 E5+","Jaén","Andalucía","125"
"12062026","0","","ZONTES","125X","Madrid","Comunidad de Madrid","125"
"12062026","0","","ZONTES","125X","Madrid","Comunidad de Madrid","125"
"12062026","0","","PIAGGIO","VESPA PRIMAVERA 125","Córdoba","Andalucía","124"
"12062026","0","","VOGE","R125S","Murcia","Región de Murcia","125"
"12062026","0","","VOGE","DS800X RALLY","Córdoba","Andalucía","798"
"12062026","0","","INDIAN","SCOUT SIXTY BOBBER","Alicante/Alacant","Comunidad Valenciana","1000"
"12062026","0","","ZONTES","368G","Alicante/Alacant","Comunidad Valenciana","368"
"12062026","0","","LETBE","FLYGON","Málaga","Andalucía","219"
"12062026","0","","MITT","GT-S","Guadalajara","Castilla-La Mancha","125"
"12062026","0","","YAMAHA","NMAX 125","Navarra","Comunidad Foral de Navarra","125"
"12062026","0","","PIAGGIO","MEDLEY 125","Huelva","Andalucía","125"
"12062026","0","","ZONTES","368G","Valencia/València","Comunidad Valenciana","368"
"12062026","0","","HONDA","PCX 125","Málaga","Andalucía","125"
"12062026","0","","RIEJU","N/A","Murcia","Región de Murcia","125"
"12062026","0","","YAMAHA","XMAX 125","Granada","Andalucía","125"
"12062026","0","","KYMCO","AGILITY S","Madrid","Comunidad de Madrid","125"
"12062026","0","","ZONTES","368G","Bizkaia","País Vasco","368"
"12062026","0","","HONDA","ADV 350","Sevilla","Andalucía","330"
"12062026","0","","ZONTES","125X","Madrid","Comunidad de Madrid","125"
"12062026","0","","KAWASAKI","Z900RS","Navarra","Comunidad Foral de Navarra","948"
"12062026","0","","KAWASAKI","Z1100","Barcelona","Cataluña","1099"
"12062026","0","","DUCATI","MONSTER","Santa Cruz de Tenerife","Canarias","890"
"12062026","0","","PIAGGIO","MEDLEY 125","Granada","Andalucía","125"
"12062026","0","","VOGE","DS900X","Barcelona","Cataluña","895"
"12062026","0","","YAMAHA","WR125","Barcelona","Cataluña","125"
"12062026","0","","YAMAHA","NMAX 125","Cádiz","Andalucía","125"
"12062026","0","","YAMAHA","R7","Málaga","Andalucía","689"
"12062026","0","","MH MOTORCYCLES","TRAY","Sevilla","Andalucía","125"
"12062026","0","","VOGE","SR1ADV","Álava/Araba","País Vasco","125"
"12062026","0","","MACBOR","ROCKSTER FLAT 125 EVO","Málaga","Andalucía","125"
"12062026","0","","BMW","F 900 R","Sevilla","Andalucía","895"
"12062026","0","","HONDA","XL750 Transalp","Alicante/Alacant","Comunidad Valenciana","755"
"12062026","0","","HONDA","FORZA125","Bizkaia","País Vasco","125"
"12062026","0","","HONDA","FORZA125","Sevilla","Andalucía","125"
"12062026","0","","KYMCO","PEOPLE S 125 E5+","Málaga","Andalucía","125"
"12062026","0","","YAMAHA","TRACER 700","Sevilla","Andalucía","689"
"12062026","0","","ZONTES","125X","Sevilla","Andalucía","125"
"12062026","0","","ZONTES","ZT125-G1","Castellón/Castelló","Comunidad Valenciana","125"
"12062026","0","","ZONTES","368G","Sevilla","Andalucía","368"
"12062026","0","","APRILIA","SR GT 125","Sevilla","Andalucía","125"
"12062026","0","","QJMOTOR","FORT 125 N E5+","Toledo","Castilla-La Mancha","125"
"12062026","0","","HONDA","VISION 110","Girona","Cataluña","109"
"12062026","0","","YAMAHA","Tracer 9 GT","Illes Balears","Illes Balears","890"
"12062026","0","","ZONTES","368G","Córdoba","Andalucía","368"
"12062026","0","","BMW","S 1000 RR","Santa Cruz de Tenerife","Canarias","999"
"12062026","0","","HONDA","SH125i","Málaga","Andalucía","125"
"12062026","0","","HONDA","SH350i","Gipuzkoa","País Vasco","330"
"12062026","0","","KYMCO","AGILITY S","Valencia/València","Comunidad Valenciana","125"
"12062026","0","","YAMAHA","NMAX 125","Sevilla","Andalucía","125"
"12062026","0","","YAMAHA","NMAX 125","Madrid","Comunidad de Madrid","125"
"12062026","0","","PIAGGIO","VESPA PRIMAVERA 125","Alicante/Alacant","Comunidad Valenciana","124"
"12062026","0","","SYM","JOYMAX Z 300 E5+","Jaén","Andalucía","278"
"12062026","0","","ZONTES","125X","Alicante/Alacant","Comunidad Valenciana","125"
"12062026","0","","LETBE","ISLAND","Málaga","Andalucía","125"
"12062026","0","","HONDA","FORZA125","Barcelona","Cataluña","125"
"12062026","0","","KYMCO","AGILITY S","Málaga","Andalucía","125"
"12062026","0","","KEEWAY","VIESTE 125","Castellón/Castelló","Comunidad Valenciana","125"
"12062026","0","","HONDA","PCX 125","Córdoba","Andalucía","125"
"12062026","0","","HONDA","ADV 350","Illes Balears","Illes Balears","330"
"12062026","0","","HONDA","PCX 125","Sevilla","Andalucía","125"
"12062026","0","","MH MOTORCYCLES","TRAY","Lugo","Galicia","125"
"12062026","0","","APRILIA","SX 125","Barcelona","Cataluña","124"
"12062026","0","","KYMCO","PEOPLE S 125 E5+","Gipuzkoa","País Vasco","125"
"12062026","0","","KEEWAY","RKS 125","Palmas (Las)","Canarias","124"
"12062026","0","","HONDA","PCX 125","Illes Balears","Illes Balears","125"
"12062026","0","","CFMOTO","675NK","Salamanca","Castilla y León","674"
"12062026","0","","YAMAHA","Tracer 9 GT","Ceuta","Ceuta","890"
"12062026","0","","PIAGGIO","LIBERTY 125 ABS","Cádiz","Andalucía","124"
"12062026","0","","ZONTES","125X","Madrid","Comunidad de Madrid","125"
"12062026","0","","BAJAJ","DOMINAR D 400","Castellón/Castelló","Comunidad Valenciana","373"
"12062026","0","","ZONTES","ZT125-U1","Pontevedra","Galicia","125"
"12062026","0","","KAWASAKI","NINJA 500","Lleida","Cataluña","451"
"12062026","0","","ZONTES","368G","Barcelona","Cataluña","368"
"12062026","0","","KYMCO","DTX","Sevilla","Andalucía","321"
"12062026","0","","ZONTES","368M","Barcelona","Cataluña","368"
"12062026","0","","KYMCO","DTX","Jaén","Andalucía","124"
"12062026","0","","YAMAHA","XMAX 125","Barcelona","Cataluña","125"
"12062026","0","","HONDA","PCX 125","Córdoba","Andalucía","125"
"12062026","0","","MITT","KYLIN 750","Sevilla","Andalucía","730"
"12062026","0","","VOGE","DS525X","Santa Cruz de Tenerife","Canarias","494"
"12062026","0","","HONDA","CBR 650 R","Alicante/Alacant","Comunidad Valenciana","649"
"12062026","0","","KAWASAKI","Z900","Barcelona","Cataluña","948"
"12062026","0","","ZONTES","125X","Zaragoza","Aragón","125"
"12062026","0","","ZONTES","368G","Madrid","Comunidad de Madrid","368"
"12062026","0","","SYM","SYMPHONY 125","Barcelona","Cataluña","125"
"12062026","0","","DUCATI","HYPERMOTARD V2 DUCATI","Coruña (A)","Galicia","890"
"12062026","0","","KAWASAKI","Z900","Alicante/Alacant","Comunidad Valenciana","948"
"12062026","0","","ZONTES","368G","Murcia","Región de Murcia","368"
"12062026","0","","KYMCO","AGILITY S","Murcia","Región de Murcia","125"
"12062026","0","","MORBIDELLI","N125V","Madrid","Comunidad de Madrid","125"
"12062026","0","","PIAGGIO","VESPA PRIMAVERA 125","Illes Balears","Illes Balears","124"
"12062026","0","","ZONTES","368G","Alicante/Alacant","Comunidad Valenciana","368"
"12062026","0","","YAMAHA","NMAX 125","Illes Balears","Illes Balears","125"
"12062026","0","","ZONTES","368G","Bizkaia","País Vasco","368"
"12062026","0","","HONDA","FORZA125","Illes Balears","Illes Balears","125"
"12062026","0","","KYMCO","PEOPLE S 125 E5+","Málaga","Andalucía","125"
"12062026","0","","KTM","KTM 390 ENDURO R","Madrid","Comunidad de Madrid","399"
"12062026","0","","QJMOTOR","SRT 900 SX","Barcelona","Cataluña","904"
"12062026","0","","KYMCO","PEOPLE S 125 E5+","Gipuzkoa","País Vasco","125"
"12062026","0","","ZONTES","368G","Valencia/València","Comunidad Valenciana","368"
"12062026","0","","CFMOTO","675NK","Guadalajara","Castilla-La Mancha","674"
"12062026","0","","KTM","KTM 390 ENDURO R","Valladolid","Castilla y León","399"
"12062026","0","","YAMAHA","NMAX 125","Málaga","Andalucía","125"
"12062026","0","","ROYAL ENFIELD","CLASSIC 350","Girona","Cataluña","349"
"12062026","0","","KOVE","KOVE 800 X RALLY","Bizkaia","País Vasco","799"
"12062026","0","","ZONTES","125C","Albacete","Castilla-La Mancha","125"
"12062026","0","","RIEJU","RALLY 307","Madrid","Comunidad de Madrid","292"
"12062026","0","","YAMAHA","XMAX 125","Almería","Andalucía","125"
"12062026","0","","APRILIA","SR GT 125","Melilla","Melilla","125"
"12062026","0","","ZONTES","125X","Madrid","Comunidad de Madrid","125"
"12062026","0","","HONDA","XL750 Transalp","Córdoba","Andalucía","755"
"12062026","0","","MITT","GT-S","Castellón/Castelló","Comunidad Valenciana","125"
"12062026","0","","HONDA","SH125i","Sevilla","Andalucía","125"
"12062026","0","","ZONTES","368D","Valladolid","Castilla y León","368"
"12062026","0","","SYM","SYMPHONY 125","Córdoba","Andalucía","125"
"12062026","0","","KEEWAY","VERSILIA 125","Valencia/València","Comunidad Valenciana","125"
"12062026","0","","HONDA","FORZA 750","Valencia/València","Comunidad Valenciana","745"
"12062026","0","","KOVE","450 RALLY 2026","Barcelona","Cataluña","449"
"12062026","0","","VOGE","R125S","Barcelona","Cataluña","125"
"12062026","0","","HONDA","VISION 110","Sevilla","Andalucía","109"
"12062026","0","","APRILIA","SR GT 125","Illes Balears","Illes Balears","125"
"12062026","0","","HONDA","FORZA125","Málaga","Andalucía","125"
"12062026","0","","ZONTES","125X","Madrid","Comunidad de Madrid","125"
"12062026","0","","KYMCO","AGILITY S","Badajoz","Extremadura","125"
"12062026","0","","KEEWAY","ICON 125 S","León","Castilla y León","124"
"12062026","0","","HONDA","PCX 125","Illes Balears","Illes Balears","125"
"12062026","0","","ZONTES","ZT125-Z2","Toledo","Castilla-La Mancha","125"
"12062026","0","","HONDA","CB500FAC","Navarra","Comunidad Foral de Navarra","471"
"12062026","0","","KEEWAY","GEMMA","Córdoba","Andalucía","117"
"12062026","0","","KEEWAY","GEMMA","Murcia","Región de Murcia","117"
"12062026","0","","KYMCO","SKYTOWN 125","Barcelona","Cataluña","125"
"12062026","0","","ZONTES","125X","Castellón/Castelló","Comunidad Valenciana","125"
"12062026","0","","YAMAHA","NMAX 125","Barcelona","Cataluña","125"
"12062026","0","","MH MOTORCYCLES","TRAY","Lugo","Galicia","125"
"12062026","0","","YAMAHA","NMAX 125","Almería","Andalucía","125"
"12062026","0","","MITT","125GTS","Sevilla","Andalucía","125"
"12062026","0","","HONDA","PCX 125","Santa Cruz de Tenerife","Canarias","125"
"12062026","0","","YAMAHA","Tracer 9 GT","Bizkaia","País Vasco","890"
"12062026","0","","BMW","F 900 R","Barcelona","Cataluña","895"
"12062026","0","","KYMCO","AGILITY S","Almería","Andalucía","125"
"12062026","0","","KAWASAKI","Z900","Murcia","Región de Murcia","948"
"12062026","0","","KAWASAKI","NINJA ZX-4R","Madrid","Comunidad de Madrid","399"
"12062026","0","","KYMCO","SKYTOWN 125","Barcelona","Cataluña","125"
"12062026","0","","SYM","JET X","León","Castilla y León","125"
"12062026","0","","HONDA","PCX 125","Cádiz","Andalucía","125"
"12062026","0","","KYMCO","SUPER DINK GT","Tarragona","Cataluña","321"
"12062026","0","","APRILIA","SR GT 400","Navarra","Comunidad Foral de Navarra","399"
"12062026","0","","YAMAHA","XMAX 125","Alicante/Alacant","Comunidad Valenciana","125"
"12062026","0","","VOGE","SR1ADV","Jaén","Andalucía","125"
"12062026","0","","HONDA","PCX 125","Barcelona","Cataluña","125"
"12062026","0","","ZONTES","125X","Málaga","Andalucía","125"
"12062026","0","","RIEJU","NOT APPLICABLE","Granada","Andalucía","124"
"12062026","0","","INDIAN","SCOUT SIXTY BOBBER","Pontevedra","Galicia","1000"
"12062026","0","","YAMAHA","NMAX 125","Granada","Andalucía","125"
"12062026","0","","KAWASAKI","KLE500","Almería","Andalucía","451"
"12062026","0","","ZONTES","368G","Barcelona","Cataluña","368"
"12062026","0","","VOGE","DS525X","Madrid","Comunidad de Madrid","494"
"12062026","0","","HONDA","FORZA125","Palmas (Las)","Canarias","125"
"12062026","0","","VOGE","625DSX","Sevilla","Andalucía","581"
"12062026","0","","ZONTES","125X","Alicante/Alacant","Comunidad Valenciana","125"
"12062026","0","","ZONTES","368G","Madrid","Comunidad de Madrid","368"
"12062026","0","","DUCATI","HYPERMOTARD V2 SP","Barcelona","Cataluña","890"
"12062026","0","","YAMAHA","XTZ 700 Tenere","Cantabria","Cantabria","689"
"12062026","0","","VOGE","DS900X","Valencia/València","Comunidad Valenciana","895"
"12062026","0","","HONDA","PCX 125","Cádiz","Andalucía","125"
"12062026","0","","QJMOTOR","SRV 12 E5+","Zaragoza","Aragón","125"
"12062026","0","","QJMOTOR","FORT 125 N E5+","Cádiz","Andalucía","125"
"12062026","0","","APRILIA","SR GT 125","Murcia","Región de Murcia","125"
"12062026","0","","SYM","SYMPHONY 125","Girona","Cataluña","125"
"12062026","0","","HONDA","ADV 350","Málaga","Andalucía","330"
"12062026","0","","YAMAHA","MT-07","Barcelona","Cataluña","689"
"12062026","0","","ZONTES","368G","Barcelona","Cataluña","368"
"12062026","0","","HONDA","SH125i","Málaga","Andalucía","125"
"12062026","0","","VOGE","DS800X RALLY","Girona","Cataluña","798"
"12062026","0","","KYMCO","PEOPLE S 125 E5+","Alicante/Alacant","Comunidad Valenciana","125"
"12062026","0","","ZONTES","368G","Madrid","Comunidad de Madrid","368"
"12062026","0","","HARLEY-DAVIDSON","NIGHTSTER SPECIAL","Barcelona","Cataluña","975"
"12062026","0","","TRIUMPH","SCRAMBLER 400 X","Barcelona","Cataluña","398"
"12062026","0","","BMW","F 800 GS","Madrid","Comunidad de Madrid","895"
"12062026","0","","SYM","SYMPHONY 125","Málaga","Andalucía","125"
"12062026","0","","YAMAHA","XMAX 125","Illes Balears","Illes Balears","125"
"12062026","0","","YAMAHA","NMAX 125","Alicante/Alacant","Comunidad Valenciana","125"
"12062026","0","","PIAGGIO","MEDLEY 200","Almería","Andalucía","174"
"12062026","0","","VOGE","SR1","Asturias","Principado de Asturias","125"
"12062026","0","","ZONTES","125C","Valencia/València","Comunidad Valenciana","125"
"12062026","0","","APRILIA","RS 457","Barcelona","Cataluña","457"
"12062026","0","","HONDA","SH125i","Málaga","Andalucía","125"
"12062026","0","","SYM","SYMPHONY 125","Sevilla","Andalucía","125"
"12062026","0","","ZONTES","125X","Zaragoza","Aragón","125"
"12062026","0","","ZONTES","125X","Bizkaia","País Vasco","125"
"12062026","0","","HONDA","FORZA125","Tarragona","Cataluña","125"
"12062026","0","","ZONTES","ZT125-G1","Rioja (La)","La Rioja","125"
"12062026","0","","YAMAHA","MT-09","Madrid","Comunidad de Madrid","890"
"12062026","0","","KYMCO","SKYTOWN 125","Coruña (A)","Galicia","125"
"12062026","0","","YAMAHA","XTZ 700 Tenere","Badajoz","Extremadura","689"
"12062026","0","","YAMAHA","TMAX 560","Granada","Andalucía","562"
"12062026","0","","HONDA","ADV 350","Alicante/Alacant","Comunidad Valenciana","330"
"12062026","0","","VOGE","625DSX","Granada","Andalucía","581"
"12062026","0","","HONDA","ST125A","Santa Cruz de Tenerife","Canarias","124"
"12062026","0","","KYMCO","SKYTOWN 125","Girona","Cataluña","125"
"12062026","0","","SYM","SYMPHONY 125","Girona","Cataluña","125"
"12062026","0","","CFMOTO","450MT","Madrid","Comunidad de Madrid","449"
"12062026","0","","VOGE","R125","Pontevedra","Galicia","125"
"12062026","0","","HONDA","FORZA125","Valencia/València","Comunidad Valenciana","125"
"12062026","0","","ZONTES","368G","Barcelona","Cataluña","368"
"12062026","0","","HONDA","FORZA 750","Madrid","Comunidad de Madrid","745"
"12062026","0","","YAMAHA","MT-09","Valladolid","Castilla y León","890"
"12062026","0","","INDIAN","SUPER SCOUT LIMITED +","Valencia/València","Comunidad Valenciana","1250"
"12062026","0","","KYMCO","DTX","Sevilla","Andalucía","321"
"12062026","0","","HONDA","FORZA 350","Barcelona","Cataluña","330"
"12062026","0","","YAMAHA","NMAX 125","Madrid","Comunidad de Madrid","125"
"12062026","0","","QJMOTOR","ATR 125 E5+","Cádiz","Andalucía","125"
"12062026","0","","HONDA","SH125i","Málaga","Andalucía","125"
"12062026","0","","YAMAHA","RayZR 125","Valencia/València","Comunidad Valenciana","125"
"12062026","0","","KEEWAY","GEMMA","Málaga","Andalucía","117"
"12062026","0","","MH MOTORCYCLES","VRT","Cantabria","Cantabria","124"
"12062026","0","","YAMAHA","NMAX 125","Cádiz","Andalucía","125"
"12062026","0","","YAMAHA","MT-07","Coruña (A)","Galicia","689"
"12062026","0","","SYM","SYMPHONY 125","Barcelona","Cataluña","125"
"12062026","0","","VOGE","DS800X RALLY","Alicante/Alacant","Comunidad Valenciana","798"
"12062026","0","","YAMAHA","MT-09","Barcelona","Cataluña","890"
"12062026","0","","HONDA","ADV 350","Huelva","Andalucía","330"
"12062026","0","","PIAGGIO","LIBERTY 125 ABS","Illes Balears","Illes Balears","124"
"12062026","0","","KYMCO","SKYTOWN 125","Toledo","Castilla-La Mancha","125"
"12062026","0","","HONDA","ADV 350","Málaga","Andalucía","330"
"12062026","0","","ZONTES","368G","Alicante/Alacant","Comunidad Valenciana","368"
"12062026","0","","ZONTES","368G","Madrid","Comunidad de Madrid","368"
"12062026","0","","ZONTES","125C","Illes Balears","Illes Balears","125"
"12062026","0","","QJMOTOR","MTX 125 E5+","Madrid","Comunidad de Madrid","125"
"12062026","0","","KOVE","KOVE 800 X GT","Tarragona","Cataluña","799"
"12062026","0","","PIAGGIO","VESPA PRIMAVERA 125","Albacete","Castilla-La Mancha","124"
"12062026","0","","ZONTES","125C","Alicante/Alacant","Comunidad Valenciana","125"
"12062026","0","","HONDA","SH125i","Illes Balears","Illes Balears","125"
"12062026","0","","INDIAN","SCOUT SIXTY BOBBER","Madrid","Comunidad de Madrid","1000"
"12062026","0","","KYMCO","PEOPLE S 125 E5+","Barcelona","Cataluña","125"
"12062026","0","","BMW","F 900 GS","Málaga","Andalucía","895"
"12062026","0","","DUCATI","HYPERMOTARD 698 MONO D","Madrid","Comunidad de Madrid","659"
"12062026","0","","HONDA","PCX 125","Barcelona","Cataluña","125"
"12062026","0","","YAMAHA","NMAX 125","Málaga","Andalucía","125"
"12062026","0","","HONDA","SH125i","Barcelona","Cataluña","125"
"12062026","0","","YAMAHA","Tracer 9 GT","Illes Balears","Illes Balears","890"
"12062026","0","","ZONTES","125X","Tarragona","Cataluña","125"
"12062026","0","","YAMAHA","RayZR 125","Málaga","Andalucía","125"
"12062026","0","","LAMBRETTA","V125 SPECIAL FLEX","Illes Balears","Illes Balears","125"
"12062026","0","","ZONTES","703F","Barcelona","Cataluña","699"
"12062026","0","","HONDA","SH125i","Tarragona","Cataluña","125"
"12062026","0","","PIAGGIO","LIBERTY 125 ABS","Murcia","Región de Murcia","124"
"12062026","0","","YAMAHA","NMAX 125","Murcia","Región de Murcia","125"
"12062026","0","","VOGE","625R","Granada","Andalucía","581"
"12062026","0","","MITT","TY125T-26F","Huelva","Andalucía","125"
"12062026","0","","HONDA","FORZA 350","Granada","Andalucía","330"
"12062026","0","","QJMOTOR","MTX 125 E5+","Pontevedra","Galicia","125"
"12062026","0","","HONDA","ADV 350","Málaga","Andalucía","330"
"12062026","0","","KTM","KTM 390 ADVENTURE R","Granada","Andalucía","399"
"12062026","0","","KEEWAY","ICON 125 S","Illes Balears","Illes Balears","124"
"12062026","0","","DUCATI","MONSTER WHITE","Barcelona","Cataluña","890"
"12062026","0","","YAMAHA","MT-09","Barcelona","Cataluña","890"
"12062026","0","","YAMAHA","MT-07","Girona","Cataluña","689"
"12062026","0","","QJMOTOR","SRV 125 E5+","Valencia/València","Comunidad Valenciana","125"
"12062026","0","","ZONTES","368G","Cádiz","Andalucía","368"
"12062026","0","","KEEWAY","VIESTE 125","Illes Balears","Illes Balears","125"
"12062026","0","","HONDA","XL750 Transalp","Tarragona","Cataluña","755"
"12062026","0","","KTM","KTM 790 ADVENTURE","Toledo","Castilla-La Mancha","799"
"12062026","0","","HONDA","SH350i","Zaragoza","Aragón","330"
"12062026","0","","HONDA","CRF1100L Africa Twin","Valencia/València","Comunidad Valenciana","1084"
"12062026","0","","KYMCO","AGILITY S","Cádiz","Andalucía","125"
"12062026","0","","SYM","SYMPHONY 125","Barcelona","Cataluña","125"
"12062026","0","","CFMOTO","1000MT-X","Valencia/València","Comunidad Valenciana","946"
"12062026","0","","RIEJU","RALLY 307","Madrid","Comunidad de Madrid","292"
"12062026","0","","APRILIA","RS 457","Barcelona","Cataluña","457"
"12062026","0","","DUCATI","MULTISTRADA V2","Illes Balears","Illes Balears","890"
"12062026","0","","ZONTES","125X","Granada","Andalucía","125"
"12062026","0","","HONDA","PCX 125","Bizkaia","País Vasco","125"
"12062026","0","","KAWASAKI","NINJA ZX-4R","Toledo","Castilla-La Mancha","399"
"12062026","0","","HONDA","NX500","Cádiz","Andalucía","471"
"12062026","0","","MH MOTORCYCLES","VRS","Granada","Andalucía","124"
"12062026","0","","KEEWAY","VIESTE 300","Asturias","Principado de Asturias","278"
"12062026","0","","MH MOTORCYCLES","TRAY","Ourense","Galicia","125"
"12062026","0","","SYM","JET 14","Gipuzkoa","País Vasco","125"
"12062026","0","","ZONTES","368G","León","Castilla y León","368"
"12062026","0","","HONDA","SH Mode 125","Alicante/Alacant","Comunidad Valenciana","125"
"12062026","0","","SYM","SYMPHONY 125","Barcelona","Cataluña","125"
"12062026","0","","HONDA","CB750 Hornet","Cádiz","Andalucía","755"
"12062026","0","","HONDA","ADV 750","Santa Cruz de Tenerife","Canarias","745"
"12062026","0","","HONDA","NX500","Málaga","Andalucía","471"
"12062026","0","","HONDA","FORZA 350","Granada","Andalucía","330"
"12062026","0","","HONDA","CRF1100L Africa Twin","Navarra","Comunidad Foral de Navarra","1084"
"12062026","0","","HONDA","CRF 300 L","Cádiz","Andalucía","286"
"12062026","0","","VOGE","R125","Santa Cruz de Tenerife","Canarias","125"
"12062026","0","","HONDA","ADV 350","Valencia/València","Comunidad Valenciana","330"
"12062026","0","","HONDA","ADV 350","Barcelona","Cataluña","330"
"12062026","0","","BMW","R 1300 GS ADVENTURE","Asturias","Principado de Asturias","1300"
"12062026","0","","YAMAHA","NMAX 125","Valencia/València","Comunidad Valenciana","125"
"12062026","0","","ZONTES","125X","Córdoba","Andalucía","125"
"12062026","0","","ZONTES","125X","Córdoba","Andalucía","125"
"12062026","0","","KYMCO","SUPER DINK GT","Ciudad Real","Castilla-La Mancha","321"
"12062026","0","","ZONTES","368G","Barcelona","Cataluña","368"
"12062026","0","","VOGE","DS525X","Córdoba","Andalucía","494"
"12062026","0","","KYMCO","AGILITY S","Castellón/Castelló","Comunidad Valenciana","125"
"12062026","0","","KYMCO","SKYTOWN 125","Bizkaia","País Vasco","125"
"12062026","0","","ZONTES","125X","Ourense","Galicia","125"
"12062026","0","","SYM","SYMPHONY 125","Barcelona","Cataluña","125"
"12062026","0","","HONDA","PCX 125","Segovia","Castilla y León","125"
"12062026","0","","MORBIDELLI","SC125LX","Badajoz","Extremadura","125"
"12062026","0","","ZONTES","350X","Granada","Andalucía","348"
"12062026","0","","ZONTES","125X","Asturias","Principado de Asturias","125"
"12062026","0","","QJMOTOR","FORT 125 N E5+","Barcelona","Cataluña","125"
"12062026","0","","MITT","TY125T-26F","Cádiz","Andalucía","125"
"12062026","0","","ZONTES","703F","Madrid","Comunidad de Madrid","699"
"12062026","0","","MOTO GUZZI","V85 TT TRAVEL","Barcelona","Cataluña","853"
"12062026","0","","VOGE","DS800X RALLY","Huelva","Andalucía","798"
"12062026","0","","KYMCO","AGILITY S","Jaén","Andalucía","125"
"12062026","0","","SYM","SYMPHONY 125","Barcelona","Cataluña","125"
"12062026","0","","APRILIA","RS 457","Sevilla","Andalucía","457"
"12062026","0","","HONDA","SH125i","Illes Balears","Illes Balears","125"
"12062026","0","","KYMCO","SKYTOWN 125","Coruña (A)","Galicia","125"
"12062026","0","","HONDA","CMX1100","Madrid","Comunidad de Madrid","1084"
"12062026","0","","VOGE","SR1ADV","Murcia","Región de Murcia","125"
"12062026","0","","YAMAHA","NMAX 125","Illes Balears","Illes Balears","125"
"12062026","0","","ZONTES","368G","Barcelona","Cataluña","368"
"12062026","0","","KYMCO","DTX","Barcelona","Cataluña","321"
"12062026","0","","ZONTES","125X","Barcelona","Cataluña","125"
"12062026","0","","HONDA","CBR600R3","Málaga","Andalucía","599"
"12062026","0","","HONDA","CBF 125","Madrid","Comunidad de Madrid","125"
"12062026","0","","LETBE","MECHA","Sevilla","Andalucía","125"
"12062026","0","","KTM","KTM 1390 SUPER ADVENTU","Ceuta","Ceuta","1350"
"12062026","0","","HONDA","PCX 125","Zaragoza","Aragón","125"
"12062026","0","","LAMBRETTA","V125 SPECIAL FLEX","Almería","Andalucía","125"
"12062026","0","","CFMOTO","450MT","Badajoz","Extremadura","449"
"12062026","0","","SUZUKI","ADDRESS 125","Barcelona","Cataluña","124"
"12062026","0","","RIEJU","RALLY 307","Ciudad Real","Castilla-La Mancha","292"
"12062026","0","","VOGE","DS525X","Murcia","Región de Murcia","494"
"12062026","0","","RIEJU","RALLY 307","Huelva","Andalucía","292"
"12062026","0","","KYMCO","DTX","Cádiz","Andalucía","321"
"12062026","0","","YAMAHA","R7","Barcelona","Cataluña","689"
"12062026","0","","HONDA","CBR 650 R","Madrid","Comunidad de Madrid","649"
"12062026","0","","LAMBRETTA","X125","Alicante/Alacant","Comunidad Valenciana","124"
"12062026","0","","HONDA","PCX 125","Illes Balears","Illes Balears","125"
"12062026","0","","YAMAHA","NMAX 125","Málaga","Andalucía","125"
"12062026","0","","VOGE","DS900X","Cádiz","Andalucía","895"
"12062026","0","","HONDA","NX500","Barcelona","Cataluña","471"
"12062026","0","","RIEJU","NOT APPLICABLE","Illes Balears","Illes Balears","124"
"12062026","0","","KAWASAKI","VERSYS 650","Alicante/Alacant","Comunidad Valenciana","649"
"12062026","0","","YAMAHA","NMAX 125","Málaga","Andalucía","125"
"12062026","0","","YAMAHA","MT-07","Barcelona","Cataluña","689"
"12062026","0","","HONDA","NT1100","Barcelona","Cataluña","1084"
"12062026","0","","KAWASAKI","NINJA ZX-4R","Alicante/Alacant","Comunidad Valenciana","399"
"12062026","0","","HONDA","PCX 125","Madrid","Comunidad de Madrid","125"
"12062026","0","","QJMOTOR","SRT 450 RX","Madrid","Comunidad de Madrid","450"
"12062026","0","","HONDA","CBR500","Alicante/Alacant","Comunidad Valenciana","471"
"12062026","0","","BMW","C 400 GT","Zaragoza","Aragón","350"
"12062026","0","","CFMOTO","675SR-R","Madrid","Comunidad de Madrid","674"
"12062026","0","","HONDA","PCX 125","Barcelona","Cataluña","125"
"12062026","0","","YAMAHA","NMAX 125","Coruña (A)","Galicia","125"
"12062026","0","","ZONTES","125C","Barcelona","Cataluña","125"
"12062026","0","","ZONTES","125X","Barcelona","Cataluña","125"
"12062026","0","","SUZUKI","ADDRESS 125","Alicante/Alacant","Comunidad Valenciana","124"
"12062026","0","","PEUGEOT","TWEET FL 125 CC","Málaga","Andalucía","125"
"12062026","0","","ZONTES","368G","Granada","Andalucía","368"
"12062026","0","","YAMAHA","NMAX 125","Málaga","Andalucía","125"
"12062026","0","","ZONTES","125X","Valencia/València","Comunidad Valenciana","125"
"12062026","0","","VOGE","DS900X","Sevilla","Andalucía","895"
"12062026","0","","HONDA","PCX 125","Cádiz","Andalucía","125"
"12062026","0","","YAMAHA","TMAX 560","Cádiz","Andalucía","562"
"12062026","0","","PIAGGIO","VESPA PRIMAVERA 125","Barcelona","Cataluña","124"
"12062026","0","","KYMCO","SUPER DINK GT","Cádiz","Andalucía","321"
"12062026","0","","HONDA","SH125i","Illes Balears","Illes Balears","125"
"12062026","0","","RIEJU","N/A","Murcia","Región de Murcia","125"
"12062026","0","","ZONTES","125X","Barcelona","Cataluña","125"
"12062026","0","","KAWASAKI","Z900","Madrid","Comunidad de Madrid","948"
"12062026","0","","HONDA","SH125i","Málaga","Andalucía","125"
"12062026","0","","APRILIA","SR GT 125","Cádiz","Andalucía","125"
"12062026","0","","KYMCO","PEOPLE S 125 E5+","Barcelona","Cataluña","125"
"12062026","0","","HONDA","ADV 750","Alicante/Alacant","Comunidad Valenciana","745"
"12062026","0","","VOGE","DS525X","Lugo","Galicia","494"
"12062026","0","","HONDA","CMX1100","Murcia","Región de Murcia","1084"
"12062026","0","","LETBE","S125","Santa Cruz de Tenerife","Canarias","125"
"12062026","0","","HONDA","CBR 650 R","Valladolid","Castilla y León","649"
"12062026","0","","SYM","JET 14","Illes Balears","Illes Balears","125"
"12062026","0","","KYMCO","DTX","Cádiz","Andalucía","124"
"12062026","0","","ZONTES","125X","Madrid","Comunidad de Madrid","125"
"12062026","0","","KAWASAKI","Z900RS","Illes Balears","Illes Balears","948"
"12062026","0","","HONDA","XL750 Transalp","Pontevedra","Galicia","755"
"12062026","0","","SYM","ADX 125 LC TCS E5+","Alicante/Alacant","Comunidad Valenciana","125"
"12062026","0","","KYMCO","DTX","Cantabria","Cantabria","321"
"12062026","0","","HONDA","ADV 350","Pontevedra","Galicia","330"
"12062026","0","","HONDA","ADV 350","Barcelona","Cataluña","330"
"12062026","0","","ZONTES","125X","Tarragona","Cataluña","125"
"12062026","0","","YAMAHA","XTZ 700 Tenere","Toledo","Castilla-La Mancha","689"
"12062026","0","","KYMCO","AGILITY S","Málaga","Andalucía","125"
"12062026","0","","KYMCO","DTX","Jaén","Andalucía","124"
"12062026","0","","BMW","R 1300 GS","Madrid","Comunidad de Madrid","1300"
"12062026","0","","PIAGGIO","LIBERTY 125 ABS","Valencia/València","Comunidad Valenciana","124"
"12062026","0","","MH MOTORCYCLES","VRT","Cádiz","Andalucía","124"
"12062026","0","","KEEWAY","RKS 125","Badajoz","Extremadura","124"
"12062026","0","","HONDA","PCX 125","Valencia/València","Comunidad Valenciana","125"
"12062026","0","","BMW","F 900 XR","Valladolid","Castilla y León","895"
"12062026","0","","BETA","N/A","Santa Cruz de Tenerife","Canarias","125"
"12062026","0","","HONDA","PCX 125","Valencia/València","Comunidad Valenciana","125"
"12062026","0","","YAMAHA","NMAX 125","Cádiz","Andalucía","125"
"12062026","0","","YAMAHA","XMAX 125","Gipuzkoa","País Vasco","125"
"12062026","0","","CFMOTO","1000MT-X","Asturias","Principado de Asturias","946"
"12062026","0","","YAMAHA","XMAX 300","Alicante/Alacant","Comunidad Valenciana","292"
"12062026","0","","MITT","EMPEROR","Lleida","Cataluña","125"
"12062026","0","","MITT","125 DESERT","Cádiz","Andalucía","125"
"12062026","0","","ZONTES","368G","Barcelona","Cataluña","368"
"12062026","0","","SYM","SYMPHONY 125","Barcelona","Cataluña","125"
"12062026","0","","KOVE","KOVE 800 X GT","Barcelona","Cataluña","799"
"12062026","0","","YAMAHA","RayZR 125","Málaga","Andalucía","125"
"12062026","0","","YAMAHA","MT-07","Cáceres","Extremadura","689"
"12062026","0","","HONDA","FORZA 350","Palmas (Las)","Canarias","330"
"12062026","0","","ZONTES","125X","Illes Balears","Illes Balears","125"
"12062026","0","","YAMAHA","NMAX 125","Santa Cruz de Tenerife","Canarias","125"
"12062026","0","","RIEJU","NKD 125","Tarragona","Cataluña","124"
"12062026","0","","YAMAHA","XMAX 125","Cádiz","Andalucía","125"
"12062026","0","","HONDA","FORZA125","Valencia/València","Comunidad Valenciana","125"
"12062026","0","","SYM","JET 14","Valencia/València","Comunidad Valenciana","125"
"12062026","0","","KAWASAKI","Z1100","Valencia/València","Comunidad Valenciana","1099"
"12062026","0","","SUZUKI","GSX-8S","Sevilla","Andalucía","776"
"12062026","0","","ZONTES","368G","León","Castilla y León","368"
"12062026","0","","HONDA","CB650RA","Badajoz","Extremadura","649"
"12062026","0","","HONDA","SH125i","Girona","Cataluña","125"
"12062026","0","","ZONTES","125C","Castellón/Castelló","Comunidad Valenciana","125"
"12062026","0","","ZONTES","125X","Madrid","Comunidad de Madrid","125"
"12062026","0","","YAMAHA","MT-09","Tarragona","Cataluña","890"
"12062026","0","","HONDA","GB350S","Madrid","Comunidad de Madrid","348"
"12062026","0","","YAMAHA","NMAX 125","Barcelona","Cataluña","125"
"12062026","0","","YAMAHA","NMAX 125","Alicante/Alacant","Comunidad Valenciana","125"
"12062026","0","","TRIUMPH","SCRAMBLER 400 X","Alicante/Alacant","Comunidad Valenciana","398"
"12062026","0","","ZONTES","125X","León","Castilla y León","125"
"12062026","0","","SYM","JET 14","Illes Balears","Illes Balears","125"
"12062026","0","","ZONTES","703RR","Madrid","Comunidad de Madrid","699"
"12062026","0","","TRIUMPH","TIGER 900 GT PRO","Zaragoza","Aragón","888"
"12062026","0","","HONDA","FORZA125","Illes Balears","Illes Balears","125"
"12062026","0","","HONDA","NC 750 X","Alicante/Alacant","Comunidad Valenciana","745"
"12062026","0","","QJMOTOR","SRT 450 RX","Cádiz","Andalucía","450"
"12062026","0","","TRIUMPH","DAYTONA 660","Cádiz","Andalucía","660"
"12062026","0","","CFMOTO","800MT-X","Lugo","Galicia","799"
"12062026","0","","VOGE","R125S","Granada","Andalucía","125"
"12062026","0","","YAMAHA","MT-09","Barcelona","Cataluña","890"
"12062026","0","","YAMAHA","XMAX 125","Málaga","Andalucía","125"
"12062026","0","","DUCATI","MULTISTRADA V4","Burgos","Castilla y León","1158"
"12062026","0","","YAMAHA","MT-09","Barcelona","Cataluña","890"
"12062026","0","","QJMOTOR","FORT 125 N E5+","Gipuzkoa","País Vasco","125"
"12062026","0","","ZONTES","368D","Cádiz","Andalucía","368"
"12062026","0","","HONDA","PCX 125","Valencia/València","Comunidad Valenciana","125"
"12062026","0","","HONDA","PCX 125","Barcelona","Cataluña","125"
"12062026","0","","HONDA","VISION 110","Illes Balears","Illes Balears","109"
"12062026","0","","SYM","SYMPHONY 125","Barcelona","Cataluña","125"
"12062026","0","","QJMOTOR","ATR 125 E5+","Lleida","Cataluña","125"
"12062026","0","","HONDA","FORZA 750","Asturias","Principado de Asturias","745"
"12062026","0","","KYMCO","DTX","Barcelona","Cataluña","321"
"12062026","0","","SUZUKI","V-Strom 800","Gipuzkoa","País Vasco","776"
"12062026","0","","YAMAHA","NMAX 125","Málaga","Andalucía","125"
"12062026","0","","HONDA","CBR500","Sevilla","Andalucía","471"
"12062026","0","","YAMAHA","NMAX 125","Tarragona","Cataluña","125"
"12062026","0","","YAMAHA","MT-07","Valencia/València","Comunidad Valenciana","689"
"12062026","0","","ZONTES","ZT125-U","Cádiz","Andalucía","125"
"12062026","0","","HONDA","FORZA125","Alicante/Alacant","Comunidad Valenciana","125"
"12062026","0","","HONDA","CRF300LRA","Rioja (La)","La Rioja","286"
"12062026","0","","PIAGGIO","LIBERTY 125 ABS","Cádiz","Andalucía","124"
"12062026","0","","SYM","SYMPHONY 125","Barcelona","Cataluña","125"
"12062026","0","","HONDA","PCX 125","Murcia","Región de Murcia","125"
"12062026","0","","KTM","KTM 390 ENDURO R","Valladolid","Castilla y León","399"
"12062026","0","","PIAGGIO","VESPA PRIMAVERA 125","Illes Balears","Illes Balears","124"
"12062026","0","","VOGE","625DSX","Murcia","Región de Murcia","581"
"12062026","0","","YAMAHA","MT-07","Girona","Cataluña","689"
"12062026","0","","PEUGEOT","PULSION EVO","Madrid","Comunidad de Madrid","125"
"12062026","0","","HONDA","PCX 125","Granada","Andalucía","125"
"12062026","0","","APRILIA","SX 125","Córdoba","Andalucía","124"
"12062026","0","","HONDA","XL750 Transalp","Lleida","Cataluña","755"
"12062026","0","","RIEJU","RALLY 307","Barcelona","Cataluña","292"
"12062026","0","","ZONTES","125X","Madrid","Comunidad de Madrid","125"
"12062026","0","","BMW","F 900 R","Bizkaia","País Vasco","895"
"12062026","0","","VOGE","DS800X RALLY","Valencia/València","Comunidad Valenciana","798"
"12062026","0","","KTM","KTM 125 DUKE","Valencia/València","Comunidad Valenciana","125"
"12062026","0","","VOGE","DS525X","Lleida","Cataluña","494"
"12062026","0","","YAMAHA","XMAX 125","Cádiz","Andalucía","125"
"12062026","0","","VOGE","R125S","Illes Balears","Illes Balears","125"
"12062026","0","","PIAGGIO","VESPA PRIMAVERA 125","Sevilla","Andalucía","124"
"12062026","0","","KEEWAY","ICON 125 S","Córdoba","Andalucía","124"
"12062026","0","","ZONTES","125X","Madrid","Comunidad de Madrid","125"
"12062026","0","","SYM","SYMPHONY 125","Girona","Cataluña","125"
"12062026","0","","YAMAHA","WR125","Palmas (Las)","Canarias","125"
"12062026","0","","HONDA","ADV 750","Alicante/Alacant","Comunidad Valenciana","745"
"12062026","0","","ZONTES","125X","Madrid","Comunidad de Madrid","125"
"12062026","0","","ROYAL ENFIELD","CLASSIC 650 TWIN","Málaga","Andalucía","648"
"12062026","0","","YAMAHA","XMAX 125","Murcia","Región de Murcia","125"
"12062026","0","","VOGE","R125S","Madrid","Comunidad de Madrid","125"
"12062026","0","","ZONTES","125X","Bizkaia","País Vasco","125"
"12062026","0","","BAJAJ","PULSAR NS 125","Lleida","Cataluña","124"
"12062026","0","","BMW","C 400 GT","Valencia/València","Comunidad Valenciana","350"
"12062026","0","","HONDA","SH350i","Madrid","Comunidad de Madrid","330"
"12062026","0","","YAMAHA","NMAX 125","Valladolid","Castilla y León","125"
"12062026","0","","KAWASAKI","Z500","Cantabria","Cantabria","451"
"12062026","0","","VOGE","DS525X","Burgos","Castilla y León","494"
"12062026","0","","SUZUKI","V-Strom 800","Alicante/Alacant","Comunidad Valenciana","776"
"12062026","0","","KOVE","KOVE 800 X GT","Cádiz","Andalucía","799"
"12062026","0","","KYMCO","SKYTOWN 125","Girona","Cataluña","125"
