FEC_MATRICULA,COD_CLASE_MAT,FEC_TRAMITACION,MARCA_ITV,MODELO_ITV,PROVINCIA_VEH,COMUNIDAD_AUTONOMA,CILINDRADA_ITV
"18062026","0","","BMW","F 450 GS","Alicante/Alacant","Comunidad Valenciana","420"
"18062026","0","","YAMAHA","MT-125","Segovia","Castilla y León","125"
"18062026","0","","HONDA","ADV 750","Alicante/Alacant","Comunidad Valenciana","745"
"18062026","0","","BMW","R 1300 GS ADVENTURE","Murcia","Región de Murcia","1300"
"18062026","0","","ZONTES","125C","Murcia","Región de Murcia","125"
"18062026","0","","HONDA","PCX 125","Sevilla","Andalucía","125"
"18062026","0","","HONDA","NC 750 X","Madrid","Comunidad de Madrid","745"
"18062026","0","","SYM","SYMPHONY 125","Sevilla","Andalucía","125"
"18062026","0","","PIAGGIO","VESPA PRIMAVERA 125","Barcelona","Cataluña","124"
"18062026","0","","KTM","KTM 390 DUKE","Alicante/Alacant","Comunidad Valenciana","399"
"18062026","0","","VOGE","SR1ADV","Gipuzkoa","País Vasco","125"
"18062026","0","","HONDA","XL750 Transalp","Illes Balears","Illes Balears","755"
"18062026","0","","VOGE","DS525X","Badajoz","Extremadura","494"
"18062026","0","","PIAGGIO","VESPA GTS 125","Madrid","Comunidad de Madrid","125"
"18062026","0","","KYMCO","DTX","Valencia/València","Comunidad Valenciana","124"
"18062026","0","","HONDA","FORZA 350","Álava/Araba","País Vasco","330"
"18062026","0","","ZONTES","368E","Bizkaia","País Vasco","368"
"18062026","0","","HONDA","SH125i","Barcelona","Cataluña","125"
"18062026","0","","ZONTES","368E","Lleida","Cataluña","368"
"18062026","0","","ZONTES","125X","Murcia","Región de Murcia","125"
"18062026","0","","HONDA","PCX 125","Huelva","Andalucía","125"
"18062026","0","","VOGE","SR1ADV","Málaga","Andalucía","125"
"18062026","0","","VOGE","R125S","Valencia/València","Comunidad Valenciana","125"
"18062026","0","","KYMCO","DTX","Jaén","Andalucía","124"
"18062026","0","","YAMAHA","XMAX 125","Zaragoza","Aragón","125"
"18062026","0","","APRILIA","SX 125","Sevilla","Andalucía","124"
"18062026","0","","PIAGGIO","VESPA PRIMAVERA 125","Madrid","Comunidad de Madrid","124"
"18062026","0","","ZONTES","ZT125-U1","Málaga","Andalucía","125"
"18062026","0","","LETBE","S125","Sevilla","Andalucía","125"
"18062026","0","","HONDA","CB1000SP","Barcelona","Cataluña","1000"
"18062026","0","","YAMAHA","NMAX 125","León","Castilla y León","125"
"18062026","0","","KYMCO","SUPER DINK GT 125 E5+","Sevilla","Andalucía","124"
"18062026","0","","VOGE","R125S","Asturias","Principado de Asturias","125"
"18062026","0","","HONDA","FORZA125","Córdoba","Andalucía","125"
"18062026","0","","YAMAHA","R125","Salamanca","Castilla y León","125"
"18062026","0","","VOGE","DS900X","Murcia","Región de Murcia","895"
"18062026","0","","KYMCO","AGILITY S","Castellón/Castelló","Comunidad Valenciana","125"
"18062026","0","","YAMAHA","NMAX 125","Castellón/Castelló","Comunidad Valenciana","125"
"18062026","0","","KYMCO","DTX","Badajoz","Extremadura","124"
"18062026","0","","ZONTES","125C","Barcelona","Cataluña","125"
"18062026","0","","BMW","F 450 GS","Madrid","Comunidad de Madrid","420"
"18062026","0","","HONDA","XL750 Transalp","Barcelona","Cataluña","755"
"18062026","0","","QJMOTOR","SRT 900 S","Valencia/València","Comunidad Valenciana","904"
"18062026","0","","ZONTES","368G","Bizkaia","País Vasco","368"
"18062026","0","","BAJAJ","PULSAR NS 125","Barcelona","Cataluña","124"
"18062026","0","","HONDA","PCX 125","Málaga","Andalucía","125"
"18062026","0","","BMW","F 800 GS","Tarragona","Cataluña","895"
"18062026","0","","APRILIA","TUONO 125","Palmas (Las)","Canarias","124"
"18062026","0","","HONDA","PCX 125","Asturias","Principado de Asturias","125"
"18062026","0","","BMW","F 900 R A2","Córdoba","Andalucía","895"
"18062026","0","","PIAGGIO","VESPA PRIMAVERA 125","Murcia","Región de Murcia","124"
"18062026","0","","SYM","JOYMAX Z 300 E5+","Barcelona","Cataluña","278"
"18062026","0","","VOGE","SR3","Murcia","Región de Murcia","244"
"18062026","0","","ZONTES","125X","Barcelona","Cataluña","125"
"18062026","0","","ZONTES","125X","Barcelona","Cataluña","125"
"18062026","0","","HONDA","SH Mode 125","Málaga","Andalucía","125"
"18062026","0","","YAMAHA","XMAX 125","Granada","Andalucía","125"
"18062026","0","","RIEJU","NKD 125","Cáceres","Extremadura","124"
"18062026","0","","HONDA","CB 125 F","Málaga","Andalucía","124"
"18062026","0","","APRILIA","SR GT 125","Cádiz","Andalucía","125"
"18062026","0","","SYM","SYMPHONY 125","Cantabria","Cantabria","125"
"18062026","0","","VOGE","300RALLY","Lleida","Cataluña","292"
"18062026","0","","SYM","MAXSYM 400I GT","Toledo","Castilla-La Mancha","399"
"18062026","0","","KYMCO","DTX","Alicante/Alacant","Comunidad Valenciana","124"
"18062026","0","","PIAGGIO","LIBERTY 125 ABS","Sevilla","Andalucía","124"
"18062026","0","","ZONTES","125X","Cádiz","Andalucía","125"
"18062026","0","","ZONTES","125X","Madrid","Comunidad de Madrid","125"
"18062026","0","","YAMAHA","NMAX 125","Cantabria","Cantabria","125"
"18062026","0","","PEUGEOT","DJANGO","Almería","Andalucía","125"
"18062026","0","","VOGE","625DSX","Barcelona","Cataluña","581"
"18062026","0","","HONDA","CL500","Cantabria","Cantabria","471"
"18062026","0","","SYM","SYMPHONY 125","Murcia","Región de Murcia","125"
"18062026","0","","CFMOTO","675NK","Barcelona","Cataluña","674"
"18062026","0","","SYM","ADX 125 LC TCS E5+","Málaga","Andalucía","125"
"18062026","0","","BMW","R 1300 RS","Valencia/València","Comunidad Valenciana","1300"
"18062026","0","","ZONTES","125X","Málaga","Andalucía","125"
"18062026","0","","VOGE","DS800X RALLY","Madrid","Comunidad de Madrid","798"
"18062026","0","","SYM","SYMPHONY 125","Alicante/Alacant","Comunidad Valenciana","125"
"18062026","0","","VOGE","DS900X","Valencia/València","Comunidad Valenciana","895"
"18062026","0","","KTM","KTM 125 SMC R","Ciudad Real","Castilla-La Mancha","125"
"18062026","0","","KYMCO","SKYTOWN 125","Zaragoza","Aragón","125"
"18062026","0","","YAMAHA","NMAX 125","Santa Cruz de Tenerife","Canarias","125"
"18062026","0","","QJMOTOR","SRT 450 RX","Málaga","Andalucía","450"
"18062026","0","","YAMAHA","RayZR 125","Córdoba","Andalucía","125"
"18062026","0","","VOGE","625DSX","Barcelona","Cataluña","581"
"18062026","0","","APRILIA","SR GT 125","Murcia","Región de Murcia","125"
"18062026","0","","HONDA","VISION 110","Málaga","Andalucía","109"
"18062026","0","","ZONTES","125E","Barcelona","Cataluña","125"
"18062026","0","","YAMAHA","NMAX 125","Alicante/Alacant","Comunidad Valenciana","125"
"18062026","0","","RIEJU","RALLY 307","Alicante/Alacant","Comunidad Valenciana","292"
"18062026","0","","YAMAHA","YZF-R9","Málaga","Andalucía","890"
"18062026","0","","KYMCO","SUPER DINK GT","Ciudad Real","Castilla-La Mancha","321"
"18062026","0","","QJMOTOR","LTR 125 E5+","Murcia","Región de Murcia","125"
"18062026","0","","SYM","SYMPHONY 125","Sevilla","Andalucía","125"
"18062026","0","","YAMAHA","MT-09","Girona","Cataluña","890"
"18062026","0","","BENDA","NAPOLEON 125","Zaragoza","Aragón","125"
"18062026","0","","YAMAHA","MT-07","Madrid","Comunidad de Madrid","689"
"18062026","0","","APRILIA","RS 125","Valencia/València","Comunidad Valenciana","124"
"18062026","0","","SYM","JET 14","Granada","Andalucía","125"
"18062026","0","","BENELLI","BKX 125","Toledo","Castilla-La Mancha","125"
"18062026","0","","BMW","R 1300 R","Málaga","Andalucía","1300"
"18062026","0","","SYM","JET 14","Illes Balears","Illes Balears","125"
"18062026","0","","YAMAHA","NMAX 125","Jaén","Andalucía","125"
"18062026","0","","VOGE","625DSX","Jaén","Andalucía","581"
"18062026","0","","VOGE","300RALLY","Barcelona","Cataluña","292"
"18062026","0","","HONDA","VISION 110","Illes Balears","Illes Balears","109"
"18062026","0","","ZONTES","368G","Jaén","Andalucía","368"
"18062026","0","","KAWASAKI","NINJA ZX-6R","Madrid","Comunidad de Madrid","636"
"18062026","0","","YAMAHA","MT-125","Murcia","Región de Murcia","125"
"18062026","0","","KYMCO","DTX","Badajoz","Extremadura","124"
"18062026","0","","YAMAHA","MT-07","Pontevedra","Galicia","689"
"18062026","0","","ROYAL ENFIELD","INTERCEPTOR BEAR 650","Málaga","Andalucía","648"
"18062026","0","","ZONTES","125X","Madrid","Comunidad de Madrid","125"
"18062026","0","","KTM","KTM 790 DUKE","Ciudad Real","Castilla-La Mancha","799"
"18062026","0","","YAMAHA","NMAX 125","Illes Balears","Illes Balears","125"
"18062026","0","","VOGE","DS800X RALLY","Lleida","Cataluña","798"
"18062026","0","","ZONTES","125X","Murcia","Región de Murcia","125"
"18062026","0","","KAWASAKI","Z900","Valencia/València","Comunidad Valenciana","948"
"18062026","0","","ZONTES","125X","Málaga","Andalucía","125"
"18062026","0","","HONDA","PCX 125","Cádiz","Andalucía","125"
"18062026","0","","MOTO MORINI","SEIEMMEZZO","Segovia","Castilla y León","649"
"18062026","0","","SYM","SYMPHONY 125","Gipuzkoa","País Vasco","125"
"18062026","0","","HONDA","PCX 125","Málaga","Andalucía","125"
"18062026","0","","YAMAHA","NMAX 125","Girona","Cataluña","125"
"18062026","0","","YAMAHA","NMAX 125","Almería","Andalucía","125"
"18062026","0","","KAWASAKI","NINJA 500","Palmas (Las)","Canarias","451"
"18062026","0","","BMW","R 1300 RS","Valencia/València","Comunidad Valenciana","1300"
"18062026","0","","RIEJU","NOT APPLICABLE","Valencia/València","Comunidad Valenciana","124"
"18062026","0","","SYM","JET 14","Valencia/València","Comunidad Valenciana","125"
"18062026","0","","HONDA","CBR600R3","Alicante/Alacant","Comunidad Valenciana","599"
"18062026","0","","QJMOTOR","SRT 450 RX","Rioja (La)","La Rioja","450"
"18062026","0","","CFMOTO","DUAL250","Palmas (Las)","Canarias","249"
"18062026","0","","YAMAHA","MT-03","Málaga","Andalucía","321"
"18062026","0","","ZONTES","368G","Madrid","Comunidad de Madrid","368"
"18062026","0","","ZONTES","125X","Málaga","Andalucía","125"
"18062026","0","","ZONTES","125X","Málaga","Andalucía","125"
"18062026","0","","YAMAHA","XMAX 125","Sevilla","Andalucía","125"
"18062026","0","","YAMAHA","XMAX 125","Valencia/València","Comunidad Valenciana","125"
"18062026","0","","HONDA","NX500","Valencia/València","Comunidad Valenciana","471"
"18062026","0","","YAMAHA","NMAX 125","Granada","Andalucía","125"
"18062026","0","","BMW","F 900 GS ADVENTURE","León","Castilla y León","895"
"18062026","0","","KYMCO","DTX","Barcelona","Cataluña","321"
"18062026","0","","ZONTES","703RR","Salamanca","Castilla y León","699"
"18062026","0","","KYMCO","AGILITY S","Barcelona","Cataluña","125"
"18062026","0","","SYM","JET 14","Granada","Andalucía","125"
"18062026","0","","HONDA","XL750 Transalp","Barcelona","Cataluña","755"
"18062026","0","","SYM","SYMPHONY 125","Madrid","Comunidad de Madrid","125"
"18062026","0","","PIAGGIO","VESPA PRIMAVERA 125","Alicante/Alacant","Comunidad Valenciana","124"
"18062026","0","","BMW","R 1300 GS ADVENTURE","Girona","Cataluña","1300"
"18062026","0","","YAMAHA","RayZR 125","Barcelona","Cataluña","125"
"18062026","0","","PIAGGIO","LIBERTY 125 ABS","Madrid","Comunidad de Madrid","124"
"18062026","0","","CFMOTO","DUAL250","Madrid","Comunidad de Madrid","249"
"18062026","0","","HONDA","PCX 125","Cantabria","Cantabria","125"
"18062026","0","","YAMAHA","MT-09","Albacete","Castilla-La Mancha","890"
"18062026","0","","ZONTES","125X","Alicante/Alacant","Comunidad Valenciana","125"
"18062026","0","","APRILIA","SR GT 400","Barcelona","Cataluña","399"
"18062026","0","","INDIAN","CHIEF DARK HORSE","Palmas (Las)","Canarias","1890"
"18062026","0","","YAMAHA","XMAX 125","Illes Balears","Illes Balears","125"
"18062026","0","","MH MOTORCYCLES","VR10","Jaén","Andalucía","124"
"18062026","0","","HONDA","PCX 125","Barcelona","Cataluña","125"
"18062026","0","","QJMOTOR","SRT 700 X E5+","Burgos","Castilla y León","698"
"18062026","0","","HONDA","ADV 350","Illes Balears","Illes Balears","330"
"18062026","0","","ZONTES","368G","Sevilla","Andalucía","368"
"18062026","0","","ZONTES","125X","Madrid","Comunidad de Madrid","125"
"18062026","0","","HONDA","ADV 350","Tarragona","Cataluña","330"
"18062026","0","","ZONTES","125X","Barcelona","Cataluña","125"
"18062026","0","","ZONTES","125C","Zaragoza","Aragón","125"
"18062026","0","","BENDA","LFC700","Madrid","Comunidad de Madrid","677"
"18062026","0","","INDIAN","SUPER SCOUT LIMITED +","Palmas (Las)","Canarias","1250"
"18062026","0","","HONDA","CBR 650 R","Barcelona","Cataluña","649"
"18062026","0","","DUCATI","MONSTER DUCATI RED LIM","Illes Balears","Illes Balears","890"
"18062026","0","","HONDA","FORZA 750","Barcelona","Cataluña","745"
"18062026","0","","HONDA","VISION 110","Girona","Cataluña","109"
"18062026","0","","APRILIA","SR GT 125","Barcelona","Cataluña","125"
"18062026","0","","YAMAHA","MT-07","Madrid","Comunidad de Madrid","689"
"18062026","0","","YAMAHA","NMAX 125","Tarragona","Cataluña","125"
"18062026","0","","KAWASAKI","Z650RS","Valencia/València","Comunidad Valenciana","649"
"18062026","0","","ZONTES","368G","Cádiz","Andalucía","368"
"18062026","0","","HONDA","FORZA125","Santa Cruz de Tenerife","Canarias","125"
"18062026","0","","ZONTES","125X","Córdoba","Andalucía","125"
"18062026","0","","ZONTES","125X","Córdoba","Andalucía","125"
"18062026","0","","HONDA","FORZA125","Granada","Andalucía","125"
"18062026","0","","APRILIA","RX 125","Granada","Andalucía","124"
"18062026","0","","VOGE","DS900X","Cádiz","Andalucía","895"
"18062026","0","","ZONTES","ZT125-Z2","Granada","Andalucía","125"
"18062026","0","","SYM","SYMPHONY 125","Sevilla","Andalucía","125"
"18062026","0","","CFMOTO","125 NK","Castellón/Castelló","Comunidad Valenciana","124"
"18062026","0","","QJMOTOR","SRV 12 E5+","Pontevedra","Galicia","125"
"18062026","0","","HONDA","FORZA 350","Málaga","Andalucía","330"
"18062026","0","","KAWASAKI","ELIMINATOR","Alicante/Alacant","Comunidad Valenciana","451"
"18062026","0","","DUCATI","MONSTER SPORT LIVERY","Barcelona","Cataluña","890"
"18062026","0","","HONDA","ADV 350","Barcelona","Cataluña","330"
"18062026","0","","DUCATI","HYPERMOTARD V2 DUCATI","Alicante/Alacant","Comunidad Valenciana","890"
"18062026","0","","HONDA","PCX 125","Málaga","Andalucía","125"
"18062026","0","","YAMAHA","R125","Madrid","Comunidad de Madrid","125"
"18062026","0","","HONDA","FORZA125","Palmas (Las)","Canarias","125"
"18062026","0","","BMW","F 900 R","Córdoba","Andalucía","895"
"18062026","0","","ZONTES","125X","Barcelona","Cataluña","125"
"18062026","0","","VOGE","DS900X","Cantabria","Cantabria","895"
"18062026","0","","MITT","TY125T-26F","Sevilla","Andalucía","125"
"18062026","0","","QJMOTOR","SRV 125 E5+","Tarragona","Cataluña","125"
"18062026","0","","KTM","KTM 1390 SUPER ADVENTU","Ciudad Real","Castilla-La Mancha","1350"
"18062026","0","","HONDA","PCX 125","Santa Cruz de Tenerife","Canarias","125"
"18062026","0","","YAMAHA","NMAX 125","Tarragona","Cataluña","125"
"18062026","0","","HONDA","NX500","Málaga","Andalucía","471"
"18062026","0","","ZONTES","368G","Madrid","Comunidad de Madrid","368"
"18062026","0","","KTM","KTM 350 EXC-F","Barcelona","Cataluña","350"
"18062026","0","","VOGE","R125","Sevilla","Andalucía","125"
"18062026","0","","HERO MOTOCORP","X PULSE 200 4V","Bizkaia","País Vasco","200"
"18062026","0","","MORBIDELLI","T125 X","Girona","Cataluña","124"
"18062026","0","","HONDA","SH125i","Barcelona","Cataluña","125"
"18062026","0","","HONDA","CB650RA","Cádiz","Andalucía","649"
"18062026","0","","KAWASAKI","Z900","Sevilla","Andalucía","948"
"18062026","0","","KTM","KTM 790 ADVENTURE","Lleida","Cataluña","799"
"18062026","0","","ZONTES","125X","Cáceres","Extremadura","125"
"18062026","0","","TRIUMPH","TIGER SPORT 660","Murcia","Región de Murcia","660"
"18062026","0","","BMW","S 1000 RR","Granada","Andalucía","999"
"18062026","0","","VOGE","625DSX","Barcelona","Cataluña","581"
"18062026","0","","HONDA","SH350i","Alicante/Alacant","Comunidad Valenciana","330"
"18062026","0","","HONDA","FORZA 750","Barcelona","Cataluña","745"
"18062026","0","","KYMCO","SKYTOWN 125","Illes Balears","Illes Balears","125"
"18062026","0","","ZONTES","368G","Granada","Andalucía","368"
"18062026","0","","YAMAHA","XMAX 300","Granada","Andalucía","292"
"18062026","0","","ZONTES","125X","Cádiz","Andalucía","125"
"18062026","0","","YAMAHA","R125","Madrid","Comunidad de Madrid","125"
"18062026","0","","DUCATI","MULTISTRADA V2","Tarragona","Cataluña","890"
"18062026","0","","HONDA","PCX 125","Madrid","Comunidad de Madrid","125"
"18062026","0","","QJMOTOR","FORT 125 N E5+","Valencia/València","Comunidad Valenciana","125"
"18062026","0","","KOVE","KOVE 800 X RALLY","Soria","Castilla y León","799"
"18062026","0","","BMW","F 900 GS","Barcelona","Cataluña","895"
"18062026","0","","HONDA","SH Mode 125","Barcelona","Cataluña","125"
"18062026","0","","QJMOTOR","ATR 125 E5+","Illes Balears","Illes Balears","125"
"18062026","0","","ZONTES","125X","Madrid","Comunidad de Madrid","125"
"18062026","0","","HONDA","CBF 125","Madrid","Comunidad de Madrid","125"
"18062026","0","","YAMAHA","XMAX 300","Alicante/Alacant","Comunidad Valenciana","292"
"18062026","0","","HONDA","CB650RA","Badajoz","Extremadura","649"
"18062026","0","","QJMOTOR","SRT 700 X E5+","Málaga","Andalucía","698"
"18062026","0","","ZONTES","368K","Tarragona","Cataluña","368"
"18062026","0","","BMW","R 1300 GS ADVENTURE","Madrid","Comunidad de Madrid","1300"
"18062026","0","","ZONTES","125X","Córdoba","Andalucía","125"
"18062026","0","","KYMCO","SKYTOWN 125","Cádiz","Andalucía","125"
"18062026","0","","MOTO MORINI","X-CAPE 1200","Soria","Castilla y León","1187"
"18062026","0","","PIAGGIO","VESPA PRIMAVERA 125","Madrid","Comunidad de Madrid","124"
"18062026","0","","YAMAHA","NMAX 125","Madrid","Comunidad de Madrid","125"
"18062026","0","","YAMAHA","XMAX 300","Barcelona","Cataluña","292"
"18062026","0","","FANTIC MOTOR","---","Barcelona","Cataluña","463"
"18062026","0","","ZONTES","125E","Bizkaia","País Vasco","125"
"18062026","0","","ZONTES","125X","Bizkaia","País Vasco","125"
"18062026","0","","HONDA","SH125i","Málaga","Andalucía","125"
"18062026","0","","KYMCO","SKYTOWN 125","Madrid","Comunidad de Madrid","125"
"18062026","0","","HUSQVARNA","HUSQVARNA 701 SUPERMOT","Barcelona","Cataluña","693"
"18062026","0","","ZONTES","125X","Barcelona","Cataluña","125"
"18062026","0","","VOGE","SR16","Barcelona","Cataluña","125"
"18062026","0","","KTM","KTM 990 RC R","Granada","Andalucía","947"
"18062026","0","","KAWASAKI","VERSYS 650","Sevilla","Andalucía","649"
"18062026","0","","HARLEY-DAVIDSON","BREAKOUT","Barcelona","Cataluña","1923"
"18062026","0","","SUZUKI","GSX-S 1000","Palmas (Las)","Canarias","999"
"18062026","0","","SYM","ADX 300 TCS","Ourense","Galicia","278"
"18062026","0","","PEUGEOT","TWEET FL 125 CC","Alicante/Alacant","Comunidad Valenciana","125"
"18062026","0","","QJMOTOR","SRT 900 SX","Murcia","Región de Murcia","904"
"18062026","0","","HONDA","PCX 125","Madrid","Comunidad de Madrid","125"
"18062026","0","","BMW","F 900 GS","Barcelona","Cataluña","895"
"18062026","0","","PEUGEOT","KISBEE M","Barcelona","Cataluña","125"
"18062026","0","","YAMAHA","NMAX 125","Málaga","Andalucía","125"
"18062026","0","","KTM","KTM 390 DUKE","Sevilla","Andalucía","399"
"18062026","0","","HONDA","PCX 125","Valencia/València","Comunidad Valenciana","125"
"18062026","0","","MALCOR IBERICA","ROME","Córdoba","Andalucía","125"
"18062026","0","","KYMCO","SUPER DINK GT","Madrid","Comunidad de Madrid","321"
"18062026","0","","HONDA","CBF 125","Santa Cruz de Tenerife","Canarias","125"
"18062026","0","","YAMAHA","XMAX 125","Alicante/Alacant","Comunidad Valenciana","125"
"18062026","0","","CFMOTO","700MT","Valladolid","Castilla y León","693"
"18062026","0","","HONDA","CBR 650 R","Cádiz","Andalucía","649"
"18062026","0","","KYMCO","AGILITY S","Sevilla","Andalucía","125"
"18062026","0","","KYMCO","DTX","León","Castilla y León","124"
"18062026","0","","ZONTES","125X","Bizkaia","País Vasco","125"
"18062026","0","","PIAGGIO","LIBERTY 125 ABS","Sevilla","Andalucía","124"
"18062026","0","","VOGE","DS800X RALLY","Barcelona","Cataluña","798"
"18062026","0","","HONDA","ADV 350","Illes Balears","Illes Balears","330"
"18062026","0","","VOGE","DS900X","Ourense","Galicia","895"
"18062026","0","","KYMCO","DTX","Cádiz","Andalucía","124"
"18062026","0","","YAMAHA","NMAX 125","Madrid","Comunidad de Madrid","125"
"18062026","0","","CFMOTO","675NK","Granada","Andalucía","674"
"18062026","0","","HONDA","SH125i","Málaga","Andalucía","125"
"18062026","0","","PIAGGIO","LIBERTY 125 ABS","Cádiz","Andalucía","124"
"18062026","0","","PEUGEOT","KISBEE M","Málaga","Andalucía","125"
"18062026","0","","HONDA","SH125i","Málaga","Andalucía","125"
"18062026","0","","KOVE","450 RALLY 2026","Gipuzkoa","País Vasco","449"
"18062026","0","","ZONTES","125X","Madrid","Comunidad de Madrid","125"
"18062026","0","","PIAGGIO","VESPA PRIMAVERA 125","Alicante/Alacant","Comunidad Valenciana","124"
"18062026","0","","HONDA","NT1100","Madrid","Comunidad de Madrid","1084"
"18062026","0","","ZONTES","125X","Cádiz","Andalucía","125"
"18062026","0","","BMW","C 400 GT","Madrid","Comunidad de Madrid","350"
"18062026","0","","VOGE","SR16","Madrid","Comunidad de Madrid","125"
"18062026","0","","SYM","SYMPHONY 125","Murcia","Región de Murcia","125"
"18062026","0","","VOGE","SR1","Málaga","Andalucía","125"
"18062026","0","","SUZUKI","BURGMAN 400","Barcelona","Cataluña","400"
"18062026","0","","YAMAHA","XMAX 125","Barcelona","Cataluña","125"
"18062026","0","","ZONTES","125X","Madrid","Comunidad de Madrid","125"
"18062026","0","","QJMOTOR","SRV 12 E5+","Murcia","Región de Murcia","125"
"18062026","0","","PIAGGIO","VESPA PRIMAVERA 125","Madrid","Comunidad de Madrid","124"
"18062026","0","","HONDA","ADV 750","Barcelona","Cataluña","745"
"18062026","0","","ZONTES","125X","Barcelona","Cataluña","125"
"18062026","0","","PIAGGIO","LIBERTY 125 ABS","Barcelona","Cataluña","124"
"18062026","0","","KAWASAKI","Z650RS","Sevilla","Andalucía","649"
"18062026","0","","YAMAHA","NMAX 125","Barcelona","Cataluña","125"
"18062026","0","","YAMAHA","RayZR 125","Valencia/València","Comunidad Valenciana","125"
"18062026","0","","SYM","JET 14","Navarra","Comunidad Foral de Navarra","125"
"18062026","0","","BMW","F 900 R A2","Barcelona","Cataluña","895"
"18062026","0","","ZONTES","ZT125-U1","Barcelona","Cataluña","125"
"18062026","0","","CFMOTO","1000MT-X","Zaragoza","Aragón","946"
"18062026","0","","KYMCO","SKYTOWN 125","Barcelona","Cataluña","125"
"18062026","0","","SYM","JET 14","Barcelona","Cataluña","125"
"18062026","0","","KAWASAKI","NINJA ZX-4R","Málaga","Andalucía","399"
"18062026","0","","HONDA","VISION 110","Málaga","Andalucía","109"
"18062026","0","","PEUGEOT","PULSION EVO","Málaga","Andalucía","125"
"18062026","0","","VOGE","DS900X","Granada","Andalucía","895"
"18062026","0","","MORBIDELLI","SC125 RE","Badajoz","Extremadura","125"
"18062026","0","","ZONTES","125X","Madrid","Comunidad de Madrid","125"
"18062026","0","","HONDA","CB 125 F","Illes Balears","Illes Balears","124"
"18062026","0","","YAMAHA","MT-09","Santa Cruz de Tenerife","Canarias","890"
"18062026","0","","VOGE","DS900X","Bizkaia","País Vasco","895"
"18062026","0","","HONDA","VISION 110","Córdoba","Andalucía","109"
"18062026","0","","KYMCO","PEOPLE S 125 E5+","Murcia","Región de Murcia","125"
"18062026","0","","HONDA","SH125i","Ceuta","Ceuta","125"
"18062026","0","","HONDA","SH350i","Barcelona","Cataluña","330"
"18062026","0","","KEEWAY","VERSILIA 125","Cádiz","Andalucía","125"
"18062026","0","","HONDA","ADV 350","Málaga","Andalucía","330"
"18062026","0","","PIAGGIO","LIBERTY 125 ABS","Cádiz","Andalucía","124"
"18062026","0","","BSA","GOLDSTAR","Asturias","Principado de Asturias","652"
"18062026","0","","YAMAHA","R125","Barcelona","Cataluña","125"
"18062026","0","","YAMAHA","NMAX 125","Almería","Andalucía","125"
"18062026","0","","HONDA","PCX 125","Málaga","Andalucía","125"
"18062026","0","","HONDA","PCX 125","Murcia","Región de Murcia","125"
"18062026","0","","HONDA","SH Mode 125","Girona","Cataluña","125"
"18062026","0","","ZONTES","368G","Barcelona","Cataluña","368"
"18062026","0","","HARLEY-DAVIDSON","STREET BOB","Cádiz","Andalucía","1923"
"18062026","0","","TRIUMPH","TIGER SPORT 660","Valladolid","Castilla y León","660"
"18062026","0","","HONDA","ADV 750","Barcelona","Cataluña","745"
"18062026","0","","ZONTES","125X","Málaga","Andalucía","125"
"18062026","0","","RIEJU","NKD 125","Girona","Cataluña","124"
"18062026","0","","SYM","ADX 300 TCS","Girona","Cataluña","278"
"18062026","0","","HONDA","SH Mode 125","Barcelona","Cataluña","125"
"18062026","0","","ZONTES","125X","Pontevedra","Galicia","125"
"18062026","0","","BMW","C 400 X","Alicante/Alacant","Comunidad Valenciana","350"
"18062026","0","","HONDA","ADV 750","Alicante/Alacant","Comunidad Valenciana","745"
"18062026","0","","KYMCO","SUPER DINK GT 125 E5+","Valencia/València","Comunidad Valenciana","124"
"18062026","0","","YAMAHA","R7","Barcelona","Cataluña","689"
"18062026","0","","PIAGGIO","VESPA PRIMAVERA TECH 1","Coruña (A)","Galicia","124"
"18062026","0","","VOGE","DS800X RALLY","Toledo","Castilla-La Mancha","798"
"18062026","0","","YAMAHA","XMAX 125","Gipuzkoa","País Vasco","125"
"18062026","0","","BMW","R 12 NINET","Valladolid","Castilla y León","1170"
"18062026","0","","HONDA","ADV 350","Santa Cruz de Tenerife","Canarias","330"
"18062026","0","","ZONTES","125X","Pontevedra","Galicia","125"
"18062026","0","","QJMOTOR","SRK 125 S E5+","Asturias","Principado de Asturias","125"
"18062026","0","","ZONTES","368G","Sevilla","Andalucía","368"
"18062026","0","","ZONTES","125X","Cantabria","Cantabria","125"
"18062026","0","","HONDA","ADV 350","Barcelona","Cataluña","330"
"18062026","0","","SUZUKI","ADDRESS 125","Alicante/Alacant","Comunidad Valenciana","124"
"18062026","0","","HONDA","NC 750 X","Santa Cruz de Tenerife","Canarias","745"
"18062026","0","","MTR BIKES","ROMA","Cádiz","Andalucía","125"
"18062026","0","","BMW","R 1300 GS","Zaragoza","Aragón","1300"
"18062026","0","","ZONTES","125X","Madrid","Comunidad de Madrid","125"
"18062026","0","","HERO MOTOCORP","X PULSE 200 4V","Alicante/Alacant","Comunidad Valenciana","200"
"18062026","0","","VOGE","DS800X RALLY","Valencia/València","Comunidad Valenciana","798"
"18062026","0","","ZONTES","125X","Valencia/València","Comunidad Valenciana","125"
"18062026","0","","HONDA","ADV 350","Illes Balears","Illes Balears","330"
"18062026","0","","KYMCO","DTX","Palmas (Las)","Canarias","124"
"18062026","0","","BMW","F 900 XR","Cantabria","Cantabria","895"
"18062026","0","","HONDA","ADV 750","Valencia/València","Comunidad Valenciana","745"
"18062026","0","","HONDA","PCX 125","Ourense","Galicia","125"
"18062026","0","","CFMOTO","675SR-R","Granada","Andalucía","674"
"18062026","0","","HONDA","ADV 750","Santa Cruz de Tenerife","Canarias","745"
"18062026","0","","PIAGGIO","VESPA PRIMAVERA 125","Alicante/Alacant","Comunidad Valenciana","124"
"18062026","0","","ZONTES","368G","Huelva","Andalucía","368"
"18062026","0","","CFMOTO","1000MT-X","Barcelona","Cataluña","946"
"18062026","0","","ZONTES","368G","Alicante/Alacant","Comunidad Valenciana","368"
"18062026","0","","YAMAHA","NMAX 125","Madrid","Comunidad de Madrid","125"
"18062026","0","","YAMAHA","XMAX 125","Málaga","Andalucía","125"
"18062026","0","","ZONTES","368G","Santa Cruz de Tenerife","Canarias","368"
"18062026","0","","QJMOTOR","ATR 125 E5+","Sevilla","Andalucía","125"
"18062026","0","","YAMAHA","WR125","Madrid","Comunidad de Madrid","125"
"18062026","0","","MITT","TY125T-58E","Madrid","Comunidad de Madrid","125"
"18062026","0","","VOGE","DS800X RALLY","Barcelona","Cataluña","798"
"18062026","0","","KAWASAKI","Z650","Barcelona","Cataluña","649"
"18062026","0","","HONDA","CB650RA","Palmas (Las)","Canarias","649"
"18062026","0","","BMW","F 450 GS","Alicante/Alacant","Comunidad Valenciana","420"
"18062026","0","","ZONTES","125X","Barcelona","Cataluña","125"
"18062026","0","","KYMCO","AGILITY S","Albacete","Castilla-La Mancha","125"
"18062026","0","","BMW","F 450 GS","Córdoba","Andalucía","420"
"18062026","0","","VOGE","DS800X RALLY","Madrid","Comunidad de Madrid","798"
"18062026","0","","ZONTES","125X","Sevilla","Andalucía","125"
"18062026","0","","ZONTES","125D","Córdoba","Andalucía","125"
"18062026","0","","ROYAL ENFIELD","METEOR 350","Barcelona","Cataluña","349"
"18062026","0","","ZONTES","125D","Barcelona","Cataluña","125"
"18062026","0","","ZONTES","125C","Málaga","Andalucía","125"
"18062026","0","","SYM","SYMPHONY 125","Gipuzkoa","País Vasco","125"
"18062026","0","","MH MOTORCYCLES","TRAY","Santa Cruz de Tenerife","Canarias","125"
"18062026","0","","KAWASAKI","NINJA ZX-6R","Barcelona","Cataluña","636"
"18062026","0","","SYM","CRUISYM 125 TCS E5+","Sevilla","Andalucía","124"
"18062026","0","","KYMCO","DTX","Asturias","Principado de Asturias","124"
"18062026","0","","VOGE","625DSX","Illes Balears","Illes Balears","581"
"18062026","0","","KAWASAKI","NINJA ZX-6R","Madrid","Comunidad de Madrid","636"
"18062026","0","","QJMOTOR","MTX 125 E5+","Barcelona","Cataluña","125"
"18062026","0","","HONDA","Rebel 500","Barcelona","Cataluña","471"
"18062026","0","","ZONTES","350E","Murcia","Región de Murcia","349"
"18062026","0","","YAMAHA","Tracer 9 GT","Almería","Andalucía","890"
"18062026","0","","HONDA","CRF 300 L","Barcelona","Cataluña","286"
"18062026","0","","KOVE","KOVE 800 X GT","Alicante/Alacant","Comunidad Valenciana","799"
"18062026","0","","VOGE","DS900X","Madrid","Comunidad de Madrid","895"
"18062026","0","","ZONTES","368M","Granada","Andalucía","368"
"18062026","0","","HONDA","MSX125A","Sevilla","Andalucía","124"
"18062026","0","","VOGE","DS800X RALLY","Melilla","Melilla","798"
"18062026","0","","ZONTES","703F","Sevilla","Andalucía","699"
"18062026","0","","QJMOTOR","SRV 12 E5+","Asturias","Principado de Asturias","125"
"18062026","0","","DUCATI","STREETFIGHTER","Navarra","Comunidad Foral de Navarra","890"
"18062026","0","","ZONTES","125X","Barcelona","Cataluña","125"
"18062026","0","","YAMAHA","XMAX 300","Barcelona","Cataluña","292"
"18062026","0","","HONDA","FORZA125","Barcelona","Cataluña","125"
"18062026","0","","SYM","FUGUE 125 ABS TOP CASE","Girona","Cataluña","124"
"18062026","0","","CFMOTO","450MT","Cádiz","Andalucía","449"
"18062026","0","","SYM","SYMPHONY 125","Illes Balears","Illes Balears","125"
"18062026","0","","SYM","SYMPHONY 125","Girona","Cataluña","125"
"18062026","0","","PIAGGIO","MEDLEY 125","Lleida","Cataluña","125"
"18062026","0","","HONDA","PCX 125","Almería","Andalucía","125"
"18062026","0","","YAMAHA","NMAX 125","Barcelona","Cataluña","125"
"18062026","0","","YAMAHA","NMAX 125","Barcelona","Cataluña","125"
"18062026","0","","KYMCO","SUPER DINK GT 125 E5+","Bizkaia","País Vasco","124"
"18062026","0","","VOGE","DS800X RALLY","Toledo","Castilla-La Mancha","798"
"18062026","0","","SYM","JET 14","Alicante/Alacant","Comunidad Valenciana","125"
"18062026","0","","SYM","SYMPHONY 125","Málaga","Andalucía","125"
"18062026","0","","YAMAHA","R7","Tarragona","Cataluña","689"
"18062026","0","","KYMCO","SKYTOWN 125","Valencia/València","Comunidad Valenciana","125"
"18062026","0","","SYM","ADX 300 TCS","Castellón/Castelló","Comunidad Valenciana","278"
"18062026","0","","YAMAHA","WR125","Coruña (A)","Galicia","125"
"18062026","0","","KYMCO","AGILITY S","Barcelona","Cataluña","125"
"18062026","0","","KYMCO","DTX","Madrid","Comunidad de Madrid","321"
"18062026","0","","YAMAHA","MT-09","Málaga","Andalucía","890"
"18062026","0","","MORBIDELLI","SC125 RE","Madrid","Comunidad de Madrid","125"
"18062026","0","","YAMAHA","NMAX 125","Madrid","Comunidad de Madrid","125"
"18062026","0","","KAWASAKI","VERSYS 650","Barcelona","Cataluña","649"
"18062026","0","","HONDA","XL750 Transalp","Girona","Cataluña","755"
"18062026","0","","HONDA","CBR500","Madrid","Comunidad de Madrid","471"
"18062026","0","","YAMAHA","TMAX 560","Toledo","Castilla-La Mancha","562"
"18062026","0","","QJMOTOR","MTX 125 E5+","Huelva","Andalucía","125"
"18062026","0","","KYMCO","SUPER DINK GT 125 E5+","Valencia/València","Comunidad Valenciana","124"
"18062026","0","","SYM","SYMPHONY 125","Gipuzkoa","País Vasco","125"
"18062026","0","","HONDA","FORZA 750","Barcelona","Cataluña","745"
"18062026","0","","HONDA","NT1100","Valencia/València","Comunidad Valenciana","1084"
"18062026","0","","DUCATI","MULTISTRADA V2","Madrid","Comunidad de Madrid","890"
"18062026","0","","YAMAHA","RayZR 125","Alicante/Alacant","Comunidad Valenciana","125"
"18062026","0","","ZONTES","125E","Palmas (Las)","Canarias","125"
"18062026","0","","BMW","F 900 R","Barcelona","Cataluña","895"
"18062026","0","","HONDA","PCX 125","Gipuzkoa","País Vasco","125"
"18062026","0","","KTM","KTM 390 ADVENTURE R","Ciudad Real","Castilla-La Mancha","399"
"18062026","0","","QJMOTOR","FORT 125 N E5+","Lleida","Cataluña","125"
"18062026","0","","HONDA","PCX 125","Málaga","Andalucía","125"
"18062026","0","","RIEJU","NOT APPLICABLE","Toledo","Castilla-La Mancha","124"
"18062026","0","","HONDA","VISION 110","Málaga","Andalucía","109"
"18062026","0","","ZONTES","125X","Valladolid","Castilla y León","125"
"18062026","0","","YAMAHA","WR125","Madrid","Comunidad de Madrid","125"
"18062026","0","","VOGE","SR16","Barcelona","Cataluña","125"
"18062026","0","","CFMOTO","675NK","Murcia","Región de Murcia","674"
"18062026","0","","KAWASAKI","Z900","Murcia","Región de Murcia","948"
"18062026","0","","CYCLONE","RX2","Lleida","Cataluña","124"
"18062026","0","","NEXT","NX2 125I","Illes Balears","Illes Balears","125"
"18062026","0","","YAMAHA","TRACER 700","Valencia/València","Comunidad Valenciana","689"
"18062026","0","","KAWASAKI","NINJA ZX-6R","Ourense","Galicia","636"
"18062026","0","","HONDA","VISION 110","Madrid","Comunidad de Madrid","109"
"18062026","0","","KAWASAKI","Z900","Zamora","Castilla y León","948"
"18062026","0","","SYM","JET X","Barcelona","Cataluña","125"
"18062026","0","","KTM","KTM 125 DUKE","Illes Balears","Illes Balears","125"
"18062026","0","","ZONTES","368G","Madrid","Comunidad de Madrid","368"
"18062026","0","","HONDA","PCX 125","Sevilla","Andalucía","125"
"18062026","0","","KTM","KTM 390 ENDURO R","Ciudad Real","Castilla-La Mancha","399"
"18062026","0","","YAMAHA","NMAX 125","Barcelona","Cataluña","125"
"18062026","0","","KAWASAKI","KLE500","Gipuzkoa","País Vasco","451"
"18062026","0","","ZONTES","368G","Barcelona","Cataluña","368"
"18062026","0","","KYMCO","AGILITY S","Murcia","Región de Murcia","125"
"18062026","0","","BMW","F 800 GS","Córdoba","Andalucía","895"
"18062026","0","","APRILIA","SR GT 125","Barcelona","Cataluña","125"
"18062026","0","","KEEWAY","RKS 125","Málaga","Andalucía","124"
"18062026","0","","YAMAHA","MT-07","Madrid","Comunidad de Madrid","689"
"18062026","0","","HONDA","PCX 125","Córdoba","Andalucía","125"
"18062026","0","","VOGE","625DSX","Girona","Cataluña","581"
"18062026","0","","HONDA","ADV 750","Málaga","Andalucía","745"
"18062026","0","","KYMCO","AGILITY S","Málaga","Andalucía","125"
"18062026","0","","HONDA","CB 125 F","Girona","Cataluña","124"
"18062026","0","","MORBIDELLI","SC 125","Valencia/València","Comunidad Valenciana","125"
"18062026","0","","HONDA","PCX 125","Almería","Andalucía","125"
"18062026","0","","SYM","SYMPHONY 125","Bizkaia","País Vasco","125"
"18062026","0","","HONDA","ST125A","Santa Cruz de Tenerife","Canarias","124"
"18062026","0","","ZONTES","125X","Gipuzkoa","País Vasco","125"
"18062026","0","","ZONTES","125X","Madrid","Comunidad de Madrid","125"
"18062026","0","","ZONTES","125X","Bizkaia","País Vasco","125"
"18062026","0","","VOGE","625DSX","Valencia/València","Comunidad Valenciana","581"
"18062026","0","","KAWASAKI","NINJA ZX-10R","Gipuzkoa","País Vasco","998"
"18062026","0","","HARLEY-DAVIDSON","BREAKOUT","Alicante/Alacant","Comunidad Valenciana","1923"
"18062026","0","","HONDA","SH Mode 125","Barcelona","Cataluña","125"
"18062026","0","","SYM","SYMPHONY 125","Barcelona","Cataluña","125"
"18062026","0","","SYM","JET 14","Girona","Cataluña","125"
"18062026","0","","SYM","JET 14","Alicante/Alacant","Comunidad Valenciana","125"
"18062026","0","","MOTO MORINI","CALIBRO 700","Alicante/Alacant","Comunidad Valenciana","693"
"18062026","0","","KAWASAKI","NINJA 650","Toledo","Castilla-La Mancha","649"
"18062026","0","","SYM","JET 14","Valencia/València","Comunidad Valenciana","125"
"18062026","0","","HONDA","ADV 350","Barcelona","Cataluña","330"
"18062026","0","","VOGE","DS800X RALLY","Melilla","Melilla","798"
"18062026","0","","ZONTES","125X","Bizkaia","País Vasco","125"
"18062026","0","","YAMAHA","RayZR 125","Jaén","Andalucía","125"
"18062026","0","","MITT","TY125T-58E","Madrid","Comunidad de Madrid","125"
"18062026","0","","HONDA","Rebel 500","Albacete","Castilla-La Mancha","471"
"18062026","0","","KOVE","KOVE 800 X GT","Alicante/Alacant","Comunidad Valenciana","799"
"18062026","0","","YAMAHA","XMAX 300","Girona","Cataluña","292"
"18062026","0","","HONDA","SH125i","Illes Balears","Illes Balears","125"
"18062026","0","","ZONTES","125X","Bizkaia","País Vasco","125"
"18062026","0","","KTM","KTM 390 ENDURO R","Barcelona","Cataluña","399"
"18062026","0","","BMW","C 400 GT","Alicante/Alacant","Comunidad Valenciana","350"
"18062026","0","","YAMAHA","XMAX 125","Almería","Andalucía","125"
"18062026","0","","BMW","F 900 R","Castellón/Castelló","Comunidad Valenciana","895"
"18062026","0","","KYMCO","DTX","Barcelona","Cataluña","321"
"18062026","0","","VOGE","625DSX","Madrid","Comunidad de Madrid","581"
"18062026","0","","SUZUKI","GSX-8S","Barcelona","Cataluña","776"
"18062026","0","","ZONTES","125X","Barcelona","Cataluña","125"
"18062026","0","","ZONTES","125X","Barcelona","Cataluña","125"
"18062026","0","","ZONTES","368G","Madrid","Comunidad de Madrid","368"
"18062026","0","","VOGE","SR1","Pontevedra","Galicia","125"
"18062026","0","","HONDA","ADV 350","Murcia","Región de Murcia","330"
"18062026","0","","ZONTES","125X","Granada","Andalucía","125"
"18062026","0","","YAMAHA","MT-07","Barcelona","Cataluña","689"
"18062026","0","","YAMAHA","XMAX 300","Valencia/València","Comunidad Valenciana","292"
"18062026","0","","MACBOR","ROCKSTER FLAT 125 EVO","Murcia","Región de Murcia","125"
"18062026","0","","QJMOTOR","FORT 125 N E5+","Sevilla","Andalucía","125"
"18062026","0","","KAWASAKI","Z900","Barcelona","Cataluña","948"
"18062026","0","","YAMAHA","NMAX 125","Sevilla","Andalucía","125"
"18062026","0","","BENELLI","TRK 702","Badajoz","Extremadura","698"
"18062026","0","","BMW","R 1300 GS ADVENTURE","Madrid","Comunidad de Madrid","1300"
"18062026","0","","CYCLONE","SR650","Asturias","Principado de Asturias","650"
"18062026","0","","HONDA","PCX 125","Barcelona","Cataluña","125"
"18062026","0","","BMW","F 450 GS","Madrid","Comunidad de Madrid","420"
"18062026","0","","KYMCO","DTX","Murcia","Región de Murcia","124"
"18062026","0","","KYMCO","DTX","Navarra","Comunidad Foral de Navarra","124"
"18062026","0","","HONDA","XL750 Transalp","Madrid","Comunidad de Madrid","755"
"18062026","0","","HONDA","XL750 Transalp","Valencia/València","Comunidad Valenciana","755"
"18062026","0","","BENDA","NAPOLEON 250","Girona","Cataluña","249"
"18062026","0","","MH MOTORCYCLES","VRS","Barcelona","Cataluña","124"
"18062026","0","","SYM","JET 14","Albacete","Castilla-La Mancha","125"
"18062026","0","","ZONTES","125X","Cantabria","Cantabria","125"
"18062026","0","","HONDA","XL750 Transalp","Cádiz","Andalucía","755"
"18062026","0","","ZONTES","368G","Gipuzkoa","País Vasco","368"
"18062026","0","","QJMOTOR","FORT 125 N E5+","Málaga","Andalucía","125"
"18062026","0","","YAMAHA","XSR-900","Madrid","Comunidad de Madrid","890"
"18062026","0","","HUSQVARNA","HUSQVARNA TE 300","Córdoba","Andalucía","293"
"18062026","0","","BMW","F 900 GS","Alicante/Alacant","Comunidad Valenciana","895"
"18062026","0","","HONDA","SH125i","Málaga","Andalucía","125"
"18062026","0","","BMW","R 1300 GS","Barcelona","Cataluña","1300"
"18062026","0","","PIAGGIO","VESPA PRIMAVERA 125","Madrid","Comunidad de Madrid","124"
"18062026","0","","HONDA","ST125A","Barcelona","Cataluña","124"
"18062026","0","","PIAGGIO","LIBERTY 125 ABS","Sevilla","Andalucía","124"
"18062026","0","","KYMCO","SKYTOWN 125","Navarra","Comunidad Foral de Navarra","125"
"18062026","0","","SYM","JET X","Granada","Andalucía","125"
"18062026","0","","ZONTES","368G","Granada","Andalucía","368"
"18062026","0","","HONDA","CBR 650 R","Valencia/València","Comunidad Valenciana","649"
"18062026","0","","KYMCO","DTX","Alicante/Alacant","Comunidad Valenciana","321"
"18062026","0","","ZONTES","368G","Lleida","Cataluña","368"
"18062026","0","","SCORPA","CITY CORP 125","Illes Balears","Illes Balears","125"
"18062026","0","","HONDA","FORZA 750","Barcelona","Cataluña","745"
"18062026","0","","ZONTES","125X","Sevilla","Andalucía","125"
"18062026","0","","HONDA","FORZA125","Barcelona","Cataluña","125"
"18062026","0","","HONDA","ADV 350","Madrid","Comunidad de Madrid","330"
"18062026","0","","HONDA","CB650RA","Palmas (Las)","Canarias","649"
"18062026","0","","CFMOTO","675SR-R","Barcelona","Cataluña","674"
"18062026","0","","DUCATI","MULTISTRADA V2","Palmas (Las)","Canarias","890"
"18062026","0","","ZONTES","125X","Málaga","Andalucía","125"
"18062026","0","","YAMAHA","NMAX 125","Cantabria","Cantabria","125"
"18062026","0","","HONDA","GB350S","Barcelona","Cataluña","348"
"18062026","0","","KYMCO","SUPER DINK GT 125 E5+","Badajoz","Extremadura","124"
"18062026","0","","CFMOTO","450MT","Lleida","Cataluña","449"
"18062026","0","","VOGE","R125S","Bizkaia","País Vasco","125"
"18062026","0","","ZONTES","368G","Málaga","Andalucía","368"
"18062026","0","","HONDA","PCX 125","Jaén","Andalucía","125"
"18062026","0","","HONDA","CBR 650 R","Málaga","Andalucía","649"
"18062026","0","","YAMAHA","NMAX 125","Cádiz","Andalucía","125"
"18062026","0","","TRIUMPH","TRIDENT 660 - TRIPLE T","Murcia","Región de Murcia","660"
"18062026","0","","SYM","ADX 300 TCS","Guadalajara","Castilla-La Mancha","278"
"18062026","0","","ZONTES","125X","Valencia/València","Comunidad Valenciana","125"
"18062026","0","","HONDA","SH125i","Barcelona","Cataluña","125"
"18062026","0","","ZONTES","125X","Málaga","Andalucía","125"
"18062026","0","","MITT","125 NK","Barcelona","Cataluña","124"
"18062026","0","","BMW","F 900 GS","Málaga","Andalucía","895"
"18062026","0","","HONDA","VISION 110","Gipuzkoa","País Vasco","109"
"18062026","0","","YAMAHA","NMAX 125","Alicante/Alacant","Comunidad Valenciana","125"
"18062026","0","","TRIUMPH","SCRAMBLER 900","Barcelona","Cataluña","900"
"18062026","0","","BAJAJ","PULSAR NS 400 Z","Barcelona","Cataluña","373"
"18062026","0","","PIAGGIO","LIBERTY 125 ABS","Madrid","Comunidad de Madrid","124"
"18062026","0","","YAMAHA","NMAX 125","Ávila","Castilla y León","125"
"18062026","0","","YAMAHA","XTZ 700 Tenere","Málaga","Andalucía","689"
"18062026","0","","ZONTES","368G","Sevilla","Andalucía","368"
"18062026","0","","MACBOR","EIGHT MILE 125 LC","Asturias","Principado de Asturias","124"
"18062026","0","","KAWASAKI","VULCAN S","Albacete","Castilla-La Mancha","649"
"18062026","0","","ZONTES","368G","Sevilla","Andalucía","368"
"18062026","0","","KYMCO","AGILITY S","Murcia","Región de Murcia","125"
"18062026","0","","VOGE","R125","Murcia","Región de Murcia","125"
"18062026","0","","YAMAHA","XMAX 300","Asturias","Principado de Asturias","292"
"18062026","0","","YAMAHA","MT-07","Barcelona","Cataluña","689"
"18062026","0","","HONDA","CRF1100L Africa Twin","Pontevedra","Galicia","1084"
"18062026","0","","ZONTES","125X","Bizkaia","País Vasco","125"
"18062026","0","","YAMAHA","NMAX 125","Valencia/València","Comunidad Valenciana","125"
"18062026","0","","HONDA","NX500","Sevilla","Andalucía","471"
"18062026","0","","YAMAHA","MT-125","Murcia","Región de Murcia","125"
"18062026","0","","HONDA","VISION 110","Barcelona","Cataluña","109"
"18062026","0","","ZONTES","368G","Gipuzkoa","País Vasco","368"
"18062026","0","","ZONTES","125X","Illes Balears","Illes Balears","125"
"18062026","0","","SYM","ADX 300 TCS","Gipuzkoa","País Vasco","278"
"18062026","0","","ZONTES","125X","Madrid","Comunidad de Madrid","125"
"18062026","0","","VOGE","R125S","Madrid","Comunidad de Madrid","125"
"18062026","0","","YAMAHA","NMAX 125","Almería","Andalucía","125"
"18062026","0","","HERO MOTOCORP","X PULSE 200 4V","Sevilla","Andalucía","200"
"18062026","0","","HONDA","ADV 350","Málaga","Andalucía","330"
"18062026","0","","HONDA","CBF 125","Sevilla","Andalucía","125"
"18062026","0","","BMW","F 450 GS","Barcelona","Cataluña","420"
"18062026","0","","PIAGGIO","VESPA PRIMAVERA 125","Melilla","Melilla","124"
"18062026","0","","YAMAHA","XMAX 300","Valencia/València","Comunidad Valenciana","292"
"18062026","0","","KAWASAKI","Z900","Cantabria","Cantabria","948"
"18062026","0","","LAMBRETTA","X300","Barcelona","Cataluña","275"
"18062026","0","","QJMOTOR","SRK 800","Málaga","Andalucía","778"
"18062026","0","","KEEWAY","V-CRUISE","Tarragona","Cataluña","125"
"18062026","0","","HONDA","PCX 125","Barcelona","Cataluña","125"
"18062026","0","","ZONTES","ZT125-G1","Bizkaia","País Vasco","125"
"18062026","0","","CFMOTO","800MT-X","Sevilla","Andalucía","799"
"18062026","0","","ZONTES","368D","Valencia/València","Comunidad Valenciana","368"
"18062026","0","","SUZUKI","ADDRESS 125","Alicante/Alacant","Comunidad Valenciana","124"
"18062026","0","","HONDA","ADV 350","Valencia/València","Comunidad Valenciana","330"
"18062026","0","","YAMAHA","XMAX 300","Cádiz","Andalucía","292"
"18062026","0","","HONDA","PCX 125","Málaga","Andalucía","125"
"18062026","0","","ZONTES","368G","Madrid","Comunidad de Madrid","368"
"18062026","0","","CFMOTO","1000MT-X","Barcelona","Cataluña","946"
"18062026","0","","KAWASAKI","NINJA ZX-6R","Albacete","Castilla-La Mancha","636"
"18062026","0","","HONDA","SH125i","Barcelona","Cataluña","125"
"18062026","0","","HONDA","GB350S","Girona","Cataluña","348"
"18062026","0","","ZONTES","125E","Madrid","Comunidad de Madrid","125"
"18062026","0","","HONDA","PCX 125","Madrid","Comunidad de Madrid","125"
"18062026","0","","VOGE","R125S","Santa Cruz de Tenerife","Canarias","125"
"18062026","0","","KYMCO","AGILITY S","Girona","Cataluña","125"
"18062026","0","","MOTO MORINI","ALLTRHIKE","Segovia","Castilla y León","449"
"18062026","0","","KTM","KTM 790 DUKE","Sevilla","Andalucía","799"
"18062026","0","","HONDA","SH125i","Málaga","Andalucía","125"
"18062026","0","","HONDA","PCX 125","Santa Cruz de Tenerife","Canarias","125"
"18062026","0","","ZONTES","125X","Valladolid","Castilla y León","125"
"18062026","0","","CFMOTO","1000MT-X","Pontevedra","Galicia","946"
"18062026","0","","VOGE","R125","Teruel","Aragón","125"
"18062026","0","","LETBE","S125","Santa Cruz de Tenerife","Canarias","125"
"18062026","0","","BMW","R 1300 GS ADVENTURE","Sevilla","Andalucía","1300"
"18062026","0","","YAMAHA","XTZ 700 Tenere","Alicante/Alacant","Comunidad Valenciana","689"
"18062026","0","","KYMCO","AGILITY S","Bizkaia","País Vasco","125"
"18062026","0","","KAWASAKI","Z7 HYBRID","Granada","Andalucía","451"
"18062026","0","","VOGE","R125S","Valencia/València","Comunidad Valenciana","125"
"18062026","0","","SYM","SYMPHONY 125","Málaga","Andalucía","125"
"18062026","0","","ZONTES","125X","Barcelona","Cataluña","125"
"18062026","0","","ZONTES","ZT125-U1","Madrid","Comunidad de Madrid","125"
"18062026","0","","HONDA","FORZA125","Santa Cruz de Tenerife","Canarias","125"
"18062026","0","","ZONTES","368G","Palencia","Castilla y León","368"
"18062026","0","","KOVE","KOVE 800 X GT","Madrid","Comunidad de Madrid","799"
"18062026","0","","ZONTES","125D","Alicante/Alacant","Comunidad Valenciana","125"
"18062026","0","","HONDA","SH125i","Barcelona","Cataluña","125"
"18062026","0","","BMW","C 400 GT","Barcelona","Cataluña","350"
"18062026","0","","YAMAHA","XMAX 300","Barcelona","Cataluña","292"
"18062026","0","","HONDA","SH125i","Barcelona","Cataluña","125"
"18062026","0","","LETBE","ISLAND","Almería","Andalucía","125"
"18062026","0","","HONDA","PCX 125","Cádiz","Andalucía","125"
"18062026","0","","YAMAHA","NMAX 125","Huelva","Andalucía","125"
"18062026","0","","HONDA","SH Mode 125","Gipuzkoa","País Vasco","125"
"18062026","0","","MACBOR","EIGHT MILE 125 LC","Illes Balears","Illes Balears","124"
"18062026","0","","PIAGGIO","LIBERTY 125 ABS","Melilla","Melilla","124"
"18062026","0","","BSA","BANTAM","Valencia/València","Comunidad Valenciana","334"
"18062026","0","","KYMCO","AGILITY S","Málaga","Andalucía","125"
"18062026","0","","BMW","F 450 GS","Granada","Andalucía","420"
"18062026","0","","HONDA","NX500","Madrid","Comunidad de Madrid","471"
"18062026","0","","PEUGEOT","PULSION EVO","Sevilla","Andalucía","125"
"18062026","0","","YAMAHA","NMAX 125","Cádiz","Andalucía","125"
"18062026","0","","SYM","JET 14","Cádiz","Andalucía","125"
"18062026","0","","ZONTES","125X","Cádiz","Andalucía","125"
"18062026","0","","BENELLI","TRK 702","Barcelona","Cataluña","698"
"18062026","0","","ZONTES","368G","Pontevedra","Galicia","368"
"18062026","0","","BMW","F 450 GS","Valencia/València","Comunidad Valenciana","420"
"18062026","0","","PIAGGIO","MEDLEY 125","Cantabria","Cantabria","125"
"18062026","0","","VOGE","DS800X RALLY","Barcelona","Cataluña","798"
"18062026","0","","SYM","SYMPHONY 125","Málaga","Andalucía","125"
"18062026","0","","BMW","F 900 GS ADVENTURE","Cádiz","Andalucía","895"
"18062026","0","","BMW","M 1000 XR","Girona","Cataluña","999"
"18062026","0","","HONDA","PCX 125","Málaga","Andalucía","125"
"18062026","0","","ZONTES","ZT125-U","Illes Balears","Illes Balears","125"
"18062026","0","","ZONTES","125X","Valladolid","Castilla y León","125"
"18062026","0","","ZONTES","125X","Tarragona","Cataluña","125"
"18062026","0","","VOGE","SR1ADV","Coruña (A)","Galicia","125"
"18062026","0","","BMW","F 900 GS ADVENTURE","Madrid","Comunidad de Madrid","895"
"18062026","0","","KYMCO","DTX","Cádiz","Andalucía","124"
"18062026","0","","MITT","GT-S","Asturias","Principado de Asturias","125"
"18062026","0","","ZONTES","125C","Valladolid","Castilla y León","125"
"18062026","0","","BENDA","NAPOLEON 125","Illes Balears","Illes Balears","125"
"18062026","0","","SUZUKI","GSX-S125","Murcia","Región de Murcia","124"
"18062026","0","","PIAGGIO","VESPA PRIMAVERA 125","Valencia/València","Comunidad Valenciana","124"
"18062026","0","","ZONTES","368G","Barcelona","Cataluña","368"
"18062026","0","","YAMAHA","NMAX 125","Valencia/València","Comunidad Valenciana","125"
"18062026","0","","ZONTES","368D","Madrid","Comunidad de Madrid","368"
"18062026","0","","YAMAHA","TMAX 560","Guadalajara","Castilla-La Mancha","562"
"18062026","0","","RIEJU","RALLY 307","Barcelona","Cataluña","292"
"18062026","0","","ANDES","U3(125)","Pontevedra","Galicia","124"
"18062026","0","","YAMAHA","XMAX 300","Valencia/València","Comunidad Valenciana","292"
"18062026","0","","ZONTES","125C","Madrid","Comunidad de Madrid","125"
"18062026","0","","BMW","F 800 GS","Almería","Andalucía","895"
"18062026","0","","YAMAHA","NMAX 125","Albacete","Castilla-La Mancha","125"
"18062026","0","","YAMAHA","MT-125","Valencia/València","Comunidad Valenciana","125"
"18062026","0","","HONDA","SH350i","Barcelona","Cataluña","330"
"18062026","0","","ZONTES","125X","Córdoba","Andalucía","125"
"18062026","0","","MH MOTORCYCLES","TRAY","Burgos","Castilla y León","125"
"18062026","0","","YAMAHA","RayZR 125","Valencia/València","Comunidad Valenciana","125"
"18062026","0","","SYM","SYMPHONY 125","Girona","Cataluña","125"
"18062026","0","","ZONTES","368G","Palmas (Las)","Canarias","368"
"18062026","0","","HONDA","PCX 125","Barcelona","Cataluña","125"
"18062026","0","","SYM","JET 14","Rioja (La)","La Rioja","125"
"18062026","0","","BMW","F 900 R","Barcelona","Cataluña","895"
"18062026","0","","YAMAHA","R125","Valencia/València","Comunidad Valenciana","125"
"18062026","0","","KAWASAKI","Z1100","Ciudad Real","Castilla-La Mancha","1099"
"18062026","0","","ZONTES","125X","Castellón/Castelló","Comunidad Valenciana","125"
"18062026","0","","BMW","F 450 GS","Madrid","Comunidad de Madrid","420"
"18062026","0","","HONDA","GB350S","Soria","Castilla y León","348"
"18062026","0","","YAMAHA","Tracer 9 GT","Madrid","Comunidad de Madrid","890"
"18062026","0","","HONDA","PCX 125","Alicante/Alacant","Comunidad Valenciana","125"
"18062026","0","","ZONTES","125X","Valencia/València","Comunidad Valenciana","125"
"18062026","0","","YAMAHA","NMAX 125","Barcelona","Cataluña","125"
"18062026","0","","HONDA","NX500","Santa Cruz de Tenerife","Canarias","471"
"18062026","0","","ZONTES","125X","Málaga","Andalucía","125"
"18062026","0","","VOGE","DS900X","Sevilla","Andalucía","895"
"18062026","0","","ZONTES","125C","Córdoba","Andalucía","125"
"18062026","0","","ROYAL ENFIELD","INTERCEPTOR BEAR 650","Valencia/València","Comunidad Valenciana","648"
"18062026","0","","HONDA","CB1000SP","Alicante/Alacant","Comunidad Valenciana","1000"
"18062026","0","","TRIUMPH","TIGER 900 GT PRO","Barcelona","Cataluña","888"
"18062026","0","","ZONTES","368G","Madrid","Comunidad de Madrid","368"
"18062026","0","","BENDA","LFC700","Granada","Andalucía","680"
"18062026","0","","TRIUMPH","TRIDENT 660 - TRIPLE T","Sevilla","Andalucía","660"
"18062026","0","","VOGE","DS900X","Granada","Andalucía","895"
"18062026","0","","MITT","GT-S","Bizkaia","País Vasco","125"
"18062026","0","","HONDA","NX500","Illes Balears","Illes Balears","471"
"18062026","0","","BMW","S 1000 RR","Málaga","Andalucía","999"
"18062026","0","","QJMOTOR","ATR 125 E5+","Almería","Andalucía","125"
"18062026","0","","PIAGGIO","VESPA GTS 125","Madrid","Comunidad de Madrid","125"
"18062026","0","","HONDA","FORZA125","Málaga","Andalucía","125"
"18062026","0","","ZONTES","125X","Madrid","Comunidad de Madrid","125"
"18062026","0","","VOGE","DS900X","Guadalajara","Castilla-La Mancha","895"
"18062026","0","","ZONTES","ZT125-Z2","Zaragoza","Aragón","125"
"18062026","0","","KYMCO","AGILITY S","Illes Balears","Illes Balears","125"
"18062026","0","","KAWASAKI","Z650","Castellón/Castelló","Comunidad Valenciana","649"
"18062026","0","","VOGE","R125S","Huelva","Andalucía","125"
"18062026","0","","YAMAHA","MT-07","Sevilla","Andalucía","689"
"18062026","0","","VOGE","DS800X RALLY","Madrid","Comunidad de Madrid","798"
"18062026","0","","HONDA","PCX 125","Valencia/València","Comunidad Valenciana","125"
"18062026","0","","HONDA","CB650RA","Palmas (Las)","Canarias","649"
"18062026","0","","PIAGGIO","VESPA PRIMAVERA 125","Cantabria","Cantabria","124"
"18062026","0","","HONDA","SH125i","Girona","Cataluña","125"
"18062026","0","","SYM","SYMPHONY 125","Barcelona","Cataluña","125"
"18062026","0","","QJMOTOR","MTX 125 E5+","Barcelona","Cataluña","125"
"18062026","0","","SYM","SYMPHONY 125","Barcelona","Cataluña","125"
"18062026","0","","BMW","C 400 X","Zaragoza","Aragón","350"
"18062026","0","","YAMAHA","TMAX 560","Sevilla","Andalucía","562"
"18062026","0","","ZONTES","125E","Valladolid","Castilla y León","125"
"18062026","0","","HONDA","PCX 125","Valencia/València","Comunidad Valenciana","125"
"18062026","0","","HONDA","FORZA 350","Sevilla","Andalucía","330"
"18062026","0","","MH MOTORCYCLES","TRAY","Murcia","Región de Murcia","125"
"18062026","0","","VOGE","DS900X","Málaga","Andalucía","895"
"18062026","0","","TRIUMPH","SCRAMBLER 1200 XE","Palmas (Las)","Canarias","1200"
"18062026","0","","SYM","SYMPHONY 125","Barcelona","Cataluña","125"
"18062026","0","","SUZUKI","AVENIS 125","Illes Balears","Illes Balears","124"
"18062026","0","","HONDA","CB650RA","Valencia/València","Comunidad Valenciana","649"
"18062026","0","","SYM","SYMPHONY 125","Barcelona","Cataluña","125"
"18062026","0","","YAMAHA","TMAX 560","Granada","Andalucía","562"
"18062026","0","","PIAGGIO","MEDLEY 125","Gipuzkoa","País Vasco","125"
"18062026","0","","HONDA","ADV 350","Madrid","Comunidad de Madrid","330"
"18062026","0","","YAMAHA","XSR-125","Valencia/València","Comunidad Valenciana","125"
"18062026","0","","KAWASAKI","NINJA 500","Madrid","Comunidad de Madrid","451"
"18062026","0","","KAWASAKI","Z650","Illes Balears","Illes Balears","649"
"18062026","0","","ZONTES","368G","Barcelona","Cataluña","368"
"18062026","0","","YAMAHA","NMAX 125","Pontevedra","Galicia","125"
"18062026","0","","BMW","F 900 XR","Zaragoza","Aragón","895"
"18062026","0","","HONDA","CB650RA","Asturias","Principado de Asturias","649"
"18062026","0","","CFMOTO","450MT","Cáceres","Extremadura","449"
"18062026","0","","SUZUKI","AVENIS 125","Illes Balears","Illes Balears","124"
"18062026","0","","HONDA","FORZA125","Cádiz","Andalucía","125"
"18062026","0","","VOGE","DS900X","Murcia","Región de Murcia","895"
"18062026","0","","HONDA","PCX 125","Sevilla","Andalucía","125"
"18062026","0","","HONDA","CB 125 F","Guadalajara","Castilla-La Mancha","124"
"18062026","0","","ZONTES","125X","Madrid","Comunidad de Madrid","125"
"18062026","0","","YAMAHA","NMAX 125","Barcelona","Cataluña","125"
"18062026","0","","HONDA","PCX 125","Sevilla","Andalucía","125"
"18062026","0","","KAWASAKI","Z1100","Almería","Andalucía","1099"
"18062026","0","","MITT","TY125T-26G","Cádiz","Andalucía","125"
"18062026","0","","ZONTES","368G","Barcelona","Cataluña","368"
"18062026","0","","VOGE","625DSX","Burgos","Castilla y León","581"
"18062026","0","","YAMAHA","XMAX 125","Tarragona","Cataluña","125"
"18062026","0","","QJMOTOR","SRT 600 SX E5+","Asturias","Principado de Asturias","554"
"18062026","0","","ZONTES","368G","Barcelona","Cataluña","368"
"18062026","0","","ZONTES","368E","Madrid","Comunidad de Madrid","368"
"18062026","0","","PIAGGIO","VESPA PRIMAVERA 125","Ceuta","Ceuta","124"
"18062026","0","","YAMAHA","NMAX 125","Valencia/València","Comunidad Valenciana","125"
"18062026","0","","DUCATI","MULTISTRADA V2","Ourense","Galicia","890"
"18062026","0","","YAMAHA","TMAX 560","Ceuta","Ceuta","562"
"18062026","0","","VOGE","SR16","Barcelona","Cataluña","125"
"18062026","0","","KYMCO","SUPER DINK GT 125 E5+","Sevilla","Andalucía","124"
"18062026","0","","KAWASAKI","NINJA 500","Madrid","Comunidad de Madrid","451"
"18062026","0","","MITT","TY125T-26G","Huelva","Andalucía","125"
"18062026","0","","CYCLONE","RA125 PLUS","Cádiz","Andalucía","124"
"18062026","0","","HONDA","FORZA125","Barcelona","Cataluña","125"
"18062026","0","","VOGE","DS900X","Badajoz","Extremadura","895"
"18062026","0","","VOGE","DS800X RALLY","Barcelona","Cataluña","798"
"18062026","0","","PIAGGIO","VESPA GTS 125","Madrid","Comunidad de Madrid","125"
"18062026","0","","SYM","JET X","Barcelona","Cataluña","125"
"18062026","0","","YAMAHA","YZF-R9","Madrid","Comunidad de Madrid","890"
"18062026","0","","MITT","TY125T-58E","Sevilla","Andalucía","125"
"18062026","0","","SYM","SYMPHONY 125","Barcelona","Cataluña","125"
"18062026","0","","SYM","JET 14","Guadalajara","Castilla-La Mancha","125"
"18062026","0","","QJMOTOR","FORT 125 N E5+","Cantabria","Cantabria","125"
"18062026","0","","KAWASAKI","KLE500","Asturias","Principado de Asturias","451"
"18062026","0","","KAWASAKI","NINJA 125","Madrid","Comunidad de Madrid","125"
"18062026","0","","ZONTES","125X","Ávila","Castilla y León","125"
"18062026","0","","QJMOTOR","ATR 125 E5+","Málaga","Andalucía","125"
"18062026","0","","HONDA","NC 750 X","Bizkaia","País Vasco","745"
"18062026","0","","ZONTES","125E","Barcelona","Cataluña","125"
"18062026","0","","MORBIDELLI","F125","Bizkaia","País Vasco","125"
"18062026","0","","YAMAHA","NMAX 125","Valencia/València","Comunidad Valenciana","125"
"18062026","0","","MACBOR","ROCKSTER 125 EVO E5+","Zaragoza","Aragón","125"
"18062026","0","","SYM","SYMPHONY 125","Girona","Cataluña","125"
"18062026","0","","YAMAHA","XMAX 125","Castellón/Castelló","Comunidad Valenciana","125"
"18062026","0","","KYMCO","DTX","Tarragona","Cataluña","124"
"18062026","0","","BMW","F 900 R","Alicante/Alacant","Comunidad Valenciana","895"
"18062026","0","","PIAGGIO","VESPA GTS 125","Madrid","Comunidad de Madrid","125"
"18062026","0","","ZONTES","125X","Rioja (La)","La Rioja","125"
"18062026","0","","ZONTES","368G","Madrid","Comunidad de Madrid","368"
"18062026","0","","YAMAHA","NMAX 125","Valladolid","Castilla y León","125"
"18062026","0","","VOGE","DS900X","Madrid","Comunidad de Madrid","895"
"18062026","0","","ZONTES","125E","Sevilla","Andalucía","125"
"18062026","0","","VOGE","DS800X RALLY","Cádiz","Andalucía","798"
"18062026","0","","HONDA","FORZA125","Asturias","Principado de Asturias","125"
"18062026","0","","ZONTES","368G","Asturias","Principado de Asturias","368"
"18062026","0","","ZONTES","368G","Madrid","Comunidad de Madrid","368"
"18062026","0","","HONDA","VISION 110","Gipuzkoa","País Vasco","109"
"18062026","0","","HONDA","FORZA 750","Zaragoza","Aragón","745"
"18062026","0","","BMW","K 1600 GTL","Pontevedra","Galicia","1649"
"18062026","0","","PEUGEOT","DJANGO","Murcia","Región de Murcia","125"
"18062026","0","","SUZUKI","V-Strom 800","Asturias","Principado de Asturias","776"
"18062026","0","","KAWASAKI","Z500","Sevilla","Andalucía","451"
"18062026","0","","HONDA","SH125i","Málaga","Andalucía","125"
"18062026","0","","MOTRON MOTORRAD","IDEO","Badajoz","Extremadura","125"
"18062026","0","","YAMAHA","XTZ 700 Tenere","Huelva","Andalucía","689"
"18062026","0","","ROYAL ENFIELD","INTERCEPTOR BEAR 650","Córdoba","Andalucía","648"
"18062026","0","","VOGE","R125S","Lleida","Cataluña","125"
"18062026","0","","HONDA","PCX 125","Málaga","Andalucía","125"
"18062026","0","","ZONTES","125X","Zaragoza","Aragón","125"
"18062026","0","","SYM","SYMPHONY 125","Barcelona","Cataluña","125"
"18062026","0","","ZONTES","703F","Cáceres","Extremadura","699"
"18062026","0","","ZONTES","125E","Barcelona","Cataluña","125"
"18062026","0","","BMW","R 1300 GS ADVENTURE","Valencia/València","Comunidad Valenciana","1300"
"18062026","0","","YAMAHA","NMAX 125","Tarragona","Cataluña","125"
"18062026","0","","KYMCO","PEOPLE S 125 E5+","Gipuzkoa","País Vasco","125"
"18062026","0","","RIEJU","NKD 125","Castellón/Castelló","Comunidad Valenciana","124"
"18062026","0","","VOGE","DS525X","Illes Balears","Illes Balears","494"
"18062026","0","","PIAGGIO","LIBERTY 125 ABS","Madrid","Comunidad de Madrid","124"
"18062026","0","","ZONTES","703F","Valladolid","Castilla y León","699"
"18062026","0","","BAJAJ","PULSAR NS 125","Barcelona","Cataluña","124"
"18062026","0","","ZONTES","368G","Barcelona","Cataluña","368"
"18062026","0","","ZONTES","125X","Cádiz","Andalucía","125"
"18062026","0","","HONDA","PCX 125","Gipuzkoa","País Vasco","125"
"18062026","0","","SYM","ADX 125 LC TCS E5+","Lleida","Cataluña","125"
"18062026","0","","MITT","125GTS","Sevilla","Andalucía","125"
"18062026","0","","ZONTES","125X","Barcelona","Cataluña","125"
"18062026","0","","CFMOTO","800MT-X","Alicante/Alacant","Comunidad Valenciana","799"
"18062026","0","","YAMAHA","NMAX 125","Barcelona","Cataluña","125"
"18062026","0","","CFMOTO","675NK","Madrid","Comunidad de Madrid","674"
"18062026","0","","MITT","TY125T-26G","Valencia/València","Comunidad Valenciana","125"
"18062026","0","","HONDA","C125A","Madrid","Comunidad de Madrid","124"
"18062026","0","","BMW","F 800 GS","Valencia/València","Comunidad Valenciana","895"
"18062026","0","","HONDA","PCX 125","Gipuzkoa","País Vasco","125"
"18062026","0","","PIAGGIO","VESPA GTS 125","Alicante/Alacant","Comunidad Valenciana","125"
"18062026","0","","HONDA","PCX 125","Santa Cruz de Tenerife","Canarias","125"
"18062026","0","","SYM","SYMPHONY 125","Barcelona","Cataluña","125"
"18062026","0","","APRILIA","SR GT 125","Palmas (Las)","Canarias","125"
"18062026","0","","CFMOTO","125 NK","Tarragona","Cataluña","124"
"18062026","0","","ZONTES","125D","Barcelona","Cataluña","125"
"18062026","0","","ZONTES","368G","Asturias","Principado de Asturias","368"
"18062026","0","","QJMOTOR","SRV 125 E5+","Girona","Cataluña","125"
"18062026","0","","ZONTES","125X","Sevilla","Andalucía","125"
"18062026","0","","YAMAHA","NMAX 125","Barcelona","Cataluña","125"
"18062026","0","","ZONTES","125X","Cádiz","Andalucía","125"
"18062026","0","","HONDA","PCX 125","Asturias","Principado de Asturias","125"
"18062026","0","","KYMCO","DTX","Ourense","Galicia","321"
"18062026","0","","BMW","R 12 NINET","Coruña (A)","Galicia","1170"
"18062026","0","","HONDA","CBR650RA","Santa Cruz de Tenerife","Canarias","649"
"18062026","0","","KYMCO","SUPER DINK GT 125 E5+","Zaragoza","Aragón","124"
"18062026","0","","ZONTES","125X","Valladolid","Castilla y León","125"
"18062026","0","","SYM","ADX 300 TCS","Santa Cruz de Tenerife","Canarias","278"
"18062026","0","","SYM","SYMPHONY 125","Barcelona","Cataluña","125"
"18062026","0","","KAWASAKI","VERSYS 1100","Salamanca","Castilla y León","1099"
"18062026","0","","CYCLONE","RX2","Murcia","Región de Murcia","124"
"18062026","0","","YAMAHA","NMAX 125","Illes Balears","Illes Balears","125"
"18062026","0","","YAMAHA","XMAX 125","Illes Balears","Illes Balears","125"
"18062026","0","","KYMCO","SUPER DINK GT","Barcelona","Cataluña","321"
"18062026","0","","ZONTES","368G","Madrid","Comunidad de Madrid","368"
"18062026","0","","VOGE","SR1","Pontevedra","Galicia","125"
"18062026","0","","BMW","F 800 GS","Guadalajara","Castilla-La Mancha","895"
"18062026","0","","PIAGGIO","BEVERLY 400 HPE","Madrid","Comunidad de Madrid","399"
"18062026","0","","HONDA","ADV 350","Barcelona","Cataluña","330"
"18062026","0","","CFMOTO","675SR-R","Illes Balears","Illes Balears","674"
"18062026","0","","ZONTES","368G","Alicante/Alacant","Comunidad Valenciana","368"
"18062026","0","","HONDA","PCX 125","Cádiz","Andalucía","125"
"18062026","0","","VOGE","SR1ADV","Navarra","Comunidad Foral de Navarra","125"
"18062026","0","","ZONTES","125X","Málaga","Andalucía","125"
"18062026","0","","PIAGGIO","MEDLEY 125","Málaga","Andalucía","125"
"18062026","0","","VOGE","DS525X","Zaragoza","Aragón","494"
"18062026","0","","HONDA","CRF1100L Africa Twin","Guadalajara","Castilla-La Mancha","1084"
"18062026","0","","YAMAHA","XTZ 700 Tenere","Almería","Andalucía","689"
"18062026","0","","PIAGGIO","MEDLEY 125","Madrid","Comunidad de Madrid","125"
"18062026","0","","ZONTES","125X","Barcelona","Cataluña","125"
"18062026","0","","LAMBRETTA","V125 SPECIAL FLEX","Cantabria","Cantabria","125"
"18062026","0","","QJMOTOR","SRV 125 E5+","Madrid","Comunidad de Madrid","125"
"18062026","0","","VOGE","SR1ADV","Madrid","Comunidad de Madrid","125"
"18062026","0","","VOGE","SR1ADV","Illes Balears","Illes Balears","125"
"18062026","0","","HONDA","CB750 Hornet","Murcia","Región de Murcia","755"
"18062026","0","","CFMOTO","DUAL250","Valencia/València","Comunidad Valenciana","249"
"18062026","0","","MACBOR","MONTANA XR5 510 E5+","Girona","Cataluña","498"
"18062026","0","","QJMOTOR","SRK 125 S E5+","Asturias","Principado de Asturias","125"
"18062026","0","","PEUGEOT","KISBEE M","Granada","Andalucía","125"
"18062026","0","","KTM","KTM 125 DUKE","Coruña (A)","Galicia","125"
"18062026","0","","ZONTES","703RR","Córdoba","Andalucía","699"
"18062026","0","","SYM","JET 14","Málaga","Andalucía","125"
"18062026","0","","VOGE","DS900X","Barcelona","Cataluña","895"
"18062026","0","","HONDA","FORZA125","Illes Balears","Illes Balears","125"
"18062026","0","","ZONTES","368E","Madrid","Comunidad de Madrid","368"
"18062026","0","","ZONTES","ZT125-Z2","Barcelona","Cataluña","125"
"18062026","0","","YAMAHA","NMAX 125","Granada","Andalucía","125"
"18062026","0","","YAMAHA","WR125","Zaragoza","Aragón","125"
"18062026","0","","HONDA","PCX 125","Castellón/Castelló","Comunidad Valenciana","125"
"18062026","0","","VOGE","DS800X RALLY","Barcelona","Cataluña","798"
"18062026","0","","BMW","S 1000 RR","León","Castilla y León","999"
"18062026","0","","SUZUKI","GSX-8S","Granada","Andalucía","776"
"18062026","0","","YAMAHA","R125","Madrid","Comunidad de Madrid","125"
"18062026","0","","BMW","S 1000 RR","Barcelona","Cataluña","999"
"18062026","0","","APRILIA","SR GT 200","Madrid","Comunidad de Madrid","174"
"18062026","0","","VOGE","DS900X","Navarra","Comunidad Foral de Navarra","895"
"18062026","0","","CYCLONE","RX2","Almería","Andalucía","124"
"18062026","0","","SUZUKI","ADDRESS 125","Tarragona","Cataluña","124"
"18062026","0","","ZONTES","125X","Barcelona","Cataluña","125"
"18062026","0","","SYM","SYMPHONY 125","Cantabria","Cantabria","125"
"18062026","0","","YAMAHA","XMAX 300","Murcia","Región de Murcia","292"
"18062026","0","","HONDA","ADV 750","Santa Cruz de Tenerife","Canarias","745"
"18062026","0","","ZONTES","368G","Barcelona","Cataluña","368"
"18062026","0","","YAMAHA","XMAX 125","Málaga","Andalucía","125"
"18062026","0","","HONDA","Rebel 500","Valencia/València","Comunidad Valenciana","471"
"18062026","0","","MITT","TY125T-26F","Madrid","Comunidad de Madrid","125"
"18062026","0","","ZONTES","125X","Madrid","Comunidad de Madrid","125"
"18062026","0","","YAMAHA","XTZ 700 Tenere","Huelva","Andalucía","689"
"18062026","3","","VOGE","DS800X RALLY","Madrid","Comunidad de Madrid","798"
"18062026","0","","ZONTES","368G","Alicante/Alacant","Comunidad Valenciana","368"
"18062026","0","","SYM","JET 14","Valencia/València","Comunidad Valenciana","125"
"18062026","0","","YAMAHA","MT-07","Madrid","Comunidad de Madrid","689"
"18062026","0","","YAMAHA","RayZR 125","Murcia","Región de Murcia","125"
"18062026","0","","YAMAHA","NMAX 125","Barcelona","Cataluña","125"
"18062026","0","","ZONTES","125X","Barcelona","Cataluña","125"
"18062026","0","","VOGE","DS900X","Granada","Andalucía","895"
"18062026","0","","ZONTES","125X","Sevilla","Andalucía","125"
"18062026","0","","VOGE","DS800X RALLY","Alicante/Alacant","Comunidad Valenciana","798"
"18062026","0","","BMW","C 400 X","Alicante/Alacant","Comunidad Valenciana","350"
"18062026","0","","ZONTES","125C","Cantabria","Cantabria","125"
"18062026","0","","KOVE","KOVE 800 X GT","Málaga","Andalucía","799"
"18062026","0","","MITT","125 DESERT","Jaén","Andalucía","125"
"18062026","0","","YAMAHA","R7","Barcelona","Cataluña","689"
"18062026","0","","YAMAHA","XMAX 125","Sevilla","Andalucía","125"
"18062026","0","","RIEJU","NKD 125","Murcia","Región de Murcia","124"
"18062026","0","","BMW","M 1000 XR","Barcelona","Cataluña","999"
"18062026","0","","SYM","SYMPHONY 125","Girona","Cataluña","125"
"18062026","0","","KYMCO","AGILITY S","Málaga","Andalucía","125"
"18062026","0","","SUZUKI","AVENIS 125","Illes Balears","Illes Balears","124"
"18062026","0","","YAMAHA","NMAX 125","Madrid","Comunidad de Madrid","125"
"18062026","0","","HONDA","ADV 350","Málaga","Andalucía","330"
"18062026","0","","ZONTES","125X","Málaga","Andalucía","125"
"18062026","0","","KYMCO","AGILITY S","Barcelona","Cataluña","125"
"18062026","0","","ZONTES","368G","Madrid","Comunidad de Madrid","368"
"18062026","0","","HONDA","PCX 125","Bizkaia","País Vasco","125"
"18062026","0","","QJMOTOR","SRK 125 R E5+","Tarragona","Cataluña","125"
"18062026","0","","PIAGGIO","VESPA GTS","Madrid","Comunidad de Madrid","278"
"18062026","0","","KAWASAKI","NINJA 500","Madrid","Comunidad de Madrid","451"
"18062026","0","","ANDES","U3(125)","Barcelona","Cataluña","124"
"18062026","0","","VOGE","R125S","Murcia","Región de Murcia","125"
"18062026","0","","BMW","F 900 GS","Girona","Cataluña","895"
"18062026","0","","KOVE","KOVE 800 X GT","Madrid","Comunidad de Madrid","799"
"18062026","0","","ZONTES","125X","Alicante/Alacant","Comunidad Valenciana","125"
"18062026","0","","HONDA","FORZA125","Santa Cruz de Tenerife","Canarias","125"
"18062026","0","","HONDA","SH125i","Málaga","Andalucía","125"
"18062026","0","","HONDA","PCX 125","Bizkaia","País Vasco","125"
"18062026","0","","APRILIA","RS 125","Coruña (A)","Galicia","124"
"18062026","0","","SUZUKI","GSX-S 1000","Palmas (Las)","Canarias","999"
"18062026","0","","APRILIA","SR GT 125","Barcelona","Cataluña","125"
"18062026","0","","YAMAHA","MT-09","Cádiz","Andalucía","890"
"18062026","0","","SYM","SYMPHONY 125","Navarra","Comunidad Foral de Navarra","125"
"18062026","0","","MITT","TY125T-58E","Asturias","Principado de Asturias","125"
"18062026","0","","QJMOTOR","MTX 125 E5+","Girona","Cataluña","125"
"18062026","0","","YAMAHA","NMAX 125","Barcelona","Cataluña","125"
"18062026","0","","APRILIA","SR GT 125","Illes Balears","Illes Balears","125"
"18062026","0","","QJMOTOR","FORT 125 N E5+","Barcelona","Cataluña","125"
"18062026","0","","YAMAHA","TMAX 560","Tarragona","Cataluña","562"
"18062026","0","","APRILIA","SR GT 125","Barcelona","Cataluña","125"
"18062026","0","","ZONTES","125X","Barcelona","Cataluña","125"
"18062026","0","","YAMAHA","MT-125","Navarra","Comunidad Foral de Navarra","125"
"18062026","0","","YAMAHA","NMAX 125","Valladolid","Castilla y León","125"
"18062026","0","","YAMAHA","NMAX 125","Murcia","Región de Murcia","125"
"18062026","0","","YAMAHA","YZF-R9","Tarragona","Cataluña","890"
"18062026","0","","ZONTES","125X","Cuenca","Castilla-La Mancha","125"
"18062026","0","","HONDA","SH125i","Barcelona","Cataluña","125"
"18062026","0","","ZONTES","703F","Guadalajara","Castilla-La Mancha","699"
"18062026","0","","YAMAHA","YZF-R3","Barcelona","Cataluña","321"
"18062026","0","","ZONTES","125C","Alicante/Alacant","Comunidad Valenciana","125"
"18062026","0","","VOGE","SR1ADV","Illes Balears","Illes Balears","125"
"18062026","0","","CFMOTO","DUAL250","Asturias","Principado de Asturias","249"
"18062026","0","","ZONTES","703RR","Valencia/València","Comunidad Valenciana","699"
"18062026","0","","ZONTES","125X","Madrid","Comunidad de Madrid","124"
"18062026","0","","KTM","KTM 1390 SUPER DUKE R","Alicante/Alacant","Comunidad Valenciana","1350"
"18062026","0","","PEUGEOT","KISBEE M","Murcia","Región de Murcia","125"
"18062026","0","","SYM","ADX 300 TCS","Coruña (A)","Galicia","278"
"18062026","0","","ZONTES","125X","Barcelona","Cataluña","125"
"18062026","0","","ZONTES","125X","Madrid","Comunidad de Madrid","125"
"18062026","0","","HONDA","PCX 125","Cádiz","Andalucía","125"
"18062026","0","","SYM","SYMPHONY 125","Barcelona","Cataluña","125"
"18062026","0","","TRIUMPH","TIGER 900 GT PRO","Barcelona","Cataluña","888"
"18062026","0","","PEUGEOT","KISBEE M","Alicante/Alacant","Comunidad Valenciana","125"
"18062026","0","","HONDA","VISION 110","Granada","Andalucía","109"
"18062026","0","","ZONTES","125X","Illes Balears","Illes Balears","125"
"18062026","0","","ZONTES","125X","Barcelona","Cataluña","125"
"18062026","0","","ZONTES","125X","Sevilla","Andalucía","125"
"18062026","0","","HARLEY-DAVIDSON","NIGHTSTER SPECIAL","Barcelona","Cataluña","975"
"18062026","0","","PEUGEOT","DJANGO","Madrid","Comunidad de Madrid","125"
"18062026","0","","YAMAHA","Tracer 9 GT","Zaragoza","Aragón","890"
"18062026","0","","PIAGGIO","VESPA PRIMAVERA 125","Jaén","Andalucía","124"
"18062026","0","","KYMCO","SUPER DINK GT 125 E5+","Teruel","Aragón","124"
"18062026","0","","HONDA","ADV 350","Girona","Cataluña","330"
"18062026","0","","SYM","SYMPHONY 125","Pontevedra","Galicia","125"
"18062026","0","","ZONTES","125X","Alicante/Alacant","Comunidad Valenciana","125"
"18062026","0","","SYM","SYMPHONY 125","Barcelona","Cataluña","125"
"18062026","0","","VOGE","625DSX","Girona","Cataluña","581"
"18062026","0","","HONDA","PCX 125","Cantabria","Cantabria","125"
"18062026","0","","ZONTES","125X","Valencia/València","Comunidad Valenciana","125"
"18062026","0","","HONDA","ADV 350","Málaga","Andalucía","330"
"18062026","0","","BMW","F 450 GS","Málaga","Andalucía","420"
"18062026","0","","KYMCO","DTX","Valencia/València","Comunidad Valenciana","124"
"18062026","0","","HONDA","PCX 125","Córdoba","Andalucía","125"
"18062026","0","","YAMAHA","MT-09","Barcelona","Cataluña","890"
"18062026","0","","CYCLONE","RX2","Ciudad Real","Castilla-La Mancha","124"
"18062026","0","","VOGE","DS900X","Madrid","Comunidad de Madrid","895"
"18062026","0","","YAMAHA","TMAX 560","Pontevedra","Galicia","562"
"18062026","0","","HONDA","FORZA 750","Pontevedra","Galicia","745"
"18062026","0","","YAMAHA","RayZR 125","Gipuzkoa","País Vasco","125"
"18062026","0","","VOGE","DS800X RALLY","Granada","Andalucía","798"
"18062026","0","","CYCLONE","RX2","Barcelona","Cataluña","124"
"18062026","0","","BMW","C 400 X","Málaga","Andalucía","350"
"18062026","0","","KAWASAKI","Z900","Cádiz","Andalucía","948"
"18062026","0","","YAMAHA","NMAX 125","Ourense","Galicia","125"
"18062026","0","","ZONTES","368G","Murcia","Región de Murcia","368"
"18062026","0","","SYM","SYMPHONY 125","Granada","Andalucía","125"
"18062026","0","","SYM","JET 14","Córdoba","Andalucía","125"
"18062026","0","","ZONTES","125E","Pontevedra","Galicia","125"
"18062026","0","","CFMOTO","800MT-X","Madrid","Comunidad de Madrid","799"
"18062026","0","","KAWASAKI","NINJA ZX-6R","Toledo","Castilla-La Mancha","636"
"18062026","0","","KYMCO","AGILITY S","Barcelona","Cataluña","125"
"18062026","0","","ZONTES","125C","Madrid","Comunidad de Madrid","125"
"18062026","0","","ZONTES","368G","Granada","Andalucía","368"
"18062026","0","","ZONTES","125X","Málaga","Andalucía","125"
"18062026","0","","YAMAHA","NMAX 125","Almería","Andalucía","125"
"18062026","0","","MOTO MORINI","X-CAPE 1200","Barcelona","Cataluña","1187"
"18062026","0","","PEUGEOT","KISBEE M","Madrid","Comunidad de Madrid","125"
"18062026","0","","HONDA","SH125i","Barcelona","Cataluña","125"
"18062026","0","","QJMOTOR","FORT 125 N E5+","Barcelona","Cataluña","125"
"18062026","0","","ZONTES","125X","Málaga","Andalucía","125"
"18062026","0","","HONDA","VISION 110","Córdoba","Andalucía","109"
"18062026","0","","BMW","F 900 XR","Gipuzkoa","País Vasco","895"
"18062026","0","","ZONTES","ZT125-U1","Alicante/Alacant","Comunidad Valenciana","125"
"18062026","0","","YAMAHA","XMAX 125","Barcelona","Cataluña","125"
"18062026","0","","PIAGGIO","VESPA PRIMAVERA 125","Madrid","Comunidad de Madrid","124"
"18062026","0","","YAMAHA","XMAX 125","Cantabria","Cantabria","125"
"18062026","0","","HONDA","FORZA125","Barcelona","Cataluña","125"
"18062026","0","","ZONTES","125X","Murcia","Región de Murcia","125"
"18062026","0","","HONDA","VISION 110","Girona","Cataluña","109"
"18062026","0","","VOGE","625DSX","Málaga","Andalucía","581"
"18062026","0","","ZONTES","125X","Huelva","Andalucía","125"
"18062026","0","","PIAGGIO","VESPA PRIMAVERA 125","Madrid","Comunidad de Madrid","124"
"18062026","0","","HONDA","SH350i","Girona","Cataluña","330"
"18062026","0","","HONDA","ADV 350","Valencia/València","Comunidad Valenciana","330"
"18062026","0","","BMW","R 1300 GS ADVENTURE","Lugo","Galicia","1300"
"18062026","0","","ZONTES","ZT125-Z2","Madrid","Comunidad de Madrid","125"
"18062026","0","","VOGE","DS800X RALLY","Tarragona","Cataluña","798"
"18062026","0","","APRILIA","RS 660","Barcelona","Cataluña","659"
"18062026","0","","VOGE","R125S","Valencia/València","Comunidad Valenciana","125"
"18062026","0","","MITT","TY125T-26G","Barcelona","Cataluña","125"
"18062026","0","","BMW","F 900 GS","Cádiz","Andalucía","895"
"18062026","0","","HONDA","VISION 110","Lugo","Galicia","109"
"18062026","0","","CFMOTO","800MT","Cádiz","Andalucía","799"
"18062026","0","","PIAGGIO","VESPA PRIMAVERA 125","Cádiz","Andalucía","124"
"18062026","0","","BAJAJ","PULSAR NS 400 Z","Illes Balears","Illes Balears","373"
"18062026","0","","SYM","SYMPHONY 125","Girona","Cataluña","125"
"18062026","0","","ZONTES","125X","Málaga","Andalucía","125"
"18062026","0","","KAWASAKI","Z500","Illes Balears","Illes Balears","451"
"18062026","0","","SYM","SYMPHONY 125","Alicante/Alacant","Comunidad Valenciana","125"
"18062026","0","","YAMAHA","YZF-R3","Madrid","Comunidad de Madrid","321"
"18062026","0","","KEEWAY","GEMMA","Badajoz","Extremadura","117"
"18062026","0","","BMW","F 450 GS","Bizkaia","País Vasco","420"
"18062026","0","","ROYAL ENFIELD","INTERCEPTOR BEAR 650","Almería","Andalucía","648"
"18062026","0","","SYM","JET 14","Madrid","Comunidad de Madrid","125"
"18062026","0","","CYCLONE","RA125 PLUS","Zaragoza","Aragón","124"
"18062026","0","","VOGE","DS525X","Asturias","Principado de Asturias","494"
"18062026","0","","ZONTES","125X","Sevilla","Andalucía","125"
"18062026","0","","HONDA","NC 750 X","Tarragona","Cataluña","745"
"18062026","0","","ZONTES","368K","Palmas (Las)","Canarias","368"
"18062026","0","","HONDA","XL750 Transalp","Coruña (A)","Galicia","755"
"18062026","0","","KAWASAKI","Z650","Asturias","Principado de Asturias","649"
"18062026","0","","ZONTES","368G","Córdoba","Andalucía","368"
"18062026","0","","HONDA","SH125i","Barcelona","Cataluña","125"
"18062026","0","","KYMCO","DTX","Barcelona","Cataluña","124"
"18062026","0","","VOGE","SR1ADV","Illes Balears","Illes Balears","125"
"18062026","0","","HONDA","CBR 650 R","Coruña (A)","Galicia","649"
"18062026","0","","HONDA","ADV 750","Santa Cruz de Tenerife","Canarias","745"
"18062026","0","","KYMCO","AGILITY S","Barcelona","Cataluña","125"
"18062026","0","","KYMCO","AGILITY S","Barcelona","Cataluña","125"
"18062026","0","","ZONTES","368G","Barcelona","Cataluña","368"
"18062026","0","","APRILIA","SR GT 125","Jaén","Andalucía","125"
"18062026","0","","APRILIA","SR GT 125","Cádiz","Andalucía","125"
"18062026","0","","HONDA","ST125A","Murcia","Región de Murcia","124"
"18062026","0","","SYM","SYMPHONY 125","Santa Cruz de Tenerife","Canarias","125"
"18062026","0","","VOGE","625DSX","Sevilla","Andalucía","581"
"18062026","0","","HONDA","FORZA125","Valencia/València","Comunidad Valenciana","125"
"18062026","0","","SYM","SYMPHONY 125","Gipuzkoa","País Vasco","125"
"18062026","0","","ZONTES","125X","Málaga","Andalucía","125"
"18062026","0","","KYMCO","SKYTOWN 125","Segovia","Castilla y León","125"
"18062026","0","","JYMOTO","JY125T","Almería","Andalucía","125"
"18062026","0","","PEUGEOT","KISBEE M","Guadalajara","Castilla-La Mancha","125"
"18062026","0","","ZONTES","125X","Granada","Andalucía","125"
"18062026","0","","YAMAHA","TMAX 560","Palmas (Las)","Canarias","562"
"18062026","0","","ZONTES","125D","Palmas (Las)","Canarias","125"
"18062026","0","","ZONTES","368G","Barcelona","Cataluña","368"
"18062026","0","","HONDA","PCX 125","Illes Balears","Illes Balears","125"
"18062026","0","","BMW","F 900 XR","Bizkaia","País Vasco","895"
"18062026","0","","BMW","F 900 XR","Málaga","Andalucía","895"
"18062026","0","","ZONTES","368G","Valencia/València","Comunidad Valenciana","368"
"18062026","0","","YAMAHA","TMAX 560","Valencia/València","Comunidad Valenciana","562"
"18062026","0","","MITT","125 NK","Madrid","Comunidad de Madrid","124"
"18062026","0","","HONDA","ADV 750","Illes Balears","Illes Balears","745"
"18062026","0","","APRILIA","RS 660","Coruña (A)","Galicia","659"
"18062026","0","","VOGE","DS900X","Madrid","Comunidad de Madrid","895"
"18062026","0","","ZONTES","125X","Asturias","Principado de Asturias","125"
"18062026","0","","HONDA","ADV 350","Illes Balears","Illes Balears","330"
"18062026","0","","VOGE","DS800X RALLY","Alicante/Alacant","Comunidad Valenciana","798"
"18062026","0","","PEUGEOT","KISBEE M","Madrid","Comunidad de Madrid","125"
"18062026","0","","DUCATI","MULTISTRADA V2","Pontevedra","Galicia","890"
"18062026","0","","YAMAHA","YZF-R3","Barcelona","Cataluña","321"
"18062026","0","","BMW","C 400 X","Madrid","Comunidad de Madrid","350"
"18062026","0","","PEUGEOT","KISBEE M","Madrid","Comunidad de Madrid","125"
"18062026","0","","ZONTES","125X","Barcelona","Cataluña","125"
"18062026","0","","YAMAHA","NMAX 125","Cádiz","Andalucía","125"
"18062026","0","","SYM","SYMPHONY 125","Jaén","Andalucía","125"
"18062026","0","","VOGE","DS900X","Valladolid","Castilla y León","895"
"18062026","0","","SYM","JET 14","Cádiz","Andalucía","125"
"18062026","0","","CFMOTO","700MT","Huelva","Andalucía","693"
"18062026","0","","BMW","R 1300 GS","Ciudad Real","Castilla-La Mancha","1300"
"18062026","0","","HONDA","PCX 125","Palmas (Las)","Canarias","125"
"18062026","0","","HONDA","PCX 125","Gipuzkoa","País Vasco","125"
"18062026","0","","ZONTES","125X","Madrid","Comunidad de Madrid","125"
"18062026","0","","KAWASAKI","ELIMINATOR","Sevilla","Andalucía","451"
"18062026","0","","KAWASAKI","KLE500","Cádiz","Andalucía","451"
"18062026","0","","VOGE","R125S","Sevilla","Andalucía","125"
"18062026","0","","KYMCO","AGILITY S","Alicante/Alacant","Comunidad Valenciana","125"
"18062026","0","","VOGE","DS800X RALLY","Zaragoza","Aragón","798"
"18062026","0","","BETA","N/A","Tarragona","Cataluña","296"
"18062026","0","","ZONTES","125X","Málaga","Andalucía","125"
"18062026","0","","APRILIA","RX 125","Jaén","Andalucía","124"
"18062026","0","","HONDA","SH125i","Cádiz","Andalucía","125"
"18062026","0","","QJMOTOR","SRK 125 S E5+","Navarra","Comunidad Foral de Navarra","125"
"18062026","0","","KYMCO","SKYTOWN 125","Barcelona","Cataluña","125"
"18062026","0","","YAMAHA","TMAX 560","Alicante/Alacant","Comunidad Valenciana","562"
"18062026","0","","ZONTES","368G","Barcelona","Cataluña","368"
"18062026","0","","HONDA","NX500","Málaga","Andalucía","471"
"18062026","0","","MH MOTORCYCLES","XRT","Valencia/València","Comunidad Valenciana","125"
"18062026","0","","ZONTES","368G","Barcelona","Cataluña","368"
"18062026","0","","HONDA","SH Mode 125","Castellón/Castelló","Comunidad Valenciana","125"
"18062026","0","","SUZUKI","ADDRESS 125","Sevilla","Andalucía","124"
"18062026","0","","KAWASAKI","Z900","Bizkaia","País Vasco","948"
"18062026","0","","RIEJU","NKD 125","Alicante/Alacant","Comunidad Valenciana","124"
"18062026","0","","HONDA","CB650RA","Madrid","Comunidad de Madrid","649"
"18062026","0","","KTM","KTM 390 ADVENTURE R","Álava/Araba","País Vasco","399"
"18062026","0","","HONDA","SH125i","Málaga","Andalucía","125"
"18062026","0","","KAWASAKI","Z500","Bizkaia","País Vasco","451"
"18062026","0","","MITT","TY125T-26G","Málaga","Andalucía","125"
"18062026","0","","KOVE","450 RALLY 2026","Asturias","Principado de Asturias","449"
"18062026","0","","BMW","R 1300 RT","Bizkaia","País Vasco","1300"
"18062026","0","","HONDA","SH125i","Málaga","Andalucía","125"
"18062026","0","","DUCATI","MULTISTRADA V2","Cantabria","Cantabria","890"
"18062026","0","","SYM","SYMPHONY 125","Girona","Cataluña","125"
"18062026","0","","HONDA","FORZA 350","Cádiz","Andalucía","330"
"18062026","0","","KYMCO","SUPER DINK GT 125 E5+","Madrid","Comunidad de Madrid","124"
"18062026","0","","ZONTES","125X","Bizkaia","País Vasco","125"
"18062026","0","","KYMCO","AGILITY S","Alicante/Alacant","Comunidad Valenciana","125"
"18062026","0","","ZONTES","368G","Madrid","Comunidad de Madrid","368"
"18062026","0","","ZONTES","125X","Pontevedra","Galicia","125"
"18062026","0","","KAWASAKI","NINJA 125","Alicante/Alacant","Comunidad Valenciana","125"
"18062026","0","","HONDA","Rebel 500","Madrid","Comunidad de Madrid","471"
"18062026","0","","PIAGGIO","LIBERTY 125 ABS","Madrid","Comunidad de Madrid","124"
"18062026","0","","HONDA","SH125i","Málaga","Andalucía","125"
"18062026","0","","HONDA","FORZA125","Illes Balears","Illes Balears","125"
"18062026","0","","HONDA","PCX 125","Cantabria","Cantabria","125"
"18062026","0","","HARLEY-DAVIDSON","FAT BOY","Toledo","Castilla-La Mancha","1923"
"18062026","0","","BMW","F 900 XR","Murcia","Región de Murcia","895"
"18062026","0","","HONDA","PCX 125","Málaga","Andalucía","125"
"18062026","0","","HONDA","NX500","Sevilla","Andalucía","471"
"18062026","0","","ZONTES","368G","Málaga","Andalucía","368"
"18062026","0","","ZONTES","ZT125-U1","Sevilla","Andalucía","125"
"18062026","0","","HONDA","CBF 125","Barcelona","Cataluña","125"
"18062026","0","","YAMAHA","TMAX 560","Madrid","Comunidad de Madrid","562"
"18062026","0","","YAMAHA","YZF-R9","Álava/Araba","País Vasco","890"
"18062026","0","","CFMOTO","1000MT-X","Coruña (A)","Galicia","946"
"18062026","0","","PEUGEOT","KISBEE M","Cádiz","Andalucía","125"
"18062026","0","","SYM","SYMPHONY 125","Barcelona","Cataluña","125"
"18062026","0","","HONDA","NX500","Illes Balears","Illes Balears","471"
"18062026","0","","ZONTES","350R","Girona","Cataluña","348"
"18062026","0","","YAMAHA","NMAX 125","Madrid","Comunidad de Madrid","125"
"18062026","0","","HONDA","NT1100","Valencia/València","Comunidad Valenciana","1084"
"18062026","0","","HONDA","ADV 750","Barcelona","Cataluña","745"
"18062026","0","","KTM","KTM 790 ADVENTURE","Madrid","Comunidad de Madrid","799"
"18062026","0","","HONDA","GB350S","Barcelona","Cataluña","348"
"18062026","0","","KYMCO","AGILITY S","Badajoz","Extremadura","125"
"18062026","0","","HONDA","CB750 Hornet","Granada","Andalucía","755"
"18062026","0","","SYM","SYMPHONY 125","Barcelona","Cataluña","125"
"18062026","0","","PIAGGIO","VESPA PRIMAVERA TECH 1","Madrid","Comunidad de Madrid","124"
"18062026","0","","SYM","SYMPHONY 125","Valencia/València","Comunidad Valenciana","125"
"18062026","0","","BAJAJ","PULSAR NS 125","Barcelona","Cataluña","124"
"18062026","0","","QJMOTOR","SRT 600 SX E5+","Coruña (A)","Galicia","554"
"18062026","0","","HONDA","PCX 125","Alicante/Alacant","Comunidad Valenciana","125"
"18062026","0","","BMW","R 1300 GS","Barcelona","Cataluña","1300"
"18062026","0","","KYMCO","DTX","Murcia","Región de Murcia","124"
"18062026","0","","PEUGEOT","KISBEE M","Alicante/Alacant","Comunidad Valenciana","125"
"18062026","0","","MOTO MORINI","ALLTRHIKE","Albacete","Castilla-La Mancha","449"
"18062026","0","","ZONTES","368K","Murcia","Región de Murcia","368"
"18062026","0","","VOGE","R125S","León","Castilla y León","125"
"18062026","0","","QJMOTOR","MTX 125 E5+","Illes Balears","Illes Balears","125"
"18062026","0","","ZONTES","125X","Madrid","Comunidad de Madrid","125"
"18062026","0","","SYM","JET 14","Burgos","Castilla y León","125"
"18062026","0","","ZONTES","125X","Sevilla","Andalucía","125"
"18062026","0","","PEUGEOT","KISBEE M","Barcelona","Cataluña","125"
"18062026","0","","RIEJU","NOT APPLICABLE","Illes Balears","Illes Balears","124"
"18062026","0","","ZONTES","125X","Bizkaia","País Vasco","125"
"18062026","0","","ZONTES","368G","Asturias","Principado de Asturias","368"
"18062026","0","","ZONTES","125X","Huelva","Andalucía","125"
"18062026","0","","SYM","ADX 125 LC TCS E5+","Barcelona","Cataluña","125"
"18062026","0","","KOVE","KOVE 350 RR","Málaga","Andalucía","344"
"18062026","0","","HONDA","FORZA 750","Madrid","Comunidad de Madrid","745"
"18062026","0","","MITT","125 DESERT","Huelva","Andalucía","125"
"18062026","0","","HUSQVARNA","HUSQVARNA 701 SUPERMOT","Álava/Araba","País Vasco","693"
"18062026","0","","VOGE","DS900X","Madrid","Comunidad de Madrid","895"
"18062026","0","","HONDA","PCX 125","Madrid","Comunidad de Madrid","125"
"18062026","0","","ZONTES","368G","Granada","Andalucía","368"
"18062026","0","","BMW","F 900 GS ADVENTURE","Albacete","Castilla-La Mancha","895"
"18062026","0","","PIAGGIO","LIBERTY 125 ABS","Illes Balears","Illes Balears","124"
"18062026","0","","ZONTES","125X","Sevilla","Andalucía","125"
"18062026","0","","ZONTES","125X","Valladolid","Castilla y León","125"
"18062026","0","","HONDA","SH125i","Barcelona","Cataluña","125"
"18062026","0","","HONDA","PCX 125","Coruña (A)","Galicia","125"
"18062026","0","","YAMAHA","NMAX 125","Illes Balears","Illes Balears","125"
"18062026","0","","YAMAHA","TRACER 700","Murcia","Región de Murcia","689"
"18062026","0","","KYMCO","AGILITY S","Lleida","Cataluña","125"
"18062026","0","","ROYAL ENFIELD","GUERRILLA 450","Alicante/Alacant","Comunidad Valenciana","452"
"18062026","0","","CFMOTO","675NK","Ciudad Real","Castilla-La Mancha","674"
"18062026","0","","MH MOTORCYCLES","TRAY","Albacete","Castilla-La Mancha","125"
"18062026","0","","BMW","C 400 GT","Barcelona","Cataluña","350"
"18062026","0","","HONDA","SH125i","Asturias","Principado de Asturias","125"
"18062026","0","","SUZUKI","GSX1300R","Valencia/València","Comunidad Valenciana","1340"
"18062026","0","","HONDA","SH125i","Illes Balears","Illes Balears","125"
"18062026","0","","HONDA","PCX 125","Santa Cruz de Tenerife","Canarias","125"
"18062026","0","","VOGE","SR1ADV","Barcelona","Cataluña","125"
"18062026","0","","SYM","JET 14","Valencia/València","Comunidad Valenciana","125"
"18062026","0","","SYM","SYMPHONY 125","Córdoba","Andalucía","125"
"18062026","0","","VOGE","DS800X RALLY","Zaragoza","Aragón","798"
"18062026","0","","VOGE","SR1","Valencia/València","Comunidad Valenciana","125"
"18062026","0","","HONDA","VISION 110","Cádiz","Andalucía","109"
"18062026","0","","VOGE","DS900X","Teruel","Aragón","895"
"18062026","0","","KYMCO","DTX","Valencia/València","Comunidad Valenciana","321"
"18062026","0","","YAMAHA","NMAX 125","Almería","Andalucía","125"
"18062026","0","","ZONTES","368G","Sevilla","Andalucía","368"
"18062026","0","","ZONTES","ZT125-U1","Jaén","Andalucía","125"
"18062026","0","","MITT","EMPEROR","Madrid","Comunidad de Madrid","125"
"18062026","0","","ZONTES","368G","Málaga","Andalucía","368"
"18062026","0","","PIAGGIO","MEDLEY 125","Madrid","Comunidad de Madrid","125"
"18062026","0","","YAMAHA","XTZ 700 Tenere","Girona","Cataluña","689"
"18062026","0","","YAMAHA","XMAX 300","Barcelona","Cataluña","292"
"18062026","0","","ZONTES","368K","Málaga","Andalucía","368"
"18062026","0","","YAMAHA","NMAX 125","Illes Balears","Illes Balears","125"
"18062026","0","","MORBIDELLI","NR125X","Valencia/València","Comunidad Valenciana","125"
"18062026","0","","YAMAHA","NMAX 125","Málaga","Andalucía","125"
"18062026","0","","HUSQVARNA","HUSQVARNA 701 SUPERMOT","Málaga","Andalucía","693"
"18062026","0","","ZONTES","368G","Bizkaia","País Vasco","368"
"18062026","0","","RIEJU","RALLY 307","Pontevedra","Galicia","292"
"18062026","0","","VOGE","DS900X","Barcelona","Cataluña","895"
"18062026","0","","KYMCO","SKYTOWN 125","Valencia/València","Comunidad Valenciana","125"
"18062026","0","","YAMAHA","XMAX 300","Madrid","Comunidad de Madrid","292"
"18062026","0","","YAMAHA","MT-07","Murcia","Región de Murcia","689"
"18062026","0","","KAWASAKI","KLE500","Valencia/València","Comunidad Valenciana","451"
"18062026","0","","ZONTES","125X","Valladolid","Castilla y León","125"
"18062026","0","","SYM","JET 14","Málaga","Andalucía","125"
"18062026","0","","KYMCO","AGILITY S","Cádiz","Andalucía","125"
"18062026","0","","QJMOTOR","SRK 125 S E5+","Málaga","Andalucía","125"
"18062026","0","","CFMOTO","675SR-R","Barcelona","Cataluña","674"
"18062026","0","","ROYAL ENFIELD","HIMALAYAN 452","Teruel","Aragón","452"
"18062026","0","","APRILIA","SR GT 125","Sevilla","Andalucía","125"
"18062026","0","","VOGE","DS900X","Guadalajara","Castilla-La Mancha","895"
"18062026","0","","CFMOTO","700MT","Valencia/València","Comunidad Valenciana","693"
"18062026","0","","ZONTES","368G","Bizkaia","País Vasco","368"
"18062026","0","","KYMCO","DTX","Huelva","Andalucía","124"
"18062026","0","","PIAGGIO","VESPA PRIMAVERA 125","Madrid","Comunidad de Madrid","124"
"18062026","0","","LAMBRETTA","V125 SPECIAL FLEX","Alicante/Alacant","Comunidad Valenciana","125"
"18062026","0","","YAMAHA","NMAX 125","Alicante/Alacant","Comunidad Valenciana","125"
"18062026","0","","QJMOTOR","MTX 125 E5+","Girona","Cataluña","125"
"18062026","0","","YAMAHA","NMAX 125","Barcelona","Cataluña","125"
"18062026","0","","CYCLONE","RX2","Asturias","Principado de Asturias","124"
"18062026","0","","VOGE","DS900X","Málaga","Andalucía","895"
"18062026","0","","BMW","R 1300 RS","Soria","Castilla y León","1300"
"18062026","0","","PIAGGIO","VESPA GTS","Madrid","Comunidad de Madrid","278"
"18062026","0","","QJMOTOR","ATR 125 E5+","Granada","Andalucía","125"
"18062026","0","","ZONTES","125E","Málaga","Andalucía","125"
"18062026","0","","MACBOR","MONTANA XR5 510 E5+","Gipuzkoa","País Vasco","498"
"18062026","0","","MACBOR","ROCKSTER 125 EVO E5+","Barcelona","Cataluña","125"
"18062026","0","","HONDA","CB650RA","Zaragoza","Aragón","649"
"18062026","0","","SYM","JET 14","Barcelona","Cataluña","125"
"18062026","0","","CFMOTO","1000MT-X","Madrid","Comunidad de Madrid","946"
"18062026","0","","HONDA","FORZA125","Málaga","Andalucía","125"
"18062026","0","","YAMAHA","Tracer 9 GT","Cáceres","Extremadura","890"
"18062026","0","","YAMAHA","TMAX 560","Barcelona","Cataluña","562"
"18062026","0","","PIAGGIO","LIBERTY 125 ABS","Madrid","Comunidad de Madrid","124"
"18062026","0","","ZONTES","125X","Bizkaia","País Vasco","125"
"18062026","0","","HONDA","CB650RA","Córdoba","Andalucía","649"
"18062026","0","","RIEJU","XPLORA 707","Granada","Andalucía","698"
"18062026","0","","HONDA","VISION 110","Barcelona","Cataluña","109"
"18062026","0","","HONDA","CBF 125","Toledo","Castilla-La Mancha","125"
"18062026","0","","YAMAHA","NMAX 125","Cádiz","Andalucía","125"
"18062026","0","","PEUGEOT","TWEET FL 125 CC","Tarragona","Cataluña","125"
"18062026","0","","HONDA","SH125i","Barcelona","Cataluña","125"
"18062026","0","","HONDA","XL750 Transalp","Barcelona","Cataluña","755"
"18062026","0","","HONDA","PCX 125","Cádiz","Andalucía","125"
"18062026","0","","PIAGGIO","VESPA PRIMAVERA 125 AB","Madrid","Comunidad de Madrid","124"
"18062026","0","","MACBOR","ROCKSTER 125 EVO E5+","Tarragona","Cataluña","125"
"18062026","0","","QJMOTOR","FORT 125 N E5+","Valencia/València","Comunidad Valenciana","125"
"18062026","0","","YAMAHA","MT-07","Málaga","Andalucía","689"
"18062026","0","","BENDA","CHINCHILLA 350","Girona","Cataluña","343"
"18062026","0","","CFMOTO","675SR-R","Sevilla","Andalucía","674"
"18062026","0","","BAJAJ","PULSAR NS 400 Z","Málaga","Andalucía","373"
"18062026","0","","YAMAHA","RayZR 125","Palmas (Las)","Canarias","125"
"18062026","0","","HONDA","PCX 125","Guadalajara","Castilla-La Mancha","125"
"18062026","0","","APRILIA","SR GT 125","Illes Balears","Illes Balears","125"
"18062026","0","","SYM","FUGUE 125 ABS TOP CASE","Cantabria","Cantabria","124"
"18062026","0","","ZONTES","125X","Alicante/Alacant","Comunidad Valenciana","125"
"18062026","0","","YAMAHA","NMAX 125","Cádiz","Andalucía","125"
"18062026","0","","KAWASAKI","Z900","Alicante/Alacant","Comunidad Valenciana","948"
"18062026","0","","SUZUKI","GSX-8S","Cantabria","Cantabria","776"
"18062026","0","","BMW","F 900 GS","Tarragona","Cataluña","895"
"18062026","0","","QJMOTOR","MTX 125","Murcia","Región de Murcia","125"
"18062026","0","","MOTO GUZZI","V85 TT","Girona","Cataluña","853"
"18062026","0","","LEONART","M16-125","Madrid","Comunidad de Madrid","125"
"18062026","0","","VOGE","625DSX","Málaga","Andalucía","581"
"18062026","0","","YAMAHA","XTZ 700 Tenere","Toledo","Castilla-La Mancha","689"
"18062026","0","","ZONTES","368G","Barcelona","Cataluña","368"
"18062026","0","","LETBE","ISLAND","Málaga","Andalucía","125"
"18062026","0","","HONDA","SH Mode 125","Gipuzkoa","País Vasco","125"
"18062026","0","","QJMOTOR","MTX 125 E5+","Toledo","Castilla-La Mancha","125"
"18062026","0","","VOGE","SR1ADV","Alicante/Alacant","Comunidad Valenciana","125"
"18062026","0","","HONDA","SH125i","Granada","Andalucía","125"
"18062026","0","","VOGE","R125S","Cantabria","Cantabria","125"
"18062026","0","","KYMCO","AGILITY S","Illes Balears","Illes Balears","125"
"18062026","0","","ZONTES","125X","Alicante/Alacant","Comunidad Valenciana","125"
"18062026","0","","SYM","JET 14","Málaga","Andalucía","125"
"18062026","0","","KAWASAKI","NINJA 500","Sevilla","Andalucía","451"
"18062026","0","","YAMAHA","XMAX 300","Barcelona","Cataluña","292"
"18062026","0","","VOGE","R125S","Madrid","Comunidad de Madrid","125"
"18062026","0","","APRILIA","SR GT 400","Illes Balears","Illes Balears","399"
"18062026","0","","YAMAHA","YZF-R9","Murcia","Región de Murcia","890"
"18062026","0","","BMW","R 1300 GS ADVENTURE","Barcelona","Cataluña","1300"
"18062026","0","","KYMCO","DTX","Sevilla","Andalucía","124"
"18062026","0","","HONDA","FORZA125","Barcelona","Cataluña","125"
"18062026","0","","SYM","SYMPHONY 125","Álava/Araba","País Vasco","125"
"18062026","0","","ZONTES","125X","Valencia/València","Comunidad Valenciana","125"
"18062026","0","","HONDA","PCX 125","Girona","Cataluña","125"
"18062026","0","","HONDA","VISION 110","Almería","Andalucía","109"
"18062026","0","","TRIUMPH","SCRAMBLER 900","Cádiz","Andalucía","900"
"18062026","0","","BMW","R 1300 GS","Lleida","Cataluña","1300"
"18062026","0","","YAMAHA","XMAX 300","Alicante/Alacant","Comunidad Valenciana","292"
"18062026","0","","BAJAJ","DOMINAR D 400","Illes Balears","Illes Balears","373"
"18062026","0","","SYM","SYMPHONY 125","Gipuzkoa","País Vasco","125"
"18062026","0","","APRILIA","RX 125","Murcia","Región de Murcia","124"
"18062026","0","","HONDA","FORZA 750","Santa Cruz de Tenerife","Canarias","745"
"18062026","0","","YAMAHA","XMAX 125","Sevilla","Andalucía","125"
"18062026","0","","BMW","F 800 GS","Córdoba","Andalucía","895"
"18062026","0","","HONDA","FORZA125","Barcelona","Cataluña","125"
"18062026","0","","HONDA","Rebel 500","Asturias","Principado de Asturias","471"
"18062026","0","","MITT","TY125T-26F","Alicante/Alacant","Comunidad Valenciana","125"
"18062026","0","","CYCLONE","RX2","León","Castilla y León","124"
"18062026","0","","SYM","JET X","Barcelona","Cataluña","125"
"18062026","0","","APRILIA","SR GT 125","Huelva","Andalucía","125"
"18062026","0","","MACBOR","MONTANA XR1 125 EVO","Sevilla","Andalucía","124"
"18062026","0","","HONDA","PCX 125","Sevilla","Andalucía","125"
"18062026","0","","YAMAHA","NMAX 125","Málaga","Andalucía","125"
"18062026","0","","VOGE","625DSX","Jaén","Andalucía","581"
"18062026","0","","YAMAHA","TRACER 700","Guadalajara","Castilla-La Mancha","689"
"18062026","0","","SUZUKI","DR-Z400","Madrid","Comunidad de Madrid","398"
"18062026","0","","YAMAHA","NMAX 125","Toledo","Castilla-La Mancha","125"
"18062026","0","","HONDA","PCX 125","Málaga","Andalucía","125"
"18062026","0","","HONDA","FORZA 350","Rioja (La)","La Rioja","330"
"18062026","0","","ZONTES","368G","Toledo","Castilla-La Mancha","368"
"18062026","0","","HONDA","CB650RA","Valencia/València","Comunidad Valenciana","649"
"18062026","0","","QJMOTOR","ATR 125 E5+","Málaga","Andalucía","125"
"18062026","0","","YAMAHA","R125","Alicante/Alacant","Comunidad Valenciana","125"
"18062026","0","","QJMOTOR","SRV 125 E5+","Granada","Andalucía","125"
"18062026","0","","HONDA","NX500","Illes Balears","Illes Balears","471"
"18062026","0","","ZONTES","125M","Alicante/Alacant","Comunidad Valenciana","125"
"18062026","0","","ZONTES","368G","Lleida","Cataluña","368"
"18062026","0","","ZONTES","125X","Madrid","Comunidad de Madrid","125"
"18062026","0","","VOGE","R125S","Valencia/València","Comunidad Valenciana","125"
"18062026","0","","HONDA","SH Mode 125","Barcelona","Cataluña","125"
"18062026","0","","VOGE","DS900X","Granada","Andalucía","895"
"18062026","0","","PIAGGIO","LIBERTY 125 ABS","Madrid","Comunidad de Madrid","124"
"18062026","0","","YAMAHA","RayZR 125","Asturias","Principado de Asturias","125"
"18062026","0","","ZONTES","125X","Sevilla","Andalucía","125"
"18062026","0","","RIEJU","NKD 125","Cuenca","Castilla-La Mancha","124"
"18062026","0","","YAMAHA","XTZ 700 Tenere","Murcia","Región de Murcia","689"
"18062026","0","","YAMAHA","RayZR 125","Castellón/Castelló","Comunidad Valenciana","125"
"18062026","0","","ZONTES","125X","Murcia","Región de Murcia","125"
"18062026","0","","ZONTES","368G","Tarragona","Cataluña","368"
"18062026","0","","ORCAL","SK125-K","Cantabria","Cantabria","124"
"18062026","0","","KEEWAY","ICON 125 S","Gipuzkoa","País Vasco","124"
"18062026","0","","BRIXTON","FELSBERG 125","Ourense","Galicia","125"
"18062026","0","","ZONTES","125X","Huelva","Andalucía","125"
"18062026","0","","KYMCO","DTX","Coruña (A)","Galicia","124"
"18062026","0","","BENELLI","LEONCINO 800 TRAIL","Barcelona","Cataluña","754"
"18062026","0","","BMW","S 1000 RR","Guadalajara","Castilla-La Mancha","999"
"18062026","0","","HONDA","PCX 125","Málaga","Andalucía","125"
"18062026","0","","KYMCO","DTX","Murcia","Región de Murcia","124"
"18062026","0","","HONDA","SH125i","Málaga","Andalucía","125"
"18062026","0","","RIEJU","NKD 125","León","Castilla y León","124"
"18062026","0","","KAWASAKI","VULCAN S","Bizkaia","País Vasco","649"
"18062026","0","","HONDA","CB750 Hornet","Santa Cruz de Tenerife","Canarias","755"
"18062026","0","","YAMAHA","XMAX 300","Barcelona","Cataluña","292"
"18062026","0","","MOTO MORINI","X-CAPE 1200","Álava/Araba","País Vasco","1187"
"18062026","0","","YAMAHA","NMAX 125","Girona","Cataluña","125"
"18062026","0","","CYCLONE","RX2","Almería","Andalucía","124"
"18062026","0","","ZONTES","125C","Madrid","Comunidad de Madrid","125"
"18062026","0","","ZONTES","125X","Madrid","Comunidad de Madrid","125"
"18062026","0","","TRIUMPH","TIGER SPORT","Valencia/València","Comunidad Valenciana","660"
"18062026","0","","ZONTES","368E","Tarragona","Cataluña","368"
"18062026","0","","VOGE","R125","Huesca","Aragón","125"
"18062026","0","","ZONTES","125X","Málaga","Andalucía","125"
"18062026","0","","VOGE","DS900X","Madrid","Comunidad de Madrid","895"
"18062026","0","","ZONTES","125X","Barcelona","Cataluña","125"
"18062026","0","","ZONTES","125C","Barcelona","Cataluña","125"
"18062026","0","","YAMAHA","XMAX 300","Córdoba","Andalucía","292"
"18062026","0","","YAMAHA","XMAX 125","Valencia/València","Comunidad Valenciana","125"
"18062026","0","","KYMCO","AGILITY S","Cádiz","Andalucía","125"
"18062026","0","","KYMCO","AGILITY S","Barcelona","Cataluña","125"
"18062026","0","","VOGE","SR16","Madrid","Comunidad de Madrid","125"
"18062026","0","","YAMAHA","XTZ 700 Tenere","Barcelona","Cataluña","689"
"18062026","0","","YAMAHA","Tracer 9 GT","Barcelona","Cataluña","890"
"18062026","0","","BMW","R 1300 GS ADVENTURE","Ourense","Galicia","1300"
"18062026","0","","YAMAHA","XMAX 125","Málaga","Andalucía","125"
"18062026","0","","HONDA","FORZA125","Sevilla","Andalucía","125"
"18062026","0","","SYM","ADX 300 TCS","Illes Balears","Illes Balears","278"
"18062026","0","","CFMOTO","800MT-X","Cuenca","Castilla-La Mancha","799"
"18062026","0","","BENELLI","BKX 125","Madrid","Comunidad de Madrid","125"
"18062026","0","","CFMOTO","800MT-X","Salamanca","Castilla y León","799"
"18062026","0","","MOTO MORINI","X-CAPE 1200","Barcelona","Cataluña","1187"
"18062026","0","","KYMCO","DTX","Granada","Andalucía","321"
"18062026","0","","ZONTES","368G","Palmas (Las)","Canarias","368"
"18062026","0","","KYMCO","SUPER DINK GT 125 E5+","Zaragoza","Aragón","124"
"18062026","0","","BMW","S 1000 XR","Alicante/Alacant","Comunidad Valenciana","999"
"18062026","0","","BMW","R 1300 GS","Madrid","Comunidad de Madrid","1300"
"18062026","0","","HONDA","SH125i","Barcelona","Cataluña","125"
"18062026","0","","HONDA","CB650RA","Barcelona","Cataluña","649"
"18062026","0","","HONDA","CB 500 F","Pontevedra","Galicia","471"
"18062026","0","","BENELLI","TRK 702","Córdoba","Andalucía","698"
"18062026","0","","CFMOTO","DUAL250","Barcelona","Cataluña","249"
"18062026","0","","ZNEN","P45","Barcelona","Cataluña","125"
"18062026","0","","LETBE","FLYGON","Málaga","Andalucía","219"
"18062026","0","","SCORPA","CITY CORP 125","Málaga","Andalucía","125"
"18062026","0","","KYMCO","DTX","Asturias","Principado de Asturias","124"
"18062026","0","","PIAGGIO","VESPA GTS 125","Madrid","Comunidad de Madrid","125"
"18062026","0","","HONDA","FORZA125","Barcelona","Cataluña","125"
"18062026","0","","HONDA","VISION 110","Málaga","Andalucía","109"
"18062026","0","","ZONTES","125X","Málaga","Andalucía","125"
"18062026","0","","ZONTES","125X","Castellón/Castelló","Comunidad Valenciana","125"
"18062026","0","","ZONTES","125X","León","Castilla y León","125"
"18062026","0","","ZONTES","125X","Bizkaia","País Vasco","125"
"18062026","0","","ZONTES","368G","Granada","Andalucía","368"
"18062026","0","","CFMOTO","675SR-R","Sevilla","Andalucía","674"
"18062026","0","","ZONTES","125C","Cádiz","Andalucía","125"
"18062026","0","","BMW","R 1300 GS","Barcelona","Cataluña","1300"
"18062026","0","","YAMAHA","NMAX 125","Murcia","Región de Murcia","125"
"18062026","0","","HONDA","PCX 125","Barcelona","Cataluña","125"
"18062026","0","","VOGE","R125S","León","Castilla y León","125"
"18062026","0","","HONDA","PCX 125","Sevilla","Andalucía","125"
"18062026","0","","ZONTES","368G","Cantabria","Cantabria","368"
"18062026","0","","BMW","R 1300 GS","Bizkaia","País Vasco","1300"
"18062026","0","","PIAGGIO","LIBERTY 125 ABS","Córdoba","Andalucía","124"
"18062026","0","","BMW","C 400 X","Alicante/Alacant","Comunidad Valenciana","350"
"18062026","0","","YAMAHA","NMAX 125","Alicante/Alacant","Comunidad Valenciana","125"
"18062026","0","","HONDA","CB750 Hornet","Valencia/València","Comunidad Valenciana","755"
"18062026","0","","YAMAHA","XTZ 700 Tenere","Alicante/Alacant","Comunidad Valenciana","689"
"18062026","0","","ZONTES","125X","Madrid","Comunidad de Madrid","125"
"18062026","0","","VOGE","DS800X RALLY","Málaga","Andalucía","798"
"18062026","0","","ZONTES","125X","Gipuzkoa","País Vasco","125"
"18062026","0","","PIAGGIO","LIBERTY 125 ABS","Barcelona","Cataluña","124"
"18062026","0","","YAMAHA","MT-09","Valladolid","Castilla y León","890"
