FEC_MATRICULA,COD_CLASE_MAT,FEC_TRAMITACION,MARCA_ITV,MODELO_ITV,PROVINCIA_VEH,COMUNIDAD_AUTONOMA,CILINDRADA_ITV
"25062026","0","","ZONTES","125E","Alicante/Alacant","Comunidad Valenciana","125"
"25062026","0","","ZONTES","125E","Palmas (Las)","Canarias","125"
"25062026","0","","YAMAHA","NMAX 125","Granada","Andalucía","125"
"25062026","0","","HONDA","PCX 125","Santa Cruz de Tenerife","Canarias","125"
"25062026","0","","KYMCO","DTX","Madrid","Comunidad de Madrid","321"
"25062026","0","","HARLEY-DAVIDSON","STREET BOB","Alicante/Alacant","Comunidad Valenciana","1923"
"25062026","0","","HONDA","FORZA125","Bizkaia","País Vasco","125"
"25062026","0","","YAMAHA","XMAX 125","Ceuta","Ceuta","125"
"25062026","0","","VOGE","625DSX","Barcelona","Cataluña","581"
"25062026","0","","ZONTES","350R","Valencia/València","Comunidad Valenciana","348"
"25062026","0","","HONDA","SH350i","Illes Balears","Illes Balears","330"
"25062026","0","","PIAGGIO","MEDLEY 125","Santa Cruz de Tenerife","Canarias","125"
"25062026","0","","TRIUMPH","BONNEVILLE T100","Madrid","Comunidad de Madrid","900"
"25062026","0","","KAWASAKI","VERSYS 1100","Gipuzkoa","País Vasco","1099"
"25062026","0","","HONDA","FORZA125","Alicante/Alacant","Comunidad Valenciana","125"
"25062026","0","","VOGE","R125S","Valencia/València","Comunidad Valenciana","125"
"25062026","0","","CFMOTO","800MT-X","Tarragona","Cataluña","799"
"25062026","0","","YAMAHA","XTZ 700 Tenere","Málaga","Andalucía","689"
"25062026","0","","KYMCO","DTX","Granada","Andalucía","321"
"25062026","0","","ZONTES","125X","Granada","Andalucía","125"
"25062026","0","","LETBE","S125","Córdoba","Andalucía","125"
"25062026","0","","ZONTES","703RR","Valencia/València","Comunidad Valenciana","699"
"25062026","0","","BAJAJ","PULSAR NS 125","Málaga","Andalucía","124"
"25062026","0","","YAMAHA","XMAX 300","Granada","Andalucía","292"
"25062026","0","","HONDA","SH125i","Gipuzkoa","País Vasco","125"
"25062026","0","","SYM","ADX 125 LC TCS E5+","Alicante/Alacant","Comunidad Valenciana","125"
"25062026","0","","BMW","C 400 X","Madrid","Comunidad de Madrid","350"
"25062026","0","","HONDA","GB350S","Barcelona","Cataluña","348"
"25062026","0","","BMW","F 900 GS","Málaga","Andalucía","895"
"25062026","0","","LETBE","FLYGON","Cádiz","Andalucía","219"
"25062026","0","","YAMAHA","XSR-125","Barcelona","Cataluña","125"
"25062026","0","","HONDA","PCX 125","Alicante/Alacant","Comunidad Valenciana","125"
"25062026","0","","ZONTES","125X","Sevilla","Andalucía","125"
"25062026","0","","ZONTES","125X","Madrid","Comunidad de Madrid","125"
"25062026","0","","BENELLI","BN125","Murcia","Región de Murcia","125"
"25062026","0","","SYM","FUGUE 125 ABS TOP CASE","Barcelona","Cataluña","124"
"25062026","0","","YAMAHA","R125","Alicante/Alacant","Comunidad Valenciana","125"
"25062026","0","","ZONTES","125D","Madrid","Comunidad de Madrid","125"
"25062026","0","","YAMAHA","RayZR 125","Almería","Andalucía","125"
"25062026","0","","KYMCO","AGILITY S","Cádiz","Andalucía","125"
"25062026","0","","HONDA","CBR600R3","Salamanca","Castilla y León","599"
"25062026","0","","YAMAHA","NMAX 125","Ourense","Galicia","125"
"25062026","0","","YAMAHA","TMAX 560","Málaga","Andalucía","562"
"25062026","0","","CYCLONE","RX2","Pontevedra","Galicia","124"
"25062026","0","","CYCLONE","RX2","Badajoz","Extremadura","124"
"25062026","0","","YAMAHA","XTZ 700 Tenere","Málaga","Andalucía","689"
"25062026","0","","ZONTES","ZT125-G1","Madrid","Comunidad de Madrid","125"
"25062026","0","","MITT","125GTS","Asturias","Principado de Asturias","125"
"25062026","0","","BMW","F 900 GS","Ciudad Real","Castilla-La Mancha","895"
"25062026","0","","BMW","C 400 X","Cádiz","Andalucía","350"
"25062026","0","","ZONTES","368G","Sevilla","Andalucía","368"
"25062026","0","","HONDA","SH Mode 125","Navarra","Comunidad Foral de Navarra","125"
"25062026","0","","KYMCO","SKYTOWN 125","Cádiz","Andalucía","125"
"25062026","0","","APRILIA","SR GT 125","Asturias","Principado de Asturias","125"
"25062026","0","","VOGE","DS525X","Madrid","Comunidad de Madrid","494"
"25062026","0","","BMW","F 900 XR","Valencia/València","Comunidad Valenciana","895"
"25062026","0","","CFMOTO","1000MT-X","Córdoba","Andalucía","946"
"25062026","0","","KYMCO","DTX","Illes Balears","Illes Balears","321"
"25062026","0","","HONDA","NC 750 X","Madrid","Comunidad de Madrid","745"
"25062026","0","","ZONTES","368G","Illes Balears","Illes Balears","368"
"25062026","0","","YAMAHA","XMAX 125","Melilla","Melilla","125"
"25062026","0","","TRIUMPH","SCRAMBLER 900","Illes Balears","Illes Balears","900"
"25062026","0","","HONDA","ADV 350","Valencia/València","Comunidad Valenciana","330"
"25062026","0","","YAMAHA","NMAX 125","Córdoba","Andalucía","125"
"25062026","0","","BMW","R 1300 GS","Illes Balears","Illes Balears","1300"
"25062026","0","","HONDA","NC 750 X","Barcelona","Cataluña","745"
"25062026","0","","YAMAHA","NMAX 125","Huelva","Andalucía","125"
"25062026","0","","YAMAHA","TMAX 560","Valencia/València","Comunidad Valenciana","562"
"25062026","0","","KYMCO","SKYTOWN 125","Tarragona","Cataluña","125"
"25062026","0","","ZONTES","125C","Tarragona","Cataluña","125"
"25062026","0","","HONDA","SH125i","Barcelona","Cataluña","125"
"25062026","0","","SYM","SYMPHONY 125","Girona","Cataluña","125"
"25062026","0","","SUZUKI","AVENIS 125","Madrid","Comunidad de Madrid","124"
"25062026","0","","ZONTES","125X","Barcelona","Cataluña","125"
"25062026","0","","HONDA","SH125i","Guadalajara","Castilla-La Mancha","125"
"25062026","0","","VOGE","R125","Sevilla","Andalucía","125"
"25062026","0","","KYMCO","SKYTOWN 125","Asturias","Principado de Asturias","125"
"25062026","0","","ZONTES","125X","Madrid","Comunidad de Madrid","125"
"25062026","0","","YAMAHA","NMAX 125","Málaga","Andalucía","125"
"25062026","0","","HONDA","FORZA 350","Barcelona","Cataluña","330"
"25062026","0","","DUCATI","SCRAMBLER ICON DARK","Navarra","Comunidad Foral de Navarra","803"
"25062026","0","","BMW","R 1300 GS ADVENTURE","Asturias","Principado de Asturias","1300"
"25062026","0","","MOTO GUZZI","V85 STRADA","Madrid","Comunidad de Madrid","853"
"25062026","0","","HONDA","PCX 125","Valencia/València","Comunidad Valenciana","125"
"25062026","0","","ZONTES","368G","Málaga","Andalucía","368"
"25062026","0","","BMW","C 400 X","Sevilla","Andalucía","350"
"25062026","0","","HONDA","SH125i","Palmas (Las)","Canarias","125"
"25062026","0","","MORBIDELLI","SC 125","Tarragona","Cataluña","125"
"25062026","0","","QJMOTOR","ATR 125 E5+","Asturias","Principado de Asturias","125"
"25062026","0","","ZONTES","125X","Granada","Andalucía","125"
"25062026","0","","SYM","SYMPHONY 125","Barcelona","Cataluña","125"
"25062026","0","","HONDA","ADV 350","Málaga","Andalucía","330"
"25062026","0","","CFMOTO","450MT","Madrid","Comunidad de Madrid","449"
"25062026","0","","HONDA","VISION 110","Barcelona","Cataluña","109"
"25062026","0","","ZONTES","368G","Cádiz","Andalucía","368"
"25062026","0","","KEEWAY","VIESTE 125LX","Madrid","Comunidad de Madrid","125"
"25062026","0","","ZONTES","125X","Segovia","Castilla y León","125"
"25062026","0","","KYMCO","DTX","Santa Cruz de Tenerife","Canarias","124"
"25062026","0","","SYM","JET 14","Barcelona","Cataluña","125"
"25062026","0","","CFMOTO","800MT-X","Málaga","Andalucía","799"
"25062026","0","","YAMAHA","MT-07","Córdoba","Andalucía","689"
"25062026","0","","KYMCO","DTX","Alicante/Alacant","Comunidad Valenciana","124"
"25062026","0","","YAMAHA","XMAX 300","Huesca","Aragón","292"
"25062026","0","","HONDA","VISION 110","Gipuzkoa","País Vasco","109"
"25062026","0","","HONDA","SH125i","Gipuzkoa","País Vasco","125"
"25062026","0","","YAMAHA","NMAX 125","Madrid","Comunidad de Madrid","125"
"25062026","0","","HONDA","CB750 Hornet","Valencia/València","Comunidad Valenciana","755"
"25062026","0","","YAMAHA","XTZ 700 Tenere","Santa Cruz de Tenerife","Canarias","689"
"25062026","0","","BMW","F 900 XR","Granada","Andalucía","895"
"25062026","0","","ZONTES","125D","Barcelona","Cataluña","125"
"25062026","0","","YAMAHA","XMAX 125","Madrid","Comunidad de Madrid","125"
"25062026","0","","CFMOTO","1000MT-X","Valencia/València","Comunidad Valenciana","946"
"25062026","0","","ZONTES","125X","Madrid","Comunidad de Madrid","125"
"25062026","0","","YAMAHA","MT-125","Illes Balears","Illes Balears","125"
"25062026","0","","HONDA","PCX 125","Santa Cruz de Tenerife","Canarias","125"
"25062026","0","","APRILIA","RS 660","Coruña (A)","Galicia","659"
"25062026","0","","HONDA","FORZA 750","Valencia/València","Comunidad Valenciana","745"
"25062026","0","","KEEWAY","RKS 125","Madrid","Comunidad de Madrid","124"
"25062026","0","","HARLEY-DAVIDSON","STREET GLIDE ULTRA","Badajoz","Extremadura","1923"
"25062026","0","","HONDA","VISION 110","Illes Balears","Illes Balears","109"
"25062026","0","","VOGE","R125S","Badajoz","Extremadura","125"
"25062026","0","","CFMOTO","800MT-X","Barcelona","Cataluña","799"
"25062026","0","","ZONTES","125X","Zaragoza","Aragón","125"
"25062026","0","","SYM","SYMPHONY 125","Tarragona","Cataluña","125"
"25062026","0","","HONDA","SH125i","Málaga","Andalucía","125"
"25062026","0","","HONDA","ADV 750","Barcelona","Cataluña","745"
"25062026","0","","CFMOTO","1000MT-X","Palencia","Castilla y León","946"
"25062026","0","","MORBIDELLI","F125","Madrid","Comunidad de Madrid","125"
"25062026","0","","ZONTES","125X","Barcelona","Cataluña","125"
"25062026","0","","QJMOTOR","SRT 300 DX","Granada","Andalucía","292"
"25062026","0","","BMW","C 400 GT","Madrid","Comunidad de Madrid","350"
"25062026","0","","APRILIA","SR GT 125","Alicante/Alacant","Comunidad Valenciana","125"
"25062026","0","","HONDA","FORZA 750","Illes Balears","Illes Balears","745"
"25062026","0","","ZONTES","125X","Illes Balears","Illes Balears","125"
"25062026","0","","KYMCO","SKYTOWN 125","Cádiz","Andalucía","125"
"25062026","0","","ZONTES","125X","Albacete","Castilla-La Mancha","125"
"25062026","0","","VOGE","SR16","Barcelona","Cataluña","125"
"25062026","0","","CFMOTO","800MT-X","Sevilla","Andalucía","799"
"25062026","0","","YAMAHA","MT-07","Barcelona","Cataluña","689"
"25062026","0","","PIAGGIO","LIBERTY 125 ABS","Cádiz","Andalucía","124"
"25062026","0","","YAMAHA","NMAX 125","Jaén","Andalucía","125"
"25062026","0","","YAMAHA","XMAX 125","Córdoba","Andalucía","125"
"25062026","0","","TRIUMPH","TIGER 900 GT PRO","Valencia/València","Comunidad Valenciana","888"
"25062026","0","","KEEWAY","XDV 125 EVO PRO","Madrid","Comunidad de Madrid","125"
"25062026","0","","QJMOTOR","SRT 900 S","Alicante/Alacant","Comunidad Valenciana","904"
"25062026","0","","ZONTES","125X","Sevilla","Andalucía","125"
"25062026","0","","ZONTES","125X","Valencia/València","Comunidad Valenciana","125"
"25062026","0","","VOGE","SR1","Gipuzkoa","País Vasco","125"
"25062026","0","","YAMAHA","XMAX 125","Girona","Cataluña","125"
"25062026","0","","VOGE","R125S","Barcelona","Cataluña","125"
"25062026","0","","HONDA","SH Mode 125","Gipuzkoa","País Vasco","125"
"25062026","0","","BENDA","NAPOLEON 125","Tarragona","Cataluña","125"
"25062026","0","","CFMOTO","450MT","Murcia","Región de Murcia","449"
"25062026","0","","QJMOTOR","FORT 125 N E5+","Valencia/València","Comunidad Valenciana","125"
"25062026","0","","KOVE","KOVE 800 X GT","Málaga","Andalucía","799"
"25062026","0","","KEEWAY","VIESTE 300","Cantabria","Cantabria","278"
"25062026","0","","HONDA","NX500","Córdoba","Andalucía","471"
"25062026","0","","VOGE","DS900X","Toledo","Castilla-La Mancha","895"
"25062026","0","","KAWASAKI","Z500","Sevilla","Andalucía","451"
"25062026","0","","YAMAHA","NMAX 125","Huelva","Andalucía","125"
"25062026","0","","QJMOTOR","MTX 125 E5+","Madrid","Comunidad de Madrid","125"
"25062026","0","","BMW","S 1000 XR","Barcelona","Cataluña","999"
"25062026","0","","KAWASAKI","Z900","Barcelona","Cataluña","948"
"25062026","0","","YAMAHA","R125","Madrid","Comunidad de Madrid","125"
"25062026","0","","BMW","R 1300 GS ADVENTURE","Madrid","Comunidad de Madrid","1300"
"25062026","0","","YAMAHA","XMAX 125","Barcelona","Cataluña","125"
"25062026","0","","YAMAHA","NMAX 125","Cádiz","Andalucía","125"
"25062026","0","","CFMOTO","1000MT-X","Jaén","Andalucía","946"
"25062026","0","","SYM","SYMPHONY 125","Barcelona","Cataluña","125"
"25062026","0","","HONDA","SH125i","Málaga","Andalucía","125"
"25062026","0","","YAMAHA","R125","Zamora","Castilla y León","125"
"25062026","0","","PEUGEOT","DJANGO","Murcia","Región de Murcia","125"
"25062026","0","","VOGE","DS525X","Murcia","Región de Murcia","494"
"25062026","0","","HONDA","VISION 110","Valencia/València","Comunidad Valenciana","109"
"25062026","0","","KAWASAKI","NINJA ZX-4R","Murcia","Región de Murcia","399"
"25062026","0","","KTM","KTM 300 EXC","Gipuzkoa","País Vasco","293"
"25062026","0","","HUSQVARNA","HUSQVARNA TE 300","Madrid","Comunidad de Madrid","293"
"25062026","0","","YAMAHA","XMAX 300","Pontevedra","Galicia","292"
"25062026","0","","APRILIA","SR GT 200","Madrid","Comunidad de Madrid","174"
"25062026","0","","MH MOTORCYCLES","VR10","Alicante/Alacant","Comunidad Valenciana","124"
"25062026","0","","YAMAHA","Tracer 9 GT","Cáceres","Extremadura","890"
"25062026","0","","YAMAHA","MT-07","Santa Cruz de Tenerife","Canarias","689"
"25062026","0","","QJMOTOR","SRV 125 E5+","Albacete","Castilla-La Mancha","125"
"25062026","0","","SYM","ADX 125 LC TCS E5+","Palmas (Las)","Canarias","125"
"25062026","0","","PIAGGIO","LIBERTY 125 ABS","Madrid","Comunidad de Madrid","124"
"25062026","0","","VOGE","R125","Barcelona","Cataluña","125"
"25062026","0","","YAMAHA","MT-09","Barcelona","Cataluña","890"
"25062026","0","","KYMCO","SKYTOWN 125","Coruña (A)","Galicia","125"
"25062026","0","","VOGE","SR1","Madrid","Comunidad de Madrid","125"
"25062026","0","","ZONTES","703RR","Zaragoza","Aragón","699"
"25062026","0","","HONDA","SH125i","Málaga","Andalucía","125"
"25062026","0","","VOGE","625DSX","Barcelona","Cataluña","581"
"25062026","0","","SYM","SYMPHONY 125","Girona","Cataluña","125"
"25062026","0","","ROYAL ENFIELD","METEOR 350","Rioja (La)","La Rioja","349"
"25062026","0","","DUCATI","MULTISTRADA V4","Zaragoza","Aragón","1158"
"25062026","0","","SYM","SYMPHONY 125","Granada","Andalucía","125"
"25062026","0","","HONDA","PCX 125","Madrid","Comunidad de Madrid","125"
"25062026","0","","YAMAHA","NMAX 125","Castellón/Castelló","Comunidad Valenciana","125"
"25062026","0","","HONDA","FORZA 750","Madrid","Comunidad de Madrid","745"
"25062026","0","","YAMAHA","Tracer 9 GT","Barcelona","Cataluña","890"
"25062026","0","","MITT","125 NK","Valencia/València","Comunidad Valenciana","124"
"25062026","0","","KEEWAY","XDV 125 EVO PRO","Girona","Cataluña","125"
"25062026","0","","ZONTES","125X","Granada","Andalucía","125"
"25062026","0","","VOGE","R125","Murcia","Región de Murcia","125"
"25062026","0","","ZONTES","125X","Palencia","Castilla y León","125"
"25062026","0","","KAWASAKI","Z1100","Burgos","Castilla y León","1099"
"25062026","0","","VOGE","DS900X","Barcelona","Cataluña","895"
"25062026","0","","ZONTES","125M","Sevilla","Andalucía","125"
"25062026","0","","VOGE","SR16","Barcelona","Cataluña","125"
"25062026","0","","KTM","KTM 125 ENDURO","Álava/Araba","País Vasco","125"
"25062026","0","","HONDA","PCX 125","Madrid","Comunidad de Madrid","125"
"25062026","0","","ZONTES","125X","Tarragona","Cataluña","125"
"25062026","0","","PIAGGIO","VESPA PRIMAVERA 125","Málaga","Andalucía","124"
"25062026","0","","YAMAHA","TMAX 560","Málaga","Andalucía","562"
"25062026","0","","HONDA","FORZA125","Sevilla","Andalucía","125"
"25062026","0","","BMW","F 900 R A2","Palmas (Las)","Canarias","895"
"25062026","0","","YAMAHA","MT-125","Bizkaia","País Vasco","125"
"25062026","0","","YAMAHA","NMAX 125","Tarragona","Cataluña","125"
"25062026","0","","KYMCO","DTX","Murcia","Región de Murcia","321"
"25062026","0","","HONDA","CBR 650 R","Jaén","Andalucía","649"
"25062026","0","","ZONTES","703F","Granada","Andalucía","699"
"25062026","0","","ZONTES","125X","Madrid","Comunidad de Madrid","125"
"25062026","0","","YAMAHA","RayZR 125","Illes Balears","Illes Balears","125"
"25062026","0","","KEEWAY","XDV 125 EVO PRO","Valencia/València","Comunidad Valenciana","125"
"25062026","0","","YAMAHA","NMAX 125","Madrid","Comunidad de Madrid","125"
"25062026","0","","BAJAJ","PULSAR NS 125","Illes Balears","Illes Balears","124"
"25062026","0","","YAMAHA","RayZR 125","Alicante/Alacant","Comunidad Valenciana","125"
"25062026","0","","MACBOR","SHIFTER 125 EVO","Cádiz","Andalucía","125"
"25062026","0","","BMW","F 900 R A2","Santa Cruz de Tenerife","Canarias","895"
"25062026","0","","HUSQVARNA","HUSQVARNA 801 SVARTPIL","Toledo","Castilla-La Mancha","799"
"25062026","0","","BENDA","NAPOLEON 125","Murcia","Región de Murcia","125"
"25062026","0","","YAMAHA","XTZ 700 Tenere","Murcia","Región de Murcia","689"
"25062026","0","","HONDA","PCX 125","Navarra","Comunidad Foral de Navarra","125"
"25062026","0","","KTM","KTM 990 RC R","Badajoz","Extremadura","947"
"25062026","0","","APRILIA","SR GT 400","Cádiz","Andalucía","399"
"25062026","0","","SYM","SYMPHONY 125","Barcelona","Cataluña","125"
"25062026","0","","HONDA","FORZA 350","Barcelona","Cataluña","330"
"25062026","0","","CFMOTO","800MT-X","Jaén","Andalucía","799"
"25062026","0","","YAMAHA","MT-125","León","Castilla y León","125"
"25062026","0","","HONDA","ADV 750","Málaga","Andalucía","745"
"25062026","0","","HONDA","NC 750 X","Barcelona","Cataluña","745"
"25062026","0","","SYM","ADXTG 400","Ourense","Galicia","399"
"25062026","0","","KYMCO","AGILITY S","Málaga","Andalucía","125"
"25062026","0","","YAMAHA","NMAX 125","Granada","Andalucía","125"
"25062026","0","","KYMCO","AGILITY S","Cádiz","Andalucía","125"
"25062026","0","","HONDA","NC 750 X","Córdoba","Andalucía","745"
"25062026","0","","VOGE","DS525X","Coruña (A)","Galicia","494"
"25062026","0","","YAMAHA","NMAX 125","Palmas (Las)","Canarias","125"
"25062026","0","","PIAGGIO","VESPA PRIMAVERA 125","Alicante/Alacant","Comunidad Valenciana","124"
"25062026","0","","KAWASAKI","VULCAN S","Zaragoza","Aragón","649"
"25062026","0","","BMW","F 900 R A2","Cantabria","Cantabria","895"
"25062026","0","","YAMAHA","XTZ 700 Tenere","Tarragona","Cataluña","689"
"25062026","0","","BMW","F 900 R","Girona","Cataluña","895"
"25062026","0","","ZONTES","125X","Santa Cruz de Tenerife","Canarias","125"
"25062026","0","","ZONTES","125E","Illes Balears","Illes Balears","125"
"25062026","0","","VOGE","DS800X RALLY","Guadalajara","Castilla-La Mancha","798"
"25062026","0","","ZONTES","125X","Madrid","Comunidad de Madrid","125"
"25062026","0","","HONDA","PCX 125","Santa Cruz de Tenerife","Canarias","125"
"25062026","0","","YAMAHA","MT-07","Sevilla","Andalucía","689"
"25062026","0","","ZONTES","125X","Salamanca","Castilla y León","125"
"25062026","0","","KYMCO","AGILITY S","Granada","Andalucía","125"
"25062026","0","","SYM","SYMPHONY 125","Illes Balears","Illes Balears","125"
"25062026","0","","KTM","KTM 690 SMC R","Cádiz","Andalucía","693"
"25062026","0","","HONDA","NX500","Barcelona","Cataluña","471"
"25062026","0","","QJMOTOR","ATR 125 E5+","Madrid","Comunidad de Madrid","125"
"25062026","0","","YAMAHA","XMAX 125","Málaga","Andalucía","125"
"25062026","0","","YAMAHA","MT-125","Girona","Cataluña","125"
"25062026","0","","KYMCO","SUPER DINK GT","Barcelona","Cataluña","321"
"25062026","0","","YAMAHA","NMAX 125","Alicante/Alacant","Comunidad Valenciana","125"
"25062026","0","","YAMAHA","NMAX 125","Madrid","Comunidad de Madrid","125"
"25062026","0","","KAWASAKI","Z900","Cádiz","Andalucía","948"
"25062026","0","","TRIUMPH","TRIDENT 660 - TRIPLE T","Barcelona","Cataluña","660"
"25062026","0","","YAMAHA","TRICITY 125","Cádiz","Andalucía","125"
"25062026","0","","ZONTES","125M","Guadalajara","Castilla-La Mancha","125"
"25062026","0","","MITT","TY125T-26G","Zamora","Castilla y León","125"
"25062026","0","","YAMAHA","MT-125","Granada","Andalucía","125"
"25062026","0","","ROYAL ENFIELD","INTERCEPTOR BEAR 650","Tarragona","Cataluña","648"
"25062026","0","","PIAGGIO","LIBERTY 125 ABS","Cádiz","Andalucía","124"
"25062026","0","","ZONTES","125X","Gipuzkoa","País Vasco","125"
"25062026","0","","HONDA","CBF 125","Alicante/Alacant","Comunidad Valenciana","125"
"25062026","0","","YAMAHA","NMAX 125","Cádiz","Andalucía","125"
"25062026","0","","KYMCO","AGILITY S","Santa Cruz de Tenerife","Canarias","125"
"25062026","0","","BMW","F 900 R","Castellón/Castelló","Comunidad Valenciana","895"
"25062026","0","","YAMAHA","NMAX 125","Alicante/Alacant","Comunidad Valenciana","125"
"25062026","0","","HONDA","Rebel 500","Alicante/Alacant","Comunidad Valenciana","471"
"25062026","0","","MACBOR","ROCKSTER FLAT 125 EVO","Murcia","Región de Murcia","125"
"25062026","0","","KOVE","KOVE 800 X RALLY","Madrid","Comunidad de Madrid","799"
"25062026","0","","ZONTES","125X","Navarra","Comunidad Foral de Navarra","125"
"25062026","0","","ZONTES","703RR","Asturias","Principado de Asturias","699"
"25062026","0","","ZONTES","125X","Madrid","Comunidad de Madrid","125"
"25062026","0","","HONDA","VISION 110","Alicante/Alacant","Comunidad Valenciana","109"
"25062026","0","","HERO MOTOCORP","X PULSE 200 4V","Navarra","Comunidad Foral de Navarra","200"
"25062026","0","","APRILIA","SX 125","Barcelona","Cataluña","124"
"25062026","0","","TRIUMPH","SPEED TWIN","Illes Balears","Illes Balears","1200"
"25062026","0","","ZONTES","125X","Murcia","Región de Murcia","125"
"25062026","0","","ZONTES","ZT125-G1","Zaragoza","Aragón","125"
"25062026","0","","VOGE","300RALLY","Barcelona","Cataluña","292"
"25062026","0","","VOGE","R125","Barcelona","Cataluña","125"
"25062026","0","","SYM","JET 14","Burgos","Castilla y León","125"
"25062026","0","","LINHAI","BUCK ADV","Granada","Andalucía","124"
"25062026","0","","BMW","R 1300 GS ADVENTURE","Málaga","Andalucía","1300"
"25062026","0","","SYM","JET X","Barcelona","Cataluña","125"
"25062026","0","","TRIUMPH","SPEED TWIN","Santa Cruz de Tenerife","Canarias","1200"
"25062026","0","","HONDA","FORZA125","Barcelona","Cataluña","125"
"25062026","0","","BMW","F 900 GS ADVENTURE","Ávila","Castilla y León","895"
"25062026","0","","YAMAHA","RayZR 125","Palmas (Las)","Canarias","125"
"25062026","0","","YAMAHA","XTZ 700 Tenere","Barcelona","Cataluña","689"
"25062026","0","","PIAGGIO","LIBERTY 125 ABS","Cádiz","Andalucía","124"
"25062026","0","","VOGE","R125S","Rioja (La)","La Rioja","125"
"25062026","0","","HONDA","FORZA125","Cádiz","Andalucía","125"
"25062026","0","","TRIUMPH","TIGER 900 RALLY PRO","Illes Balears","Illes Balears","888"
"25062026","0","","SYM","SYMPHONY 125","Barcelona","Cataluña","125"
"25062026","0","","BMW","F 900 GS","Ceuta","Ceuta","895"
"25062026","0","","ZONTES","125X","Madrid","Comunidad de Madrid","125"
"25062026","0","","SYM","SYMPHONY 125","Barcelona","Cataluña","125"
"25062026","0","","HONDA","ADV 750","Málaga","Andalucía","745"
"25062026","0","","YAMAHA","NMAX 125","Melilla","Melilla","125"
"25062026","0","","BMW","F 900 GS","Barcelona","Cataluña","895"
"25062026","0","","HONDA","PCX 125","Lleida","Cataluña","125"
"25062026","0","","ZONTES","368G","Cuenca","Castilla-La Mancha","368"
"25062026","0","","BMW","F 800 GS","Barcelona","Cataluña","895"
"25062026","0","","KYMCO","PEOPLE S 125 E5+","Pontevedra","Galicia","125"
"25062026","0","","HONDA","VISION 110","Illes Balears","Illes Balears","109"
"25062026","0","","YAMAHA","MT-07","Madrid","Comunidad de Madrid","689"
"25062026","0","","KYMCO","AGILITY S","Murcia","Región de Murcia","125"
"25062026","0","","YAMAHA","RayZR 125","Ciudad Real","Castilla-La Mancha","125"
"25062026","0","","SUZUKI","V-Strom 800","Palmas (Las)","Canarias","776"
"25062026","0","","HONDA","PCX 125","Alicante/Alacant","Comunidad Valenciana","125"
"25062026","0","","HONDA","XL750 Transalp","Barcelona","Cataluña","755"
"25062026","0","","ZONTES","125X","Cádiz","Andalucía","125"
"25062026","0","","VOGE","DS900X","Barcelona","Cataluña","895"
"25062026","0","","QJMOTOR","ATR 125 E5+","Cádiz","Andalucía","125"
"25062026","0","","BENDA","NAPOLEON 125","Santa Cruz de Tenerife","Canarias","125"
"25062026","0","","BMW","F 900 R","Murcia","Región de Murcia","895"
"25062026","0","","HONDA","ADV 350","León","Castilla y León","330"
"25062026","0","","ZONTES","368G","Barcelona","Cataluña","368"
"25062026","0","","BMW","R 1300 GS","Girona","Cataluña","1300"
"25062026","0","","KAWASAKI","NINJA ZX-4R","Toledo","Castilla-La Mancha","399"
"25062026","0","","PIAGGIO","VESPA GTS 125","Madrid","Comunidad de Madrid","125"
"25062026","0","","HONDA","XL750 Transalp","Cádiz","Andalucía","755"
"25062026","0","","SYM","SYMPHONY 125","Gipuzkoa","País Vasco","125"
"25062026","0","","YAMAHA","NMAX 125","Valencia/València","Comunidad Valenciana","125"
"25062026","0","","KTM","KTM 390 ADVENTURE X","Toledo","Castilla-La Mancha","399"
"25062026","0","","KEEWAY","GEMMA","Murcia","Región de Murcia","117"
"25062026","0","","BMW","R 1300 GS","Valencia/València","Comunidad Valenciana","1300"
"25062026","0","","TRIUMPH","TRIDENT 800","Barcelona","Cataluña","798"
"25062026","0","","YAMAHA","XMAX 125","Coruña (A)","Galicia","125"
"25062026","0","","VOGE","DS900X","Badajoz","Extremadura","895"
"25062026","0","","VOGE","DS525X","Granada","Andalucía","494"
"25062026","0","","ZONTES","125X","Madrid","Comunidad de Madrid","125"
"25062026","0","","VOGE","DS800X RALLY","Palmas (Las)","Canarias","798"
"25062026","0","","HONDA","SH125i","Illes Balears","Illes Balears","125"
"25062026","0","","APRILIA","SR GT 400","Cádiz","Andalucía","399"
"25062026","0","","KEEWAY","VERSILIA 125","Cáceres","Extremadura","125"
"25062026","0","","KEEWAY","XDV 125 EVO PRO","Valencia/València","Comunidad Valenciana","125"
"25062026","0","","SUZUKI","GSX-8S","Asturias","Principado de Asturias","776"
"25062026","0","","ZONTES","ZT125-G1","Toledo","Castilla-La Mancha","125"
"25062026","0","","ZONTES","125X","Ciudad Real","Castilla-La Mancha","125"
"25062026","0","","SUZUKI","GSX-8S","Asturias","Principado de Asturias","776"
"25062026","0","","HONDA","NC 750 X","Cádiz","Andalucía","745"
"25062026","0","","HONDA","FORZA 750","Pontevedra","Galicia","745"
"25062026","0","","VOGE","DS900X","Guadalajara","Castilla-La Mancha","895"
"25062026","0","","SYM","SYMPHONY 125","Barcelona","Cataluña","125"
"25062026","0","","KYMCO","SKYTOWN 125","Madrid","Comunidad de Madrid","125"
"25062026","0","","CFMOTO","675SR-R","Pontevedra","Galicia","674"
"25062026","0","","SUZUKI","GSX-8S","Cádiz","Andalucía","776"
"25062026","0","","KTM","KTM 390 ADVENTURE X","Cáceres","Extremadura","399"
"25062026","0","","BMW","R 1300 RS","Sevilla","Andalucía","1300"
"25062026","0","","HONDA","CBR600R3","Santa Cruz de Tenerife","Canarias","599"
"25062026","0","","ZONTES","368D","Valencia/València","Comunidad Valenciana","368"
"25062026","0","","MH MOTORCYCLES","VRT","Málaga","Andalucía","124"
"25062026","0","","ZONTES","125X","Valladolid","Castilla y León","125"
"25062026","0","","BMW","F 900 XR","Madrid","Comunidad de Madrid","895"
"25062026","0","","YAMAHA","MT-07","Santa Cruz de Tenerife","Canarias","689"
"25062026","0","","YAMAHA","XSR-900","Valencia/València","Comunidad Valenciana","890"
"25062026","0","","ZONTES","368G","Navarra","Comunidad Foral de Navarra","368"
"25062026","0","","KTM","KTM 390 ENDURO R","Madrid","Comunidad de Madrid","399"
"25062026","0","","CFMOTO","450MT","Madrid","Comunidad de Madrid","449"
"25062026","0","","MORBIDELLI","T125 X","Palmas (Las)","Canarias","124"
"25062026","0","","HONDA","NT1100","Cádiz","Andalucía","1084"
"25062026","0","","VOGE","SR1","Barcelona","Cataluña","125"
"25062026","0","","MACBOR","MONTANA XR1 125 EVO","Valladolid","Castilla y León","124"
"25062026","0","","TRIUMPH","TIGER 900 GT PRO","Albacete","Castilla-La Mancha","888"
"25062026","0","","KYMCO","AGILITY S","Valencia/València","Comunidad Valenciana","125"
"25062026","0","","SUZUKI","V-Strom 1050","Barcelona","Cataluña","1037"
"25062026","0","","BMW","F 800 GS","Madrid","Comunidad de Madrid","895"
"25062026","0","","KAWASAKI","NINJA ZX-4R","Madrid","Comunidad de Madrid","399"
"25062026","0","","YAMAHA","YZF-R9","Madrid","Comunidad de Madrid","890"
"25062026","0","","ZONTES","368G","Madrid","Comunidad de Madrid","368"
"25062026","0","","YAMAHA","Tracer 9 GT","Barcelona","Cataluña","890"
"25062026","0","","MORBIDELLI","C1002V","Madrid","Comunidad de Madrid","997"
"25062026","0","","KYMCO","AGILITY S","Barcelona","Cataluña","125"
"25062026","0","","ZONTES","125X","Cádiz","Andalucía","125"
"25062026","0","","YAMAHA","RayZR 125","Málaga","Andalucía","125"
"25062026","0","","RIEJU","NOT APPLICABLE","Jaén","Andalucía","124"
"25062026","0","","YAMAHA","NMAX 125","Sevilla","Andalucía","125"
"25062026","0","","DUCATI","HYPERMOTARD V2","Santa Cruz de Tenerife","Canarias","890"
"25062026","0","","VOGE","R125S","Tarragona","Cataluña","125"
"25062026","0","","HONDA","ADV 350","Palmas (Las)","Canarias","330"
"25062026","0","","KTM","KTM 390 ENDURO R","Pontevedra","Galicia","399"
"25062026","0","","YAMAHA","MT-09","Sevilla","Andalucía","890"
"25062026","0","","BMW","F 900 R","Illes Balears","Illes Balears","895"
"25062026","0","","HONDA","CBR 650 R","Alicante/Alacant","Comunidad Valenciana","649"
"25062026","0","","YAMAHA","RayZR 125","Madrid","Comunidad de Madrid","125"
"25062026","0","","ZONTES","125C","Granada","Andalucía","125"
"25062026","0","","ZONTES","ZT125-Z2","Illes Balears","Illes Balears","125"
"25062026","0","","YAMAHA","NMAX 125","Málaga","Andalucía","125"
"25062026","0","","PEUGEOT","DJANGO","León","Castilla y León","125"
"25062026","0","","HONDA","FORZA125","Sevilla","Andalucía","125"
"25062026","0","","VOGE","SR3","Sevilla","Andalucía","244"
"25062026","0","","ZONTES","368G","Madrid","Comunidad de Madrid","368"
"25062026","0","","APRILIA","SR GT 125","Almería","Andalucía","125"
"25062026","0","","KYMCO","DTX","Madrid","Comunidad de Madrid","124"
"25062026","0","","SYM","JET X","Huelva","Andalucía","125"
"25062026","0","","ZONTES","125X","Barcelona","Cataluña","125"
"25062026","0","","YAMAHA","MT-125","Barcelona","Cataluña","125"
"25062026","0","","HONDA","SH Mode 125","Illes Balears","Illes Balears","125"
"25062026","0","","YAMAHA","MT-09","León","Castilla y León","890"
"25062026","0","","ZONTES","368G","Cádiz","Andalucía","368"
"25062026","0","","KYMCO","AGILITY S","Alicante/Alacant","Comunidad Valenciana","125"
"25062026","0","","MITT","GT-S","Madrid","Comunidad de Madrid","125"
"25062026","0","","VOGE","DS900X","Cádiz","Andalucía","895"
"25062026","0","","ZONTES","368G","Madrid","Comunidad de Madrid","368"
"25062026","0","","PIAGGIO","MEDLEY 125","Pontevedra","Galicia","125"
"25062026","0","","YAMAHA","NMAX 125","Murcia","Región de Murcia","125"
"25062026","0","","VOGE","DS800X RALLY","Sevilla","Andalucía","798"
"25062026","0","","BMW","R 1300 GS","Tarragona","Cataluña","1300"
"25062026","0","","RIEJU","N/A","Murcia","Región de Murcia","125"
"25062026","0","","SYM","SYMPHONY 125","Barcelona","Cataluña","125"
"25062026","0","","CFMOTO","450MT","Madrid","Comunidad de Madrid","449"
"25062026","0","","HONDA","FORZA 750","Girona","Cataluña","745"
"25062026","0","","PIAGGIO","MEDLEY 125","Madrid","Comunidad de Madrid","125"
"25062026","0","","KYMCO","SUPER DINK GT 125 E5+","Santa Cruz de Tenerife","Canarias","124"
"25062026","0","","HONDA","CBR600R3","Santa Cruz de Tenerife","Canarias","599"
"25062026","0","","KTM","KTM 390 ENDURO R","Huelva","Andalucía","399"
"25062026","0","","LETBE","MECHA","Alicante/Alacant","Comunidad Valenciana","125"
"25062026","0","","VOGE","DS900X","Barcelona","Cataluña","895"
"25062026","0","","ZONTES","ZT125-U1","Bizkaia","País Vasco","125"
"25062026","0","","HONDA","ADV 350","Palmas (Las)","Canarias","330"
"25062026","0","","ZONTES","125X","Zaragoza","Aragón","125"
"25062026","0","","ROYAL ENFIELD","CLASSIC 350","Tarragona","Cataluña","349"
"25062026","0","","HERO MOTOCORP","HUNK 440","Madrid","Comunidad de Madrid","440"
"25062026","0","","KEEWAY","XDV 125 EVO PRO","Alicante/Alacant","Comunidad Valenciana","125"
"25062026","0","","HONDA","SH Mode 125","Barcelona","Cataluña","125"
"25062026","0","","HONDA","PCX 125","Asturias","Principado de Asturias","125"
"25062026","0","","CFMOTO","450MT","Madrid","Comunidad de Madrid","449"
"25062026","0","","KYMCO","DTX","Madrid","Comunidad de Madrid","321"
"25062026","0","","YAMAHA","NMAX 125","Huelva","Andalucía","125"
"25062026","0","","SYM","ADX 125 LC TCS E5+","Palmas (Las)","Canarias","125"
"25062026","0","","YAMAHA","Tracer 9 GT","Almería","Andalucía","890"
"25062026","0","","PIAGGIO","LIBERTY 125 ABS","Illes Balears","Illes Balears","124"
"25062026","0","","YAMAHA","MT-07","Illes Balears","Illes Balears","689"
"25062026","0","","SYM","SYMPHONY 125","Palmas (Las)","Canarias","125"
"25062026","0","","HONDA","XL750 Transalp","Coruña (A)","Galicia","755"
"25062026","0","","ZONTES","125X","León","Castilla y León","125"
"25062026","0","","LAMBRETTA","V125 SPECIAL FLEX","Alicante/Alacant","Comunidad Valenciana","125"
"25062026","0","","BENELLI","TRK 702","Barcelona","Cataluña","698"
"25062026","0","","SYM","CRUISYM 125 TCS E5+","Salamanca","Castilla y León","124"
"25062026","0","","MOTO MORINI","SEIEMMEZZO","Barcelona","Cataluña","649"
"25062026","0","","BAJAJ","DOMINAR D 400","Huelva","Andalucía","373"
"25062026","0","","FANTIC MOTOR","---","Santa Cruz de Tenerife","Canarias","125"
"25062026","0","","VOGE","SR1ADV","Barcelona","Cataluña","125"
"25062026","0","","TRIUMPH","STREET TRIPLE 765 RX","Madrid","Comunidad de Madrid","765"
"25062026","0","","KYMCO","DTX","Murcia","Región de Murcia","321"
"25062026","0","","SYM","JET 14","Tarragona","Cataluña","125"
"25062026","0","","ZONTES","125X","Pontevedra","Galicia","125"
"25062026","0","","HONDA","NX500","Barcelona","Cataluña","471"
"25062026","0","","KEEWAY","RKS 125","Asturias","Principado de Asturias","124"
"25062026","0","","BENDA","LFC700","Alicante/Alacant","Comunidad Valenciana","680"
"25062026","0","","PIAGGIO","VESPA PRIMAVERA 125","Pontevedra","Galicia","124"
"25062026","0","","RIEJU","N/A","Barcelona","Cataluña","125"
"25062026","0","","VOGE","R125S","Lugo","Galicia","125"
"25062026","0","","HONDA","ST125A","Barcelona","Cataluña","124"
"25062026","0","","HONDA","SH Mode 125","Málaga","Andalucía","125"
"25062026","0","","ZONTES","125X","Madrid","Comunidad de Madrid","125"
"25062026","0","","ZONTES","125X","Cádiz","Andalucía","125"
"25062026","0","","BMW","M 1000 XR","Barcelona","Cataluña","999"
"25062026","0","","SUZUKI","V-Strom 800","Madrid","Comunidad de Madrid","776"
"25062026","0","","RIEJU","NOT APPLICABLE","Barcelona","Cataluña","124"
"25062026","0","","ZONTES","125C","Madrid","Comunidad de Madrid","125"
"25062026","0","","ZONTES","125X","Cádiz","Andalucía","125"
"25062026","0","","APRILIA","RS 660","Madrid","Comunidad de Madrid","659"
"25062026","0","","ZONTES","125X","Illes Balears","Illes Balears","125"
"25062026","0","","QJMOTOR","SRT 900 S","Valladolid","Castilla y León","904"
"25062026","0","","SYM","JET X","Barcelona","Cataluña","125"
"25062026","0","","HONDA","CB650RA","Granada","Andalucía","649"
"25062026","0","","KYMCO","AGILITY S","Alicante/Alacant","Comunidad Valenciana","125"
"25062026","0","","RIEJU","N/A","Cáceres","Extremadura","125"
"25062026","0","","APRILIA","RX 125","Palmas (Las)","Canarias","124"
"25062026","0","","BMW","F 450 GS","Asturias","Principado de Asturias","420"
"25062026","0","","KTM","KTM 990 DUKE R","Valencia/València","Comunidad Valenciana","947"
"25062026","0","","PIAGGIO","MEDLEY 125","Santa Cruz de Tenerife","Canarias","125"
"25062026","0","","VOGE","SR1ADV","Barcelona","Cataluña","125"
"25062026","0","","KYMCO","AGILITY S","Cádiz","Andalucía","125"
"25062026","0","","SYM","SYMPHONY 125","Madrid","Comunidad de Madrid","125"
"25062026","0","","ZONTES","ZT125-U1","Málaga","Andalucía","125"
"25062026","0","","MACBOR","ROCKSTER FLAT 125 EVO","Madrid","Comunidad de Madrid","125"
"25062026","0","","KYMCO","SUPER DINK GT","Alicante/Alacant","Comunidad Valenciana","321"
"25062026","0","","YAMAHA","XMAX 300","Girona","Cataluña","292"
"25062026","0","","YAMAHA","WR125","Barcelona","Cataluña","125"
"25062026","0","","ZONTES","125E","Rioja (La)","La Rioja","125"
"25062026","0","","VOGE","DS525X","Murcia","Región de Murcia","494"
"25062026","0","","APRILIA","SR GT 125","Cádiz","Andalucía","125"
"25062026","0","","HONDA","SH125i","Barcelona","Cataluña","125"
"25062026","0","","ZONTES","ZT125-U1","Córdoba","Andalucía","125"
"25062026","0","","YAMAHA","XMAX 125","Sevilla","Andalucía","125"
"25062026","0","","ZONTES","125X","Bizkaia","País Vasco","125"
"25062026","0","","KEEWAY","XDV 125 EVO PRO","Barcelona","Cataluña","125"
"25062026","0","","ZONTES","368G","Sevilla","Andalucía","368"
"25062026","0","","SYM","SYMPHONY 125","Girona","Cataluña","125"
"25062026","0","","ZONTES","703F","Madrid","Comunidad de Madrid","699"
"25062026","0","","QJMOTOR","SRT 300 DX","Murcia","Región de Murcia","292"
"25062026","0","","PIAGGIO","VESPA PRIMAVERA 125","Madrid","Comunidad de Madrid","124"
"25062026","0","","YAMAHA","NMAX 125","Barcelona","Cataluña","125"
"25062026","0","","BMW","F 900 R","Coruña (A)","Galicia","895"
"25062026","0","","VOGE","DS800X RALLY","Barcelona","Cataluña","798"
"25062026","0","","MALCOR IBERICA","SCRAMBLER 125","Pontevedra","Galicia","125"
"25062026","0","","YAMAHA","XTZ 700 Tenere","Granada","Andalucía","689"
"25062026","0","","YAMAHA","XMAX 125","Alicante/Alacant","Comunidad Valenciana","125"
"25062026","0","","ZONTES","125X","Málaga","Andalucía","125"
"25062026","0","","BMW","F 900 R A2","Madrid","Comunidad de Madrid","895"
"25062026","0","","HONDA","PCX 125","Albacete","Castilla-La Mancha","125"
"25062026","0","","HONDA","PCX 125","Badajoz","Extremadura","125"
"25062026","0","","HONDA","FORZA125","Sevilla","Andalucía","125"
"25062026","0","","ZONTES","125X","Barcelona","Cataluña","125"
"25062026","0","","YAMAHA","NMAX 125","Toledo","Castilla-La Mancha","125"
"25062026","0","","YAMAHA","MT-125","Illes Balears","Illes Balears","125"
"25062026","0","","HONDA","PCX 125","Palmas (Las)","Canarias","125"
"25062026","0","","YAMAHA","RayZR 125","Asturias","Principado de Asturias","125"
"25062026","0","","YAMAHA","NMAX 125","Alicante/Alacant","Comunidad Valenciana","125"
"25062026","0","","YAMAHA","R125","Girona","Cataluña","125"
"25062026","0","","YAMAHA","TMAX 560","Barcelona","Cataluña","562"
"25062026","0","","ZONTES","125X","Granada","Andalucía","125"
"25062026","0","","ZONTES","125X","Madrid","Comunidad de Madrid","125"
"25062026","0","","RIEJU","NKD 125","Murcia","Región de Murcia","124"
"25062026","0","","YAMAHA","NMAX 125","Almería","Andalucía","125"
"25062026","0","","RIEJU","RALLY 307","Huesca","Aragón","292"
"25062026","0","","HONDA","PCX 125","Barcelona","Cataluña","125"
"25062026","0","","HONDA","VISION 110","Málaga","Andalucía","109"
"25062026","0","","SYM","SYMPHONY 125","Navarra","Comunidad Foral de Navarra","125"
"25062026","0","","PIAGGIO","VESPA PRIMAVERA 125","Madrid","Comunidad de Madrid","124"
"25062026","0","","ZONTES","368G","Cádiz","Andalucía","368"
"25062026","0","","KYMCO","AGILITY S","Málaga","Andalucía","125"
"25062026","0","","VOGE","R125S","Castellón/Castelló","Comunidad Valenciana","125"
"25062026","0","","SYM","JET X","Girona","Cataluña","125"
"25062026","0","","KAWASAKI","Z650","Almería","Andalucía","649"
"25062026","0","","VOGE","DS900X","Illes Balears","Illes Balears","895"
"25062026","0","","QJMOTOR","MTX 125 E5+","Madrid","Comunidad de Madrid","125"
"25062026","0","","KYMCO","DTX","Málaga","Andalucía","124"
"25062026","0","","HONDA","ADV 350","Murcia","Región de Murcia","330"
"25062026","0","","BMW","R 1300 GS","Madrid","Comunidad de Madrid","1300"
"25062026","0","","VOGE","DS800X RALLY","Málaga","Andalucía","798"
"25062026","0","","KAWASAKI","Z900","Barcelona","Cataluña","948"
"25062026","0","","VOGE","R125S","Barcelona","Cataluña","125"
"25062026","0","","YAMAHA","XMAX 125","Santa Cruz de Tenerife","Canarias","125"
"25062026","0","","HONDA","FORZA 350","Granada","Andalucía","330"
"25062026","0","","YAMAHA","MT-125","Barcelona","Cataluña","125"
"25062026","0","","VOGE","DS900X","Murcia","Región de Murcia","895"
"25062026","0","","HONDA","ADV 750","Cádiz","Andalucía","745"
"25062026","0","","ZONTES","368K","Segovia","Castilla y León","368"
"25062026","0","","KAWASAKI","VERSYS 1100","Salamanca","Castilla y León","1099"
"25062026","0","","KAWASAKI","Z900","Ciudad Real","Castilla-La Mancha","948"
"25062026","0","","CFMOTO","800MT-X","Madrid","Comunidad de Madrid","799"
"25062026","0","","HONDA","CBR 650 R","Jaén","Andalucía","649"
"25062026","0","","ZONTES","125C","Granada","Andalucía","125"
"25062026","0","","YAMAHA","XMAX 125","Valencia/València","Comunidad Valenciana","125"
"25062026","0","","YAMAHA","NMAX 125","Barcelona","Cataluña","125"
"25062026","0","","ZONTES","125C","Castellón/Castelló","Comunidad Valenciana","125"
"25062026","0","","RIEJU","N/A","Toledo","Castilla-La Mancha","125"
"25062026","0","","HONDA","VISION 110","Alicante/Alacant","Comunidad Valenciana","109"
"25062026","0","","ZONTES","125X","Alicante/Alacant","Comunidad Valenciana","125"
"25062026","0","","VOGE","625DSX","Murcia","Región de Murcia","581"
"25062026","0","","BMW","F 900 XR","Alicante/Alacant","Comunidad Valenciana","895"
"25062026","0","","YAMAHA","NMAX 125","Madrid","Comunidad de Madrid","125"
"25062026","0","","YAMAHA","NMAX 125","Illes Balears","Illes Balears","125"
"25062026","0","","KYMCO","DTX","Bizkaia","País Vasco","321"
"25062026","0","","HONDA","GB350S","Alicante/Alacant","Comunidad Valenciana","348"
"25062026","0","","SYM","JET 14","Zamora","Castilla y León","125"
"25062026","0","","YAMAHA","NMAX 125","Málaga","Andalucía","125"
"25062026","0","","HONDA","PCX 125","Barcelona","Cataluña","125"
"25062026","0","","SWM","HOKU 125","Santa Cruz de Tenerife","Canarias","125"
"25062026","0","","YAMAHA","NMAX 125","Asturias","Principado de Asturias","125"
"25062026","0","","HONDA","XL750 Transalp","Barcelona","Cataluña","755"
"25062026","0","","ZONTES","125X","Cantabria","Cantabria","125"
"25062026","0","","YAMAHA","XMAX 125","Cantabria","Cantabria","125"
"25062026","0","","CFMOTO","675NK","Madrid","Comunidad de Madrid","674"
"25062026","0","","VOGE","R125","Asturias","Principado de Asturias","125"
"25062026","0","","ZONTES","368G","Gipuzkoa","País Vasco","368"
"25062026","0","","DUCATI","MULTISTRADA V2","Barcelona","Cataluña","890"
"25062026","0","","SYM","SYMPHONY 125","Barcelona","Cataluña","125"
"25062026","0","","PIAGGIO","VESPA PRIMAVERA 125","Madrid","Comunidad de Madrid","124"
"25062026","0","","KTM","KTM 125 DUKE","Madrid","Comunidad de Madrid","125"
"25062026","0","","KTM","KTM 125 DUKE","Sevilla","Andalucía","125"
"25062026","0","","YAMAHA","XTZ 700 Tenere","Málaga","Andalucía","689"
"25062026","0","","ZONTES","125X","Melilla","Melilla","125"
"25062026","0","","HUSQVARNA","HUSQVARNA TE 300","Lugo","Galicia","293"
"25062026","0","","HONDA","PCX 125","Cádiz","Andalucía","125"
"25062026","0","","MITT","125GP","Cuenca","Castilla-La Mancha","124"
"25062026","0","","VOGE","DS800X RALLY","Girona","Cataluña","798"
"25062026","0","","HONDA","ADV 750","Cádiz","Andalucía","745"
"25062026","0","","VOGE","DS800X RALLY","Córdoba","Andalucía","798"
"25062026","0","","BAJAJ","DOMINAR D 400","Madrid","Comunidad de Madrid","373"
"25062026","0","","PEUGEOT","PULSION EVO","Valencia/València","Comunidad Valenciana","125"
"25062026","0","","DUCATI","MULTISTRADA V2","Granada","Andalucía","890"
"25062026","0","","ZONTES","125X","Sevilla","Andalucía","125"
"25062026","0","","HONDA","VISION 110","Barcelona","Cataluña","109"
"25062026","0","","KYMCO","AGILITY S","Cádiz","Andalucía","125"
"25062026","0","","TRIUMPH","BONNEVILLE T120 (E5 VB","Navarra","Comunidad Foral de Navarra","1200"
"25062026","0","","SYM","JET 14","Alicante/Alacant","Comunidad Valenciana","125"
"25062026","0","","YAMAHA","NMAX 125","Barcelona","Cataluña","125"
"25062026","0","","APRILIA","SR GT 200","Madrid","Comunidad de Madrid","174"
"25062026","0","","ZONTES","125C","Córdoba","Andalucía","125"
"25062026","0","","QJMOTOR","SRT 600 SX E5+","Murcia","Región de Murcia","554"
"25062026","0","","QJMOTOR","MTX 125 E5+","Asturias","Principado de Asturias","125"
"25062026","0","","VOGE","DS900X","Pontevedra","Galicia","895"
"25062026","0","","HONDA","CB500FAC","Cantabria","Cantabria","471"
"25062026","0","","YAMAHA","NMAX 125","Illes Balears","Illes Balears","125"
"25062026","0","","KYMCO","AGILITY S","Bizkaia","País Vasco","125"
"25062026","0","","HONDA","PCX 125","Murcia","Región de Murcia","125"
"25062026","0","","YAMAHA","R125","Barcelona","Cataluña","125"
"25062026","0","","YAMAHA","NMAX 125","Barcelona","Cataluña","125"
"25062026","0","","BAJAJ","PULSAR NS 125","Alicante/Alacant","Comunidad Valenciana","124"
"25062026","0","","VOGE","DS525X","Barcelona","Cataluña","494"
"25062026","0","","YAMAHA","NMAX 125","Málaga","Andalucía","125"
"25062026","0","","SUZUKI","GSX-8S","Barcelona","Cataluña","776"
"25062026","0","","HONDA","PCX 125","Alicante/Alacant","Comunidad Valenciana","125"
"25062026","0","","APRILIA","SR GT 125","Alicante/Alacant","Comunidad Valenciana","125"
"25062026","0","","SYM","FUGUE 125 ABS TOP CASE","Barcelona","Cataluña","124"
"25062026","0","","ZONTES","125X","Barcelona","Cataluña","125"
"25062026","0","","PEUGEOT","KISBEE M","Madrid","Comunidad de Madrid","125"
"25062026","0","","HUSQVARNA","HUSQVARNA TE 300","Alicante/Alacant","Comunidad Valenciana","293"
"25062026","0","","RIEJU","N/A","Santa Cruz de Tenerife","Canarias","297"
"25062026","0","","INDIAN","CHIEF BOBBER DARK HORS","Alicante/Alacant","Comunidad Valenciana","1890"
"25062026","0","","VOGE","SR16","Tarragona","Cataluña","125"
"25062026","0","","VOGE","SR4 MAX","Barcelona","Cataluña","350"
"25062026","0","","APRILIA","RX 125","Alicante/Alacant","Comunidad Valenciana","124"
"25062026","0","","BENELLI","TRK 702","Toledo","Castilla-La Mancha","698"
"25062026","0","","HARLEY-DAVIDSON","NIGHTSTER","Palmas (Las)","Canarias","975"
"25062026","0","","MITT","125GP","Asturias","Principado de Asturias","124"
"25062026","0","","VOGE","DS800X RALLY","Navarra","Comunidad Foral de Navarra","798"
"25062026","0","","KEEWAY","RKS 125","Alicante/Alacant","Comunidad Valenciana","124"
"25062026","0","","HONDA","ADV 350","Córdoba","Andalucía","330"
"25062026","0","","PIAGGIO","VESPA PRIMAVERA TECH 1","Barcelona","Cataluña","124"
"25062026","0","","TRIUMPH","TRIDENT 660","Madrid","Comunidad de Madrid","660"
"25062026","0","","RIEJU","NOT APPLICABLE","Cádiz","Andalucía","124"
"25062026","0","","HONDA","ADV 750","Barcelona","Cataluña","745"
"25062026","0","","BMW","F 800 GS","Sevilla","Andalucía","895"
"25062026","0","","PIAGGIO","MEDLEY 125","Bizkaia","País Vasco","125"
"25062026","0","","SUZUKI","GSX-8S","Asturias","Principado de Asturias","776"
"25062026","0","","VOGE","DS800X RALLY","Palmas (Las)","Canarias","798"
"25062026","0","","HONDA","VISION 110","Barcelona","Cataluña","109"
"25062026","0","","MOTO GUZZI","V85 TT","Madrid","Comunidad de Madrid","853"
"25062026","0","","SYM","JET 14","Sevilla","Andalucía","125"
"25062026","0","","ZONTES","368G","Madrid","Comunidad de Madrid","368"
"25062026","0","","MITT","TY125T-26G","Alicante/Alacant","Comunidad Valenciana","125"
"25062026","0","","ZONTES","368G","Madrid","Comunidad de Madrid","368"
"25062026","0","","HONDA","SH125i","Girona","Cataluña","125"
"25062026","0","","VOGE","SR1","Jaén","Andalucía","125"
"25062026","0","","SYM","ADX 300 TCS","Barcelona","Cataluña","278"
"25062026","0","","BMW","F 900 R","Madrid","Comunidad de Madrid","895"
"25062026","0","","MORBIDELLI","SC125 RE","Murcia","Región de Murcia","125"
"25062026","0","","MACBOR","MONTANA XR5 510 E5+","Barcelona","Cataluña","498"
"25062026","0","","VOGE","DS800X RALLY","Barcelona","Cataluña","798"
"25062026","0","","ZONTES","125X","Coruña (A)","Galicia","125"
"25062026","0","","ZONTES","125X","Murcia","Región de Murcia","125"
"25062026","0","","YAMAHA","NMAX 125","Gipuzkoa","País Vasco","125"
"25062026","0","","KTM","KTM 890 ADVENTURE","Madrid","Comunidad de Madrid","889"
"25062026","0","","PIAGGIO","VESPA PRIMAVERA 125","Madrid","Comunidad de Madrid","124"
"25062026","0","","KEEWAY","RKS 125","Barcelona","Cataluña","124"
"25062026","0","","HONDA","PCX 125","Barcelona","Cataluña","125"
"25062026","0","","BMW","F 900 XR","Ciudad Real","Castilla-La Mancha","895"
"25062026","0","","YAMAHA","TRACER 700","Málaga","Andalucía","689"
"25062026","0","","BAJAJ","PULSAR NS 400 Z","Illes Balears","Illes Balears","373"
"25062026","0","","YAMAHA","MT-07","Illes Balears","Illes Balears","689"
"25062026","0","","HONDA","SH125i","Alicante/Alacant","Comunidad Valenciana","125"
"25062026","0","","HONDA","FORZA125","Coruña (A)","Galicia","125"
"25062026","0","","PIAGGIO","VESPA PRIMAVERA 125","Madrid","Comunidad de Madrid","124"
"25062026","0","","HONDA","SH Mode 125","Tarragona","Cataluña","125"
"25062026","0","","PEUGEOT","XP","Madrid","Comunidad de Madrid","399"
"25062026","0","","ZONTES","368G","Granada","Andalucía","368"
"25062026","0","","YAMAHA","NMAX 125","Cantabria","Cantabria","125"
"25062026","0","","HONDA","XL750 Transalp","Zaragoza","Aragón","755"
"25062026","0","","ZONTES","125X","Murcia","Región de Murcia","125"
"25062026","0","","SYM","SYMPHONY 125","Barcelona","Cataluña","125"
"25062026","0","","YAMAHA","NMAX 125","Alicante/Alacant","Comunidad Valenciana","125"
"25062026","0","","HONDA","PCX 125","Sevilla","Andalucía","125"
"25062026","0","","KYMCO","AGILITY S","Illes Balears","Illes Balears","125"
"25062026","0","","KYMCO","PEOPLE S 125 E5+","Coruña (A)","Galicia","125"
"25062026","0","","SYM","JOYMAX Z 300 E5+","Barcelona","Cataluña","278"
"25062026","0","","ZONTES","368G","Huelva","Andalucía","368"
"25062026","0","","HONDA","FORZA125","Barcelona","Cataluña","125"
"25062026","0","","QJMOTOR","SRT 900 SX","Granada","Andalucía","904"
"25062026","0","","VOGE","625DSX","Málaga","Andalucía","581"
"25062026","0","","ZONTES","125X","Madrid","Comunidad de Madrid","125"
"25062026","0","","HONDA","ADV 350","Álava/Araba","País Vasco","330"
"25062026","0","","PIAGGIO","LIBERTY 125 ABS","Alicante/Alacant","Comunidad Valenciana","124"
"25062026","0","","BENELLI","BN125","Barcelona","Cataluña","125"
"25062026","0","","ZONTES","368G","Cuenca","Castilla-La Mancha","368"
"25062026","0","","CYCLONE","RX2","Barcelona","Cataluña","124"
"25062026","0","","ZONTES","ZT125-G1","Madrid","Comunidad de Madrid","125"
"25062026","0","","KYMCO","SKYTOWN 125","Valencia/València","Comunidad Valenciana","125"
"25062026","0","","ZONTES","368G","Madrid","Comunidad de Madrid","368"
"25062026","0","","HONDA","FORZA 350","Santa Cruz de Tenerife","Canarias","330"
"25062026","0","","ZONTES","125X","Cádiz","Andalucía","125"
"25062026","0","","HONDA","SH350i","Girona","Cataluña","330"
"25062026","0","","BMW","R 12","Barcelona","Cataluña","1170"
"25062026","0","","MITT","125GTS","Barcelona","Cataluña","125"
"25062026","0","","SYM","SYMPHONY 125","Gipuzkoa","País Vasco","125"
"25062026","0","","QJMOTOR","SRV 125 E5+","Almería","Andalucía","125"
"25062026","0","","ZONTES","368G","Córdoba","Andalucía","368"
"25062026","0","","YAMAHA","XSR-125","Pontevedra","Galicia","125"
"25062026","0","","SYM","SYMPHONY 125","Barcelona","Cataluña","125"
"25062026","0","","BMW","C 400 X","Málaga","Andalucía","350"
"25062026","0","","ZONTES","368E","Madrid","Comunidad de Madrid","368"
"25062026","0","","PIAGGIO","VESPA PRIMAVERA 125","Madrid","Comunidad de Madrid","124"
"25062026","0","","ZONTES","368G","Málaga","Andalucía","368"
"25062026","0","","HONDA","VISION 110","Málaga","Andalucía","109"
"25062026","0","","SYM","JET X","Murcia","Región de Murcia","125"
"25062026","0","","ZONTES","125X","Madrid","Comunidad de Madrid","125"
"25062026","0","","KTM","KTM 125 DUKE","Valencia/València","Comunidad Valenciana","125"
"25062026","0","","HONDA","VISION 110","Alicante/Alacant","Comunidad Valenciana","109"
"25062026","0","","VOGE","DS900X","Barcelona","Cataluña","895"
"25062026","0","","KEEWAY","XDV 125 EVO PRO","Girona","Cataluña","125"
"25062026","0","","YAMAHA","RayZR 125","Toledo","Castilla-La Mancha","125"
"25062026","0","","HONDA","NT1100","Barcelona","Cataluña","1084"
"25062026","0","","KTM","KTM 125 DUKE","Valencia/València","Comunidad Valenciana","125"
"25062026","0","","MITT","125GP","Valencia/València","Comunidad Valenciana","124"
"25062026","0","","SYM","SYMPHONY 125","Barcelona","Cataluña","125"
"25062026","0","","KEEWAY","GEMMA","Murcia","Región de Murcia","117"
"25062026","0","","YAMAHA","MT-09","Illes Balears","Illes Balears","890"
"25062026","0","","KAWASAKI","VERSYS 1100","Madrid","Comunidad de Madrid","1099"
"25062026","0","","ZONTES","125X","Zamora","Castilla y León","125"
"25062026","0","","YAMAHA","MT-125","Palmas (Las)","Canarias","125"
"25062026","0","","MH MOTORCYCLES","VRT","Alicante/Alacant","Comunidad Valenciana","124"
"25062026","0","","HONDA","SH125i","Alicante/Alacant","Comunidad Valenciana","125"
"25062026","0","","MACBOR","ROCKSTER 410","Barcelona","Cataluña","401"
"25062026","0","","KYMCO","SKYTOWN 125","Alicante/Alacant","Comunidad Valenciana","125"
"25062026","0","","VOGE","DS800X RALLY","Illes Balears","Illes Balears","798"
"25062026","0","","YAMAHA","R7","Barcelona","Cataluña","689"
"25062026","0","","VOGE","SR1ADV","Sevilla","Andalucía","125"
"25062026","0","","HONDA","PCX 125","Cádiz","Andalucía","125"
"25062026","0","","RIEJU","NKD 125","Rioja (La)","La Rioja","124"
"25062026","0","","VOGE","DS525X","Murcia","Región de Murcia","494"
"25062026","0","","BMW","F 900 XR","Badajoz","Extremadura","895"
"25062026","0","","YAMAHA","NMAX 125","León","Castilla y León","125"
"25062026","0","","HARLEY-DAVIDSON","NIGHTSTER","Madrid","Comunidad de Madrid","975"
"25062026","0","","HUSQVARNA","HUSQVARNA 701 SUPERMOT","Barcelona","Cataluña","693"
"25062026","0","","SYM","CRUISYM 125 TCS E5+","Valencia/València","Comunidad Valenciana","124"
"25062026","0","","YAMAHA","XTZ 700 Tenere","Málaga","Andalucía","689"
"25062026","0","","KAWASAKI","NINJA ZX-6R","Málaga","Andalucía","636"
"25062026","0","","LETBE","ISLAND","Coruña (A)","Galicia","125"
"25062026","0","","HONDA","SH125i","Gipuzkoa","País Vasco","125"
"25062026","0","","YAMAHA","TMAX 560","Madrid","Comunidad de Madrid","562"
"25062026","0","","BMW","R 1300 GS ADVENTURE","Pontevedra","Galicia","1300"
"25062026","0","","BMW","F 450 GS","Málaga","Andalucía","420"
"25062026","0","","MOTO GUZZI","V85 STRADA","Barcelona","Cataluña","853"
"25062026","0","","BMW","S 1000 RR","Barcelona","Cataluña","999"
"25062026","0","","BMW","R 1300 GS","Barcelona","Cataluña","1300"
"25062026","0","","SYM","JOYMAX Z 125 E5","Murcia","Región de Murcia","124"
"25062026","0","","ZONTES","125X","Lleida","Cataluña","125"
"25062026","0","","VOGE","SR1","Madrid","Comunidad de Madrid","125"
"25062026","0","","QJMOTOR","SRK 125 S E5+","Zaragoza","Aragón","125"
"25062026","0","","APRILIA","RS 660","Madrid","Comunidad de Madrid","659"
"25062026","0","","QJMOTOR","SRV 125 E5+","Santa Cruz de Tenerife","Canarias","125"
"25062026","0","","BMW","F 800 GS","Barcelona","Cataluña","895"
"25062026","0","","YAMAHA","MT-09","Madrid","Comunidad de Madrid","890"
"25062026","0","","HONDA","ADV 350","Murcia","Región de Murcia","330"
"25062026","0","","LETBE","S125","Illes Balears","Illes Balears","125"
"25062026","0","","KTM","KTM 690 SMC R","Badajoz","Extremadura","693"
"25062026","0","","HONDA","FORZA 350","Castellón/Castelló","Comunidad Valenciana","330"
"25062026","0","","VOGE","R125","Murcia","Región de Murcia","125"
"25062026","0","","BMW","F 900 R","Pontevedra","Galicia","895"
"25062026","0","","HONDA","FORZA 750","Tarragona","Cataluña","745"
"25062026","0","","KYMCO","AGILITY S","Barcelona","Cataluña","125"
"25062026","0","","PIAGGIO","MEDLEY 125","Cádiz","Andalucía","125"
"25062026","0","","PIAGGIO","VESPA PRIMAVERA TECH 1","Barcelona","Cataluña","124"
"25062026","0","","SYM","SYMPHONY 125","Barcelona","Cataluña","125"
"25062026","0","","BAJAJ","PULSAR NS 125","Illes Balears","Illes Balears","124"
"25062026","0","","RIEJU","RALLY 307","Pontevedra","Galicia","292"
"25062026","0","","HONDA","NC 750 X","Barcelona","Cataluña","745"
"25062026","0","","BMW","F 900 XR","Badajoz","Extremadura","895"
"25062026","0","","HARLEY-DAVIDSON","SPORTSTER S","Santa Cruz de Tenerife","Canarias","1252"
"25062026","0","","TRIUMPH","TIGER 900 RALLY PRO","Barcelona","Cataluña","888"
"25062026","0","","HONDA","ST125A","Barcelona","Cataluña","124"
"25062026","0","","VOGE","DS800X RALLY","Guadalajara","Castilla-La Mancha","798"
"25062026","0","","HONDA","PCX 125","Murcia","Región de Murcia","125"
"25062026","0","","HONDA","SH125i","Alicante/Alacant","Comunidad Valenciana","125"
"25062026","0","","YAMAHA","NMAX 125","Madrid","Comunidad de Madrid","125"
"25062026","0","","BMW","F 900 GS","Barcelona","Cataluña","895"
"25062026","0","","HUSQVARNA","HUSQVARNA SVARTPILEN 4","Barcelona","Cataluña","399"
"25062026","0","","HONDA","PCX 125","Alicante/Alacant","Comunidad Valenciana","125"
"25062026","0","","QJMOTOR","SQ 16 E5+","Barcelona","Cataluña","125"
"25062026","0","","PIAGGIO","VESPA PRIMAVERA 125","Madrid","Comunidad de Madrid","124"
"25062026","0","","HONDA","FORZA 350","Huelva","Andalucía","330"
"25062026","0","","KTM","KTM 990 RC R","Pontevedra","Galicia","947"
"25062026","0","","QJMOTOR","ATR 125 E5+","Madrid","Comunidad de Madrid","125"
"25062026","0","","SYM","ADX 300 TCS","Girona","Cataluña","278"
"25062026","0","","BAJAJ","PULSAR NS 125","Alicante/Alacant","Comunidad Valenciana","124"
"25062026","0","","BENDA","NAPOLEON 125","Almería","Andalucía","125"
"25062026","0","","HONDA","SH125i","Illes Balears","Illes Balears","125"
"25062026","0","","ZONTES","125X","Tarragona","Cataluña","125"
"25062026","0","","CYCLONE","CARRERA","Navarra","Comunidad Foral de Navarra","125"
"25062026","0","","KAWASAKI","Z900RS","Girona","Cataluña","948"
"25062026","0","","PIAGGIO","LIBERTY 125 ABS","Valencia/València","Comunidad Valenciana","124"
"25062026","0","","ZONTES","368E","Madrid","Comunidad de Madrid","368"
"25062026","0","","VOGE","DS800X RALLY","Málaga","Andalucía","798"
"25062026","0","","VOGE","DS900X","Almería","Andalucía","895"
"25062026","0","","YAMAHA","Tracer 9 GT","Barcelona","Cataluña","890"
"25062026","0","","KYMCO","PEOPLE S 125 E5+","Gipuzkoa","País Vasco","125"
"25062026","0","","YAMAHA","YZF-R9","Santa Cruz de Tenerife","Canarias","890"
"25062026","0","","ZONTES","ZT125-G1","Madrid","Comunidad de Madrid","125"
"25062026","0","","SYM","SYMPHONY 125","Illes Balears","Illes Balears","125"
"25062026","0","","YAMAHA","NMAX 125","Illes Balears","Illes Balears","125"
"25062026","0","","HONDA","VISION 110","Alicante/Alacant","Comunidad Valenciana","109"
"25062026","0","","VOGE","SR1ADV","Teruel","Aragón","125"
"25062026","0","","ZONTES","368G","Palmas (Las)","Canarias","368"
"25062026","0","","KTM","KTM 390 ENDURO R","Bizkaia","País Vasco","399"
"25062026","0","","ZONTES","125X","Illes Balears","Illes Balears","125"
"25062026","0","","SYM","SYMPHONY 125","Huelva","Andalucía","125"
"25062026","0","","HONDA","ADV 350","Madrid","Comunidad de Madrid","330"
"25062026","0","","VOGE","SR3","Barcelona","Cataluña","244"
"25062026","0","","HONDA","ADV 350","Barcelona","Cataluña","330"
"25062026","0","","HONDA","SH125i","Ceuta","Ceuta","125"
"25062026","0","","ZONTES","368G","Valencia/València","Comunidad Valenciana","368"
"25062026","0","","VOGE","DS800X RALLY","Illes Balears","Illes Balears","798"
"25062026","0","","BMW","F 900 GS ADVENTURE","Barcelona","Cataluña","895"
"25062026","0","","ZONTES","125X","Zamora","Castilla y León","125"
"25062026","0","","DUCATI","STREETFIGHTER","Pontevedra","Galicia","890"
"25062026","0","","DUCATI","MULTISTRADA V4","León","Castilla y León","1158"
"25062026","0","","HONDA","CB650RA","Zaragoza","Aragón","649"
"25062026","0","","PEUGEOT","PULSION EVO","Madrid","Comunidad de Madrid","125"
"25062026","0","","ZONTES","703RR","Asturias","Principado de Asturias","699"
"25062026","0","","HONDA","ADV 350","Ceuta","Ceuta","330"
"25062026","0","","HERO MOTOCORP","X PULSE 200 4V","Palmas (Las)","Canarias","200"
"25062026","0","","YAMAHA","MT-07","Castellón/Castelló","Comunidad Valenciana","689"
"25062026","0","","VOGE","DS900X","Cádiz","Andalucía","895"
"25062026","0","","HONDA","ADV 350","Barcelona","Cataluña","330"
"25062026","0","","MORBIDELLI","T502X","Valencia/València","Comunidad Valenciana","486"
"25062026","0","","SYM","JET 14","Alicante/Alacant","Comunidad Valenciana","125"
"25062026","0","","HONDA","CB750 Hornet","Madrid","Comunidad de Madrid","755"
"25062026","0","","HONDA","SH Mode 125","Jaén","Andalucía","125"
"25062026","0","","HONDA","SH125i","Ceuta","Ceuta","125"
"25062026","0","","YAMAHA","XMAX 125","Palmas (Las)","Canarias","125"
"25062026","0","","VOGE","SR1","Tarragona","Cataluña","125"
"25062026","0","","YAMAHA","NMAX 125","Málaga","Andalucía","125"
"25062026","0","","ZONTES","368G","Tarragona","Cataluña","368"
"25062026","0","","YAMAHA","MT-09","Cantabria","Cantabria","890"
"25062026","0","","KYMCO","DTX","Barcelona","Cataluña","124"
"25062026","0","","VOGE","300RALLY","Sevilla","Andalucía","292"
"25062026","0","","BMW","F 900 XR","Valladolid","Castilla y León","895"
"25062026","0","","SCORPA","CITY CORP 125","Valencia/València","Comunidad Valenciana","125"
"25062026","0","","ZONTES","125D","Barcelona","Cataluña","125"
"25062026","0","","DUCATI","DESERT X","Barcelona","Cataluña","890"
"25062026","0","","YAMAHA","D'elight","Santa Cruz de Tenerife","Canarias","125"
"25062026","0","","RIEJU","N/A","Lugo","Galicia","125"
"25062026","0","","HONDA","CBF 125","Barcelona","Cataluña","125"
"25062026","0","","HONDA","NX500","Granada","Andalucía","471"
"25062026","0","","BMW","F 450 GS","Ciudad Real","Castilla-La Mancha","420"
"25062026","0","","YAMAHA","NMAX 125","Girona","Cataluña","125"
"25062026","0","","PEUGEOT","KISBEE M","Tarragona","Cataluña","125"
"25062026","0","","SYM","SYMPHONY 125","Santa Cruz de Tenerife","Canarias","125"
"25062026","0","","KEEWAY","VIESTE 300XDV","Tarragona","Cataluña","278"
"25062026","0","","BENDA","LFC700","Córdoba","Andalucía","680"
"25062026","0","","PIAGGIO","MEDLEY 125","Barcelona","Cataluña","125"
"25062026","0","","KAWASAKI","Z900","Zaragoza","Aragón","948"
"25062026","0","","HONDA","FORZA125","Santa Cruz de Tenerife","Canarias","125"
"25062026","0","","SYM","JET 14","Huelva","Andalucía","125"
"25062026","0","","ZONTES","368G","Madrid","Comunidad de Madrid","368"
"25062026","0","","BMW","F 450 GS","Madrid","Comunidad de Madrid","420"
"25062026","0","","VOGE","R125S","Valencia/València","Comunidad Valenciana","125"
"25062026","0","","RIEJU","RALLY 307","Madrid","Comunidad de Madrid","292"
"25062026","0","","YAMAHA","R7","Granada","Andalucía","689"
"25062026","0","","HONDA","FORZA125","Sevilla","Andalucía","125"
"25062026","0","","VOGE","DS900X","Cuenca","Castilla-La Mancha","895"
"25062026","0","","KYMCO","SKYTOWN 125","Sevilla","Andalucía","125"
"25062026","0","","APRILIA","SR GT 125","Cádiz","Andalucía","125"
"25062026","0","","ZONTES","368G","Sevilla","Andalucía","368"
"25062026","0","","MORBIDELLI","T125","Asturias","Principado de Asturias","124"
"25062026","0","","YAMAHA","NMAX 125","Gipuzkoa","País Vasco","125"
"25062026","0","","MOTO GUZZI","V100 MANDELLO ""WIND TU","Coruña (A)","Galicia","1042"
"25062026","0","","HONDA","SH125i","Barcelona","Cataluña","125"
"25062026","0","","CYCLONE","RX2","Huelva","Andalucía","124"
"25062026","0","","ZONTES","368G","Cádiz","Andalucía","368"
"25062026","0","","YAMAHA","MT-09","Guadalajara","Castilla-La Mancha","890"
"25062026","0","","VOGE","SR3","Cádiz","Andalucía","244"
"25062026","0","","APRILIA","RS 457","Murcia","Región de Murcia","457"
"25062026","0","","SUZUKI","V-Strom 800","Tarragona","Cataluña","776"
"25062026","0","","ZONTES","125X","Murcia","Región de Murcia","125"
"25062026","0","","MITT","GT-S","Jaén","Andalucía","125"
"25062026","0","","HONDA","CBF 125","Santa Cruz de Tenerife","Canarias","125"
"25062026","0","","BMW","R 1300 GS ADVENTURE","Álava/Araba","País Vasco","1300"
"25062026","0","","YAMAHA","NMAX 125","Bizkaia","País Vasco","125"
"25062026","0","","VOGE","DS900X","Valencia/València","Comunidad Valenciana","895"
"25062026","0","","HONDA","CBR 650 R","Albacete","Castilla-La Mancha","649"
"25062026","0","","YAMAHA","XMAX 300","Barcelona","Cataluña","292"
"25062026","0","","KAWASAKI","Z900","Santa Cruz de Tenerife","Canarias","948"
"25062026","0","","VOGE","DS525X","Illes Balears","Illes Balears","494"
"25062026","0","","MOTO GUZZI","V85 TT","Madrid","Comunidad de Madrid","853"
"25062026","0","","KAWASAKI","NINJA 650","Alicante/Alacant","Comunidad Valenciana","649"
"25062026","0","","PEUGEOT","PULSION EVO","Teruel","Aragón","125"
"25062026","0","","VOGE","DS900X","Valladolid","Castilla y León","895"
"25062026","0","","BMW","M 1000 XR","Cantabria","Cantabria","999"
"25062026","0","","CFMOTO","1000MT-X","Segovia","Castilla y León","946"
"25062026","0","","YAMAHA","MT-07","Illes Balears","Illes Balears","689"
"25062026","0","","BMW","M 1000 XR","Sevilla","Andalucía","999"
"25062026","0","","VOGE","DS900X","Murcia","Región de Murcia","895"
"25062026","0","","ZONTES","368G","Cádiz","Andalucía","368"
"25062026","0","","QJMOTOR","FORT 125 N E5+","Murcia","Región de Murcia","125"
"25062026","0","","YAMAHA","R125","Santa Cruz de Tenerife","Canarias","125"
"25062026","0","","ZONTES","125E","Barcelona","Cataluña","125"
"25062026","0","","CFMOTO","675NK","Sevilla","Andalucía","674"
"25062026","0","","YAMAHA","NMAX 125","Alicante/Alacant","Comunidad Valenciana","125"
"25062026","0","","APRILIA","SR GT 125","Cádiz","Andalucía","125"
"25062026","0","","ZONTES","125C","Santa Cruz de Tenerife","Canarias","125"
"25062026","0","","ZONTES","368G","Barcelona","Cataluña","368"
"25062026","0","","YAMAHA","NMAX 125","Sevilla","Andalucía","125"
"25062026","0","","RIEJU","NOT APPLICABLE","Córdoba","Andalucía","124"
"25062026","0","","SYM","JET X","Madrid","Comunidad de Madrid","125"
"25062026","0","","ZONTES","125X","Valencia/València","Comunidad Valenciana","125"
"25062026","0","","HONDA","ADV 350","Barcelona","Cataluña","330"
"25062026","0","","YAMAHA","XTZ 700 Tenere","Almería","Andalucía","689"
"25062026","0","","ZONTES","125X","Madrid","Comunidad de Madrid","125"
"25062026","0","","HONDA","XL750 Transalp","Barcelona","Cataluña","755"
"25062026","0","","VOGE","DS800X RALLY","Barcelona","Cataluña","798"
"25062026","0","","SUZUKI","ADDRESS 125","Valencia/València","Comunidad Valenciana","124"
"25062026","0","","YAMAHA","NMAX 125","Málaga","Andalucía","125"
"25062026","0","","KEEWAY","V-CRUISE","Palmas (Las)","Canarias","125"
"25062026","0","","BMW","F 450 GS","Cantabria","Cantabria","420"
"25062026","0","","KAWASAKI","NINJA ZX-6R","Cádiz","Andalucía","636"
"25062026","0","","HONDA","XL750 Transalp","Barcelona","Cataluña","755"
"25062026","0","","ZONTES","125X","León","Castilla y León","125"
"25062026","0","","YAMAHA","XMAX 125","Illes Balears","Illes Balears","125"
"25062026","0","","HONDA","FORZA 350","Valencia/València","Comunidad Valenciana","330"
"25062026","0","","ZONTES","368E","Madrid","Comunidad de Madrid","368"
"25062026","0","","BMW","F 900 XR","Almería","Andalucía","895"
"25062026","0","","KAWASAKI","KLE500","Sevilla","Andalucía","451"
"25062026","0","","HONDA","CB750 Hornet","Málaga","Andalucía","755"
"25062026","0","","BMW","F 900 GS","Bizkaia","País Vasco","895"
"25062026","0","","YAMAHA","MT-07","Valencia/València","Comunidad Valenciana","689"
"25062026","0","","SYM","JET 14","Alicante/Alacant","Comunidad Valenciana","125"
"25062026","0","","KAWASAKI","Z500","Santa Cruz de Tenerife","Canarias","451"
"25062026","0","","BETA","N/A","Valencia/València","Comunidad Valenciana","296"
"25062026","0","","ZONTES","368G","Murcia","Región de Murcia","368"
"25062026","0","","TRIUMPH","TIGER SPORT 800","Valladolid","Castilla y León","798"
"25062026","0","","YAMAHA","TMAX 560","Barcelona","Cataluña","562"
"25062026","0","","HONDA","PCX 125","Girona","Cataluña","125"
"25062026","0","","BMW","C 400 GT","Tarragona","Cataluña","350"
"25062026","0","","KAWASAKI","Z900","Madrid","Comunidad de Madrid","948"
"25062026","0","","MORBIDELLI","SC 125","León","Castilla y León","125"
"25062026","0","","BMW","F 900 R A2","Illes Balears","Illes Balears","895"
"25062026","0","","ZONTES","125E","Álava/Araba","País Vasco","125"
"25062026","0","","YAMAHA","NMAX 125","Melilla","Melilla","125"
"25062026","0","","MH MOTORCYCLES","TRAY","Navarra","Comunidad Foral de Navarra","125"
"25062026","0","","VOGE","R125S","Santa Cruz de Tenerife","Canarias","125"
"25062026","0","","HONDA","ADV 350","Córdoba","Andalucía","330"
"25062026","0","","VOGE","DS800X RALLY","Valencia/València","Comunidad Valenciana","798"
"25062026","0","","YAMAHA","RayZR 125","Sevilla","Andalucía","125"
"25062026","0","","ZONTES","368G","Málaga","Andalucía","368"
"25062026","0","","YAMAHA","XMAX 125","Cádiz","Andalucía","125"
"25062026","0","","VOGE","DS900X","Barcelona","Cataluña","895"
"25062026","0","","HONDA","FORZA 350","Santa Cruz de Tenerife","Canarias","330"
"25062026","0","","ZONTES","125X","Madrid","Comunidad de Madrid","125"
"25062026","0","","BMW","C 400 X","Illes Balears","Illes Balears","350"
"25062026","0","","BMW","R 1300 GS","Málaga","Andalucía","1300"
"25062026","0","","YAMAHA","WR125","Málaga","Andalucía","125"
"25062026","0","","CYCLONE","RT1","Rioja (La)","La Rioja","125"
"25062026","0","","KAWASAKI","Z900","Bizkaia","País Vasco","948"
"25062026","0","","ZONTES","368G","Melilla","Melilla","368"
"25062026","0","","YAMAHA","RayZR 125","Illes Balears","Illes Balears","125"
"25062026","0","","HONDA","FORZA 350","Cádiz","Andalucía","330"
"25062026","0","","KYMCO","AGILITY S","Barcelona","Cataluña","125"
"25062026","0","","QJMOTOR","MTX 125 E5+","Barcelona","Cataluña","125"
"25062026","0","","VOGE","SR4 MAX","Castellón/Castelló","Comunidad Valenciana","350"
"25062026","0","","SYM","ADX 125 LC TCS E5+","Cádiz","Andalucía","125"
"25062026","0","","BMW","F 900 GS","Málaga","Andalucía","895"
"25062026","0","","VOGE","SR16","Madrid","Comunidad de Madrid","125"
"25062026","0","","YAMAHA","R7","Murcia","Región de Murcia","689"
"25062026","0","","HONDA","CRF1100L Africa Twin","Sevilla","Andalucía","1084"
"25062026","0","","APRILIA","TUAREG 660","Palmas (Las)","Canarias","659"
"25062026","0","","HONDA","FORZA125","Barcelona","Cataluña","125"
"25062026","0","","HONDA","PCX 125","Madrid","Comunidad de Madrid","125"
"25062026","0","","VOGE","625DSX","Barcelona","Cataluña","581"
"25062026","0","","YAMAHA","NMAX 125","Murcia","Región de Murcia","125"
"25062026","0","","QJMOTOR","TRX 125 E5+","Girona","Cataluña","125"
"25062026","0","","VOGE","DS525X","Barcelona","Cataluña","494"
"25062026","0","","HONDA","VISION 110","Barcelona","Cataluña","109"
"25062026","0","","VOGE","DS800X RALLY","Barcelona","Cataluña","798"
"25062026","0","","HONDA","PCX 125","Málaga","Andalucía","125"
"25062026","0","","HONDA","FORZA125","Barcelona","Cataluña","125"
"25062026","0","","APRILIA","SR GT 400","Cádiz","Andalucía","399"
"25062026","0","","MOTO GUZZI","V7 STONE","Madrid","Comunidad de Madrid","853"
"25062026","0","","TRIUMPH","DAYTONA 660","Córdoba","Andalucía","660"
"25062026","0","","HONDA","FORZA125","Alicante/Alacant","Comunidad Valenciana","125"
"25062026","0","","MOTO GUZZI","V7 STONE","Madrid","Comunidad de Madrid","853"
"25062026","0","","HONDA","CL500","Santa Cruz de Tenerife","Canarias","471"
"25062026","0","","HONDA","SH125i","Barcelona","Cataluña","125"
"25062026","0","","YAMAHA","XMAX 125","Córdoba","Andalucía","125"
"25062026","0","","YAMAHA","R125","Zaragoza","Aragón","125"
"25062026","0","","QJMOTOR","ATR 125 E5+","Barcelona","Cataluña","125"
"25062026","0","","SYM","SYMPHONY 125","Illes Balears","Illes Balears","125"
"25062026","0","","ZONTES","ZT125-U","Lugo","Galicia","125"
"25062026","0","","SYM","SYMPHONY 125","Barcelona","Cataluña","125"
"25062026","0","","KAWASAKI","NINJA 125","Bizkaia","País Vasco","125"
"25062026","0","","APRILIA","SR GT 125","Cádiz","Andalucía","125"
"25062026","0","","YAMAHA","NMAX 125","Salamanca","Castilla y León","125"
"25062026","0","","ZONTES","125X","Madrid","Comunidad de Madrid","125"
"25062026","0","","ZONTES","125X","Málaga","Andalucía","125"
"25062026","0","","KTM","KTM 390 ADVENTURE R","Córdoba","Andalucía","399"
"25062026","0","","HONDA","PCX 125","Alicante/Alacant","Comunidad Valenciana","125"
"25062026","0","","ZONTES","125X","Pontevedra","Galicia","125"
"25062026","0","","KYMCO","AGILITY S","Sevilla","Andalucía","125"
"25062026","0","","VOGE","DS800X RALLY","Jaén","Andalucía","798"
"25062026","0","","KYMCO","AGILITY S","Málaga","Andalucía","125"
"25062026","0","","SYM","JET 14","Barcelona","Cataluña","125"
"25062026","0","","SUZUKI","GSX-8S","Barcelona","Cataluña","776"
"25062026","0","","ZONTES","368E","Barcelona","Cataluña","368"
"25062026","0","","YAMAHA","XMAX 125","Valencia/València","Comunidad Valenciana","125"
"25062026","0","","HONDA","PCX 125","Barcelona","Cataluña","125"
"25062026","0","","VOGE","SR1ADV","Huelva","Andalucía","125"
"25062026","0","","ZONTES","368G","Bizkaia","País Vasco","368"
"25062026","0","","PIAGGIO","VESPA GTS","Madrid","Comunidad de Madrid","310"
"25062026","0","","HONDA","FORZA125","Alicante/Alacant","Comunidad Valenciana","125"
"25062026","0","","CFMOTO","675SR-R","Alicante/Alacant","Comunidad Valenciana","674"
"25062026","0","","PIAGGIO","VESPA PRIMAVERA 125","León","Castilla y León","124"
"25062026","0","","ZONTES","368G","Madrid","Comunidad de Madrid","368"
"25062026","0","","HONDA","NX500","Valencia/València","Comunidad Valenciana","471"
"25062026","0","","HONDA","PCX 125","Málaga","Andalucía","125"
"25062026","0","","CFMOTO","1000MT-X","Málaga","Andalucía","946"
"25062026","0","","PIAGGIO","VESPA PRIMAVERA TECH 1","Barcelona","Cataluña","124"
"25062026","0","","KEEWAY","RKF 125 ABS","Girona","Cataluña","125"
"25062026","0","","YAMAHA","MT-07","Coruña (A)","Galicia","689"
"25062026","0","","SYM","SYMPHONY 125","Tarragona","Cataluña","125"
"25062026","0","","VOGE","DS900X","Barcelona","Cataluña","895"
"25062026","0","","ZONTES","125E","Tarragona","Cataluña","125"
"25062026","0","","YAMAHA","MT-07","Barcelona","Cataluña","689"
"25062026","0","","SYM","SYMPHONY 125","Illes Balears","Illes Balears","125"
"25062026","0","","ZONTES","703RR","Murcia","Región de Murcia","699"
"25062026","0","","YAMAHA","NMAX 125","Barcelona","Cataluña","125"
"25062026","0","","YAMAHA","XMAX 300","Málaga","Andalucía","292"
"25062026","0","","CFMOTO","800MT-X","Gipuzkoa","País Vasco","799"
"25062026","0","","HONDA","PCX 125","Melilla","Melilla","125"
"25062026","0","","BMW","F 900 GS ADVENTURE","Barcelona","Cataluña","895"
"25062026","0","","MACBOR","ROCKSTER 125 EVO E5+","Zamora","Castilla y León","125"
"25062026","0","","ZONTES","368E","Sevilla","Andalucía","368"
"25062026","0","","HONDA","PCX 125","Barcelona","Cataluña","125"
"25062026","0","","VOGE","SR16","Valencia/València","Comunidad Valenciana","125"
"25062026","0","","QJMOTOR","SRV 125 E5+","Cádiz","Andalucía","125"
"25062026","0","","HONDA","SH Mode 125","Madrid","Comunidad de Madrid","125"
"25062026","0","","BAJAJ","PULSAR NS 125","Castellón/Castelló","Comunidad Valenciana","124"
"25062026","0","","HONDA","SH125i","Valencia/València","Comunidad Valenciana","125"
"25062026","0","","HONDA","PCX 125","Sevilla","Andalucía","125"
"25062026","0","","BMW","R 1300 RT","Sevilla","Andalucía","1300"
"25062026","0","","ZONTES","368G","Madrid","Comunidad de Madrid","368"
"25062026","0","","VOGE","DS525X","Madrid","Comunidad de Madrid","494"
"25062026","0","","ZONTES","125X","Málaga","Andalucía","125"
"25062026","0","","HUSQVARNA","HUSQVARNA 701 SUPERMOT","Murcia","Región de Murcia","693"
"25062026","0","","BMW","R 1300 R","Barcelona","Cataluña","1300"
"25062026","0","","YAMAHA","XTZ 700 Tenere","Barcelona","Cataluña","689"
"25062026","0","","CFMOTO","800MT-X","Valencia/València","Comunidad Valenciana","799"
"25062026","0","","SYM","JET 14","Gipuzkoa","País Vasco","125"
"25062026","0","","MITT","125GP","Valencia/València","Comunidad Valenciana","124"
"25062026","0","","YAMAHA","XTZ 700 Tenere","Navarra","Comunidad Foral de Navarra","689"
"25062026","0","","HONDA","CB500FAC","Barcelona","Cataluña","471"
"25062026","0","","YAMAHA","TMAX 560","Palmas (Las)","Canarias","562"
"25062026","0","","BMW","R 1300 RT","Navarra","Comunidad Foral de Navarra","1300"
"25062026","0","","ZONTES","125X","Salamanca","Castilla y León","125"
"25062026","0","","YAMAHA","TRACER 700","Barcelona","Cataluña","689"
"25062026","0","","MITT","MITT 555TT","Burgos","Castilla y León","471"
"25062026","0","","ZONTES","125X","Navarra","Comunidad Foral de Navarra","125"
"25062026","0","","ZONTES","125X","Cádiz","Andalucía","125"
"25062026","0","","BMW","F 800 GS","Madrid","Comunidad de Madrid","895"
"25062026","0","","KAWASAKI","Z650RS","Barcelona","Cataluña","649"
"25062026","0","","HONDA","PCX 125","Valencia/València","Comunidad Valenciana","125"
"25062026","0","","YAMAHA","XTZ 700 Tenere","Sevilla","Andalucía","689"
"25062026","0","","HONDA","SH125i","Barcelona","Cataluña","125"
"25062026","0","","CFMOTO","DUAL250","Málaga","Andalucía","249"
"25062026","0","","HUSQVARNA","HUSQVARNA 701 SUPERMOT","Toledo","Castilla-La Mancha","693"
"25062026","0","","ZONTES","125E","Madrid","Comunidad de Madrid","125"
"25062026","0","","BMW","R 1300 RS","Valladolid","Castilla y León","1300"
"25062026","0","","VOGE","DS800X RALLY","Barcelona","Cataluña","798"
"25062026","0","","YAMAHA","MT-125","Murcia","Región de Murcia","125"
"25062026","0","","ZONTES","125X","Barcelona","Cataluña","125"
"25062026","0","","HONDA","FORZA125","Valencia/València","Comunidad Valenciana","125"
"25062026","0","","PIAGGIO","VESPA PRIMAVERA 125","Cádiz","Andalucía","124"
"25062026","0","","VOGE","DS525X","Barcelona","Cataluña","494"
"25062026","0","","YAMAHA","WR125","Madrid","Comunidad de Madrid","125"
"25062026","0","","VOGE","SR1","Cantabria","Cantabria","125"
"25062026","0","","BMW","R 1300 GS","Almería","Andalucía","1300"
"25062026","0","","MOTO GUZZI","V85 TT","Madrid","Comunidad de Madrid","853"
"25062026","0","","HONDA","SH Mode 125","Barcelona","Cataluña","125"
"25062026","0","","RIEJU","NOT APPLICABLE","Valencia/València","Comunidad Valenciana","124"
"25062026","0","","VOGE","SR1ADV","Granada","Andalucía","125"
"25062026","0","","ZONTES","125X","Guadalajara","Castilla-La Mancha","125"
"25062026","0","","ZONTES","368G","Huelva","Andalucía","368"
"25062026","0","","VOGE","DS800X RALLY","Barcelona","Cataluña","798"
"25062026","0","","VOGE","SR1","Málaga","Andalucía","125"
"25062026","0","","YAMAHA","NMAX 125","Valencia/València","Comunidad Valenciana","125"
"25062026","0","","ZONTES","368G","Álava/Araba","País Vasco","368"
"25062026","0","","HONDA","SH Mode 125","Gipuzkoa","País Vasco","125"
"25062026","0","","SYM","SYMPHONY 125","Teruel","Aragón","125"
"25062026","0","","ZONTES","125X","Barcelona","Cataluña","125"
"25062026","0","","BMW","R 1300 RT","Murcia","Región de Murcia","1300"
"25062026","0","","YAMAHA","XMAX 125","Barcelona","Cataluña","125"
"25062026","0","","KYMCO","AGILITY S","Valladolid","Castilla y León","125"
"25062026","0","","VOGE","DS525X","Madrid","Comunidad de Madrid","494"
"25062026","0","","HONDA","XL750 Transalp","Alicante/Alacant","Comunidad Valenciana","755"
"25062026","0","","ZONTES","125X","Huelva","Andalucía","125"
"25062026","0","","YAMAHA","NMAX 125","Granada","Andalucía","125"
"25062026","0","","HONDA","SH125i","Barcelona","Cataluña","125"
"25062026","0","","SYM","SYMPHONY 125","Girona","Cataluña","125"
"25062026","0","","LAMBRETTA","V125 SPECIAL FLEX","Illes Balears","Illes Balears","125"
"25062026","0","","MH MOTORCYCLES","TRAY","Cádiz","Andalucía","125"
"25062026","0","","ZONTES","125X","Córdoba","Andalucía","125"
"25062026","0","","HONDA","VISION 110","Alicante/Alacant","Comunidad Valenciana","109"
"25062026","0","","CFMOTO","1000MT-X","Pontevedra","Galicia","946"
"25062026","0","","YAMAHA","MT-07","Illes Balears","Illes Balears","689"
"25062026","0","","QJMOTOR","SRV 125 E5+","Murcia","Región de Murcia","125"
"25062026","0","","KTM","KTM 125 DUKE","Burgos","Castilla y León","125"
"25062026","0","","VOGE","DS900X","Valencia/València","Comunidad Valenciana","895"
"25062026","0","","YAMAHA","YZF-R9","Granada","Andalucía","890"
"25062026","0","","PIAGGIO","VESPA GTS 125","Valencia/València","Comunidad Valenciana","125"
"25062026","0","","HONDA","CBF 125","Illes Balears","Illes Balears","125"
"25062026","0","","VOGE","DS900X","Granada","Andalucía","895"
"25062026","0","","HONDA","PCX 125","Gipuzkoa","País Vasco","125"
"25062026","0","","HONDA","FORZA 350","Pontevedra","Galicia","330"
"25062026","0","","HONDA","CB650RA","Navarra","Comunidad Foral de Navarra","649"
"25062026","0","","YAMAHA","NMAX 125","Illes Balears","Illes Balears","125"
"25062026","0","","FANTIC MOTOR","---","Segovia","Castilla y León","125"
"25062026","0","","RIEJU","NOT APPLICABLE","Madrid","Comunidad de Madrid","124"
"25062026","0","","BMW","R 1300 GS","Castellón/Castelló","Comunidad Valenciana","1300"
"25062026","0","","KYMCO","AGILITY S","Barcelona","Cataluña","125"
"25062026","0","","ZONTES","368E","Cádiz","Andalucía","368"
"25062026","0","","HONDA","FORZA 750","Sevilla","Andalucía","745"
"25062026","0","","VOGE","DS800X RALLY","Barcelona","Cataluña","798"
"25062026","0","","CYCLONE","RX2","Santa Cruz de Tenerife","Canarias","124"
"25062026","0","","KOVE","KOVE 800 X GT","Tarragona","Cataluña","799"
"25062026","0","","HONDA","NT1100","Barcelona","Cataluña","1084"
"25062026","0","","HONDA","SH125i","Barcelona","Cataluña","125"
"25062026","0","","HONDA","FORZA 350","Santa Cruz de Tenerife","Canarias","330"
"25062026","0","","YAMAHA","NMAX 125","Málaga","Andalucía","125"
"25062026","0","","KYMCO","AGILITY S","Tarragona","Cataluña","125"
"25062026","0","","VOGE","SR1","Santa Cruz de Tenerife","Canarias","125"
"25062026","0","","HONDA","NC 750 X","Málaga","Andalucía","745"
"25062026","0","","SYM","JET X","Alicante/Alacant","Comunidad Valenciana","125"
"25062026","0","","HONDA","FORZA125","Cádiz","Andalucía","125"
"25062026","0","","HONDA","FORZA125","Asturias","Principado de Asturias","125"
"25062026","0","","YAMAHA","NMAX 125","Asturias","Principado de Asturias","125"
"25062026","0","","ZONTES","125X","Badajoz","Extremadura","125"
"25062026","0","","ZONTES","368E","Asturias","Principado de Asturias","368"
"25062026","0","","KAWASAKI","KLE500","Madrid","Comunidad de Madrid","451"
"25062026","0","","BMW","R 1300 RS","Madrid","Comunidad de Madrid","1300"
"25062026","0","","HONDA","PCX 125","Cádiz","Andalucía","125"
"25062026","0","","KEEWAY","GEMMA","Málaga","Andalucía","117"
"25062026","0","","HONDA","FORZA125","Navarra","Comunidad Foral de Navarra","125"
"25062026","0","","PIAGGIO","VESPA PRIMAVERA 125","Madrid","Comunidad de Madrid","124"
"25062026","0","","HONDA","ADV 350","Madrid","Comunidad de Madrid","330"
"25062026","0","","HONDA","VISION 110","Barcelona","Cataluña","109"
"25062026","0","","YAMAHA","NMAX 125","Cantabria","Cantabria","125"
"25062026","0","","KAWASAKI","NINJA ZX-4R","Cuenca","Castilla-La Mancha","399"
"25062026","0","","TRIUMPH","BONNEVILLE T120 BLACK","Madrid","Comunidad de Madrid","1200"
"25062026","0","","HONDA","ADV 350","Alicante/Alacant","Comunidad Valenciana","330"
"25062026","0","","SYM","FUGUE 125 ABS TOP CASE","Cádiz","Andalucía","124"
"25062026","0","","ZONTES","368G","Barcelona","Cataluña","368"
"25062026","0","","MOTO GUZZI","V85 TT","Cádiz","Andalucía","853"
"25062026","0","","KTM","KTM 890 ADVENTURE R","Palmas (Las)","Canarias","889"
"25062026","0","","SYM","SYMPHONY 125","Barcelona","Cataluña","125"
"25062026","0","","YAMAHA","NMAX 125","Valencia/València","Comunidad Valenciana","125"
"25062026","0","","MOTO GUZZI","V85 TT","Madrid","Comunidad de Madrid","853"
"25062026","0","","ZONTES","368G","Santa Cruz de Tenerife","Canarias","368"
"25062026","0","","SYM","JET 14","Cádiz","Andalucía","125"
"25062026","0","","HONDA","CRF 300 L","Palmas (Las)","Canarias","286"
"25062026","0","","BMW","F 900 R","Barcelona","Cataluña","895"
"25062026","0","","BMW","F 800 GS","Sevilla","Andalucía","895"
"25062026","0","","ZONTES","ZT125-U","Murcia","Región de Murcia","125"
"25062026","0","","DUCATI","STREETFIGHTER","Barcelona","Cataluña","890"
"25062026","0","","CFMOTO","1000MT-X","Córdoba","Andalucía","946"
"25062026","0","","MORBIDELLI","SC 125","Barcelona","Cataluña","125"
"25062026","0","","ZONTES","368D","Cádiz","Andalucía","368"
"25062026","0","","BMW","F 900 R","Barcelona","Cataluña","895"
"25062026","0","","HONDA","SH Mode 125","Barcelona","Cataluña","125"
"25062026","0","","HONDA","XL750 Transalp","Valencia/València","Comunidad Valenciana","755"
"25062026","0","","VOGE","DS800X RALLY","Madrid","Comunidad de Madrid","798"
"25062026","0","","YAMAHA","NMAX 125","Sevilla","Andalucía","125"
"25062026","0","","HONDA","FORZA125","Madrid","Comunidad de Madrid","125"
"25062026","0","","ZONTES","125X","Cantabria","Cantabria","125"
"25062026","0","","HONDA","PCX 125","Málaga","Andalucía","125"
"25062026","0","","KAWASAKI","Z125","Madrid","Comunidad de Madrid","125"
"25062026","0","","DUCATI","MULTISTRADA V4","Barcelona","Cataluña","1158"
"25062026","0","","KYMCO","SKYTOWN 125","Málaga","Andalucía","125"
"25062026","0","","HONDA","ADV 750","Málaga","Andalucía","745"
"25062026","0","","HONDA","FORZA 350","Palmas (Las)","Canarias","330"
"25062026","0","","BMW","C 400 X","Barcelona","Cataluña","350"
"25062026","0","","ZONTES","368E","Málaga","Andalucía","368"
"25062026","0","","PIAGGIO","MEDLEY 125","Granada","Andalucía","125"
"25062026","0","","ZONTES","125X","Santa Cruz de Tenerife","Canarias","125"
"25062026","0","","HONDA","FORZA125","Santa Cruz de Tenerife","Canarias","125"
"25062026","0","","VOGE","DS900X","Murcia","Región de Murcia","895"
"25062026","0","","HARLEY-DAVIDSON","LOW RIDER ST","Huelva","Andalucía","1923"
"25062026","0","","HONDA","FORZA125","Palmas (Las)","Canarias","125"
"25062026","0","","KYMCO","DTX","Illes Balears","Illes Balears","321"
"25062026","0","","ZONTES","368G","Murcia","Región de Murcia","368"
"25062026","0","","VOGE","DS900X","Barcelona","Cataluña","895"
"25062026","0","","TRIUMPH","TRIDENT 660","Cantabria","Cantabria","660"
"25062026","0","","RIEJU","XPLORA 557 X","Illes Balears","Illes Balears","554"
"25062026","0","","YAMAHA","RayZR 125","Granada","Andalucía","125"
"25062026","0","","APRILIA","TUONO 457","Albacete","Castilla-La Mancha","457"
"25062026","0","","BMW","R 1300 GS","Palmas (Las)","Canarias","1300"
"25062026","0","","VOGE","DS525X","Barcelona","Cataluña","494"
"25062026","0","","SWM","HOKU 125","Santa Cruz de Tenerife","Canarias","125"
"25062026","0","","SUZUKI","GSX-R125","Murcia","Región de Murcia","124"
"25062026","0","","CYCLONE","RX2","Alicante/Alacant","Comunidad Valenciana","124"
"25062026","0","","SYM","JET 14","Valencia/València","Comunidad Valenciana","125"
"25062026","0","","BMW","F 900 R","Castellón/Castelló","Comunidad Valenciana","895"
"25062026","0","","KTM","KTM 125 ENDURO","Sevilla","Andalucía","125"
"25062026","0","","TRIUMPH","TRIDENT 800","Madrid","Comunidad de Madrid","798"
"25062026","0","","HONDA","PCX 125","Sevilla","Andalucía","125"
"25062026","0","","TRIUMPH","SPEED TWIN 1200 RS","Illes Balears","Illes Balears","1200"
"25062026","0","","PIAGGIO","VESPA PRIMAVERA 125","Madrid","Comunidad de Madrid","124"
"25062026","0","","YAMAHA","RayZR 125","Illes Balears","Illes Balears","125"
"25062026","0","","ZONTES","125X","Madrid","Comunidad de Madrid","125"
"25062026","0","","YAMAHA","XMAX 300","Madrid","Comunidad de Madrid","292"
"25062026","0","","VOGE","625DSX","Alicante/Alacant","Comunidad Valenciana","581"
"25062026","0","","HONDA","FORZA125","Alicante/Alacant","Comunidad Valenciana","125"
"25062026","0","","HONDA","PCX 125","Murcia","Región de Murcia","125"
"25062026","0","","HONDA","VISION 110","Málaga","Andalucía","109"
"25062026","0","","SYM","JET 14","Barcelona","Cataluña","125"
"25062026","0","","KAWASAKI","ELIMINATOR","Barcelona","Cataluña","451"
"25062026","0","","SYM","JET 14","Málaga","Andalucía","125"
"25062026","0","","YAMAHA","NMAX 125","Valencia/València","Comunidad Valenciana","125"
"25062026","0","","MH MOTORCYCLES","VR10","Cádiz","Andalucía","124"
"25062026","0","","QJMOTOR","MTX 125 E5+","Málaga","Andalucía","125"
"25062026","0","","VOGE","DS800X RALLY","Granada","Andalucía","798"
"25062026","0","","ZONTES","ZT125-U","Lugo","Galicia","125"
"25062026","0","","SYM","JET 14","Illes Balears","Illes Balears","125"
"25062026","0","","MITT","125 NK","Zaragoza","Aragón","124"
"25062026","0","","HARLEY-DAVIDSON","STREET BOB","Zaragoza","Aragón","1923"
"25062026","0","","YAMAHA","R7","Sevilla","Andalucía","689"
"25062026","0","","ROYAL ENFIELD","HIMALAYAN 452","Santa Cruz de Tenerife","Canarias","452"
"25062026","0","","BMW","F 800 GS","Navarra","Comunidad Foral de Navarra","895"
"25062026","0","","KAWASAKI","NINJA ZX-4R","Zaragoza","Aragón","399"
"25062026","0","","YAMAHA","NMAX 125","Gipuzkoa","País Vasco","125"
"25062026","0","","BMW","F 900 GS","Badajoz","Extremadura","895"
"25062026","0","","HONDA","PCX 125","Alicante/Alacant","Comunidad Valenciana","125"
"25062026","0","","KYMCO","DTX","Huelva","Andalucía","124"
"25062026","0","","ZONTES","125X","Murcia","Región de Murcia","125"
"25062026","0","","YAMAHA","NMAX 125","Madrid","Comunidad de Madrid","125"
"25062026","0","","KYMCO","DTX","Santa Cruz de Tenerife","Canarias","321"
"25062026","0","","SYM","SYMPHONY 125","Granada","Andalucía","125"
"25062026","0","","VOGE","SR1","Melilla","Melilla","125"
"25062026","0","","YAMAHA","XMAX 125","Barcelona","Cataluña","125"
"25062026","0","","HONDA","CRF1100L Africa Twin","Coruña (A)","Galicia","1084"
"25062026","0","","ZONTES","125X","Sevilla","Andalucía","125"
"25062026","0","","QJMOTOR","SRT 900 SX","Barcelona","Cataluña","904"
"25062026","0","","SYM","JET 14","Barcelona","Cataluña","125"
"25062026","0","","PIAGGIO","BEVERLY 300 HPE","Madrid","Comunidad de Madrid","278"
"25062026","0","","VOGE","625R","Cádiz","Andalucía","581"
"25062026","0","","SYM","SYMPHONY 125","Barcelona","Cataluña","125"
"25062026","0","","VOGE","625DSX","Málaga","Andalucía","581"
"25062026","0","","HONDA","SH125i","Barcelona","Cataluña","125"
"25062026","0","","YAMAHA","NMAX 125","Málaga","Andalucía","125"
"25062026","0","","ZONTES","125X","Illes Balears","Illes Balears","125"
"25062026","0","","SYM","CRUISYM 125 TCS E5+","Illes Balears","Illes Balears","124"
"25062026","0","","RIEJU","X-OVER 357","Teruel","Aragón","330"
"25062026","0","","BMW","F 450 GS","Barcelona","Cataluña","420"
"25062026","0","","INDIAN","SCOUT BOBBER LIMITED+T","Córdoba","Andalucía","1250"
"25062026","0","","HONDA","PCX 125","Almería","Andalucía","125"
"25062026","0","","RIEJU","RALLY 307","Barcelona","Cataluña","292"
"25062026","0","","CFMOTO","1000MT-X","Barcelona","Cataluña","946"
"25062026","0","","MORBIDELLI","SC125 RE","Valencia/València","Comunidad Valenciana","125"
"25062026","0","","HONDA","CRF 300 L","Madrid","Comunidad de Madrid","286"
"25062026","0","","VOGE","SR3","Alicante/Alacant","Comunidad Valenciana","244"
"25062026","0","","HONDA","SH125i","Málaga","Andalucía","125"
"25062026","0","","PIAGGIO","VESPA PRIMAVERA TECH 1","Madrid","Comunidad de Madrid","124"
"25062026","0","","HONDA","SH125i","Madrid","Comunidad de Madrid","125"
"25062026","0","","HONDA","SH Mode 125","Santa Cruz de Tenerife","Canarias","125"
"25062026","0","","APRILIA","SR GT 125","Santa Cruz de Tenerife","Canarias","125"
"25062026","0","","YAMAHA","NMAX 125","Madrid","Comunidad de Madrid","125"
"25062026","0","","YAMAHA","XMAX 125","Girona","Cataluña","125"
"25062026","0","","ZONTES","125X","Cantabria","Cantabria","125"
"25062026","0","","VOGE","625DSX","Valencia/València","Comunidad Valenciana","581"
"25062026","0","","HONDA","SH125i","Barcelona","Cataluña","125"
"25062026","0","","HONDA","SH125i","Madrid","Comunidad de Madrid","125"
"25062026","0","","ZONTES","703F","Valencia/València","Comunidad Valenciana","699"
"25062026","0","","YAMAHA","R7","Santa Cruz de Tenerife","Canarias","689"
"25062026","0","","LETBE","HJ125T-5B","Illes Balears","Illes Balears","125"
"25062026","0","","SCORPA","CITY CORP 125","Castellón/Castelló","Comunidad Valenciana","125"
"25062026","0","","KEEWAY","XDV 125 EVO PRO","Valencia/València","Comunidad Valenciana","125"
"25062026","0","","APRILIA","SR GT 125","Palencia","Castilla y León","125"
"25062026","0","","ZONTES","703RR","Alicante/Alacant","Comunidad Valenciana","699"
"25062026","0","","KOVE","KOVE 800 X RALLY","Girona","Cataluña","799"
"25062026","0","","YAMAHA","NMAX 125","Sevilla","Andalucía","125"
"25062026","0","","YAMAHA","XMAX 125","Alicante/Alacant","Comunidad Valenciana","125"
"25062026","0","","HONDA","SH125i","Málaga","Andalucía","125"
"25062026","0","","VOGE","R125","Illes Balears","Illes Balears","125"
"25062026","0","","HONDA","FORZA125","Barcelona","Cataluña","125"
"25062026","0","","HONDA","ADV 750","Santa Cruz de Tenerife","Canarias","745"
"25062026","0","","BMW","R 1300 GS","Valencia/València","Comunidad Valenciana","1300"
"25062026","0","","DUCATI","MONSTER DUCATI RED LIM","Barcelona","Cataluña","890"
"25062026","0","","ZONTES","125X","Valencia/València","Comunidad Valenciana","125"
"25062026","0","","HONDA","PCX 125","Alicante/Alacant","Comunidad Valenciana","125"
"25062026","0","","CFMOTO","675SR-R","Barcelona","Cataluña","674"
"25062026","0","","SYM","JET 14","Huelva","Andalucía","125"
"25062026","0","","RIEJU","NOT APPLICABLE","Santa Cruz de Tenerife","Canarias","124"
"25062026","0","","BAJAJ","PULSAR NS 125","Alicante/Alacant","Comunidad Valenciana","124"
"25062026","0","","MACBOR","MONTANA XR1 125 EVO","Cádiz","Andalucía","124"
"25062026","0","","KEEWAY","V-CRUISE","Zaragoza","Aragón","125"
"25062026","0","","RIEJU","NKD 125","Huelva","Andalucía","124"
"25062026","0","","MOTO GUZZI","V85 TT","Madrid","Comunidad de Madrid","853"
"25062026","0","","YAMAHA","NMAX 125","Castellón/Castelló","Comunidad Valenciana","125"
"25062026","0","","HONDA","ADV 350","Illes Balears","Illes Balears","330"
"25062026","0","","SYM","SYMPHONY 125","Barcelona","Cataluña","125"
"25062026","0","","YAMAHA","XMAX 125","Madrid","Comunidad de Madrid","125"
"25062026","0","","HONDA","PCX 125","Murcia","Región de Murcia","125"
"25062026","0","","VOGE","R125S","Valencia/València","Comunidad Valenciana","125"
"25062026","0","","PIAGGIO","VESPA PRIMAVERA 125","Madrid","Comunidad de Madrid","124"
"25062026","0","","YAMAHA","YZF-R9","Asturias","Principado de Asturias","890"
"25062026","0","","SYM","JET X","Illes Balears","Illes Balears","125"
"25062026","0","","MACBOR","MONTANA XR1 125 EVO","Valencia/València","Comunidad Valenciana","124"
"25062026","0","","KAWASAKI","Z125","Murcia","Región de Murcia","125"
"25062026","0","","HONDA","PCX 125","Murcia","Región de Murcia","125"
"25062026","0","","HONDA","SH Mode 125","Lleida","Cataluña","125"
"25062026","0","","KYMCO","DTX","Madrid","Comunidad de Madrid","124"
"25062026","0","","QJMOTOR","ATR 125 E5+","Bizkaia","País Vasco","125"
"25062026","0","","LAMBRETTA","V125 SPECIAL FLEX","Alicante/Alacant","Comunidad Valenciana","125"
"25062026","0","","TRIUMPH","SCRAMBLER 400 X","Murcia","Región de Murcia","398"
"25062026","0","","ZONTES","125X","Salamanca","Castilla y León","125"
"25062026","0","","ZONTES","368G","Málaga","Andalucía","368"
"25062026","0","","YAMAHA","RayZR 125","Granada","Andalucía","125"
"25062026","0","","YAMAHA","NMAX 125","Cádiz","Andalucía","125"
"25062026","0","","QJMOTOR","MTX 125 E5+","Valencia/València","Comunidad Valenciana","125"
"25062026","0","","HONDA","CBR650RA","Santa Cruz de Tenerife","Canarias","649"
"25062026","0","","BMW","F 450 GS","Málaga","Andalucía","420"
"25062026","0","","VOGE","SR1ADV","Valencia/València","Comunidad Valenciana","125"
"25062026","0","","CFMOTO","450MT","Málaga","Andalucía","449"
"25062026","0","","KYMCO","AGILITY S","Cádiz","Andalucía","125"
"25062026","0","","ZONTES","ZT125-G1","Madrid","Comunidad de Madrid","125"
"25062026","0","","ZONTES","125X","Illes Balears","Illes Balears","125"
"25062026","0","","CFMOTO","DUAL250","Valencia/València","Comunidad Valenciana","249"
"25062026","0","","ZONTES","368G","Barcelona","Cataluña","368"
"25062026","0","","ZONTES","368G","Murcia","Región de Murcia","368"
"25062026","0","","YAMAHA","NMAX 125","Alicante/Alacant","Comunidad Valenciana","125"
"25062026","0","","HONDA","PCX 125","Palmas (Las)","Canarias","125"
"25062026","0","","KYMCO","DTX","Almería","Andalucía","124"
"25062026","0","","HONDA","Rebel 500","Bizkaia","País Vasco","471"
"25062026","0","","YAMAHA","WR125","Cádiz","Andalucía","125"
"25062026","0","","HONDA","NX500","Barcelona","Cataluña","471"
"25062026","0","","ZONTES","125X","Madrid","Comunidad de Madrid","125"
"25062026","0","","VOGE","DS800X RALLY","Palmas (Las)","Canarias","798"
"25062026","0","","MITT","GT-S","Jaén","Andalucía","125"
"25062026","0","","TRIUMPH","STREET TRIPLE 765 RX","Santa Cruz de Tenerife","Canarias","765"
"25062026","0","","YAMAHA","NMAX 125","Cádiz","Andalucía","125"
"25062026","0","","YAMAHA","NMAX 125","Salamanca","Castilla y León","125"
"25062026","0","","HONDA","SH125i","Illes Balears","Illes Balears","125"
"25062026","0","","BAJAJ","PULSAR NS 400 Z","Illes Balears","Illes Balears","373"
"25062026","0","","YAMAHA","MT-125","Alicante/Alacant","Comunidad Valenciana","125"
"25062026","0","","HONDA","FORZA 350","Sevilla","Andalucía","330"
"25062026","0","","YAMAHA","NMAX 125","Alicante/Alacant","Comunidad Valenciana","125"
"25062026","0","","KYMCO","AGILITY S","Lleida","Cataluña","125"
"25062026","0","","CYCLONE","RA125 PLUS","Málaga","Andalucía","124"
"25062026","0","","KEEWAY","VIESTE 125LX","Sevilla","Andalucía","125"
"25062026","0","","BMW","F 450 GS","Cádiz","Andalucía","420"
"25062026","0","","VOGE","625DSX","Málaga","Andalucía","581"
"25062026","0","","BAJAJ","PULSAR NS 125","Illes Balears","Illes Balears","124"
"25062026","0","","BSA","BANTAM","Valencia/València","Comunidad Valenciana","334"
"25062026","0","","HONDA","FORZA125","Valencia/València","Comunidad Valenciana","125"
"25062026","0","","ZONTES","703F","Valencia/València","Comunidad Valenciana","699"
"25062026","0","","BMW","C 400 GT","Madrid","Comunidad de Madrid","350"
"25062026","0","","KYMCO","AGILITY S","Asturias","Principado de Asturias","125"
"25062026","0","","ZONTES","368G","Barcelona","Cataluña","368"
"25062026","0","","VOGE","DS900X","Cádiz","Andalucía","895"
"25062026","0","","ZONTES","368G","Palencia","Castilla y León","368"
"25062026","0","","HONDA","SH125i","Alicante/Alacant","Comunidad Valenciana","125"
"25062026","0","","MOTO GUZZI","V85 TT","Madrid","Comunidad de Madrid","853"
"25062026","0","","SYM","JET X","Álava/Araba","País Vasco","125"
"25062026","0","","SYM","SYMPHONY 125","Barcelona","Cataluña","125"
"25062026","0","","HONDA","SH Mode 125","Granada","Andalucía","125"
"25062026","0","","CFMOTO","450MT","Madrid","Comunidad de Madrid","449"
"25062026","0","","BAJAJ","PULSAR NS 125","Illes Balears","Illes Balears","124"
"25062026","0","","YAMAHA","NMAX 125","Castellón/Castelló","Comunidad Valenciana","125"
"25062026","0","","YAMAHA","XMAX 125","Málaga","Andalucía","125"
"25062026","0","","MORBIDELLI","F125","Madrid","Comunidad de Madrid","125"
"25062026","0","","BAJAJ","PULSAR NS 400 Z","Huelva","Andalucía","373"
"25062026","0","","HONDA","PCX 125","Cádiz","Andalucía","125"
"25062026","0","","YAMAHA","NMAX 125","Sevilla","Andalucía","125"
"25062026","0","","YAMAHA","XMAX 125","Tarragona","Cataluña","125"
"25062026","0","","YAMAHA","MT-07","Barcelona","Cataluña","689"
"25062026","0","","KYMCO","AGILITY S","Alicante/Alacant","Comunidad Valenciana","125"
"25062026","0","","ZONTES","368E","Barcelona","Cataluña","368"
"25062026","0","","YAMAHA","TRACER 700","Madrid","Comunidad de Madrid","689"
"25062026","0","","YAMAHA","NMAX 125","Granada","Andalucía","125"
"25062026","0","","SYM","SYMPHONY 125","Cádiz","Andalucía","125"
"25062026","0","","HONDA","FORZA 750","Huelva","Andalucía","745"
"25062026","0","","BMW","F 900 GS","Zaragoza","Aragón","895"
"25062026","0","","YAMAHA","MT-09","Madrid","Comunidad de Madrid","890"
"25062026","0","","HONDA","SH125i","Lugo","Galicia","125"
"25062026","0","","BMW","F 450 GS","Pontevedra","Galicia","420"
"25062026","0","","ZONTES","125X","Santa Cruz de Tenerife","Canarias","125"
"25062026","0","","KYMCO","DTX","Sevilla","Andalucía","124"
"25062026","0","","PIAGGIO","VESPA GTS","Cantabria","Cantabria","310"
"25062026","0","","PEUGEOT","PULSION EVO","Murcia","Región de Murcia","125"
"25062026","0","","KEEWAY","M502N","Sevilla","Andalucía","486"
"25062026","0","","YAMAHA","MT-07","Murcia","Región de Murcia","689"
"25062026","0","","HARLEY-DAVIDSON","NIGHTSTER","Barcelona","Cataluña","975"
"25062026","0","","YAMAHA","WR125","Madrid","Comunidad de Madrid","125"
"25062026","0","","YAMAHA","XTZ 700 Tenere","Ceuta","Ceuta","689"
"25062026","0","","KEEWAY","GEMMA","Madrid","Comunidad de Madrid","117"
"25062026","0","","KEEWAY","GEMMA","Valencia/València","Comunidad Valenciana","117"
"25062026","0","","FANTIC MOTOR","---","Córdoba","Andalucía","125"
"25062026","0","","VOGE","R125S","Cuenca","Castilla-La Mancha","125"
"25062026","0","","KTM","KTM 1390 SUPER ADVENTU","Toledo","Castilla-La Mancha","1350"
"25062026","0","","QJMOTOR","SRV 125 E5+","Valladolid","Castilla y León","125"
"25062026","0","","VOGE","SR1ADV","Cádiz","Andalucía","125"
"25062026","0","","HONDA","FORZA 750","Madrid","Comunidad de Madrid","745"
"25062026","0","","TRIUMPH","BONNEVILLE T100","Málaga","Andalucía","900"
"25062026","0","","VOGE","DS900X","Madrid","Comunidad de Madrid","895"
"25062026","0","","HONDA","PCX 125","Cádiz","Andalucía","125"
"25062026","0","","YAMAHA","XMAX 125","Sevilla","Andalucía","125"
"25062026","0","","HONDA","PCX 125","Cádiz","Andalucía","125"
"25062026","0","","BENDA","LFC700","Girona","Cataluña","680"
"25062026","0","","VOGE","SR1","Santa Cruz de Tenerife","Canarias","125"
"25062026","0","","VOGE","SR1ADV","Illes Balears","Illes Balears","125"
"25062026","0","","YAMAHA","NMAX 125","Granada","Andalucía","125"
"25062026","0","","VOGE","DS800X RALLY","Madrid","Comunidad de Madrid","798"
"25062026","0","","VOGE","DS525X","Illes Balears","Illes Balears","494"
"25062026","0","","KAWASAKI","NINJA 500","Alicante/Alacant","Comunidad Valenciana","451"
"25062026","0","","PIAGGIO","VESPA PRIMAVERA 125","Albacete","Castilla-La Mancha","124"
"25062026","0","","YAMAHA","MT-125","Zaragoza","Aragón","125"
"25062026","0","","PIAGGIO","VESPA PRIMAVERA 125","Ciudad Real","Castilla-La Mancha","124"
"25062026","0","","YAMAHA","R7","Barcelona","Cataluña","689"
"25062026","0","","HONDA","PCX 125","Palmas (Las)","Canarias","125"
"25062026","0","","ZONTES","125X","Tarragona","Cataluña","125"
"25062026","0","","KAWASAKI","Z900","Madrid","Comunidad de Madrid","948"
"25062026","0","","YAMAHA","RayZR 125","Alicante/Alacant","Comunidad Valenciana","125"
"25062026","0","","HONDA","FORZA125","Palmas (Las)","Canarias","125"
"25062026","0","","BMW","R 1300 GS","Pontevedra","Galicia","1300"
"25062026","0","","TRIUMPH","SCRAMBLER 900","Pontevedra","Galicia","900"
"25062026","0","","YAMAHA","R125","Illes Balears","Illes Balears","125"
"25062026","0","","BMW","F 450 GS","Palmas (Las)","Canarias","420"
"25062026","0","","YAMAHA","MT-125","Granada","Andalucía","125"
"25062026","0","","YAMAHA","NMAX 125","Valencia/València","Comunidad Valenciana","125"
"25062026","0","","VOGE","R125S","Asturias","Principado de Asturias","125"
"25062026","0","","PIAGGIO","VESPA PRIMAVERA 125","Granada","Andalucía","124"
"25062026","0","","CFMOTO","450MT","Madrid","Comunidad de Madrid","449"
"25062026","0","","PIAGGIO","VESPA GTS","Bizkaia","País Vasco","310"
"25062026","0","","QJMOTOR","MTX 125 E5+","Girona","Cataluña","125"
"25062026","0","","PIAGGIO","MEDLEY 125","Granada","Andalucía","125"
"25062026","0","","HONDA","ADV 750","Santa Cruz de Tenerife","Canarias","745"
"25062026","0","","APRILIA","RX 125","Palmas (Las)","Canarias","124"
"25062026","0","","VOGE","DS900X","Valencia/València","Comunidad Valenciana","895"
"25062026","0","","ZONTES","125X","Gipuzkoa","País Vasco","125"
"25062026","0","","ZONTES","125X","Navarra","Comunidad Foral de Navarra","125"
"25062026","0","","KEEWAY","XDV 125 EVO PRO","Barcelona","Cataluña","125"
"25062026","0","","SYM","JET X","Alicante/Alacant","Comunidad Valenciana","125"
"25062026","0","","BAJAJ","PULSAR NS 125","Illes Balears","Illes Balears","124"
"25062026","0","","TRIUMPH","TRIDENT 660","Barcelona","Cataluña","660"
"25062026","0","","TRIUMPH","TIGER 1200 RALLY EXPLO","Valencia/València","Comunidad Valenciana","1160"
"25062026","0","","ZONTES","125X","Cádiz","Andalucía","125"
"25062026","0","","KTM","KTM 890 ADVENTURE","León","Castilla y León","889"
"25062026","0","","ZONTES","368G","Cantabria","Cantabria","368"
"25062026","0","","KOVE","KOVE 800 X PRO","Burgos","Castilla y León","799"
"25062026","0","","TRIUMPH","STREET TRIPLE R","Illes Balears","Illes Balears","765"
"25062026","0","","HONDA","SH125i","Santa Cruz de Tenerife","Canarias","125"
"25062026","0","","YAMAHA","TMAX 560","Barcelona","Cataluña","562"
"25062026","0","","ZONTES","125X","Tarragona","Cataluña","125"
"25062026","0","","KTM","KTM 990 RC R","Bizkaia","País Vasco","947"
"25062026","0","","ZONTES","125C","Jaén","Andalucía","125"
"25062026","0","","HONDA","SH125i","Madrid","Comunidad de Madrid","125"
"25062026","0","","HONDA","ADV 750","Palmas (Las)","Canarias","745"
"25062026","0","","KYMCO","AGILITY S","Navarra","Comunidad Foral de Navarra","125"
"25062026","0","","KTM","KTM 890 SM T","Girona","Cataluña","889"
"25062026","0","","YAMAHA","NMAX 125","Madrid","Comunidad de Madrid","125"
"25062026","0","","BMW","R 1300 GS ADVENTURE","Valencia/València","Comunidad Valenciana","1300"
"25062026","0","","CFMOTO","1000MT-X","Coruña (A)","Galicia","946"
"25062026","0","","HONDA","PCX 125","Alicante/Alacant","Comunidad Valenciana","125"
"25062026","0","","YAMAHA","Tracer 9 GT","Barcelona","Cataluña","890"
"25062026","0","","TRIUMPH","BONNEVILLE T120","Girona","Cataluña","1200"
"25062026","0","","ZONTES","125X","Málaga","Andalucía","125"
"25062026","0","","VOGE","SR1","Málaga","Andalucía","125"
"25062026","0","","HONDA","CBF 125","Cádiz","Andalucía","125"
"25062026","0","","HONDA","XL750 Transalp","Illes Balears","Illes Balears","755"
"25062026","0","","HONDA","ADV 750","Palmas (Las)","Canarias","745"
"25062026","0","","ZONTES","368G","Madrid","Comunidad de Madrid","368"
"25062026","0","","YAMAHA","NMAX 125","Granada","Andalucía","125"
"25062026","0","","ZONTES","125E","Girona","Cataluña","125"
"25062026","0","","ZONTES","368K","Málaga","Andalucía","368"
"25062026","0","","YAMAHA","TRACER 700","Valencia/València","Comunidad Valenciana","689"
"25062026","0","","HONDA","CB1000","Palmas (Las)","Canarias","1000"
"25062026","0","","SYM","JET 14","Girona","Cataluña","125"
"25062026","0","","KEEWAY","XDV 125 EVO PRO","Málaga","Andalucía","125"
"25062026","0","","YAMAHA","R7","Bizkaia","País Vasco","689"
"25062026","0","","HONDA","SH350i","Palmas (Las)","Canarias","330"
"25062026","0","","SYM","SYMPHONY 125","Málaga","Andalucía","125"
"25062026","0","","YAMAHA","TMAX 560","Granada","Andalucía","562"
"25062026","0","","ZONTES","125X","Málaga","Andalucía","125"
"25062026","0","","HONDA","PCX 125","Santa Cruz de Tenerife","Canarias","125"
"25062026","0","","TRIUMPH","SCRAMBLER 400XC","Palmas (Las)","Canarias","398"
"25062026","0","","MITT","TY125T-26F","Palmas (Las)","Canarias","125"
"25062026","0","","VOGE","DS900X","Lugo","Galicia","895"
"25062026","0","","HONDA","PCX 125","Badajoz","Extremadura","125"
"25062026","0","","BENDA","LFC700","Cádiz","Andalucía","680"
"25062026","0","","VOGE","SR16","Barcelona","Cataluña","125"
"25062026","0","","KYMCO","DTX","Murcia","Región de Murcia","321"
"25062026","0","","PIAGGIO","LIBERTY 125 ABS","Madrid","Comunidad de Madrid","124"
"25062026","0","","HONDA","NX500","Girona","Cataluña","471"
"25062026","0","","YAMAHA","RayZR 125","Valladolid","Castilla y León","125"
"25062026","0","","ZONTES","125X","Navarra","Comunidad Foral de Navarra","125"
"25062026","0","","HONDA","ADV 350","Alicante/Alacant","Comunidad Valenciana","330"
"25062026","0","","YAMAHA","MT-07","Almería","Andalucía","689"
"25062026","0","","YAMAHA","MT-03","Toledo","Castilla-La Mancha","321"
"25062026","0","","VOGE","SR1ADV","Cádiz","Andalucía","125"
"25062026","0","","KYMCO","SKYTOWN 125","Madrid","Comunidad de Madrid","125"
"25062026","0","","HONDA","ADV 350","Alicante/Alacant","Comunidad Valenciana","330"
"25062026","0","","HONDA","SH Mode 125","Illes Balears","Illes Balears","125"
"25062026","0","","APRILIA","RX 125","Zaragoza","Aragón","124"
"25062026","0","","ZONTES","368G","Bizkaia","País Vasco","368"
"25062026","0","","SUZUKI","GSX-8S","Ávila","Castilla y León","776"
"25062026","0","","HONDA","FORZA125","Alicante/Alacant","Comunidad Valenciana","125"
"25062026","0","","YAMAHA","NMAX 125","Alicante/Alacant","Comunidad Valenciana","125"
"25062026","0","","VOGE","SR16","Barcelona","Cataluña","125"
"25062026","0","","APRILIA","SR GT 125","Cádiz","Andalucía","125"
"25062026","0","","APRILIA","SR GT 125","Palmas (Las)","Canarias","125"
"25062026","0","","PIAGGIO","VESPA PRIMAVERA 125","Albacete","Castilla-La Mancha","124"
"25062026","0","","BMW","R 1300 GS ADVENTURE","Madrid","Comunidad de Madrid","1300"
"25062026","0","","HONDA","SH Mode 125","Illes Balears","Illes Balears","125"
"25062026","0","","YAMAHA","YZF-R9","Málaga","Andalucía","890"
"25062026","0","","BMW","F 800 GS","Guadalajara","Castilla-La Mancha","895"
"25062026","0","","YAMAHA","NMAX 125","Madrid","Comunidad de Madrid","125"
"25062026","0","","VOGE","DS525X","Barcelona","Cataluña","494"
"25062026","0","","SCORPA","CITY CORP 125","Huelva","Andalucía","125"
"25062026","0","","TRIUMPH","SPEED 400","Girona","Cataluña","398"
"25062026","0","","SUZUKI","ADDRESS 125","Palmas (Las)","Canarias","124"
"25062026","0","","ZONTES","368G","Huelva","Andalucía","368"
"25062026","0","","TRIUMPH","TRIDENT 660 - TRIPLE T","Girona","Cataluña","660"
"25062026","0","","HONDA","PCX 125","Cádiz","Andalucía","125"
"25062026","0","","ZONTES","125X","Sevilla","Andalucía","125"
"25062026","0","","YAMAHA","Tracer 9 GT","Cádiz","Andalucía","890"
"25062026","0","","ZONTES","125X","Valencia/València","Comunidad Valenciana","125"
"25062026","0","","YAMAHA","YZF-R9","Sevilla","Andalucía","890"
"25062026","0","","QJMOTOR","SRV 125 E5+","Cádiz","Andalucía","125"
"25062026","0","","KYMCO","AGILITY S","Alicante/Alacant","Comunidad Valenciana","125"
"25062026","0","","BMW","R 1300 GS","Murcia","Región de Murcia","1300"
"25062026","0","","BMW","R 1300 GS ADVENTURE","Bizkaia","País Vasco","1300"
"25062026","0","","HONDA","SH125i","Barcelona","Cataluña","125"
"25062026","0","","SYM","SYMPHONY 125","Girona","Cataluña","125"
"25062026","0","","YAMAHA","NMAX 125","Zaragoza","Aragón","125"
"25062026","0","","BMW","F 800 GS","Madrid","Comunidad de Madrid","895"
"25062026","0","","PIAGGIO","VESPA PRIMAVERA 125","Bizkaia","País Vasco","124"
"25062026","0","","BMW","R 1300 GS","Córdoba","Andalucía","1300"
"25062026","0","","BENDA","NAPOLEON 125","Sevilla","Andalucía","125"
"25062026","0","","ZONTES","125X","Madrid","Comunidad de Madrid","125"
"25062026","0","","QJMOTOR","SRT 900 S","Córdoba","Andalucía","904"
"25062026","0","","HONDA","XL750 Transalp","Barcelona","Cataluña","755"
"25062026","0","","KTM","KTM 690 SMC R","Madrid","Comunidad de Madrid","693"
"25062026","0","","ZONTES","703RR","Cádiz","Andalucía","699"
"25062026","0","","KYMCO","AGILITY S","Pontevedra","Galicia","125"
"25062026","0","","FANTIC MOTOR","---","Santa Cruz de Tenerife","Canarias","125"
"25062026","0","","MITT","TY125T-26F","Zaragoza","Aragón","125"
"25062026","0","","PIAGGIO","VESPA PRIMAVERA 125","Cádiz","Andalucía","124"
"25062026","0","","HONDA","SH125i","Córdoba","Andalucía","125"
"25062026","0","","BMW","C 400 X","Illes Balears","Illes Balears","350"
"25062026","0","","YAMAHA","MT-07","Asturias","Principado de Asturias","689"
"25062026","0","","KAWASAKI","Z900","Madrid","Comunidad de Madrid","948"
"25062026","0","","BMW","R 1300 GS","Valencia/València","Comunidad Valenciana","1300"
"25062026","0","","BMW","R 1300 RT","Valencia/València","Comunidad Valenciana","1300"
"25062026","0","","HONDA","SH125i","Barcelona","Cataluña","125"
"25062026","0","","PIAGGIO","VESPA GTS 125","Barcelona","Cataluña","125"
"25062026","0","","VOGE","DS900X","Barcelona","Cataluña","895"
"25062026","0","","ZONTES","125X","Madrid","Comunidad de Madrid","125"
"25062026","0","","APRILIA","SR GT 125","Palmas (Las)","Canarias","125"
"25062026","0","","BMW","R 1300 GS","Valencia/València","Comunidad Valenciana","1300"
"25062026","0","","ZONTES","368E","Asturias","Principado de Asturias","368"
"25062026","0","","ZONTES","125X","Cádiz","Andalucía","125"
"25062026","0","","ZONTES","368E","Madrid","Comunidad de Madrid","368"
"25062026","0","","DUCATI","HYPERMOTARD V2","Palmas (Las)","Canarias","890"
"25062026","0","","VOGE","625DSX","Barcelona","Cataluña","581"
"25062026","0","","VOGE","DS525X","Barcelona","Cataluña","494"
"25062026","0","","APRILIA","SR GT 125","Sevilla","Andalucía","125"
"25062026","0","","HONDA","ADV 350","Barcelona","Cataluña","330"
"25062026","0","","YAMAHA","MT-07","Coruña (A)","Galicia","689"
"25062026","0","","HONDA","CB 125 F","Santa Cruz de Tenerife","Canarias","124"
"25062026","0","","KYMCO","SUPER DINK GT 125 E5+","Jaén","Andalucía","124"
"25062026","0","","ZONTES","125D","Barcelona","Cataluña","125"
"25062026","0","","MOTO GUZZI","V85 TT","Madrid","Comunidad de Madrid","853"
"25062026","0","","YAMAHA","NMAX 125","Sevilla","Andalucía","125"
"25062026","0","","PIAGGIO","LIBERTY 125 ABS","Sevilla","Andalucía","124"
"25062026","0","","ZONTES","125C","Guadalajara","Castilla-La Mancha","125"
"25062026","0","","KYMCO","AGILITY S","Badajoz","Extremadura","125"
"25062026","0","","PIAGGIO","VESPA GTS","Huesca","Aragón","310"
"25062026","0","","YAMAHA","R125","Sevilla","Andalucía","125"
"25062026","0","","YAMAHA","NMAX 125","Madrid","Comunidad de Madrid","125"
"25062026","0","","HONDA","PCX 125","Granada","Andalucía","125"
"25062026","0","","SYM","SYMPHONY 125","Girona","Cataluña","125"
"25062026","0","","ZONTES","ZT125-U1","Murcia","Región de Murcia","125"
"25062026","0","","BMW","F 800 GS","Soria","Castilla y León","895"
"25062026","0","","DUCATI","MULTISTRADA V4","Palmas (Las)","Canarias","1158"
"25062026","0","","BMW","S 1000 R","Madrid","Comunidad de Madrid","999"
"25062026","0","","HONDA","FORZA125","Barcelona","Cataluña","125"
"25062026","0","","ZONTES","368K","Palmas (Las)","Canarias","368"
"25062026","0","","KAWASAKI","ELIMINATOR","Asturias","Principado de Asturias","451"
"25062026","0","","SYM","SYMPHONY 125","Málaga","Andalucía","125"
"25062026","0","","ZONTES","125X","Cantabria","Cantabria","125"
"25062026","0","","ZONTES","125E","Alicante/Alacant","Comunidad Valenciana","125"
"25062026","0","","ZONTES","125X","Madrid","Comunidad de Madrid","125"
"25062026","0","","KYMCO","AGILITY S","Badajoz","Extremadura","125"
"25062026","0","","APRILIA","SR GT 125","Coruña (A)","Galicia","125"
"25062026","0","","ZONTES","125X","Bizkaia","País Vasco","125"
"25062026","0","","HONDA","FORZA125","Cádiz","Andalucía","125"
"25062026","0","","SYM","SYMPHONY 125","Illes Balears","Illes Balears","125"
"25062026","0","","HONDA","SH125i","Cádiz","Andalucía","125"
"25062026","0","","ZONTES","125X","Barcelona","Cataluña","125"
"25062026","0","","YAMAHA","XTZ 700 Tenere","Cádiz","Andalucía","689"
"25062026","0","","ZONTES","125C","Valencia/València","Comunidad Valenciana","125"
"25062026","0","","KEEWAY","XDV 125 EVO PRO","Málaga","Andalucía","125"
"25062026","0","","HONDA","CBR 650 R","Barcelona","Cataluña","649"
"25062026","0","","QJMOTOR","FORT 125 N E5+","Alicante/Alacant","Comunidad Valenciana","125"
"25062026","0","","KTM","KTM 125 DUKE","Alicante/Alacant","Comunidad Valenciana","125"
"25062026","0","","HONDA","Rebel 500","Valencia/València","Comunidad Valenciana","471"
"25062026","0","","SYM","JET X","Alicante/Alacant","Comunidad Valenciana","125"
"25062026","0","","HONDA","PCX 125","Albacete","Castilla-La Mancha","125"
"25062026","0","","YAMAHA","XMAX 125","Santa Cruz de Tenerife","Canarias","125"
"25062026","0","","DUCATI","MULTISTRADA V4","Sevilla","Andalucía","1103"
"25062026","0","","MACBOR","ROCKSTER 125 EVO E5+","Tarragona","Cataluña","125"
"25062026","0","","MH MOTORCYCLES","VRT","Alicante/Alacant","Comunidad Valenciana","124"
"25062026","0","","HONDA","SH125i","Sevilla","Andalucía","125"
