MARCA_ITV,MODELO_ITV,PROVINCIA_VEH,COMUNIDAD_AUTONOMA,CILINDRADA_ITV,COUNT
"AJP","AJP PR7","Alicante/Alacant","Comunidad Valenciana","600",1
"AJP","AJP PR7","Asturias","Principado de Asturias","600",1
"AJP","AJP PR7","Badajoz","Extremadura","600",1
"AJP","AJP PR7","Barcelona","Cataluña","600",5
"AJP","AJP PR7","Bizkaia","País Vasco","600",1
"AJP","AJP PR7","Córdoba","Andalucía","600",1
"AJP","AJP PR7","Girona","Cataluña","600",1
"AJP","AJP PR7","Granada","Andalucía","600",1
"AJP","AJP PR7","Madrid","Comunidad de Madrid","600",4
"AJP","AJP PR7","Málaga","Andalucía","600",1
"AJP","AJP PR7","Murcia","Región de Murcia","600",1
"AJP","AJP PR7","Pontevedra","Galicia","600",1
"AJP","AJP PR7","Salamanca","Castilla y León","600",1
"AJP","AJP PR7","Valencia/València","Comunidad Valenciana","600",1
"AJP","AJP PR7","Zaragoza","Aragón","600",1
"APRILIA","RS 125","Barcelona","Cataluña","124",2
"APRILIA","RS 125","Bizkaia","País Vasco","124",3
"APRILIA","RS 125","Cádiz","Andalucía","124",1
"APRILIA","RS 125","Córdoba","Andalucía","124",2
"APRILIA","RS 125","Coruña (A)","Galicia","124",1
"APRILIA","RS 125","Guadalajara","Castilla-La Mancha","124",1
"APRILIA","RS 125","Illes Balears","Illes Balears","124",1
"APRILIA","RS 125","Madrid","Comunidad de Madrid","124",1
"APRILIA","RS 125","Pontevedra","Galicia","124",1
"APRILIA","RS 125","Santa Cruz de Tenerife","Canarias","124",1
"APRILIA","RS 125","Sevilla","Andalucía","124",1
"APRILIA","RS 125","Valencia/València","Comunidad Valenciana","124",2
"APRILIA","RS 125","Valladolid","Castilla y León","124",1
"APRILIA","RS 457","Barcelona","Cataluña","457",5
"APRILIA","RS 457","Bizkaia","País Vasco","457",1
"APRILIA","RS 457","Cádiz","Andalucía","457",3
"APRILIA","RS 457","Girona","Cataluña","457",1
"APRILIA","RS 457","Málaga","Andalucía","457",1
"APRILIA","RS 457","Palmas (Las)","Canarias","457",1
"APRILIA","RS 457","Valladolid","Castilla y León","457",2
"APRILIA","RS 660","Álava/Araba","País Vasco","659",1
"APRILIA","RS 660","Almería","Andalucía","659",1
"APRILIA","RS 660","Barcelona","Cataluña","659",4
"APRILIA","RS 660","Bizkaia","País Vasco","659",1
"APRILIA","RS 660","Castellón/Castelló","Comunidad Valenciana","659",1
"APRILIA","RS 660","Guadalajara","Castilla-La Mancha","659",1
"APRILIA","RS 660","Huelva","Andalucía","659",1
"APRILIA","RS 660","Illes Balears","Illes Balears","659",1
"APRILIA","RS 660","Lleida","Cataluña","659",2
"APRILIA","RS 660","Madrid","Comunidad de Madrid","659",2
"APRILIA","RS 660","Málaga","Andalucía","659",2
"APRILIA","RS 660","Pontevedra","Galicia","659",1
"APRILIA","RS 660","Rioja (La)","La Rioja","659",1
"APRILIA","RS 660","Santa Cruz de Tenerife","Canarias","659",2
"APRILIA","RS 660","Tarragona","Cataluña","659",1
"APRILIA","RS 660","Valencia/València","Comunidad Valenciana","659",2
"APRILIA","RSV4","Alicante/Alacant","Comunidad Valenciana","1099",1
"APRILIA","RSV4","Bizkaia","País Vasco","1099",1
"APRILIA","RSV4","Málaga","Andalucía","1099",1
"APRILIA","RSV4","Palmas (Las)","Canarias","1099",1
"APRILIA","RSV4","Valladolid","Castilla y León","1099",1
"APRILIA","RX 125","Albacete","Castilla-La Mancha","124",2
"APRILIA","RX 125","Alicante/Alacant","Comunidad Valenciana","124",1
"APRILIA","RX 125","Ávila","Castilla y León","124",1
"APRILIA","RX 125","Badajoz","Extremadura","124",2
"APRILIA","RX 125","Barcelona","Cataluña","124",2
"APRILIA","RX 125","Cáceres","Extremadura","124",1
"APRILIA","RX 125","Cádiz","Andalucía","124",2
"APRILIA","RX 125","Córdoba","Andalucía","124",1
"APRILIA","RX 125","Cuenca","Castilla-La Mancha","124",1
"APRILIA","RX 125","Gipuzkoa","País Vasco","124",1
"APRILIA","RX 125","Lleida","Cataluña","124",1
"APRILIA","RX 125","Málaga","Andalucía","124",1
"APRILIA","RX 125","Murcia","Región de Murcia","124",1
"APRILIA","RX 125","Navarra","Comunidad Foral de Navarra","124",1
"APRILIA","RX 125","Palmas (Las)","Canarias","124",1
"APRILIA","RX 125","Sevilla","Andalucía","124",8
"APRILIA","RX 125","Tarragona","Cataluña","124",2
"APRILIA","RX 125","Zaragoza","Aragón","124",1
"APRILIA","SR GT 125","Alicante/Alacant","Comunidad Valenciana","125",5
"APRILIA","SR GT 125","Almería","Andalucía","125",1
"APRILIA","SR GT 125","Asturias","Principado de Asturias","125",1
"APRILIA","SR GT 125","Badajoz","Extremadura","125",3
"APRILIA","SR GT 125","Barcelona","Cataluña","125",19
"APRILIA","SR GT 125","Bizkaia","País Vasco","125",3
"APRILIA","SR GT 125","Cáceres","Extremadura","125",1
"APRILIA","SR GT 125","Cádiz","Andalucía","125",14
"APRILIA","SR GT 125","Cantabria","Cantabria","125",1
"APRILIA","SR GT 125","Castellón/Castelló","Comunidad Valenciana","125",3
"APRILIA","SR GT 125","Ciudad Real","Castilla-La Mancha","125",1
"APRILIA","SR GT 125","Córdoba","Andalucía","125",6
"APRILIA","SR GT 125","Cuenca","Castilla-La Mancha","125",1
"APRILIA","SR GT 125","Gipuzkoa","País Vasco","125",2
"APRILIA","SR GT 125","Girona","Cataluña","125",2
"APRILIA","SR GT 125","Granada","Andalucía","125",7
"APRILIA","SR GT 125","Huelva","Andalucía","125",4
"APRILIA","SR GT 125","Huesca","Aragón","125",1
"APRILIA","SR GT 125","Illes Balears","Illes Balears","125",7
"APRILIA","SR GT 125","Jaén","Andalucía","125",3
"APRILIA","SR GT 125","Madrid","Comunidad de Madrid","125",3
"APRILIA","SR GT 125","Málaga","Andalucía","125",21
"APRILIA","SR GT 125","Murcia","Región de Murcia","125",6
"APRILIA","SR GT 125","Navarra","Comunidad Foral de Navarra","125",3
"APRILIA","SR GT 125","Palencia","Castilla y León","125",1
"APRILIA","SR GT 125","Palmas (Las)","Canarias","125",7
"APRILIA","SR GT 125","Pontevedra","Galicia","125",1
"APRILIA","SR GT 125","Rioja (La)","La Rioja","125",1
"APRILIA","SR GT 125","Santa Cruz de Tenerife","Canarias","125",3
"APRILIA","SR GT 125","Sevilla","Andalucía","125",14
"APRILIA","SR GT 125","Toledo","Castilla-La Mancha","125",1
"APRILIA","SR GT 125","Valencia/València","Comunidad Valenciana","125",4
"APRILIA","SR GT 125","Valladolid","Castilla y León","125",1
"APRILIA","SR GT 125","Zaragoza","Aragón","125",1
"APRILIA","SR GT 200","Alicante/Alacant","Comunidad Valenciana","174",1
"APRILIA","SR GT 200","Barcelona","Cataluña","174",1
"APRILIA","SR GT 200","Cádiz","Andalucía","174",1
"APRILIA","SR GT 200","Málaga","Andalucía","174",1
"APRILIA","SX 125","Alicante/Alacant","Comunidad Valenciana","124",1
"APRILIA","SX 125","Barcelona","Cataluña","124",4
"APRILIA","SX 125","Cádiz","Andalucía","124",1
"APRILIA","SX 125","Illes Balears","Illes Balears","124",1
"APRILIA","SX 125","Madrid","Comunidad de Madrid","124",5
"APRILIA","SX 125","Málaga","Andalucía","124",2
"APRILIA","SX 125","Murcia","Región de Murcia","124",1
"APRILIA","SX 125","Santa Cruz de Tenerife","Canarias","124",2
"APRILIA","SX 125","Sevilla","Andalucía","124",1
"APRILIA","SX 125","Toledo","Castilla-La Mancha","124",1
"APRILIA","SX 125","Valencia/València","Comunidad Valenciana","124",1
"APRILIA","SX 125","Valladolid","Castilla y León","124",1
"APRILIA","TUAREG 660","Barcelona","Cataluña","659",1
"APRILIA","TUAREG 660","Cádiz","Andalucía","659",1
"APRILIA","TUAREG 660","Gipuzkoa","País Vasco","659",1
"APRILIA","TUAREG 660","Granada","Andalucía","659",1
"APRILIA","TUAREG 660","Lleida","Cataluña","659",3
"APRILIA","TUAREG 660","Madrid","Comunidad de Madrid","659",2
"APRILIA","TUAREG 660","Murcia","Región de Murcia","659",1
"APRILIA","TUAREG 660","Navarra","Comunidad Foral de Navarra","659",1
"APRILIA","TUAREG 660","Valencia/València","Comunidad Valenciana","659",1
"APRILIA","TUONO 125","Cádiz","Andalucía","124",1
"APRILIA","TUONO 125","Gipuzkoa","País Vasco","124",1
"APRILIA","TUONO 125","Palmas (Las)","Canarias","124",1
"APRILIA","TUONO 457","Barcelona","Cataluña","457",1
"APRILIA","TUONO 457","Cádiz","Andalucía","457",2
"APRILIA","TUONO 457","Coruña (A)","Galicia","457",1
"APRILIA","TUONO 457","Lleida","Cataluña","457",1
"APRILIA","TUONO 457","Madrid","Comunidad de Madrid","457",1
"APRILIA","TUONO 457","Málaga","Andalucía","457",1
"APRILIA","TUONO 660","Barcelona","Cataluña","659",1
"APRILIA","TUONO 660","Valencia/València","Comunidad Valenciana","659",1
"APRILIA","TUONO V4","Barcelona","Cataluña","1077",1
"APRILIA","TUONO V4","Bizkaia","País Vasco","1077",1
"APRILIA","TUONO V4","Lleida","Cataluña","1077",1
"APRILIA","TUONO V4","Madrid","Comunidad de Madrid","1077",1
"ARIIC","ARIIC 318","Alicante/Alacant","Comunidad Valenciana","276",1
"ARIIC","ARIIC 318","Cantabria","Cantabria","276",1
"ARIIC","ARIIC 318","Lugo","Galicia","276",1
"ARIIC","ARIIC 318","Valencia/València","Comunidad Valenciana","276",1
"BAJAJ","DOMINAR D 400","Alicante/Alacant","Comunidad Valenciana","373",1
"BAJAJ","DOMINAR D 400","Barcelona","Cataluña","373",4
"BAJAJ","DOMINAR D 400","Guadalajara","Castilla-La Mancha","373",1
"BAJAJ","DOMINAR D 400","Illes Balears","Illes Balears","373",1
"BAJAJ","DOMINAR D 400","Murcia","Región de Murcia","373",1
"BAJAJ","DOMINAR D 400","Navarra","Comunidad Foral de Navarra","373",1
"BAJAJ","DOMINAR D 400","Santa Cruz de Tenerife","Canarias","373",1
"BAJAJ","DOMINAR D 400","Tarragona","Cataluña","373",1
"BAJAJ","DOMINAR D 400","Valencia/València","Comunidad Valenciana","373",2
"BAJAJ","PULSAR NS 125","Albacete","Castilla-La Mancha","124",1
"BAJAJ","PULSAR NS 125","Alicante/Alacant","Comunidad Valenciana","124",4
"BAJAJ","PULSAR NS 125","Barcelona","Cataluña","124",10
"BAJAJ","PULSAR NS 125","Bizkaia","País Vasco","124",1
"BAJAJ","PULSAR NS 125","Castellón/Castelló","Comunidad Valenciana","124",1
"BAJAJ","PULSAR NS 125","Córdoba","Andalucía","124",1
"BAJAJ","PULSAR NS 125","Coruña (A)","Galicia","124",1
"BAJAJ","PULSAR NS 125","Girona","Cataluña","124",1
"BAJAJ","PULSAR NS 125","Granada","Andalucía","124",1
"BAJAJ","PULSAR NS 125","Huelva","Andalucía","124",1
"BAJAJ","PULSAR NS 125","Illes Balears","Illes Balears","124",1
"BAJAJ","PULSAR NS 125","Lleida","Cataluña","124",3
"BAJAJ","PULSAR NS 125","Madrid","Comunidad de Madrid","124",22
"BAJAJ","PULSAR NS 125","Málaga","Andalucía","124",2
"BAJAJ","PULSAR NS 125","Murcia","Región de Murcia","124",1
"BAJAJ","PULSAR NS 125","Navarra","Comunidad Foral de Navarra","124",1
"BAJAJ","PULSAR NS 125","Santa Cruz de Tenerife","Canarias","124",1
"BAJAJ","PULSAR NS 125","Sevilla","Andalucía","124",1
"BAJAJ","PULSAR NS 125","Tarragona","Cataluña","124",3
"BAJAJ","PULSAR NS 125","Valencia/València","Comunidad Valenciana","124",2
"BAJAJ","PULSAR NS 125","Zaragoza","Aragón","124",2
"BAJAJ","PULSAR NS 400 Z","Barcelona","Cataluña","373",8
"BAJAJ","PULSAR NS 400 Z","Bizkaia","País Vasco","373",1
"BAJAJ","PULSAR NS 400 Z","Cantabria","Cantabria","373",1
"BAJAJ","PULSAR NS 400 Z","Gipuzkoa","País Vasco","373",1
"BAJAJ","PULSAR NS 400 Z","Huelva","Andalucía","373",1
"BAJAJ","PULSAR NS 400 Z","Illes Balears","Illes Balears","373",1
"BAJAJ","PULSAR NS 400 Z","Madrid","Comunidad de Madrid","373",6
"BAJAJ","PULSAR NS 400 Z","Santa Cruz de Tenerife","Canarias","373",1
"BAJAJ","PULSAR NS 400 Z","Sevilla","Andalucía","373",1
"BAJAJ","PULSAR NS 400 Z","Tarragona","Cataluña","373",1
"BAJAJ","PULSAR NS 400 Z","Valencia/València","Comunidad Valenciana","373",1
"BAJAJ","PULSAR NS 400 Z","Zaragoza","Aragón","373",2
"BENDA","BENDA 302","Alicante/Alacant","Comunidad Valenciana","298",1
"BENDA","CHINCHILLA","Alicante/Alacant","Comunidad Valenciana","476",1
"BENDA","CHINCHILLA","Barcelona","Cataluña","476",4
"BENDA","CHINCHILLA","Jaén","Andalucía","476",1
"BENDA","CHINCHILLA","Madrid","Comunidad de Madrid","476",4
"BENDA","CHINCHILLA","Murcia","Región de Murcia","476",1
"BENDA","CHINCHILLA","Palmas (Las)","Canarias","476",2
"BENDA","CHINCHILLA","Pontevedra","Galicia","476",1
"BENDA","CHINCHILLA","Tarragona","Cataluña","476",1
"BENDA","CHINCHILLA","Toledo","Castilla-La Mancha","476",1
"BENDA","CHINCHILLA","Valencia/València","Comunidad Valenciana","476",1
"BENDA","CHINCHILLA","Zaragoza","Aragón","476",1
"BENDA","LFC700","Barcelona","Cataluña","677",2
"BENDA","LFC700","Cádiz","Andalucía","677",1
"BENDA","LFC700","Cantabria","Cantabria","677",1
"BENDA","LFC700","Coruña (A)","Galicia","677",1
"BENDA","LFC700","Girona","Cataluña","677",1
"BENDA","LFC700","Granada","Andalucía","677",1
"BENDA","LFC700","Madrid","Comunidad de Madrid","677",1
"BENDA","LFC700","Palmas (Las)","Canarias","677",1
"BENDA","LFC700","Pontevedra","Galicia","677",1
"BENDA","LFC700","Valencia/València","Comunidad Valenciana","677",1
"BENDA","NAPOLEON","Alicante/Alacant","Comunidad Valenciana","476",1
"BENDA","NAPOLEON","Badajoz","Extremadura","476",1
"BENDA","NAPOLEON","Barcelona","Cataluña","476",5
"BENDA","NAPOLEON","Castellón/Castelló","Comunidad Valenciana","476",1
"BENDA","NAPOLEON","Ciudad Real","Castilla-La Mancha","476",1
"BENDA","NAPOLEON","Coruña (A)","Galicia","476",2
"BENDA","NAPOLEON","Granada","Andalucía","476",1
"BENDA","NAPOLEON","Illes Balears","Illes Balears","476",1
"BENDA","NAPOLEON","Jaén","Andalucía","476",1
"BENDA","NAPOLEON","León","Castilla y León","476",1
"BENDA","NAPOLEON","Madrid","Comunidad de Madrid","476",1
"BENDA","NAPOLEON","Málaga","Andalucía","476",1
"BENDA","NAPOLEON","Murcia","Región de Murcia","476",1
"BENDA","NAPOLEON","Navarra","Comunidad Foral de Navarra","476",2
"BENDA","NAPOLEON","Santa Cruz de Tenerife","Canarias","476",1
"BENDA","NAPOLEON","Sevilla","Andalucía","476",1
"BENDA","NAPOLEON 250","Barcelona","Cataluña","249",1
"BENDA","NAPOLEON 250","Cádiz","Andalucía","249",1
"BENDA","NAPOLEON 250","Madrid","Comunidad de Madrid","249",2
"BENDA","V-CRUISE","Álava/Araba","País Vasco","125",1
"BENDA","V-CRUISE","Alicante/Alacant","Comunidad Valenciana","125",2
"BENDA","V-CRUISE","Almería","Andalucía","125",1
"BENDA","V-CRUISE","Asturias","Principado de Asturias","125",1
"BENDA","V-CRUISE","Barcelona","Cataluña","125",1
"BENDA","V-CRUISE","Cáceres","Extremadura","125",2
"BENDA","V-CRUISE","Cádiz","Andalucía","125",1
"BENDA","V-CRUISE","Cantabria","Cantabria","125",3
"BENDA","V-CRUISE","Coruña (A)","Galicia","125",2
"BENDA","V-CRUISE","Granada","Andalucía","125",1
"BENDA","V-CRUISE","Illes Balears","Illes Balears","125",1
"BENDA","V-CRUISE","León","Castilla y León","125",1
"BENDA","V-CRUISE","Madrid","Comunidad de Madrid","125",4
"BENDA","V-CRUISE","Málaga","Andalucía","125",2
"BENDA","V-CRUISE","Murcia","Región de Murcia","125",1
"BENDA","V-CRUISE","Palmas (Las)","Canarias","125",3
"BENDA","V-CRUISE","Pontevedra","Galicia","125",1
"BENDA","V-CRUISE","Santa Cruz de Tenerife","Canarias","125",1
"BENDA","V-CRUISE","Sevilla","Andalucía","125",2
"BENDA","V-CRUISE","Tarragona","Cataluña","125",1
"BENDA","V-CRUISE","Toledo","Castilla-La Mancha","125",1
"BENDA","V-CRUISE","Valencia/València","Comunidad Valenciana","125",6
"BENDA","V-CRUISE","Zaragoza","Aragón","125",1
"BENELLI","502C CRUISER","Girona","Cataluña","500",1
"BENELLI","BN125","Alicante/Alacant","Comunidad Valenciana","125",3
"BENELLI","BN125","Almería","Andalucía","125",1
"BENELLI","BN125","Barcelona","Cataluña","125",1
"BENELLI","BN125","Cáceres","Extremadura","125",1
"BENELLI","BN125","Cádiz","Andalucía","125",2
"BENELLI","BN125","Cantabria","Cantabria","125",1
"BENELLI","BN125","Córdoba","Andalucía","125",2
"BENELLI","BN125","Coruña (A)","Galicia","125",2
"BENELLI","BN125","Huelva","Andalucía","125",2
"BENELLI","BN125","Illes Balears","Illes Balears","125",3
"BENELLI","BN125","Lugo","Galicia","125",2
"BENELLI","BN125","Madrid","Comunidad de Madrid","125",4
"BENELLI","BN125","Málaga","Andalucía","125",2
"BENELLI","BN125","Murcia","Región de Murcia","125",1
"BENELLI","BN125","Navarra","Comunidad Foral de Navarra","125",2
"BENELLI","BN125","Ourense","Galicia","125",1
"BENELLI","BN125","Palencia","Castilla y León","125",1
"BENELLI","BN125","Pontevedra","Galicia","125",1
"BENELLI","BN125","Segovia","Castilla y León","125",1
"BENELLI","BN125","Tarragona","Cataluña","125",2
"BENELLI","BN125","Valencia/València","Comunidad Valenciana","125",4
"BENELLI","BN125","Zaragoza","Aragón","125",1
"BENELLI","IMPERIALE 400","Granada","Andalucía","374",1
"BENELLI","IMPERIALE 400","Madrid","Comunidad de Madrid","374",1
"BENELLI","IMPERIALE 400","Tarragona","Cataluña","374",1
"BENELLI","LEONCINO 125","Madrid","Comunidad de Madrid","125",2
"BENELLI","LEONCINO BOBBER 400","Barcelona","Cataluña","385",1
"BENELLI","TORNADO 550 35KW","Huelva","Andalucía","554",1
"BENELLI","TORNADO 550 35KW","Valencia/València","Comunidad Valenciana","554",1
"BENELLI","TRK 502 X","Córdoba","Andalucía","500",1
"BENELLI","TRK 702","Álava/Araba","País Vasco","698",1
"BENELLI","TRK 702","Alicante/Alacant","Comunidad Valenciana","698",2
"BENELLI","TRK 702","Badajoz","Extremadura","698",2
"BENELLI","TRK 702","Barcelona","Cataluña","698",3
"BENELLI","TRK 702","Bizkaia","País Vasco","698",1
"BENELLI","TRK 702","Cádiz","Andalucía","698",2
"BENELLI","TRK 702","Castellón/Castelló","Comunidad Valenciana","698",1
"BENELLI","TRK 702","Gipuzkoa","País Vasco","698",1
"BENELLI","TRK 702","Granada","Andalucía","698",2
"BENELLI","TRK 702","Guadalajara","Castilla-La Mancha","698",1
"BENELLI","TRK 702","Huelva","Andalucía","698",1
"BENELLI","TRK 702","Jaén","Andalucía","698",1
"BENELLI","TRK 702","Lleida","Cataluña","698",1
"BENELLI","TRK 702","Madrid","Comunidad de Madrid","698",3
"BENELLI","TRK 702","Málaga","Andalucía","698",2
"BENELLI","TRK 702","Murcia","Región de Murcia","698",1
"BENELLI","TRK 702","Palmas (Las)","Canarias","698",1
"BENELLI","TRK 702","Sevilla","Andalucía","698",2
"BENELLI","TRK 702","Toledo","Castilla-La Mancha","698",2
"BENELLI","TRK 702","Valencia/València","Comunidad Valenciana","698",2
"BENELLI","TRK502","Almería","Andalucía","500",1
"BENELLI","TRK502","Cádiz","Andalucía","500",1
"BENELLI","TRK502","Córdoba","Andalucía","500",1
"BETA","EVO 2T 300CC MY24","Barcelona","Cataluña","297",1
"BETA","N/A","Albacete","Castilla-La Mancha","293",1
"BETA","N/A","Almería","Andalucía","293",2
"BETA","N/A","Asturias","Principado de Asturias","293",2
"BETA","N/A","Ávila","Castilla y León","293",3
"BETA","N/A","Barcelona","Cataluña","293",13
"BETA","N/A","Bizkaia","País Vasco","293",1
"BETA","N/A","Cádiz","Andalucía","293",7
"BETA","N/A","Cantabria","Cantabria","293",2
"BETA","N/A","Coruña (A)","Galicia","293",6
"BETA","N/A","Cuenca","Castilla-La Mancha","293",1
"BETA","N/A","Girona","Cataluña","293",2
"BETA","N/A","Granada","Andalucía","293",3
"BETA","N/A","Illes Balears","Illes Balears","293",3
"BETA","N/A","Lugo","Galicia","293",2
"BETA","N/A","Madrid","Comunidad de Madrid","293",6
"BETA","N/A","Málaga","Andalucía","293",1
"BETA","N/A","Murcia","Región de Murcia","293",1
"BETA","N/A","Navarra","Comunidad Foral de Navarra","293",1
"BETA","N/A","Pontevedra","Galicia","293",2
"BETA","N/A","Salamanca","Castilla y León","293",1
"BETA","N/A","Santa Cruz de Tenerife","Canarias","293",1
"BETA","N/A","Segovia","Castilla y León","293",2
"BETA","N/A","Sevilla","Andalucía","293",2
"BETA","N/A","Tarragona","Cataluña","293",5
"BETA","N/A","Toledo","Castilla-La Mancha","293",4
"BETA","N/A","Valencia/València","Comunidad Valenciana","293",1
"BETA","N/A","Valladolid","Castilla y León","293",1
"BETA","N/A","Zamora","Castilla y León","293",1
"BETA","RR 125 LC MY21 SM","Valencia/València","Comunidad Valenciana","125",1
"BETA","RR 4T 125 R MY24 ENDUR","Murcia","Región de Murcia","125",1
"BETA","RR 4T 430 MY24","Madrid","Comunidad de Madrid","431",2
"BETA","XTRAINER 300CC MY24","Madrid","Comunidad de Madrid","293",1
"BMW","C 400 GT","Albacete","Castilla-La Mancha","350",1
"BMW","C 400 GT","Alicante/Alacant","Comunidad Valenciana","350",5
"BMW","C 400 GT","Almería","Andalucía","350",2
"BMW","C 400 GT","Barcelona","Cataluña","350",10
"BMW","C 400 GT","Cádiz","Andalucía","350",3
"BMW","C 400 GT","Gipuzkoa","País Vasco","350",1
"BMW","C 400 GT","Girona","Cataluña","350",2
"BMW","C 400 GT","Granada","Andalucía","350",2
"BMW","C 400 GT","Illes Balears","Illes Balears","350",1
"BMW","C 400 GT","Madrid","Comunidad de Madrid","350",24
"BMW","C 400 GT","Málaga","Andalucía","350",3
"BMW","C 400 GT","Murcia","Región de Murcia","350",2
"BMW","C 400 GT","Salamanca","Castilla y León","350",1
"BMW","C 400 GT","Santa Cruz de Tenerife","Canarias","350",1
"BMW","C 400 GT","Sevilla","Andalucía","350",2
"BMW","C 400 GT","Tarragona","Cataluña","350",2
"BMW","C 400 GT","Valencia/València","Comunidad Valenciana","350",2
"BMW","C 400 GT","Zaragoza","Aragón","350",1
"BMW","C 400 X","Alicante/Alacant","Comunidad Valenciana","350",4
"BMW","C 400 X","Asturias","Principado de Asturias","350",2
"BMW","C 400 X","Badajoz","Extremadura","350",1
"BMW","C 400 X","Barcelona","Cataluña","350",10
"BMW","C 400 X","Cádiz","Andalucía","350",2
"BMW","C 400 X","Girona","Cataluña","350",2
"BMW","C 400 X","Granada","Andalucía","350",1
"BMW","C 400 X","Illes Balears","Illes Balears","350",3
"BMW","C 400 X","Jaén","Andalucía","350",1
"BMW","C 400 X","Lleida","Cataluña","350",1
"BMW","C 400 X","Madrid","Comunidad de Madrid","350",8
"BMW","C 400 X","Málaga","Andalucía","350",3
"BMW","C 400 X","Murcia","Región de Murcia","350",4
"BMW","C 400 X","Palmas (Las)","Canarias","350",1
"BMW","C 400 X","Rioja (La)","La Rioja","350",1
"BMW","C 400 X","Santa Cruz de Tenerife","Canarias","350",4
"BMW","C 400 X","Sevilla","Andalucía","350",1
"BMW","C 400 X","Tarragona","Cataluña","350",1
"BMW","C 400 X","Valencia/València","Comunidad Valenciana","350",2
"BMW","F 800 GS","Alicante/Alacant","Comunidad Valenciana","895",2
"BMW","F 800 GS","Almería","Andalucía","895",4
"BMW","F 800 GS","Asturias","Principado de Asturias","895",3
"BMW","F 800 GS","Badajoz","Extremadura","895",1
"BMW","F 800 GS","Barcelona","Cataluña","895",16
"BMW","F 800 GS","Bizkaia","País Vasco","895",1
"BMW","F 800 GS","Cáceres","Extremadura","895",1
"BMW","F 800 GS","Cádiz","Andalucía","895",5
"BMW","F 800 GS","Cantabria","Cantabria","895",1
"BMW","F 800 GS","Castellón/Castelló","Comunidad Valenciana","895",1
"BMW","F 800 GS","Gipuzkoa","País Vasco","895",2
"BMW","F 800 GS","Girona","Cataluña","895",3
"BMW","F 800 GS","Granada","Andalucía","895",4
"BMW","F 800 GS","Illes Balears","Illes Balears","895",3
"BMW","F 800 GS","Jaén","Andalucía","895",2
"BMW","F 800 GS","Lleida","Cataluña","895",4
"BMW","F 800 GS","Madrid","Comunidad de Madrid","895",20
"BMW","F 800 GS","Málaga","Andalucía","895",7
"BMW","F 800 GS","Murcia","Región de Murcia","895",2
"BMW","F 800 GS","Palmas (Las)","Canarias","895",4
"BMW","F 800 GS","Pontevedra","Galicia","895",2
"BMW","F 800 GS","Santa Cruz de Tenerife","Canarias","895",4
"BMW","F 800 GS","Sevilla","Andalucía","895",4
"BMW","F 800 GS","Tarragona","Cataluña","895",4
"BMW","F 800 GS","Toledo","Castilla-La Mancha","895",1
"BMW","F 800 GS","Valencia/València","Comunidad Valenciana","895",11
"BMW","F 800 GS","Valladolid","Castilla y León","895",1
"BMW","F 800 GS","Zaragoza","Aragón","895",1
"BMW","F 900 GS","Álava/Araba","País Vasco","895",1
"BMW","F 900 GS","Albacete","Castilla-La Mancha","895",1
"BMW","F 900 GS","Alicante/Alacant","Comunidad Valenciana","895",1
"BMW","F 900 GS","Asturias","Principado de Asturias","895",1
"BMW","F 900 GS","Badajoz","Extremadura","895",1
"BMW","F 900 GS","Barcelona","Cataluña","895",13
"BMW","F 900 GS","Bizkaia","País Vasco","895",1
"BMW","F 900 GS","Ceuta","Ceuta","895",1
"BMW","F 900 GS","Ciudad Real","Castilla-La Mancha","895",1
"BMW","F 900 GS","Gipuzkoa","País Vasco","895",3
"BMW","F 900 GS","Granada","Andalucía","895",1
"BMW","F 900 GS","Illes Balears","Illes Balears","895",2
"BMW","F 900 GS","Jaén","Andalucía","895",1
"BMW","F 900 GS","Madrid","Comunidad de Madrid","895",4
"BMW","F 900 GS","Palmas (Las)","Canarias","895",1
"BMW","F 900 GS","Salamanca","Castilla y León","895",1
"BMW","F 900 GS","Santa Cruz de Tenerife","Canarias","895",2
"BMW","F 900 GS","Sevilla","Andalucía","895",2
"BMW","F 900 GS","Tarragona","Cataluña","895",2
"BMW","F 900 GS","Valencia/València","Comunidad Valenciana","895",1
"BMW","F 900 GS","Valladolid","Castilla y León","895",1
"BMW","F 900 GS","Zaragoza","Aragón","895",1
"BMW","F 900 GS ADVENTURE","Álava/Araba","País Vasco","895",1
"BMW","F 900 GS ADVENTURE","Alicante/Alacant","Comunidad Valenciana","895",2
"BMW","F 900 GS ADVENTURE","Barcelona","Cataluña","895",4
"BMW","F 900 GS ADVENTURE","Bizkaia","País Vasco","895",1
"BMW","F 900 GS ADVENTURE","Cantabria","Cantabria","895",1
"BMW","F 900 GS ADVENTURE","Ciudad Real","Castilla-La Mancha","895",1
"BMW","F 900 GS ADVENTURE","Córdoba","Andalucía","895",2
"BMW","F 900 GS ADVENTURE","Gipuzkoa","País Vasco","895",1
"BMW","F 900 GS ADVENTURE","Girona","Cataluña","895",1
"BMW","F 900 GS ADVENTURE","Illes Balears","Illes Balears","895",1
"BMW","F 900 GS ADVENTURE","Jaén","Andalucía","895",4
"BMW","F 900 GS ADVENTURE","León","Castilla y León","895",1
"BMW","F 900 GS ADVENTURE","Lleida","Cataluña","895",1
"BMW","F 900 GS ADVENTURE","Madrid","Comunidad de Madrid","895",7
"BMW","F 900 GS ADVENTURE","Málaga","Andalucía","895",3
"BMW","F 900 GS ADVENTURE","Pontevedra","Galicia","895",1
"BMW","F 900 GS ADVENTURE","Santa Cruz de Tenerife","Canarias","895",2
"BMW","F 900 GS ADVENTURE","Sevilla","Andalucía","895",4
"BMW","F 900 GS ADVENTURE","Tarragona","Cataluña","895",1
"BMW","F 900 GS ADVENTURE","Toledo","Castilla-La Mancha","895",1
"BMW","F 900 GS ADVENTURE","Valencia/València","Comunidad Valenciana","895",1
"BMW","F 900 GS ADVENTURE","Zaragoza","Aragón","895",2
"BMW","F 900 R","Álava/Araba","País Vasco","895",1
"BMW","F 900 R","Albacete","Castilla-La Mancha","895",1
"BMW","F 900 R","Alicante/Alacant","Comunidad Valenciana","895",1
"BMW","F 900 R","Almería","Andalucía","895",1
"BMW","F 900 R","Asturias","Principado de Asturias","895",4
"BMW","F 900 R","Barcelona","Cataluña","895",8
"BMW","F 900 R","Cádiz","Andalucía","895",1
"BMW","F 900 R","Córdoba","Andalucía","895",1
"BMW","F 900 R","Illes Balears","Illes Balears","895",1
"BMW","F 900 R","Madrid","Comunidad de Madrid","895",8
"BMW","F 900 R","Málaga","Andalucía","895",1
"BMW","F 900 R","Navarra","Comunidad Foral de Navarra","895",1
"BMW","F 900 R","Palmas (Las)","Canarias","895",1
"BMW","F 900 R","Rioja (La)","La Rioja","895",1
"BMW","F 900 R","Salamanca","Castilla y León","895",1
"BMW","F 900 R","Santa Cruz de Tenerife","Canarias","895",3
"BMW","F 900 R","Sevilla","Andalucía","895",3
"BMW","F 900 R","Soria","Castilla y León","895",1
"BMW","F 900 R","Tarragona","Cataluña","895",3
"BMW","F 900 R","Valencia/València","Comunidad Valenciana","895",1
"BMW","F 900 R","Zaragoza","Aragón","895",2
"BMW","F 900 R A2","Alicante/Alacant","Comunidad Valenciana","895",1
"BMW","F 900 R A2","Barcelona","Cataluña","895",3
"BMW","F 900 R A2","Bizkaia","País Vasco","895",1
"BMW","F 900 R A2","Cádiz","Andalucía","895",1
"BMW","F 900 R A2","Ciudad Real","Castilla-La Mancha","895",1
"BMW","F 900 R A2","Córdoba","Andalucía","895",1
"BMW","F 900 R A2","Girona","Cataluña","895",1
"BMW","F 900 R A2","Granada","Andalucía","895",1
"BMW","F 900 R A2","Madrid","Comunidad de Madrid","895",2
"BMW","F 900 R A2","Málaga","Andalucía","895",1
"BMW","F 900 R A2","Santa Cruz de Tenerife","Canarias","895",1
"BMW","F 900 R A2","Valencia/València","Comunidad Valenciana","895",1
"BMW","F 900 XR","Albacete","Castilla-La Mancha","895",1
"BMW","F 900 XR","Alicante/Alacant","Comunidad Valenciana","895",1
"BMW","F 900 XR","Asturias","Principado de Asturias","895",2
"BMW","F 900 XR","Barcelona","Cataluña","895",12
"BMW","F 900 XR","Bizkaia","País Vasco","895",2
"BMW","F 900 XR","Cádiz","Andalucía","895",1
"BMW","F 900 XR","Cantabria","Cantabria","895",1
"BMW","F 900 XR","Córdoba","Andalucía","895",1
"BMW","F 900 XR","Gipuzkoa","País Vasco","895",1
"BMW","F 900 XR","Girona","Cataluña","895",1
"BMW","F 900 XR","Granada","Andalucía","895",1
"BMW","F 900 XR","Guadalajara","Castilla-La Mancha","895",1
"BMW","F 900 XR","Illes Balears","Illes Balears","895",3
"BMW","F 900 XR","León","Castilla y León","895",1
"BMW","F 900 XR","Madrid","Comunidad de Madrid","895",7
"BMW","F 900 XR","Málaga","Andalucía","895",1
"BMW","F 900 XR","Pontevedra","Galicia","895",2
"BMW","F 900 XR","Santa Cruz de Tenerife","Canarias","895",1
"BMW","F 900 XR","Sevilla","Andalucía","895",1
"BMW","F 900 XR","Tarragona","Cataluña","895",1
"BMW","F 900 XR","Valencia/València","Comunidad Valenciana","895",4
"BMW","F 900 XR","Valladolid","Castilla y León","895",1
"BMW","F 900 XR","Zaragoza","Aragón","895",1
"BMW","F 900 XR A2","Cádiz","Andalucía","895",1
"BMW","F 900 XR A2","Castellón/Castelló","Comunidad Valenciana","895",1
"BMW","F 900 XR A2","Madrid","Comunidad de Madrid","895",1
"BMW","F 900 XR A2","Palmas (Las)","Canarias","895",1
"BMW","F 900 XR A2","Santa Cruz de Tenerife","Canarias","895",1
"BMW","G 310 GS","Ávila","Castilla y León","313",1
"BMW","G 310 GS","Barcelona","Cataluña","313",1
"BMW","G 310 GS","Murcia","Región de Murcia","313",1
"BMW","G 310 GS","Tarragona","Cataluña","313",1
"BMW","G 310 R","Alicante/Alacant","Comunidad Valenciana","313",1
"BMW","K 1600 GT","Madrid","Comunidad de Madrid","1649",1
"BMW","K 1600 GTL","Córdoba","Andalucía","1649",1
"BMW","K 1600 GTL","Madrid","Comunidad de Madrid","1649",1
"BMW","K 1600 GTL","Melilla","Melilla","1649",1
"BMW","M 1000 R","Barcelona","Cataluña","999",2
"BMW","M 1000 R","Cádiz","Andalucía","999",1
"BMW","M 1000 R","Coruña (A)","Galicia","999",1
"BMW","M 1000 R","Madrid","Comunidad de Madrid","999",2
"BMW","M 1000 R","Zaragoza","Aragón","999",2
"BMW","M 1000 RR","Barcelona","Cataluña","999",1
"BMW","M 1000 XR","Álava/Araba","País Vasco","999",1
"BMW","M 1000 XR","Barcelona","Cataluña","999",1
"BMW","M 1000 XR","Bizkaia","País Vasco","999",1
"BMW","M 1000 XR","Castellón/Castelló","Comunidad Valenciana","999",1
"BMW","M 1000 XR","Granada","Andalucía","999",1
"BMW","M 1000 XR","Guadalajara","Castilla-La Mancha","999",1
"BMW","M 1000 XR","Illes Balears","Illes Balears","999",1
"BMW","M 1000 XR","Jaén","Andalucía","999",1
"BMW","M 1000 XR","León","Castilla y León","999",1
"BMW","M 1000 XR","Madrid","Comunidad de Madrid","999",9
"BMW","M 1000 XR","Málaga","Andalucía","999",1
"BMW","M 1000 XR","Murcia","Región de Murcia","999",1
"BMW","M 1000 XR","Palencia","Castilla y León","999",1
"BMW","M 1000 XR","Palmas (Las)","Canarias","999",2
"BMW","M 1000 XR","Salamanca","Castilla y León","999",1
"BMW","M 1000 XR","Tarragona","Cataluña","999",1
"BMW","M 1000 XR","Valencia/València","Comunidad Valenciana","999",2
"BMW","M 1000 XR","Valladolid","Castilla y León","999",1
"BMW","M 1000 XR","Zaragoza","Aragón","999",1
"BMW","R 12","Albacete","Castilla-La Mancha","1170",1
"BMW","R 12","Almería","Andalucía","1170",1
"BMW","R 12","Bizkaia","País Vasco","1170",1
"BMW","R 12","Huesca","Aragón","1170",1
"BMW","R 12","Lugo","Galicia","1170",1
"BMW","R 12","Madrid","Comunidad de Madrid","1170",4
"BMW","R 12","Valencia/València","Comunidad Valenciana","1170",1
"BMW","R 12 G/S","Alicante/Alacant","Comunidad Valenciana","1170",3
"BMW","R 12 G/S","Asturias","Principado de Asturias","1170",1
"BMW","R 12 G/S","Barcelona","Cataluña","1170",5
"BMW","R 12 G/S","Bizkaia","País Vasco","1170",1
"BMW","R 12 G/S","Cádiz","Andalucía","1170",1
"BMW","R 12 G/S","Castellón/Castelló","Comunidad Valenciana","1170",1
"BMW","R 12 G/S","Ciudad Real","Castilla-La Mancha","1170",1
"BMW","R 12 G/S","Córdoba","Andalucía","1170",1
"BMW","R 12 G/S","Gipuzkoa","País Vasco","1170",1
"BMW","R 12 G/S","Girona","Cataluña","1170",1
"BMW","R 12 G/S","Illes Balears","Illes Balears","1170",1
"BMW","R 12 G/S","Madrid","Comunidad de Madrid","1170",3
"BMW","R 12 G/S","Málaga","Andalucía","1170",1
"BMW","R 12 G/S","Murcia","Región de Murcia","1170",1
"BMW","R 12 G/S","Palmas (Las)","Canarias","1170",1
"BMW","R 12 G/S","Sevilla","Andalucía","1170",2
"BMW","R 12 G/S","Valencia/València","Comunidad Valenciana","1170",1
"BMW","R 12 NINET","Alicante/Alacant","Comunidad Valenciana","1170",1
"BMW","R 12 NINET","Barcelona","Cataluña","1170",4
"BMW","R 12 NINET","Granada","Andalucía","1170",1
"BMW","R 12 NINET","Madrid","Comunidad de Madrid","1170",6
"BMW","R 1300 GS","Álava/Araba","País Vasco","1300",5
"BMW","R 1300 GS","Alicante/Alacant","Comunidad Valenciana","1300",8
"BMW","R 1300 GS","Almería","Andalucía","1300",2
"BMW","R 1300 GS","Ávila","Castilla y León","1300",1
"BMW","R 1300 GS","Barcelona","Cataluña","1300",29
"BMW","R 1300 GS","Bizkaia","País Vasco","1300",6
"BMW","R 1300 GS","Burgos","Castilla y León","1300",1
"BMW","R 1300 GS","Cádiz","Andalucía","1300",2
"BMW","R 1300 GS","Cantabria","Cantabria","1300",1
"BMW","R 1300 GS","Castellón/Castelló","Comunidad Valenciana","1300",2
"BMW","R 1300 GS","Ceuta","Ceuta","1300",2
"BMW","R 1300 GS","Ciudad Real","Castilla-La Mancha","1300",1
"BMW","R 1300 GS","Córdoba","Andalucía","1300",1
"BMW","R 1300 GS","Gipuzkoa","País Vasco","1300",2
"BMW","R 1300 GS","Girona","Cataluña","1300",4
"BMW","R 1300 GS","Granada","Andalucía","1300",3
"BMW","R 1300 GS","Guadalajara","Castilla-La Mancha","1300",1
"BMW","R 1300 GS","Illes Balears","Illes Balears","1300",2
"BMW","R 1300 GS","Jaén","Andalucía","1300",2
"BMW","R 1300 GS","Madrid","Comunidad de Madrid","1300",23
"BMW","R 1300 GS","Málaga","Andalucía","1300",9
"BMW","R 1300 GS","Murcia","Región de Murcia","1300",2
"BMW","R 1300 GS","Ourense","Galicia","1300",1
"BMW","R 1300 GS","Palencia","Castilla y León","1300",1
"BMW","R 1300 GS","Palmas (Las)","Canarias","1300",5
"BMW","R 1300 GS","Pontevedra","Galicia","1300",1
"BMW","R 1300 GS","Rioja (La)","La Rioja","1300",1
"BMW","R 1300 GS","Santa Cruz de Tenerife","Canarias","1300",2
"BMW","R 1300 GS","Sevilla","Andalucía","1300",2
"BMW","R 1300 GS","Tarragona","Cataluña","1300",3
"BMW","R 1300 GS","Toledo","Castilla-La Mancha","1300",2
"BMW","R 1300 GS","Valencia/València","Comunidad Valenciana","1300",6
"BMW","R 1300 GS","Zaragoza","Aragón","1300",1
"BMW","R 1300 GS ADVENTURE","Álava/Araba","País Vasco","1300",4
"BMW","R 1300 GS ADVENTURE","Alicante/Alacant","Comunidad Valenciana","1300",5
"BMW","R 1300 GS ADVENTURE","Almería","Andalucía","1300",3
"BMW","R 1300 GS ADVENTURE","Asturias","Principado de Asturias","1300",1
"BMW","R 1300 GS ADVENTURE","Barcelona","Cataluña","1300",26
"BMW","R 1300 GS ADVENTURE","Bizkaia","País Vasco","1300",1
"BMW","R 1300 GS ADVENTURE","Cádiz","Andalucía","1300",1
"BMW","R 1300 GS ADVENTURE","Ciudad Real","Castilla-La Mancha","1300",1
"BMW","R 1300 GS ADVENTURE","Córdoba","Andalucía","1300",1
"BMW","R 1300 GS ADVENTURE","Coruña (A)","Galicia","1300",4
"BMW","R 1300 GS ADVENTURE","Gipuzkoa","País Vasco","1300",3
"BMW","R 1300 GS ADVENTURE","Girona","Cataluña","1300",2
"BMW","R 1300 GS ADVENTURE","Granada","Andalucía","1300",1
"BMW","R 1300 GS ADVENTURE","Huelva","Andalucía","1300",1
"BMW","R 1300 GS ADVENTURE","Huesca","Aragón","1300",1
"BMW","R 1300 GS ADVENTURE","León","Castilla y León","1300",2
"BMW","R 1300 GS ADVENTURE","Madrid","Comunidad de Madrid","1300",18
"BMW","R 1300 GS ADVENTURE","Málaga","Andalucía","1300",3
"BMW","R 1300 GS ADVENTURE","Murcia","Región de Murcia","1300",6
"BMW","R 1300 GS ADVENTURE","Palencia","Castilla y León","1300",1
"BMW","R 1300 GS ADVENTURE","Palmas (Las)","Canarias","1300",2
"BMW","R 1300 GS ADVENTURE","Rioja (La)","La Rioja","1300",1
"BMW","R 1300 GS ADVENTURE","Salamanca","Castilla y León","1300",1
"BMW","R 1300 GS ADVENTURE","Sevilla","Andalucía","1300",6
"BMW","R 1300 GS ADVENTURE","Tarragona","Cataluña","1300",1
"BMW","R 1300 GS ADVENTURE","Valencia/València","Comunidad Valenciana","1300",10
"BMW","R 1300 GS ADVENTURE","Valladolid","Castilla y León","1300",1
"BMW","R 1300 GS ADVENTURE","Zaragoza","Aragón","1300",1
"BMW","R 1300 R","Alicante/Alacant","Comunidad Valenciana","1300",2
"BMW","R 1300 R","Barcelona","Cataluña","1300",2
"BMW","R 1300 R","Bizkaia","País Vasco","1300",2
"BMW","R 1300 R","Girona","Cataluña","1300",2
"BMW","R 1300 R","Illes Balears","Illes Balears","1300",2
"BMW","R 1300 R","Madrid","Comunidad de Madrid","1300",3
"BMW","R 1300 R","Málaga","Andalucía","1300",1
"BMW","R 1300 R","Murcia","Región de Murcia","1300",1
"BMW","R 1300 R","Palmas (Las)","Canarias","1300",2
"BMW","R 1300 R","Santa Cruz de Tenerife","Canarias","1300",2
"BMW","R 1300 R","Tarragona","Cataluña","1300",2
"BMW","R 1300 R","Valencia/València","Comunidad Valenciana","1300",2
"BMW","R 1300 RS","Albacete","Castilla-La Mancha","1300",1
"BMW","R 1300 RS","Alicante/Alacant","Comunidad Valenciana","1300",3
"BMW","R 1300 RS","Badajoz","Extremadura","1300",2
"BMW","R 1300 RS","Barcelona","Cataluña","1300",13
"BMW","R 1300 RS","Bizkaia","País Vasco","1300",2
"BMW","R 1300 RS","Castellón/Castelló","Comunidad Valenciana","1300",1
"BMW","R 1300 RS","Ciudad Real","Castilla-La Mancha","1300",1
"BMW","R 1300 RS","Córdoba","Andalucía","1300",2
"BMW","R 1300 RS","Coruña (A)","Galicia","1300",2
"BMW","R 1300 RS","Girona","Cataluña","1300",2
"BMW","R 1300 RS","Guadalajara","Castilla-La Mancha","1300",1
"BMW","R 1300 RS","Huelva","Andalucía","1300",1
"BMW","R 1300 RS","Illes Balears","Illes Balears","1300",2
"BMW","R 1300 RS","Jaén","Andalucía","1300",2
"BMW","R 1300 RS","León","Castilla y León","1300",1
"BMW","R 1300 RS","Madrid","Comunidad de Madrid","1300",10
"BMW","R 1300 RS","Málaga","Andalucía","1300",2
"BMW","R 1300 RS","Murcia","Región de Murcia","1300",2
"BMW","R 1300 RS","Ourense","Galicia","1300",2
"BMW","R 1300 RS","Palmas (Las)","Canarias","1300",1
"BMW","R 1300 RS","Pontevedra","Galicia","1300",3
"BMW","R 1300 RS","Rioja (La)","La Rioja","1300",1
"BMW","R 1300 RS","Sevilla","Andalucía","1300",2
"BMW","R 1300 RS","Tarragona","Cataluña","1300",2
"BMW","R 1300 RS","Toledo","Castilla-La Mancha","1300",2
"BMW","R 1300 RS","Valencia/València","Comunidad Valenciana","1300",4
"BMW","R 1300 RS","Valladolid","Castilla y León","1300",1
"BMW","R 1300 RS","Zaragoza","Aragón","1300",2
"BMW","R 1300 RT","Albacete","Castilla-La Mancha","1300",1
"BMW","R 1300 RT","Alicante/Alacant","Comunidad Valenciana","1300",2
"BMW","R 1300 RT","Almería","Andalucía","1300",1
"BMW","R 1300 RT","Asturias","Principado de Asturias","1300",3
"BMW","R 1300 RT","Barcelona","Cataluña","1300",7
"BMW","R 1300 RT","Bizkaia","País Vasco","1300",1
"BMW","R 1300 RT","Burgos","Castilla y León","1300",1
"BMW","R 1300 RT","Cádiz","Andalucía","1300",1
"BMW","R 1300 RT","Castellón/Castelló","Comunidad Valenciana","1300",3
"BMW","R 1300 RT","Ceuta","Ceuta","1300",1
"BMW","R 1300 RT","Córdoba","Andalucía","1300",1
"BMW","R 1300 RT","Coruña (A)","Galicia","1300",1
"BMW","R 1300 RT","Cuenca","Castilla-La Mancha","1300",1
"BMW","R 1300 RT","Girona","Cataluña","1300",1
"BMW","R 1300 RT","Granada","Andalucía","1300",1
"BMW","R 1300 RT","Huelva","Andalucía","1300",1
"BMW","R 1300 RT","Huesca","Aragón","1300",1
"BMW","R 1300 RT","Illes Balears","Illes Balears","1300",1
"BMW","R 1300 RT","Jaén","Andalucía","1300",1
"BMW","R 1300 RT","Lleida","Cataluña","1300",1
"BMW","R 1300 RT","Lugo","Galicia","1300",1
"BMW","R 1300 RT","Madrid","Comunidad de Madrid","1300",18
"BMW","R 1300 RT","Málaga","Andalucía","1300",4
"BMW","R 1300 RT","Murcia","Región de Murcia","1300",1
"BMW","R 1300 RT","Navarra","Comunidad Foral de Navarra","1300",2
"BMW","R 1300 RT","Palencia","Castilla y León","1300",1
"BMW","R 1300 RT","Palmas (Las)","Canarias","1300",4
"BMW","R 1300 RT","Pontevedra","Galicia","1300",2
"BMW","R 1300 RT","Rioja (La)","La Rioja","1300",2
"BMW","R 1300 RT","Santa Cruz de Tenerife","Canarias","1300",2
"BMW","R 1300 RT","Sevilla","Andalucía","1300",1
"BMW","R 1300 RT","Tarragona","Cataluña","1300",1
"BMW","R 1300 RT","Toledo","Castilla-La Mancha","1300",1
"BMW","R 1300 RT","Valencia/València","Comunidad Valenciana","1300",4
"BMW","R 1300 RT","Zaragoza","Aragón","1300",3
"BMW","R 18 B","Albacete","Castilla-La Mancha","1802",1
"BMW","R 18 B","Madrid","Comunidad de Madrid","1802",1
"BMW","R 18 B","Valencia/València","Comunidad Valenciana","1802",1
"BMW","R 18 CLASSIC","Madrid","Comunidad de Madrid","1802",1
"BMW","R 18 CLASSIC","Tarragona","Cataluña","1802",1
"BMW","R 18 ROCTANE","Alicante/Alacant","Comunidad Valenciana","1802",1
"BMW","R 18 ROCTANE","Madrid","Comunidad de Madrid","1802",2
"BMW","R 18 ROCTANE","Valencia/València","Comunidad Valenciana","1802",1
"BMW","R 18 TRANSCONTINENTAL","Madrid","Comunidad de Madrid","1802",2
"BMW","R 18 TRANSCONTINENTAL","Segovia","Castilla y León","1802",1
"BMW","S 1000 R","Cádiz","Andalucía","999",1
"BMW","S 1000 R","Gipuzkoa","País Vasco","999",1
"BMW","S 1000 R","Girona","Cataluña","999",1
"BMW","S 1000 R","Granada","Andalucía","999",1
"BMW","S 1000 R","Huesca","Aragón","999",1
"BMW","S 1000 R","León","Castilla y León","999",3
"BMW","S 1000 R","Madrid","Comunidad de Madrid","999",3
"BMW","S 1000 R","Sevilla","Andalucía","999",1
"BMW","S 1000 R","Tarragona","Cataluña","999",1
"BMW","S 1000 RR","Álava/Araba","País Vasco","999",1
"BMW","S 1000 RR","Albacete","Castilla-La Mancha","999",1
"BMW","S 1000 RR","Alicante/Alacant","Comunidad Valenciana","999",1
"BMW","S 1000 RR","Barcelona","Cataluña","999",3
"BMW","S 1000 RR","Cáceres","Extremadura","999",1
"BMW","S 1000 RR","Cádiz","Andalucía","999",1
"BMW","S 1000 RR","Castellón/Castelló","Comunidad Valenciana","999",1
"BMW","S 1000 RR","Córdoba","Andalucía","999",1
"BMW","S 1000 RR","Girona","Cataluña","999",1
"BMW","S 1000 RR","Guadalajara","Castilla-La Mancha","999",1
"BMW","S 1000 RR","Illes Balears","Illes Balears","999",1
"BMW","S 1000 RR","Lugo","Galicia","999",1
"BMW","S 1000 RR","Madrid","Comunidad de Madrid","999",5
"BMW","S 1000 RR","Murcia","Región de Murcia","999",2
"BMW","S 1000 RR","Palmas (Las)","Canarias","999",1
"BMW","S 1000 RR","Pontevedra","Galicia","999",1
"BMW","S 1000 RR","Santa Cruz de Tenerife","Canarias","999",1
"BMW","S 1000 RR","Tarragona","Cataluña","999",1
"BMW","S 1000 RR","Valencia/València","Comunidad Valenciana","999",1
"BMW","S 1000 RR","Zaragoza","Aragón","999",1
"BMW","S 1000 XR","Albacete","Castilla-La Mancha","999",1
"BMW","S 1000 XR","Alicante/Alacant","Comunidad Valenciana","999",1
"BMW","S 1000 XR","Barcelona","Cataluña","999",3
"BMW","S 1000 XR","Bizkaia","País Vasco","999",1
"BMW","S 1000 XR","Cádiz","Andalucía","999",1
"BMW","S 1000 XR","Cantabria","Cantabria","999",1
"BMW","S 1000 XR","Castellón/Castelló","Comunidad Valenciana","999",1
"BMW","S 1000 XR","Ceuta","Ceuta","999",1
"BMW","S 1000 XR","Gipuzkoa","País Vasco","999",1
"BMW","S 1000 XR","Madrid","Comunidad de Madrid","999",10
"BMW","S 1000 XR","Málaga","Andalucía","999",1
"BMW","S 1000 XR","Murcia","Región de Murcia","999",1
"BMW","S 1000 XR","Pontevedra","Galicia","999",2
"BMW","S 1000 XR","Segovia","Castilla y León","999",1
"BMW","S 1000 XR","Sevilla","Andalucía","999",2
"BMW","S 1000 XR","Tarragona","Cataluña","999",3
"BMW","S 1000 XR","Toledo","Castilla-La Mancha","999",1
"BMW","S 1000 XR","Valencia/València","Comunidad Valenciana","999",4
"BMW","S 1000 XR","Valladolid","Castilla y León","999",1
"BRIXTON","CROMWELL 125","Tarragona","Cataluña","125",2
"BRIXTON","CROSSFIRE 125","Illes Balears","Illes Balears","124",1
"BRIXTON","CROSSFIRE125XS","Bizkaia","País Vasco","125",1
"BSA","GOLDSTAR","Girona","Cataluña","652",1
"BSA","GOLDSTAR","Illes Balears","Illes Balears","652",1
"BSA","GOLDSTAR","Tarragona","Cataluña","652",1
"CFMOTO","125 NK","Barcelona","Cataluña","124",1
"CFMOTO","125 NK","Melilla","Melilla","124",1
"CFMOTO","125 NK","Palmas (Las)","Canarias","124",1
"CFMOTO","125 NK","Valencia/València","Comunidad Valenciana","124",1
"CFMOTO","300CL-X","Cádiz","Andalucía","292",1
"CFMOTO","300CL-X","Málaga","Andalucía","292",1
"CFMOTO","300CL-X","Tarragona","Cataluña","292",1
"CFMOTO","450CL-C","Barcelona","Cataluña","449",1
"CFMOTO","450CL-C","Palencia","Castilla y León","449",1
"CFMOTO","450MT","Albacete","Castilla-La Mancha","449",2
"CFMOTO","450MT","Alicante/Alacant","Comunidad Valenciana","449",4
"CFMOTO","450MT","Asturias","Principado de Asturias","449",1
"CFMOTO","450MT","Ávila","Castilla y León","449",2
"CFMOTO","450MT","Badajoz","Extremadura","449",1
"CFMOTO","450MT","Barcelona","Cataluña","449",14
"CFMOTO","450MT","Bizkaia","País Vasco","449",1
"CFMOTO","450MT","Burgos","Castilla y León","449",1
"CFMOTO","450MT","Cádiz","Andalucía","449",5
"CFMOTO","450MT","Cantabria","Cantabria","449",3
"CFMOTO","450MT","Castellón/Castelló","Comunidad Valenciana","449",3
"CFMOTO","450MT","Ciudad Real","Castilla-La Mancha","449",3
"CFMOTO","450MT","Córdoba","Andalucía","449",1
"CFMOTO","450MT","Cuenca","Castilla-La Mancha","449",1
"CFMOTO","450MT","Gipuzkoa","País Vasco","449",1
"CFMOTO","450MT","Girona","Cataluña","449",1
"CFMOTO","450MT","Granada","Andalucía","449",4
"CFMOTO","450MT","Huelva","Andalucía","449",3
"CFMOTO","450MT","Huesca","Aragón","449",3
"CFMOTO","450MT","Illes Balears","Illes Balears","449",2
"CFMOTO","450MT","Madrid","Comunidad de Madrid","449",14
"CFMOTO","450MT","Málaga","Andalucía","449",4
"CFMOTO","450MT","Melilla","Melilla","449",2
"CFMOTO","450MT","Murcia","Región de Murcia","449",1
"CFMOTO","450MT","Navarra","Comunidad Foral de Navarra","449",2
"CFMOTO","450MT","Pontevedra","Galicia","449",1
"CFMOTO","450MT","Salamanca","Castilla y León","449",1
"CFMOTO","450MT","Santa Cruz de Tenerife","Canarias","449",1
"CFMOTO","450MT","Sevilla","Andalucía","449",3
"CFMOTO","450MT","Tarragona","Cataluña","449",2
"CFMOTO","450MT","Teruel","Aragón","449",1
"CFMOTO","450MT","Toledo","Castilla-La Mancha","449",1
"CFMOTO","450MT","Valencia/València","Comunidad Valenciana","449",5
"CFMOTO","450MT","Zaragoza","Aragón","449",3
"CFMOTO","450NK","Málaga","Andalucía","449",1
"CFMOTO","650NK","Ourense","Galicia","649",1
"CFMOTO","675SR-R","Barcelona","Cataluña","674",1
"CFMOTO","675SR-R","Girona","Cataluña","674",1
"CFMOTO","675SR-R","Navarra","Comunidad Foral de Navarra","674",1
"CFMOTO","675SR-R","Zaragoza","Aragón","674",1
"CFMOTO","700MT","Barcelona","Cataluña","693",3
"CFMOTO","700MT","Bizkaia","País Vasco","693",1
"CFMOTO","700MT","Huelva","Andalucía","693",1
"CFMOTO","700MT","Madrid","Comunidad de Madrid","693",1
"CFMOTO","700MT","Málaga","Andalucía","693",1
"CFMOTO","700MT","Palencia","Castilla y León","693",1
"CFMOTO","700MT","Palmas (Las)","Canarias","693",1
"CFMOTO","700MT","Sevilla","Andalucía","693",7
"CFMOTO","800MT","Álava/Araba","País Vasco","799",1
"CFMOTO","800MT","Alicante/Alacant","Comunidad Valenciana","799",1
"CFMOTO","800MT","Barcelona","Cataluña","799",1
"CFMOTO","800MT","Cádiz","Andalucía","799",2
"CFMOTO","800MT","Córdoba","Andalucía","799",2
"CFMOTO","800MT","Gipuzkoa","País Vasco","799",1
"CFMOTO","800MT","Girona","Cataluña","799",3
"CFMOTO","800MT","Huelva","Andalucía","799",2
"CFMOTO","800MT","Madrid","Comunidad de Madrid","799",1
"CFMOTO","800MT","Málaga","Andalucía","799",2
"CFMOTO","800MT","Murcia","Región de Murcia","799",1
"CFMOTO","800MT","Santa Cruz de Tenerife","Canarias","799",2
"CFMOTO","800MT","Sevilla","Andalucía","799",1
"CFMOTO","800MT","Valencia/València","Comunidad Valenciana","799",1
"CFMOTO","800MT-X","Albacete","Castilla-La Mancha","799",2
"CFMOTO","800MT-X","Barcelona","Cataluña","799",4
"CFMOTO","800MT-X","Cádiz","Andalucía","799",3
"CFMOTO","800MT-X","Ciudad Real","Castilla-La Mancha","799",1
"CFMOTO","800MT-X","Córdoba","Andalucía","799",1
"CFMOTO","800MT-X","Granada","Andalucía","799",1
"CFMOTO","800MT-X","Huelva","Andalucía","799",1
"CFMOTO","800MT-X","Illes Balears","Illes Balears","799",1
"CFMOTO","800MT-X","Madrid","Comunidad de Madrid","799",1
"CFMOTO","800MT-X","Málaga","Andalucía","799",3
"CFMOTO","800MT-X","Rioja (La)","La Rioja","799",1
"CFMOTO","800MT-X","Sevilla","Andalucía","799",2
"CFMOTO","800MT-X","Zaragoza","Aragón","799",1
"CFMOTO","800NK","Navarra","Comunidad Foral de Navarra","799",1
"CYCLONE","---","Murcia","Región de Murcia","125",1
"CYCLONE","LS-Z","Albacete","Castilla-La Mancha","124",1
"CYCLONE","LS-Z","Alicante/Alacant","Comunidad Valenciana","124",1
"CYCLONE","LS-Z","Barcelona","Cataluña","124",3
"CYCLONE","LS-Z","Bizkaia","País Vasco","124",1
"CYCLONE","LS-Z","Cáceres","Extremadura","124",1
"CYCLONE","LS-Z","Cádiz","Andalucía","124",1
"CYCLONE","LS-Z","Castellón/Castelló","Comunidad Valenciana","124",1
"CYCLONE","LS-Z","Jaén","Andalucía","124",1
"CYCLONE","LS-Z","Madrid","Comunidad de Madrid","124",5
"CYCLONE","LS-Z","Málaga","Andalucía","124",1
"CYCLONE","LS-Z","Murcia","Región de Murcia","124",2
"CYCLONE","LS-Z","Ourense","Galicia","124",1
"CYCLONE","LS-Z","Pontevedra","Galicia","124",3
"CYCLONE","LS-Z","Tarragona","Cataluña","124",2
"CYCLONE","LS-Z","Toledo","Castilla-La Mancha","124",1
"CYCLONE","RA125 PLUS","Alicante/Alacant","Comunidad Valenciana","124",1
"CYCLONE","RA125 PLUS","Badajoz","Extremadura","124",1
"CYCLONE","RA125 PLUS","Barcelona","Cataluña","124",3
"CYCLONE","RA125 PLUS","Bizkaia","País Vasco","124",1
"CYCLONE","RA125 PLUS","Ciudad Real","Castilla-La Mancha","124",2
"CYCLONE","RA125 PLUS","Huelva","Andalucía","124",1
"CYCLONE","RA125 PLUS","Illes Balears","Illes Balears","124",1
"CYCLONE","RA125 PLUS","Lleida","Cataluña","124",1
"CYCLONE","RA125 PLUS","Madrid","Comunidad de Madrid","124",2
"CYCLONE","RA125 PLUS","Málaga","Andalucía","124",2
"CYCLONE","RA125 PLUS","Pontevedra","Galicia","124",1
"CYCLONE","RA125 PLUS","Rioja (La)","La Rioja","124",2
"CYCLONE","RA125 PLUS","Sevilla","Andalucía","124",1
"CYCLONE","RA125 PLUS","Tarragona","Cataluña","124",1
"CYCLONE","RA125 PLUS","Teruel","Aragón","124",1
"CYCLONE","RA125 PLUS","Valencia/València","Comunidad Valenciana","124",3
"CYCLONE","RA125 PLUS","Zaragoza","Aragón","124",1
"CYCLONE","RA2","Illes Balears","Illes Balears","125",1
"CYCLONE","RA2","León","Castilla y León","125",1
"CYCLONE","RA2","Lleida","Cataluña","125",1
"CYCLONE","RA2","Madrid","Comunidad de Madrid","125",1
"CYCLONE","RT1","Alicante/Alacant","Comunidad Valenciana","125",3
"CYCLONE","RT1","Almería","Andalucía","125",1
"CYCLONE","RT1","Asturias","Principado de Asturias","125",1
"CYCLONE","RT1","Barcelona","Cataluña","125",1
"CYCLONE","RT1","Gipuzkoa","País Vasco","125",1
"CYCLONE","RT1","Huesca","Aragón","125",2
"CYCLONE","RT1","Madrid","Comunidad de Madrid","125",2
"CYCLONE","RT1","Murcia","Región de Murcia","125",1
"CYCLONE","RT1","Rioja (La)","La Rioja","125",2
"CYCLONE","RT1","Toledo","Castilla-La Mancha","125",1
"CYCLONE","RT1","Valencia/València","Comunidad Valenciana","125",1
"CYCLONE","RT1","Valladolid","Castilla y León","125",1
"CYCLONE","RT2","Madrid","Comunidad de Madrid","289",1
"CYCLONE","RT3S","Alicante/Alacant","Comunidad Valenciana","289",1
"CYCLONE","RT3S","Barcelona","Cataluña","289",1
"CYCLONE","RX1","Barcelona","Cataluña","124",1
"CYCLONE","RX1","Zaragoza","Aragón","124",1
"CYCLONE","RX1 PRO","Alicante/Alacant","Comunidad Valenciana","124",2
"CYCLONE","RX1 PRO","Almería","Andalucía","124",1
"CYCLONE","RX1 PRO","Bizkaia","País Vasco","124",1
"CYCLONE","RX1 PRO","Cáceres","Extremadura","124",1
"CYCLONE","RX1 PRO","Girona","Cataluña","124",1
"CYCLONE","RX1 PRO","León","Castilla y León","124",2
"CYCLONE","RX1 PRO","Madrid","Comunidad de Madrid","124",3
"CYCLONE","RX1 PRO","Málaga","Andalucía","124",2
"CYCLONE","RX1 PRO","Sevilla","Andalucía","124",1
"CYCLONE","RX1 PRO","Valencia/València","Comunidad Valenciana","124",1
"CYCLONE","RX401","Barcelona","Cataluña","401",1
"CYCLONE","RX401","Castellón/Castelló","Comunidad Valenciana","401",1
"CYCLONE","RX401","Madrid","Comunidad de Madrid","401",1
"CYCLONE","RX401","Toledo","Castilla-La Mancha","401",1
"CYCLONE","RX600","Albacete","Castilla-La Mancha","550",1
"CYCLONE","RX600","Almería","Andalucía","550",3
"CYCLONE","RX600","Barcelona","Cataluña","550",1
"CYCLONE","RX600","Bizkaia","País Vasco","550",1
"CYCLONE","RX600","Burgos","Castilla y León","550",1
"CYCLONE","RX600","Castellón/Castelló","Comunidad Valenciana","550",1
"CYCLONE","RX600","Coruña (A)","Galicia","550",1
"CYCLONE","RX600","Girona","Cataluña","550",1
"CYCLONE","RX600","Jaén","Andalucía","550",1
"CYCLONE","RX600","León","Castilla y León","550",1
"CYCLONE","RX600","Lugo","Galicia","550",1
"CYCLONE","RX600","Madrid","Comunidad de Madrid","550",5
"CYCLONE","RX600","Málaga","Andalucía","550",1
"CYCLONE","RX600","Palmas (Las)","Canarias","550",1
"CYCLONE","RX600","Pontevedra","Galicia","550",2
"CYCLONE","RX600","Santa Cruz de Tenerife","Canarias","550",1
"CYCLONE","RX600","Toledo","Castilla-La Mancha","550",1
"CYCLONE","RX600","Valencia/València","Comunidad Valenciana","550",1
"CYCLONE","SR650","Bizkaia","País Vasco","650",1
"CYCLONE","SR650","Castellón/Castelló","Comunidad Valenciana","650",1
"CYCLONE","SR650","Córdoba","Andalucía","650",1
"CYCLONE","SR650","Madrid","Comunidad de Madrid","650",1
"DUCATI","DESERTX","Alicante/Alacant","Comunidad Valenciana","937",1
"DUCATI","DESERTX","Barcelona","Cataluña","937",1
"DUCATI","DESERTX RALLY","Illes Balears","Illes Balears","937",1
"DUCATI","DESERTX RALLY","Palmas (Las)","Canarias","937",1
"DUCATI","DUCATI SCRAMBLER","Santa Cruz de Tenerife","Canarias","803",1
"DUCATI","DUCATI SCRAMBLER 1100","Santa Cruz de Tenerife","Canarias","1079",1
"DUCATI","HYPERMOTARD 698","Barcelona","Cataluña","659",1
"DUCATI","HYPERMOTARD 698 MONO R","Alicante/Alacant","Comunidad Valenciana","659",1
"DUCATI","HYPERMOTARD 698 MONO R","Badajoz","Extremadura","659",1
"DUCATI","HYPERMOTARD 698 MONO R","Barcelona","Cataluña","659",1
"DUCATI","HYPERMOTARD 698 MONO R","Málaga","Andalucía","659",1
"DUCATI","HYPERMOTARD 698 MONO R","Valencia/València","Comunidad Valenciana","659",1
"DUCATI","HYPERMOTARD 950","Madrid","Comunidad de Madrid","937",1
"DUCATI","HYPERMOTARD 950","Palmas (Las)","Canarias","937",1
"DUCATI","HYPERMOTARD 950","Santa Cruz de Tenerife","Canarias","937",2
"DUCATI","HYPERMOTARD 950 REPLIC","Alicante/Alacant","Comunidad Valenciana","937",1
"DUCATI","HYPERMOTARD 950 REPLIC","Valencia/València","Comunidad Valenciana","937",2
"DUCATI","HYPERMOTARD 950 SP LIV","Madrid","Comunidad de Madrid","937",1
"DUCATI","MONSTER","Coruña (A)","Galicia","937",1
"DUCATI","MONSTER","León","Castilla y León","937",1
"DUCATI","MONSTER","Santa Cruz de Tenerife","Canarias","937",1
"DUCATI","MULTISTRADA V2","Álava/Araba","País Vasco","890",1
"DUCATI","MULTISTRADA V2","Almería","Andalucía","890",2
"DUCATI","MULTISTRADA V2","Barcelona","Cataluña","890",7
"DUCATI","MULTISTRADA V2","Cádiz","Andalucía","890",4
"DUCATI","MULTISTRADA V2","Coruña (A)","Galicia","890",1
"DUCATI","MULTISTRADA V2","Girona","Cataluña","890",1
"DUCATI","MULTISTRADA V2","Huelva","Andalucía","890",1
"DUCATI","MULTISTRADA V2","Huesca","Aragón","890",1
"DUCATI","MULTISTRADA V2","Lleida","Cataluña","890",1
"DUCATI","MULTISTRADA V2","Madrid","Comunidad de Madrid","890",8
"DUCATI","MULTISTRADA V2","Murcia","Región de Murcia","890",3
"DUCATI","MULTISTRADA V2","Navarra","Comunidad Foral de Navarra","890",3
"DUCATI","MULTISTRADA V2","Palmas (Las)","Canarias","890",4
"DUCATI","MULTISTRADA V2","Sevilla","Andalucía","890",1
"DUCATI","MULTISTRADA V2","Tarragona","Cataluña","890",1
"DUCATI","MULTISTRADA V2","Zaragoza","Aragón","890",1
"DUCATI","MULTISTRADA V4","Alicante/Alacant","Comunidad Valenciana","1158",1
"DUCATI","MULTISTRADA V4","Almería","Andalucía","1158",1
"DUCATI","MULTISTRADA V4","Asturias","Principado de Asturias","1158",2
"DUCATI","MULTISTRADA V4","Badajoz","Extremadura","1158",1
"DUCATI","MULTISTRADA V4","Barcelona","Cataluña","1158",5
"DUCATI","MULTISTRADA V4","Cantabria","Cantabria","1158",1
"DUCATI","MULTISTRADA V4","Coruña (A)","Galicia","1158",1
"DUCATI","MULTISTRADA V4","Gipuzkoa","País Vasco","1158",1
"DUCATI","MULTISTRADA V4","Girona","Cataluña","1158",2
"DUCATI","MULTISTRADA V4","Granada","Andalucía","1158",4
"DUCATI","MULTISTRADA V4","Illes Balears","Illes Balears","1158",2
"DUCATI","MULTISTRADA V4","León","Castilla y León","1158",1
"DUCATI","MULTISTRADA V4","Madrid","Comunidad de Madrid","1158",9
"DUCATI","MULTISTRADA V4","Málaga","Andalucía","1158",1
"DUCATI","MULTISTRADA V4","Murcia","Región de Murcia","1158",3
"DUCATI","MULTISTRADA V4","Navarra","Comunidad Foral de Navarra","1158",1
"DUCATI","MULTISTRADA V4","Pontevedra","Galicia","1158",1
"DUCATI","MULTISTRADA V4","Sevilla","Andalucía","1158",1
"DUCATI","MULTISTRADA V4","Tarragona","Cataluña","1158",2
"DUCATI","MULTISTRADA V4","Teruel","Aragón","1158",1
"DUCATI","MULTISTRADA V4","Toledo","Castilla-La Mancha","1158",2
"DUCATI","MULTISTRADA V4","Valencia/València","Comunidad Valenciana","1158",3
"DUCATI","MULTISTRADA V4","Zaragoza","Aragón","1158",2
"DUCATI","PANIGALE V2","Badajoz","Extremadura","890",1
"DUCATI","PANIGALE V2","Barcelona","Cataluña","890",3
"DUCATI","PANIGALE V2","Bizkaia","País Vasco","890",1
"DUCATI","PANIGALE V2","Illes Balears","Illes Balears","890",1
"DUCATI","PANIGALE V2","León","Castilla y León","890",1
"DUCATI","PANIGALE V2","Madrid","Comunidad de Madrid","890",3
"DUCATI","PANIGALE V2","Santa Cruz de Tenerife","Canarias","890",4
"DUCATI","PANIGALE V2","Sevilla","Andalucía","890",1
"DUCATI","PANIGALE V2","Zaragoza","Aragón","890",1
"DUCATI","PANIGALE V4","Barcelona","Cataluña","1103",1
"DUCATI","PANIGALE V4","Madrid","Comunidad de Madrid","1103",3
"DUCATI","PANIGALE V4","Santa Cruz de Tenerife","Canarias","1103",1
"DUCATI","PANIGALE V4","Toledo","Castilla-La Mancha","1103",1
"DUCATI","SCRAMBLER FULL THROTTL","Madrid","Comunidad de Madrid","803",2
"DUCATI","SCRAMBLER ICON DARK","Albacete","Castilla-La Mancha","803",1
"DUCATI","SCRAMBLER ICON DARK","Alicante/Alacant","Comunidad Valenciana","803",1
"DUCATI","SCRAMBLER ICON DARK","Barcelona","Cataluña","803",1
"DUCATI","SCRAMBLER ICON DARK","Cádiz","Andalucía","803",2
"DUCATI","SCRAMBLER ICON DARK","Granada","Andalucía","803",1
"DUCATI","SCRAMBLER ICON DARK","Madrid","Comunidad de Madrid","803",3
"DUCATI","SCRAMBLER ICON DARK","Málaga","Andalucía","803",2
"DUCATI","SCRAMBLER ICON DARK","Melilla","Melilla","803",1
"DUCATI","SCRAMBLER ICON DARK","Murcia","Región de Murcia","803",1
"DUCATI","SCRAMBLER ICON DARK","Sevilla","Andalucía","803",1
"DUCATI","SCRAMBLER ICON RED","Barcelona","Cataluña","803",1
"DUCATI","SCRAMBLER NIGHTSHIFT","Alicante/Alacant","Comunidad Valenciana","803",1
"DUCATI","SCRAMBLER NIGHTSHIFT","Barcelona","Cataluña","803",1
"DUCATI","SCRAMBLER NIGHTSHIFT","Granada","Andalucía","803",1
"DUCATI","SCRAMBLER NIGHTSHIFT","Illes Balears","Illes Balears","803",1
"DUCATI","SCRAMBLER NIGHTSHIFT","Madrid","Comunidad de Madrid","803",2
"DUCATI","SCRAMBLER NIGHTSHIFT","Murcia","Región de Murcia","803",2
"DUCATI","SCRAMBLER NIGHTSHIFT","Tarragona","Cataluña","803",1
"DUCATI","SCRAMBLER NIGHTSHIFT N","Alicante/Alacant","Comunidad Valenciana","803",1
"DUCATI","SCRAMBLER NIGHTSHIFT N","Barcelona","Cataluña","803",1
"DUCATI","SCRAMBLER NIGHTSHIFT N","Castellón/Castelló","Comunidad Valenciana","803",1
"DUCATI","SCRAMBLER NIGHTSHIFT N","Madrid","Comunidad de Madrid","803",3
"DUCATI","SCRAMBLER NIGHTSHIFT N","Málaga","Andalucía","803",1
"DUCATI","SCRAMBLER NIGHTSHIFT N","Valencia/València","Comunidad Valenciana","803",1
"DUCATI","STREETFIGHTER","Alicante/Alacant","Comunidad Valenciana","890",1
"DUCATI","STREETFIGHTER","Almería","Andalucía","890",1
"DUCATI","STREETFIGHTER","Asturias","Principado de Asturias","890",1
"DUCATI","STREETFIGHTER","Barcelona","Cataluña","890",3
"DUCATI","STREETFIGHTER","Bizkaia","País Vasco","890",1
"DUCATI","STREETFIGHTER","Madrid","Comunidad de Madrid","890",4
"DUCATI","STREETFIGHTER","Málaga","Andalucía","890",1
"DUCATI","STREETFIGHTER","Tarragona","Cataluña","890",1
"DUCATI","STREETFIGHTER","Toledo","Castilla-La Mancha","890",1
"DUCATI","XDIAVEL V4","Madrid","Comunidad de Madrid","1158",1
"EFUN","LION","Barcelona","Cataluña","125",4
"EFUN","LION","Bizkaia","País Vasco","125",1
"EFUN","LION","Castellón/Castelló","Comunidad Valenciana","125",1
"EFUN","LION","Girona","Cataluña","125",1
"EFUN","LION","Granada","Andalucía","125",1
"EFUN","LION","Huelva","Andalucía","125",1
"EFUN","LION","Illes Balears","Illes Balears","125",1
"EFUN","LION","Jaén","Andalucía","125",1
"EFUN","LION","Madrid","Comunidad de Madrid","125",15
"EFUN","LION","Málaga","Andalucía","125",2
"EFUN","LION","Ourense","Galicia","125",1
"EFUN","LION","Pontevedra","Galicia","125",2
"EFUN","LION","Sevilla","Andalucía","125",7
"EFUN","LION","Valladolid","Castilla y León","125",1
"EFUN","PUMA","Málaga","Andalucía","125",2
"F.B MONDIAL","FLEX 300","Illes Balears","Illes Balears","292",1
"F.B MONDIAL","IMOLA","Tarragona","Cataluña","125",1
"F.B MONDIAL","PIEGA 452","Illes Balears","Illes Balears","450",1
"F.B MONDIAL","PIEGA 452","Tarragona","Cataluña","450",1
"FANTIC MOTOR","---","Burgos","Castilla y León","125",1
"FANTIC MOTOR","---","Cádiz","Andalucía","125",2
"FANTIC MOTOR","---","Castellón/Castelló","Comunidad Valenciana","125",1
"FANTIC MOTOR","---","Córdoba","Andalucía","125",2
"FANTIC MOTOR","---","Huelva","Andalucía","125",1
"FANTIC MOTOR","---","Madrid","Comunidad de Madrid","125",5
"FANTIC MOTOR","---","Navarra","Comunidad Foral de Navarra","125",1
"FANTIC MOTOR","---","Santa Cruz de Tenerife","Canarias","125",2
"FANTIC MOTOR","---","Toledo","Castilla-La Mancha","125",2
"FANTIC MOTOR","---","Valencia/València","Comunidad Valenciana","125",2
"GASGAS","EC 250","Almería","Andalucía","249",1
"GASGAS","EC 250","Sevilla","Andalucía","249",1
"GASGAS","EC 250","Zaragoza","Aragón","249",1
"GASGAS","EC 250F","Albacete","Castilla-La Mancha","250",1
"GASGAS","EC 250F","Lugo","Galicia","250",1
"GASGAS","EC 300","Cádiz","Andalucía","293",1
"GASGAS","EC 300","Gipuzkoa","País Vasco","293",1
"GASGAS","EC 300","Girona","Cataluña","293",1
"GASGAS","EC 300","Valladolid","Castilla y León","293",1
"GASGAS","EC 350F","Málaga","Andalucía","350",1
"GASGAS","EC 350F","Valladolid","Castilla y León","350",1
"GASGAS","EC 450F","Murcia","Región de Murcia","450",1
"GASGAS","TXT 300","Almería","Andalucía","294",1
"GASGAS","TXT 300","Barcelona","Cataluña","294",1
"GASGAS","TXT 300","León","Castilla y León","294",1
"GASGAS","TXT 300","Madrid","Comunidad de Madrid","294",1
"GASGAS","TXT 300","Pontevedra","Galicia","294",1
"GASGAS","TXT 300","Valencia/València","Comunidad Valenciana","294",1
"GASGAS","TXT250 PRO","Toledo","Castilla-La Mancha","248",1
"HARLEY-DAVIDSON","BREAKOUT","Illes Balears","Illes Balears","1923",1
"HARLEY-DAVIDSON","BREAKOUT","Málaga","Andalucía","1923",1
"HARLEY-DAVIDSON","BREAKOUT","Navarra","Comunidad Foral de Navarra","1923",1
"HARLEY-DAVIDSON","CVO STREET GLIDE","Madrid","Comunidad de Madrid","1977",1
"HARLEY-DAVIDSON","FAT BOY","Alicante/Alacant","Comunidad Valenciana","1923",1
"HARLEY-DAVIDSON","FAT BOY","Almería","Andalucía","1923",1
"HARLEY-DAVIDSON","FAT BOY","Barcelona","Cataluña","1923",1
"HARLEY-DAVIDSON","FAT BOY","Madrid","Comunidad de Madrid","1923",1
"HARLEY-DAVIDSON","FAT BOY","Palmas (Las)","Canarias","1923",1
"HARLEY-DAVIDSON","FAT BOY","Tarragona","Cataluña","1923",1
"HARLEY-DAVIDSON","FAT BOY","Valencia/València","Comunidad Valenciana","1923",1
"HARLEY-DAVIDSON","FAT BOY GREY GHOST","Santa Cruz de Tenerife","Canarias","1923",1
"HARLEY-DAVIDSON","HERITAGE CLASSIC","Alicante/Alacant","Comunidad Valenciana","1923",1
"HARLEY-DAVIDSON","HERITAGE CLASSIC 114","Jaén","Andalucía","1868",1
"HARLEY-DAVIDSON","HERITAGE CLASSIC 114","Valencia/València","Comunidad Valenciana","1868",1
"HARLEY-DAVIDSON","LOW RIDER S","Granada","Andalucía","1923",1
"HARLEY-DAVIDSON","LOW RIDER S","Murcia","Región de Murcia","1923",1
"HARLEY-DAVIDSON","LOW RIDER ST","Badajoz","Extremadura","1923",1
"HARLEY-DAVIDSON","LOW RIDER ST","Lleida","Cataluña","1923",1
"HARLEY-DAVIDSON","LOW RIDER ST","Madrid","Comunidad de Madrid","1923",1
"HARLEY-DAVIDSON","LOW RIDER ST","Soria","Castilla y León","1923",1
"HARLEY-DAVIDSON","LOW RIDER ST","Tarragona","Cataluña","1923",1
"HARLEY-DAVIDSON","NIGHTSTER SPECIAL","Almería","Andalucía","975",1
"HARLEY-DAVIDSON","NIGHTSTER SPECIAL","Girona","Cataluña","975",1
"HARLEY-DAVIDSON","NIGHTSTER SPECIAL","Granada","Andalucía","975",1
"HARLEY-DAVIDSON","NIGHTSTER SPECIAL","Guadalajara","Castilla-La Mancha","975",1
"HARLEY-DAVIDSON","NIGHTSTER SPECIAL","Madrid","Comunidad de Madrid","975",1
"HARLEY-DAVIDSON","NIGHTSTER SPECIAL","Murcia","Región de Murcia","975",1
"HARLEY-DAVIDSON","NIGHTSTER SPECIAL","Sevilla","Andalucía","975",1
"HARLEY-DAVIDSON","NIGHTSTER SPECIAL","Tarragona","Cataluña","975",1
"HARLEY-DAVIDSON","NIGHTSTER SPECIAL","Valencia/València","Comunidad Valenciana","975",3
"HARLEY-DAVIDSON","PAN AMERICA 1250 SPECI","Bizkaia","País Vasco","1252",1
"HARLEY-DAVIDSON","PAN AMERICA 1250 SPECI","Granada","Andalucía","1252",1
"HARLEY-DAVIDSON","PAN AMERICA 1250 ST","Alicante/Alacant","Comunidad Valenciana","1252",1
"HARLEY-DAVIDSON","PAN AMERICA 1250 ST","Barcelona","Cataluña","1252",1
"HARLEY-DAVIDSON","PAN AMERICA 1250 ST","Girona","Cataluña","1252",1
"HARLEY-DAVIDSON","PAN AMERICA 1250 ST","Madrid","Comunidad de Madrid","1252",2
"HARLEY-DAVIDSON","ROAD GLIDE","Barcelona","Cataluña","1923",2
"HARLEY-DAVIDSON","ROAD GLIDE","Girona","Cataluña","1923",1
"HARLEY-DAVIDSON","ROAD GLIDE","Granada","Andalucía","1923",1
"HARLEY-DAVIDSON","ROAD GLIDE","Zaragoza","Aragón","1923",1
"HARLEY-DAVIDSON","ROAD KING SPECIAL","Barcelona","Cataluña","1868",1
"HARLEY-DAVIDSON","ROAD KING SPECIAL","Cádiz","Andalucía","1868",1
"HARLEY-DAVIDSON","SPORTSTER S","Lugo","Galicia","1252",1
"HARLEY-DAVIDSON","SPORTSTER S","Madrid","Comunidad de Madrid","1252",2
"HARLEY-DAVIDSON","SPORTSTER S","Palmas (Las)","Canarias","1252",1
"HARLEY-DAVIDSON","STREET BOB","Almería","Andalucía","1923",1
"HARLEY-DAVIDSON","STREET BOB","Coruña (A)","Galicia","1923",1
"HARLEY-DAVIDSON","STREET BOB","Girona","Cataluña","1923",1
"HARLEY-DAVIDSON","STREET BOB","Madrid","Comunidad de Madrid","1923",2
"HARLEY-DAVIDSON","STREET BOB","Málaga","Andalucía","1923",1
"HARLEY-DAVIDSON","STREET BOB","Pontevedra","Galicia","1923",1
"HARLEY-DAVIDSON","STREET BOB","Toledo","Castilla-La Mancha","1923",1
"HARLEY-DAVIDSON","STREET GLIDE","Gipuzkoa","País Vasco","1923",1
"HARLEY-DAVIDSON","STREET GLIDE","Illes Balears","Illes Balears","1923",1
"HARLEY-DAVIDSON","STREET GLIDE","Madrid","Comunidad de Madrid","1923",1
"HARLEY-DAVIDSON","STREET GLIDE","Palmas (Las)","Canarias","1923",1
"HARLEY-DAVIDSON","STREET GLIDE ULTRA","Murcia","Región de Murcia","1923",1
"HARLEY-DAVIDSON","STREET GLIDE ULTRA","Valencia/València","Comunidad Valenciana","1923",1
"HERO","HUNK 440","Alicante/Alacant","Comunidad Valenciana","440",1
"HERO","HUNK 440","Almería","Andalucía","440",1
"HERO","HUNK 440","Barcelona","Cataluña","440",1
"HERO","HUNK 440","Illes Balears","Illes Balears","440",2
"HERO","HUNK 440","Navarra","Comunidad Foral de Navarra","440",1
"HERO","HUNK 440","Santa Cruz de Tenerife","Canarias","440",1
"HERO","HUNK 440","Valencia/València","Comunidad Valenciana","440",5
"HERO","X PULSE 200 4V","Alicante/Alacant","Comunidad Valenciana","200",1
"HERO","X PULSE 200 4V","Barcelona","Cataluña","200",1
"HERO","X PULSE 200 4V","Bizkaia","País Vasco","200",1
"HERO","X PULSE 200 4V","Navarra","Comunidad Foral de Navarra","200",1
"HERO","X PULSE 200 4V","Santa Cruz de Tenerife","Canarias","200",1
"HERO","X PULSE 200 4V","Valencia/València","Comunidad Valenciana","200",6
"HERO MOTOCORP","HUNK 440","Valencia/València","Comunidad Valenciana","440",1
"HERO MOTOCORP","X PULSE 200 4V","Alicante/Alacant","Comunidad Valenciana","200",1
"HERO MOTOCORP","X PULSE 200 4V","Illes Balears","Illes Balears","200",1
"HERO MOTOCORP","X PULSE 200 4V","Lleida","Cataluña","200",1
"HERO MOTOCORP","X PULSE 200 4V","Madrid","Comunidad de Madrid","200",1
"HERO MOTOCORP","X PULSE 200 4V","Valencia/València","Comunidad Valenciana","200",1
"HONDA","ADV 350","Álava/Araba","País Vasco","330",3
"HONDA","ADV 350","Albacete","Castilla-La Mancha","330",2
"HONDA","ADV 350","Alicante/Alacant","Comunidad Valenciana","330",12
"HONDA","ADV 350","Almería","Andalucía","330",4
"HONDA","ADV 350","Asturias","Principado de Asturias","330",7
"HONDA","ADV 350","Badajoz","Extremadura","330",1
"HONDA","ADV 350","Barcelona","Cataluña","330",109
"HONDA","ADV 350","Bizkaia","País Vasco","330",3
"HONDA","ADV 350","Burgos","Castilla y León","330",1
"HONDA","ADV 350","Cádiz","Andalucía","330",18
"HONDA","ADV 350","Cantabria","Cantabria","330",2
"HONDA","ADV 350","Castellón/Castelló","Comunidad Valenciana","330",4
"HONDA","ADV 350","Ceuta","Ceuta","330",3
"HONDA","ADV 350","Córdoba","Andalucía","330",1
"HONDA","ADV 350","Coruña (A)","Galicia","330",3
"HONDA","ADV 350","Cuenca","Castilla-La Mancha","330",1
"HONDA","ADV 350","Gipuzkoa","País Vasco","330",3
"HONDA","ADV 350","Girona","Cataluña","330",8
"HONDA","ADV 350","Granada","Andalucía","330",10
"HONDA","ADV 350","Guadalajara","Castilla-La Mancha","330",2
"HONDA","ADV 350","Huelva","Andalucía","330",4
"HONDA","ADV 350","Illes Balears","Illes Balears","330",15
"HONDA","ADV 350","Jaén","Andalucía","330",3
"HONDA","ADV 350","León","Castilla y León","330",1
"HONDA","ADV 350","Lleida","Cataluña","330",1
"HONDA","ADV 350","Madrid","Comunidad de Madrid","330",41
"HONDA","ADV 350","Málaga","Andalucía","330",51
"HONDA","ADV 350","Melilla","Melilla","330",1
"HONDA","ADV 350","Murcia","Región de Murcia","330",8
"HONDA","ADV 350","Navarra","Comunidad Foral de Navarra","330",3
"HONDA","ADV 350","Ourense","Galicia","330",2
"HONDA","ADV 350","Palmas (Las)","Canarias","330",28
"HONDA","ADV 350","Pontevedra","Galicia","330",1
"HONDA","ADV 350","Rioja (La)","La Rioja","330",2
"HONDA","ADV 350","Salamanca","Castilla y León","330",1
"HONDA","ADV 350","Santa Cruz de Tenerife","Canarias","330",31
"HONDA","ADV 350","Sevilla","Andalucía","330",14
"HONDA","ADV 350","Tarragona","Cataluña","330",4
"HONDA","ADV 350","Toledo","Castilla-La Mancha","330",1
"HONDA","ADV 350","Valencia/València","Comunidad Valenciana","330",19
"HONDA","ADV 350","Valladolid","Castilla y León","330",1
"HONDA","ADV 350","Zaragoza","Aragón","330",6
"HONDA","ADV 750","Alicante/Alacant","Comunidad Valenciana","745",4
"HONDA","ADV 750","Almería","Andalucía","745",1
"HONDA","ADV 750","Asturias","Principado de Asturias","745",3
"HONDA","ADV 750","Badajoz","Extremadura","745",1
"HONDA","ADV 750","Barcelona","Cataluña","745",42
"HONDA","ADV 750","Bizkaia","País Vasco","745",2
"HONDA","ADV 750","Cádiz","Andalucía","745",14
"HONDA","ADV 750","Cantabria","Cantabria","745",1
"HONDA","ADV 750","Castellón/Castelló","Comunidad Valenciana","745",1
"HONDA","ADV 750","Ceuta","Ceuta","745",4
"HONDA","ADV 750","Córdoba","Andalucía","745",1
"HONDA","ADV 750","Girona","Cataluña","745",4
"HONDA","ADV 750","Granada","Andalucía","745",10
"HONDA","ADV 750","Huelva","Andalucía","745",6
"HONDA","ADV 750","Illes Balears","Illes Balears","745",1
"HONDA","ADV 750","Madrid","Comunidad de Madrid","745",13
"HONDA","ADV 750","Málaga","Andalucía","745",32
"HONDA","ADV 750","Melilla","Melilla","745",1
"HONDA","ADV 750","Murcia","Región de Murcia","745",2
"HONDA","ADV 750","Palmas (Las)","Canarias","745",26
"HONDA","ADV 750","Santa Cruz de Tenerife","Canarias","745",27
"HONDA","ADV 750","Sevilla","Andalucía","745",6
"HONDA","ADV 750","Tarragona","Cataluña","745",3
"HONDA","ADV 750","Toledo","Castilla-La Mancha","745",1
"HONDA","ADV 750","Valencia/València","Comunidad Valenciana","745",7
"HONDA","ADV 750","Valladolid","Castilla y León","745",1
"HONDA","ADV 750","Zaragoza","Aragón","745",3
"HONDA","C125A","Badajoz","Extremadura","124",1
"HONDA","C125A","Barcelona","Cataluña","124",3
"HONDA","C125A","Illes Balears","Illes Balears","124",1
"HONDA","C125A","Sevilla","Andalucía","124",1
"HONDA","C125A","Valencia/València","Comunidad Valenciana","124",1
"HONDA","CB 125 F","Álava/Araba","País Vasco","124",1
"HONDA","CB 125 F","Alicante/Alacant","Comunidad Valenciana","124",2
"HONDA","CB 125 F","Almería","Andalucía","124",2
"HONDA","CB 125 F","Asturias","Principado de Asturias","124",2
"HONDA","CB 125 F","Badajoz","Extremadura","124",1
"HONDA","CB 125 F","Barcelona","Cataluña","124",8
"HONDA","CB 125 F","Bizkaia","País Vasco","124",1
"HONDA","CB 125 F","Cantabria","Cantabria","124",3
"HONDA","CB 125 F","Castellón/Castelló","Comunidad Valenciana","124",1
"HONDA","CB 125 F","Coruña (A)","Galicia","124",1
"HONDA","CB 125 F","Gipuzkoa","País Vasco","124",1
"HONDA","CB 125 F","Girona","Cataluña","124",1
"HONDA","CB 125 F","Granada","Andalucía","124",2
"HONDA","CB 125 F","Illes Balears","Illes Balears","124",5
"HONDA","CB 125 F","Jaén","Andalucía","124",2
"HONDA","CB 125 F","Lleida","Cataluña","124",1
"HONDA","CB 125 F","Madrid","Comunidad de Madrid","124",8
"HONDA","CB 125 F","Málaga","Andalucía","124",7
"HONDA","CB 125 F","Murcia","Región de Murcia","124",2
"HONDA","CB 125 F","Palmas (Las)","Canarias","124",7
"HONDA","CB 125 F","Pontevedra","Galicia","124",1
"HONDA","CB 125 F","Santa Cruz de Tenerife","Canarias","124",3
"HONDA","CB 125 F","Sevilla","Andalucía","124",3
"HONDA","CB 125 F","Soria","Castilla y León","124",1
"HONDA","CB 125 F","Tarragona","Cataluña","124",2
"HONDA","CB 125 F","Valencia/València","Comunidad Valenciana","124",2
"HONDA","CB 125 F","Valladolid","Castilla y León","124",2
"HONDA","CB 125 F","Zaragoza","Aragón","124",1
"HONDA","CB 500 F","Álava/Araba","País Vasco","471",1
"HONDA","CB 500 F","Alicante/Alacant","Comunidad Valenciana","471",2
"HONDA","CB 500 F","Asturias","Principado de Asturias","471",1
"HONDA","CB 500 F","Barcelona","Cataluña","471",16
"HONDA","CB 500 F","Girona","Cataluña","471",1
"HONDA","CB 500 F","Granada","Andalucía","471",2
"HONDA","CB 500 F","Illes Balears","Illes Balears","471",1
"HONDA","CB 500 F","Lleida","Cataluña","471",1
"HONDA","CB 500 F","Lugo","Galicia","471",1
"HONDA","CB 500 F","Madrid","Comunidad de Madrid","471",4
"HONDA","CB 500 F","Málaga","Andalucía","471",2
"HONDA","CB 500 F","Palmas (Las)","Canarias","471",4
"HONDA","CB 500 F","Santa Cruz de Tenerife","Canarias","471",5
"HONDA","CB 500 F","Sevilla","Andalucía","471",1
"HONDA","NX500","Álava/Araba","País Vasco","471",2
"HONDA","NX500","Alicante/Alacant","Comunidad Valenciana","471",12
"HONDA","NX500","Almería","Andalucía","471",1
"HONDA","NX500","Asturias","Principado de Asturias","471",1
"HONDA","NX500","Ávila","Castilla y León","471",2
"HONDA","NX500","Badajoz","Extremadura","471",3
"HONDA","NX500","Barcelona","Cataluña","471",44
"HONDA","NX500","Bizkaia","País Vasco","471",3
"HONDA","NX500","Cádiz","Andalucía","471",7
"HONDA","NX500","Cantabria","Cantabria","471",2
"HONDA","NX500","Castellón/Castelló","Comunidad Valenciana","471",1
"HONDA","NX500","Ceuta","Ceuta","471",1
"HONDA","NX500","Córdoba","Andalucía","471",1
"HONDA","NX500","Coruña (A)","Galicia","471",3
"HONDA","NX500","Cuenca","Castilla-La Mancha","471",1
"HONDA","NX500","Gipuzkoa","País Vasco","471",2
"HONDA","NX500","Girona","Cataluña","471",4
"HONDA","NX500","Granada","Andalucía","471",2
"HONDA","NX500","Guadalajara","Castilla-La Mancha","471",1
"HONDA","NX500","Illes Balears","Illes Balears","471",4
"HONDA","NX500","Jaén","Andalucía","471",3
"HONDA","NX500","Lugo","Galicia","471",3
"HONDA","NX500","Madrid","Comunidad de Madrid","471",14
"HONDA","NX500","Málaga","Andalucía","471",12
"HONDA","NX500","Murcia","Región de Murcia","471",1
"HONDA","NX500","Navarra","Comunidad Foral de Navarra","471",1
"HONDA","NX500","Palmas (Las)","Canarias","471",5
"HONDA","NX500","Rioja (La)","La Rioja","471",1
"HONDA","NX500","Salamanca","Castilla y León","471",1
"HONDA","NX500","Santa Cruz de Tenerife","Canarias","471",3
"HONDA","NX500","Sevilla","Andalucía","471",3
"HONDA","NX500","Tarragona","Cataluña","471",4
"HONDA","NX500","Valencia/València","Comunidad Valenciana","471",7
"HONDA","NX500","Valladolid","Castilla y León","471",1
"HONDA","NX500","Zaragoza","Aragón","471",2
"HONDA","CB1000","Alicante/Alacant","Comunidad Valenciana","1000",1
"HONDA","CB1000","Barcelona","Cataluña","1000",3
"HONDA","CB1000","Cáceres","Extremadura","1000",1
"HONDA","CB1000","Girona","Cataluña","1000",1
"HONDA","CB1000","Madrid","Comunidad de Madrid","1000",1
"HONDA","CB1000","Ourense","Galicia","1000",1
"HONDA","CB1000","Valencia/València","Comunidad Valenciana","1000",2
"HONDA","CB1000SP","Almería","Andalucía","1000",1
"HONDA","CB1000SP","Barcelona","Cataluña","1000",3
"HONDA","CB1000SP","Girona","Cataluña","1000",1
"HONDA","CB1000SP","Huelva","Andalucía","1000",1
"HONDA","CB1000SP","Palmas (Las)","Canarias","1000",1
"HONDA","CB1000SP","Santa Cruz de Tenerife","Canarias","1000",3
"HONDA","CB1000SP","Tarragona","Cataluña","1000",1
"HONDA","CB650RA","Álava/Araba","País Vasco","649",2
"HONDA","CB650RA","Albacete","Castilla-La Mancha","649",1
"HONDA","CB650RA","Alicante/Alacant","Comunidad Valenciana","649",1
"HONDA","CB650RA","Almería","Andalucía","649",2
"HONDA","CB650RA","Ávila","Castilla y León","649",1
"HONDA","CB650RA","Badajoz","Extremadura","649",2
"HONDA","CB650RA","Barcelona","Cataluña","649",27
"HONDA","CB650RA","Bizkaia","País Vasco","649",8
"HONDA","CB650RA","Cáceres","Extremadura","649",1
"HONDA","CB650RA","Cádiz","Andalucía","649",7
"HONDA","CB650RA","Coruña (A)","Galicia","649",1
"HONDA","CB650RA","Gipuzkoa","País Vasco","649",2
"HONDA","CB650RA","Girona","Cataluña","649",1
"HONDA","CB650RA","Granada","Andalucía","649",2
"HONDA","CB650RA","Huesca","Aragón","649",1
"HONDA","CB650RA","Illes Balears","Illes Balears","649",3
"HONDA","CB650RA","Jaén","Andalucía","649",1
"HONDA","CB650RA","León","Castilla y León","649",2
"HONDA","CB650RA","Madrid","Comunidad de Madrid","649",18
"HONDA","CB650RA","Málaga","Andalucía","649",8
"HONDA","CB650RA","Murcia","Región de Murcia","649",3
"HONDA","CB650RA","Navarra","Comunidad Foral de Navarra","649",1
"HONDA","CB650RA","Palmas (Las)","Canarias","649",7
"HONDA","CB650RA","Pontevedra","Galicia","649",4
"HONDA","CB650RA","Rioja (La)","La Rioja","649",1
"HONDA","CB650RA","Salamanca","Castilla y León","649",1
"HONDA","CB650RA","Santa Cruz de Tenerife","Canarias","649",7
"HONDA","CB650RA","Sevilla","Andalucía","649",2
"HONDA","CB650RA","Tarragona","Cataluña","649",2
"HONDA","CB650RA","Valencia/València","Comunidad Valenciana","649",7
"HONDA","CB650RA","Valladolid","Castilla y León","649",2
"HONDA","CB750 Hornet","Álava/Araba","País Vasco","755",1
"HONDA","CB750 Hornet","Alicante/Alacant","Comunidad Valenciana","755",4
"HONDA","CB750 Hornet","Asturias","Principado de Asturias","755",1
"HONDA","CB750 Hornet","Badajoz","Extremadura","755",1
"HONDA","CB750 Hornet","Barcelona","Cataluña","755",36
"HONDA","CB750 Hornet","Bizkaia","País Vasco","755",5
"HONDA","CB750 Hornet","Cáceres","Extremadura","755",1
"HONDA","CB750 Hornet","Cádiz","Andalucía","755",7
"HONDA","CB750 Hornet","Cantabria","Cantabria","755",1
"HONDA","CB750 Hornet","Castellón/Castelló","Comunidad Valenciana","755",1
"HONDA","CB750 Hornet","Córdoba","Andalucía","755",1
"HONDA","CB750 Hornet","Gipuzkoa","País Vasco","755",1
"HONDA","CB750 Hornet","Girona","Cataluña","755",1
"HONDA","CB750 Hornet","Granada","Andalucía","755",4
"HONDA","CB750 Hornet","Huelva","Andalucía","755",1
"HONDA","CB750 Hornet","Jaén","Andalucía","755",1
"HONDA","CB750 Hornet","Lleida","Cataluña","755",1
"HONDA","CB750 Hornet","Madrid","Comunidad de Madrid","755",18
"HONDA","CB750 Hornet","Málaga","Andalucía","755",7
"HONDA","CB750 Hornet","Murcia","Región de Murcia","755",4
"HONDA","CB750 Hornet","Ourense","Galicia","755",2
"HONDA","CB750 Hornet","Palmas (Las)","Canarias","755",5
"HONDA","CB750 Hornet","Pontevedra","Galicia","755",2
"HONDA","CB750 Hornet","Santa Cruz de Tenerife","Canarias","755",4
"HONDA","CB750 Hornet","Sevilla","Andalucía","755",3
"HONDA","CB750 Hornet","Tarragona","Cataluña","755",3
"HONDA","CB750 Hornet","Valencia/València","Comunidad Valenciana","755",8
"HONDA","CB750 Hornet","Valladolid","Castilla y León","755",1
"HONDA","CB750 Hornet","Zaragoza","Aragón","755",2
"HONDA","CBF 125","Alicante/Alacant","Comunidad Valenciana","125",7
"HONDA","CBF 125","Asturias","Principado de Asturias","125",1
"HONDA","CBF 125","Barcelona","Cataluña","125",12
"HONDA","CBF 125","Cádiz","Andalucía","125",3
"HONDA","CBF 125","Castellón/Castelló","Comunidad Valenciana","125",2
"HONDA","CBF 125","Córdoba","Andalucía","125",2
"HONDA","CBF 125","Gipuzkoa","País Vasco","125",1
"HONDA","CBF 125","Girona","Cataluña","125",2
"HONDA","CBF 125","Granada","Andalucía","125",2
"HONDA","CBF 125","Guadalajara","Castilla-La Mancha","125",1
"HONDA","CBF 125","Illes Balears","Illes Balears","125",4
"HONDA","CBF 125","Lleida","Cataluña","125",3
"HONDA","CBF 125","Madrid","Comunidad de Madrid","125",8
"HONDA","CBF 125","Málaga","Andalucía","125",3
"HONDA","CBF 125","Murcia","Región de Murcia","125",3
"HONDA","CBF 125","Palmas (Las)","Canarias","125",7
"HONDA","CBF 125","Santa Cruz de Tenerife","Canarias","125",10
"HONDA","CBF 125","Sevilla","Andalucía","125",1
"HONDA","CBF 125","Tarragona","Cataluña","125",3
"HONDA","CBF 125","Valencia/València","Comunidad Valenciana","125",6
"HONDA","CBF 125","Valladolid","Castilla y León","125",1
"HONDA","CBF 125","Zaragoza","Aragón","125",3
"HONDA","CBF300NA","Asturias","Principado de Asturias","286",2
"HONDA","CBF300NA","Barcelona","Cataluña","286",2
"HONDA","CBR 650 R","Alicante/Alacant","Comunidad Valenciana","649",5
"HONDA","CBR 650 R","Barcelona","Cataluña","649",11
"HONDA","CBR 650 R","Bizkaia","País Vasco","649",2
"HONDA","CBR 650 R","Cádiz","Andalucía","649",2
"HONDA","CBR 650 R","Cantabria","Cantabria","649",1
"HONDA","CBR 650 R","Castellón/Castelló","Comunidad Valenciana","649",1
"HONDA","CBR 650 R","Córdoba","Andalucía","649",2
"HONDA","CBR 650 R","Coruña (A)","Galicia","649",1
"HONDA","CBR 650 R","Girona","Cataluña","649",3
"HONDA","CBR 650 R","Granada","Andalucía","649",2
"HONDA","CBR 650 R","Illes Balears","Illes Balears","649",4
"HONDA","CBR 650 R","León","Castilla y León","649",1
"HONDA","CBR 650 R","Lleida","Cataluña","649",2
"HONDA","CBR 650 R","Lugo","Galicia","649",1
"HONDA","CBR 650 R","Madrid","Comunidad de Madrid","649",15
"HONDA","CBR 650 R","Málaga","Andalucía","649",3
"HONDA","CBR 650 R","Murcia","Región de Murcia","649",4
"HONDA","CBR 650 R","Pontevedra","Galicia","649",4
"HONDA","CBR 650 R","Rioja (La)","La Rioja","649",1
"HONDA","CBR 650 R","Sevilla","Andalucía","649",2
"HONDA","CBR 650 R","Tarragona","Cataluña","649",1
"HONDA","CBR 650 R","Toledo","Castilla-La Mancha","649",1
"HONDA","CBR 650 R","Valencia/València","Comunidad Valenciana","649",13
"HONDA","CBR 650 R","Valladolid","Castilla y León","649",1
"HONDA","CBR1000","Barcelona","Cataluña","1000",1
"HONDA","CBR1000","Huesca","Aragón","1000",1
"HONDA","CBR1000","Madrid","Comunidad de Madrid","1000",3
"HONDA","CBR1000","Málaga","Andalucía","1000",2
"HONDA","CBR1000","Sevilla","Andalucía","1000",1
"HONDA","CBR500","Álava/Araba","País Vasco","471",1
"HONDA","CBR500","Alicante/Alacant","Comunidad Valenciana","471",1
"HONDA","CBR500","Badajoz","Extremadura","471",1
"HONDA","CBR500","Barcelona","Cataluña","471",14
"HONDA","CBR500","Cantabria","Cantabria","471",2
"HONDA","CBR500","Cuenca","Castilla-La Mancha","471",1
"HONDA","CBR500","Girona","Cataluña","471",1
"HONDA","CBR500","Illes Balears","Illes Balears","471",2
"HONDA","CBR500","León","Castilla y León","471",1
"HONDA","CBR500","Lleida","Cataluña","471",1
"HONDA","CBR500","Madrid","Comunidad de Madrid","471",6
"HONDA","CBR500","Palmas (Las)","Canarias","471",1
"HONDA","CBR500","Rioja (La)","La Rioja","471",1
"HONDA","CBR500","Santa Cruz de Tenerife","Canarias","471",7
"HONDA","CBR500","Sevilla","Andalucía","471",3
"HONDA","CBR500","Tarragona","Cataluña","471",1
"HONDA","CBR500","Valencia/València","Comunidad Valenciana","471",5
"HONDA","CBR500","Zaragoza","Aragón","471",2
"HONDA","CBR600R3","Álava/Araba","País Vasco","599",3
"HONDA","CBR600R3","Alicante/Alacant","Comunidad Valenciana","599",4
"HONDA","CBR600R3","Almería","Andalucía","599",6
"HONDA","CBR600R3","Asturias","Principado de Asturias","599",2
"HONDA","CBR600R3","Badajoz","Extremadura","599",3
"HONDA","CBR600R3","Barcelona","Cataluña","599",20
"HONDA","CBR600R3","Bizkaia","País Vasco","599",1
"HONDA","CBR600R3","Burgos","Castilla y León","599",2
"HONDA","CBR600R3","Cádiz","Andalucía","599",2
"HONDA","CBR600R3","Cantabria","Cantabria","599",1
"HONDA","CBR600R3","Castellón/Castelló","Comunidad Valenciana","599",3
"HONDA","CBR600R3","Córdoba","Andalucía","599",1
"HONDA","CBR600R3","Girona","Cataluña","599",5
"HONDA","CBR600R3","Huelva","Andalucía","599",1
"HONDA","CBR600R3","Illes Balears","Illes Balears","599",3
"HONDA","CBR600R3","Lleida","Cataluña","599",3
"HONDA","CBR600R3","Madrid","Comunidad de Madrid","599",10
"HONDA","CBR600R3","Málaga","Andalucía","599",4
"HONDA","CBR600R3","Murcia","Región de Murcia","599",5
"HONDA","CBR600R3","Navarra","Comunidad Foral de Navarra","599",1
"HONDA","CBR600R3","Ourense","Galicia","599",1
"HONDA","CBR600R3","Palmas (Las)","Canarias","599",3
"HONDA","CBR600R3","Pontevedra","Galicia","599",2
"HONDA","CBR600R3","Rioja (La)","La Rioja","599",1
"HONDA","CBR600R3","Salamanca","Castilla y León","599",1
"HONDA","CBR600R3","Santa Cruz de Tenerife","Canarias","599",4
"HONDA","CBR600R3","Segovia","Castilla y León","599",2
"HONDA","CBR600R3","Sevilla","Andalucía","599",3
"HONDA","CBR600R3","Tarragona","Cataluña","599",6
"HONDA","CBR600R3","Toledo","Castilla-La Mancha","599",1
"HONDA","CBR600R3","Valencia/València","Comunidad Valenciana","599",6
"HONDA","CBR600R3","Valladolid","Castilla y León","599",1
"HONDA","CBR600R3","Zaragoza","Aragón","599",1
"HONDA","CBR650RA","Palmas (Las)","Canarias","649",2
"HONDA","CBR650RA","Santa Cruz de Tenerife","Canarias","649",2
"HONDA","CL500","Asturias","Principado de Asturias","471",1
"HONDA","CL500","Barcelona","Cataluña","471",9
"HONDA","CL500","Bizkaia","País Vasco","471",1
"HONDA","CL500","Cádiz","Andalucía","471",2
"HONDA","CL500","Cantabria","Cantabria","471",1
"HONDA","CL500","Castellón/Castelló","Comunidad Valenciana","471",1
"HONDA","CL500","Girona","Cataluña","471",1
"HONDA","CL500","Granada","Andalucía","471",1
"HONDA","CL500","Illes Balears","Illes Balears","471",2
"HONDA","CL500","León","Castilla y León","471",1
"HONDA","CL500","Madrid","Comunidad de Madrid","471",3
"HONDA","CL500","Málaga","Andalucía","471",2
"HONDA","CL500","Palencia","Castilla y León","471",1
"HONDA","CL500","Palmas (Las)","Canarias","471",1
"HONDA","CL500","Santa Cruz de Tenerife","Canarias","471",5
"HONDA","CL500","Sevilla","Andalucía","471",2
"HONDA","CL500","Valencia/València","Comunidad Valenciana","471",3
"HONDA","CL500","Zaragoza","Aragón","471",1
"HONDA","CMX1100","Asturias","Principado de Asturias","1084",2
"HONDA","CMX1100","Ávila","Castilla y León","1084",1
"HONDA","CMX1100","Barcelona","Cataluña","1084",5
"HONDA","CMX1100","Cádiz","Andalucía","1084",1
"HONDA","CMX1100","Cantabria","Cantabria","1084",1
"HONDA","CMX1100","Córdoba","Andalucía","1084",2
"HONDA","CMX1100","Granada","Andalucía","1084",2
"HONDA","CMX1100","Huelva","Andalucía","1084",1
"HONDA","CMX1100","Madrid","Comunidad de Madrid","1084",4
"HONDA","CMX1100","Málaga","Andalucía","1084",1
"HONDA","CMX1100","Palmas (Las)","Canarias","1084",1
"HONDA","CMX1100","Tarragona","Cataluña","1084",2
"HONDA","CMX1100","Toledo","Castilla-La Mancha","1084",1
"HONDA","CMX1100","Valencia/València","Comunidad Valenciana","1084",1
"HONDA","CRF 300 L","Alicante/Alacant","Comunidad Valenciana","286",2
"HONDA","CRF 300 L","Almería","Andalucía","286",2
"HONDA","CRF 300 L","Badajoz","Extremadura","286",2
"HONDA","CRF 300 L","Barcelona","Cataluña","286",9
"HONDA","CRF 300 L","Bizkaia","País Vasco","286",1
"HONDA","CRF 300 L","Cádiz","Andalucía","286",2
"HONDA","CRF 300 L","Castellón/Castelló","Comunidad Valenciana","286",1
"HONDA","CRF 300 L","Granada","Andalucía","286",2
"HONDA","CRF 300 L","Huelva","Andalucía","286",2
"HONDA","CRF 300 L","Illes Balears","Illes Balears","286",3
"HONDA","CRF 300 L","Jaén","Andalucía","286",1
"HONDA","CRF 300 L","Madrid","Comunidad de Madrid","286",5
"HONDA","CRF 300 L","Málaga","Andalucía","286",5
"HONDA","CRF 300 L","Navarra","Comunidad Foral de Navarra","286",1
"HONDA","CRF 300 L","Palmas (Las)","Canarias","286",3
"HONDA","CRF 300 L","Santa Cruz de Tenerife","Canarias","286",6
"HONDA","CRF 300 L","Valencia/València","Comunidad Valenciana","286",1
"HONDA","CRF 300 L","Zaragoza","Aragón","286",1
"HONDA","CRF1100L Africa Twin","Álava/Araba","País Vasco","1084",1
"HONDA","CRF1100L Africa Twin","Albacete","Castilla-La Mancha","1084",1
"HONDA","CRF1100L Africa Twin","Alicante/Alacant","Comunidad Valenciana","1084",5
"HONDA","CRF1100L Africa Twin","Almería","Andalucía","1084",1
"HONDA","CRF1100L Africa Twin","Asturias","Principado de Asturias","1084",4
"HONDA","CRF1100L Africa Twin","Badajoz","Extremadura","1084",1
"HONDA","CRF1100L Africa Twin","Barcelona","Cataluña","1084",29
"HONDA","CRF1100L Africa Twin","Bizkaia","País Vasco","1084",4
"HONDA","CRF1100L Africa Twin","Burgos","Castilla y León","1084",2
"HONDA","CRF1100L Africa Twin","Cádiz","Andalucía","1084",4
"HONDA","CRF1100L Africa Twin","Castellón/Castelló","Comunidad Valenciana","1084",1
"HONDA","CRF1100L Africa Twin","Ciudad Real","Castilla-La Mancha","1084",1
"HONDA","CRF1100L Africa Twin","Córdoba","Andalucía","1084",1
"HONDA","CRF1100L Africa Twin","Coruña (A)","Galicia","1084",3
"HONDA","CRF1100L Africa Twin","Girona","Cataluña","1084",3
"HONDA","CRF1100L Africa Twin","Granada","Andalucía","1084",5
"HONDA","CRF1100L Africa Twin","Guadalajara","Castilla-La Mancha","1084",1
"HONDA","CRF1100L Africa Twin","Huelva","Andalucía","1084",3
"HONDA","CRF1100L Africa Twin","Illes Balears","Illes Balears","1084",7
"HONDA","CRF1100L Africa Twin","Jaén","Andalucía","1084",1
"HONDA","CRF1100L Africa Twin","León","Castilla y León","1084",1
"HONDA","CRF1100L Africa Twin","Lleida","Cataluña","1084",1
"HONDA","CRF1100L Africa Twin","Lugo","Galicia","1084",1
"HONDA","CRF1100L Africa Twin","Madrid","Comunidad de Madrid","1084",13
"HONDA","CRF1100L Africa Twin","Málaga","Andalucía","1084",9
"HONDA","CRF1100L Africa Twin","Murcia","Región de Murcia","1084",3
"HONDA","CRF1100L Africa Twin","Navarra","Comunidad Foral de Navarra","1084",1
"HONDA","CRF1100L Africa Twin","Palmas (Las)","Canarias","1084",6
"HONDA","CRF1100L Africa Twin","Pontevedra","Galicia","1084",3
"HONDA","CRF1100L Africa Twin","Rioja (La)","La Rioja","1084",1
"HONDA","CRF1100L Africa Twin","Salamanca","Castilla y León","1084",2
"HONDA","CRF1100L Africa Twin","Santa Cruz de Tenerife","Canarias","1084",5
"HONDA","CRF1100L Africa Twin","Sevilla","Andalucía","1084",2
"HONDA","CRF1100L Africa Twin","Tarragona","Cataluña","1084",1
"HONDA","CRF1100L Africa Twin","Teruel","Aragón","1084",1
"HONDA","CRF1100L Africa Twin","Valencia/València","Comunidad Valenciana","1084",17
"HONDA","CRF1100L Africa Twin","Valladolid","Castilla y León","1084",3
"HONDA","CRF1100L Africa Twin","Zamora","Castilla y León","1084",1
"HONDA","CRF1100L Africa Twin","Zaragoza","Aragón","1084",1
"HONDA","CRF300LRA","Alicante/Alacant","Comunidad Valenciana","286",1
"HONDA","CRF300LRA","Asturias","Principado de Asturias","286",1
"HONDA","CRF300LRA","Cantabria","Cantabria","286",1
"HONDA","CRF300LRA","Madrid","Comunidad de Madrid","286",1
"HONDA","CRF300LRA","Navarra","Comunidad Foral de Navarra","286",1
"HONDA","CRF300LRA","Salamanca","Castilla y León","286",1
"HONDA","CRF300LRA","Santa Cruz de Tenerife","Canarias","286",1
"HONDA","FORZA 350","Albacete","Castilla-La Mancha","330",1
"HONDA","FORZA 350","Alicante/Alacant","Comunidad Valenciana","330",7
"HONDA","FORZA 350","Almería","Andalucía","330",1
"HONDA","FORZA 350","Asturias","Principado de Asturias","330",1
"HONDA","FORZA 350","Barcelona","Cataluña","330",63
"HONDA","FORZA 350","Bizkaia","País Vasco","330",1
"HONDA","FORZA 350","Cádiz","Andalucía","330",2
"HONDA","FORZA 350","Castellón/Castelló","Comunidad Valenciana","330",1
"HONDA","FORZA 350","Ceuta","Ceuta","330",1
"HONDA","FORZA 350","Córdoba","Andalucía","330",1
"HONDA","FORZA 350","Coruña (A)","Galicia","330",2
"HONDA","FORZA 350","Gipuzkoa","País Vasco","330",2
"HONDA","FORZA 350","Girona","Cataluña","330",2
"HONDA","FORZA 350","Granada","Andalucía","330",1
"HONDA","FORZA 350","Huelva","Andalucía","330",1
"HONDA","FORZA 350","Illes Balears","Illes Balears","330",3
"HONDA","FORZA 350","Jaén","Andalucía","330",1
"HONDA","FORZA 350","Lleida","Cataluña","330",1
"HONDA","FORZA 350","Lugo","Galicia","330",1
"HONDA","FORZA 350","Madrid","Comunidad de Madrid","330",19
"HONDA","FORZA 350","Málaga","Andalucía","330",5
"HONDA","FORZA 350","Murcia","Región de Murcia","330",2
"HONDA","FORZA 350","Palmas (Las)","Canarias","330",7
"HONDA","FORZA 350","Pontevedra","Galicia","330",1
"HONDA","FORZA 350","Santa Cruz de Tenerife","Canarias","330",10
"HONDA","FORZA 350","Sevilla","Andalucía","330",6
"HONDA","FORZA 350","Tarragona","Cataluña","330",3
"HONDA","FORZA 350","Valencia/València","Comunidad Valenciana","330",17
"HONDA","FORZA 350","Valladolid","Castilla y León","330",1
"HONDA","FORZA 350","Zamora","Castilla y León","330",1
"HONDA","FORZA 350","Zaragoza","Aragón","330",1
"HONDA","FORZA 750","Álava/Araba","País Vasco","745",2
"HONDA","FORZA 750","Albacete","Castilla-La Mancha","745",1
"HONDA","FORZA 750","Alicante/Alacant","Comunidad Valenciana","745",5
"HONDA","FORZA 750","Almería","Andalucía","745",2
"HONDA","FORZA 750","Asturias","Principado de Asturias","745",1
"HONDA","FORZA 750","Barcelona","Cataluña","745",38
"HONDA","FORZA 750","Bizkaia","País Vasco","745",1
"HONDA","FORZA 750","Cáceres","Extremadura","745",1
"HONDA","FORZA 750","Cádiz","Andalucía","745",6
"HONDA","FORZA 750","Cantabria","Cantabria","745",1
"HONDA","FORZA 750","Castellón/Castelló","Comunidad Valenciana","745",2
"HONDA","FORZA 750","Córdoba","Andalucía","745",1
"HONDA","FORZA 750","Coruña (A)","Galicia","745",1
"HONDA","FORZA 750","Girona","Cataluña","745",2
"HONDA","FORZA 750","Granada","Andalucía","745",12
"HONDA","FORZA 750","Huelva","Andalucía","745",1
"HONDA","FORZA 750","Illes Balears","Illes Balears","745",12
"HONDA","FORZA 750","León","Castilla y León","745",1
"HONDA","FORZA 750","Lleida","Cataluña","745",1
"HONDA","FORZA 750","Madrid","Comunidad de Madrid","745",14
"HONDA","FORZA 750","Málaga","Andalucía","745",4
"HONDA","FORZA 750","Melilla","Melilla","745",1
"HONDA","FORZA 750","Murcia","Región de Murcia","745",3
"HONDA","FORZA 750","Navarra","Comunidad Foral de Navarra","745",2
"HONDA","FORZA 750","Palmas (Las)","Canarias","745",10
"HONDA","FORZA 750","Pontevedra","Galicia","745",5
"HONDA","FORZA 750","Salamanca","Castilla y León","745",1
"HONDA","FORZA 750","Santa Cruz de Tenerife","Canarias","745",5
"HONDA","FORZA 750","Sevilla","Andalucía","745",2
"HONDA","FORZA 750","Tarragona","Cataluña","745",1
"HONDA","FORZA 750","Valencia/València","Comunidad Valenciana","745",17
"HONDA","FORZA 750","Zaragoza","Aragón","745",2
"HONDA","FORZA125","Álava/Araba","País Vasco","125",1
"HONDA","FORZA125","Albacete","Castilla-La Mancha","125",3
"HONDA","FORZA125","Alicante/Alacant","Comunidad Valenciana","125",23
"HONDA","FORZA125","Almería","Andalucía","125",5
"HONDA","FORZA125","Asturias","Principado de Asturias","125",3
"HONDA","FORZA125","Badajoz","Extremadura","125",3
"HONDA","FORZA125","Barcelona","Cataluña","125",102
"HONDA","FORZA125","Bizkaia","País Vasco","125",2
"HONDA","FORZA125","Burgos","Castilla y León","125",1
"HONDA","FORZA125","Cádiz","Andalucía","125",7
"HONDA","FORZA125","Castellón/Castelló","Comunidad Valenciana","125",4
"HONDA","FORZA125","Ceuta","Ceuta","125",1
"HONDA","FORZA125","Ciudad Real","Castilla-La Mancha","125",1
"HONDA","FORZA125","Córdoba","Andalucía","125",7
"HONDA","FORZA125","Coruña (A)","Galicia","125",3
"HONDA","FORZA125","Cuenca","Castilla-La Mancha","125",3
"HONDA","FORZA125","Gipuzkoa","País Vasco","125",3
"HONDA","FORZA125","Girona","Cataluña","125",3
"HONDA","FORZA125","Granada","Andalucía","125",11
"HONDA","FORZA125","Huelva","Andalucía","125",3
"HONDA","FORZA125","Illes Balears","Illes Balears","125",17
"HONDA","FORZA125","Jaén","Andalucía","125",1
"HONDA","FORZA125","León","Castilla y León","125",2
"HONDA","FORZA125","Lleida","Cataluña","125",4
"HONDA","FORZA125","Madrid","Comunidad de Madrid","125",62
"HONDA","FORZA125","Málaga","Andalucía","125",31
"HONDA","FORZA125","Murcia","Región de Murcia","125",5
"HONDA","FORZA125","Navarra","Comunidad Foral de Navarra","125",2
"HONDA","FORZA125","Ourense","Galicia","125",4
"HONDA","FORZA125","Palmas (Las)","Canarias","125",29
"HONDA","FORZA125","Pontevedra","Galicia","125",3
"HONDA","FORZA125","Rioja (La)","La Rioja","125",1
"HONDA","FORZA125","Salamanca","Castilla y León","125",1
"HONDA","FORZA125","Santa Cruz de Tenerife","Canarias","125",34
"HONDA","FORZA125","Sevilla","Andalucía","125",19
"HONDA","FORZA125","Tarragona","Cataluña","125",8
"HONDA","FORZA125","Valencia/València","Comunidad Valenciana","125",39
"HONDA","FORZA125","Valladolid","Castilla y León","125",4
"HONDA","FORZA125","Zaragoza","Aragón","125",5
"HONDA","GB350S","Álava/Araba","País Vasco","348",1
"HONDA","GB350S","Alicante/Alacant","Comunidad Valenciana","348",3
"HONDA","GB350S","Almería","Andalucía","348",1
"HONDA","GB350S","Barcelona","Cataluña","348",23
"HONDA","GB350S","Cáceres","Extremadura","348",1
"HONDA","GB350S","Cádiz","Andalucía","348",5
"HONDA","GB350S","Coruña (A)","Galicia","348",2
"HONDA","GB350S","Gipuzkoa","País Vasco","348",4
"HONDA","GB350S","Girona","Cataluña","348",1
"HONDA","GB350S","Granada","Andalucía","348",2
"HONDA","GB350S","Huelva","Andalucía","348",1
"HONDA","GB350S","Illes Balears","Illes Balears","348",3
"HONDA","GB350S","León","Castilla y León","348",2
"HONDA","GB350S","Lleida","Cataluña","348",2
"HONDA","GB350S","Madrid","Comunidad de Madrid","348",4
"HONDA","GB350S","Málaga","Andalucía","348",7
"HONDA","GB350S","Murcia","Región de Murcia","348",1
"HONDA","GB350S","Palmas (Las)","Canarias","348",5
"HONDA","GB350S","Pontevedra","Galicia","348",1
"HONDA","GB350S","Rioja (La)","La Rioja","348",1
"HONDA","GB350S","Santa Cruz de Tenerife","Canarias","348",2
"HONDA","GB350S","Sevilla","Andalucía","348",2
"HONDA","GB350S","Soria","Castilla y León","348",1
"HONDA","GB350S","Tarragona","Cataluña","348",2
"HONDA","GB350S","Toledo","Castilla-La Mancha","348",2
"HONDA","GB350S","Valencia/València","Comunidad Valenciana","348",11
"HONDA","GL1800BD","Alicante/Alacant","Comunidad Valenciana","1833",1
"HONDA","GL1800BD","Sevilla","Andalucía","1833",1
"HONDA","GL1800DA","Bizkaia","País Vasco","1833",1
"HONDA","GL1800DA","Coruña (A)","Galicia","1833",1
"HONDA","MSX125A","Asturias","Principado de Asturias","124",1
"HONDA","MSX125A","Barcelona","Cataluña","124",2
"HONDA","MSX125A","Cádiz","Andalucía","124",1
"HONDA","MSX125A","Granada","Andalucía","124",1
"HONDA","MSX125A","Illes Balears","Illes Balears","124",2
"HONDA","MSX125A","Madrid","Comunidad de Madrid","124",2
"HONDA","MSX125A","Málaga","Andalucía","124",2
"HONDA","MSX125A","Ourense","Galicia","124",1
"HONDA","MSX125A","Palmas (Las)","Canarias","124",5
"HONDA","MSX125A","Santa Cruz de Tenerife","Canarias","124",6
"HONDA","MSX125A","Sevilla","Andalucía","124",1
"HONDA","NC 750 X","Álava/Araba","País Vasco","745",4
"HONDA","NC 750 X","Alicante/Alacant","Comunidad Valenciana","745",7
"HONDA","NC 750 X","Almería","Andalucía","745",1
"HONDA","NC 750 X","Asturias","Principado de Asturias","745",6
"HONDA","NC 750 X","Ávila","Castilla y León","745",2
"HONDA","NC 750 X","Badajoz","Extremadura","745",1
"HONDA","NC 750 X","Barcelona","Cataluña","745",34
"HONDA","NC 750 X","Bizkaia","País Vasco","745",4
"HONDA","NC 750 X","Burgos","Castilla y León","745",1
"HONDA","NC 750 X","Cáceres","Extremadura","745",2
"HONDA","NC 750 X","Cádiz","Andalucía","745",7
"HONDA","NC 750 X","Cantabria","Cantabria","745",3
"HONDA","NC 750 X","Castellón/Castelló","Comunidad Valenciana","745",2
"HONDA","NC 750 X","Córdoba","Andalucía","745",3
"HONDA","NC 750 X","Gipuzkoa","País Vasco","745",2
"HONDA","NC 750 X","Girona","Cataluña","745",3
"HONDA","NC 750 X","Granada","Andalucía","745",3
"HONDA","NC 750 X","Guadalajara","Castilla-La Mancha","745",1
"HONDA","NC 750 X","Huelva","Andalucía","745",1
"HONDA","NC 750 X","Illes Balears","Illes Balears","745",7
"HONDA","NC 750 X","Jaén","Andalucía","745",2
"HONDA","NC 750 X","León","Castilla y León","745",1
"HONDA","NC 750 X","Lleida","Cataluña","745",1
"HONDA","NC 750 X","Lugo","Galicia","745",1
"HONDA","NC 750 X","Madrid","Comunidad de Madrid","745",11
"HONDA","NC 750 X","Málaga","Andalucía","745",7
"HONDA","NC 750 X","Murcia","Región de Murcia","745",5
"HONDA","NC 750 X","Navarra","Comunidad Foral de Navarra","745",1
"HONDA","NC 750 X","Palmas (Las)","Canarias","745",4
"HONDA","NC 750 X","Rioja (La)","La Rioja","745",2
"HONDA","NC 750 X","Santa Cruz de Tenerife","Canarias","745",4
"HONDA","NC 750 X","Sevilla","Andalucía","745",2
"HONDA","NC 750 X","Tarragona","Cataluña","745",1
"HONDA","NC 750 X","Toledo","Castilla-La Mancha","745",2
"HONDA","NC 750 X","Valencia/València","Comunidad Valenciana","745",15
"HONDA","NT1100","Álava/Araba","País Vasco","1084",1
"HONDA","NT1100","Albacete","Castilla-La Mancha","1084",1
"HONDA","NT1100","Alicante/Alacant","Comunidad Valenciana","1084",1
"HONDA","NT1100","Almería","Andalucía","1084",2
"HONDA","NT1100","Barcelona","Cataluña","1084",7
"HONDA","NT1100","Bizkaia","País Vasco","1084",1
"HONDA","NT1100","Burgos","Castilla y León","1084",1
"HONDA","NT1100","Cádiz","Andalucía","1084",2
"HONDA","NT1100","Ceuta","Ceuta","1084",1
"HONDA","NT1100","Coruña (A)","Galicia","1084",1
"HONDA","NT1100","Girona","Cataluña","1084",2
"HONDA","NT1100","Granada","Andalucía","1084",4
"HONDA","NT1100","Illes Balears","Illes Balears","1084",2
"HONDA","NT1100","Lleida","Cataluña","1084",1
"HONDA","NT1100","Madrid","Comunidad de Madrid","1084",4
"HONDA","NT1100","Málaga","Andalucía","1084",4
"HONDA","NT1100","Sevilla","Andalucía","1084",3
"HONDA","NT1100","Tarragona","Cataluña","1084",1
"HONDA","NT1100","Valencia/València","Comunidad Valenciana","1084",4
"HONDA","NT1100","Zaragoza","Aragón","1084",1
"HONDA","PCX 125","Álava/Araba","País Vasco","125",1
"HONDA","PCX 125","Albacete","Castilla-La Mancha","125",4
"HONDA","PCX 125","Alicante/Alacant","Comunidad Valenciana","125",44
"HONDA","PCX 125","Almería","Andalucía","125",21
"HONDA","PCX 125","Asturias","Principado de Asturias","125",5
"HONDA","PCX 125","Badajoz","Extremadura","125",5
"HONDA","PCX 125","Barcelona","Cataluña","125",115
"HONDA","PCX 125","Bizkaia","País Vasco","125",11
"HONDA","PCX 125","Burgos","Castilla y León","125",1
"HONDA","PCX 125","Cáceres","Extremadura","125",4
"HONDA","PCX 125","Cádiz","Andalucía","125",58
"HONDA","PCX 125","Cantabria","Cantabria","125",5
"HONDA","PCX 125","Castellón/Castelló","Comunidad Valenciana","125",7
"HONDA","PCX 125","Ceuta","Ceuta","125",1
"HONDA","PCX 125","Córdoba","Andalucía","125",16
"HONDA","PCX 125","Coruña (A)","Galicia","125",6
"HONDA","PCX 125","Cuenca","Castilla-La Mancha","125",2
"HONDA","PCX 125","Gipuzkoa","País Vasco","125",7
"HONDA","PCX 125","Girona","Cataluña","125",6
"HONDA","PCX 125","Granada","Andalucía","125",29
"HONDA","PCX 125","Guadalajara","Castilla-La Mancha","125",3
"HONDA","PCX 125","Huelva","Andalucía","125",18
"HONDA","PCX 125","Huesca","Aragón","125",1
"HONDA","PCX 125","Illes Balears","Illes Balears","125",27
"HONDA","PCX 125","Jaén","Andalucía","125",8
"HONDA","PCX 125","León","Castilla y León","125",4
"HONDA","PCX 125","Lleida","Cataluña","125",2
"HONDA","PCX 125","Madrid","Comunidad de Madrid","125",98
"HONDA","PCX 125","Málaga","Andalucía","125",84
"HONDA","PCX 125","Melilla","Melilla","125",5
"HONDA","PCX 125","Murcia","Región de Murcia","125",42
"HONDA","PCX 125","Navarra","Comunidad Foral de Navarra","125",2
"HONDA","PCX 125","Ourense","Galicia","125",1
"HONDA","PCX 125","Palmas (Las)","Canarias","125",52
"HONDA","PCX 125","Pontevedra","Galicia","125",14
"HONDA","PCX 125","Rioja (La)","La Rioja","125",4
"HONDA","PCX 125","Salamanca","Castilla y León","125",3
"HONDA","PCX 125","Santa Cruz de Tenerife","Canarias","125",71
"HONDA","PCX 125","Sevilla","Andalucía","125",47
"HONDA","PCX 125","Tarragona","Cataluña","125",8
"HONDA","PCX 125","Toledo","Castilla-La Mancha","125",2
"HONDA","PCX 125","Valencia/València","Comunidad Valenciana","125",71
"HONDA","PCX 125","Zaragoza","Aragón","125",15
"HONDA","Rebel 500","Albacete","Castilla-La Mancha","471",1
"HONDA","Rebel 500","Alicante/Alacant","Comunidad Valenciana","471",2
"HONDA","Rebel 500","Almería","Andalucía","471",2
"HONDA","Rebel 500","Asturias","Principado de Asturias","471",1
"HONDA","Rebel 500","Barcelona","Cataluña","471",13
"HONDA","Rebel 500","Cádiz","Andalucía","471",4
"HONDA","Rebel 500","Cantabria","Cantabria","471",2
"HONDA","Rebel 500","Castellón/Castelló","Comunidad Valenciana","471",1
"HONDA","Rebel 500","Córdoba","Andalucía","471",1
"HONDA","Rebel 500","Coruña (A)","Galicia","471",1
"HONDA","Rebel 500","Cuenca","Castilla-La Mancha","471",1
"HONDA","Rebel 500","Gipuzkoa","País Vasco","471",1
"HONDA","Rebel 500","Girona","Cataluña","471",1
"HONDA","Rebel 500","Granada","Andalucía","471",2
"HONDA","Rebel 500","Huelva","Andalucía","471",1
"HONDA","Rebel 500","Illes Balears","Illes Balears","471",4
"HONDA","Rebel 500","Lugo","Galicia","471",1
"HONDA","Rebel 500","Madrid","Comunidad de Madrid","471",9
"HONDA","Rebel 500","Málaga","Andalucía","471",5
"HONDA","Rebel 500","Murcia","Región de Murcia","471",2
"HONDA","Rebel 500","Navarra","Comunidad Foral de Navarra","471",1
"HONDA","Rebel 500","Ourense","Galicia","471",1
"HONDA","Rebel 500","Palmas (Las)","Canarias","471",6
"HONDA","Rebel 500","Santa Cruz de Tenerife","Canarias","471",3
"HONDA","Rebel 500","Sevilla","Andalucía","471",2
"HONDA","Rebel 500","Tarragona","Cataluña","471",5
"HONDA","Rebel 500","Toledo","Castilla-La Mancha","471",1
"HONDA","Rebel 500","Valencia/València","Comunidad Valenciana","471",9
"HONDA","Rebel 500","Zaragoza","Aragón","471",1
"HONDA","SH Mode 125","Álava/Araba","País Vasco","125",2
"HONDA","SH Mode 125","Albacete","Castilla-La Mancha","125",1
"HONDA","SH Mode 125","Alicante/Alacant","Comunidad Valenciana","125",2
"HONDA","SH Mode 125","Barcelona","Cataluña","125",61
"HONDA","SH Mode 125","Cádiz","Andalucía","125",3
"HONDA","SH Mode 125","Cantabria","Cantabria","125",1
"HONDA","SH Mode 125","Castellón/Castelló","Comunidad Valenciana","125",1
"HONDA","SH Mode 125","Ceuta","Ceuta","125",2
"HONDA","SH Mode 125","Córdoba","Andalucía","125",1
"HONDA","SH Mode 125","Coruña (A)","Galicia","125",1
"HONDA","SH Mode 125","Gipuzkoa","País Vasco","125",4
"HONDA","SH Mode 125","Girona","Cataluña","125",6
"HONDA","SH Mode 125","Granada","Andalucía","125",1
"HONDA","SH Mode 125","Illes Balears","Illes Balears","125",6
"HONDA","SH Mode 125","Jaén","Andalucía","125",1
"HONDA","SH Mode 125","Lleida","Cataluña","125",1
"HONDA","SH Mode 125","Madrid","Comunidad de Madrid","125",1
"HONDA","SH Mode 125","Málaga","Andalucía","125",7
"HONDA","SH Mode 125","Murcia","Región de Murcia","125",1
"HONDA","SH Mode 125","Navarra","Comunidad Foral de Navarra","125",1
"HONDA","SH Mode 125","Palmas (Las)","Canarias","125",1
"HONDA","SH Mode 125","Salamanca","Castilla y León","125",1
"HONDA","SH Mode 125","Santa Cruz de Tenerife","Canarias","125",3
"HONDA","SH Mode 125","Sevilla","Andalucía","125",2
"HONDA","SH Mode 125","Tarragona","Cataluña","125",3
"HONDA","SH Mode 125","Valencia/València","Comunidad Valenciana","125",2
"HONDA","SH125i","Álava/Araba","País Vasco","125",4
"HONDA","SH125i","Alicante/Alacant","Comunidad Valenciana","125",10
"HONDA","SH125i","Almería","Andalucía","125",4
"HONDA","SH125i","Asturias","Principado de Asturias","125",1
"HONDA","SH125i","Barcelona","Cataluña","125",188
"HONDA","SH125i","Bizkaia","País Vasco","125",3
"HONDA","SH125i","Cáceres","Extremadura","125",1
"HONDA","SH125i","Cádiz","Andalucía","125",7
"HONDA","SH125i","Ceuta","Ceuta","125",19
"HONDA","SH125i","Córdoba","Andalucía","125",3
"HONDA","SH125i","Coruña (A)","Galicia","125",1
"HONDA","SH125i","Gipuzkoa","País Vasco","125",16
"HONDA","SH125i","Girona","Cataluña","125",33
"HONDA","SH125i","Granada","Andalucía","125",6
"HONDA","SH125i","Illes Balears","Illes Balears","125",11
"HONDA","SH125i","Jaén","Andalucía","125",2
"HONDA","SH125i","Lleida","Cataluña","125",2
"HONDA","SH125i","Madrid","Comunidad de Madrid","125",9
"HONDA","SH125i","Málaga","Andalucía","125",77
"HONDA","SH125i","Murcia","Región de Murcia","125",3
"HONDA","SH125i","Navarra","Comunidad Foral de Navarra","125",1
"HONDA","SH125i","Palmas (Las)","Canarias","125",6
"HONDA","SH125i","Pontevedra","Galicia","125",1
"HONDA","SH125i","Santa Cruz de Tenerife","Canarias","125",1
"HONDA","SH125i","Sevilla","Andalucía","125",5
"HONDA","SH125i","Tarragona","Cataluña","125",7
"HONDA","SH125i","Toledo","Castilla-La Mancha","125",3
"HONDA","SH125i","Valencia/València","Comunidad Valenciana","125",8
"HONDA","SH125i","Valladolid","Castilla y León","125",1
"HONDA","SH125i","Zaragoza","Aragón","125",5
"HONDA","SH350i","Alicante/Alacant","Comunidad Valenciana","330",2
"HONDA","SH350i","Barcelona","Cataluña","330",59
"HONDA","SH350i","Cádiz","Andalucía","330",1
"HONDA","SH350i","Ceuta","Ceuta","330",3
"HONDA","SH350i","Córdoba","Andalucía","330",1
"HONDA","SH350i","Gipuzkoa","País Vasco","330",4
"HONDA","SH350i","Girona","Cataluña","330",2
"HONDA","SH350i","Granada","Andalucía","330",1
"HONDA","SH350i","Illes Balears","Illes Balears","330",8
"HONDA","SH350i","Madrid","Comunidad de Madrid","330",4
"HONDA","SH350i","Málaga","Andalucía","330",5
"HONDA","SH350i","Murcia","Región de Murcia","330",1
"HONDA","SH350i","Navarra","Comunidad Foral de Navarra","330",2
"HONDA","SH350i","Palmas (Las)","Canarias","330",3
"HONDA","SH350i","Santa Cruz de Tenerife","Canarias","330",2
"HONDA","SH350i","Sevilla","Andalucía","330",2
"HONDA","SH350i","Tarragona","Cataluña","330",3
"HONDA","SH350i","Valencia/València","Comunidad Valenciana","330",1
"HONDA","ST125A","Alicante/Alacant","Comunidad Valenciana","124",3
"HONDA","ST125A","Almería","Andalucía","124",1
"HONDA","ST125A","Barcelona","Cataluña","124",1
"HONDA","ST125A","Madrid","Comunidad de Madrid","124",3
"HONDA","ST125A","Málaga","Andalucía","124",2
"HONDA","ST125A","Melilla","Melilla","124",1
"HONDA","ST125A","Palencia","Castilla y León","124",1
"HONDA","ST125A","Palmas (Las)","Canarias","124",3
"HONDA","ST125A","Santa Cruz de Tenerife","Canarias","124",4
"HONDA","ST125A","Sevilla","Andalucía","124",1
"HONDA","VISION 110","Álava/Araba","País Vasco","109",2
"HONDA","VISION 110","Albacete","Castilla-La Mancha","109",1
"HONDA","VISION 110","Alicante/Alacant","Comunidad Valenciana","109",7
"HONDA","VISION 110","Almería","Andalucía","109",1
"HONDA","VISION 110","Asturias","Principado de Asturias","109",4
"HONDA","VISION 110","Badajoz","Extremadura","109",1
"HONDA","VISION 110","Barcelona","Cataluña","109",123
"HONDA","VISION 110","Bizkaia","País Vasco","109",2
"HONDA","VISION 110","Cádiz","Andalucía","109",8
"HONDA","VISION 110","Cantabria","Cantabria","109",5
"HONDA","VISION 110","Córdoba","Andalucía","109",3
"HONDA","VISION 110","Coruña (A)","Galicia","109",3
"HONDA","VISION 110","Gipuzkoa","País Vasco","109",12
"HONDA","VISION 110","Girona","Cataluña","109",8
"HONDA","VISION 110","Granada","Andalucía","109",4
"HONDA","VISION 110","Huelva","Andalucía","109",1
"HONDA","VISION 110","Illes Balears","Illes Balears","109",19
"HONDA","VISION 110","Jaén","Andalucía","109",2
"HONDA","VISION 110","Madrid","Comunidad de Madrid","109",7
"HONDA","VISION 110","Málaga","Andalucía","109",35
"HONDA","VISION 110","Murcia","Región de Murcia","109",9
"HONDA","VISION 110","Navarra","Comunidad Foral de Navarra","109",1
"HONDA","VISION 110","Ourense","Galicia","109",1
"HONDA","VISION 110","Palencia","Castilla y León","109",1
"HONDA","VISION 110","Pontevedra","Galicia","109",1
"HONDA","VISION 110","Rioja (La)","La Rioja","109",1
"HONDA","VISION 110","Salamanca","Castilla y León","109",4
"HONDA","VISION 110","Sevilla","Andalucía","109",7
"HONDA","VISION 110","Tarragona","Cataluña","109",5
"HONDA","VISION 110","Valencia/València","Comunidad Valenciana","109",14
"HONDA","VISION 110","Zaragoza","Aragón","109",6
"HONDA","XL750 Transalp","Álava/Araba","País Vasco","755",1
"HONDA","XL750 Transalp","Alicante/Alacant","Comunidad Valenciana","755",9
"HONDA","XL750 Transalp","Almería","Andalucía","755",5
"HONDA","XL750 Transalp","Asturias","Principado de Asturias","755",2
"HONDA","XL750 Transalp","Badajoz","Extremadura","755",3
"HONDA","XL750 Transalp","Barcelona","Cataluña","755",41
"HONDA","XL750 Transalp","Burgos","Castilla y León","755",2
"HONDA","XL750 Transalp","Cáceres","Extremadura","755",1
"HONDA","XL750 Transalp","Cádiz","Andalucía","755",6
"HONDA","XL750 Transalp","Cantabria","Cantabria","755",3
"HONDA","XL750 Transalp","Castellón/Castelló","Comunidad Valenciana","755",1
"HONDA","XL750 Transalp","Ceuta","Ceuta","755",1
"HONDA","XL750 Transalp","Córdoba","Andalucía","755",2
"HONDA","XL750 Transalp","Coruña (A)","Galicia","755",5
"HONDA","XL750 Transalp","Gipuzkoa","País Vasco","755",1
"HONDA","XL750 Transalp","Girona","Cataluña","755",10
"HONDA","XL750 Transalp","Granada","Andalucía","755",7
"HONDA","XL750 Transalp","Guadalajara","Castilla-La Mancha","755",1
"HONDA","XL750 Transalp","Huelva","Andalucía","755",3
"HONDA","XL750 Transalp","Huesca","Aragón","755",1
"HONDA","XL750 Transalp","Illes Balears","Illes Balears","755",1
"HONDA","XL750 Transalp","Jaén","Andalucía","755",1
"HONDA","XL750 Transalp","León","Castilla y León","755",1
"HONDA","XL750 Transalp","Lleida","Cataluña","755",3
"HONDA","XL750 Transalp","Madrid","Comunidad de Madrid","755",14
"HONDA","XL750 Transalp","Málaga","Andalucía","755",16
"HONDA","XL750 Transalp","Murcia","Región de Murcia","755",4
"HONDA","XL750 Transalp","Navarra","Comunidad Foral de Navarra","755",1
"HONDA","XL750 Transalp","Ourense","Galicia","755",1
"HONDA","XL750 Transalp","Palencia","Castilla y León","755",1
"HONDA","XL750 Transalp","Palmas (Las)","Canarias","755",6
"HONDA","XL750 Transalp","Pontevedra","Galicia","755",3
"HONDA","XL750 Transalp","Rioja (La)","La Rioja","755",2
"HONDA","XL750 Transalp","Santa Cruz de Tenerife","Canarias","755",4
"HONDA","XL750 Transalp","Sevilla","Andalucía","755",2
"HONDA","XL750 Transalp","Tarragona","Cataluña","755",2
"HONDA","XL750 Transalp","Toledo","Castilla-La Mancha","755",1
"HONDA","XL750 Transalp","Valencia/València","Comunidad Valenciana","755",8
"HONDA","XL750 Transalp","Zaragoza","Aragón","755",1
"HONDA","Z125MA","Alicante/Alacant","Comunidad Valenciana","124",1
"HONDA","Z125MA","Almería","Andalucía","124",2
"HONDA","Z125MA","Bizkaia","País Vasco","124",1
"HONDA","Z125MA","Illes Balears","Illes Balears","124",1
"HONDA","Z125MA","Madrid","Comunidad de Madrid","124",1
"HONDA","Z125MA","Murcia","Región de Murcia","124",2
"HONDA","Z125MA","Palmas (Las)","Canarias","124",1
"HONDA","Z125MA","Santa Cruz de Tenerife","Canarias","124",1
"HUSQVARNA","HUSQVARNA 701 SUPERMOT","Alicante/Alacant","Comunidad Valenciana","693",1
"HUSQVARNA","HUSQVARNA 701 SUPERMOT","Barcelona","Cataluña","693",1
"HUSQVARNA","HUSQVARNA 701 SUPERMOT","Cádiz","Andalucía","693",1
"HUSQVARNA","HUSQVARNA 701 SUPERMOT","Madrid","Comunidad de Madrid","693",3
"HUSQVARNA","HUSQVARNA 701 SUPERMOT","Málaga","Andalucía","693",1
"HUSQVARNA","HUSQVARNA 701 SUPERMOT","Santa Cruz de Tenerife","Canarias","693",1
"HUSQVARNA","HUSQVARNA 801 SVARTPIL","Alicante/Alacant","Comunidad Valenciana","799",1
"HUSQVARNA","HUSQVARNA 801 SVARTPIL","Cáceres","Extremadura","799",1
"HUSQVARNA","HUSQVARNA 801 SVARTPIL","Coruña (A)","Galicia","799",1
"HUSQVARNA","HUSQVARNA 801 SVARTPIL","Lleida","Cataluña","799",1
"HUSQVARNA","HUSQVARNA 801 SVARTPIL","Madrid","Comunidad de Madrid","799",1
"HUSQVARNA","HUSQVARNA 801 SVARTPIL","Palmas (Las)","Canarias","799",2
"HUSQVARNA","HUSQVARNA 801 VITPILEN","Lleida","Cataluña","799",1
"HUSQVARNA","HUSQVARNA 801 VITPILEN","Sevilla","Andalucía","799",1
"HUSQVARNA","HUSQVARNA 901 NORDEN","Barcelona","Cataluña","889",2
"HUSQVARNA","HUSQVARNA 901 NORDEN","Madrid","Comunidad de Madrid","889",1
"HUSQVARNA","HUSQVARNA 901 NORDEN","Murcia","Región de Murcia","889",1
"HUSQVARNA","HUSQVARNA 901 NORDEN","Palencia","Castilla y León","889",1
"HUSQVARNA","HUSQVARNA 901 NORDEN E","Asturias","Principado de Asturias","889",1
"HUSQVARNA","HUSQVARNA 901 NORDEN E","Barcelona","Cataluña","889",3
"HUSQVARNA","HUSQVARNA 901 NORDEN E","Lleida","Cataluña","889",1
"HUSQVARNA","HUSQVARNA 901 NORDEN E","Madrid","Comunidad de Madrid","889",2
"HUSQVARNA","HUSQVARNA 901 NORDEN E","Salamanca","Castilla y León","889",1
"HUSQVARNA","HUSQVARNA 901 NORDEN E","Sevilla","Andalucía","889",1
"HUSQVARNA","HUSQVARNA FE 250","Madrid","Comunidad de Madrid","250",1
"HUSQVARNA","HUSQVARNA FE 250","Santa Cruz de Tenerife","Canarias","250",1
"HUSQVARNA","HUSQVARNA FE 350","Barcelona","Cataluña","350",1
"HUSQVARNA","HUSQVARNA FE 350","Ceuta","Ceuta","350",1
"HUSQVARNA","HUSQVARNA FE 350","Madrid","Comunidad de Madrid","350",1
"HUSQVARNA","HUSQVARNA FE 450","Barcelona","Cataluña","450",1
"HUSQVARNA","HUSQVARNA FE 450","León","Castilla y León","450",1
"HUSQVARNA","HUSQVARNA FE 450","Lugo","Galicia","450",1
"HUSQVARNA","HUSQVARNA FE 450","Madrid","Comunidad de Madrid","450",2
"HUSQVARNA","HUSQVARNA FE 450","Málaga","Andalucía","450",1
"HUSQVARNA","HUSQVARNA FE 501","Málaga","Andalucía","510",1
"HUSQVARNA","HUSQVARNA SVARTPILEN 4","Badajoz","Extremadura","399",1
"HUSQVARNA","HUSQVARNA SVARTPILEN 4","Burgos","Castilla y León","399",1
"HUSQVARNA","HUSQVARNA SVARTPILEN 4","Madrid","Comunidad de Madrid","399",4
"HUSQVARNA","HUSQVARNA SVARTPILEN 4","Valencia/València","Comunidad Valenciana","399",1
"HUSQVARNA","HUSQVARNA SVARTPILEN 4","Valladolid","Castilla y León","399",1
"HUSQVARNA","HUSQVARNA SVARTPILEN12","Madrid","Comunidad de Madrid","125",8
"HUSQVARNA","HUSQVARNA SVARTPILEN12","Málaga","Andalucía","125",1
"HUSQVARNA","HUSQVARNA SVARTPILEN12","Palmas (Las)","Canarias","125",1
"HUSQVARNA","HUSQVARNA SVARTPILEN12","Zaragoza","Aragón","125",1
"HUSQVARNA","HUSQVARNA TE 250","Barcelona","Cataluña","249",1
"HUSQVARNA","HUSQVARNA TE 250","Pontevedra","Galicia","249",1
"HUSQVARNA","HUSQVARNA TE 250","Salamanca","Castilla y León","249",1
"HUSQVARNA","HUSQVARNA TE 300","Jaén","Andalucía","293",1
"HUSQVARNA","HUSQVARNA TE 300","Madrid","Comunidad de Madrid","293",4
"HUSQVARNA","HUSQVARNA TE 300","Málaga","Andalucía","293",3
"HUSQVARNA","HUSQVARNA TE 300","Tarragona","Cataluña","293",1
"HUSQVARNA","HUSQVARNA TE 300","Toledo","Castilla-La Mancha","293",1
"HUSQVARNA","HUSQVARNA VITPILEN 125","Barcelona","Cataluña","125",1
"HUSQVARNA","HUSQVARNA VITPILEN 125","Cantabria","Cantabria","125",1
"HUSQVARNA","HUSQVARNA VITPILEN 125","Madrid","Comunidad de Madrid","125",1
"HUSQVARNA","HUSQVARNA VITPILEN 401","Illes Balears","Illes Balears","399",1
"HUSQVARNA","HUSQVARNA VITPILEN 401","Madrid","Comunidad de Madrid","399",1
"HUSQVARNA","HUSQVARNA VITPILEN 401","Zamora","Castilla y León","399",1
"INDIAN","CHIEF BOBBER DARK HORS","Badajoz","Extremadura","1890",1
"INDIAN","CHIEF BOBBER DARK HORS","Barcelona","Cataluña","1890",1
"INDIAN","CHIEF BOBBER DARK HORS","Murcia","Región de Murcia","1890",1
"INDIAN","CHIEF BOBBER DARK HORS","Rioja (La)","La Rioja","1890",1
"INDIAN","CHIEF DARK HORSE","Palmas (Las)","Canarias","1890",1
"INDIAN","CHIEFTAIN LIMITED","Girona","Cataluña","1890",1
"INDIAN","CHIEFTAIN POWERPLUS DA","Alicante/Alacant","Comunidad Valenciana","1834",1
"INDIAN","INDIAN CHALLENGER DARK","Girona","Cataluña","1768",1
"INDIAN","INDIAN PURSUIT DARK HO","Tarragona","Cataluña","1768",1
"INDIAN","ROADMASTER LIMITED","Alicante/Alacant","Comunidad Valenciana","1890",1
"INDIAN","ROADMASTER LIMITED","Murcia","Región de Murcia","1890",1
"INDIAN","SCOUT","Barcelona","Cataluña","1133",1
"INDIAN","SCOUT BOBBER","Murcia","Región de Murcia","1250",1
"INDIAN","SCOUT BOBBER LIMITED +","Alicante/Alacant","Comunidad Valenciana","1250",1
"INDIAN","SCOUT BOBBER LIMITED +","Coruña (A)","Galicia","1250",1
"INDIAN","SCOUT BOBBER LIMITED +","León","Castilla y León","1250",1
"INDIAN","SCOUT BOBBER LIMITED +","Madrid","Comunidad de Madrid","1250",1
"INDIAN","SCOUT BOBBER LIMITED +","Santa Cruz de Tenerife","Canarias","1250",1
"INDIAN","SCOUT BOBBER LIMITED +","Sevilla","Andalucía","1250",1
"INDIAN","SCOUT BOBBER LIMITED +","Toledo","Castilla-La Mancha","1250",1
"INDIAN","SCOUT CLASSIC LIMITED","Bizkaia","País Vasco","1250",1
"INDIAN","SCOUT CLASSIC LIMITED","Zaragoza","Aragón","1250",1
"INDIAN","SCOUT SIXTY BOBBER","Cantabria","Cantabria","1000",1
"INDIAN","SCOUT SIXTY BOBBER","Málaga","Andalucía","1000",1
"INDIAN","SCOUT SIXTY BOBBER","Palmas (Las)","Canarias","1000",1
"INDIAN","SCOUT SIXTY BOBBER","Tarragona","Cataluña","1000",1
"INDIAN","SCOUT SIXTY CLASSIC","Murcia","Región de Murcia","1000",1
"INDIAN","SCOUT SIXTY CLASSIC LI","Barcelona","Cataluña","1000",1
"INDIAN","SCOUT SIXTY CLASSIC LI","Zaragoza","Aragón","1000",1
"INDIAN","SPORT SCOUT LIMITED","Asturias","Principado de Asturias","1250",1
"INDIAN","SPORT SCOUT LIMITED","Madrid","Comunidad de Madrid","1250",1
"INDIAN","SPORT SCOUT LIMITED+TE","Pontevedra","Galicia","1250",1
"INDIAN","SPORT SCOUT LIMITED+TE","Sevilla","Andalucía","1250",1
"INDIAN","SUPER SCOUT LIMITED +","Granada","Andalucía","1250",1
"ITALJET","DRAGSTER125","Albacete","Castilla-La Mancha","124",1
"ITALJET","DRAGSTER125","Córdoba","Andalucía","124",1
"ITALJET","DRAGSTER125","Illes Balears","Illes Balears","124",1
"ITALJET","DRAGSTER125","Palmas (Las)","Canarias","124",1
"ITALJET","DRAGSTER125","Toledo","Castilla-La Mancha","124",1
"ITALJET","DRAGSTER300","Sevilla","Andalucía","278",1
"ITALJET","DRAGSTER300","Toledo","Castilla-La Mancha","278",1
"KAWASAKI","ELIMINATOR","Albacete","Castilla-La Mancha","451",1
"KAWASAKI","ELIMINATOR","Alicante/Alacant","Comunidad Valenciana","451",2
"KAWASAKI","ELIMINATOR","Almería","Andalucía","451",4
"KAWASAKI","ELIMINATOR","Asturias","Principado de Asturias","451",1
"KAWASAKI","ELIMINATOR","Barcelona","Cataluña","451",13
"KAWASAKI","ELIMINATOR","Burgos","Castilla y León","451",1
"KAWASAKI","ELIMINATOR","Cádiz","Andalucía","451",3
"KAWASAKI","ELIMINATOR","Castellón/Castelló","Comunidad Valenciana","451",1
"KAWASAKI","ELIMINATOR","Córdoba","Andalucía","451",2
"KAWASAKI","ELIMINATOR","Coruña (A)","Galicia","451",1
"KAWASAKI","ELIMINATOR","Gipuzkoa","País Vasco","451",1
"KAWASAKI","ELIMINATOR","Guadalajara","Castilla-La Mancha","451",1
"KAWASAKI","ELIMINATOR","Illes Balears","Illes Balears","451",1
"KAWASAKI","ELIMINATOR","León","Castilla y León","451",1
"KAWASAKI","ELIMINATOR","Madrid","Comunidad de Madrid","451",4
"KAWASAKI","ELIMINATOR","Málaga","Andalucía","451",1
"KAWASAKI","ELIMINATOR","Murcia","Región de Murcia","451",3
"KAWASAKI","ELIMINATOR","Navarra","Comunidad Foral de Navarra","451",1
"KAWASAKI","ELIMINATOR","Palmas (Las)","Canarias","451",1
"KAWASAKI","ELIMINATOR","Rioja (La)","La Rioja","451",1
"KAWASAKI","ELIMINATOR","Santa Cruz de Tenerife","Canarias","451",2
"KAWASAKI","ELIMINATOR","Soria","Castilla y León","451",1
"KAWASAKI","ELIMINATOR","Tarragona","Cataluña","451",2
"KAWASAKI","ELIMINATOR","Valencia/València","Comunidad Valenciana","451",2
"KAWASAKI","ELIMINATOR","Valladolid","Castilla y León","451",1
"KAWASAKI","ELIMINATOR","Zaragoza","Aragón","451",1
"KAWASAKI","KSR-II","León","Castilla y León","79",1
"KAWASAKI","NINJA 1000SX","Gipuzkoa","País Vasco","1043",1
"KAWASAKI","NINJA 1000SX","Tarragona","Cataluña","1043",1
"KAWASAKI","NINJA 1000SX","Zaragoza","Aragón","1043",1
"KAWASAKI","NINJA 1100SX","Álava/Araba","País Vasco","1099",1
"KAWASAKI","NINJA 1100SX","Alicante/Alacant","Comunidad Valenciana","1099",1
"KAWASAKI","NINJA 1100SX","Barcelona","Cataluña","1099",5
"KAWASAKI","NINJA 1100SX","Coruña (A)","Galicia","1099",1
"KAWASAKI","NINJA 1100SX","Illes Balears","Illes Balears","1099",1
"KAWASAKI","NINJA 1100SX","Madrid","Comunidad de Madrid","1099",1
"KAWASAKI","NINJA 1100SX","Sevilla","Andalucía","1099",1
"KAWASAKI","NINJA 500","Alicante/Alacant","Comunidad Valenciana","451",3
"KAWASAKI","NINJA 500","Asturias","Principado de Asturias","451",2
"KAWASAKI","NINJA 500","Barcelona","Cataluña","451",8
"KAWASAKI","NINJA 500","Bizkaia","País Vasco","451",1
"KAWASAKI","NINJA 500","Guadalajara","Castilla-La Mancha","451",3
"KAWASAKI","NINJA 500","Huelva","Andalucía","451",1
"KAWASAKI","NINJA 500","Illes Balears","Illes Balears","451",2
"KAWASAKI","NINJA 500","Jaén","Andalucía","451",1
"KAWASAKI","NINJA 500","León","Castilla y León","451",1
"KAWASAKI","NINJA 500","Madrid","Comunidad de Madrid","451",3
"KAWASAKI","NINJA 500","Málaga","Andalucía","451",1
"KAWASAKI","NINJA 500","Murcia","Región de Murcia","451",1
"KAWASAKI","NINJA 500","Valencia/València","Comunidad Valenciana","451",2
"KAWASAKI","NINJA 500","Valladolid","Castilla y León","451",1
"KAWASAKI","NINJA 500","Zaragoza","Aragón","451",1
"KAWASAKI","NINJA 650","Alicante/Alacant","Comunidad Valenciana","649",3
"KAWASAKI","NINJA 650","Badajoz","Extremadura","649",1
"KAWASAKI","NINJA 650","Barcelona","Cataluña","649",10
"KAWASAKI","NINJA 650","Ciudad Real","Castilla-La Mancha","649",1
"KAWASAKI","NINJA 650","Guadalajara","Castilla-La Mancha","649",2
"KAWASAKI","NINJA 650","León","Castilla y León","649",1
"KAWASAKI","NINJA 650","Madrid","Comunidad de Madrid","649",7
"KAWASAKI","NINJA 650","Málaga","Andalucía","649",1
"KAWASAKI","NINJA 650","Santa Cruz de Tenerife","Canarias","649",3
"KAWASAKI","NINJA 650","Valencia/València","Comunidad Valenciana","649",1
"KAWASAKI","NINJA 650","Zaragoza","Aragón","649",2
"KAWASAKI","NINJA ZX-10R","Barcelona","Cataluña","998",1
"KAWASAKI","NINJA ZX-10R","Córdoba","Andalucía","998",2
"KAWASAKI","NINJA ZX-10R","Granada","Andalucía","998",1
"KAWASAKI","NINJA ZX-10R","Illes Balears","Illes Balears","998",1
"KAWASAKI","NINJA ZX-10R","León","Castilla y León","998",1
"KAWASAKI","NINJA ZX-10R","Madrid","Comunidad de Madrid","998",2
"KAWASAKI","NINJA ZX-4R","Alicante/Alacant","Comunidad Valenciana","399",3
"KAWASAKI","NINJA ZX-4R","Barcelona","Cataluña","399",6
"KAWASAKI","NINJA ZX-4R","Cádiz","Andalucía","399",1
"KAWASAKI","NINJA ZX-4R","Castellón/Castelló","Comunidad Valenciana","399",1
"KAWASAKI","NINJA ZX-4R","Girona","Cataluña","399",2
"KAWASAKI","NINJA ZX-4R","Huelva","Andalucía","399",1
"KAWASAKI","NINJA ZX-4R","Illes Balears","Illes Balears","399",4
"KAWASAKI","NINJA ZX-4R","Madrid","Comunidad de Madrid","399",6
"KAWASAKI","NINJA ZX-4R","Málaga","Andalucía","399",1
"KAWASAKI","NINJA ZX-4R","Palmas (Las)","Canarias","399",3
"KAWASAKI","NINJA ZX-4R","Tarragona","Cataluña","399",2
"KAWASAKI","NINJA ZX-4R","Toledo","Castilla-La Mancha","399",1
"KAWASAKI","NINJA ZX-4R","Valencia/València","Comunidad Valenciana","399",1
"KAWASAKI","NINJA ZX-4R","Zaragoza","Aragón","399",1
"KAWASAKI","NINJA ZX-6R","Álava/Araba","País Vasco","636",1
"KAWASAKI","NINJA ZX-6R","Albacete","Castilla-La Mancha","636",1
"KAWASAKI","NINJA ZX-6R","Alicante/Alacant","Comunidad Valenciana","636",2
"KAWASAKI","NINJA ZX-6R","Almería","Andalucía","636",1
"KAWASAKI","NINJA ZX-6R","Asturias","Principado de Asturias","636",2
"KAWASAKI","NINJA ZX-6R","Barcelona","Cataluña","636",10
"KAWASAKI","NINJA ZX-6R","Bizkaia","País Vasco","636",1
"KAWASAKI","NINJA ZX-6R","Cádiz","Andalucía","636",1
"KAWASAKI","NINJA ZX-6R","Ciudad Real","Castilla-La Mancha","636",1
"KAWASAKI","NINJA ZX-6R","Coruña (A)","Galicia","636",1
"KAWASAKI","NINJA ZX-6R","Girona","Cataluña","636",1
"KAWASAKI","NINJA ZX-6R","Guadalajara","Castilla-La Mancha","636",1
"KAWASAKI","NINJA ZX-6R","Jaén","Andalucía","636",2
"KAWASAKI","NINJA ZX-6R","Madrid","Comunidad de Madrid","636",7
"KAWASAKI","NINJA ZX-6R","Málaga","Andalucía","636",2
"KAWASAKI","NINJA ZX-6R","Murcia","Región de Murcia","636",2
"KAWASAKI","NINJA ZX-6R","Navarra","Comunidad Foral de Navarra","636",1
"KAWASAKI","NINJA ZX-6R","Ourense","Galicia","636",1
"KAWASAKI","NINJA ZX-6R","Palmas (Las)","Canarias","636",2
"KAWASAKI","NINJA ZX-6R","Pontevedra","Galicia","636",1
"KAWASAKI","NINJA ZX-6R","Santa Cruz de Tenerife","Canarias","636",3
"KAWASAKI","NINJA ZX-6R","Sevilla","Andalucía","636",2
"KAWASAKI","NINJA ZX-6R","Tarragona","Cataluña","636",1
"KAWASAKI","NINJA ZX-6R","Teruel","Aragón","636",1
"KAWASAKI","NINJA ZX-6R","Valencia/València","Comunidad Valenciana","636",6
"KAWASAKI","NINJA ZX-6R","Valladolid","Castilla y León","636",4
"KAWASAKI","VERSYS 1000","Barcelona","Cataluña","1043",1
"KAWASAKI","VERSYS 1100","Alicante/Alacant","Comunidad Valenciana","1099",1
"KAWASAKI","VERSYS 1100","Asturias","Principado de Asturias","1099",1
"KAWASAKI","VERSYS 1100","Badajoz","Extremadura","1099",2
"KAWASAKI","VERSYS 1100","Barcelona","Cataluña","1099",7
"KAWASAKI","VERSYS 1100","Castellón/Castelló","Comunidad Valenciana","1099",1
"KAWASAKI","VERSYS 1100","Córdoba","Andalucía","1099",1
"KAWASAKI","VERSYS 1100","Guadalajara","Castilla-La Mancha","1099",1
"KAWASAKI","VERSYS 1100","Illes Balears","Illes Balears","1099",1
"KAWASAKI","VERSYS 1100","Jaén","Andalucía","1099",2
"KAWASAKI","VERSYS 1100","Lleida","Cataluña","1099",1
"KAWASAKI","VERSYS 1100","Madrid","Comunidad de Madrid","1099",4
"KAWASAKI","VERSYS 1100","Málaga","Andalucía","1099",2
"KAWASAKI","VERSYS 1100","Murcia","Región de Murcia","1099",1
"KAWASAKI","VERSYS 1100","Santa Cruz de Tenerife","Canarias","1099",1
"KAWASAKI","VERSYS 1100","Sevilla","Andalucía","1099",1
"KAWASAKI","VERSYS 1100","Toledo","Castilla-La Mancha","1099",1
"KAWASAKI","VERSYS 1100","Valencia/València","Comunidad Valenciana","1099",1
"KAWASAKI","VERSYS 650","Alicante/Alacant","Comunidad Valenciana","649",1
"KAWASAKI","VERSYS 650","Almería","Andalucía","649",1
"KAWASAKI","VERSYS 650","Asturias","Principado de Asturias","649",2
"KAWASAKI","VERSYS 650","Badajoz","Extremadura","649",1
"KAWASAKI","VERSYS 650","Barcelona","Cataluña","649",14
"KAWASAKI","VERSYS 650","Bizkaia","País Vasco","649",1
"KAWASAKI","VERSYS 650","Cáceres","Extremadura","649",2
"KAWASAKI","VERSYS 650","Cádiz","Andalucía","649",5
"KAWASAKI","VERSYS 650","Cantabria","Cantabria","649",1
"KAWASAKI","VERSYS 650","Córdoba","Andalucía","649",1
"KAWASAKI","VERSYS 650","Coruña (A)","Galicia","649",1
"KAWASAKI","VERSYS 650","Gipuzkoa","País Vasco","649",1
"KAWASAKI","VERSYS 650","Girona","Cataluña","649",4
"KAWASAKI","VERSYS 650","Granada","Andalucía","649",4
"KAWASAKI","VERSYS 650","Guadalajara","Castilla-La Mancha","649",1
"KAWASAKI","VERSYS 650","Illes Balears","Illes Balears","649",2
"KAWASAKI","VERSYS 650","Jaén","Andalucía","649",2
"KAWASAKI","VERSYS 650","Madrid","Comunidad de Madrid","649",6
"KAWASAKI","VERSYS 650","Málaga","Andalucía","649",7
"KAWASAKI","VERSYS 650","Murcia","Región de Murcia","649",1
"KAWASAKI","VERSYS 650","Navarra","Comunidad Foral de Navarra","649",1
"KAWASAKI","VERSYS 650","Palmas (Las)","Canarias","649",2
"KAWASAKI","VERSYS 650","Rioja (La)","La Rioja","649",1
"KAWASAKI","VERSYS 650","Sevilla","Andalucía","649",2
"KAWASAKI","VERSYS 650","Tarragona","Cataluña","649",4
"KAWASAKI","VERSYS 650","Teruel","Aragón","649",2
"KAWASAKI","VERSYS 650","Toledo","Castilla-La Mancha","649",1
"KAWASAKI","VERSYS 650","Valencia/València","Comunidad Valenciana","649",3
"KAWASAKI","VERSYS 650","Zaragoza","Aragón","649",1
"KAWASAKI","VULCAN S","Álava/Araba","País Vasco","649",1
"KAWASAKI","VULCAN S","Alicante/Alacant","Comunidad Valenciana","649",1
"KAWASAKI","VULCAN S","Barcelona","Cataluña","649",3
"KAWASAKI","VULCAN S","Bizkaia","País Vasco","649",2
"KAWASAKI","VULCAN S","Burgos","Castilla y León","649",1
"KAWASAKI","VULCAN S","Cádiz","Andalucía","649",2
"KAWASAKI","VULCAN S","Ciudad Real","Castilla-La Mancha","649",1
"KAWASAKI","VULCAN S","Coruña (A)","Galicia","649",4
"KAWASAKI","VULCAN S","Granada","Andalucía","649",1
"KAWASAKI","VULCAN S","Illes Balears","Illes Balears","649",3
"KAWASAKI","VULCAN S","Lleida","Cataluña","649",1
"KAWASAKI","VULCAN S","Lugo","Galicia","649",1
"KAWASAKI","VULCAN S","Madrid","Comunidad de Madrid","649",2
"KAWASAKI","VULCAN S","Málaga","Andalucía","649",1
"KAWASAKI","VULCAN S","Murcia","Región de Murcia","649",1
"KAWASAKI","VULCAN S","Pontevedra","Galicia","649",1
"KAWASAKI","VULCAN S","Santa Cruz de Tenerife","Canarias","649",1
"KAWASAKI","VULCAN S","Sevilla","Andalucía","649",1
"KAWASAKI","VULCAN S","Tarragona","Cataluña","649",1
"KAWASAKI","VULCAN S","Toledo","Castilla-La Mancha","649",1
"KAWASAKI","VULCAN S","Valencia/València","Comunidad Valenciana","649",3
"KAWASAKI","W800","Alicante/Alacant","Comunidad Valenciana","773",1
"KAWASAKI","W800","Bizkaia","País Vasco","773",1
"KAWASAKI","W800","Málaga","Andalucía","773",1
"KAWASAKI","W800","Sevilla","Andalucía","773",1
"KAWASAKI","W800","Tarragona","Cataluña","773",1
"KAWASAKI","Z H2","Pontevedra","Galicia","998",1
"KAWASAKI","Z H2","Valencia/València","Comunidad Valenciana","998",1
"KAWASAKI","Z1100","Alicante/Alacant","Comunidad Valenciana","1099",2
"KAWASAKI","Z1100","Barcelona","Cataluña","1099",6
"KAWASAKI","Z1100","Córdoba","Andalucía","1099",1
"KAWASAKI","Z1100","Girona","Cataluña","1099",1
"KAWASAKI","Z1100","Illes Balears","Illes Balears","1099",1
"KAWASAKI","Z1100","Madrid","Comunidad de Madrid","1099",2
"KAWASAKI","Z1100","Málaga","Andalucía","1099",1
"KAWASAKI","Z1100","Pontevedra","Galicia","1099",2
"KAWASAKI","Z1100","Valencia/València","Comunidad Valenciana","1099",1
"KAWASAKI","Z1100","Valladolid","Castilla y León","1099",1
"KAWASAKI","Z1100","Zaragoza","Aragón","1099",1
"KAWASAKI","Z125","Barcelona","Cataluña","125",1
"KAWASAKI","Z125","León","Castilla y León","125",1
"KAWASAKI","Z125","Palmas (Las)","Canarias","125",2
"KAWASAKI","Z500","Albacete","Castilla-La Mancha","451",1
"KAWASAKI","Z500","Alicante/Alacant","Comunidad Valenciana","451",5
"KAWASAKI","Z500","Asturias","Principado de Asturias","451",3
"KAWASAKI","Z500","Barcelona","Cataluña","451",12
"KAWASAKI","Z500","Cantabria","Cantabria","451",1
"KAWASAKI","Z500","Córdoba","Andalucía","451",2
"KAWASAKI","Z500","Coruña (A)","Galicia","451",1
"KAWASAKI","Z500","Gipuzkoa","País Vasco","451",2
"KAWASAKI","Z500","Girona","Cataluña","451",1
"KAWASAKI","Z500","Illes Balears","Illes Balears","451",2
"KAWASAKI","Z500","Jaén","Andalucía","451",1
"KAWASAKI","Z500","Lleida","Cataluña","451",1
"KAWASAKI","Z500","Málaga","Andalucía","451",2
"KAWASAKI","Z500","Murcia","Región de Murcia","451",2
"KAWASAKI","Z500","Palmas (Las)","Canarias","451",4
"KAWASAKI","Z500","Rioja (La)","La Rioja","451",1
"KAWASAKI","Z500","Santa Cruz de Tenerife","Canarias","451",3
"KAWASAKI","Z500","Sevilla","Andalucía","451",1
"KAWASAKI","Z500","Valencia/València","Comunidad Valenciana","451",4
"KAWASAKI","Z650","Álava/Araba","País Vasco","649",1
"KAWASAKI","Z650","Alicante/Alacant","Comunidad Valenciana","649",6
"KAWASAKI","Z650","Almería","Andalucía","649",1
"KAWASAKI","Z650","Asturias","Principado de Asturias","649",3
"KAWASAKI","Z650","Badajoz","Extremadura","649",1
"KAWASAKI","Z650","Barcelona","Cataluña","649",22
"KAWASAKI","Z650","Burgos","Castilla y León","649",1
"KAWASAKI","Z650","Cádiz","Andalucía","649",1
"KAWASAKI","Z650","Castellón/Castelló","Comunidad Valenciana","649",1
"KAWASAKI","Z650","Gipuzkoa","País Vasco","649",1
"KAWASAKI","Z650","Guadalajara","Castilla-La Mancha","649",1
"KAWASAKI","Z650","Huesca","Aragón","649",1
"KAWASAKI","Z650","Illes Balears","Illes Balears","649",3
"KAWASAKI","Z650","Lugo","Galicia","649",1
"KAWASAKI","Z650","Madrid","Comunidad de Madrid","649",5
"KAWASAKI","Z650","Málaga","Andalucía","649",1
"KAWASAKI","Z650","Murcia","Región de Murcia","649",6
"KAWASAKI","Z650","Santa Cruz de Tenerife","Canarias","649",4
"KAWASAKI","Z650","Sevilla","Andalucía","649",1
"KAWASAKI","Z650","Soria","Castilla y León","649",1
"KAWASAKI","Z650","Tarragona","Cataluña","649",8
"KAWASAKI","Z650","Toledo","Castilla-La Mancha","649",1
"KAWASAKI","Z650","Valencia/València","Comunidad Valenciana","649",1
"KAWASAKI","Z650","Valladolid","Castilla y León","649",2
"KAWASAKI","Z650","Zaragoza","Aragón","649",1
"KAWASAKI","Z650RS","Alicante/Alacant","Comunidad Valenciana","649",1
"KAWASAKI","Z650RS","Asturias","Principado de Asturias","649",1
"KAWASAKI","Z650RS","Barcelona","Cataluña","649",16
"KAWASAKI","Z650RS","Cádiz","Andalucía","649",1
"KAWASAKI","Z650RS","Castellón/Castelló","Comunidad Valenciana","649",1
"KAWASAKI","Z650RS","Córdoba","Andalucía","649",2
"KAWASAKI","Z650RS","Gipuzkoa","País Vasco","649",2
"KAWASAKI","Z650RS","Girona","Cataluña","649",1
"KAWASAKI","Z650RS","Huelva","Andalucía","649",1
"KAWASAKI","Z650RS","Illes Balears","Illes Balears","649",2
"KAWASAKI","Z650RS","Madrid","Comunidad de Madrid","649",6
"KAWASAKI","Z650RS","Málaga","Andalucía","649",1
"KAWASAKI","Z650RS","Murcia","Región de Murcia","649",2
"KAWASAKI","Z650RS","Santa Cruz de Tenerife","Canarias","649",1
"KAWASAKI","Z650RS","Tarragona","Cataluña","649",1
"KAWASAKI","Z650RS","Toledo","Castilla-La Mancha","649",2
"KAWASAKI","Z650RS","Valencia/València","Comunidad Valenciana","649",2
"KAWASAKI","Z7 HYBRID","Madrid","Comunidad de Madrid","451",1
"KAWASAKI","Z900","Albacete","Castilla-La Mancha","948",2
"KAWASAKI","Z900","Alicante/Alacant","Comunidad Valenciana","948",14
"KAWASAKI","Z900","Almería","Andalucía","948",3
"KAWASAKI","Z900","Asturias","Principado de Asturias","948",7
"KAWASAKI","Z900","Badajoz","Extremadura","948",4
"KAWASAKI","Z900","Barcelona","Cataluña","948",45
"KAWASAKI","Z900","Bizkaia","País Vasco","948",4
"KAWASAKI","Z900","Burgos","Castilla y León","948",2
"KAWASAKI","Z900","Cáceres","Extremadura","948",2
"KAWASAKI","Z900","Cádiz","Andalucía","948",14
"KAWASAKI","Z900","Cantabria","Cantabria","948",2
"KAWASAKI","Z900","Castellón/Castelló","Comunidad Valenciana","948",2
"KAWASAKI","Z900","Ciudad Real","Castilla-La Mancha","948",3
"KAWASAKI","Z900","Córdoba","Andalucía","948",4
"KAWASAKI","Z900","Coruña (A)","Galicia","948",3
"KAWASAKI","Z900","Cuenca","Castilla-La Mancha","948",2
"KAWASAKI","Z900","Gipuzkoa","País Vasco","948",4
"KAWASAKI","Z900","Girona","Cataluña","948",3
"KAWASAKI","Z900","Granada","Andalucía","948",10
"KAWASAKI","Z900","Guadalajara","Castilla-La Mancha","948",1
"KAWASAKI","Z900","Huelva","Andalucía","948",1
"KAWASAKI","Z900","Huesca","Aragón","948",2
"KAWASAKI","Z900","Illes Balears","Illes Balears","948",9
"KAWASAKI","Z900","Jaén","Andalucía","948",3
"KAWASAKI","Z900","León","Castilla y León","948",2
"KAWASAKI","Z900","Lleida","Cataluña","948",4
"KAWASAKI","Z900","Madrid","Comunidad de Madrid","948",31
"KAWASAKI","Z900","Málaga","Andalucía","948",7
"KAWASAKI","Z900","Murcia","Región de Murcia","948",9
"KAWASAKI","Z900","Ourense","Galicia","948",2
"KAWASAKI","Z900","Palmas (Las)","Canarias","948",5
"KAWASAKI","Z900","Pontevedra","Galicia","948",3
"KAWASAKI","Z900","Salamanca","Castilla y León","948",3
"KAWASAKI","Z900","Santa Cruz de Tenerife","Canarias","948",9
"KAWASAKI","Z900","Segovia","Castilla y León","948",2
"KAWASAKI","Z900","Sevilla","Andalucía","948",12
"KAWASAKI","Z900","Tarragona","Cataluña","948",5
"KAWASAKI","Z900","Toledo","Castilla-La Mancha","948",5
"KAWASAKI","Z900","Valencia/València","Comunidad Valenciana","948",19
"KAWASAKI","Z900","Valladolid","Castilla y León","948",1
"KAWASAKI","Z900","Zamora","Castilla y León","948",1
"KAWASAKI","Z900","Zaragoza","Aragón","948",3
"KAWASAKI","Z900RS","Barcelona","Cataluña","948",1
"KAWASAKI","Z900RS","Cádiz","Andalucía","948",1
"KAWASAKI","Z900RS","Illes Balears","Illes Balears","948",1
"KAWASAKI","Z900RS","Madrid","Comunidad de Madrid","948",3
"KAWASAKI","Z900RS","Tarragona","Cataluña","948",1
"KEEWAY","FACT EVO 125","Almería","Andalucía","125",1
"KEEWAY","GEMMA","Alicante/Alacant","Comunidad Valenciana","117",1
"KEEWAY","GEMMA","Barcelona","Cataluña","117",2
"KEEWAY","GEMMA","Ceuta","Ceuta","117",2
"KEEWAY","GEMMA","Granada","Andalucía","117",1
"KEEWAY","GEMMA","Madrid","Comunidad de Madrid","117",1
"KEEWAY","GEMMA","Málaga","Andalucía","117",3
"KEEWAY","GEMMA","Murcia","Región de Murcia","117",2
"KEEWAY","GEMMA","Navarra","Comunidad Foral de Navarra","117",2
"KEEWAY","GEMMA","Santa Cruz de Tenerife","Canarias","117",1
"KEEWAY","GEMMA","Sevilla","Andalucía","117",2
"KEEWAY","GEMMA","Tarragona","Cataluña","117",1
"KEEWAY","GEMMA","Valencia/València","Comunidad Valenciana","117",2
"KEEWAY","GEMMA","Zaragoza","Aragón","117",1
"KEEWAY","ICON 125 S","Alicante/Alacant","Comunidad Valenciana","124",1
"KEEWAY","ICON 125 S","Badajoz","Extremadura","124",1
"KEEWAY","ICON 125 S","Barcelona","Cataluña","124",1
"KEEWAY","ICON 125 S","Bizkaia","País Vasco","124",1
"KEEWAY","ICON 125 S","Cádiz","Andalucía","124",1
"KEEWAY","ICON 125 S","Castellón/Castelló","Comunidad Valenciana","124",2
"KEEWAY","ICON 125 S","Ciudad Real","Castilla-La Mancha","124",1
"KEEWAY","ICON 125 S","Córdoba","Andalucía","124",1
"KEEWAY","ICON 125 S","Huelva","Andalucía","124",1
"KEEWAY","ICON 125 S","Murcia","Región de Murcia","124",3
"KEEWAY","K-LIGHT 125","Madrid","Comunidad de Madrid","124",1
"KEEWAY","K-LIGHT 125","Toledo","Castilla-La Mancha","124",1
"KEEWAY","M502N","Huesca","Aragón","486",1
"KEEWAY","RK V125C","Ourense","Galicia","125",1
"KEEWAY","RKF 125 ABS","Alicante/Alacant","Comunidad Valenciana","125",1
"KEEWAY","RKF 125 ABS","Asturias","Principado de Asturias","125",1
"KEEWAY","RKF 125 ABS","Badajoz","Extremadura","125",2
"KEEWAY","RKF 125 ABS","Barcelona","Cataluña","125",1
"KEEWAY","RKF 125 ABS","Burgos","Castilla y León","125",1
"KEEWAY","RKF 125 ABS","Cáceres","Extremadura","125",1
"KEEWAY","RKF 125 ABS","Cádiz","Andalucía","125",1
"KEEWAY","RKF 125 ABS","Castellón/Castelló","Comunidad Valenciana","125",1
"KEEWAY","RKF 125 ABS","Gipuzkoa","País Vasco","125",1
"KEEWAY","RKF 125 ABS","Girona","Cataluña","125",1
"KEEWAY","RKF 125 ABS","Huelva","Andalucía","125",1
"KEEWAY","RKF 125 ABS","León","Castilla y León","125",1
"KEEWAY","RKF 125 ABS","Madrid","Comunidad de Madrid","125",4
"KEEWAY","RKF 125 ABS","Pontevedra","Galicia","125",1
"KEEWAY","RKF 125 ABS","Sevilla","Andalucía","125",1
"KEEWAY","RKF 125 ABS","Toledo","Castilla-La Mancha","125",1
"KEEWAY","RKF 125 ABS","Valencia/València","Comunidad Valenciana","125",1
"KEEWAY","RKF 125 ABS","Zaragoza","Aragón","125",1
"KEEWAY","RKS 125","Alicante/Alacant","Comunidad Valenciana","124",1
"KEEWAY","RKS 125","Asturias","Principado de Asturias","124",1
"KEEWAY","RKS 125","Badajoz","Extremadura","124",1
"KEEWAY","RKS 125","Barcelona","Cataluña","124",2
"KEEWAY","RKS 125","Guadalajara","Castilla-La Mancha","124",2
"KEEWAY","RKS 125","Jaén","Andalucía","124",1
"KEEWAY","RKS 125","León","Castilla y León","124",1
"KEEWAY","RKS 125","Lleida","Cataluña","124",1
"KEEWAY","RKS 125","Madrid","Comunidad de Madrid","124",4
"KEEWAY","RKS 125","Murcia","Región de Murcia","124",1
"KEEWAY","RKS 125","Navarra","Comunidad Foral de Navarra","124",1
"KEEWAY","RKS 125","Palmas (Las)","Canarias","124",2
"KEEWAY","RKS 125","Salamanca","Castilla y León","124",2
"KEEWAY","RKS 125","Sevilla","Andalucía","124",2
"KEEWAY","RKS 125","Tarragona","Cataluña","124",1
"KEEWAY","RKS 125","Zaragoza","Aragón","124",1
"KEEWAY","SIXTIES 125I","Badajoz","Extremadura","125",1
"KEEWAY","SIXTIES 125I","Ciudad Real","Castilla-La Mancha","125",1
"KEEWAY","V302C","Murcia","Región de Murcia","298",1
"KEEWAY","VERSILIA 125","Alicante/Alacant","Comunidad Valenciana","125",2
"KEEWAY","VERSILIA 125","Asturias","Principado de Asturias","125",1
"KEEWAY","VERSILIA 125","Barcelona","Cataluña","125",2
"KEEWAY","VERSILIA 125","Cádiz","Andalucía","125",1
"KEEWAY","VERSILIA 125","Cantabria","Cantabria","125",1
"KEEWAY","VERSILIA 125","Ceuta","Ceuta","125",1
"KEEWAY","VERSILIA 125","Illes Balears","Illes Balears","125",2
"KEEWAY","VERSILIA 125","Madrid","Comunidad de Madrid","125",1
"KEEWAY","VERSILIA 125","Pontevedra","Galicia","125",1
"KEEWAY","VIESTE 125","Alicante/Alacant","Comunidad Valenciana","125",2
"KEEWAY","VIESTE 125","Asturias","Principado de Asturias","125",2
"KEEWAY","VIESTE 125","Barcelona","Cataluña","125",1
"KEEWAY","VIESTE 125","Burgos","Castilla y León","125",1
"KEEWAY","VIESTE 125","Cáceres","Extremadura","125",3
"KEEWAY","VIESTE 125","Castellón/Castelló","Comunidad Valenciana","125",2
"KEEWAY","VIESTE 125","Córdoba","Andalucía","125",2
"KEEWAY","VIESTE 125","Gipuzkoa","País Vasco","125",1
"KEEWAY","VIESTE 125","Granada","Andalucía","125",1
"KEEWAY","VIESTE 125","Guadalajara","Castilla-La Mancha","125",2
"KEEWAY","VIESTE 125","Huelva","Andalucía","125",1
"KEEWAY","VIESTE 125","Jaén","Andalucía","125",1
"KEEWAY","VIESTE 125","Madrid","Comunidad de Madrid","125",7
"KEEWAY","VIESTE 125","Málaga","Andalucía","125",2
"KEEWAY","VIESTE 125","Murcia","Región de Murcia","125",4
"KEEWAY","VIESTE 125","Ourense","Galicia","125",2
"KEEWAY","VIESTE 125","Salamanca","Castilla y León","125",1
"KEEWAY","VIESTE 125","Sevilla","Andalucía","125",4
"KEEWAY","VIESTE 125","Tarragona","Cataluña","125",1
"KEEWAY","VIESTE 125","Toledo","Castilla-La Mancha","125",2
"KEEWAY","VIESTE 125","Valencia/València","Comunidad Valenciana","125",2
"KEEWAY","VIESTE 125LX","Castellón/Castelló","Comunidad Valenciana","125",1
"KEEWAY","VIESTE 125LX","Madrid","Comunidad de Madrid","125",2
"KEEWAY","VIESTE 125XDV","Alicante/Alacant","Comunidad Valenciana","125",2
"KEEWAY","VIESTE 125XDV","Almería","Andalucía","125",1
"KEEWAY","VIESTE 125XDV","Asturias","Principado de Asturias","125",1
"KEEWAY","VIESTE 125XDV","Badajoz","Extremadura","125",3
"KEEWAY","VIESTE 125XDV","Barcelona","Cataluña","125",3
"KEEWAY","VIESTE 125XDV","Ceuta","Ceuta","125",1
"KEEWAY","VIESTE 125XDV","Cuenca","Castilla-La Mancha","125",1
"KEEWAY","VIESTE 125XDV","Granada","Andalucía","125",1
"KEEWAY","VIESTE 125XDV","Lleida","Cataluña","125",1
"KEEWAY","VIESTE 125XDV","Málaga","Andalucía","125",1
"KEEWAY","VIESTE 125XDV","Santa Cruz de Tenerife","Canarias","125",1
"KEEWAY","VIESTE 125XDV","Zaragoza","Aragón","125",1
"KEEWAY","VIESTE 300","Bizkaia","País Vasco","278",1
"KEEWAY","VIESTE 300","Madrid","Comunidad de Madrid","278",1
"KEEWAY","VIESTE 300XDV","Cáceres","Extremadura","278",1
"KEEWAY","VIESTE 300XDV","Coruña (A)","Galicia","278",1
"KEEWAY","VIESTE 300XDV","Palmas (Las)","Canarias","278",1
"KEEWAY","VIESTE 300XDV","Sevilla","Andalucía","278",1
"KEEWAY","VIESTE 300XDV","Zaragoza","Aragón","278",1
"KEEWAY","VIESTE300 XDV","Alicante/Alacant","Comunidad Valenciana","278",1
"KEEWAY","VIESTE300 XDV","Coruña (A)","Galicia","278",1
"KEEWAY","X-LIGHT 125","Barcelona","Cataluña","125",1
"KEEWAY","X-LIGHT 125","Bizkaia","País Vasco","125",1
"KEEWAY","X-LIGHT 125","Valladolid","Castilla y León","125",1
"KEEWAY","XDV 125 EVO PRO","Álava/Araba","País Vasco","125",1
"KEEWAY","XDV 125 EVO PRO","Alicante/Alacant","Comunidad Valenciana","125",5
"KEEWAY","XDV 125 EVO PRO","Almería","Andalucía","125",1
"KEEWAY","XDV 125 EVO PRO","Asturias","Principado de Asturias","125",1
"KEEWAY","XDV 125 EVO PRO","Badajoz","Extremadura","125",1
"KEEWAY","XDV 125 EVO PRO","Barcelona","Cataluña","125",14
"KEEWAY","XDV 125 EVO PRO","Burgos","Castilla y León","125",1
"KEEWAY","XDV 125 EVO PRO","Cáceres","Extremadura","125",2
"KEEWAY","XDV 125 EVO PRO","Cádiz","Andalucía","125",6
"KEEWAY","XDV 125 EVO PRO","Castellón/Castelló","Comunidad Valenciana","125",1
"KEEWAY","XDV 125 EVO PRO","Ceuta","Ceuta","125",5
"KEEWAY","XDV 125 EVO PRO","Córdoba","Andalucía","125",1
"KEEWAY","XDV 125 EVO PRO","Coruña (A)","Galicia","125",2
"KEEWAY","XDV 125 EVO PRO","Girona","Cataluña","125",1
"KEEWAY","XDV 125 EVO PRO","Huelva","Andalucía","125",1
"KEEWAY","XDV 125 EVO PRO","Jaén","Andalucía","125",2
"KEEWAY","XDV 125 EVO PRO","León","Castilla y León","125",1
"KEEWAY","XDV 125 EVO PRO","Madrid","Comunidad de Madrid","125",7
"KEEWAY","XDV 125 EVO PRO","Málaga","Andalucía","125",6
"KEEWAY","XDV 125 EVO PRO","Murcia","Región de Murcia","125",2
"KEEWAY","XDV 125 EVO PRO","Navarra","Comunidad Foral de Navarra","125",1
"KEEWAY","XDV 125 EVO PRO","Ourense","Galicia","125",1
"KEEWAY","XDV 125 EVO PRO","Palmas (Las)","Canarias","125",13
"KEEWAY","XDV 125 EVO PRO","Pontevedra","Galicia","125",1
"KEEWAY","XDV 125 EVO PRO","Santa Cruz de Tenerife","Canarias","125",1
"KEEWAY","XDV 125 EVO PRO","Sevilla","Andalucía","125",3
"KEEWAY","XDV 125 EVO PRO","Tarragona","Cataluña","125",2
"KEEWAY","XDV 125 EVO PRO","Toledo","Castilla-La Mancha","125",2
"KEEWAY","XDV 125 EVO PRO","Valencia/València","Comunidad Valenciana","125",2
"KEEWAY","XDV 125 EVO PRO","Zaragoza","Aragón","125",1
"KOVE","450 RALLY","Barcelona","Cataluña","449",1
"KOVE","450 RALLY","Girona","Cataluña","449",1
"KOVE","450 RALLY","Madrid","Comunidad de Madrid","449",1
"KOVE","450 RALLY","Valencia/València","Comunidad Valenciana","449",1
"KOVE","450 RALLY E5+","Girona","Cataluña","449",1
"KOVE","KOVE 800 X PRO","Álava/Araba","País Vasco","799",2
"KOVE","KOVE 800 X PRO","Alicante/Alacant","Comunidad Valenciana","799",1
"KOVE","KOVE 800 X PRO","Asturias","Principado de Asturias","799",2
"KOVE","KOVE 800 X PRO","Barcelona","Cataluña","799",13
"KOVE","KOVE 800 X PRO","Cádiz","Andalucía","799",2
"KOVE","KOVE 800 X PRO","Cantabria","Cantabria","799",3
"KOVE","KOVE 800 X PRO","Castellón/Castelló","Comunidad Valenciana","799",1
"KOVE","KOVE 800 X PRO","Ciudad Real","Castilla-La Mancha","799",1
"KOVE","KOVE 800 X PRO","Córdoba","Andalucía","799",1
"KOVE","KOVE 800 X PRO","Gipuzkoa","País Vasco","799",1
"KOVE","KOVE 800 X PRO","Girona","Cataluña","799",2
"KOVE","KOVE 800 X PRO","Granada","Andalucía","799",1
"KOVE","KOVE 800 X PRO","Guadalajara","Castilla-La Mancha","799",1
"KOVE","KOVE 800 X PRO","Huelva","Andalucía","799",1
"KOVE","KOVE 800 X PRO","Illes Balears","Illes Balears","799",4
"KOVE","KOVE 800 X PRO","León","Castilla y León","799",1
"KOVE","KOVE 800 X PRO","Madrid","Comunidad de Madrid","799",2
"KOVE","KOVE 800 X PRO","Málaga","Andalucía","799",1
"KOVE","KOVE 800 X PRO","Navarra","Comunidad Foral de Navarra","799",1
"KOVE","KOVE 800 X PRO","Palmas (Las)","Canarias","799",1
"KOVE","KOVE 800 X PRO","Pontevedra","Galicia","799",1
"KOVE","KOVE 800 X PRO","Santa Cruz de Tenerife","Canarias","799",1
"KOVE","KOVE 800 X PRO","Sevilla","Andalucía","799",2
"KOVE","KOVE 800 X PRO","Tarragona","Cataluña","799",2
"KOVE","KOVE 800 X PRO","Toledo","Castilla-La Mancha","799",1
"KOVE","KOVE 800 X RALLY","Barcelona","Cataluña","799",14
"KOVE","KOVE 800 X RALLY","Burgos","Castilla y León","799",1
"KOVE","KOVE 800 X RALLY","Cádiz","Andalucía","799",1
"KOVE","KOVE 800 X RALLY","Cantabria","Cantabria","799",2
"KOVE","KOVE 800 X RALLY","Gipuzkoa","País Vasco","799",1
"KOVE","KOVE 800 X RALLY","Huelva","Andalucía","799",2
"KOVE","KOVE 800 X RALLY","Illes Balears","Illes Balears","799",1
"KOVE","KOVE 800 X RALLY","Madrid","Comunidad de Madrid","799",3
"KOVE","KOVE 800 X RALLY","Málaga","Andalucía","799",1
"KOVE","KOVE 800 X RALLY","Murcia","Región de Murcia","799",2
"KOVE","KOVE 800 X RALLY","Navarra","Comunidad Foral de Navarra","799",1
"KOVE","KOVE 800 X RALLY","Sevilla","Andalucía","799",1
"KOVE","KOVE 800 X RALLY","Tarragona","Cataluña","799",1
"KOVE","KOVE 800 X RALLY","Toledo","Castilla-La Mancha","799",1
"KOVE","NK 125 R","Álava/Araba","País Vasco","125",1
"KOVE","NK 125 R","Alicante/Alacant","Comunidad Valenciana","125",1
"KOVE","NK 125 R","Almería","Andalucía","125",1
"KOVE","NK 125 R","Barcelona","Cataluña","125",3
"KOVE","NK 125 R","Cádiz","Andalucía","125",1
"KOVE","NK 125 R","Coruña (A)","Galicia","125",1
"KOVE","NK 125 R","Madrid","Comunidad de Madrid","125",1
"KOVE","NK 125 R","Murcia","Región de Murcia","125",1
"KOVE","NK 125 R","Tarragona","Cataluña","125",2
"KOVE","NK 125 R","Toledo","Castilla-La Mancha","125",1
"KOVE","NK 125 R","Valencia/València","Comunidad Valenciana","125",1
"KTM","KTM 125 DUKE","Alicante/Alacant","Comunidad Valenciana","125",3
"KTM","KTM 125 DUKE","Asturias","Principado de Asturias","125",2
"KTM","KTM 125 DUKE","Badajoz","Extremadura","125",1
"KTM","KTM 125 DUKE","Barcelona","Cataluña","125",6
"KTM","KTM 125 DUKE","Ciudad Real","Castilla-La Mancha","125",2
"KTM","KTM 125 DUKE","Granada","Andalucía","125",2
"KTM","KTM 125 DUKE","Huelva","Andalucía","125",1
"KTM","KTM 125 DUKE","Jaén","Andalucía","125",1
"KTM","KTM 125 DUKE","Lleida","Cataluña","125",1
"KTM","KTM 125 DUKE","Madrid","Comunidad de Madrid","125",12
"KTM","KTM 125 DUKE","Málaga","Andalucía","125",5
"KTM","KTM 125 DUKE","Murcia","Región de Murcia","125",1
"KTM","KTM 125 DUKE","Navarra","Comunidad Foral de Navarra","125",1
"KTM","KTM 125 DUKE","Palmas (Las)","Canarias","125",1
"KTM","KTM 125 DUKE","Santa Cruz de Tenerife","Canarias","125",2
"KTM","KTM 125 DUKE","Valencia/València","Comunidad Valenciana","125",3
"KTM","KTM 125 DUKE","Zaragoza","Aragón","125",1
"KTM","KTM 125 ENDURO","Alicante/Alacant","Comunidad Valenciana","125",1
"KTM","KTM 125 ENDURO","Almería","Andalucía","125",1
"KTM","KTM 125 ENDURO","Badajoz","Extremadura","125",1
"KTM","KTM 125 ENDURO","Barcelona","Cataluña","125",4
"KTM","KTM 125 ENDURO","Burgos","Castilla y León","125",1
"KTM","KTM 125 ENDURO","Cáceres","Extremadura","125",1
"KTM","KTM 125 ENDURO","Cádiz","Andalucía","125",1
"KTM","KTM 125 ENDURO","Ciudad Real","Castilla-La Mancha","125",1
"KTM","KTM 125 ENDURO","Córdoba","Andalucía","125",2
"KTM","KTM 125 ENDURO","Coruña (A)","Galicia","125",1
"KTM","KTM 125 ENDURO","Granada","Andalucía","125",4
"KTM","KTM 125 ENDURO","Illes Balears","Illes Balears","125",2
"KTM","KTM 125 ENDURO","Jaén","Andalucía","125",2
"KTM","KTM 125 ENDURO","León","Castilla y León","125",2
"KTM","KTM 125 ENDURO","Madrid","Comunidad de Madrid","125",2
"KTM","KTM 125 ENDURO","Navarra","Comunidad Foral de Navarra","125",1
"KTM","KTM 125 ENDURO","Pontevedra","Galicia","125",1
"KTM","KTM 125 ENDURO","Sevilla","Andalucía","125",2
"KTM","KTM 125 ENDURO","Tarragona","Cataluña","125",1
"KTM","KTM 125 ENDURO","Toledo","Castilla-La Mancha","125",1
"KTM","KTM 125 SMC R","Alicante/Alacant","Comunidad Valenciana","125",1
"KTM","KTM 125 SMC R","Badajoz","Extremadura","125",1
"KTM","KTM 125 SMC R","Barcelona","Cataluña","125",1
"KTM","KTM 125 SMC R","Cádiz","Andalucía","125",1
"KTM","KTM 125 SMC R","Córdoba","Andalucía","125",1
"KTM","KTM 125 SMC R","Coruña (A)","Galicia","125",1
"KTM","KTM 125 SMC R","Granada","Andalucía","125",1
"KTM","KTM 125 SMC R","Illes Balears","Illes Balears","125",2
"KTM","KTM 125 SMC R","Lleida","Cataluña","125",1
"KTM","KTM 125 SMC R","Navarra","Comunidad Foral de Navarra","125",2
"KTM","KTM 125 SMC R","Santa Cruz de Tenerife","Canarias","125",2
"KTM","KTM 125 SMC R","Teruel","Aragón","125",1
"KTM","KTM 125 SMC R","Toledo","Castilla-La Mancha","125",1
"KTM","KTM 125 SMC R","Valladolid","Castilla y León","125",1
"KTM","KTM 1290 SUPER ADVENTU","Tarragona","Cataluña","1301",1
"KTM","KTM 1290 SUPER ADVENTU","Valencia/València","Comunidad Valenciana","1301",2
"KTM","KTM 1290 SUPER DUKE GT","Barcelona","Cataluña","1301",1
"KTM","KTM 1290 SUPER DUKE GT","Cádiz","Andalucía","1301",2
"KTM","KTM 1290 SUPER DUKE GT","Lleida","Cataluña","1301",1
"KTM","KTM 1290 SUPER DUKE GT","Málaga","Andalucía","1301",1
"KTM","KTM 1390 SUPER DUKE R","Barcelona","Cataluña","1350",1
"KTM","KTM 1390 SUPER DUKE R","Rioja (La)","La Rioja","1350",1
"KTM","KTM 150 EXC","Burgos","Castilla y León","144",1
"KTM","KTM 150 EXC","Rioja (La)","La Rioja","144",1
"KTM","KTM 250 EXC","Álava/Araba","País Vasco","249",1
"KTM","KTM 250 EXC","Alicante/Alacant","Comunidad Valenciana","249",1
"KTM","KTM 250 EXC","Almería","Andalucía","249",1
"KTM","KTM 250 EXC","Barcelona","Cataluña","249",1
"KTM","KTM 250 EXC","Burgos","Castilla y León","249",1
"KTM","KTM 250 EXC","Coruña (A)","Galicia","249",1
"KTM","KTM 250 EXC","Granada","Andalucía","249",1
"KTM","KTM 250 EXC","Madrid","Comunidad de Madrid","249",1
"KTM","KTM 250 EXC","Tarragona","Cataluña","249",2
"KTM","KTM 250 EXC","Toledo","Castilla-La Mancha","249",2
"KTM","KTM 250 EXC","Valencia/València","Comunidad Valenciana","249",1
"KTM","KTM 250 EXC","Valladolid","Castilla y León","249",1
"KTM","KTM 300 EXC","Álava/Araba","País Vasco","293",1
"KTM","KTM 300 EXC","Alicante/Alacant","Comunidad Valenciana","293",2
"KTM","KTM 300 EXC","Ávila","Castilla y León","293",1
"KTM","KTM 300 EXC","Badajoz","Extremadura","293",1
"KTM","KTM 300 EXC","Barcelona","Cataluña","293",5
"KTM","KTM 300 EXC","Bizkaia","País Vasco","293",2
"KTM","KTM 300 EXC","Castellón/Castelló","Comunidad Valenciana","293",1
"KTM","KTM 300 EXC","Ceuta","Ceuta","293",1
"KTM","KTM 300 EXC","Ciudad Real","Castilla-La Mancha","293",1
"KTM","KTM 300 EXC","Cuenca","Castilla-La Mancha","293",1
"KTM","KTM 300 EXC","Gipuzkoa","País Vasco","293",3
"KTM","KTM 300 EXC","Girona","Cataluña","293",1
"KTM","KTM 300 EXC","Granada","Andalucía","293",2
"KTM","KTM 300 EXC","Huelva","Andalucía","293",2
"KTM","KTM 300 EXC","Illes Balears","Illes Balears","293",2
"KTM","KTM 300 EXC","Jaén","Andalucía","293",2
"KTM","KTM 300 EXC","León","Castilla y León","293",1
"KTM","KTM 300 EXC","Madrid","Comunidad de Madrid","293",4
"KTM","KTM 300 EXC","Murcia","Región de Murcia","293",2
"KTM","KTM 300 EXC","Pontevedra","Galicia","293",1
"KTM","KTM 300 EXC","Salamanca","Castilla y León","293",1
"KTM","KTM 300 EXC","Valencia/València","Comunidad Valenciana","293",1
"KTM","KTM 300 EXC","Valladolid","Castilla y León","293",1
"KTM","KTM 350 EXC-F","Barcelona","Cataluña","350",2
"KTM","KTM 350 EXC-F","Huelva","Andalucía","350",1
"KTM","KTM 350 EXC-F","Madrid","Comunidad de Madrid","350",1
"KTM","KTM 350 EXC-F","Sevilla","Andalucía","350",1
"KTM","KTM 350 EXC-F","Tarragona","Cataluña","350",1
"KTM","KTM 390 ADVENTURE","Barcelona","Cataluña","373",1
"KTM","KTM 390 ADVENTURE","Jaén","Andalucía","373",1
"KTM","KTM 390 ADVENTURE","León","Castilla y León","373",1
"KTM","KTM 390 ADVENTURE","Málaga","Andalucía","373",1
"KTM","KTM 390 ADVENTURE","Toledo","Castilla-La Mancha","373",1
"KTM","KTM 390 ADVENTURE R","Alicante/Alacant","Comunidad Valenciana","399",1
"KTM","KTM 390 ADVENTURE R","Almería","Andalucía","399",2
"KTM","KTM 390 ADVENTURE R","Badajoz","Extremadura","399",1
"KTM","KTM 390 ADVENTURE R","Barcelona","Cataluña","399",2
"KTM","KTM 390 ADVENTURE R","Bizkaia","País Vasco","399",1
"KTM","KTM 390 ADVENTURE R","Cádiz","Andalucía","399",1
"KTM","KTM 390 ADVENTURE R","Cantabria","Cantabria","399",1
"KTM","KTM 390 ADVENTURE R","Castellón/Castelló","Comunidad Valenciana","399",1
"KTM","KTM 390 ADVENTURE R","Ciudad Real","Castilla-La Mancha","399",1
"KTM","KTM 390 ADVENTURE R","Córdoba","Andalucía","399",1
"KTM","KTM 390 ADVENTURE R","Coruña (A)","Galicia","399",1
"KTM","KTM 390 ADVENTURE R","Girona","Cataluña","399",2
"KTM","KTM 390 ADVENTURE R","Granada","Andalucía","399",1
"KTM","KTM 390 ADVENTURE R","Guadalajara","Castilla-La Mancha","399",1
"KTM","KTM 390 ADVENTURE R","Illes Balears","Illes Balears","399",1
"KTM","KTM 390 ADVENTURE R","Madrid","Comunidad de Madrid","399",2
"KTM","KTM 390 ADVENTURE R","Málaga","Andalucía","399",3
"KTM","KTM 390 ADVENTURE R","Murcia","Región de Murcia","399",1
"KTM","KTM 390 ADVENTURE R","Pontevedra","Galicia","399",1
"KTM","KTM 390 ADVENTURE R","Rioja (La)","La Rioja","399",1
"KTM","KTM 390 ADVENTURE R","Segovia","Castilla y León","399",1
"KTM","KTM 390 ADVENTURE R","Sevilla","Andalucía","399",1
"KTM","KTM 390 ADVENTURE R","Tarragona","Cataluña","399",1
"KTM","KTM 390 ADVENTURE R","Valencia/València","Comunidad Valenciana","399",4
"KTM","KTM 390 ADVENTURE R","Zaragoza","Aragón","399",2
"KTM","KTM 390 ADVENTURE X","Álava/Araba","País Vasco","399",1
"KTM","KTM 390 ADVENTURE X","Albacete","Castilla-La Mancha","399",1
"KTM","KTM 390 ADVENTURE X","Alicante/Alacant","Comunidad Valenciana","399",1
"KTM","KTM 390 ADVENTURE X","Almería","Andalucía","399",1
"KTM","KTM 390 ADVENTURE X","Barcelona","Cataluña","399",1
"KTM","KTM 390 ADVENTURE X","Castellón/Castelló","Comunidad Valenciana","399",1
"KTM","KTM 390 ADVENTURE X","Granada","Andalucía","399",1
"KTM","KTM 390 ADVENTURE X","Illes Balears","Illes Balears","399",1
"KTM","KTM 390 ADVENTURE X","Madrid","Comunidad de Madrid","399",4
"KTM","KTM 390 ADVENTURE X","Málaga","Andalucía","399",1
"KTM","KTM 390 ADVENTURE X","Murcia","Región de Murcia","399",1
"KTM","KTM 390 ADVENTURE X","Pontevedra","Galicia","399",1
"KTM","KTM 390 ADVENTURE X","Sevilla","Andalucía","399",3
"KTM","KTM 390 ADVENTURE X","Tarragona","Cataluña","399",2
"KTM","KTM 390 ADVENTURE X","Zaragoza","Aragón","399",1
"KTM","KTM 390 DUKE","Alicante/Alacant","Comunidad Valenciana","399",1
"KTM","KTM 390 DUKE","Almería","Andalucía","399",1
"KTM","KTM 390 DUKE","Barcelona","Cataluña","399",1
"KTM","KTM 390 DUKE","Cádiz","Andalucía","399",1
"KTM","KTM 390 DUKE","Ciudad Real","Castilla-La Mancha","399",1
"KTM","KTM 390 DUKE","Huesca","Aragón","399",2
"KTM","KTM 390 DUKE","Madrid","Comunidad de Madrid","399",2
"KTM","KTM 390 DUKE","Málaga","Andalucía","399",1
"KTM","KTM 390 DUKE","Pontevedra","Galicia","399",1
"KTM","KTM 390 DUKE","Santa Cruz de Tenerife","Canarias","399",1
"KTM","KTM 390 DUKE","Sevilla","Andalucía","399",1
"KTM","KTM 390 DUKE","Toledo","Castilla-La Mancha","399",1
"KTM","KTM 390 DUKE","Valencia/València","Comunidad Valenciana","399",1
"KTM","KTM 390 ENDURO","Albacete","Castilla-La Mancha","399",1
"KTM","KTM 390 ENDURO","Alicante/Alacant","Comunidad Valenciana","399",2
"KTM","KTM 390 ENDURO","Barcelona","Cataluña","399",4
"KTM","KTM 390 ENDURO","Cádiz","Andalucía","399",3
"KTM","KTM 390 ENDURO","Cuenca","Castilla-La Mancha","399",1
"KTM","KTM 390 ENDURO","Granada","Andalucía","399",3
"KTM","KTM 390 ENDURO","Jaén","Andalucía","399",1
"KTM","KTM 390 ENDURO","León","Castilla y León","399",1
"KTM","KTM 390 ENDURO","Lleida","Cataluña","399",1
"KTM","KTM 390 ENDURO","Madrid","Comunidad de Madrid","399",5
"KTM","KTM 390 ENDURO","Málaga","Andalucía","399",1
"KTM","KTM 390 ENDURO","Navarra","Comunidad Foral de Navarra","399",2
"KTM","KTM 390 ENDURO","Pontevedra","Galicia","399",1
"KTM","KTM 390 ENDURO","Salamanca","Castilla y León","399",1
"KTM","KTM 390 ENDURO","Sevilla","Andalucía","399",1
"KTM","KTM 390 ENDURO","Toledo","Castilla-La Mancha","399",1
"KTM","KTM 390 ENDURO","Valencia/València","Comunidad Valenciana","399",2
"KTM","KTM 390 ENDURO","Zaragoza","Aragón","399",2
"KTM","KTM 390 SMC R","Álava/Araba","País Vasco","399",1
"KTM","KTM 390 SMC R","Alicante/Alacant","Comunidad Valenciana","399",1
"KTM","KTM 390 SMC R","Badajoz","Extremadura","399",1
"KTM","KTM 390 SMC R","Barcelona","Cataluña","399",2
"KTM","KTM 390 SMC R","Burgos","Castilla y León","399",1
"KTM","KTM 390 SMC R","Cádiz","Andalucía","399",1
"KTM","KTM 390 SMC R","Córdoba","Andalucía","399",1
"KTM","KTM 390 SMC R","Girona","Cataluña","399",1
"KTM","KTM 390 SMC R","Granada","Andalucía","399",1
"KTM","KTM 390 SMC R","Illes Balears","Illes Balears","399",2
"KTM","KTM 390 SMC R","Madrid","Comunidad de Madrid","399",3
"KTM","KTM 390 SMC R","Málaga","Andalucía","399",1
"KTM","KTM 390 SMC R","Pontevedra","Galicia","399",1
"KTM","KTM 390 SMC R","Santa Cruz de Tenerife","Canarias","399",1
"KTM","KTM 390 SMC R","Sevilla","Andalucía","399",1
"KTM","KTM 390 SMC R","Valladolid","Castilla y León","399",1
"KTM","KTM 450 EXC-F","Cádiz","Andalucía","450",1
"KTM","KTM 450 EXC-F","Granada","Andalucía","450",1
"KTM","KTM 450 EXC-F","Málaga","Andalucía","450",2
"KTM","KTM 450 EXC-F","Valencia/València","Comunidad Valenciana","450",1
"KTM","KTM 450 EXC-F","Zaragoza","Aragón","450",1
"KTM","KTM 450 RALLY FACTORY","Badajoz","Extremadura","449",1
"KTM","KTM 450 RALLY FACTORY","Lleida","Cataluña","449",2
"KTM","KTM 500 EXC-F","Girona","Cataluña","510",1
"KTM","KTM 690 ENDURO R","Alicante/Alacant","Comunidad Valenciana","693",1
"KTM","KTM 690 ENDURO R","Barcelona","Cataluña","693",1
"KTM","KTM 690 ENDURO R","Ceuta","Ceuta","693",1
"KTM","KTM 690 ENDURO R","Granada","Andalucía","693",1
"KTM","KTM 690 ENDURO R","Pontevedra","Galicia","693",2
"KTM","KTM 690 SMC R","Barcelona","Cataluña","693",3
"KTM","KTM 690 SMC R","Cádiz","Andalucía","693",1
"KTM","KTM 690 SMC R","Córdoba","Andalucía","693",1
"KTM","KTM 690 SMC R","Girona","Cataluña","693",1
"KTM","KTM 690 SMC R","Huesca","Aragón","693",1
"KTM","KTM 690 SMC R","Illes Balears","Illes Balears","693",1
"KTM","KTM 690 SMC R","León","Castilla y León","693",1
"KTM","KTM 690 SMC R","Madrid","Comunidad de Madrid","693",1
"KTM","KTM 690 SMC R","Sevilla","Andalucía","693",2
"KTM","KTM 790 ADVENTURE","Alicante/Alacant","Comunidad Valenciana","799",2
"KTM","KTM 790 ADVENTURE","Badajoz","Extremadura","799",2
"KTM","KTM 790 ADVENTURE","Barcelona","Cataluña","799",2
"KTM","KTM 790 ADVENTURE","Castellón/Castelló","Comunidad Valenciana","799",1
"KTM","KTM 790 ADVENTURE","Córdoba","Andalucía","799",2
"KTM","KTM 790 ADVENTURE","Girona","Cataluña","799",1
"KTM","KTM 790 ADVENTURE","Granada","Andalucía","799",1
"KTM","KTM 790 ADVENTURE","Illes Balears","Illes Balears","799",2
"KTM","KTM 790 ADVENTURE","Madrid","Comunidad de Madrid","799",1
"KTM","KTM 790 ADVENTURE","Murcia","Región de Murcia","799",1
"KTM","KTM 790 ADVENTURE","Santa Cruz de Tenerife","Canarias","799",1
"KTM","KTM 790 ADVENTURE","Sevilla","Andalucía","799",1
"KTM","KTM 790 DUKE","Barcelona","Cataluña","799",1
"KTM","KTM 790 DUKE","Cádiz","Andalucía","799",1
"KTM","KTM 790 DUKE L","Madrid","Comunidad de Madrid","799",1
"KTM","KTM 890 ADVENTURE","Granada","Andalucía","889",1
"KTM","KTM 890 ADVENTURE R","Alicante/Alacant","Comunidad Valenciana","889",1
"KTM","KTM 890 ADVENTURE R","Badajoz","Extremadura","889",1
"KTM","KTM 890 ADVENTURE R","Barcelona","Cataluña","889",5
"KTM","KTM 890 ADVENTURE R","Bizkaia","País Vasco","889",1
"KTM","KTM 890 ADVENTURE R","Castellón/Castelló","Comunidad Valenciana","889",1
"KTM","KTM 890 ADVENTURE R","Huelva","Andalucía","889",1
"KTM","KTM 890 ADVENTURE R","Illes Balears","Illes Balears","889",1
"KTM","KTM 890 ADVENTURE R","Madrid","Comunidad de Madrid","889",4
"KTM","KTM 890 ADVENTURE R","Málaga","Andalucía","889",3
"KTM","KTM 890 ADVENTURE R","Murcia","Región de Murcia","889",1
"KTM","KTM 890 ADVENTURE R","Sevilla","Andalucía","889",1
"KTM","KTM 890 ADVENTURE R","Valencia/València","Comunidad Valenciana","889",1
"KTM","KTM 890 SM T","Ávila","Castilla y León","889",1
"KTM","KTM 890 SM T","Barcelona","Cataluña","889",3
"KTM","KTM 890 SM T","Bizkaia","País Vasco","889",1
"KTM","KTM 890 SM T","Madrid","Comunidad de Madrid","889",1
"KTM","KTM 890 SM T","Málaga","Andalucía","889",1
"KTM","KTM 890 SM T","Murcia","Región de Murcia","889",1
"KTM","KTM 890 SM T","Pontevedra","Galicia","889",1
"KTM","KTM 890 SM T","Tarragona","Cataluña","889",1
"KTM","KTM 990 DUKE","Barcelona","Cataluña","947",3
"KTM","KTM 990 DUKE","Burgos","Castilla y León","947",1
"KTM","KTM 990 DUKE","Madrid","Comunidad de Madrid","947",2
"KTM","KTM 990 DUKE","Málaga","Andalucía","947",1
"KTM","KTM 990 DUKE","Rioja (La)","La Rioja","947",1
"KTM","KTM RC 390","Cantabria","Cantabria","373",1
"KTM","KTM RC 390","Madrid","Comunidad de Madrid","373",1
"KYMCO","AGILITY CITY 125","Barcelona","Cataluña","125",3
"KYMCO","AGILITY CITY 125","Murcia","Región de Murcia","125",1
"KYMCO","AGILITY S","Albacete","Castilla-La Mancha","125",7
"KYMCO","AGILITY S","Alicante/Alacant","Comunidad Valenciana","125",40
"KYMCO","AGILITY S","Almería","Andalucía","125",7
"KYMCO","AGILITY S","Asturias","Principado de Asturias","125",4
"KYMCO","AGILITY S","Ávila","Castilla y León","125",2
"KYMCO","AGILITY S","Badajoz","Extremadura","125",2
"KYMCO","AGILITY S","Barcelona","Cataluña","125",59
"KYMCO","AGILITY S","Bizkaia","País Vasco","125",6
"KYMCO","AGILITY S","Cáceres","Extremadura","125",2
"KYMCO","AGILITY S","Cádiz","Andalucía","125",33
"KYMCO","AGILITY S","Cantabria","Cantabria","125",4
"KYMCO","AGILITY S","Castellón/Castelló","Comunidad Valenciana","125",3
"KYMCO","AGILITY S","Ceuta","Ceuta","125",5
"KYMCO","AGILITY S","Ciudad Real","Castilla-La Mancha","125",1
"KYMCO","AGILITY S","Córdoba","Andalucía","125",8
"KYMCO","AGILITY S","Coruña (A)","Galicia","125",1
"KYMCO","AGILITY S","Cuenca","Castilla-La Mancha","125",1
"KYMCO","AGILITY S","Gipuzkoa","País Vasco","125",9
"KYMCO","AGILITY S","Girona","Cataluña","125",4
"KYMCO","AGILITY S","Granada","Andalucía","125",28
"KYMCO","AGILITY S","Guadalajara","Castilla-La Mancha","125",2
"KYMCO","AGILITY S","Huelva","Andalucía","125",4
"KYMCO","AGILITY S","Illes Balears","Illes Balears","125",17
"KYMCO","AGILITY S","Jaén","Andalucía","125",14
"KYMCO","AGILITY S","Lleida","Cataluña","125",1
"KYMCO","AGILITY S","Madrid","Comunidad de Madrid","125",27
"KYMCO","AGILITY S","Málaga","Andalucía","125",38
"KYMCO","AGILITY S","Melilla","Melilla","125",2
"KYMCO","AGILITY S","Murcia","Región de Murcia","125",27
"KYMCO","AGILITY S","Navarra","Comunidad Foral de Navarra","125",4
"KYMCO","AGILITY S","Ourense","Galicia","125",1
"KYMCO","AGILITY S","Palmas (Las)","Canarias","125",5
"KYMCO","AGILITY S","Pontevedra","Galicia","125",7
"KYMCO","AGILITY S","Rioja (La)","La Rioja","125",1
"KYMCO","AGILITY S","Salamanca","Castilla y León","125",1
"KYMCO","AGILITY S","Santa Cruz de Tenerife","Canarias","125",9
"KYMCO","AGILITY S","Segovia","Castilla y León","125",1
"KYMCO","AGILITY S","Sevilla","Andalucía","125",20
"KYMCO","AGILITY S","Tarragona","Cataluña","125",10
"KYMCO","AGILITY S","Toledo","Castilla-La Mancha","125",1
"KYMCO","AGILITY S","Valencia/València","Comunidad Valenciana","125",15
"KYMCO","AGILITY S","Valladolid","Castilla y León","125",2
"KYMCO","AGILITY S","Zaragoza","Aragón","125",13
"KYMCO","AK 550","Alicante/Alacant","Comunidad Valenciana","550",1
"KYMCO","AK 550","Barcelona","Cataluña","550",1
"KYMCO","AK 550","Bizkaia","País Vasco","550",1
"KYMCO","AK 550","Huelva","Andalucía","550",1
"KYMCO","AK 550","Toledo","Castilla-La Mancha","550",1
"KYMCO","DTX","Albacete","Castilla-La Mancha","124",3
"KYMCO","DTX","Alicante/Alacant","Comunidad Valenciana","124",12
"KYMCO","DTX","Almería","Andalucía","124",1
"KYMCO","DTX","Asturias","Principado de Asturias","124",6
"KYMCO","DTX","Badajoz","Extremadura","124",1
"KYMCO","DTX","Barcelona","Cataluña","124",21
"KYMCO","DTX","Bizkaia","País Vasco","124",5
"KYMCO","DTX","Cáceres","Extremadura","124",2
"KYMCO","DTX","Cádiz","Andalucía","124",6
"KYMCO","DTX","Cantabria","Cantabria","124",1
"KYMCO","DTX","Girona","Cataluña","124",1
"KYMCO","DTX","Granada","Andalucía","124",3
"KYMCO","DTX","Illes Balears","Illes Balears","124",4
"KYMCO","DTX","Jaén","Andalucía","124",2
"KYMCO","DTX","Lugo","Galicia","124",1
"KYMCO","DTX","Madrid","Comunidad de Madrid","124",16
"KYMCO","DTX","Málaga","Andalucía","124",4
"KYMCO","DTX","Murcia","Región de Murcia","124",10
"KYMCO","DTX","Navarra","Comunidad Foral de Navarra","124",1
"KYMCO","DTX","Palmas (Las)","Canarias","124",3
"KYMCO","DTX","Salamanca","Castilla y León","124",1
"KYMCO","DTX","Santa Cruz de Tenerife","Canarias","124",3
"KYMCO","DTX","Sevilla","Andalucía","124",8
"KYMCO","DTX","Tarragona","Cataluña","124",5
"KYMCO","DTX","Toledo","Castilla-La Mancha","124",2
"KYMCO","DTX","Valencia/València","Comunidad Valenciana","124",5
"KYMCO","DTX","Zaragoza","Aragón","124",3
"KYMCO","DTX 125","Madrid","Comunidad de Madrid","124",1
"KYMCO","DTX 125","Málaga","Andalucía","124",2
"KYMCO","DTX 125","Murcia","Región de Murcia","124",1
"KYMCO","DTX 125","Sevilla","Andalucía","124",1
"KYMCO","DTX 125","Valencia/València","Comunidad Valenciana","124",1
"KYMCO","DTX 350","Jaén","Andalucía","321",1
"KYMCO","DTX 350","León","Castilla y León","321",1
"KYMCO","PEOPLE S 125","Valencia/València","Comunidad Valenciana","125",1
"KYMCO","PEOPLE S 125 E5+","Alicante/Alacant","Comunidad Valenciana","125",2
"KYMCO","PEOPLE S 125 E5+","Almería","Andalucía","125",2
"KYMCO","PEOPLE S 125 E5+","Asturias","Principado de Asturias","125",1
"KYMCO","PEOPLE S 125 E5+","Barcelona","Cataluña","125",56
"KYMCO","PEOPLE S 125 E5+","Bizkaia","País Vasco","125",2
"KYMCO","PEOPLE S 125 E5+","Cádiz","Andalucía","125",3
"KYMCO","PEOPLE S 125 E5+","Gipuzkoa","País Vasco","125",5
"KYMCO","PEOPLE S 125 E5+","Girona","Cataluña","125",1
"KYMCO","PEOPLE S 125 E5+","Granada","Andalucía","125",3
"KYMCO","PEOPLE S 125 E5+","Huelva","Andalucía","125",1
"KYMCO","PEOPLE S 125 E5+","Illes Balears","Illes Balears","125",4
"KYMCO","PEOPLE S 125 E5+","Jaén","Andalucía","125",1
"KYMCO","PEOPLE S 125 E5+","Madrid","Comunidad de Madrid","125",1
"KYMCO","PEOPLE S 125 E5+","Málaga","Andalucía","125",2
"KYMCO","PEOPLE S 125 E5+","Navarra","Comunidad Foral de Navarra","125",1
"KYMCO","PEOPLE S 125 E5+","Santa Cruz de Tenerife","Canarias","125",1
"KYMCO","PEOPLE S 125 E5+","Sevilla","Andalucía","125",2
"KYMCO","PEOPLE S 125 E5+","Valencia/València","Comunidad Valenciana","125",1
"KYMCO","PEOPLE S 125 E5+","Zaragoza","Aragón","125",3
"KYMCO","SKYTOWN 125","Albacete","Castilla-La Mancha","125",3
"KYMCO","SKYTOWN 125","Alicante/Alacant","Comunidad Valenciana","125",10
"KYMCO","SKYTOWN 125","Almería","Andalucía","125",10
"KYMCO","SKYTOWN 125","Asturias","Principado de Asturias","125",5
"KYMCO","SKYTOWN 125","Badajoz","Extremadura","125",3
"KYMCO","SKYTOWN 125","Barcelona","Cataluña","125",65
"KYMCO","SKYTOWN 125","Bizkaia","País Vasco","125",8
"KYMCO","SKYTOWN 125","Burgos","Castilla y León","125",1
"KYMCO","SKYTOWN 125","Cáceres","Extremadura","125",2
"KYMCO","SKYTOWN 125","Cádiz","Andalucía","125",14
"KYMCO","SKYTOWN 125","Cantabria","Cantabria","125",3
"KYMCO","SKYTOWN 125","Castellón/Castelló","Comunidad Valenciana","125",2
"KYMCO","SKYTOWN 125","Ciudad Real","Castilla-La Mancha","125",7
"KYMCO","SKYTOWN 125","Córdoba","Andalucía","125",2
"KYMCO","SKYTOWN 125","Coruña (A)","Galicia","125",2
"KYMCO","SKYTOWN 125","Gipuzkoa","País Vasco","125",3
"KYMCO","SKYTOWN 125","Girona","Cataluña","125",1
"KYMCO","SKYTOWN 125","Granada","Andalucía","125",13
"KYMCO","SKYTOWN 125","Huelva","Andalucía","125",2
"KYMCO","SKYTOWN 125","Illes Balears","Illes Balears","125",18
"KYMCO","SKYTOWN 125","Jaén","Andalucía","125",1
"KYMCO","SKYTOWN 125","Lleida","Cataluña","125",2
"KYMCO","SKYTOWN 125","Lugo","Galicia","125",1
"KYMCO","SKYTOWN 125","Madrid","Comunidad de Madrid","125",60
"KYMCO","SKYTOWN 125","Málaga","Andalucía","125",18
"KYMCO","SKYTOWN 125","Murcia","Región de Murcia","125",10
"KYMCO","SKYTOWN 125","Navarra","Comunidad Foral de Navarra","125",5
"KYMCO","SKYTOWN 125","Ourense","Galicia","125",1
"KYMCO","SKYTOWN 125","Palmas (Las)","Canarias","125",2
"KYMCO","SKYTOWN 125","Pontevedra","Galicia","125",5
"KYMCO","SKYTOWN 125","Rioja (La)","La Rioja","125",1
"KYMCO","SKYTOWN 125","Santa Cruz de Tenerife","Canarias","125",7
"KYMCO","SKYTOWN 125","Sevilla","Andalucía","125",16
"KYMCO","SKYTOWN 125","Tarragona","Cataluña","125",6
"KYMCO","SKYTOWN 125","Toledo","Castilla-La Mancha","125",2
"KYMCO","SKYTOWN 125","Valencia/València","Comunidad Valenciana","125",39
"KYMCO","SKYTOWN 125","Valladolid","Castilla y León","125",4
"KYMCO","SKYTOWN 125","Zaragoza","Aragón","125",8
"KYMCO","SUPER DINK GT","Albacete","Castilla-La Mancha","321",1
"KYMCO","SUPER DINK GT","Alicante/Alacant","Comunidad Valenciana","321",7
"KYMCO","SUPER DINK GT","Almería","Andalucía","321",6
"KYMCO","SUPER DINK GT","Asturias","Principado de Asturias","321",2
"KYMCO","SUPER DINK GT","Barcelona","Cataluña","321",24
"KYMCO","SUPER DINK GT","Cáceres","Extremadura","321",1
"KYMCO","SUPER DINK GT","Cádiz","Andalucía","321",6
"KYMCO","SUPER DINK GT","Cantabria","Cantabria","321",1
"KYMCO","SUPER DINK GT","Castellón/Castelló","Comunidad Valenciana","321",2
"KYMCO","SUPER DINK GT","Ceuta","Ceuta","321",1
"KYMCO","SUPER DINK GT","Córdoba","Andalucía","321",1
"KYMCO","SUPER DINK GT","Coruña (A)","Galicia","321",3
"KYMCO","SUPER DINK GT","Granada","Andalucía","321",7
"KYMCO","SUPER DINK GT","Huelva","Andalucía","321",1
"KYMCO","SUPER DINK GT","Huesca","Aragón","321",1
"KYMCO","SUPER DINK GT","Illes Balears","Illes Balears","321",3
"KYMCO","SUPER DINK GT","Jaén","Andalucía","321",1
"KYMCO","SUPER DINK GT","León","Castilla y León","321",1
"KYMCO","SUPER DINK GT","Madrid","Comunidad de Madrid","321",21
"KYMCO","SUPER DINK GT","Málaga","Andalucía","321",6
"KYMCO","SUPER DINK GT","Murcia","Región de Murcia","321",4
"KYMCO","SUPER DINK GT","Navarra","Comunidad Foral de Navarra","321",1
"KYMCO","SUPER DINK GT","Palmas (Las)","Canarias","321",3
"KYMCO","SUPER DINK GT","Pontevedra","Galicia","321",2
"KYMCO","SUPER DINK GT","Salamanca","Castilla y León","321",1
"KYMCO","SUPER DINK GT","Santa Cruz de Tenerife","Canarias","321",4
"KYMCO","SUPER DINK GT","Sevilla","Andalucía","321",7
"KYMCO","SUPER DINK GT","Soria","Castilla y León","321",1
"KYMCO","SUPER DINK GT","Tarragona","Cataluña","321",4
"KYMCO","SUPER DINK GT","Toledo","Castilla-La Mancha","321",2
"KYMCO","SUPER DINK GT","Valencia/València","Comunidad Valenciana","321",10
"KYMCO","SUPER DINK GT","Zaragoza","Aragón","321",2
"KYMCO","SUPER DINK GT 125 E5+","Álava/Araba","País Vasco","124",1
"KYMCO","SUPER DINK GT 125 E5+","Alicante/Alacant","Comunidad Valenciana","124",5
"KYMCO","SUPER DINK GT 125 E5+","Almería","Andalucía","124",3
"KYMCO","SUPER DINK GT 125 E5+","Asturias","Principado de Asturias","124",3
"KYMCO","SUPER DINK GT 125 E5+","Badajoz","Extremadura","124",2
"KYMCO","SUPER DINK GT 125 E5+","Barcelona","Cataluña","124",30
"KYMCO","SUPER DINK GT 125 E5+","Bizkaia","País Vasco","124",3
"KYMCO","SUPER DINK GT 125 E5+","Cáceres","Extremadura","124",1
"KYMCO","SUPER DINK GT 125 E5+","Cádiz","Andalucía","124",11
"KYMCO","SUPER DINK GT 125 E5+","Cantabria","Cantabria","124",2
"KYMCO","SUPER DINK GT 125 E5+","Córdoba","Andalucía","124",2
"KYMCO","SUPER DINK GT 125 E5+","Coruña (A)","Galicia","124",1
"KYMCO","SUPER DINK GT 125 E5+","Granada","Andalucía","124",11
"KYMCO","SUPER DINK GT 125 E5+","Guadalajara","Castilla-La Mancha","124",1
"KYMCO","SUPER DINK GT 125 E5+","Huelva","Andalucía","124",2
"KYMCO","SUPER DINK GT 125 E5+","Illes Balears","Illes Balears","124",10
"KYMCO","SUPER DINK GT 125 E5+","Jaén","Andalucía","124",2
"KYMCO","SUPER DINK GT 125 E5+","León","Castilla y León","124",1
"KYMCO","SUPER DINK GT 125 E5+","Lleida","Cataluña","124",1
"KYMCO","SUPER DINK GT 125 E5+","Madrid","Comunidad de Madrid","124",25
"KYMCO","SUPER DINK GT 125 E5+","Málaga","Andalucía","124",14
"KYMCO","SUPER DINK GT 125 E5+","Murcia","Región de Murcia","124",4
"KYMCO","SUPER DINK GT 125 E5+","Palmas (Las)","Canarias","124",1
"KYMCO","SUPER DINK GT 125 E5+","Pontevedra","Galicia","124",1
"KYMCO","SUPER DINK GT 125 E5+","Santa Cruz de Tenerife","Canarias","124",4
"KYMCO","SUPER DINK GT 125 E5+","Sevilla","Andalucía","124",9
"KYMCO","SUPER DINK GT 125 E5+","Soria","Castilla y León","124",1
"KYMCO","SUPER DINK GT 125 E5+","Tarragona","Cataluña","124",5
"KYMCO","SUPER DINK GT 125 E5+","Valencia/València","Comunidad Valenciana","124",18
"KYMCO","SUPER DINK GT 125 E5+","Valladolid","Castilla y León","124",4
"KYMCO","SUPER DINK GT 125 E5+","Zaragoza","Aragón","124",1
"KYMCO","X-TOWN CT 125","Girona","Cataluña","125",1
"KYMCO","X-TOWN CT 125","Murcia","Región de Murcia","125",1
"KYMCO","XCITING VS 400","Albacete","Castilla-La Mancha","400",2
"KYMCO","XCITING VS 400","Barcelona","Cataluña","400",3
"KYMCO","XCITING VS 400","Bizkaia","País Vasco","400",2
"KYMCO","XCITING VS 400","Cádiz","Andalucía","400",1
"KYMCO","XCITING VS 400","Girona","Cataluña","400",1
"KYMCO","XCITING VS 400","Illes Balears","Illes Balears","400",1
"KYMCO","XCITING VS 400","Madrid","Comunidad de Madrid","400",1
"KYMCO","XCITING VS 400","Málaga","Andalucía","400",1
"KYMCO","XCITING VS 400","Sevilla","Andalucía","400",3
"KYMCO","XCITING VS 400","Valencia/València","Comunidad Valenciana","400",1
"KYMCO","XCITING VS 400","Zaragoza","Aragón","400",2
"LAMBRETTA","G350 SPECIAL FLEX","Sevilla","Andalucía","330",1
"LAMBRETTA","V125 SPECIAL FLEX","Alicante/Alacant","Comunidad Valenciana","125",5
"LAMBRETTA","V125 SPECIAL FLEX","Asturias","Principado de Asturias","125",1
"LAMBRETTA","V125 SPECIAL FLEX","Barcelona","Cataluña","125",1
"LAMBRETTA","V125 SPECIAL FLEX","Cádiz","Andalucía","125",3
"LAMBRETTA","V125 SPECIAL FLEX","Ciudad Real","Castilla-La Mancha","125",1
"LAMBRETTA","V125 SPECIAL FLEX","Illes Balears","Illes Balears","125",2
"LAMBRETTA","V125 SPECIAL FLEX","Madrid","Comunidad de Madrid","125",4
"LAMBRETTA","V125 SPECIAL FLEX","Málaga","Andalucía","125",1
"LAMBRETTA","V125 SPECIAL FLEX","Sevilla","Andalucía","125",2
"LAMBRETTA","V125 SPECIAL FLEX","Teruel","Aragón","125",1
"LAMBRETTA","V125 SPECIAL FLEX","Valencia/València","Comunidad Valenciana","125",2
"LAMBRETTA","X125","Alicante/Alacant","Comunidad Valenciana","124",1
"LAMBRETTA","X125","Ourense","Galicia","124",1
"LAMBRETTA","X300","Alicante/Alacant","Comunidad Valenciana","275",5
"LEONART","KP450R-B","Coruña (A)","Galicia","446",1
"LEONART","M16-125","Barcelona","Cataluña","125",2
"LEONART","M16-125","Castellón/Castelló","Comunidad Valenciana","125",1
"LEONART","M16-125","Córdoba","Andalucía","125",1
"LEONART","M16-125","Lleida","Cataluña","125",1
"LEONART","M16-125","Valencia/València","Comunidad Valenciana","125",1
"LEONART","PILDER 125","Bizkaia","País Vasco","125",2
"LEONART","PILDER 125","Girona","Cataluña","125",1
"LEONART","PILDER 125","Madrid","Comunidad de Madrid","125",2
"LEONART","PILDER 125","Málaga","Andalucía","125",1
"LEONART","PILDER 125","Pontevedra","Galicia","125",1
"LEONART","PILDER 125","Santa Cruz de Tenerife","Canarias","125",2
"LEONART","TRACKER 125","Palmas (Las)","Canarias","125",1
"LETBE","FLYGON","Almería","Andalucía","125",1
"LETBE","FLYGON","Illes Balears","Illes Balears","125",1
"LETBE","ISLAND","Alicante/Alacant","Comunidad Valenciana","125",2
"LETBE","ISLAND","Almería","Andalucía","125",1
"LETBE","ISLAND","Barcelona","Cataluña","125",2
"LETBE","ISLAND","Cádiz","Andalucía","125",2
"LETBE","ISLAND","Granada","Andalucía","125",2
"LETBE","ISLAND","Illes Balears","Illes Balears","125",6
"LETBE","ISLAND","Madrid","Comunidad de Madrid","125",1
"LETBE","ISLAND","Málaga","Andalucía","125",7
"LETBE","ISLAND","Sevilla","Andalucía","125",2
"LETBE","S125","Alicante/Alacant","Comunidad Valenciana","125",1
"LETBE","S125","Almería","Andalucía","125",2
"LETBE","S125","Asturias","Principado de Asturias","125",1
"LETBE","S125","Barcelona","Cataluña","125",1
"LETBE","S125","Cádiz","Andalucía","125",1
"LETBE","S125","Granada","Andalucía","125",2
"LETBE","S125","Illes Balears","Illes Balears","125",10
"LETBE","S125","Jaén","Andalucía","125",1
"LETBE","S125","Pontevedra","Galicia","125",1
"LETBE","S125","Tarragona","Cataluña","125",1
"LETBE","S125","Teruel","Aragón","125",1
"LETBE","VELOCITY","Asturias","Principado de Asturias","125",1
"LETBE","VELOCITY","Barcelona","Cataluña","125",3
"LETBE","VELOCITY","Huelva","Andalucía","125",1
"LETBE","VELOCITY","Illes Balears","Illes Balears","125",2
"LINHAI","---","Almería","Andalucía","125",1
"LINHAI","---","Zamora","Castilla y León","125",1
"LINHAI","BUCK ADV","Barcelona","Cataluña","124",1
"LINHAI","BUCK ADV","Granada","Andalucía","124",1
"LINHAI","BUCK ADV","Madrid","Comunidad de Madrid","124",1
"LINHAI","BUCK ADV","Teruel","Aragón","124",1
"MACBOR","EIGHT MILE 125 LC","Barcelona","Cataluña","124",2
"MACBOR","EIGHT MILE 125 LC","Granada","Andalucía","124",1
"MACBOR","EIGHT MILE 125 LC","Málaga","Andalucía","124",2
"MACBOR","EIGHT MILE 125 LC","Ourense","Galicia","124",1
"MACBOR","EIGHT MILE 125 LC","Palmas (Las)","Canarias","124",1
"MACBOR","EIGHT MILE 125 LC","Santa Cruz de Tenerife","Canarias","124",2
"MACBOR","EIGHT MILE 125 LC","Sevilla","Andalucía","124",4
"MACBOR","EIGHT MILE 125 LC","Tarragona","Cataluña","124",1
"MACBOR","EIGHT MILE 125 LC","Valladolid","Castilla y León","124",1
"MACBOR","FUN 125 PLUS E5","Granada","Andalucía","125",1
"MACBOR","FUN 125 PLUS E5","Palmas (Las)","Canarias","125",1
"MACBOR","FUN 125 PLUS E5","Santa Cruz de Tenerife","Canarias","125",2
"MACBOR","MONTANA XR1 125","Alicante/Alacant","Comunidad Valenciana","124",1
"MACBOR","MONTANA XR1 125","Asturias","Principado de Asturias","124",1
"MACBOR","MONTANA XR1 125 EVO","Albacete","Castilla-La Mancha","124",2
"MACBOR","MONTANA XR1 125 EVO","Alicante/Alacant","Comunidad Valenciana","124",2
"MACBOR","MONTANA XR1 125 EVO","Almería","Andalucía","124",3
"MACBOR","MONTANA XR1 125 EVO","Asturias","Principado de Asturias","124",2
"MACBOR","MONTANA XR1 125 EVO","Barcelona","Cataluña","124",17
"MACBOR","MONTANA XR1 125 EVO","Bizkaia","País Vasco","124",3
"MACBOR","MONTANA XR1 125 EVO","Cádiz","Andalucía","124",6
"MACBOR","MONTANA XR1 125 EVO","Cantabria","Cantabria","124",4
"MACBOR","MONTANA XR1 125 EVO","Castellón/Castelló","Comunidad Valenciana","124",2
"MACBOR","MONTANA XR1 125 EVO","Ciudad Real","Castilla-La Mancha","124",1
"MACBOR","MONTANA XR1 125 EVO","Córdoba","Andalucía","124",1
"MACBOR","MONTANA XR1 125 EVO","Gipuzkoa","País Vasco","124",1
"MACBOR","MONTANA XR1 125 EVO","Girona","Cataluña","124",8
"MACBOR","MONTANA XR1 125 EVO","Granada","Andalucía","124",2
"MACBOR","MONTANA XR1 125 EVO","Huelva","Andalucía","124",3
"MACBOR","MONTANA XR1 125 EVO","Illes Balears","Illes Balears","124",2
"MACBOR","MONTANA XR1 125 EVO","Jaén","Andalucía","124",2
"MACBOR","MONTANA XR1 125 EVO","Lleida","Cataluña","124",2
"MACBOR","MONTANA XR1 125 EVO","Madrid","Comunidad de Madrid","124",10
"MACBOR","MONTANA XR1 125 EVO","Málaga","Andalucía","124",6
"MACBOR","MONTANA XR1 125 EVO","Murcia","Región de Murcia","124",2
"MACBOR","MONTANA XR1 125 EVO","Navarra","Comunidad Foral de Navarra","124",5
"MACBOR","MONTANA XR1 125 EVO","Palencia","Castilla y León","124",1
"MACBOR","MONTANA XR1 125 EVO","Palmas (Las)","Canarias","124",6
"MACBOR","MONTANA XR1 125 EVO","Rioja (La)","La Rioja","124",1
"MACBOR","MONTANA XR1 125 EVO","Santa Cruz de Tenerife","Canarias","124",7
"MACBOR","MONTANA XR1 125 EVO","Sevilla","Andalucía","124",3
"MACBOR","MONTANA XR1 125 EVO","Tarragona","Cataluña","124",5
"MACBOR","MONTANA XR1 125 EVO","Toledo","Castilla-La Mancha","124",6
"MACBOR","MONTANA XR1 125 EVO","Valencia/València","Comunidad Valenciana","124",4
"MACBOR","MONTANA XR1 125 EVO","Valladolid","Castilla y León","124",1
"MACBOR","MONTANA XR1 125 EVO","Zaragoza","Aragón","124",4
"MACBOR","MONTANA XR5 510","Asturias","Principado de Asturias","498",1
"MACBOR","MONTANA XR5 510","Huesca","Aragón","498",1
"MACBOR","MONTANA XR5 510","Palmas (Las)","Canarias","498",2
"MACBOR","MONTANA XR5 510","Pontevedra","Galicia","498",1
"MACBOR","MONTANA XR5 510","Rioja (La)","La Rioja","498",1
"MACBOR","MONTANA XR5 510","Valencia/València","Comunidad Valenciana","498",1
"MACBOR","MONTANA XR5 510 E5+","Álava/Araba","País Vasco","498",1
"MACBOR","MONTANA XR5 510 E5+","Asturias","Principado de Asturias","498",1
"MACBOR","MONTANA XR5 510 E5+","Barcelona","Cataluña","498",11
"MACBOR","MONTANA XR5 510 E5+","Cantabria","Cantabria","498",1
"MACBOR","MONTANA XR5 510 E5+","Castellón/Castelló","Comunidad Valenciana","498",1
"MACBOR","MONTANA XR5 510 E5+","Córdoba","Andalucía","498",1
"MACBOR","MONTANA XR5 510 E5+","Girona","Cataluña","498",6
"MACBOR","MONTANA XR5 510 E5+","Huesca","Aragón","498",2
"MACBOR","MONTANA XR5 510 E5+","León","Castilla y León","498",1
"MACBOR","MONTANA XR5 510 E5+","Lugo","Galicia","498",1
"MACBOR","MONTANA XR5 510 E5+","Madrid","Comunidad de Madrid","498",7
"MACBOR","MONTANA XR5 510 E5+","Málaga","Andalucía","498",3
"MACBOR","MONTANA XR5 510 E5+","Murcia","Región de Murcia","498",1
"MACBOR","MONTANA XR5 510 E5+","Navarra","Comunidad Foral de Navarra","498",3
"MACBOR","MONTANA XR5 510 E5+","Pontevedra","Galicia","498",1
"MACBOR","MONTANA XR5 510 E5+","Rioja (La)","La Rioja","498",2
"MACBOR","MONTANA XR5 510 E5+","Toledo","Castilla-La Mancha","498",2
"MACBOR","MONTANA XR5 510 E5+","Valencia/València","Comunidad Valenciana","498",2
"MACBOR","MONTANA XR5 510 E5+","Valladolid","Castilla y León","498",1
"MACBOR","MONTANA XR5 510 E5+","Zaragoza","Aragón","498",1
"MACBOR","MONTANA XR5 E5","Barcelona","Cataluña","471",1
"MACBOR","ROCKSTER 125 EVO E5+","Asturias","Principado de Asturias","125",1
"MACBOR","ROCKSTER 125 EVO E5+","Barcelona","Cataluña","125",4
"MACBOR","ROCKSTER 125 EVO E5+","Cádiz","Andalucía","125",1
"MACBOR","ROCKSTER 125 EVO E5+","Ciudad Real","Castilla-La Mancha","125",1
"MACBOR","ROCKSTER 125 EVO E5+","Coruña (A)","Galicia","125",1
"MACBOR","ROCKSTER 125 EVO E5+","Illes Balears","Illes Balears","125",1
"MACBOR","ROCKSTER 125 EVO E5+","Málaga","Andalucía","125",1
"MACBOR","ROCKSTER 125 EVO E5+","Santa Cruz de Tenerife","Canarias","125",1
"MACBOR","ROCKSTER 125 EVO E5+","Tarragona","Cataluña","125",3
"MACBOR","ROCKSTER 125 EVO E5+","Valencia/València","Comunidad Valenciana","125",1
"MACBOR","ROCKSTER 125 EVO E5+","Zaragoza","Aragón","125",1
"MACBOR","ROCKSTER 410","Alicante/Alacant","Comunidad Valenciana","401",3
"MACBOR","ROCKSTER 410","Córdoba","Andalucía","401",1
"MACBOR","ROCKSTER 410","Jaén","Andalucía","401",1
"MACBOR","ROCKSTER 410","Madrid","Comunidad de Madrid","401",1
"MACBOR","ROCKSTER 410","Málaga","Andalucía","401",1
"MACBOR","ROCKSTER 410","Murcia","Región de Murcia","401",1
"MACBOR","ROCKSTER 410","Palmas (Las)","Canarias","401",2
"MACBOR","ROCKSTER 410","Rioja (La)","La Rioja","401",1
"MACBOR","ROCKSTER 410","Valencia/València","Comunidad Valenciana","401",1
"MACBOR","ROCKSTER 410","Zaragoza","Aragón","401",1
"MACBOR","ROCKSTER FLAT 125","Almería","Andalucía","125",1
"MACBOR","ROCKSTER FLAT 125","Palmas (Las)","Canarias","125",1
"MACBOR","ROCKSTER FLAT 125 EVO","Alicante/Alacant","Comunidad Valenciana","125",1
"MACBOR","ROCKSTER FLAT 125 EVO","Barcelona","Cataluña","125",1
"MACBOR","ROCKSTER FLAT 125 EVO","Burgos","Castilla y León","125",1
"MACBOR","ROCKSTER FLAT 125 EVO","Cádiz","Andalucía","125",1
"MACBOR","ROCKSTER FLAT 125 EVO","Cuenca","Castilla-La Mancha","125",1
"MACBOR","ROCKSTER FLAT 125 EVO","Granada","Andalucía","125",1
"MACBOR","ROCKSTER FLAT 125 EVO","Illes Balears","Illes Balears","125",2
"MACBOR","ROCKSTER FLAT 125 EVO","Madrid","Comunidad de Madrid","125",2
"MACBOR","ROCKSTER FLAT 125 EVO","Navarra","Comunidad Foral de Navarra","125",2
"MACBOR","ROCKSTER FLAT 125 EVO","Pontevedra","Galicia","125",1
"MACBOR","ROCKSTER FLAT 125 EVO","Salamanca","Castilla y León","125",1
"MACBOR","ROCKSTER FLAT 125 EVO","Santa Cruz de Tenerife","Canarias","125",3
"MACBOR","ROCKSTER FLAT 125 EVO","Valencia/València","Comunidad Valenciana","125",4
"MACBOR","ROCKSTER FLAT 125 EVO","Zaragoza","Aragón","125",1
"MALCOR IBERICA","SX125","Alicante/Alacant","Comunidad Valenciana","125",1
"MALCOR IBERICA","SX125","Murcia","Región de Murcia","125",1
"MBP","SC 125","Almería","Andalucía","125",1
"MBP","SC 125","Barcelona","Cataluña","125",1
"MBP","SC 125","Córdoba","Andalucía","125",1
"MBP","SC 125","Santa Cruz de Tenerife","Canarias","125",1
"MBP","SC 125","Tarragona","Cataluña","125",1
"MBP","SC125LX","Barcelona","Cataluña","125",2
"MBP","SC125LX","Málaga","Andalucía","125",1
"MBP","SC300","Girona","Cataluña","278",1
"MBP","SC300","Madrid","Comunidad de Madrid","278",1
"MH MOTORCYCLES","BOGGA ROCKER","Sevilla","Andalucía","125",1
"MH MOTORCYCLES","FASTY","Sevilla","Andalucía","124",1
"MH MOTORCYCLES","TRAY","Alicante/Alacant","Comunidad Valenciana","125",3
"MH MOTORCYCLES","TRAY","Almería","Andalucía","125",3
"MH MOTORCYCLES","TRAY","Asturias","Principado de Asturias","125",1
"MH MOTORCYCLES","TRAY","Badajoz","Extremadura","125",1
"MH MOTORCYCLES","TRAY","Barcelona","Cataluña","125",1
"MH MOTORCYCLES","TRAY","Cáceres","Extremadura","125",1
"MH MOTORCYCLES","TRAY","Cádiz","Andalucía","125",5
"MH MOTORCYCLES","TRAY","Cantabria","Cantabria","125",1
"MH MOTORCYCLES","TRAY","Ciudad Real","Castilla-La Mancha","125",2
"MH MOTORCYCLES","TRAY","Córdoba","Andalucía","125",3
"MH MOTORCYCLES","TRAY","Coruña (A)","Galicia","125",1
"MH MOTORCYCLES","TRAY","Gipuzkoa","País Vasco","125",1
"MH MOTORCYCLES","TRAY","Granada","Andalucía","125",1
"MH MOTORCYCLES","TRAY","Jaén","Andalucía","125",1
"MH MOTORCYCLES","TRAY","Madrid","Comunidad de Madrid","125",5
"MH MOTORCYCLES","TRAY","Málaga","Andalucía","125",1
"MH MOTORCYCLES","TRAY","Murcia","Región de Murcia","125",4
"MH MOTORCYCLES","TRAY","Navarra","Comunidad Foral de Navarra","125",1
"MH MOTORCYCLES","TRAY","Palencia","Castilla y León","125",1
"MH MOTORCYCLES","TRAY","Palmas (Las)","Canarias","125",4
"MH MOTORCYCLES","TRAY","Salamanca","Castilla y León","125",1
"MH MOTORCYCLES","TRAY","Santa Cruz de Tenerife","Canarias","125",4
"MH MOTORCYCLES","TRAY","Sevilla","Andalucía","125",4
"MH MOTORCYCLES","TRAY","Tarragona","Cataluña","125",1
"MH MOTORCYCLES","TRAY","Toledo","Castilla-La Mancha","125",1
"MH MOTORCYCLES","TRAY","Valencia/València","Comunidad Valenciana","125",3
"MH MOTORCYCLES","VIRO","Madrid","Comunidad de Madrid","333",1
"MH MOTORCYCLES","VIRO","Málaga","Andalucía","333",1
"MH MOTORCYCLES","VIRO","Valencia/València","Comunidad Valenciana","333",1
"MH MOTORCYCLES","VR10","Alicante/Alacant","Comunidad Valenciana","124",2
"MH MOTORCYCLES","VR10","Badajoz","Extremadura","124",1
"MH MOTORCYCLES","VR10","Barcelona","Cataluña","124",1
"MH MOTORCYCLES","VR10","Cádiz","Andalucía","124",5
"MH MOTORCYCLES","VR10","Córdoba","Andalucía","124",2
"MH MOTORCYCLES","VR10","Granada","Andalucía","124",2
"MH MOTORCYCLES","VR10","Huelva","Andalucía","124",1
"MH MOTORCYCLES","VR10","Huesca","Aragón","124",1
"MH MOTORCYCLES","VR10","Jaén","Andalucía","124",1
"MH MOTORCYCLES","VR10","Madrid","Comunidad de Madrid","124",1
"MH MOTORCYCLES","VR10","Málaga","Andalucía","124",2
"MH MOTORCYCLES","VR10","Palmas (Las)","Canarias","124",1
"MH MOTORCYCLES","VR10","Pontevedra","Galicia","124",3
"MH MOTORCYCLES","VR10","Santa Cruz de Tenerife","Canarias","124",5
"MH MOTORCYCLES","VR10","Sevilla","Andalucía","124",4
"MH MOTORCYCLES","VR10","Valencia/València","Comunidad Valenciana","124",1
"MH MOTORCYCLES","VRS","Cádiz","Andalucía","124",2
"MH MOTORCYCLES","VRS","Córdoba","Andalucía","124",1
"MH MOTORCYCLES","VRS","Granada","Andalucía","124",2
"MH MOTORCYCLES","VRS","Illes Balears","Illes Balears","124",1
"MH MOTORCYCLES","VRS","Málaga","Andalucía","124",1
"MH MOTORCYCLES","VRT","Alicante/Alacant","Comunidad Valenciana","124",4
"MH MOTORCYCLES","VRT","Badajoz","Extremadura","124",1
"MH MOTORCYCLES","VRT","Barcelona","Cataluña","124",1
"MH MOTORCYCLES","VRT","Cádiz","Andalucía","124",3
"MH MOTORCYCLES","VRT","Cantabria","Cantabria","124",1
"MH MOTORCYCLES","VRT","Córdoba","Andalucía","124",4
"MH MOTORCYCLES","VRT","Granada","Andalucía","124",1
"MH MOTORCYCLES","VRT","Illes Balears","Illes Balears","124",1
"MH MOTORCYCLES","VRT","Madrid","Comunidad de Madrid","124",8
"MH MOTORCYCLES","VRT","Málaga","Andalucía","124",5
"MH MOTORCYCLES","VRT","Murcia","Región de Murcia","124",2
"MH MOTORCYCLES","VRT","Navarra","Comunidad Foral de Navarra","124",1
"MH MOTORCYCLES","VRT","Salamanca","Castilla y León","124",1
"MH MOTORCYCLES","VRT","Sevilla","Andalucía","124",3
"MH MOTORCYCLES","VRT","Valencia/València","Comunidad Valenciana","124",3
"MH MOTORCYCLES","XRT","Ciudad Real","Castilla-La Mancha","125",1
"MH MOTORCYCLES","XRT","Granada","Andalucía","125",1
"MH MOTORCYCLES","XRT","Murcia","Región de Murcia","125",1
"MH MOTORCYCLES","XRT","Palmas (Las)","Canarias","125",1
"MH MOTORCYCLES","XRT","Zaragoza","Aragón","125",1
"MITT","125 DESERT","Alicante/Alacant","Comunidad Valenciana","125",1
"MITT","125 DESERT","Almería","Andalucía","125",1
"MITT","125 DESERT","Asturias","Principado de Asturias","125",1
"MITT","125 DESERT","Cádiz","Andalucía","125",1
"MITT","125 DESERT","Córdoba","Andalucía","125",1
"MITT","125 DESERT","Gipuzkoa","País Vasco","125",1
"MITT","125 DESERT","Jaén","Andalucía","125",1
"MITT","125 DESERT","Lleida","Cataluña","125",1
"MITT","125 DESERT","Lugo","Galicia","125",1
"MITT","125 DESERT","Palmas (Las)","Canarias","125",1
"MITT","125 DESERT","Pontevedra","Galicia","125",1
"MITT","125 DESERT","Sevilla","Andalucía","125",3
"MITT","125 DESERT","Teruel","Aragón","125",1
"MITT","125 DESERT","Valencia/València","Comunidad Valenciana","125",1
"MITT","125 DESERT","Valladolid","Castilla y León","125",1
"MITT","125 DESERT","Zaragoza","Aragón","125",1
"MITT","125 NK","Almería","Andalucía","124",1
"MITT","125 NK","Badajoz","Extremadura","124",1
"MITT","125 NK","Barcelona","Cataluña","124",2
"MITT","125 NK","Bizkaia","País Vasco","124",1
"MITT","125 NK","Cantabria","Cantabria","124",3
"MITT","125 NK","Ciudad Real","Castilla-La Mancha","124",2
"MITT","125 NK","Huelva","Andalucía","124",1
"MITT","125 NK","Madrid","Comunidad de Madrid","124",2
"MITT","125 NK","Sevilla","Andalucía","124",2
"MITT","125 NK","Valencia/València","Comunidad Valenciana","124",1
"MITT","125 NK","Valladolid","Castilla y León","124",1
"MITT","125 NK","Zaragoza","Aragón","124",1
"MITT","125GP","Bizkaia","País Vasco","124",1
"MITT","125GP","Cantabria","Cantabria","124",1
"MITT","125GP","Gipuzkoa","País Vasco","124",1
"MITT","125GP","Guadalajara","Castilla-La Mancha","124",1
"MITT","125GP","Lleida","Cataluña","124",1
"MITT","125GP","Madrid","Comunidad de Madrid","124",11
"MITT","125GP","Málaga","Andalucía","124",2
"MITT","125GP","Murcia","Región de Murcia","124",1
"MITT","125GP","Palmas (Las)","Canarias","124",1
"MITT","125GP","Valencia/València","Comunidad Valenciana","124",1
"MITT","125GP","Zamora","Castilla y León","124",1
"MITT","125GP","Zaragoza","Aragón","124",1
"MITT","125GTS","Albacete","Castilla-La Mancha","125",1
"MITT","125GTS","Alicante/Alacant","Comunidad Valenciana","125",2
"MITT","125GTS","Asturias","Principado de Asturias","125",1
"MITT","125GTS","Badajoz","Extremadura","125",2
"MITT","125GTS","Barcelona","Cataluña","125",4
"MITT","125GTS","Cádiz","Andalucía","125",1
"MITT","125GTS","Castellón/Castelló","Comunidad Valenciana","125",1
"MITT","125GTS","Coruña (A)","Galicia","125",1
"MITT","125GTS","Huelva","Andalucía","125",1
"MITT","125GTS","Madrid","Comunidad de Madrid","125",3
"MITT","125GTS","Málaga","Andalucía","125",1
"MITT","125GTS","Palmas (Las)","Canarias","125",1
"MITT","125GTS","Santa Cruz de Tenerife","Canarias","125",2
"MITT","125GTS","Segovia","Castilla y León","125",1
"MITT","125GTS","Sevilla","Andalucía","125",8
"MITT","125GTS","Tarragona","Cataluña","125",1
"MITT","125GTS","Valencia/València","Comunidad Valenciana","125",4
"MITT","125GTS","Zaragoza","Aragón","125",1
"MITT","125R1","Álava/Araba","País Vasco","124",1
"MITT","125R1","Cádiz","Andalucía","124",1
"MITT","125R1","Palmas (Las)","Canarias","124",1
"MITT","300GT MAX","Sevilla","Andalucía","276",4
"MITT","330 GTS","Sevilla","Andalucía","276",1
"MITT","CPX 125 LIQUID","Alicante/Alacant","Comunidad Valenciana","125",1
"MITT","CPX 125 LIQUID","Cádiz","Andalucía","125",2
"MITT","EMPEROR","Alicante/Alacant","Comunidad Valenciana","125",1
"MITT","EMPEROR","Asturias","Principado de Asturias","125",1
"MITT","EMPEROR","Barcelona","Cataluña","125",1
"MITT","EMPEROR","Cádiz","Andalucía","125",1
"MITT","EMPEROR","Lleida","Cataluña","125",2
"MITT","EMPEROR","Palmas (Las)","Canarias","125",2
"MITT","EMPEROR","Pontevedra","Galicia","125",1
"MITT","EMPEROR","Sevilla","Andalucía","125",3
"MITT","EMPEROR","Valladolid","Castilla y León","125",1
"MITT","EMPEROR","Zaragoza","Aragón","125",1
"MITT","GT-S","Ciudad Real","Castilla-La Mancha","125",1
"MITT","GT-S","Málaga","Andalucía","125",1
"MITT","GT-S","Murcia","Región de Murcia","125",1
"MITT","GT-S","Palmas (Las)","Canarias","125",1
"MITT","GT-S","Santa Cruz de Tenerife","Canarias","125",3
"MITT","IBIZA","Madrid","Comunidad de Madrid","125",1
"MITT","IBIZA","Santa Cruz de Tenerife","Canarias","125",1
"MITT","IBIZA","Zaragoza","Aragón","125",1
"MITT","K750","Asturias","Principado de Asturias","730",1
"MITT","K750","Barcelona","Cataluña","730",1
"MITT","K750","Illes Balears","Illes Balears","730",1
"MITT","K750","Santa Cruz de Tenerife","Canarias","730",1
"MITT","KYLIN 750","Cádiz","Andalucía","730",1
"MITT","KYLIN 750","Ciudad Real","Castilla-La Mancha","730",1
"MITT","KYLIN 750","Granada","Andalucía","730",1
"MITT","KYLIN 750","Melilla","Melilla","730",1
"MITT","KYLIN 750","Sevilla","Andalucía","730",1
"MITT","KYLIN 750","Tarragona","Cataluña","730",1
"MITT","KYLIN 750","Valladolid","Castilla y León","730",1
"MITT","LEGRAND","Santa Cruz de Tenerife","Canarias","125",1
"MITT","LEGRAND","Sevilla","Andalucía","125",1
"MITT","MITT 555TT","Barcelona","Cataluña","471",1
"MITT","MITT 555TT","Granada","Andalucía","471",1
"MITT","MITT 555TT","Madrid","Comunidad de Madrid","471",1
"MITT","MITT 555TT","Santa Cruz de Tenerife","Canarias","471",1
"MITT","MITT 555TT","Sevilla","Andalucía","471",2
"MITT","MITT ADV 125","Jaén","Andalucía","124",1
"MITT","MITT SUPPER","Álava/Araba","País Vasco","125",1
"MITT","MITT SUPPER","Almería","Andalucía","125",2
"MITT","MITT SUPPER","Cádiz","Andalucía","125",1
"MITT","MITT SUPPER","Ciudad Real","Castilla-La Mancha","125",1
"MITT","MITT SUPPER","Madrid","Comunidad de Madrid","125",2
"MITT","MITT SUPPER","Navarra","Comunidad Foral de Navarra","125",1
"MITT","MITT SUPPER","Santa Cruz de Tenerife","Canarias","125",4
"MITT","MITT SUPPER","Tarragona","Cataluña","125",1
"MITT","MITT SUPPER","Zaragoza","Aragón","125",1
"MITT","OGAR LEGEND","Albacete","Castilla-La Mancha","125",1
"MITT","OGAR LEGEND","Badajoz","Extremadura","125",1
"MITT","OGAR LEGEND","Barcelona","Cataluña","125",1
"MITT","OGAR LEGEND","Bizkaia","País Vasco","125",1
"MITT","OGAR LEGEND","Granada","Andalucía","125",2
"MITT","OGAR LEGEND","Huelva","Andalucía","125",1
"MITT","OGAR LEGEND","Málaga","Andalucía","125",1
"MITT","OGAR LEGEND","Sevilla","Andalucía","125",2
"MITT","OGAR LEGEND","Valladolid","Castilla y León","125",1
"MITT","SCRAMBLER 125","Huesca","Aragón","124",1
"MITT","TRAVELLER","Pontevedra","Galicia","799",1
"MITT","TY125T-26F","Almería","Andalucía","125",1
"MITT","TY125T-26F","Barcelona","Cataluña","125",2
"MITT","TY125T-26F","Cádiz","Andalucía","125",2
"MITT","TY125T-26F","Huelva","Andalucía","125",1
"MITT","TY125T-26F","Illes Balears","Illes Balears","125",1
"MITT","TY125T-26F","Lleida","Cataluña","125",1
"MITT","TY125T-26F","Madrid","Comunidad de Madrid","125",3
"MITT","TY125T-26F","Málaga","Andalucía","125",4
"MITT","TY125T-26F","Salamanca","Castilla y León","125",1
"MITT","TY125T-26F","Sevilla","Andalucía","125",1
"MITT","TY125T-26F","Valencia/València","Comunidad Valenciana","125",2
"MITT","TY125T-51E","Palmas (Las)","Canarias","125",1
"MITT","TY125T-58E","Alicante/Alacant","Comunidad Valenciana","125",1
"MITT","TY125T-58E","Cádiz","Andalucía","125",8
"MITT","TY125T-58E","Cantabria","Cantabria","125",1
"MITT","TY125T-58E","Gipuzkoa","País Vasco","125",1
"MITT","TY125T-58E","Illes Balears","Illes Balears","125",1
"MITT","TY125T-58E","Madrid","Comunidad de Madrid","125",1
"MITT","TY125T-58E","Málaga","Andalucía","125",1
"MITT","TY125T-58E","Palmas (Las)","Canarias","125",1
"MITT","TY125T-58E","Sevilla","Andalucía","125",7
"MITT","TY125T-58E","Valencia/València","Comunidad Valenciana","125",3
"MITT","URBAN","Castellón/Castelló","Comunidad Valenciana","125",1
"MITT","XRS","Gipuzkoa","País Vasco","125",1
"MITT","XRS","Sevilla","Andalucía","125",2
"MONDIAL","HPS","Alicante/Alacant","Comunidad Valenciana","124",2
"MONDIAL","HPS","Barcelona","Cataluña","124",1
"MONDIAL","HPS","Cádiz","Andalucía","124",1
"MONDIAL","HPS","Coruña (A)","Galicia","124",1
"MONDIAL","PIEGA","Almería","Andalucía","124",1
"MONDIAL","PIEGA","Castellón/Castelló","Comunidad Valenciana","124",1
"MONDIAL","PIEGA","Murcia","Región de Murcia","124",1
"MONDIAL","PIEGA","Sevilla","Andalucía","124",1
"MONDIAL","SMX","Almería","Andalucía","124",1
"MONDIAL","SMX","Córdoba","Andalucía","124",1
"MONDIAL","SPARTAN 125","Almería","Andalucía","124",1
"MONDIAL","SPARTAN 125","Madrid","Comunidad de Madrid","124",1
"MONDIAL","SPARTAN 125","Palmas (Las)","Canarias","124",1
"MONTESA","4RIDE","Barcelona","Cataluña","259",1
"MONTESA","COTA 4RT 260","Alicante/Alacant","Comunidad Valenciana","259",1
"MONTESA","COTA 4RT 260","Barcelona","Cataluña","259",1
"MONTESA","COTA 4RT 260","Castellón/Castelló","Comunidad Valenciana","259",1
"MONTESA","COTA 4RT 260","Pontevedra","Galicia","259",1
"MONTESA","COTA 4RT 301RR","Girona","Cataluña","298",1
"MONTESA","COTA 4RT 301RR","Soria","Castilla y León","298",1
"MORBIDELLI","C1002V","Barcelona","Cataluña","997",1
"MORBIDELLI","C1002V","Cáceres","Extremadura","997",1
"MORBIDELLI","C1002V","Madrid","Comunidad de Madrid","997",1
"MORBIDELLI","C1002V","Tarragona","Cataluña","997",1
"MORBIDELLI","F125","Alicante/Alacant","Comunidad Valenciana","125",3
"MORBIDELLI","F125","Barcelona","Cataluña","125",1
"MORBIDELLI","F125","Bizkaia","País Vasco","125",1
"MORBIDELLI","F125","Cádiz","Andalucía","125",1
"MORBIDELLI","F125","Girona","Cataluña","125",2
"MORBIDELLI","F125","Guadalajara","Castilla-La Mancha","125",1
"MORBIDELLI","F125","Huelva","Andalucía","125",2
"MORBIDELLI","F125","Murcia","Región de Murcia","125",2
"MORBIDELLI","F125","Santa Cruz de Tenerife","Canarias","125",1
"MORBIDELLI","F125","Sevilla","Andalucía","125",1
"MORBIDELLI","F125","Tarragona","Cataluña","125",1
"MORBIDELLI","F125","Toledo","Castilla-La Mancha","125",1
"MORBIDELLI","F352","Barcelona","Cataluña","349",1
"MORBIDELLI","F352","Cantabria","Cantabria","349",1
"MORBIDELLI","F352","Madrid","Comunidad de Madrid","349",2
"MORBIDELLI","NR125X","Alicante/Alacant","Comunidad Valenciana","125",1
"MORBIDELLI","NR125X","Barcelona","Cataluña","125",2
"MORBIDELLI","NR125X","Madrid","Comunidad de Madrid","125",1
"MORBIDELLI","SC 125","Álava/Araba","País Vasco","125",1
"MORBIDELLI","SC 125","Alicante/Alacant","Comunidad Valenciana","125",2
"MORBIDELLI","SC 125","Almería","Andalucía","125",1
"MORBIDELLI","SC 125","Asturias","Principado de Asturias","125",1
"MORBIDELLI","SC 125","Barcelona","Cataluña","125",2
"MORBIDELLI","SC 125","Cantabria","Cantabria","125",2
"MORBIDELLI","SC 125","Huelva","Andalucía","125",1
"MORBIDELLI","SC 125","Jaén","Andalucía","125",1
"MORBIDELLI","SC 125","León","Castilla y León","125",1
"MORBIDELLI","SC 125","Madrid","Comunidad de Madrid","125",1
"MORBIDELLI","SC 125","Málaga","Andalucía","125",1
"MORBIDELLI","SC 125","Sevilla","Andalucía","125",3
"MORBIDELLI","SC 125","Tarragona","Cataluña","125",1
"MORBIDELLI","SC125 RE","Alicante/Alacant","Comunidad Valenciana","125",1
"MORBIDELLI","SC125 RE","Cáceres","Extremadura","125",1
"MORBIDELLI","SC125 RE","Ceuta","Ceuta","125",3
"MORBIDELLI","SC125 RE","Murcia","Región de Murcia","125",1
"MORBIDELLI","SC125 RE","Sevilla","Andalucía","125",2
"MORBIDELLI","SC125 RE","Valencia/València","Comunidad Valenciana","125",2
"MORBIDELLI","SC125 RE","Zaragoza","Aragón","125",1
"MORBIDELLI","SC125LX","Álava/Araba","País Vasco","125",1
"MORBIDELLI","SC125LX","Barcelona","Cataluña","125",5
"MORBIDELLI","SC125LX","Cantabria","Cantabria","125",1
"MORBIDELLI","SC125LX","Gipuzkoa","País Vasco","125",1
"MORBIDELLI","SC125LX","León","Castilla y León","125",1
"MORBIDELLI","SC125LX","Málaga","Andalucía","125",1
"MORBIDELLI","SC125LX","Santa Cruz de Tenerife","Canarias","125",1
"MORBIDELLI","SC125LX","Sevilla","Andalucía","125",2
"MORBIDELLI","SC125LX","Tarragona","Cataluña","125",3
"MORBIDELLI","SC125LX","Zaragoza","Aragón","125",1
"MORBIDELLI","T1002VX","Badajoz","Extremadura","997",2
"MORBIDELLI","T1002VX","Barcelona","Cataluña","997",2
"MORBIDELLI","T1002VX","Bizkaia","País Vasco","997",1
"MORBIDELLI","T1002VX","Coruña (A)","Galicia","997",1
"MORBIDELLI","T1002VX","Girona","Cataluña","997",1
"MORBIDELLI","T1002VX","Jaén","Andalucía","997",1
"MORBIDELLI","T1002VX","Lleida","Cataluña","997",1
"MORBIDELLI","T1002VX","Madrid","Comunidad de Madrid","997",2
"MORBIDELLI","T1002VX","Tarragona","Cataluña","997",1
"MORBIDELLI","T1002VX","Valencia/València","Comunidad Valenciana","997",1
"MORBIDELLI","T1002VX","Zaragoza","Aragón","997",1
"MORBIDELLI","T125","Madrid","Comunidad de Madrid","124",1
"MORBIDELLI","T125","Pontevedra","Galicia","124",1
"MORBIDELLI","T125","Sevilla","Andalucía","124",2
"MORBIDELLI","T125 X","Álava/Araba","País Vasco","124",1
"MORBIDELLI","T125 X","Alicante/Alacant","Comunidad Valenciana","124",2
"MORBIDELLI","T125 X","Barcelona","Cataluña","124",2
"MORBIDELLI","T125 X","Bizkaia","País Vasco","124",1
"MORBIDELLI","T125 X","Cáceres","Extremadura","124",1
"MORBIDELLI","T125 X","Ceuta","Ceuta","124",1
"MORBIDELLI","T125 X","Ciudad Real","Castilla-La Mancha","124",1
"MORBIDELLI","T125 X","Coruña (A)","Galicia","124",2
"MORBIDELLI","T125 X","Huelva","Andalucía","124",1
"MORBIDELLI","T125 X","León","Castilla y León","124",3
"MORBIDELLI","T125 X","Lleida","Cataluña","124",1
"MORBIDELLI","T125 X","Madrid","Comunidad de Madrid","124",2
"MORBIDELLI","T125 X","Málaga","Andalucía","124",2
"MORBIDELLI","T125 X","Murcia","Región de Murcia","124",2
"MORBIDELLI","T125 X","Navarra","Comunidad Foral de Navarra","124",1
"MORBIDELLI","T125 X","Segovia","Castilla y León","124",1
"MORBIDELLI","T125 X","Sevilla","Andalucía","124",1
"MORBIDELLI","T125 X","Tarragona","Cataluña","124",1
"MORBIDELLI","T125 X","Toledo","Castilla-La Mancha","124",1
"MORBIDELLI","T125 X","Valencia/València","Comunidad Valenciana","124",1
"MORBIDELLI","T125 X","Zaragoza","Aragón","124",1
"MORBIDELLI","T352X","Barcelona","Cataluña","349",2
"MORBIDELLI","T352X","Granada","Andalucía","349",1
"MORBIDELLI","T352X","Madrid","Comunidad de Madrid","349",2
"MORBIDELLI","T352X","Sevilla","Andalucía","349",1
"MORBIDELLI","T352X","Tarragona","Cataluña","349",1
"MORBIDELLI","T502X","Barcelona","Cataluña","486",1
"MORBIDELLI","T502X","Bizkaia","País Vasco","486",2
"MORBIDELLI","T502X","Córdoba","Andalucía","486",1
"MORBIDELLI","T502X","Granada","Andalucía","486",1
"MORBIDELLI","T502X","Huelva","Andalucía","486",1
"MORBIDELLI","T502X","Málaga","Andalucía","486",1
"MORBIDELLI","T502X","Murcia","Región de Murcia","486",2
"MORBIDELLI","T502X","Tarragona","Cataluña","486",1
"MOTO GUZZI","STELVIO","Barcelona","Cataluña","1042",1
"MOTO GUZZI","STELVIO","Córdoba","Andalucía","1042",1
"MOTO GUZZI","STELVIO","Málaga","Andalucía","1042",1
"MOTO GUZZI","STELVIO "DUECENTO TRIB","Barcelona","Cataluña","1042",2
"MOTO GUZZI","STELVIO (A.R.A.S.)","Cádiz","Andalucía","1042",1
"MOTO GUZZI","STELVIO (A.R.A.S.)","Coruña (A)","Galicia","1042",1
"MOTO GUZZI","STELVIO (A.R.A.S.)","Palmas (Las)","Canarias","1042",1
"MOTO GUZZI","STELVIO (A.R.A.S.)","Pontevedra","Galicia","1042",1
"MOTO GUZZI","V100 MANDELLO","Cádiz","Andalucía","1042",2
"MOTO GUZZI","V100 MANDELLO S","Málaga","Andalucía","1042",1
"MOTO GUZZI","V7 CORSA","Barcelona","Cataluña","853",1
"MOTO GUZZI","V7 SPECIAL","Alicante/Alacant","Comunidad Valenciana","853",1
"MOTO GUZZI","V7 SPECIAL","Asturias","Principado de Asturias","853",1
"MOTO GUZZI","V7 SPECIAL","Barcelona","Cataluña","853",1
"MOTO GUZZI","V7 SPECIAL","Coruña (A)","Galicia","853",1
"MOTO GUZZI","V7 SPECIAL","Jaén","Andalucía","853",1
"MOTO GUZZI","V7 SPECIAL","Tarragona","Cataluña","853",1
"MOTO GUZZI","V7 SPORT","Alicante/Alacant","Comunidad Valenciana","853",2
"MOTO GUZZI","V7 SPORT","Barcelona","Cataluña","853",3
"MOTO GUZZI","V7 STONE","Barcelona","Cataluña","853",3
"MOTO GUZZI","V7 STONE","Bizkaia","País Vasco","853",1
"MOTO GUZZI","V7 STONE","Coruña (A)","Galicia","853",1
"MOTO GUZZI","V7 STONE","Lleida","Cataluña","853",1
"MOTO GUZZI","V7 STONE","Murcia","Región de Murcia","853",1
"MOTO GUZZI","V7 STONE","Sevilla","Andalucía","853",1
"MOTO GUZZI","V7 STONE","Valencia/València","Comunidad Valenciana","853",1
"MOTO GUZZI","V85 STRADA","Badajoz","Extremadura","853",1
"MOTO GUZZI","V85 STRADA","Tarragona","Cataluña","853",1
"MOTO GUZZI","V85 TT","Asturias","Principado de Asturias","853",1
"MOTO GUZZI","V85 TT","Cádiz","Andalucía","853",1
"MOTO GUZZI","V85 TT","Valencia/València","Comunidad Valenciana","853",1
"MOTO GUZZI","V85 TT TRAVEL","Almería","Andalucía","853",1
"MOTO GUZZI","V85 TT TRAVEL","Barcelona","Cataluña","853",1
"MOTO GUZZI","V85 TT TRAVEL","Málaga","Andalucía","853",1
"MOTO GUZZI","V9 BOBBER","Málaga","Andalucía","853",1
"MOTO GUZZI","V9 ROAMER","Cádiz","Andalucía","853",1
"MOTO MORINI","6 ½ STR","Albacete","Castilla-La Mancha","649",1
"MOTO MORINI","X-CAPE","Toledo","Castilla-La Mancha","649",1
"MOTO MORINI","X-CAPE 700","Almería","Andalucía","693",1
"MOTO MORINI","X-CAPE 700","Barcelona","Cataluña","693",1
"MOTO MORINI","X-CAPE 700","Huesca","Aragón","693",1
"MOTO MORINI","X-CAPE 700","Illes Balears","Illes Balears","693",1
"MOTO MORINI","X-CAPE 700","Murcia","Región de Murcia","693",1
"MOTO MORINI","X-CAPE 700","Teruel","Aragón","693",1
"MOTO MORINI","X-CAPE 700","Valencia/València","Comunidad Valenciana","693",1
"MOTO MORINI","X-CAPE 700","Valladolid","Castilla y León","693",1
"MOTRON MOTORRAD","IDEO","Lleida","Cataluña","125",1
"MTR BIKES","CP250","Cádiz","Andalucía","247",1
"MTR BIKES","GRAND TOUR","Cádiz","Andalucía","125",1
"MTR BIKES","GRAND TOUR","Sevilla","Andalucía","125",1
"MTR BIKES","VMAX 125","Sevilla","Andalucía","125",1
"MV AGUSTA","BRUTALE 1000 RR","Sevilla","Andalucía","998",1
"MV AGUSTA","BRUTALE 1000 RS","Madrid","Comunidad de Madrid","998",1
"MV AGUSTA","BRUTALE R","Madrid","Comunidad de Madrid","798",2
"MV AGUSTA","BRUTALE R","Málaga","Andalucía","798",2
"MV AGUSTA","BRUTALE RR","Madrid","Comunidad de Madrid","801",1
"MV AGUSTA","DRAGSTER R","Barcelona","Cataluña","798",1
"MV AGUSTA","DRAGSTER R","Cádiz","Andalucía","798",1
"MV AGUSTA","DRAGSTER R","Guadalajara","Castilla-La Mancha","798",1
"MV AGUSTA","DRAGSTER R","Madrid","Comunidad de Madrid","798",1
"MV AGUSTA","DRAGSTER R","Valencia/València","Comunidad Valenciana","798",1
"MV AGUSTA","SUPERVELOCE","Girona","Cataluña","798",1
"MV AGUSTA","SUPERVELOCE","Granada","Andalucía","798",1
"MV AGUSTA","SUPERVELOCE","Madrid","Comunidad de Madrid","798",1
"NEXT","NX CROSS 125I","Alicante/Alacant","Comunidad Valenciana","125",1
"NEXT","NX CROSS 125I","Bizkaia","País Vasco","125",1
"NEXT","NX CROSS 125I","Cádiz","Andalucía","125",2
"NEXT","NX CROSS 125I","Cantabria","Cantabria","125",1
"NEXT","NX CROSS 125I","Granada","Andalucía","125",1
"NEXT","NX CROSS 125I","Illes Balears","Illes Balears","125",3
"NEXT","NX CROSS 125I","Jaén","Andalucía","125",1
"NEXT","NX CROSS 125I","Málaga","Andalucía","125",1
"NEXT","NX CROSS 125I","Murcia","Región de Murcia","125",2
"NEXT","NX CROSS 125I","Palencia","Castilla y León","125",1
"NEXT","NX CROSS 125I","Sevilla","Andalucía","125",2
"NEXT","NX CROSS 125I","Valencia/València","Comunidad Valenciana","125",2
"NEXT","NX2 125I","Alicante/Alacant","Comunidad Valenciana","125",1
"NEXT","NX2 125I","Barcelona","Cataluña","125",1
"NEXT","NX2 125I","Illes Balears","Illes Balears","125",2
"NEXT","NX2 125I","Málaga","Andalucía","125",1
"NEXT","NX2 125I","Murcia","Región de Murcia","125",2
"NEXT","NX2 125I","Sevilla","Andalucía","125",3
"NEXT","NX2 125I","Valencia/València","Comunidad Valenciana","125",1
"ORCAL","SK125-K","Barcelona","Cataluña","124",1
"PEUGEOT","DJANGO","Alicante/Alacant","Comunidad Valenciana","125",7
"PEUGEOT","DJANGO","Barcelona","Cataluña","125",2
"PEUGEOT","DJANGO","Cádiz","Andalucía","125",1
"PEUGEOT","DJANGO","Illes Balears","Illes Balears","125",3
"PEUGEOT","DJANGO","Madrid","Comunidad de Madrid","125",3
"PEUGEOT","DJANGO","Murcia","Región de Murcia","125",3
"PEUGEOT","DJANGO","Tarragona","Cataluña","125",1
"PEUGEOT","DJANGO","Valencia/València","Comunidad Valenciana","125",2
"PEUGEOT","DJANGO","Zaragoza","Aragón","125",1
"PEUGEOT","KISBEE M","Albacete","Castilla-La Mancha","125",1
"PEUGEOT","KISBEE M","Alicante/Alacant","Comunidad Valenciana","125",4
"PEUGEOT","KISBEE M","Almería","Andalucía","125",1
"PEUGEOT","KISBEE M","Ávila","Castilla y León","125",1
"PEUGEOT","KISBEE M","Badajoz","Extremadura","125",1
"PEUGEOT","KISBEE M","Barcelona","Cataluña","125",3
"PEUGEOT","KISBEE M","Cádiz","Andalucía","125",2
"PEUGEOT","KISBEE M","Ceuta","Ceuta","125",2
"PEUGEOT","KISBEE M","Ciudad Real","Castilla-La Mancha","125",1
"PEUGEOT","KISBEE M","Girona","Cataluña","125",3
"PEUGEOT","KISBEE M","Granada","Andalucía","125",2
"PEUGEOT","KISBEE M","Guadalajara","Castilla-La Mancha","125",1
"PEUGEOT","KISBEE M","Madrid","Comunidad de Madrid","125",17
"PEUGEOT","KISBEE M","Málaga","Andalucía","125",6
"PEUGEOT","KISBEE M","Murcia","Región de Murcia","125",1
"PEUGEOT","KISBEE M","Palmas (Las)","Canarias","125",2
"PEUGEOT","KISBEE M","Santa Cruz de Tenerife","Canarias","125",7
"PEUGEOT","KISBEE M","Valencia/València","Comunidad Valenciana","125",2
"PEUGEOT","PM-01","Almería","Andalucía","125",1
"PEUGEOT","PM-01","Cádiz","Andalucía","125",1
"PEUGEOT","PM-01","Palmas (Las)","Canarias","125",1
"PEUGEOT","PM-03","Murcia","Región de Murcia","292",1
"PEUGEOT","PULSION","Albacete","Castilla-La Mancha","125",1
"PEUGEOT","PULSION","Alicante/Alacant","Comunidad Valenciana","125",2
"PEUGEOT","PULSION","Asturias","Principado de Asturias","125",1
"PEUGEOT","PULSION","Barcelona","Cataluña","125",1
"PEUGEOT","PULSION","Cádiz","Andalucía","125",2
"PEUGEOT","PULSION","Illes Balears","Illes Balears","125",1
"PEUGEOT","PULSION","Madrid","Comunidad de Madrid","125",5
"PEUGEOT","PULSION","Murcia","Región de Murcia","125",6
"PEUGEOT","PULSION","Santa Cruz de Tenerife","Canarias","125",1
"PEUGEOT","PULSION","Tarragona","Cataluña","125",4
"PEUGEOT","TWEET","Granada","Andalucía","125",2
"PEUGEOT","TWEET","Jaén","Andalucía","125",1
"PEUGEOT","TWEET","Málaga","Andalucía","125",3
"PEUGEOT","TWEET","Sevilla","Andalucía","125",1
"PEUGEOT","TWEET FL 125 CC","Alicante/Alacant","Comunidad Valenciana","125",3
"PEUGEOT","TWEET FL 125 CC","Almería","Andalucía","125",2
"PEUGEOT","TWEET FL 125 CC","Asturias","Principado de Asturias","125",2
"PEUGEOT","TWEET FL 125 CC","Badajoz","Extremadura","125",1
"PEUGEOT","TWEET FL 125 CC","Cádiz","Andalucía","125",1
"PEUGEOT","TWEET FL 125 CC","Illes Balears","Illes Balears","125",1
"PEUGEOT","TWEET FL 125 CC","Madrid","Comunidad de Madrid","125",1
"PEUGEOT","TWEET FL 125 CC","Málaga","Andalucía","125",5
"PEUGEOT","TWEET FL 125 CC","Murcia","Región de Murcia","125",2
"PEUGEOT","TWEET FL 125 CC","Pontevedra","Galicia","125",2
"PEUGEOT","TWEET FL 125 CC","Santa Cruz de Tenerife","Canarias","125",2
"PEUGEOT","TWEET FL 125 CC","Tarragona","Cataluña","125",2
"PEUGEOT","TWEET FL 125 CC","Toledo","Castilla-La Mancha","125",2
"PEUGEOT","TWEET FL 125 CC","Valencia/València","Comunidad Valenciana","125",1
"PIAGGIO","BEVERLY 300 HPE","Málaga","Andalucía","278",1
"PIAGGIO","BEVERLY 300 HPE","Santa Cruz de Tenerife","Canarias","278",1
"PIAGGIO","BEVERLY 310 HPE","Almería","Andalucía","310",1
"PIAGGIO","BEVERLY 310 HPE","Barcelona","Cataluña","310",5
"PIAGGIO","BEVERLY 310 HPE","Córdoba","Andalucía","310",1
"PIAGGIO","BEVERLY 310 HPE","Girona","Cataluña","310",1
"PIAGGIO","BEVERLY 310 HPE","Granada","Andalucía","310",1
"PIAGGIO","BEVERLY 310 HPE","Madrid","Comunidad de Madrid","310",2
"PIAGGIO","BEVERLY 310 HPE","Sevilla","Andalucía","310",2
"PIAGGIO","BEVERLY 310 HPE","Valencia/València","Comunidad Valenciana","310",1
"PIAGGIO","BEVERLY 400 HPE","Barcelona","Cataluña","399",2
"PIAGGIO","BEVERLY 400 HPE","Bizkaia","País Vasco","399",1
"PIAGGIO","BEVERLY 400 HPE","Cádiz","Andalucía","399",1
"PIAGGIO","BEVERLY 400 HPE","Granada","Andalucía","399",4
"PIAGGIO","BEVERLY 400 HPE","Jaén","Andalucía","399",1
"PIAGGIO","BEVERLY 400 HPE","Lleida","Cataluña","399",1
"PIAGGIO","BEVERLY 400 HPE","Madrid","Comunidad de Madrid","399",1
"PIAGGIO","BEVERLY 400 HPE","Málaga","Andalucía","399",1
"PIAGGIO","BEVERLY 400 HPE","Palmas (Las)","Canarias","399",1
"PIAGGIO","BEVERLY 400 HPE","Santa Cruz de Tenerife","Canarias","399",2
"PIAGGIO","BEVERLY 400 HPE","Sevilla","Andalucía","399",1
"PIAGGIO","BEVERLY 400 HPE","Tarragona","Cataluña","399",2
"PIAGGIO","LIBERTY 125 ABS","Álava/Araba","País Vasco","124",1
"PIAGGIO","LIBERTY 125 ABS","Alicante/Alacant","Comunidad Valenciana","124",7
"PIAGGIO","LIBERTY 125 ABS","Almería","Andalucía","124",2
"PIAGGIO","LIBERTY 125 ABS","Badajoz","Extremadura","124",3
"PIAGGIO","LIBERTY 125 ABS","Barcelona","Cataluña","124",27
"PIAGGIO","LIBERTY 125 ABS","Bizkaia","País Vasco","124",1
"PIAGGIO","LIBERTY 125 ABS","Cáceres","Extremadura","124",1
"PIAGGIO","LIBERTY 125 ABS","Cádiz","Andalucía","124",79
"PIAGGIO","LIBERTY 125 ABS","Castellón/Castelló","Comunidad Valenciana","124",1
"PIAGGIO","LIBERTY 125 ABS","Ceuta","Ceuta","124",2
"PIAGGIO","LIBERTY 125 ABS","Córdoba","Andalucía","124",9
"PIAGGIO","LIBERTY 125 ABS","Gipuzkoa","País Vasco","124",5
"PIAGGIO","LIBERTY 125 ABS","Girona","Cataluña","124",2
"PIAGGIO","LIBERTY 125 ABS","Granada","Andalucía","124",7
"PIAGGIO","LIBERTY 125 ABS","Huelva","Andalucía","124",3
"PIAGGIO","LIBERTY 125 ABS","Illes Balears","Illes Balears","124",3
"PIAGGIO","LIBERTY 125 ABS","Jaén","Andalucía","124",1
"PIAGGIO","LIBERTY 125 ABS","Lleida","Cataluña","124",7
"PIAGGIO","LIBERTY 125 ABS","Madrid","Comunidad de Madrid","124",15
"PIAGGIO","LIBERTY 125 ABS","Málaga","Andalucía","124",16
"PIAGGIO","LIBERTY 125 ABS","Melilla","Melilla","124",1
"PIAGGIO","LIBERTY 125 ABS","Murcia","Región de Murcia","124",6
"PIAGGIO","LIBERTY 125 ABS","Navarra","Comunidad Foral de Navarra","124",2
"PIAGGIO","LIBERTY 125 ABS","Ourense","Galicia","124",1
"PIAGGIO","LIBERTY 125 ABS","Palmas (Las)","Canarias","124",6
"PIAGGIO","LIBERTY 125 ABS","Pontevedra","Galicia","124",2
"PIAGGIO","LIBERTY 125 ABS","Rioja (La)","La Rioja","124",1
"PIAGGIO","LIBERTY 125 ABS","Santa Cruz de Tenerife","Canarias","124",5
"PIAGGIO","LIBERTY 125 ABS","Segovia","Castilla y León","124",1
"PIAGGIO","LIBERTY 125 ABS","Sevilla","Andalucía","124",23
"PIAGGIO","LIBERTY 125 ABS","Tarragona","Cataluña","124",1
"PIAGGIO","LIBERTY 125 ABS","Valencia/València","Comunidad Valenciana","124",4
"PIAGGIO","LIBERTY 125 ABS","Valladolid","Castilla y León","124",1
"PIAGGIO","LIBERTY 125 ABS","Zaragoza","Aragón","124",1
"PIAGGIO","MEDLEY 125","Alicante/Alacant","Comunidad Valenciana","125",2
"PIAGGIO","MEDLEY 125","Asturias","Principado de Asturias","125",1
"PIAGGIO","MEDLEY 125","Barcelona","Cataluña","125",27
"PIAGGIO","MEDLEY 125","Bizkaia","País Vasco","125",2
"PIAGGIO","MEDLEY 125","Cádiz","Andalucía","125",6
"PIAGGIO","MEDLEY 125","Cantabria","Cantabria","125",1
"PIAGGIO","MEDLEY 125","Castellón/Castelló","Comunidad Valenciana","125",1
"PIAGGIO","MEDLEY 125","Córdoba","Andalucía","125",1
"PIAGGIO","MEDLEY 125","Girona","Cataluña","125",3
"PIAGGIO","MEDLEY 125","Granada","Andalucía","125",14
"PIAGGIO","MEDLEY 125","Huelva","Andalucía","125",2
"PIAGGIO","MEDLEY 125","Illes Balears","Illes Balears","125",5
"PIAGGIO","MEDLEY 125","Lleida","Cataluña","125",1
"PIAGGIO","MEDLEY 125","Madrid","Comunidad de Madrid","125",5
"PIAGGIO","MEDLEY 125","Málaga","Andalucía","125",15
"PIAGGIO","MEDLEY 125","Murcia","Región de Murcia","125",2
"PIAGGIO","MEDLEY 125","Navarra","Comunidad Foral de Navarra","125",1
"PIAGGIO","MEDLEY 125","Palmas (Las)","Canarias","125",4
"PIAGGIO","MEDLEY 125","Santa Cruz de Tenerife","Canarias","125",12
"PIAGGIO","MEDLEY 125","Sevilla","Andalucía","125",13
"PIAGGIO","MEDLEY 125","Tarragona","Cataluña","125",3
"PIAGGIO","MEDLEY 125","Valencia/València","Comunidad Valenciana","125",5
"PIAGGIO","MEDLEY 125","Valladolid","Castilla y León","125",1
"PIAGGIO","MEDLEY 125","Zamora","Castilla y León","125",1
"PIAGGIO","MEDLEY 200","Alicante/Alacant","Comunidad Valenciana","174",1
"PIAGGIO","MEDLEY 200","Barcelona","Cataluña","174",1
"PIAGGIO","MEDLEY 200","Cádiz","Andalucía","174",1
"PIAGGIO","MEDLEY 200","Girona","Cataluña","174",1
"PIAGGIO","MEDLEY 200","Illes Balears","Illes Balears","174",1
"PIAGGIO","MEDLEY 200","Málaga","Andalucía","174",2
"PIAGGIO","MEDLEY 200","Palmas (Las)","Canarias","174",1
"PIAGGIO","MEDLEY 200","Sevilla","Andalucía","174",1
"PIAGGIO","MEDLEY 200","Tarragona","Cataluña","174",2
"PIAGGIO","VESPA GTS","Alicante/Alacant","Comunidad Valenciana","310",4
"PIAGGIO","VESPA GTS","Badajoz","Extremadura","310",1
"PIAGGIO","VESPA GTS","Barcelona","Cataluña","310",1
"PIAGGIO","VESPA GTS","Bizkaia","País Vasco","310",1
"PIAGGIO","VESPA GTS","Cádiz","Andalucía","310",2
"PIAGGIO","VESPA GTS","Cantabria","Cantabria","310",1
"PIAGGIO","VESPA GTS","Coruña (A)","Galicia","310",1
"PIAGGIO","VESPA GTS","Granada","Andalucía","310",5
"PIAGGIO","VESPA GTS","Illes Balears","Illes Balears","310",9
"PIAGGIO","VESPA GTS","Madrid","Comunidad de Madrid","310",5
"PIAGGIO","VESPA GTS","Málaga","Andalucía","310",1
"PIAGGIO","VESPA GTS","Palmas (Las)","Canarias","310",1
"PIAGGIO","VESPA GTS","Santa Cruz de Tenerife","Canarias","310",1
"PIAGGIO","VESPA GTS","Sevilla","Andalucía","310",1
"PIAGGIO","VESPA GTS","Zaragoza","Aragón","310",1
"PIAGGIO","VESPA GTS 125","Alicante/Alacant","Comunidad Valenciana","125",4
"PIAGGIO","VESPA GTS 125","Barcelona","Cataluña","125",3
"PIAGGIO","VESPA GTS 125","Bizkaia","País Vasco","125",1
"PIAGGIO","VESPA GTS 125","Cáceres","Extremadura","125",1
"PIAGGIO","VESPA GTS 125","Cádiz","Andalucía","125",5
"PIAGGIO","VESPA GTS 125","Coruña (A)","Galicia","125",2
"PIAGGIO","VESPA GTS 125","Girona","Cataluña","125",1
"PIAGGIO","VESPA GTS 125","Granada","Andalucía","125",1
"PIAGGIO","VESPA GTS 125","Illes Balears","Illes Balears","125",7
"PIAGGIO","VESPA GTS 125","Jaén","Andalucía","125",1
"PIAGGIO","VESPA GTS 125","Madrid","Comunidad de Madrid","125",2
"PIAGGIO","VESPA GTS 125","Málaga","Andalucía","125",2
"PIAGGIO","VESPA GTS 125","Murcia","Región de Murcia","125",2
"PIAGGIO","VESPA GTS 125","Navarra","Comunidad Foral de Navarra","125",2
"PIAGGIO","VESPA GTS 125","Pontevedra","Galicia","125",1
"PIAGGIO","VESPA GTS 125","Santa Cruz de Tenerife","Canarias","125",2
"PIAGGIO","VESPA GTS 125","Sevilla","Andalucía","125",3
"PIAGGIO","VESPA GTS 125","Valencia/València","Comunidad Valenciana","125",2
"PIAGGIO","VESPA GTS 125","Zaragoza","Aragón","125",5
"PIAGGIO","VESPA GTS 125 SUPERTEC","Córdoba","Andalucía","125",1
"PIAGGIO","VESPA GTS 125 SUPERTEC","Illes Balears","Illes Balears","125",2
"PIAGGIO","VESPA GTS 125 SUPERTEC","Valencia/València","Comunidad Valenciana","125",1
"PIAGGIO","VESPA GTS 125 SUPERTEC","Zaragoza","Aragón","125",1
"PIAGGIO","VESPA GTS SUPERTECH","Alicante/Alacant","Comunidad Valenciana","310",2
"PIAGGIO","VESPA GTS SUPERTECH","Málaga","Andalucía","310",1
"PIAGGIO","VESPA GTS SUPERTECH","Zaragoza","Aragón","310",1
"PIAGGIO","VESPA GTV","Alicante/Alacant","Comunidad Valenciana","310",1
"PIAGGIO","VESPA GTV","Madrid","Comunidad de Madrid","310",1
"PIAGGIO","VESPA GTV","Málaga","Andalucía","310",1
"PIAGGIO","VESPA GTV","Murcia","Región de Murcia","310",1
"PIAGGIO","VESPA PRIMAVERA 125","Álava/Araba","País Vasco","124",1
"PIAGGIO","VESPA PRIMAVERA 125","Albacete","Castilla-La Mancha","124",1
"PIAGGIO","VESPA PRIMAVERA 125","Alicante/Alacant","Comunidad Valenciana","124",10
"PIAGGIO","VESPA PRIMAVERA 125","Almería","Andalucía","124",3
"PIAGGIO","VESPA PRIMAVERA 125","Asturias","Principado de Asturias","124",3
"PIAGGIO","VESPA PRIMAVERA 125","Barcelona","Cataluña","124",11
"PIAGGIO","VESPA PRIMAVERA 125","Bizkaia","País Vasco","124",1
"PIAGGIO","VESPA PRIMAVERA 125","Cádiz","Andalucía","124",6
"PIAGGIO","VESPA PRIMAVERA 125","Cantabria","Cantabria","124",2
"PIAGGIO","VESPA PRIMAVERA 125","Córdoba","Andalucía","124",4
"PIAGGIO","VESPA PRIMAVERA 125","Coruña (A)","Galicia","124",1
"PIAGGIO","VESPA PRIMAVERA 125","Cuenca","Castilla-La Mancha","124",1
"PIAGGIO","VESPA PRIMAVERA 125","Girona","Cataluña","124",1
"PIAGGIO","VESPA PRIMAVERA 125","Granada","Andalucía","124",3
"PIAGGIO","VESPA PRIMAVERA 125","Illes Balears","Illes Balears","124",13
"PIAGGIO","VESPA PRIMAVERA 125","Lugo","Galicia","124",2
"PIAGGIO","VESPA PRIMAVERA 125","Madrid","Comunidad de Madrid","124",11
"PIAGGIO","VESPA PRIMAVERA 125","Málaga","Andalucía","124",12
"PIAGGIO","VESPA PRIMAVERA 125","Murcia","Región de Murcia","124",1
"PIAGGIO","VESPA PRIMAVERA 125","Navarra","Comunidad Foral de Navarra","124",1
"PIAGGIO","VESPA PRIMAVERA 125","Palmas (Las)","Canarias","124",1
"PIAGGIO","VESPA PRIMAVERA 125","Pontevedra","Galicia","124",2
"PIAGGIO","VESPA PRIMAVERA 125","Santa Cruz de Tenerife","Canarias","124",6
"PIAGGIO","VESPA PRIMAVERA 125","Sevilla","Andalucía","124",2
"PIAGGIO","VESPA PRIMAVERA 125","Tarragona","Cataluña","124",1
"PIAGGIO","VESPA PRIMAVERA 125","Valencia/València","Comunidad Valenciana","124",5
"PIAGGIO","VESPA PRIMAVERA 125","Valladolid","Castilla y León","124",2
"PIAGGIO","VESPA PRIMAVERA 125","Zaragoza","Aragón","124",1
"PIAGGIO","VESPA PRIMAVERA 125 AB","Barcelona","Cataluña","124",1
"PIAGGIO","VESPA PRIMAVERA 125 AB","Bizkaia","País Vasco","124",1
"PIAGGIO","VESPA PRIMAVERA 125 AB","Gipuzkoa","País Vasco","124",1
"PIAGGIO","VESPA PRIMAVERA 125 AB","Illes Balears","Illes Balears","124",1
"PIAGGIO","VESPA PRIMAVERA 125 AB","Madrid","Comunidad de Madrid","124",2
"PIAGGIO","VESPA PRIMAVERA 125 AB","Málaga","Andalucía","124",3
"PIAGGIO","VESPA PRIMAVERA 125 AB","Sevilla","Andalucía","124",2
"PIAGGIO","VESPA SPRINT 125","Almería","Andalucía","124",1
"PIAGGIO","VESPA SPRINT 125","Barcelona","Cataluña","124",1
"PIAGGIO","VESPA SPRINT 125","Granada","Andalucía","124",1
"PIAGGIO","VESPA SPRINT 125","Madrid","Comunidad de Madrid","124",1
"PIAGGIO","VESPA SPRINT 125","Murcia","Región de Murcia","124",1
"PIAGGIO","VESPA SPRINT 125","Santa Cruz de Tenerife","Canarias","124",1
"PIAGGIO","VESPA SPRINT 125 ABS","Alicante/Alacant","Comunidad Valenciana","124",1
"PIAGGIO","VESPA SPRINT 125 ABS","Málaga","Andalucía","124",1
"PIAGGIO","VESPA SPRINT 125 ABS","Palmas (Las)","Canarias","124",1
"PIAGGIO","VESPA SPRINT 125 ABS","Sevilla","Andalucía","124",3
"QJMOTOR","ATR 125","Valladolid","Castilla y León","125",1
"QJMOTOR","ATR 125 E5+","Albacete","Castilla-La Mancha","125",1
"QJMOTOR","ATR 125 E5+","Alicante/Alacant","Comunidad Valenciana","125",6
"QJMOTOR","ATR 125 E5+","Almería","Andalucía","125",2
"QJMOTOR","ATR 125 E5+","Asturias","Principado de Asturias","125",2
"QJMOTOR","ATR 125 E5+","Barcelona","Cataluña","125",27
"QJMOTOR","ATR 125 E5+","Bizkaia","País Vasco","125",1
"QJMOTOR","ATR 125 E5+","Burgos","Castilla y León","125",1
"QJMOTOR","ATR 125 E5+","Cádiz","Andalucía","125",12
"QJMOTOR","ATR 125 E5+","Cantabria","Cantabria","125",1
"QJMOTOR","ATR 125 E5+","Castellón/Castelló","Comunidad Valenciana","125",2
"QJMOTOR","ATR 125 E5+","Córdoba","Andalucía","125",6
"QJMOTOR","ATR 125 E5+","Coruña (A)","Galicia","125",2
"QJMOTOR","ATR 125 E5+","Girona","Cataluña","125",1
"QJMOTOR","ATR 125 E5+","Granada","Andalucía","125",3
"QJMOTOR","ATR 125 E5+","Illes Balears","Illes Balears","125",11
"QJMOTOR","ATR 125 E5+","Jaén","Andalucía","125",2
"QJMOTOR","ATR 125 E5+","Lleida","Cataluña","125",2
"QJMOTOR","ATR 125 E5+","Madrid","Comunidad de Madrid","125",15
"QJMOTOR","ATR 125 E5+","Málaga","Andalucía","125",9
"QJMOTOR","ATR 125 E5+","Murcia","Región de Murcia","125",2
"QJMOTOR","ATR 125 E5+","Ourense","Galicia","125",1
"QJMOTOR","ATR 125 E5+","Palencia","Castilla y León","125",1
"QJMOTOR","ATR 125 E5+","Palmas (Las)","Canarias","125",6
"QJMOTOR","ATR 125 E5+","Pontevedra","Galicia","125",1
"QJMOTOR","ATR 125 E5+","Santa Cruz de Tenerife","Canarias","125",11
"QJMOTOR","ATR 125 E5+","Sevilla","Andalucía","125",8
"QJMOTOR","ATR 125 E5+","Tarragona","Cataluña","125",3
"QJMOTOR","ATR 125 E5+","Teruel","Aragón","125",1
"QJMOTOR","ATR 125 E5+","Toledo","Castilla-La Mancha","125",1
"QJMOTOR","ATR 125 E5+","Valencia/València","Comunidad Valenciana","125",13
"QJMOTOR","ATR 125 E5+","Zaragoza","Aragón","125",4
"QJMOTOR","FORT 125 N E5+","Alicante/Alacant","Comunidad Valenciana","125",3
"QJMOTOR","FORT 125 N E5+","Almería","Andalucía","125",1
"QJMOTOR","FORT 125 N E5+","Asturias","Principado de Asturias","125",4
"QJMOTOR","FORT 125 N E5+","Barcelona","Cataluña","125",8
"QJMOTOR","FORT 125 N E5+","Cádiz","Andalucía","125",2
"QJMOTOR","FORT 125 N E5+","Córdoba","Andalucía","125",3
"QJMOTOR","FORT 125 N E5+","Girona","Cataluña","125",1
"QJMOTOR","FORT 125 N E5+","Granada","Andalucía","125",3
"QJMOTOR","FORT 125 N E5+","Illes Balears","Illes Balears","125",2
"QJMOTOR","FORT 125 N E5+","Jaén","Andalucía","125",1
"QJMOTOR","FORT 125 N E5+","Madrid","Comunidad de Madrid","125",8
"QJMOTOR","FORT 125 N E5+","Málaga","Andalucía","125",3
"QJMOTOR","FORT 125 N E5+","Murcia","Región de Murcia","125",3
"QJMOTOR","FORT 125 N E5+","Pontevedra","Galicia","125",1
"QJMOTOR","FORT 125 N E5+","Santa Cruz de Tenerife","Canarias","125",1
"QJMOTOR","FORT 125 N E5+","Tarragona","Cataluña","125",3
"QJMOTOR","FORT 125 N E5+","Toledo","Castilla-La Mancha","125",1
"QJMOTOR","FORT 125 N E5+","Valencia/València","Comunidad Valenciana","125",11
"QJMOTOR","FORT 125 N E5+","Zaragoza","Aragón","125",3
"QJMOTOR","FORT 350","Barcelona","Cataluña","350",1
"QJMOTOR","FORT 350","Illes Balears","Illes Balears","350",1
"QJMOTOR","FORT 350","Santa Cruz de Tenerife","Canarias","350",1
"QJMOTOR","FORT 4.0 E5+","Alicante/Alacant","Comunidad Valenciana","350",1
"QJMOTOR","FORT 4.0 E5+","Asturias","Principado de Asturias","350",1
"QJMOTOR","FORT 4.0 E5+","Barcelona","Cataluña","350",6
"QJMOTOR","FORT 4.0 E5+","Cantabria","Cantabria","350",1
"QJMOTOR","FORT 4.0 E5+","Huelva","Andalucía","350",1
"QJMOTOR","FORT 4.0 E5+","Illes Balears","Illes Balears","350",1
"QJMOTOR","FORT 4.0 E5+","Murcia","Región de Murcia","350",3
"QJMOTOR","FORT 4.0 E5+","Santa Cruz de Tenerife","Canarias","350",3
"QJMOTOR","FORT 4.0 E5+","Sevilla","Andalucía","350",2
"QJMOTOR","FORT 4.0 E5+","Valencia/València","Comunidad Valenciana","350",4
"QJMOTOR","FORT 4.0 E5+","Zaragoza","Aragón","350",3
"QJMOTOR","LTR 125","Barcelona","Cataluña","125",2
"QJMOTOR","LTR 125","Cádiz","Andalucía","125",2
"QJMOTOR","LTR 125","Madrid","Comunidad de Madrid","125",1
"QJMOTOR","LTR 125","Pontevedra","Galicia","125",1
"QJMOTOR","LTR 125","Valencia/València","Comunidad Valenciana","125",2
"QJMOTOR","LTR 125 E5+","Álava/Araba","País Vasco","125",1
"QJMOTOR","LTR 125 E5+","Alicante/Alacant","Comunidad Valenciana","125",2
"QJMOTOR","LTR 125 E5+","Córdoba","Andalucía","125",1
"QJMOTOR","LTR 125 E5+","Granada","Andalucía","125",1
"QJMOTOR","LTR 125 E5+","Illes Balears","Illes Balears","125",2
"QJMOTOR","LTR 125 E5+","Jaén","Andalucía","125",1
"QJMOTOR","LTR 125 E5+","Santa Cruz de Tenerife","Canarias","125",4
"QJMOTOR","LTR 125 E5+","Valencia/València","Comunidad Valenciana","125",1
"QJMOTOR","MTX 125","Albacete","Castilla-La Mancha","125",1
"QJMOTOR","MTX 125","Alicante/Alacant","Comunidad Valenciana","125",6
"QJMOTOR","MTX 125","Barcelona","Cataluña","125",2
"QJMOTOR","MTX 125","Burgos","Castilla y León","125",1
"QJMOTOR","MTX 125","Castellón/Castelló","Comunidad Valenciana","125",1
"QJMOTOR","MTX 125","Granada","Andalucía","125",1
"QJMOTOR","MTX 125","Madrid","Comunidad de Madrid","125",1
"QJMOTOR","MTX 125","Murcia","Región de Murcia","125",6
"QJMOTOR","MTX 125","Sevilla","Andalucía","125",1
"QJMOTOR","MTX 125","Teruel","Aragón","125",1
"QJMOTOR","MTX 125","Valencia/València","Comunidad Valenciana","125",1
"QJMOTOR","MTX 125 E5+","Alicante/Alacant","Comunidad Valenciana","125",4
"QJMOTOR","MTX 125 E5+","Barcelona","Cataluña","125",34
"QJMOTOR","MTX 125 E5+","Cádiz","Andalucía","125",7
"QJMOTOR","MTX 125 E5+","Cantabria","Cantabria","125",1
"QJMOTOR","MTX 125 E5+","Coruña (A)","Galicia","125",1
"QJMOTOR","MTX 125 E5+","Girona","Cataluña","125",2
"QJMOTOR","MTX 125 E5+","Granada","Andalucía","125",1
"QJMOTOR","MTX 125 E5+","Lleida","Cataluña","125",1
"QJMOTOR","MTX 125 E5+","Madrid","Comunidad de Madrid","125",10
"QJMOTOR","MTX 125 E5+","Málaga","Andalucía","125",3
"QJMOTOR","MTX 125 E5+","Murcia","Región de Murcia","125",6
"QJMOTOR","MTX 125 E5+","Palmas (Las)","Canarias","125",5
"QJMOTOR","MTX 125 E5+","Salamanca","Castilla y León","125",1
"QJMOTOR","MTX 125 E5+","Santa Cruz de Tenerife","Canarias","125",5
"QJMOTOR","MTX 125 E5+","Sevilla","Andalucía","125",6
"QJMOTOR","MTX 125 E5+","Tarragona","Cataluña","125",1
"QJMOTOR","MTX 125 E5+","Valencia/València","Comunidad Valenciana","125",7
"QJMOTOR","MTX 125 E5+","Zaragoza","Aragón","125",2
"QJMOTOR","SQ 16 E5+","Álava/Araba","País Vasco","125",1
"QJMOTOR","SQ 16 E5+","Alicante/Alacant","Comunidad Valenciana","125",2
"QJMOTOR","SQ 16 E5+","Barcelona","Cataluña","125",35
"QJMOTOR","SQ 16 E5+","Cádiz","Andalucía","125",1
"QJMOTOR","SQ 16 E5+","Girona","Cataluña","125",3
"QJMOTOR","SQ 16 E5+","Granada","Andalucía","125",3
"QJMOTOR","SQ 16 E5+","Madrid","Comunidad de Madrid","125",1
"QJMOTOR","SQ 16 E5+","Málaga","Andalucía","125",4
"QJMOTOR","SQ 16 E5+","Murcia","Región de Murcia","125",1
"QJMOTOR","SQ 16 E5+","Palmas (Las)","Canarias","125",1
"QJMOTOR","SQ 16 E5+","Tarragona","Cataluña","125",1
"QJMOTOR","SQ 16 E5+","Valencia/València","Comunidad Valenciana","125",1
"QJMOTOR","SRK 125 R","Almería","Andalucía","125",2
"QJMOTOR","SRK 125 R","Barcelona","Cataluña","125",1
"QJMOTOR","SRK 125 R","Murcia","Región de Murcia","125",1
"QJMOTOR","SRK 125 R","Palmas (Las)","Canarias","125",1
"QJMOTOR","SRK 125 R","Sevilla","Andalucía","125",1
"QJMOTOR","SRK 125 R E5+","Alicante/Alacant","Comunidad Valenciana","125",2
"QJMOTOR","SRK 125 R E5+","Barcelona","Cataluña","125",1
"QJMOTOR","SRK 125 R E5+","Coruña (A)","Galicia","125",1
"QJMOTOR","SRK 125 R E5+","Illes Balears","Illes Balears","125",1
"QJMOTOR","SRK 125 R E5+","Madrid","Comunidad de Madrid","125",3
"QJMOTOR","SRK 125 R E5+","Murcia","Región de Murcia","125",1
"QJMOTOR","SRK 125 R E5+","Valencia/València","Comunidad Valenciana","125",1
"QJMOTOR","SRK 125 S","Albacete","Castilla-La Mancha","125",1
"QJMOTOR","SRK 125 S","Alicante/Alacant","Comunidad Valenciana","125",1
"QJMOTOR","SRK 125 S","Cádiz","Andalucía","125",2
"QJMOTOR","SRK 125 S","Jaén","Andalucía","125",1
"QJMOTOR","SRK 125 S","Pontevedra","Galicia","125",1
"QJMOTOR","SRK 125 S","Zaragoza","Aragón","125",1
"QJMOTOR","SRK 125 S E5+","Albacete","Castilla-La Mancha","125",1
"QJMOTOR","SRK 125 S E5+","Barcelona","Cataluña","125",10
"QJMOTOR","SRK 125 S E5+","Burgos","Castilla y León","125",1
"QJMOTOR","SRK 125 S E5+","Cádiz","Andalucía","125",3
"QJMOTOR","SRK 125 S E5+","Cantabria","Cantabria","125",1
"QJMOTOR","SRK 125 S E5+","Coruña (A)","Galicia","125",2
"QJMOTOR","SRK 125 S E5+","Girona","Cataluña","125",3
"QJMOTOR","SRK 125 S E5+","Granada","Andalucía","125",2
"QJMOTOR","SRK 125 S E5+","Illes Balears","Illes Balears","125",2
"QJMOTOR","SRK 125 S E5+","Lleida","Cataluña","125",1
"QJMOTOR","SRK 125 S E5+","Madrid","Comunidad de Madrid","125",8
"QJMOTOR","SRK 125 S E5+","Murcia","Región de Murcia","125",2
"QJMOTOR","SRK 125 S E5+","Palmas (Las)","Canarias","125",1
"QJMOTOR","SRK 125 S E5+","Santa Cruz de Tenerife","Canarias","125",8
"QJMOTOR","SRK 125 S E5+","Sevilla","Andalucía","125",3
"QJMOTOR","SRK 125 S E5+","Tarragona","Cataluña","125",1
"QJMOTOR","SRK 125 S E5+","Toledo","Castilla-La Mancha","125",1
"QJMOTOR","SRK 125 S E5+","Valencia/València","Comunidad Valenciana","125",8
"QJMOTOR","SRK 600","Almería","Andalucía","554",1
"QJMOTOR","SRK 600","Barcelona","Cataluña","554",3
"QJMOTOR","SRK 600","Castellón/Castelló","Comunidad Valenciana","554",1
"QJMOTOR","SRK 600","Córdoba","Andalucía","554",1
"QJMOTOR","SRK 600","Pontevedra","Galicia","554",1
"QJMOTOR","SRT 500 X 35KW","Barcelona","Cataluña","554",1
"QJMOTOR","SRT 500 X 35KW","Murcia","Región de Murcia","554",2
"QJMOTOR","SRT 600 SX E5+","Albacete","Castilla-La Mancha","554",3
"QJMOTOR","SRT 600 SX E5+","Alicante/Alacant","Comunidad Valenciana","554",2
"QJMOTOR","SRT 600 SX E5+","Almería","Andalucía","554",2
"QJMOTOR","SRT 600 SX E5+","Asturias","Principado de Asturias","554",2
"QJMOTOR","SRT 600 SX E5+","Barcelona","Cataluña","554",10
"QJMOTOR","SRT 600 SX E5+","Bizkaia","País Vasco","554",1
"QJMOTOR","SRT 600 SX E5+","Cádiz","Andalucía","554",4
"QJMOTOR","SRT 600 SX E5+","Córdoba","Andalucía","554",1
"QJMOTOR","SRT 600 SX E5+","Coruña (A)","Galicia","554",1
"QJMOTOR","SRT 600 SX E5+","Cuenca","Castilla-La Mancha","554",1
"QJMOTOR","SRT 600 SX E5+","Girona","Cataluña","554",4
"QJMOTOR","SRT 600 SX E5+","Granada","Andalucía","554",3
"QJMOTOR","SRT 600 SX E5+","Huelva","Andalucía","554",1
"QJMOTOR","SRT 600 SX E5+","Illes Balears","Illes Balears","554",1
"QJMOTOR","SRT 600 SX E5+","Jaén","Andalucía","554",2
"QJMOTOR","SRT 600 SX E5+","Madrid","Comunidad de Madrid","554",14
"QJMOTOR","SRT 600 SX E5+","Málaga","Andalucía","554",1
"QJMOTOR","SRT 600 SX E5+","Murcia","Región de Murcia","554",1
"QJMOTOR","SRT 600 SX E5+","Palencia","Castilla y León","554",1
"QJMOTOR","SRT 600 SX E5+","Pontevedra","Galicia","554",3
"QJMOTOR","SRT 600 SX E5+","Rioja (La)","La Rioja","554",1
"QJMOTOR","SRT 600 SX E5+","Salamanca","Castilla y León","554",1
"QJMOTOR","SRT 600 SX E5+","Santa Cruz de Tenerife","Canarias","554",2
"QJMOTOR","SRT 600 SX E5+","Sevilla","Andalucía","554",3
"QJMOTOR","SRT 600 SX E5+","Tarragona","Cataluña","554",1
"QJMOTOR","SRT 600 SX E5+","Toledo","Castilla-La Mancha","554",1
"QJMOTOR","SRT 600 SX E5+","Valencia/València","Comunidad Valenciana","554",5
"QJMOTOR","SRT 600 SX E5+","Zaragoza","Aragón","554",1
"QJMOTOR","SRT 700 E5+","Barcelona","Cataluña","698",3
"QJMOTOR","SRT 700 E5+","Cádiz","Andalucía","698",2
"QJMOTOR","SRT 700 E5+","Castellón/Castelló","Comunidad Valenciana","698",1
"QJMOTOR","SRT 700 E5+","Girona","Cataluña","698",1
"QJMOTOR","SRT 700 E5+","Madrid","Comunidad de Madrid","698",3
"QJMOTOR","SRT 700 E5+","Murcia","Región de Murcia","698",1
"QJMOTOR","SRT 700 E5+","Santa Cruz de Tenerife","Canarias","698",2
"QJMOTOR","SRT 700 E5+","Sevilla","Andalucía","698",2
"QJMOTOR","SRT 700 E5+","Tarragona","Cataluña","698",1
"QJMOTOR","SRT 700 E5+","Toledo","Castilla-La Mancha","698",1
"QJMOTOR","SRT 700 E5+","Valencia/València","Comunidad Valenciana","698",3
"QJMOTOR","SRT 700 X","Madrid","Comunidad de Madrid","698",1
"QJMOTOR","SRT 700 X","Pontevedra","Galicia","698",1
"QJMOTOR","SRT 700 X E5+","Almería","Andalucía","698",1
"QJMOTOR","SRT 700 X E5+","Asturias","Principado de Asturias","698",1
"QJMOTOR","SRT 700 X E5+","Cádiz","Andalucía","698",2
"QJMOTOR","SRT 700 X E5+","Córdoba","Andalucía","698",2
"QJMOTOR","SRT 700 X E5+","Jaén","Andalucía","698",1
"QJMOTOR","SRT 700 X E5+","Salamanca","Castilla y León","698",1
"QJMOTOR","SRT 900 S","Asturias","Principado de Asturias","904",4
"QJMOTOR","SRT 900 S","Barcelona","Cataluña","904",4
"QJMOTOR","SRT 900 S","Coruña (A)","Galicia","904",1
"QJMOTOR","SRT 900 S","Illes Balears","Illes Balears","904",3
"QJMOTOR","SRT 900 S","Jaén","Andalucía","904",1
"QJMOTOR","SRT 900 S","Madrid","Comunidad de Madrid","904",4
"QJMOTOR","SRT 900 S","Málaga","Andalucía","904",1
"QJMOTOR","SRT 900 S","Murcia","Región de Murcia","904",2
"QJMOTOR","SRT 900 S","Palmas (Las)","Canarias","904",1
"QJMOTOR","SRT 900 S","Santa Cruz de Tenerife","Canarias","904",1
"QJMOTOR","SRT 900 S","Sevilla","Andalucía","904",2
"QJMOTOR","SRT 900 S","Valencia/València","Comunidad Valenciana","904",1
"QJMOTOR","SRT 900 SX","Asturias","Principado de Asturias","904",3
"QJMOTOR","SRT 900 SX","Barcelona","Cataluña","904",3
"QJMOTOR","SRT 900 SX","Cádiz","Andalucía","904",2
"QJMOTOR","SRT 900 SX","Illes Balears","Illes Balears","904",1
"QJMOTOR","SRT 900 SX","Jaén","Andalucía","904",1
"QJMOTOR","SRT 900 SX","León","Castilla y León","904",1
"QJMOTOR","SRT 900 SX","Lleida","Cataluña","904",1
"QJMOTOR","SRT 900 SX","Madrid","Comunidad de Madrid","904",2
"QJMOTOR","SRT 900 SX","Málaga","Andalucía","904",1
"QJMOTOR","SRT 900 SX","Murcia","Región de Murcia","904",4
"QJMOTOR","SRT 900 SX","Valencia/València","Comunidad Valenciana","904",2
"QJMOTOR","SRV 12 E5+","Alicante/Alacant","Comunidad Valenciana","125",1
"QJMOTOR","SRV 12 E5+","Almería","Andalucía","125",1
"QJMOTOR","SRV 12 E5+","Barcelona","Cataluña","125",1
"QJMOTOR","SRV 12 E5+","Cádiz","Andalucía","125",1
"QJMOTOR","SRV 12 E5+","Palmas (Las)","Canarias","125",1
"QJMOTOR","SRV 12 E5+","Santa Cruz de Tenerife","Canarias","125",1
"QJMOTOR","SRV 12 E5+","Sevilla","Andalucía","125",1
"QJMOTOR","SRV 12 E5+","Valencia/València","Comunidad Valenciana","125",2
"QJMOTOR","SRV 12 E5+","Valladolid","Castilla y León","125",1
"QJMOTOR","SRV 125","Murcia","Región de Murcia","125",5
"QJMOTOR","SRV 125 E5+","Alicante/Alacant","Comunidad Valenciana","125",2
"QJMOTOR","SRV 125 E5+","Barcelona","Cataluña","125",7
"QJMOTOR","SRV 125 E5+","Burgos","Castilla y León","125",1
"QJMOTOR","SRV 125 E5+","Cádiz","Andalucía","125",1
"QJMOTOR","SRV 125 E5+","Castellón/Castelló","Comunidad Valenciana","125",1
"QJMOTOR","SRV 125 E5+","Ciudad Real","Castilla-La Mancha","125",1
"QJMOTOR","SRV 125 E5+","Coruña (A)","Galicia","125",1
"QJMOTOR","SRV 125 E5+","Granada","Andalucía","125",4
"QJMOTOR","SRV 125 E5+","Guadalajara","Castilla-La Mancha","125",1
"QJMOTOR","SRV 125 E5+","Huelva","Andalucía","125",1
"QJMOTOR","SRV 125 E5+","Illes Balears","Illes Balears","125",1
"QJMOTOR","SRV 125 E5+","Madrid","Comunidad de Madrid","125",5
"QJMOTOR","SRV 125 E5+","Málaga","Andalucía","125",4
"QJMOTOR","SRV 125 E5+","Murcia","Región de Murcia","125",2
"QJMOTOR","SRV 125 E5+","Palmas (Las)","Canarias","125",1
"QJMOTOR","SRV 125 E5+","Santa Cruz de Tenerife","Canarias","125",7
"QJMOTOR","SRV 125 E5+","Sevilla","Andalucía","125",1
"QJMOTOR","SRV 125 E5+","Tarragona","Cataluña","125",3
"QJMOTOR","SRV 125 E5+","Valencia/València","Comunidad Valenciana","125",2
"QJMOTOR","SRV 125 E5+","Zaragoza","Aragón","125",1
"QJMOTOR","SRV 300","Barcelona","Cataluña","296",2
"QJMOTOR","SRV 300","Pontevedra","Galicia","296",1
"QJMOTOR","TRX 125","Toledo","Castilla-La Mancha","125",1
"QJMOTOR","TRX 125 E5+","Barcelona","Cataluña","125",3
"QJMOTOR","TRX 125 E5+","Girona","Cataluña","125",1
"QJMOTOR","TRX 125 E5+","Granada","Andalucía","125",1
"QJMOTOR","TRX 125 E5+","Illes Balears","Illes Balears","125",1
"QJMOTOR","TRX 125 E5+","Murcia","Región de Murcia","125",2
"QJMOTOR","TRX 125 E5+","Palmas (Las)","Canarias","125",2
"QJMOTOR","TRX 125 E5+","Santa Cruz de Tenerife","Canarias","125",1
"QJMOTOR","TRX 125 E5+","Valencia/València","Comunidad Valenciana","125",1
"REDMOTO","---","Alicante/Alacant","Comunidad Valenciana","449",1
"REDMOTO","---","Asturias","Principado de Asturias","449",1
"REDMOTO","---","Barcelona","Cataluña","449",3
"REDMOTO","---","Cádiz","Andalucía","449",3
"REDMOTO","---","Cantabria","Cantabria","449",1
"REDMOTO","---","Coruña (A)","Galicia","449",2
"REDMOTO","---","Girona","Cataluña","449",1
"REDMOTO","---","Granada","Andalucía","449",1
"REDMOTO","---","Madrid","Comunidad de Madrid","449",1
"REDMOTO","---","Málaga","Andalucía","449",1
"REDMOTO","---","Murcia","Región de Murcia","449",1
"RIEJU","CENTURY125","Badajoz","Extremadura","124",1
"RIEJU","CENTURY125","Barcelona","Cataluña","124",1
"RIEJU","CENTURY125","Gipuzkoa","País Vasco","124",1
"RIEJU","CENTURY125","Madrid","Comunidad de Madrid","124",1
"RIEJU","CENTURY125","Málaga","Andalucía","124",1
"RIEJU","CENTURY125","Rioja (La)","La Rioja","124",1
"RIEJU","CENTURY125","Zaragoza","Aragón","124",1
"RIEJU","N/A","Albacete","Castilla-La Mancha","125",1
"RIEJU","N/A","Almería","Andalucía","125",10
"RIEJU","N/A","Asturias","Principado de Asturias","125",2
"RIEJU","N/A","Ávila","Castilla y León","125",2
"RIEJU","N/A","Badajoz","Extremadura","125",7
"RIEJU","N/A","Barcelona","Cataluña","125",13
"RIEJU","N/A","Bizkaia","País Vasco","125",1
"RIEJU","N/A","Burgos","Castilla y León","125",3
"RIEJU","N/A","Cáceres","Extremadura","125",1
"RIEJU","N/A","Cádiz","Andalucía","125",2
"RIEJU","N/A","Castellón/Castelló","Comunidad Valenciana","125",3
"RIEJU","N/A","Ciudad Real","Castilla-La Mancha","125",2
"RIEJU","N/A","Córdoba","Andalucía","125",4
"RIEJU","N/A","Coruña (A)","Galicia","125",1
"RIEJU","N/A","Gipuzkoa","País Vasco","125",2
"RIEJU","N/A","Girona","Cataluña","125",7
"RIEJU","N/A","Granada","Andalucía","125",2
"RIEJU","N/A","Guadalajara","Castilla-La Mancha","125",1
"RIEJU","N/A","Huelva","Andalucía","125",4
"RIEJU","N/A","Huesca","Aragón","125",1
"RIEJU","N/A","Jaén","Andalucía","125",3
"RIEJU","N/A","León","Castilla y León","125",2
"RIEJU","N/A","Lleida","Cataluña","125",1
"RIEJU","N/A","Lugo","Galicia","125",5
"RIEJU","N/A","Madrid","Comunidad de Madrid","125",5
"RIEJU","N/A","Málaga","Andalucía","125",4
"RIEJU","N/A","Murcia","Región de Murcia","125",3
"RIEJU","N/A","Navarra","Comunidad Foral de Navarra","125",3
"RIEJU","N/A","Ourense","Galicia","125",1
"RIEJU","N/A","Palmas (Las)","Canarias","125",1
"RIEJU","N/A","Pontevedra","Galicia","125",1
"RIEJU","N/A","Rioja (La)","La Rioja","125",1
"RIEJU","N/A","Segovia","Castilla y León","125",1
"RIEJU","N/A","Sevilla","Andalucía","125",2
"RIEJU","N/A","Tarragona","Cataluña","125",6
"RIEJU","N/A","Valladolid","Castilla y León","125",3
"RIEJU","NOT APPLICABLE","Albacete","Castilla-La Mancha","124",1
"RIEJU","NOT APPLICABLE","Alicante/Alacant","Comunidad Valenciana","124",1
"RIEJU","NOT APPLICABLE","Almería","Andalucía","124",4
"RIEJU","NOT APPLICABLE","Ávila","Castilla y León","124",1
"RIEJU","NOT APPLICABLE","Badajoz","Extremadura","124",1
"RIEJU","NOT APPLICABLE","Barcelona","Cataluña","124",3
"RIEJU","NOT APPLICABLE","Bizkaia","País Vasco","124",2
"RIEJU","NOT APPLICABLE","Cádiz","Andalucía","124",1
"RIEJU","NOT APPLICABLE","Córdoba","Andalucía","124",1
"RIEJU","NOT APPLICABLE","Coruña (A)","Galicia","124",1
"RIEJU","NOT APPLICABLE","Girona","Cataluña","124",2
"RIEJU","NOT APPLICABLE","Guadalajara","Castilla-La Mancha","124",1
"RIEJU","NOT APPLICABLE","Huesca","Aragón","124",1
"RIEJU","NOT APPLICABLE","Illes Balears","Illes Balears","124",3
"RIEJU","NOT APPLICABLE","Jaén","Andalucía","124",1
"RIEJU","NOT APPLICABLE","Madrid","Comunidad de Madrid","124",2
"RIEJU","NOT APPLICABLE","Murcia","Región de Murcia","124",1
"RIEJU","NOT APPLICABLE","Navarra","Comunidad Foral de Navarra","124",1
"RIEJU","NOT APPLICABLE","Palencia","Castilla y León","124",1
"RIEJU","NOT APPLICABLE","Santa Cruz de Tenerife","Canarias","124",2
"RIEJU","NOT APPLICABLE","Segovia","Castilla y León","124",1
"RIEJU","NOT APPLICABLE","Sevilla","Andalucía","124",1
"RIEJU","NOT APPLICABLE","Soria","Castilla y León","124",1
"RIEJU","NOT APPLICABLE","Tarragona","Cataluña","124",2
"RIEJU","NOT APPLICABLE","Valencia/València","Comunidad Valenciana","124",1
"RIEJU","RALLY 307","Albacete","Castilla-La Mancha","292",1
"RIEJU","RALLY 307","Alicante/Alacant","Comunidad Valenciana","292",8
"RIEJU","RALLY 307","Asturias","Principado de Asturias","292",1
"RIEJU","RALLY 307","Badajoz","Extremadura","292",1
"RIEJU","RALLY 307","Barcelona","Cataluña","292",24
"RIEJU","RALLY 307","Bizkaia","País Vasco","292",4
"RIEJU","RALLY 307","Cantabria","Cantabria","292",4
"RIEJU","RALLY 307","Gipuzkoa","País Vasco","292",2
"RIEJU","RALLY 307","Girona","Cataluña","292",11
"RIEJU","RALLY 307","Huelva","Andalucía","292",1
"RIEJU","RALLY 307","León","Castilla y León","292",1
"RIEJU","RALLY 307","Lleida","Cataluña","292",6
"RIEJU","RALLY 307","Madrid","Comunidad de Madrid","292",2
"RIEJU","RALLY 307","Málaga","Andalucía","292",2
"RIEJU","RALLY 307","Navarra","Comunidad Foral de Navarra","292",3
"RIEJU","RALLY 307","Pontevedra","Galicia","292",1
"RIEJU","RALLY 307","Rioja (La)","La Rioja","292",3
"RIEJU","RALLY 307","Teruel","Aragón","292",1
"RIEJU","RALLY 307","Valencia/València","Comunidad Valenciana","292",5
"RIEJU","RALLY 307","Zaragoza","Aragón","292",3
"RIEJU","XPLORA 707","Almería","Andalucía","698",1
"RIEJU","XPLORA 707","Barcelona","Cataluña","698",4
"RIEJU","XPLORA 707","Cáceres","Extremadura","698",1
"RIEJU","XPLORA 707","Coruña (A)","Galicia","698",1
"RIEJU","XPLORA 707","Girona","Cataluña","698",2
"RIEJU","XPLORA 707","Illes Balears","Illes Balears","698",1
"RIEJU","XPLORA 707","Murcia","Región de Murcia","698",1
"RIEJU","XPLORA 707","Sevilla","Andalucía","698",1
"RIEJU","XPLORA 707","Valencia/València","Comunidad Valenciana","698",1
"ROYAL ALLOY","GP300SP","Barcelona","Cataluña","278",1
"ROYAL ALLOY","TG125","Málaga","Andalucía","124",1
"ROYAL ALLOY","TG300SP","Barcelona","Cataluña","278",1
"ROYAL ALLOY","TG300SP","Madrid","Comunidad de Madrid","278",1
"ROYAL ENFIELD","BULLET 350","Granada","Andalucía","349",2
"ROYAL ENFIELD","CLASSIC 350","Córdoba","Andalucía","349",1
"ROYAL ENFIELD","CLASSIC 350","Illes Balears","Illes Balears","349",1
"ROYAL ENFIELD","CLASSIC 350","Madrid","Comunidad de Madrid","349",1
"ROYAL ENFIELD","CLASSIC 350","Palmas (Las)","Canarias","349",1
"ROYAL ENFIELD","CLASSIC 350","Valencia/València","Comunidad Valenciana","349",2
"ROYAL ENFIELD","CLASSIC 350","Zaragoza","Aragón","349",2
"ROYAL ENFIELD","CLASSIC 650 TWIN","Asturias","Principado de Asturias","648",1
"ROYAL ENFIELD","CLASSIC 650 TWIN","Barcelona","Cataluña","648",4
"ROYAL ENFIELD","CLASSIC 650 TWIN","Bizkaia","País Vasco","648",1
"ROYAL ENFIELD","CLASSIC 650 TWIN","Cáceres","Extremadura","648",1
"ROYAL ENFIELD","CLASSIC 650 TWIN","Cádiz","Andalucía","648",1
"ROYAL ENFIELD","CLASSIC 650 TWIN","Gipuzkoa","País Vasco","648",1
"ROYAL ENFIELD","CLASSIC 650 TWIN","Granada","Andalucía","648",1
"ROYAL ENFIELD","CLASSIC 650 TWIN","Madrid","Comunidad de Madrid","648",1
"ROYAL ENFIELD","CLASSIC 650 TWIN","Zaragoza","Aragón","648",1
"ROYAL ENFIELD","CONTINENTAL GT 650","Alicante/Alacant","Comunidad Valenciana","648",1
"ROYAL ENFIELD","CONTINENTAL GT 650","Asturias","Principado de Asturias","648",1
"ROYAL ENFIELD","CONTINENTAL GT 650","Barcelona","Cataluña","648",2
"ROYAL ENFIELD","CONTINENTAL GT 650","Coruña (A)","Galicia","648",1
"ROYAL ENFIELD","GOAN CLASSIC 350","Albacete","Castilla-La Mancha","349",1
"ROYAL ENFIELD","GOAN CLASSIC 350","Santa Cruz de Tenerife","Canarias","349",1
"ROYAL ENFIELD","GOAN CLASSIC 350","Zaragoza","Aragón","349",1
"ROYAL ENFIELD","GUERRILLA 450","Almería","Andalucía","452",2
"ROYAL ENFIELD","GUERRILLA 450","Asturias","Principado de Asturias","452",2
"ROYAL ENFIELD","GUERRILLA 450","Barcelona","Cataluña","452",2
"ROYAL ENFIELD","GUERRILLA 450","Granada","Andalucía","452",2
"ROYAL ENFIELD","GUERRILLA 450","Illes Balears","Illes Balears","452",2
"ROYAL ENFIELD","GUERRILLA 450","Lugo","Galicia","452",1
"ROYAL ENFIELD","GUERRILLA 450","Murcia","Región de Murcia","452",2
"ROYAL ENFIELD","GUERRILLA 450","Sevilla","Andalucía","452",1
"ROYAL ENFIELD","GUERRILLA 450","Toledo","Castilla-La Mancha","452",1
"ROYAL ENFIELD","GUERRILLA 450","Valencia/València","Comunidad Valenciana","452",1
"ROYAL ENFIELD","HIMALAYAN 452","Albacete","Castilla-La Mancha","452",2
"ROYAL ENFIELD","HIMALAYAN 452","Alicante/Alacant","Comunidad Valenciana","452",4
"ROYAL ENFIELD","HIMALAYAN 452","Barcelona","Cataluña","452",6
"ROYAL ENFIELD","HIMALAYAN 452","Cádiz","Andalucía","452",3
"ROYAL ENFIELD","HIMALAYAN 452","Castellón/Castelló","Comunidad Valenciana","452",1
"ROYAL ENFIELD","HIMALAYAN 452","Ciudad Real","Castilla-La Mancha","452",2
"ROYAL ENFIELD","HIMALAYAN 452","Córdoba","Andalucía","452",1
"ROYAL ENFIELD","HIMALAYAN 452","Coruña (A)","Galicia","452",1
"ROYAL ENFIELD","HIMALAYAN 452","Girona","Cataluña","452",2
"ROYAL ENFIELD","HIMALAYAN 452","Granada","Andalucía","452",1
"ROYAL ENFIELD","HIMALAYAN 452","Huelva","Andalucía","452",1
"ROYAL ENFIELD","HIMALAYAN 452","Jaén","Andalucía","452",1
"ROYAL ENFIELD","HIMALAYAN 452","Madrid","Comunidad de Madrid","452",2
"ROYAL ENFIELD","HIMALAYAN 452","Málaga","Andalucía","452",3
"ROYAL ENFIELD","HIMALAYAN 452","Murcia","Región de Murcia","452",7
"ROYAL ENFIELD","HIMALAYAN 452","Palmas (Las)","Canarias","452",2
"ROYAL ENFIELD","HIMALAYAN 452","Salamanca","Castilla y León","452",1
"ROYAL ENFIELD","HIMALAYAN 452","Santa Cruz de Tenerife","Canarias","452",1
"ROYAL ENFIELD","HIMALAYAN 452","Sevilla","Andalucía","452",5
"ROYAL ENFIELD","HIMALAYAN 452","Tarragona","Cataluña","452",1
"ROYAL ENFIELD","HIMALAYAN 452","Teruel","Aragón","452",1
"ROYAL ENFIELD","HIMALAYAN 452","Toledo","Castilla-La Mancha","452",2
"ROYAL ENFIELD","HIMALAYAN 452","Valencia/València","Comunidad Valenciana","452",2
"ROYAL ENFIELD","HIMALAYAN 452","Zaragoza","Aragón","452",2
"ROYAL ENFIELD","HNTR 350","Huelva","Andalucía","349",1
"ROYAL ENFIELD","HNTR 350","Illes Balears","Illes Balears","349",2
"ROYAL ENFIELD","INTERCEPTOR 650","Barcelona","Cataluña","648",1
"ROYAL ENFIELD","INTERCEPTOR 650","Valladolid","Castilla y León","648",1
"ROYAL ENFIELD","INTERCEPTOR 650 O INTE","Huelva","Andalucía","648",1
"ROYAL ENFIELD","INTERCEPTOR BEAR 650","Barcelona","Cataluña","648",2
"ROYAL ENFIELD","INTERCEPTOR BEAR 650","Castellón/Castelló","Comunidad Valenciana","648",1
"ROYAL ENFIELD","INTERCEPTOR BEAR 650","Girona","Cataluña","648",1
"ROYAL ENFIELD","INTERCEPTOR BEAR 650","Illes Balears","Illes Balears","648",1
"ROYAL ENFIELD","INTERCEPTOR BEAR 650","Madrid","Comunidad de Madrid","648",1
"ROYAL ENFIELD","INTERCEPTOR BEAR 650","Palmas (Las)","Canarias","648",2
"ROYAL ENFIELD","INTERCEPTOR BEAR 650","Valencia/València","Comunidad Valenciana","648",1
"ROYAL ENFIELD","METEOR 350","Madrid","Comunidad de Madrid","349",2
"ROYAL ENFIELD","METEOR 350","Málaga","Andalucía","349",1
"ROYAL ENFIELD","METEOR 350","Valencia/València","Comunidad Valenciana","349",3
"ROYAL ENFIELD","SHOTGUN 650","Asturias","Principado de Asturias","648",1
"ROYAL ENFIELD","SHOTGUN 650","Barcelona","Cataluña","648",1
"ROYAL ENFIELD","SHOTGUN 650","Murcia","Región de Murcia","648",2
"ROYAL ENFIELD","SHOTGUN 650","Sevilla","Andalucía","648",1
"ROYAL ENFIELD","SUPER METEOR 650","Alicante/Alacant","Comunidad Valenciana","648",2
"ROYAL ENFIELD","SUPER METEOR 650","Barcelona","Cataluña","648",2
"ROYAL ENFIELD","SUPER METEOR 650","Córdoba","Andalucía","648",1
"ROYAL ENFIELD","SUPER METEOR 650","Gipuzkoa","País Vasco","648",1
"ROYAL ENFIELD","SUPER METEOR 650","Illes Balears","Illes Balears","648",1
"ROYAL ENFIELD","SUPER METEOR 650","Madrid","Comunidad de Madrid","648",2
"ROYAL ENFIELD","SUPER METEOR 650","Málaga","Andalucía","648",2
"ROYAL ENFIELD","SUPER METEOR 650","Palmas (Las)","Canarias","648",1
"ROYAL ENFIELD","SUPER METEOR 650","Santa Cruz de Tenerife","Canarias","648",1
"ROYAL ENFIELD","SUPER METEOR 650","Sevilla","Andalucía","648",1
"SCORPA","300CC","Huesca","Aragón","295",1
"SHERCO","125 SE-R","Alicante/Alacant","Comunidad Valenciana","125",3
"SHERCO","125 SE-R","Barcelona","Cataluña","125",1
"SHERCO","125 SE-R","Huelva","Andalucía","125",1
"SHERCO","125 SE-R","Lleida","Cataluña","125",1
"SHERCO","125 SE-R","Madrid","Comunidad de Madrid","125",1
"SHERCO","125 SE-R","Murcia","Región de Murcia","125",1
"SHERCO","125 SE-R","Palmas (Las)","Canarias","125",1
"SHERCO","125 SE-R","Santa Cruz de Tenerife","Canarias","125",1
"SHERCO","125 SE-R","Tarragona","Cataluña","125",1
"SHERCO","250 SE-R","Almería","Andalucía","249",2
"SHERCO","250 SE-R","Barcelona","Cataluña","249",1
"SHERCO","300 SE-R","Asturias","Principado de Asturias","293",1
"SHERCO","300 SE-R","Barcelona","Cataluña","293",1
"SHERCO","300 SE-R","Bizkaia","País Vasco","293",2
"SHERCO","300 SE-R","Cantabria","Cantabria","293",1
"SHERCO","300 SE-R","Huelva","Andalucía","293",2
"SHERCO","300 SE-R","Lleida","Cataluña","293",2
"SHERCO","300 SE-R","Madrid","Comunidad de Madrid","293",2
"SHERCO","300 SE-R","Málaga","Andalucía","293",2
"SHERCO","300 SE-R","Pontevedra","Galicia","293",1
"SHERCO","300 SE-R","Salamanca","Castilla y León","293",1
"SHERCO","300 SE-R","Santa Cruz de Tenerife","Canarias","293",2
"SHERCO","300 SE-R","Tarragona","Cataluña","293",1
"SHERCO","300 SE-R","Toledo","Castilla-La Mancha","293",1
"SHERCO","300 SE-R","Zaragoza","Aragón","293",1
"SHERCO","300 SEF-R","Badajoz","Extremadura","304",1
"SHERCO","300 SEF-R","Ciudad Real","Castilla-La Mancha","304",1
"SHERCO","300 SEF-R","Zaragoza","Aragón","304",1
"SHERCO","450 SEF-R","Coruña (A)","Galicia","449",1
"SHERCO","N.A","Barcelona","Cataluña","125",1
"SHERCO","N.A","Bizkaia","País Vasco","125",1
"SHERCO","N.A","Burgos","Castilla y León","125",1
"SHERCO","N.A","Cáceres","Extremadura","125",1
"SHERCO","N.A","Sevilla","Andalucía","125",1
"SHERCO","N.A","Teruel","Aragón","125",1
"SHERCO","N.A","Valencia/València","Comunidad Valenciana","125",1
"SUZUKI","ADDRESS 125","Alicante/Alacant","Comunidad Valenciana","124",3
"SUZUKI","ADDRESS 125","Asturias","Principado de Asturias","124",2
"SUZUKI","ADDRESS 125","Barcelona","Cataluña","124",9
"SUZUKI","ADDRESS 125","Cádiz","Andalucía","124",2
"SUZUKI","ADDRESS 125","Castellón/Castelló","Comunidad Valenciana","124",1
"SUZUKI","ADDRESS 125","Ceuta","Ceuta","124",1
"SUZUKI","ADDRESS 125","Coruña (A)","Galicia","124",1
"SUZUKI","ADDRESS 125","Girona","Cataluña","124",2
"SUZUKI","ADDRESS 125","Huelva","Andalucía","124",1
"SUZUKI","ADDRESS 125","Illes Balears","Illes Balears","124",7
"SUZUKI","ADDRESS 125","León","Castilla y León","124",1
"SUZUKI","ADDRESS 125","Lleida","Cataluña","124",1
"SUZUKI","ADDRESS 125","Madrid","Comunidad de Madrid","124",4
"SUZUKI","ADDRESS 125","Málaga","Andalucía","124",4
"SUZUKI","ADDRESS 125","Murcia","Región de Murcia","124",1
"SUZUKI","ADDRESS 125","Palmas (Las)","Canarias","124",1
"SUZUKI","ADDRESS 125","Santa Cruz de Tenerife","Canarias","124",2
"SUZUKI","ADDRESS 125","Sevilla","Andalucía","124",1
"SUZUKI","ADDRESS 125","Tarragona","Cataluña","124",1
"SUZUKI","ADDRESS 125","Valencia/València","Comunidad Valenciana","124",3
"SUZUKI","ADDRESS 125","Zaragoza","Aragón","124",1
"SUZUKI","BURGMAN 400","Alicante/Alacant","Comunidad Valenciana","400",1
"SUZUKI","BURGMAN 400","Asturias","Principado de Asturias","400",1
"SUZUKI","BURGMAN 400","Málaga","Andalucía","400",1
"SUZUKI","BURGMAN 400","Valencia/València","Comunidad Valenciana","400",3
"SUZUKI","DL650","Asturias","Principado de Asturias","645",2
"SUZUKI","DL650","Barcelona","Cataluña","645",1
"SUZUKI","DL650U","Santa Cruz de Tenerife","Canarias","645",1
"SUZUKI","DR-Z400","Alicante/Alacant","Comunidad Valenciana","398",1
"SUZUKI","DR-Z400","Asturias","Principado de Asturias","398",1
"SUZUKI","DR-Z400","Castellón/Castelló","Comunidad Valenciana","398",1
"SUZUKI","DR-Z400","Granada","Andalucía","398",1
"SUZUKI","DR-Z400","Madrid","Comunidad de Madrid","398",4
"SUZUKI","DR-Z400","Valencia/València","Comunidad Valenciana","398",1
"SUZUKI","GSX S1000X","Granada","Andalucía","999",1
"SUZUKI","GSX-8S","Álava/Araba","País Vasco","776",1
"SUZUKI","GSX-8S","Barcelona","Cataluña","776",5
"SUZUKI","GSX-8S","Bizkaia","País Vasco","776",1
"SUZUKI","GSX-8S","Cáceres","Extremadura","776",1
"SUZUKI","GSX-8S","Castellón/Castelló","Comunidad Valenciana","776",1
"SUZUKI","GSX-8S","Granada","Andalucía","776",1
"SUZUKI","GSX-8S","Illes Balears","Illes Balears","776",1
"SUZUKI","GSX-8S","Madrid","Comunidad de Madrid","776",2
"SUZUKI","GSX-8S","Málaga","Andalucía","776",2
"SUZUKI","GSX-8S","Palmas (Las)","Canarias","776",1
"SUZUKI","GSX-8S","Pontevedra","Galicia","776",1
"SUZUKI","GSX-8S","Rioja (La)","La Rioja","776",1
"SUZUKI","GSX-8S","Santa Cruz de Tenerife","Canarias","776",6
"SUZUKI","GSX-8S","Sevilla","Andalucía","776",2
"SUZUKI","GSX-8S","Valencia/València","Comunidad Valenciana","776",1
"SUZUKI","GSX-8S","Zaragoza","Aragón","776",1
"SUZUKI","GSX-R125","Barcelona","Cataluña","124",1
"SUZUKI","GSX-R125","Madrid","Comunidad de Madrid","124",2
"SUZUKI","GSX-R125","Valencia/València","Comunidad Valenciana","124",1
"SUZUKI","GSX-S 1000","Alicante/Alacant","Comunidad Valenciana","999",1
"SUZUKI","GSX-S 1000","Almería","Andalucía","999",1
"SUZUKI","GSX-S 1000","Barcelona","Cataluña","999",6
"SUZUKI","GSX-S 1000","Bizkaia","País Vasco","999",6
"SUZUKI","GSX-S 1000","Cáceres","Extremadura","999",1
"SUZUKI","GSX-S 1000","Castellón/Castelló","Comunidad Valenciana","999",1
"SUZUKI","GSX-S 1000","Ciudad Real","Castilla-La Mancha","999",1
"SUZUKI","GSX-S 1000","Córdoba","Andalucía","999",1
"SUZUKI","GSX-S 1000","Gipuzkoa","País Vasco","999",1
"SUZUKI","GSX-S 1000","Huelva","Andalucía","999",1
"SUZUKI","GSX-S 1000","Illes Balears","Illes Balears","999",2
"SUZUKI","GSX-S 1000","Madrid","Comunidad de Madrid","999",4
"SUZUKI","GSX-S 1000","Málaga","Andalucía","999",3
"SUZUKI","GSX-S 1000","Navarra","Comunidad Foral de Navarra","999",1
"SUZUKI","GSX-S 1000","Palmas (Las)","Canarias","999",1
"SUZUKI","GSX-S 1000","Pontevedra","Galicia","999",1
"SUZUKI","GSX-S 1000","Santa Cruz de Tenerife","Canarias","999",1
"SUZUKI","GSX-S 1000","Sevilla","Andalucía","999",2
"SUZUKI","GSX-S 1000","Tarragona","Cataluña","999",1
"SUZUKI","GSX-S 1000","Valencia/València","Comunidad Valenciana","999",2
"SUZUKI","GSX-S 1000","Valladolid","Castilla y León","999",1
"SUZUKI","GSX-S 1000","Zaragoza","Aragón","999",1
"SUZUKI","GSX-S125","Santa Cruz de Tenerife","Canarias","124",1
"SUZUKI","GSX-S125","Valencia/València","Comunidad Valenciana","124",1
"SUZUKI","GSX1300R","Madrid","Comunidad de Madrid","1340",2
"SUZUKI","GSX1300R","Pontevedra","Galicia","1340",1
"SUZUKI","SV650","Barcelona","Cataluña","645",1
"SUZUKI","SV650U","Badajoz","Extremadura","645",1
"SUZUKI","SV650U","Zaragoza","Aragón","645",1
"SUZUKI","UN125","Barcelona","Cataluña","124",1
"SUZUKI","V-Strom 1050","Asturias","Principado de Asturias","1037",1
"SUZUKI","V-Strom 1050","Granada","Andalucía","1037",1
"SUZUKI","V-Strom 1050","Illes Balears","Illes Balears","1037",2
"SUZUKI","V-Strom 1050","Málaga","Andalucía","1037",1
"SUZUKI","V-Strom 800","Albacete","Castilla-La Mancha","776",1
"SUZUKI","V-Strom 800","Alicante/Alacant","Comunidad Valenciana","776",5
"SUZUKI","V-Strom 800","Almería","Andalucía","776",1
"SUZUKI","V-Strom 800","Asturias","Principado de Asturias","776",1
"SUZUKI","V-Strom 800","Badajoz","Extremadura","776",1
"SUZUKI","V-Strom 800","Barcelona","Cataluña","776",1
"SUZUKI","V-Strom 800","Bizkaia","País Vasco","776",1
"SUZUKI","V-Strom 800","Cádiz","Andalucía","776",1
"SUZUKI","V-Strom 800","Cantabria","Cantabria","776",2
"SUZUKI","V-Strom 800","Ceuta","Ceuta","776",1
"SUZUKI","V-Strom 800","Córdoba","Andalucía","776",1
"SUZUKI","V-Strom 800","Coruña (A)","Galicia","776",1
"SUZUKI","V-Strom 800","Girona","Cataluña","776",2
"SUZUKI","V-Strom 800","Huelva","Andalucía","776",1
"SUZUKI","V-Strom 800","Huesca","Aragón","776",1
"SUZUKI","V-Strom 800","Madrid","Comunidad de Madrid","776",4
"SUZUKI","V-Strom 800","Murcia","Región de Murcia","776",1
"SUZUKI","V-Strom 800","Navarra","Comunidad Foral de Navarra","776",2
"SUZUKI","V-Strom 800","Palmas (Las)","Canarias","776",3
"SUZUKI","V-Strom 800","Pontevedra","Galicia","776",1
"SUZUKI","V-Strom 800","Santa Cruz de Tenerife","Canarias","776",3
"SUZUKI","V-Strom 800","Sevilla","Andalucía","776",3
"SUZUKI","V-Strom 800","Valencia/València","Comunidad Valenciana","776",4
"SWM","HOKU 125","Illes Balears","Illes Balears","125",1
"SWM","HOKU 125","Málaga","Andalucía","125",1
"SWM","HOKU 125","Zaragoza","Aragón","125",1
"SWM","OUTLAW125","Barcelona","Cataluña","125",1
"SWM","RS125R","Barcelona","Cataluña","125",1
"SWM","SM125R","Málaga","Andalucía","125",2
"SWM","SM125R","Murcia","Región de Murcia","125",1
"SWM","SUPERDUAL T","Santa Cruz de Tenerife","Canarias","600",1
"SWM","SUPERDUAL X","Barcelona","Cataluña","600",2
"SWM","SUPERDUAL X","Girona","Cataluña","600",1
"SWM","VAREZ125","Illes Balears","Illes Balears","125",1
"SYM","ADX 125 ABS","Barcelona","Cataluña","125",7
"SYM","ADX 125 ABS","Santa Cruz de Tenerife","Canarias","125",1
"SYM","ADX 125 ABS","Sevilla","Andalucía","125",1
"SYM","ADX 125 LC TCS E5+","Almería","Andalucía","125",1
"SYM","ADX 125 LC TCS E5+","Barcelona","Cataluña","125",3
"SYM","ADX 125 LC TCS E5+","Palmas (Las)","Canarias","125",4
"SYM","ADX 125 LC TCS E5+","Sevilla","Andalucía","125",2
"SYM","ADX 300 TCS","Álava/Araba","País Vasco","278",1
"SYM","ADX 300 TCS","Alicante/Alacant","Comunidad Valenciana","278",4
"SYM","ADX 300 TCS","Barcelona","Cataluña","278",7
"SYM","ADX 300 TCS","Cáceres","Extremadura","278",1
"SYM","ADX 300 TCS","Cádiz","Andalucía","278",2
"SYM","ADX 300 TCS","Castellón/Castelló","Comunidad Valenciana","278",1
"SYM","ADX 300 TCS","Córdoba","Andalucía","278",2
"SYM","ADX 300 TCS","Coruña (A)","Galicia","278",1
"SYM","ADX 300 TCS","Gipuzkoa","País Vasco","278",3
"SYM","ADX 300 TCS","Girona","Cataluña","278",1
"SYM","ADX 300 TCS","Granada","Andalucía","278",1
"SYM","ADX 300 TCS","Illes Balears","Illes Balears","278",2
"SYM","ADX 300 TCS","Jaén","Andalucía","278",1
"SYM","ADX 300 TCS","Madrid","Comunidad de Madrid","278",1
"SYM","ADX 300 TCS","Murcia","Región de Murcia","278",1
"SYM","ADX 300 TCS","Navarra","Comunidad Foral de Navarra","278",1
"SYM","ADX 300 TCS","Ourense","Galicia","278",1
"SYM","ADX 300 TCS","Santa Cruz de Tenerife","Canarias","278",3
"SYM","ADX 300 TCS","Sevilla","Andalucía","278",5
"SYM","ADX 300 TCS","Tarragona","Cataluña","278",5
"SYM","ADX 300 TCS","Valencia/València","Comunidad Valenciana","278",3
"SYM","ADX 300 TCS","Zaragoza","Aragón","278",2
"SYM","ADXTG 400","Cádiz","Andalucía","399",1
"SYM","ADXTG 400","Illes Balears","Illes Balears","399",1
"SYM","ADXTG 400","Palmas (Las)","Canarias","399",2
"SYM","ADXTG 400","Sevilla","Andalucía","399",1
"SYM","CRUISYM 125 E5 TCS","Pontevedra","Galicia","124",1
"SYM","CRUISYM 125 TCS E5+","Alicante/Alacant","Comunidad Valenciana","124",1
"SYM","CRUISYM 125 TCS E5+","Almería","Andalucía","124",1
"SYM","CRUISYM 125 TCS E5+","Asturias","Principado de Asturias","124",1
"SYM","CRUISYM 125 TCS E5+","Barcelona","Cataluña","124",17
"SYM","CRUISYM 125 TCS E5+","Cádiz","Andalucía","124",2
"SYM","CRUISYM 125 TCS E5+","Cantabria","Cantabria","124",1
"SYM","CRUISYM 125 TCS E5+","Córdoba","Andalucía","124",3
"SYM","CRUISYM 125 TCS E5+","Girona","Cataluña","124",2
"SYM","CRUISYM 125 TCS E5+","Granada","Andalucía","124",2
"SYM","CRUISYM 125 TCS E5+","Huelva","Andalucía","124",2
"SYM","CRUISYM 125 TCS E5+","Huesca","Aragón","124",1
"SYM","CRUISYM 125 TCS E5+","Illes Balears","Illes Balears","124",1
"SYM","CRUISYM 125 TCS E5+","Madrid","Comunidad de Madrid","124",2
"SYM","CRUISYM 125 TCS E5+","Málaga","Andalucía","124",2
"SYM","CRUISYM 125 TCS E5+","Palmas (Las)","Canarias","124",1
"SYM","CRUISYM 125 TCS E5+","Pontevedra","Galicia","124",1
"SYM","CRUISYM 125 TCS E5+","Sevilla","Andalucía","124",15
"SYM","CRUISYM 125 TCS E5+","Valencia/València","Comunidad Valenciana","124",4
"SYM","CRUISYM 125 TCS E5+","Zaragoza","Aragón","124",1
"SYM","FIDDLE 125 E5","Barcelona","Cataluña","125",1
"SYM","FUGUE 125 ABS TOP CASE","Asturias","Principado de Asturias","124",1
"SYM","FUGUE 125 ABS TOP CASE","Barcelona","Cataluña","124",2
"SYM","FUGUE 125 ABS TOP CASE","Cádiz","Andalucía","124",3
"SYM","FUGUE 125 ABS TOP CASE","Cantabria","Cantabria","124",1
"SYM","FUGUE 125 ABS TOP CASE","Coruña (A)","Galicia","124",1
"SYM","FUGUE 125 ABS TOP CASE","Girona","Cataluña","124",2
"SYM","FUGUE 125 ABS TOP CASE","Granada","Andalucía","124",1
"SYM","FUGUE 125 ABS TOP CASE","Huelva","Andalucía","124",2
"SYM","FUGUE 125 ABS TOP CASE","Illes Balears","Illes Balears","124",3
"SYM","FUGUE 125 ABS TOP CASE","Madrid","Comunidad de Madrid","124",2
"SYM","FUGUE 125 ABS TOP CASE","Málaga","Andalucía","124",2
"SYM","FUGUE 125 ABS TOP CASE","Murcia","Región de Murcia","124",1
"SYM","FUGUE 125 ABS TOP CASE","Santa Cruz de Tenerife","Canarias","124",1
"SYM","FUGUE 125 ABS TOP CASE","Valencia/València","Comunidad Valenciana","124",4
"SYM","FUGUE 125 ABS TOP CASE","Valladolid","Castilla y León","124",1
"SYM","JET 14","Álava/Araba","País Vasco","125",2
"SYM","JET 14","Albacete","Castilla-La Mancha","125",4
"SYM","JET 14","Alicante/Alacant","Comunidad Valenciana","125",19
"SYM","JET 14","Almería","Andalucía","125",2
"SYM","JET 14","Asturias","Principado de Asturias","125",6
"SYM","JET 14","Barcelona","Cataluña","125",71
"SYM","JET 14","Bizkaia","País Vasco","125",2
"SYM","JET 14","Burgos","Castilla y León","125",1
"SYM","JET 14","Cádiz","Andalucía","125",26
"SYM","JET 14","Cantabria","Cantabria","125",1
"SYM","JET 14","Castellón/Castelló","Comunidad Valenciana","125",2
"SYM","JET 14","Ciudad Real","Castilla-La Mancha","125",1
"SYM","JET 14","Córdoba","Andalucía","125",26
"SYM","JET 14","Coruña (A)","Galicia","125",3
"SYM","JET 14","Gipuzkoa","País Vasco","125",5
"SYM","JET 14","Girona","Cataluña","125",18
"SYM","JET 14","Granada","Andalucía","125",11
"SYM","JET 14","Huelva","Andalucía","125",3
"SYM","JET 14","Illes Balears","Illes Balears","125",21
"SYM","JET 14","Jaén","Andalucía","125",1
"SYM","JET 14","León","Castilla y León","125",1
"SYM","JET 14","Madrid","Comunidad de Madrid","125",23
"SYM","JET 14","Málaga","Andalucía","125",21
"SYM","JET 14","Murcia","Región de Murcia","125",9
"SYM","JET 14","Navarra","Comunidad Foral de Navarra","125",1
"SYM","JET 14","Ourense","Galicia","125",4
"SYM","JET 14","Palmas (Las)","Canarias","125",2
"SYM","JET 14","Pontevedra","Galicia","125",5
"SYM","JET 14","Rioja (La)","La Rioja","125",2
"SYM","JET 14","Salamanca","Castilla y León","125",1
"SYM","JET 14","Santa Cruz de Tenerife","Canarias","125",14
"SYM","JET 14","Segovia","Castilla y León","125",1
"SYM","JET 14","Sevilla","Andalucía","125",35
"SYM","JET 14","Tarragona","Cataluña","125",11
"SYM","JET 14","Teruel","Aragón","125",3
"SYM","JET 14","Valencia/València","Comunidad Valenciana","125",13
"SYM","JET 14","Zamora","Castilla y León","125",1
"SYM","JET 14","Zaragoza","Aragón","125",5
"SYM","JET X","Alicante/Alacant","Comunidad Valenciana","125",4
"SYM","JET X","Almería","Andalucía","125",1
"SYM","JET X","Asturias","Principado de Asturias","125",1
"SYM","JET X","Barcelona","Cataluña","125",12
"SYM","JET X","Bizkaia","País Vasco","125",2
"SYM","JET X","Cádiz","Andalucía","125",8
"SYM","JET X","Ciudad Real","Castilla-La Mancha","125",1
"SYM","JET X","Córdoba","Andalucía","125",1
"SYM","JET X","Coruña (A)","Galicia","125",2
"SYM","JET X","Granada","Andalucía","125",3
"SYM","JET X","Huelva","Andalucía","125",2
"SYM","JET X","Illes Balears","Illes Balears","125",6
"SYM","JET X","Jaén","Andalucía","125",1
"SYM","JET X","Madrid","Comunidad de Madrid","125",12
"SYM","JET X","Málaga","Andalucía","125",6
"SYM","JET X","Murcia","Región de Murcia","125",5
"SYM","JET X","Salamanca","Castilla y León","125",1
"SYM","JET X","Santa Cruz de Tenerife","Canarias","125",1
"SYM","JET X","Sevilla","Andalucía","125",7
"SYM","JET X","Tarragona","Cataluña","125",1
"SYM","JET X","Toledo","Castilla-La Mancha","125",2
"SYM","JET X","Valencia/València","Comunidad Valenciana","125",2
"SYM","JET X","Zaragoza","Aragón","125",2
"SYM","JOYMAX Z 125 ABS E5+","Barcelona","Cataluña","124",2
"SYM","JOYMAX Z 300 E5+","Alicante/Alacant","Comunidad Valenciana","278",1
"SYM","JOYMAX Z 300 E5+","Barcelona","Cataluña","278",6
"SYM","JOYMAX Z 300 E5+","Cádiz","Andalucía","278",1
"SYM","JOYMAX Z 300 E5+","Girona","Cataluña","278",2
"SYM","JOYMAX Z 300 E5+","Illes Balears","Illes Balears","278",5
"SYM","JOYMAX Z 300 E5+","Málaga","Andalucía","278",1
"SYM","JOYMAX Z 300 E5+","Palmas (Las)","Canarias","278",1
"SYM","JOYMAX Z 300 E5+","Rioja (La)","La Rioja","278",1
"SYM","JOYMAX Z 300 E5+","Sevilla","Andalucía","278",6
"SYM","JOYMAX Z 300 E5+","Valencia/València","Comunidad Valenciana","278",2
"SYM","JOYMAX Z 300 E5+","Zaragoza","Aragón","278",1
"SYM","JOYRIDE 300 ABS","Girona","Cataluña","278",1
"SYM","JOYRIDE 300 ABS","Navarra","Comunidad Foral de Navarra","278",1
"SYM","MAXSYM 400I GT","Cádiz","Andalucía","399",1
"SYM","MAXSYM TL 508 E5+","Barcelona","Cataluña","508",2
"SYM","MAXSYM TL 508 E5+","Girona","Cataluña","508",1
"SYM","MAXSYM TL 508 E5+","Palmas (Las)","Canarias","508",1
"SYM","MAXSYM TL 508 E5+","Valencia/València","Comunidad Valenciana","508",1
"SYM","MAXSYM TL TCS","Zaragoza","Aragón","508",1
"SYM","SYMPHONY 125","Albacete","Castilla-La Mancha","125",1
"SYM","SYMPHONY 125","Alicante/Alacant","Comunidad Valenciana","125",27
"SYM","SYMPHONY 125","Almería","Andalucía","125",3
"SYM","SYMPHONY 125","Asturias","Principado de Asturias","125",2
"SYM","SYMPHONY 125","Ávila","Castilla y León","125",1
"SYM","SYMPHONY 125","Badajoz","Extremadura","125",1
"SYM","SYMPHONY 125","Barcelona","Cataluña","125",297
"SYM","SYMPHONY 125","Bizkaia","País Vasco","125",3
"SYM","SYMPHONY 125","Burgos","Castilla y León","125",3
"SYM","SYMPHONY 125","Cáceres","Extremadura","125",1
"SYM","SYMPHONY 125","Cádiz","Andalucía","125",25
"SYM","SYMPHONY 125","Cantabria","Cantabria","125",5
"SYM","SYMPHONY 125","Castellón/Castelló","Comunidad Valenciana","125",1
"SYM","SYMPHONY 125","Ciudad Real","Castilla-La Mancha","125",1
"SYM","SYMPHONY 125","Córdoba","Andalucía","125",12
"SYM","SYMPHONY 125","Coruña (A)","Galicia","125",3
"SYM","SYMPHONY 125","Gipuzkoa","País Vasco","125",16
"SYM","SYMPHONY 125","Girona","Cataluña","125",47
"SYM","SYMPHONY 125","Granada","Andalucía","125",20
"SYM","SYMPHONY 125","Guadalajara","Castilla-La Mancha","125",1
"SYM","SYMPHONY 125","Huelva","Andalucía","125",2
"SYM","SYMPHONY 125","Huesca","Aragón","125",4
"SYM","SYMPHONY 125","Illes Balears","Illes Balears","125",37
"SYM","SYMPHONY 125","Jaén","Andalucía","125",4
"SYM","SYMPHONY 125","Lleida","Cataluña","125",3
"SYM","SYMPHONY 125","Lugo","Galicia","125",4
"SYM","SYMPHONY 125","Madrid","Comunidad de Madrid","125",35
"SYM","SYMPHONY 125","Málaga","Andalucía","125",45
"SYM","SYMPHONY 125","Murcia","Región de Murcia","125",14
"SYM","SYMPHONY 125","Navarra","Comunidad Foral de Navarra","125",6
"SYM","SYMPHONY 125","Ourense","Galicia","125",7
"SYM","SYMPHONY 125","Palencia","Castilla y León","125",1
"SYM","SYMPHONY 125","Palmas (Las)","Canarias","125",9
"SYM","SYMPHONY 125","Pontevedra","Galicia","125",2
"SYM","SYMPHONY 125","Rioja (La)","La Rioja","125",4
"SYM","SYMPHONY 125","Salamanca","Castilla y León","125",2
"SYM","SYMPHONY 125","Santa Cruz de Tenerife","Canarias","125",17
"SYM","SYMPHONY 125","Segovia","Castilla y León","125",1
"SYM","SYMPHONY 125","Sevilla","Andalucía","125",44
"SYM","SYMPHONY 125","Tarragona","Cataluña","125",20
"SYM","SYMPHONY 125","Teruel","Aragón","125",3
"SYM","SYMPHONY 125","Toledo","Castilla-La Mancha","125",1
"SYM","SYMPHONY 125","Valencia/València","Comunidad Valenciana","125",16
"SYM","SYMPHONY 125","Valladolid","Castilla y León","125",1
"SYM","SYMPHONY 125","Zamora","Castilla y León","125",1
"SYM","SYMPHONY 125","Zaragoza","Aragón","125",2
"TM MOTO","---","Murcia","Región de Murcia","293",1
"TRIUMPH","BONNEVILLE BOBBER  (E5","Bizkaia","País Vasco","1200",1
"TRIUMPH","BONNEVILLE BOBBER  (E5","Cádiz","Andalucía","1200",1
"TRIUMPH","BONNEVILLE BOBBER  (E5","Illes Balears","Illes Balears","1200",1
"TRIUMPH","BONNEVILLE BOBBER  (E5","Palmas (Las)","Canarias","1200",1
"TRIUMPH","BONNEVILLE SPEEDMASTER","Granada","Andalucía","1200",1
"TRIUMPH","BONNEVILLE SPEEDMASTER","Illes Balears","Illes Balears","1200",1
"TRIUMPH","BONNEVILLE SPEEDMASTER","Málaga","Andalucía","1200",1
"TRIUMPH","BONNEVILLE SPEEDMASTER","Tarragona","Cataluña","1200",1
"TRIUMPH","BONNEVILLE T100","Alicante/Alacant","Comunidad Valenciana","900",1
"TRIUMPH","BONNEVILLE T100","Asturias","Principado de Asturias","900",2
"TRIUMPH","BONNEVILLE T100","Barcelona","Cataluña","900",4
"TRIUMPH","BONNEVILLE T100","Cádiz","Andalucía","900",1
"TRIUMPH","BONNEVILLE T100","Gipuzkoa","País Vasco","900",1
"TRIUMPH","BONNEVILLE T100","Girona","Cataluña","900",1
"TRIUMPH","BONNEVILLE T100","Huesca","Aragón","900",1
"TRIUMPH","BONNEVILLE T100","Madrid","Comunidad de Madrid","900",5
"TRIUMPH","BONNEVILLE T100","Murcia","Región de Murcia","900",1
"TRIUMPH","BONNEVILLE T100","Valencia/València","Comunidad Valenciana","900",1
"TRIUMPH","BONNEVILLE T120","Barcelona","Cataluña","1200",1
"TRIUMPH","BONNEVILLE T120 (E5 VB","Barcelona","Cataluña","1200",2
"TRIUMPH","BONNEVILLE T120 (E5 VB","Cádiz","Andalucía","1200",1
"TRIUMPH","BONNEVILLE T120 (E5 VB","Madrid","Comunidad de Madrid","1200",1
"TRIUMPH","BONNEVILLE T120 BLACK","Barcelona","Cataluña","1200",2
"TRIUMPH","BONNEVILLE T120 BLACK","Illes Balears","Illes Balears","1200",1
"TRIUMPH","BONNEVILLE T120 BLACK","Madrid","Comunidad de Madrid","1200",1
"TRIUMPH","BONNEVILLE T120 BLACK","Navarra","Comunidad Foral de Navarra","1200",1
"TRIUMPH","BONNEVILLE T120 BLACK","Zaragoza","Aragón","1200",1
"TRIUMPH","DAYTONA 660","Alicante/Alacant","Comunidad Valenciana","660",1
"TRIUMPH","DAYTONA 660","Barcelona","Cataluña","660",3
"TRIUMPH","DAYTONA 660","Girona","Cataluña","660",1
"TRIUMPH","DAYTONA 660","Guadalajara","Castilla-La Mancha","660",1
"TRIUMPH","DAYTONA 660","Madrid","Comunidad de Madrid","660",3
"TRIUMPH","DAYTONA 660","Málaga","Andalucía","660",1
"TRIUMPH","DAYTONA 660","Sevilla","Andalucía","660",1
"TRIUMPH","DAYTONA 660","Zaragoza","Aragón","660",2
"TRIUMPH","ROCKET 3 STORM GT","Pontevedra","Galicia","2458",1
"TRIUMPH","ROCKET 3 STORM R","Madrid","Comunidad de Madrid","2458",2
"TRIUMPH","ROCKET 3 STORM R","Palmas (Las)","Canarias","2458",1
"TRIUMPH","ROCKET 3 STORM R","Zaragoza","Aragón","2458",1
"TRIUMPH","SCRAMBLER 1200 X","Alicante/Alacant","Comunidad Valenciana","1200",1
"TRIUMPH","SCRAMBLER 1200 X","Girona","Cataluña","1200",1
"TRIUMPH","SCRAMBLER 1200 X","Madrid","Comunidad de Madrid","1200",1
"TRIUMPH","SCRAMBLER 1200 XE","Barcelona","Cataluña","1200",1
"TRIUMPH","SCRAMBLER 1200 XE","Illes Balears","Illes Balears","1200",1
"TRIUMPH","SCRAMBLER 400 X","Alicante/Alacant","Comunidad Valenciana","398",1
"TRIUMPH","SCRAMBLER 400 X","Almería","Andalucía","398",1
"TRIUMPH","SCRAMBLER 400 X","Asturias","Principado de Asturias","398",1
"TRIUMPH","SCRAMBLER 400 X","Barcelona","Cataluña","398",1
"TRIUMPH","SCRAMBLER 400 X","Cádiz","Andalucía","398",1
"TRIUMPH","SCRAMBLER 400 X","Castellón/Castelló","Comunidad Valenciana","398",1
"TRIUMPH","SCRAMBLER 400 X","Coruña (A)","Galicia","398",1
"TRIUMPH","SCRAMBLER 400 X","Girona","Cataluña","398",1
"TRIUMPH","SCRAMBLER 400 X","Lleida","Cataluña","398",1
"TRIUMPH","SCRAMBLER 400 X","Madrid","Comunidad de Madrid","398",1
"TRIUMPH","SCRAMBLER 400 X","Málaga","Andalucía","398",5
"TRIUMPH","SCRAMBLER 400 X","Palencia","Castilla y León","398",1
"TRIUMPH","SCRAMBLER 400 X","Sevilla","Andalucía","398",1
"TRIUMPH","SCRAMBLER 400 X","Valencia/València","Comunidad Valenciana","398",1
"TRIUMPH","SCRAMBLER 400 X","Zaragoza","Aragón","398",1
"TRIUMPH","SCRAMBLER 400 XC","Barcelona","Cataluña","398",2
"TRIUMPH","SCRAMBLER 400 XC","Bizkaia","País Vasco","398",2
"TRIUMPH","SCRAMBLER 400 XC","Cádiz","Andalucía","398",1
"TRIUMPH","SCRAMBLER 400 XC","Cantabria","Cantabria","398",1
"TRIUMPH","SCRAMBLER 400 XC","Girona","Cataluña","398",1
"TRIUMPH","SCRAMBLER 400 XC","Málaga","Andalucía","398",1
"TRIUMPH","SCRAMBLER 400 XC","Palmas (Las)","Canarias","398",1
"TRIUMPH","SCRAMBLER 400 XC","Sevilla","Andalucía","398",1
"TRIUMPH","SCRAMBLER 900","Barcelona","Cataluña","900",1
"TRIUMPH","SCRAMBLER 900","Ciudad Real","Castilla-La Mancha","900",1
"TRIUMPH","SCRAMBLER 900","Girona","Cataluña","900",1
"TRIUMPH","SCRAMBLER 900","Madrid","Comunidad de Madrid","900",2
"TRIUMPH","SCRAMBLER 900","Valencia/València","Comunidad Valenciana","900",1
"TRIUMPH","SPEED 400","Alicante/Alacant","Comunidad Valenciana","398",1
"TRIUMPH","SPEED 400","Asturias","Principado de Asturias","398",1
"TRIUMPH","SPEED 400","Barcelona","Cataluña","398",12
"TRIUMPH","SPEED 400","Bizkaia","País Vasco","398",1
"TRIUMPH","SPEED 400","Coruña (A)","Galicia","398",1
"TRIUMPH","SPEED 400","Granada","Andalucía","398",1
"TRIUMPH","SPEED 400","Illes Balears","Illes Balears","398",1
"TRIUMPH","SPEED 400","Madrid","Comunidad de Madrid","398",4
"TRIUMPH","SPEED 400","Málaga","Andalucía","398",9
"TRIUMPH","SPEED 400","Rioja (La)","La Rioja","398",1
"TRIUMPH","SPEED 400","Sevilla","Andalucía","398",2
"TRIUMPH","SPEED 400","Tarragona","Cataluña","398",1
"TRIUMPH","SPEED 400","Valencia/València","Comunidad Valenciana","398",2
"TRIUMPH","SPEED 400","Zaragoza","Aragón","398",2
"TRIUMPH","SPEED TRIPLE RS","Madrid","Comunidad de Madrid","1160",1
"TRIUMPH","SPEED TRIPLE RX","Madrid","Comunidad de Madrid","1160",1
"TRIUMPH","SPEED TRIPLE RX","Santa Cruz de Tenerife","Canarias","1160",1
"TRIUMPH","SPEED TWIN","Alicante/Alacant","Comunidad Valenciana","1200",1
"TRIUMPH","SPEED TWIN","Madrid","Comunidad de Madrid","1200",1
"TRIUMPH","SPEED TWIN 1200","Sevilla","Andalucía","1200",1
"TRIUMPH","SPEED TWIN 1200 RS","Castellón/Castelló","Comunidad Valenciana","1200",1
"TRIUMPH","SPEED TWIN 1200 RS","Valencia/València","Comunidad Valenciana","1200",1
"TRIUMPH","SPEED TWIN 900","Alicante/Alacant","Comunidad Valenciana","900",1
"TRIUMPH","SPEED TWIN 900","Asturias","Principado de Asturias","900",1
"TRIUMPH","SPEED TWIN 900","Granada","Andalucía","900",1
"TRIUMPH","SPEED TWIN 900","Illes Balears","Illes Balears","900",2
"TRIUMPH","SPEED TWIN 900","Madrid","Comunidad de Madrid","900",2
"TRIUMPH","SPEED TWIN 900","Navarra","Comunidad Foral de Navarra","900",1
"TRIUMPH","SPEED TWIN 900","Pontevedra","Galicia","900",1
"TRIUMPH","SPEED TWIN 900","Valencia/València","Comunidad Valenciana","900",2
"TRIUMPH","SPEED TWIN 900","Zaragoza","Aragón","900",1
"TRIUMPH","STREET TRIPLE R","Barcelona","Cataluña","765",1
"TRIUMPH","STREET TRIPLE R","Murcia","Región de Murcia","765",1
"TRIUMPH","STREET TRIPLE R (A2)","Alicante/Alacant","Comunidad Valenciana","765",1
"TRIUMPH","STREET TRIPLE R (A2)","Barcelona","Cataluña","765",3
"TRIUMPH","STREET TRIPLE R (A2)","Madrid","Comunidad de Madrid","765",1
"TRIUMPH","STREET TRIPLE R (A2)","Málaga","Andalucía","765",2
"TRIUMPH","STREET TRIPLE R (A2)","Palmas (Las)","Canarias","765",1
"TRIUMPH","STREET TRIPLE R (A2)","Santa Cruz de Tenerife","Canarias","765",1
"TRIUMPH","STREET TRIPLE R (A2)","Tarragona","Cataluña","765",1
"TRIUMPH","STREET TRIPLE R (A2)","Valencia/València","Comunidad Valenciana","765",1
"TRIUMPH","STREET TRIPLE RS","Alicante/Alacant","Comunidad Valenciana","765",1
"TRIUMPH","STREET TRIPLE RS","Barcelona","Cataluña","765",6
"TRIUMPH","STREET TRIPLE RS","Cádiz","Andalucía","765",1
"TRIUMPH","STREET TRIPLE RS","Cantabria","Cantabria","765",1
"TRIUMPH","STREET TRIPLE RS","Madrid","Comunidad de Madrid","765",2
"TRIUMPH","STREET TRIPLE RS","Murcia","Región de Murcia","765",1
"TRIUMPH","STREET TRIPLE RS","Valencia/València","Comunidad Valenciana","765",1
"TRIUMPH","STREET TRIPLE RS","Zaragoza","Aragón","765",1
"TRIUMPH","TF250-E","Barcelona","Cataluña","250",1
"TRIUMPH","TF250-E","Illes Balears","Illes Balears","250",1
"TRIUMPH","TF250-E","Lleida","Cataluña","250",1
"TRIUMPH","TF250-E","Tarragona","Cataluña","250",2
"TRIUMPH","TF450-E","Barcelona","Cataluña","450",2
"TRIUMPH","TF450-E","Madrid","Comunidad de Madrid","450",2
"TRIUMPH","TIGER 1200 GT PRO","Barcelona","Cataluña","1160",1
"TRIUMPH","TIGER 1200 GT PRO","Cádiz","Andalucía","1160",1
"TRIUMPH","TIGER 1200 GT PRO","Madrid","Comunidad de Madrid","1160",2
"TRIUMPH","TIGER 1200 GT PRO","Tarragona","Cataluña","1160",1
"TRIUMPH","TIGER 1200 RALLY EXPLO","Cádiz","Andalucía","1160",1
"TRIUMPH","TIGER 1200 RALLY PRO","Bizkaia","País Vasco","1160",1
"TRIUMPH","TIGER 1200 RALLY PRO","Madrid","Comunidad de Madrid","1160",3
"TRIUMPH","TIGER 900 GT","Zaragoza","Aragón","888",2
"TRIUMPH","TIGER 900 GT PRO","Alicante/Alacant","Comunidad Valenciana","888",1
"TRIUMPH","TIGER 900 GT PRO","Almería","Andalucía","888",2
"TRIUMPH","TIGER 900 GT PRO","Asturias","Principado de Asturias","888",2
"TRIUMPH","TIGER 900 GT PRO","Barcelona","Cataluña","888",4
"TRIUMPH","TIGER 900 GT PRO","Bizkaia","País Vasco","888",2
"TRIUMPH","TIGER 900 GT PRO","Cádiz","Andalucía","888",2
"TRIUMPH","TIGER 900 GT PRO","Córdoba","Andalucía","888",1
"TRIUMPH","TIGER 900 GT PRO","Gipuzkoa","País Vasco","888",1
"TRIUMPH","TIGER 900 GT PRO","Girona","Cataluña","888",1
"TRIUMPH","TIGER 900 GT PRO","Granada","Andalucía","888",1
"TRIUMPH","TIGER 900 GT PRO","Illes Balears","Illes Balears","888",2
"TRIUMPH","TIGER 900 GT PRO","Lleida","Cataluña","888",1
"TRIUMPH","TIGER 900 GT PRO","Madrid","Comunidad de Madrid","888",6
"TRIUMPH","TIGER 900 GT PRO","Murcia","Región de Murcia","888",1
"TRIUMPH","TIGER 900 GT PRO","Palmas (Las)","Canarias","888",1
"TRIUMPH","TIGER 900 GT PRO","Pontevedra","Galicia","888",1
"TRIUMPH","TIGER 900 GT PRO","Santa Cruz de Tenerife","Canarias","888",2
"TRIUMPH","TIGER 900 GT PRO","Sevilla","Andalucía","888",1
"TRIUMPH","TIGER 900 GT PRO","Tarragona","Cataluña","888",1
"TRIUMPH","TIGER 900 RALLY PRO","Alicante/Alacant","Comunidad Valenciana","888",1
"TRIUMPH","TIGER 900 RALLY PRO","Barcelona","Cataluña","888",2
"TRIUMPH","TIGER 900 RALLY PRO","Cádiz","Andalucía","888",1
"TRIUMPH","TIGER 900 RALLY PRO","Madrid","Comunidad de Madrid","888",3
"TRIUMPH","TIGER 900 RALLY PRO","Málaga","Andalucía","888",1
"TRIUMPH","TIGER 900 RALLY PRO","Sevilla","Andalucía","888",1
"TRIUMPH","TIGER 900 RALLY PRO","Tarragona","Cataluña","888",1
"TRIUMPH","TIGER SPORT","Barcelona","Cataluña","660",4
"TRIUMPH","TIGER SPORT","Bizkaia","País Vasco","660",1
"TRIUMPH","TIGER SPORT","Cádiz","Andalucía","660",2
"TRIUMPH","TIGER SPORT","Cantabria","Cantabria","660",1
"TRIUMPH","TIGER SPORT","Castellón/Castelló","Comunidad Valenciana","660",1
"TRIUMPH","TIGER SPORT","Girona","Cataluña","660",1
"TRIUMPH","TIGER SPORT","Madrid","Comunidad de Madrid","660",4
"TRIUMPH","TIGER SPORT","Pontevedra","Galicia","660",2
"TRIUMPH","TIGER SPORT","Rioja (La)","La Rioja","660",1
"TRIUMPH","TIGER SPORT 800","Barcelona","Cataluña","798",2
"TRIUMPH","TIGER SPORT 800","Bizkaia","País Vasco","798",1
"TRIUMPH","TIGER SPORT 800","Cádiz","Andalucía","798",1
"TRIUMPH","TIGER SPORT 800","Cantabria","Cantabria","798",1
"TRIUMPH","TIGER SPORT 800","Castellón/Castelló","Comunidad Valenciana","798",1
"TRIUMPH","TIGER SPORT 800","Coruña (A)","Galicia","798",1
"TRIUMPH","TIGER SPORT 800","Illes Balears","Illes Balears","798",1
"TRIUMPH","TIGER SPORT 800","León","Castilla y León","798",1
"TRIUMPH","TIGER SPORT 800","Murcia","Región de Murcia","798",1
"TRIUMPH","TIGER SPORT 800","Navarra","Comunidad Foral de Navarra","798",1
"TRIUMPH","TIGER SPORT 800","Tarragona","Cataluña","798",1
"TRIUMPH","TRIDENT","Alicante/Alacant","Comunidad Valenciana","660",1
"TRIUMPH","TRIDENT","Asturias","Principado de Asturias","660",2
"TRIUMPH","TRIDENT","Granada","Andalucía","660",1
"TRIUMPH","TRIDENT","Jaén","Andalucía","660",1
"TRIUMPH","TRIDENT","Lleida","Cataluña","660",1
"TRIUMPH","TRIDENT","Palmas (Las)","Canarias","660",1
"TRIUMPH","TRIDENT","Valencia/València","Comunidad Valenciana","660",1
"TRIUMPH","TRIDENT 660","Alicante/Alacant","Comunidad Valenciana","660",1
"TRIUMPH","TRIDENT 660","Barcelona","Cataluña","660",4
"TRIUMPH","TRIDENT 660","Gipuzkoa","País Vasco","660",1
"TRIUMPH","TRIDENT 660","Madrid","Comunidad de Madrid","660",2
"TRIUMPH","TRIDENT 660","Málaga","Andalucía","660",1
"TRIUMPH","TRIDENT 660","Sevilla","Andalucía","660",1
"TRIUMPH","TRIDENT 660","Toledo","Castilla-La Mancha","660",1
"TRIUMPH","TRIDENT 660","Zaragoza","Aragón","660",2
"TRIUMPH","TRIDENT 660 - TRIPLE T","Cádiz","Andalucía","660",1
"TRIUMPH","TRIDENT 660 - TRIPLE T","Huelva","Andalucía","660",2
"TRIUMPH","TRIDENT 660 - TRIPLE T","Illes Balears","Illes Balears","660",1
"TRIUMPH","TRIDENT 660 - TRIPLE T","Málaga","Andalucía","660",1
"TRIUMPH","TRIDENT 660 - TRIPLE T","Palmas (Las)","Canarias","660",2
"TRS","TR1 125","Cantabria","Cantabria","125",1
"UM","DSR EX 125","Cáceres","Extremadura","124",2
"UM","DSR EX 125","Lugo","Galicia","124",1
"UM","DSR EX 125","Madrid","Comunidad de Madrid","124",1
"UM","DSR SM 125","Alicante/Alacant","Comunidad Valenciana","124",1
"UM","RENEGADE COMMANDO 125","Madrid","Comunidad de Madrid","124",1
"UM","RENEGADE COMMANDO 125","Tarragona","Cataluña","124",1
"UM","RENEGADE COMMANDO 300","Madrid","Comunidad de Madrid","292",1
"UM","RENEGADE SPORT Z 125","Coruña (A)","Galicia","125",1
"UM","RENEGADE VEGAS 125","Almería","Andalucía","124",1
"UM","RENEGADE VEGAS 125","Tarragona","Cataluña","124",1
"UM","XTREET RS125","Alicante/Alacant","Comunidad Valenciana","124",1
"VENT S.R.L.","---","Valencia/València","Comunidad Valenciana","125",1
"VESPA","125 N","León","Castilla y León","123",1
"VOGE","300AC","Barcelona","Cataluña","292",1
"VOGE","300RALLY","Albacete","Castilla-La Mancha","292",1
"VOGE","300RALLY","Alicante/Alacant","Comunidad Valenciana","292",1
"VOGE","300RALLY","Almería","Andalucía","292",2
"VOGE","300RALLY","Asturias","Principado de Asturias","292",1
"VOGE","300RALLY","Barcelona","Cataluña","292",10
"VOGE","300RALLY","Bizkaia","País Vasco","292",1
"VOGE","300RALLY","Burgos","Castilla y León","292",3
"VOGE","300RALLY","Cádiz","Andalucía","292",3
"VOGE","300RALLY","Cantabria","Cantabria","292",3
"VOGE","300RALLY","Ciudad Real","Castilla-La Mancha","292",2
"VOGE","300RALLY","Coruña (A)","Galicia","292",1
"VOGE","300RALLY","Cuenca","Castilla-La Mancha","292",1
"VOGE","300RALLY","Granada","Andalucía","292",3
"VOGE","300RALLY","Illes Balears","Illes Balears","292",1
"VOGE","300RALLY","Jaén","Andalucía","292",1
"VOGE","300RALLY","León","Castilla y León","292",3
"VOGE","300RALLY","Lleida","Cataluña","292",1
"VOGE","300RALLY","Lugo","Galicia","292",1
"VOGE","300RALLY","Madrid","Comunidad de Madrid","292",9
"VOGE","300RALLY","Málaga","Andalucía","292",5
"VOGE","300RALLY","Murcia","Región de Murcia","292",1
"VOGE","300RALLY","Palmas (Las)","Canarias","292",1
"VOGE","300RALLY","Santa Cruz de Tenerife","Canarias","292",2
"VOGE","300RALLY","Sevilla","Andalucía","292",3
"VOGE","300RALLY","Valencia/València","Comunidad Valenciana","292",5
"VOGE","300RALLY","Valladolid","Castilla y León","292",1
"VOGE","525ACX","Navarra","Comunidad Foral de Navarra","494",1
"VOGE","625DSX","Álava/Araba","País Vasco","581",3
"VOGE","625DSX","Albacete","Castilla-La Mancha","581",5
"VOGE","625DSX","Alicante/Alacant","Comunidad Valenciana","581",21
"VOGE","625DSX","Almería","Andalucía","581",7
"VOGE","625DSX","Asturias","Principado de Asturias","581",8
"VOGE","625DSX","Badajoz","Extremadura","581",8
"VOGE","625DSX","Barcelona","Cataluña","581",55
"VOGE","625DSX","Bizkaia","País Vasco","581",6
"VOGE","625DSX","Cáceres","Extremadura","581",3
"VOGE","625DSX","Cádiz","Andalucía","581",5
"VOGE","625DSX","Castellón/Castelló","Comunidad Valenciana","581",7
"VOGE","625DSX","Ciudad Real","Castilla-La Mancha","581",6
"VOGE","625DSX","Córdoba","Andalucía","581",5
"VOGE","625DSX","Cuenca","Castilla-La Mancha","581",2
"VOGE","625DSX","Gipuzkoa","País Vasco","581",3
"VOGE","625DSX","Girona","Cataluña","581",6
"VOGE","625DSX","Granada","Andalucía","581",17
"VOGE","625DSX","Guadalajara","Castilla-La Mancha","581",3
"VOGE","625DSX","Huelva","Andalucía","581",6
"VOGE","625DSX","Huesca","Aragón","581",2
"VOGE","625DSX","Illes Balears","Illes Balears","581",11
"VOGE","625DSX","Jaén","Andalucía","581",3
"VOGE","625DSX","León","Castilla y León","581",1
"VOGE","625DSX","Lleida","Cataluña","581",3
"VOGE","625DSX","Lugo","Galicia","581",1
"VOGE","625DSX","Madrid","Comunidad de Madrid","581",40
"VOGE","625DSX","Málaga","Andalucía","581",23
"VOGE","625DSX","Melilla","Melilla","581",1
"VOGE","625DSX","Murcia","Región de Murcia","581",15
"VOGE","625DSX","Navarra","Comunidad Foral de Navarra","581",9
"VOGE","625DSX","Palmas (Las)","Canarias","581",10
"VOGE","625DSX","Pontevedra","Galicia","581",2
"VOGE","625DSX","Salamanca","Castilla y León","581",1
"VOGE","625DSX","Santa Cruz de Tenerife","Canarias","581",13
"VOGE","625DSX","Sevilla","Andalucía","581",14
"VOGE","625DSX","Soria","Castilla y León","581",1
"VOGE","625DSX","Tarragona","Cataluña","581",4
"VOGE","625DSX","Toledo","Castilla-La Mancha","581",4
"VOGE","625DSX","Valencia/València","Comunidad Valenciana","581",30
"VOGE","625DSX","Valladolid","Castilla y León","581",3
"VOGE","625DSX","Zamora","Castilla y León","581",1
"VOGE","625DSX","Zaragoza","Aragón","581",5
"VOGE","625R","Álava/Araba","País Vasco","581",1
"VOGE","625R","Alicante/Alacant","Comunidad Valenciana","581",1
"VOGE","625R","Almería","Andalucía","581",2
"VOGE","625R","Asturias","Principado de Asturias","581",1
"VOGE","625R","Ávila","Castilla y León","581",1
"VOGE","625R","Badajoz","Extremadura","581",1
"VOGE","625R","Barcelona","Cataluña","581",4
"VOGE","625R","Cádiz","Andalucía","581",1
"VOGE","625R","Cantabria","Cantabria","581",1
"VOGE","625R","Castellón/Castelló","Comunidad Valenciana","581",1
"VOGE","625R","Granada","Andalucía","581",1
"VOGE","625R","Illes Balears","Illes Balears","581",2
"VOGE","625R","Madrid","Comunidad de Madrid","581",6
"VOGE","625R","Málaga","Andalucía","581",4
"VOGE","625R","Melilla","Melilla","581",1
"VOGE","625R","Murcia","Región de Murcia","581",1
"VOGE","625R","Palmas (Las)","Canarias","581",1
"VOGE","625R","Santa Cruz de Tenerife","Canarias","581",4
"VOGE","625R","Sevilla","Andalucía","581",2
"VOGE","625R","Tarragona","Cataluña","581",1
"VOGE","625R","Toledo","Castilla-La Mancha","581",1
"VOGE","625R","Valencia/València","Comunidad Valenciana","581",1
"VOGE","625R","Zaragoza","Aragón","581",2
"VOGE","AC350","Badajoz","Extremadura","322",1
"VOGE","DS525X","Alicante/Alacant","Comunidad Valenciana","494",5
"VOGE","DS525X","Badajoz","Extremadura","494",1
"VOGE","DS525X","Barcelona","Cataluña","494",2
"VOGE","DS525X","Cádiz","Andalucía","494",1
"VOGE","DS525X","Cantabria","Cantabria","494",1
"VOGE","DS525X","Huelva","Andalucía","494",2
"VOGE","DS525X","Sevilla","Andalucía","494",2
"VOGE","DS525X","Valencia/València","Comunidad Valenciana","494",1
"VOGE","DS800X RALLY","Álava/Araba","País Vasco","798",2
"VOGE","DS800X RALLY","Albacete","Castilla-La Mancha","798",3
"VOGE","DS800X RALLY","Alicante/Alacant","Comunidad Valenciana","798",11
"VOGE","DS800X RALLY","Almería","Andalucía","798",6
"VOGE","DS800X RALLY","Asturias","Principado de Asturias","798",8
"VOGE","DS800X RALLY","Badajoz","Extremadura","798",9
"VOGE","DS800X RALLY","Barcelona","Cataluña","798",37
"VOGE","DS800X RALLY","Bizkaia","País Vasco","798",10
"VOGE","DS800X RALLY","Burgos","Castilla y León","798",3
"VOGE","DS800X RALLY","Cáceres","Extremadura","798",4
"VOGE","DS800X RALLY","Cádiz","Andalucía","798",22
"VOGE","DS800X RALLY","Cantabria","Cantabria","798",6
"VOGE","DS800X RALLY","Castellón/Castelló","Comunidad Valenciana","798",3
"VOGE","DS800X RALLY","Ceuta","Ceuta","798",1
"VOGE","DS800X RALLY","Ciudad Real","Castilla-La Mancha","798",1
"VOGE","DS800X RALLY","Córdoba","Andalucía","798",7
"VOGE","DS800X RALLY","Coruña (A)","Galicia","798",5
"VOGE","DS800X RALLY","Cuenca","Castilla-La Mancha","798",2
"VOGE","DS800X RALLY","Gipuzkoa","País Vasco","798",10
"VOGE","DS800X RALLY","Girona","Cataluña","798",2
"VOGE","DS800X RALLY","Granada","Andalucía","798",28
"VOGE","DS800X RALLY","Guadalajara","Castilla-La Mancha","798",2
"VOGE","DS800X RALLY","Huelva","Andalucía","798",4
"VOGE","DS800X RALLY","Huesca","Aragón","798",3
"VOGE","DS800X RALLY","Illes Balears","Illes Balears","798",15
"VOGE","DS800X RALLY","Jaén","Andalucía","798",15
"VOGE","DS800X RALLY","León","Castilla y León","798",3
"VOGE","DS800X RALLY","Lugo","Galicia","798",2
"VOGE","DS800X RALLY","Madrid","Comunidad de Madrid","798",32
"VOGE","DS800X RALLY","Málaga","Andalucía","798",34
"VOGE","DS800X RALLY","Melilla","Melilla","798",4
"VOGE","DS800X RALLY","Murcia","Región de Murcia","798",10
"VOGE","DS800X RALLY","Navarra","Comunidad Foral de Navarra","798",5
"VOGE","DS800X RALLY","Palencia","Castilla y León","798",1
"VOGE","DS800X RALLY","Palmas (Las)","Canarias","798",6
"VOGE","DS800X RALLY","Pontevedra","Galicia","798",6
"VOGE","DS800X RALLY","Rioja (La)","La Rioja","798",1
"VOGE","DS800X RALLY","Salamanca","Castilla y León","798",1
"VOGE","DS800X RALLY","Santa Cruz de Tenerife","Canarias","798",14
"VOGE","DS800X RALLY","Segovia","Castilla y León","798",4
"VOGE","DS800X RALLY","Sevilla","Andalucía","798",9
"VOGE","DS800X RALLY","Tarragona","Cataluña","798",10
"VOGE","DS800X RALLY","Teruel","Aragón","798",1
"VOGE","DS800X RALLY","Toledo","Castilla-La Mancha","798",9
"VOGE","DS800X RALLY","Valencia/València","Comunidad Valenciana","798",26
"VOGE","DS800X RALLY","Valladolid","Castilla y León","798",3
"VOGE","DS800X RALLY","Zamora","Castilla y León","798",3
"VOGE","DS800X RALLY","Zaragoza","Aragón","798",7
"VOGE","DS900X","Álava/Araba","País Vasco","895",2
"VOGE","DS900X","Albacete","Castilla-La Mancha","895",1
"VOGE","DS900X","Alicante/Alacant","Comunidad Valenciana","895",14
"VOGE","DS900X","Almería","Andalucía","895",3
"VOGE","DS900X","Asturias","Principado de Asturias","895",10
"VOGE","DS900X","Ávila","Castilla y León","895",1
"VOGE","DS900X","Badajoz","Extremadura","895",6
"VOGE","DS900X","Barcelona","Cataluña","895",49
"VOGE","DS900X","Bizkaia","País Vasco","895",7
"VOGE","DS900X","Cáceres","Extremadura","895",2
"VOGE","DS900X","Cádiz","Andalucía","895",18
"VOGE","DS900X","Cantabria","Cantabria","895",6
"VOGE","DS900X","Castellón/Castelló","Comunidad Valenciana","895",2
"VOGE","DS900X","Ceuta","Ceuta","895",1
"VOGE","DS900X","Ciudad Real","Castilla-La Mancha","895",2
"VOGE","DS900X","Córdoba","Andalucía","895",3
"VOGE","DS900X","Coruña (A)","Galicia","895",6
"VOGE","DS900X","Cuenca","Castilla-La Mancha","895",2
"VOGE","DS900X","Gipuzkoa","País Vasco","895",3
"VOGE","DS900X","Girona","Cataluña","895",7
"VOGE","DS900X","Granada","Andalucía","895",12
"VOGE","DS900X","Guadalajara","Castilla-La Mancha","895",2
"VOGE","DS900X","Huelva","Andalucía","895",8
"VOGE","DS900X","Huesca","Aragón","895",3
"VOGE","DS900X","Illes Balears","Illes Balears","895",12
"VOGE","DS900X","Jaén","Andalucía","895",5
"VOGE","DS900X","León","Castilla y León","895",5
"VOGE","DS900X","Lleida","Cataluña","895",1
"VOGE","DS900X","Lugo","Galicia","895",2
"VOGE","DS900X","Madrid","Comunidad de Madrid","895",39
"VOGE","DS900X","Málaga","Andalucía","895",29
"VOGE","DS900X","Melilla","Melilla","895",1
"VOGE","DS900X","Murcia","Región de Murcia","895",13
"VOGE","DS900X","Navarra","Comunidad Foral de Navarra","895",4
"VOGE","DS900X","Palencia","Castilla y León","895",1
"VOGE","DS900X","Palmas (Las)","Canarias","895",4
"VOGE","DS900X","Pontevedra","Galicia","895",4
"VOGE","DS900X","Rioja (La)","La Rioja","895",1
"VOGE","DS900X","Santa Cruz de Tenerife","Canarias","895",5
"VOGE","DS900X","Segovia","Castilla y León","895",1
"VOGE","DS900X","Sevilla","Andalucía","895",14
"VOGE","DS900X","Tarragona","Cataluña","895",7
"VOGE","DS900X","Teruel","Aragón","895",1
"VOGE","DS900X","Toledo","Castilla-La Mancha","895",5
"VOGE","DS900X","Valencia/València","Comunidad Valenciana","895",10
"VOGE","DS900X","Valladolid","Castilla y León","895",2
"VOGE","DS900X","Zaragoza","Aragón","895",5
"VOGE","R125","Álava/Araba","País Vasco","125",3
"VOGE","R125","Albacete","Castilla-La Mancha","125",1
"VOGE","R125","Alicante/Alacant","Comunidad Valenciana","125",10
"VOGE","R125","Almería","Andalucía","125",1
"VOGE","R125","Asturias","Principado de Asturias","125",14
"VOGE","R125","Barcelona","Cataluña","125",14
"VOGE","R125","Bizkaia","País Vasco","125",4
"VOGE","R125","Cádiz","Andalucía","125",5
"VOGE","R125","Cantabria","Cantabria","125",2
"VOGE","R125","Castellón/Castelló","Comunidad Valenciana","125",6
"VOGE","R125","Ceuta","Ceuta","125",1
"VOGE","R125","Ciudad Real","Castilla-La Mancha","125",1
"VOGE","R125","Córdoba","Andalucía","125",4
"VOGE","R125","Coruña (A)","Galicia","125",7
"VOGE","R125","Gipuzkoa","País Vasco","125",2
"VOGE","R125","Girona","Cataluña","125",1
"VOGE","R125","Granada","Andalucía","125",3
"VOGE","R125","Guadalajara","Castilla-La Mancha","125",4
"VOGE","R125","Huelva","Andalucía","125",2
"VOGE","R125","Illes Balears","Illes Balears","125",10
"VOGE","R125","Jaén","Andalucía","125",4
"VOGE","R125","León","Castilla y León","125",5
"VOGE","R125","Lleida","Cataluña","125",3
"VOGE","R125","Madrid","Comunidad de Madrid","125",40
"VOGE","R125","Málaga","Andalucía","125",3
"VOGE","R125","Melilla","Melilla","125",1
"VOGE","R125","Murcia","Región de Murcia","125",15
"VOGE","R125","Navarra","Comunidad Foral de Navarra","125",2
"VOGE","R125","Ourense","Galicia","125",2
"VOGE","R125","Palmas (Las)","Canarias","125",2
"VOGE","R125","Pontevedra","Galicia","125",3
"VOGE","R125","Salamanca","Castilla y León","125",1
"VOGE","R125","Santa Cruz de Tenerife","Canarias","125",4
"VOGE","R125","Segovia","Castilla y León","125",1
"VOGE","R125","Sevilla","Andalucía","125",4
"VOGE","R125","Soria","Castilla y León","125",1
"VOGE","R125","Tarragona","Cataluña","125",8
"VOGE","R125","Toledo","Castilla-La Mancha","125",6
"VOGE","R125","Valencia/València","Comunidad Valenciana","125",20
"VOGE","R125","Valladolid","Castilla y León","125",1
"VOGE","R125","Zaragoza","Aragón","125",13
"VOGE","SR1","Alicante/Alacant","Comunidad Valenciana","125",9
"VOGE","SR1","Almería","Andalucía","125",1
"VOGE","SR1","Asturias","Principado de Asturias","125",4
"VOGE","SR1","Barcelona","Cataluña","125",15
"VOGE","SR1","Bizkaia","País Vasco","125",1
"VOGE","SR1","Cáceres","Extremadura","125",1
"VOGE","SR1","Cádiz","Andalucía","125",3
"VOGE","SR1","Cantabria","Cantabria","125",1
"VOGE","SR1","Castellón/Castelló","Comunidad Valenciana","125",1
"VOGE","SR1","Ceuta","Ceuta","125",2
"VOGE","SR1","Cuenca","Castilla-La Mancha","125",1
"VOGE","SR1","Gipuzkoa","País Vasco","125",1
"VOGE","SR1","Granada","Andalucía","125",3
"VOGE","SR1","Illes Balears","Illes Balears","125",7
"VOGE","SR1","León","Castilla y León","125",1
"VOGE","SR1","Madrid","Comunidad de Madrid","125",12
"VOGE","SR1","Málaga","Andalucía","125",6
"VOGE","SR1","Murcia","Región de Murcia","125",1
"VOGE","SR1","Navarra","Comunidad Foral de Navarra","125",3
"VOGE","SR1","Palmas (Las)","Canarias","125",4
"VOGE","SR1","Pontevedra","Galicia","125",3
"VOGE","SR1","Rioja (La)","La Rioja","125",1
"VOGE","SR1","Santa Cruz de Tenerife","Canarias","125",6
"VOGE","SR1","Tarragona","Cataluña","125",2
"VOGE","SR1","Teruel","Aragón","125",1
"VOGE","SR1","Valencia/València","Comunidad Valenciana","125",10
"VOGE","SR1","Valladolid","Castilla y León","125",1
"VOGE","SR1","Zaragoza","Aragón","125",3
"VOGE","SR16","Alicante/Alacant","Comunidad Valenciana","125",1
"VOGE","SR16","Badajoz","Extremadura","125",1
"VOGE","SR16","Barcelona","Cataluña","125",13
"VOGE","SR16","Burgos","Castilla y León","125",1
"VOGE","SR16","Ceuta","Ceuta","125",6
"VOGE","SR16","Córdoba","Andalucía","125",1
"VOGE","SR16","Coruña (A)","Galicia","125",4
"VOGE","SR16","Gipuzkoa","País Vasco","125",1
"VOGE","SR16","Granada","Andalucía","125",3
"VOGE","SR16","Guadalajara","Castilla-La Mancha","125",1
"VOGE","SR16","Huelva","Andalucía","125",1
"VOGE","SR16","Jaén","Andalucía","125",1
"VOGE","SR16","Madrid","Comunidad de Madrid","125",8
"VOGE","SR16","Málaga","Andalucía","125",7
"VOGE","SR16","Melilla","Melilla","125",3
"VOGE","SR16","Murcia","Región de Murcia","125",3
"VOGE","SR16","Navarra","Comunidad Foral de Navarra","125",1
"VOGE","SR16","Santa Cruz de Tenerife","Canarias","125",1
"VOGE","SR16","Sevilla","Andalucía","125",5
"VOGE","SR16","Valencia/València","Comunidad Valenciana","125",2
"VOGE","SR16","Zaragoza","Aragón","125",1
"VOGE","SR1ADV","Alicante/Alacant","Comunidad Valenciana","125",10
"VOGE","SR1ADV","Almería","Andalucía","125",3
"VOGE","SR1ADV","Asturias","Principado de Asturias","125",1
"VOGE","SR1ADV","Barcelona","Cataluña","125",21
"VOGE","SR1ADV","Bizkaia","País Vasco","125",1
"VOGE","SR1ADV","Cáceres","Extremadura","125",3
"VOGE","SR1ADV","Cádiz","Andalucía","125",5
"VOGE","SR1ADV","Cantabria","Cantabria","125",1
"VOGE","SR1ADV","Ceuta","Ceuta","125",3
"VOGE","SR1ADV","Ciudad Real","Castilla-La Mancha","125",2
"VOGE","SR1ADV","Córdoba","Andalucía","125",2
"VOGE","SR1ADV","Coruña (A)","Galicia","125",1
"VOGE","SR1ADV","Gipuzkoa","País Vasco","125",1
"VOGE","SR1ADV","Girona","Cataluña","125",2
"VOGE","SR1ADV","Granada","Andalucía","125",3
"VOGE","SR1ADV","Huelva","Andalucía","125",2
"VOGE","SR1ADV","Illes Balears","Illes Balears","125",5
"VOGE","SR1ADV","Jaén","Andalucía","125",2
"VOGE","SR1ADV","Lleida","Cataluña","125",1
"VOGE","SR1ADV","Lugo","Galicia","125",1
"VOGE","SR1ADV","Madrid","Comunidad de Madrid","125",11
"VOGE","SR1ADV","Málaga","Andalucía","125",11
"VOGE","SR1ADV","Melilla","Melilla","125",5
"VOGE","SR1ADV","Murcia","Región de Murcia","125",4
"VOGE","SR1ADV","Navarra","Comunidad Foral de Navarra","125",1
"VOGE","SR1ADV","Palmas (Las)","Canarias","125",9
"VOGE","SR1ADV","Rioja (La)","La Rioja","125",1
"VOGE","SR1ADV","Salamanca","Castilla y León","125",3
"VOGE","SR1ADV","Santa Cruz de Tenerife","Canarias","125",9
"VOGE","SR1ADV","Sevilla","Andalucía","125",7
"VOGE","SR1ADV","Tarragona","Cataluña","125",4
"VOGE","SR1ADV","Teruel","Aragón","125",1
"VOGE","SR1ADV","Valencia/València","Comunidad Valenciana","125",15
"VOGE","SR1ADV","Valladolid","Castilla y León","125",1
"VOGE","SR1ADV","Zamora","Castilla y León","125",1
"VOGE","SR1ADV","Zaragoza","Aragón","125",1
"VOGE","SR3","Álava/Araba","País Vasco","244",1
"VOGE","SR3","Albacete","Castilla-La Mancha","244",2
"VOGE","SR3","Alicante/Alacant","Comunidad Valenciana","244",5
"VOGE","SR3","Almería","Andalucía","244",1
"VOGE","SR3","Badajoz","Extremadura","244",1
"VOGE","SR3","Barcelona","Cataluña","244",19
"VOGE","SR3","Burgos","Castilla y León","244",1
"VOGE","SR3","Castellón/Castelló","Comunidad Valenciana","244",1
"VOGE","SR3","Ceuta","Ceuta","244",1
"VOGE","SR3","Córdoba","Andalucía","244",2
"VOGE","SR3","Granada","Andalucía","244",3
"VOGE","SR3","Huelva","Andalucía","244",1
"VOGE","SR3","Illes Balears","Illes Balears","244",3
"VOGE","SR3","Jaén","Andalucía","244",1
"VOGE","SR3","Madrid","Comunidad de Madrid","244",8
"VOGE","SR3","Málaga","Andalucía","244",1
"VOGE","SR3","Palmas (Las)","Canarias","244",2
"VOGE","SR3","Pontevedra","Galicia","244",1
"VOGE","SR3","Rioja (La)","La Rioja","244",2
"VOGE","SR3","Santa Cruz de Tenerife","Canarias","244",2
"VOGE","SR3","Sevilla","Andalucía","244",5
"VOGE","SR3","Tarragona","Cataluña","244",1
"VOGE","SR3","Toledo","Castilla-La Mancha","244",1
"VOGE","SR3","Valencia/València","Comunidad Valenciana","244",4
"VOGE","SR3","Zaragoza","Aragón","244",3
"VOGE","SR4 MAX","Alicante/Alacant","Comunidad Valenciana","350",1
"VOGE","SR4 MAX","Barcelona","Cataluña","350",6
"VOGE","SR4 MAX","Bizkaia","País Vasco","350",2
"VOGE","SR4 MAX","Cádiz","Andalucía","350",1
"VOGE","SR4 MAX","Cantabria","Cantabria","350",1
"VOGE","SR4 MAX","Castellón/Castelló","Comunidad Valenciana","350",1
"VOGE","SR4 MAX","Córdoba","Andalucía","350",1
"VOGE","SR4 MAX","Coruña (A)","Galicia","350",1
"VOGE","SR4 MAX","Girona","Cataluña","350",1
"VOGE","SR4 MAX","Granada","Andalucía","350",1
"VOGE","SR4 MAX","Guadalajara","Castilla-La Mancha","350",2
"VOGE","SR4 MAX","Madrid","Comunidad de Madrid","350",6
"VOGE","SR4 MAX","Málaga","Andalucía","350",1
"VOGE","SR4 MAX","Murcia","Región de Murcia","350",1
"VOGE","SR4 MAX","Santa Cruz de Tenerife","Canarias","350",4
"VOGE","SR4 MAX","Sevilla","Andalucía","350",4
"VOGE","SR4 MAX","Toledo","Castilla-La Mancha","350",1
"VOGE","SR4 MAX","Valencia/València","Comunidad Valenciana","350",3
"VOGE","SR4 MAX","Zaragoza","Aragón","350",2
"WOTTAN","GT2","Alicante/Alacant","Comunidad Valenciana","125",8
"WOTTAN","GT2","Almería","Andalucía","125",2
"WOTTAN","GT2","Barcelona","Cataluña","125",1
"WOTTAN","GT2","Granada","Andalucía","125",3
"WOTTAN","GT2","Illes Balears","Illes Balears","125",1
"WOTTAN","GT2","Madrid","Comunidad de Madrid","125",1
"WOTTAN","GT2","Málaga","Andalucía","125",1
"WOTTAN","GT2","Murcia","Región de Murcia","125",3
"WOTTAN","GT2","Palmas (Las)","Canarias","125",1
"WOTTAN","GT2","Valencia/València","Comunidad Valenciana","125",4
"WOTTAN","REBBE","Madrid","Comunidad de Madrid","124",2
"WOTTAN","REBBE","Valencia/València","Comunidad Valenciana","124",1
"WOTTAN","SIXTEEN","Alicante/Alacant","Comunidad Valenciana","125",2
"WOTTAN","SIXTEEN","Córdoba","Andalucía","125",2
"WOTTAN","SIXTEEN","Granada","Andalucía","125",5
"WOTTAN","SIXTEEN","Málaga","Andalucía","125",1
"WOTTAN","SIXTEEN","Tarragona","Cataluña","125",1
"WOTTAN","SIXTEEN","Valencia/València","Comunidad Valenciana","125",5
"WOTTAN","STORM","Albacete","Castilla-La Mancha","125",1
"WOTTAN","STORM","Alicante/Alacant","Comunidad Valenciana","125",4
"WOTTAN","STORM","Badajoz","Extremadura","125",1
"WOTTAN","STORM","Ciudad Real","Castilla-La Mancha","125",1
"WOTTAN","STORM","Illes Balears","Illes Balears","125",1
"WOTTAN","STORM","Málaga","Andalucía","125",1
"WOTTAN","STORM","Murcia","Región de Murcia","125",1
"WOTTAN","STORM","Valencia/València","Comunidad Valenciana","125",3
"WOTTAN","STORM-R","Sevilla","Andalucía","124",1
"WOTTAN","STORM-S","Madrid","Comunidad de Madrid","276",1
"WOTTAN","STORM-T","Alicante/Alacant","Comunidad Valenciana","125",1
"WOTTAN","STORM-T","Cádiz","Andalucía","125",1
"WOTTAN","STORM-T","Tarragona","Cataluña","125",1
"WOTTAN","STORM-X","Alicante/Alacant","Comunidad Valenciana","125",2
"WOTTAN","STORM-X","Almería","Andalucía","125",1
"WOTTAN","STORM-X","Badajoz","Extremadura","125",1
"WOTTAN","STORM-X","Barcelona","Cataluña","125",2
"WOTTAN","STORM-X","Burgos","Castilla y León","125",1
"WOTTAN","STORM-X","Castellón/Castelló","Comunidad Valenciana","125",1
"WOTTAN","STORM-X","Coruña (A)","Galicia","125",1
"WOTTAN","STORM-X","Granada","Andalucía","125",2
"WOTTAN","STORM-X","Illes Balears","Illes Balears","125",1
"WOTTAN","STORM-X","Jaén","Andalucía","125",1
"WOTTAN","STORM-X","Lleida","Cataluña","125",1
"WOTTAN","STORM-X","Madrid","Comunidad de Madrid","125",2
"WOTTAN","STORM-X","Málaga","Andalucía","125",1
"WOTTAN","STORM-X","Murcia","Región de Murcia","125",2
"WOTTAN","STORM-X","Navarra","Comunidad Foral de Navarra","125",1
"WOTTAN","STORM-X","Pontevedra","Galicia","125",1
"WOTTAN","STORM-X","Sevilla","Andalucía","125",4
"WOTTAN","STORM-X","Valencia/València","Comunidad Valenciana","125",15
"YAMAHA","D'elight","Albacete","Castilla-La Mancha","125",1
"YAMAHA","D'elight","Barcelona","Cataluña","125",3
"YAMAHA","D'elight","Coruña (A)","Galicia","125",1
"YAMAHA","D'elight","Madrid","Comunidad de Madrid","125",1
"YAMAHA","MT-03","Barcelona","Cataluña","321",3
"YAMAHA","MT-03","Cádiz","Andalucía","321",1
"YAMAHA","MT-03","Córdoba","Andalucía","321",1
"YAMAHA","MT-03","Gipuzkoa","País Vasco","321",1
"YAMAHA","MT-03","Madrid","Comunidad de Madrid","321",1
"YAMAHA","MT-03","Málaga","Andalucía","321",1
"YAMAHA","MT-03","Sevilla","Andalucía","321",1
"YAMAHA","MT-03","Tarragona","Cataluña","321",1
"YAMAHA","MT-07","Álava/Araba","País Vasco","689",3
"YAMAHA","MT-07","Alicante/Alacant","Comunidad Valenciana","689",16
"YAMAHA","MT-07","Almería","Andalucía","689",3
"YAMAHA","MT-07","Asturias","Principado de Asturias","689",6
"YAMAHA","MT-07","Ávila","Castilla y León","689",1
"YAMAHA","MT-07","Badajoz","Extremadura","689",5
"YAMAHA","MT-07","Barcelona","Cataluña","689",52
"YAMAHA","MT-07","Bizkaia","País Vasco","689",4
"YAMAHA","MT-07","Cáceres","Extremadura","689",1
"YAMAHA","MT-07","Cádiz","Andalucía","689",17
"YAMAHA","MT-07","Cantabria","Cantabria","689",2
"YAMAHA","MT-07","Castellón/Castelló","Comunidad Valenciana","689",1
"YAMAHA","MT-07","Ciudad Real","Castilla-La Mancha","689",1
"YAMAHA","MT-07","Córdoba","Andalucía","689",2
"YAMAHA","MT-07","Gipuzkoa","País Vasco","689",2
"YAMAHA","MT-07","Girona","Cataluña","689",3
"YAMAHA","MT-07","Granada","Andalucía","689",4
"YAMAHA","MT-07","Huelva","Andalucía","689",3
"YAMAHA","MT-07","Huesca","Aragón","689",2
"YAMAHA","MT-07","Illes Balears","Illes Balears","689",14
"YAMAHA","MT-07","Jaén","Andalucía","689",3
"YAMAHA","MT-07","Madrid","Comunidad de Madrid","689",25
"YAMAHA","MT-07","Málaga","Andalucía","689",10
"YAMAHA","MT-07","Murcia","Región de Murcia","689",6
"YAMAHA","MT-07","Navarra","Comunidad Foral de Navarra","689",4
"YAMAHA","MT-07","Ourense","Galicia","689",1
"YAMAHA","MT-07","Palencia","Castilla y León","689",1
"YAMAHA","MT-07","Palmas (Las)","Canarias","689",7
"YAMAHA","MT-07","Pontevedra","Galicia","689",4
"YAMAHA","MT-07","Rioja (La)","La Rioja","689",1
"YAMAHA","MT-07","Santa Cruz de Tenerife","Canarias","689",7
"YAMAHA","MT-07","Sevilla","Andalucía","689",8
"YAMAHA","MT-07","Tarragona","Cataluña","689",4
"YAMAHA","MT-07","Toledo","Castilla-La Mancha","689",1
"YAMAHA","MT-07","Valencia/València","Comunidad Valenciana","689",12
"YAMAHA","MT-07","Valladolid","Castilla y León","689",2
"YAMAHA","MT-07","Zaragoza","Aragón","689",5
"YAMAHA","MT-09","Alicante/Alacant","Comunidad Valenciana","890",7
"YAMAHA","MT-09","Almería","Andalucía","890",1
"YAMAHA","MT-09","Asturias","Principado de Asturias","890",2
"YAMAHA","MT-09","Badajoz","Extremadura","890",3
"YAMAHA","MT-09","Barcelona","Cataluña","890",37
"YAMAHA","MT-09","Bizkaia","País Vasco","890",1
"YAMAHA","MT-09","Burgos","Castilla y León","890",3
"YAMAHA","MT-09","Cáceres","Extremadura","890",3
"YAMAHA","MT-09","Cádiz","Andalucía","890",4
"YAMAHA","MT-09","Cantabria","Cantabria","890",3
"YAMAHA","MT-09","Castellón/Castelló","Comunidad Valenciana","890",3
"YAMAHA","MT-09","Coruña (A)","Galicia","890",2
"YAMAHA","MT-09","Gipuzkoa","País Vasco","890",1
"YAMAHA","MT-09","Girona","Cataluña","890",6
"YAMAHA","MT-09","Granada","Andalucía","890",4
"YAMAHA","MT-09","Guadalajara","Castilla-La Mancha","890",1
"YAMAHA","MT-09","Huelva","Andalucía","890",2
"YAMAHA","MT-09","Huesca","Aragón","890",2
"YAMAHA","MT-09","Illes Balears","Illes Balears","890",11
"YAMAHA","MT-09","Jaén","Andalucía","890",2
"YAMAHA","MT-09","Madrid","Comunidad de Madrid","890",17
"YAMAHA","MT-09","Málaga","Andalucía","890",4
"YAMAHA","MT-09","Murcia","Región de Murcia","890",2
"YAMAHA","MT-09","Navarra","Comunidad Foral de Navarra","890",3
"YAMAHA","MT-09","Ourense","Galicia","890",1
"YAMAHA","MT-09","Palencia","Castilla y León","890",1
"YAMAHA","MT-09","Palmas (Las)","Canarias","890",2
"YAMAHA","MT-09","Pontevedra","Galicia","890",1
"YAMAHA","MT-09","Rioja (La)","La Rioja","890",1
"YAMAHA","MT-09","Salamanca","Castilla y León","890",1
"YAMAHA","MT-09","Santa Cruz de Tenerife","Canarias","890",2
"YAMAHA","MT-09","Segovia","Castilla y León","890",1
"YAMAHA","MT-09","Sevilla","Andalucía","890",1
"YAMAHA","MT-09","Tarragona","Cataluña","890",1
"YAMAHA","MT-09","Valencia/València","Comunidad Valenciana","890",10
"YAMAHA","MT-09","Valladolid","Castilla y León","890",2
"YAMAHA","MT-09","Zaragoza","Aragón","890",4
"YAMAHA","MT-10","Barcelona","Cataluña","998",1
"YAMAHA","MT-10","Illes Balears","Illes Balears","998",1
"YAMAHA","MT-10","Madrid","Comunidad de Madrid","998",2
"YAMAHA","MT-10","Palmas (Las)","Canarias","998",1
"YAMAHA","MT-125","Albacete","Castilla-La Mancha","125",1
"YAMAHA","MT-125","Alicante/Alacant","Comunidad Valenciana","125",4
"YAMAHA","MT-125","Almería","Andalucía","125",1
"YAMAHA","MT-125","Asturias","Principado de Asturias","125",3
"YAMAHA","MT-125","Ávila","Castilla y León","125",1
"YAMAHA","MT-125","Badajoz","Extremadura","125",3
"YAMAHA","MT-125","Barcelona","Cataluña","125",26
"YAMAHA","MT-125","Bizkaia","País Vasco","125",1
"YAMAHA","MT-125","Cádiz","Andalucía","125",4
"YAMAHA","MT-125","Cantabria","Cantabria","125",1
"YAMAHA","MT-125","Castellón/Castelló","Comunidad Valenciana","125",3
"YAMAHA","MT-125","Córdoba","Andalucía","125",1
"YAMAHA","MT-125","Coruña (A)","Galicia","125",2
"YAMAHA","MT-125","Cuenca","Castilla-La Mancha","125",1
"YAMAHA","MT-125","Gipuzkoa","País Vasco","125",1
"YAMAHA","MT-125","Girona","Cataluña","125",3
"YAMAHA","MT-125","Granada","Andalucía","125",1
"YAMAHA","MT-125","Huesca","Aragón","125",1
"YAMAHA","MT-125","Illes Balears","Illes Balears","125",9
"YAMAHA","MT-125","Lleida","Cataluña","125",3
"YAMAHA","MT-125","Lugo","Galicia","125",1
"YAMAHA","MT-125","Madrid","Comunidad de Madrid","125",12
"YAMAHA","MT-125","Málaga","Andalucía","125",4
"YAMAHA","MT-125","Murcia","Región de Murcia","125",3
"YAMAHA","MT-125","Navarra","Comunidad Foral de Navarra","125",1
"YAMAHA","MT-125","Ourense","Galicia","125",1
"YAMAHA","MT-125","Palencia","Castilla y León","125",1
"YAMAHA","MT-125","Santa Cruz de Tenerife","Canarias","125",3
"YAMAHA","MT-125","Sevilla","Andalucía","125",4
"YAMAHA","MT-125","Tarragona","Cataluña","125",5
"YAMAHA","MT-125","Toledo","Castilla-La Mancha","125",1
"YAMAHA","MT-125","Valencia/València","Comunidad Valenciana","125",9
"YAMAHA","MT-125","Valladolid","Castilla y León","125",1
"YAMAHA","MT-125","Zaragoza","Aragón","125",2
"YAMAHA","NIKEN GT","Cádiz","Andalucía","890",1
"YAMAHA","NMAX 125","Álava/Araba","País Vasco","125",2
"YAMAHA","NMAX 125","Albacete","Castilla-La Mancha","125",6
"YAMAHA","NMAX 125","Alicante/Alacant","Comunidad Valenciana","125",52
"YAMAHA","NMAX 125","Almería","Andalucía","125",12
"YAMAHA","NMAX 125","Asturias","Principado de Asturias","125",10
"YAMAHA","NMAX 125","Ávila","Castilla y León","125",1
"YAMAHA","NMAX 125","Badajoz","Extremadura","125",17
"YAMAHA","NMAX 125","Barcelona","Cataluña","125",173
"YAMAHA","NMAX 125","Bizkaia","País Vasco","125",29
"YAMAHA","NMAX 125","Burgos","Castilla y León","125",2
"YAMAHA","NMAX 125","Cáceres","Extremadura","125",2
"YAMAHA","NMAX 125","Cádiz","Andalucía","125",133
"YAMAHA","NMAX 125","Cantabria","Cantabria","125",9
"YAMAHA","NMAX 125","Castellón/Castelló","Comunidad Valenciana","125",11
"YAMAHA","NMAX 125","Ceuta","Ceuta","125",6
"YAMAHA","NMAX 125","Ciudad Real","Castilla-La Mancha","125",6
"YAMAHA","NMAX 125","Córdoba","Andalucía","125",18
"YAMAHA","NMAX 125","Coruña (A)","Galicia","125",21
"YAMAHA","NMAX 125","Gipuzkoa","País Vasco","125",5
"YAMAHA","NMAX 125","Girona","Cataluña","125",14
"YAMAHA","NMAX 125","Granada","Andalucía","125",29
"YAMAHA","NMAX 125","Guadalajara","Castilla-La Mancha","125",2
"YAMAHA","NMAX 125","Huelva","Andalucía","125",13
"YAMAHA","NMAX 125","Huesca","Aragón","125",3
"YAMAHA","NMAX 125","Illes Balears","Illes Balears","125",79
"YAMAHA","NMAX 125","Jaén","Andalucía","125",11
"YAMAHA","NMAX 125","León","Castilla y León","125",3
"YAMAHA","NMAX 125","Lleida","Cataluña","125",2
"YAMAHA","NMAX 125","Lugo","Galicia","125",1
"YAMAHA","NMAX 125","Madrid","Comunidad de Madrid","125",240
"YAMAHA","NMAX 125","Málaga","Andalucía","125",99
"YAMAHA","NMAX 125","Melilla","Melilla","125",6
"YAMAHA","NMAX 125","Murcia","Región de Murcia","125",31
"YAMAHA","NMAX 125","Navarra","Comunidad Foral de Navarra","125",6
"YAMAHA","NMAX 125","Ourense","Galicia","125",7
"YAMAHA","NMAX 125","Palencia","Castilla y León","125",1
"YAMAHA","NMAX 125","Palmas (Las)","Canarias","125",13
"YAMAHA","NMAX 125","Pontevedra","Galicia","125",17
"YAMAHA","NMAX 125","Rioja (La)","La Rioja","125",2
"YAMAHA","NMAX 125","Salamanca","Castilla y León","125",4
"YAMAHA","NMAX 125","Santa Cruz de Tenerife","Canarias","125",23
"YAMAHA","NMAX 125","Segovia","Castilla y León","125",3
"YAMAHA","NMAX 125","Sevilla","Andalucía","125",76
"YAMAHA","NMAX 125","Soria","Castilla y León","125",1
"YAMAHA","NMAX 125","Tarragona","Cataluña","125",13
"YAMAHA","NMAX 125","Teruel","Aragón","125",3
"YAMAHA","NMAX 125","Toledo","Castilla-La Mancha","125",6
"YAMAHA","NMAX 125","Valencia/València","Comunidad Valenciana","125",79
"YAMAHA","NMAX 125","Valladolid","Castilla y León","125",6
"YAMAHA","NMAX 125","Zamora","Castilla y León","125",2
"YAMAHA","NMAX 125","Zaragoza","Aragón","125",8
"YAMAHA","R125","Alicante/Alacant","Comunidad Valenciana","125",5
"YAMAHA","R125","Asturias","Principado de Asturias","125",1
"YAMAHA","R125","Badajoz","Extremadura","125",1
"YAMAHA","R125","Barcelona","Cataluña","125",19
"YAMAHA","R125","Coruña (A)","Galicia","125",1
"YAMAHA","R125","Girona","Cataluña","125",1
"YAMAHA","R125","Granada","Andalucía","125",1
"YAMAHA","R125","Guadalajara","Castilla-La Mancha","125",1
"YAMAHA","R125","Illes Balears","Illes Balears","125",1
"YAMAHA","R125","Lleida","Cataluña","125",1
"YAMAHA","R125","Madrid","Comunidad de Madrid","125",8
"YAMAHA","R125","Málaga","Andalucía","125",3
"YAMAHA","R125","Murcia","Región de Murcia","125",2
"YAMAHA","R125","Palencia","Castilla y León","125",1
"YAMAHA","R125","Rioja (La)","La Rioja","125",1
"YAMAHA","R125","Santa Cruz de Tenerife","Canarias","125",1
"YAMAHA","R125","Tarragona","Cataluña","125",3
"YAMAHA","R125","Toledo","Castilla-La Mancha","125",2
"YAMAHA","R125","Valencia/València","Comunidad Valenciana","125",8
"YAMAHA","RayZR 125","Álava/Araba","País Vasco","125",1
"YAMAHA","RayZR 125","Albacete","Castilla-La Mancha","125",3
"YAMAHA","RayZR 125","Alicante/Alacant","Comunidad Valenciana","125",29
"YAMAHA","RayZR 125","Almería","Andalucía","125",8
"YAMAHA","RayZR 125","Asturias","Principado de Asturias","125",1
"YAMAHA","RayZR 125","Badajoz","Extremadura","125",3
"YAMAHA","RayZR 125","Barcelona","Cataluña","125",22
"YAMAHA","RayZR 125","Bizkaia","País Vasco","125",6
"YAMAHA","RayZR 125","Cáceres","Extremadura","125",1
"YAMAHA","RayZR 125","Cádiz","Andalucía","125",21
"YAMAHA","RayZR 125","Cantabria","Cantabria","125",2
"YAMAHA","RayZR 125","Castellón/Castelló","Comunidad Valenciana","125",3
"YAMAHA","RayZR 125","Ceuta","Ceuta","125",4
"YAMAHA","RayZR 125","Ciudad Real","Castilla-La Mancha","125",1
"YAMAHA","RayZR 125","Córdoba","Andalucía","125",5
"YAMAHA","RayZR 125","Coruña (A)","Galicia","125",1
"YAMAHA","RayZR 125","Gipuzkoa","País Vasco","125",3
"YAMAHA","RayZR 125","Girona","Cataluña","125",6
"YAMAHA","RayZR 125","Granada","Andalucía","125",11
"YAMAHA","RayZR 125","Huelva","Andalucía","125",2
"YAMAHA","RayZR 125","Huesca","Aragón","125",1
"YAMAHA","RayZR 125","Illes Balears","Illes Balears","125",28
"YAMAHA","RayZR 125","Jaén","Andalucía","125",2
"YAMAHA","RayZR 125","Lleida","Cataluña","125",1
"YAMAHA","RayZR 125","Lugo","Galicia","125",1
"YAMAHA","RayZR 125","Madrid","Comunidad de Madrid","125",30
"YAMAHA","RayZR 125","Málaga","Andalucía","125",28
"YAMAHA","RayZR 125","Melilla","Melilla","125",1
"YAMAHA","RayZR 125","Murcia","Región de Murcia","125",5
"YAMAHA","RayZR 125","Navarra","Comunidad Foral de Navarra","125",4
"YAMAHA","RayZR 125","Palmas (Las)","Canarias","125",7
"YAMAHA","RayZR 125","Pontevedra","Galicia","125",6
"YAMAHA","RayZR 125","Rioja (La)","La Rioja","125",1
"YAMAHA","RayZR 125","Salamanca","Castilla y León","125",3
"YAMAHA","RayZR 125","Santa Cruz de Tenerife","Canarias","125",6
"YAMAHA","RayZR 125","Segovia","Castilla y León","125",1
"YAMAHA","RayZR 125","Sevilla","Andalucía","125",19
"YAMAHA","RayZR 125","Tarragona","Cataluña","125",4
"YAMAHA","RayZR 125","Teruel","Aragón","125",1
"YAMAHA","RayZR 125","Valencia/València","Comunidad Valenciana","125",16
"YAMAHA","RayZR 125","Valladolid","Castilla y León","125",3
"YAMAHA","RayZR 125","Zaragoza","Aragón","125",1
"YAMAHA","TMAX 560","Albacete","Castilla-La Mancha","562",1
"YAMAHA","TMAX 560","Alicante/Alacant","Comunidad Valenciana","562",3
"YAMAHA","TMAX 560","Almería","Andalucía","562",1
"YAMAHA","TMAX 560","Asturias","Principado de Asturias","562",3
"YAMAHA","TMAX 560","Badajoz","Extremadura","562",1
"YAMAHA","TMAX 560","Barcelona","Cataluña","562",18
"YAMAHA","TMAX 560","Bizkaia","País Vasco","562",1
"YAMAHA","TMAX 560","Cádiz","Andalucía","562",3
"YAMAHA","TMAX 560","Castellón/Castelló","Comunidad Valenciana","562",2
"YAMAHA","TMAX 560","Ceuta","Ceuta","562",1
"YAMAHA","TMAX 560","Córdoba","Andalucía","562",2
"YAMAHA","TMAX 560","Gipuzkoa","País Vasco","562",2
"YAMAHA","TMAX 560","Girona","Cataluña","562",1
"YAMAHA","TMAX 560","Granada","Andalucía","562",4
"YAMAHA","TMAX 560","Huelva","Andalucía","562",1
"YAMAHA","TMAX 560","Huesca","Aragón","562",1
"YAMAHA","TMAX 560","Illes Balears","Illes Balears","562",9
"YAMAHA","TMAX 560","Jaén","Andalucía","562",1
"YAMAHA","TMAX 560","León","Castilla y León","562",1
"YAMAHA","TMAX 560","Madrid","Comunidad de Madrid","562",23
"YAMAHA","TMAX 560","Málaga","Andalucía","562",11
"YAMAHA","TMAX 560","Melilla","Melilla","562",1
"YAMAHA","TMAX 560","Murcia","Región de Murcia","562",5
"YAMAHA","TMAX 560","Navarra","Comunidad Foral de Navarra","562",1
"YAMAHA","TMAX 560","Palmas (Las)","Canarias","562",5
"YAMAHA","TMAX 560","Pontevedra","Galicia","562",1
"YAMAHA","TMAX 560","Santa Cruz de Tenerife","Canarias","562",2
"YAMAHA","TMAX 560","Sevilla","Andalucía","562",2
"YAMAHA","TMAX 560","Tarragona","Cataluña","562",3
"YAMAHA","TMAX 560","Toledo","Castilla-La Mancha","562",1
"YAMAHA","TMAX 560","Valencia/València","Comunidad Valenciana","562",12
"YAMAHA","TMAX 560","Valladolid","Castilla y León","562",1
"YAMAHA","TMAX 560","Zaragoza","Aragón","562",1
"YAMAHA","TRACER 700","Asturias","Principado de Asturias","689",1
"YAMAHA","TRACER 700","Badajoz","Extremadura","689",1
"YAMAHA","TRACER 700","Barcelona","Cataluña","689",20
"YAMAHA","TRACER 700","Bizkaia","País Vasco","689",1
"YAMAHA","TRACER 700","Cáceres","Extremadura","689",1
"YAMAHA","TRACER 700","Cádiz","Andalucía","689",6
"YAMAHA","TRACER 700","Castellón/Castelló","Comunidad Valenciana","689",2
"YAMAHA","TRACER 700","Córdoba","Andalucía","689",1
"YAMAHA","TRACER 700","Coruña (A)","Galicia","689",1
"YAMAHA","TRACER 700","Gipuzkoa","País Vasco","689",1
"YAMAHA","TRACER 700","Girona","Cataluña","689",7
"YAMAHA","TRACER 700","Granada","Andalucía","689",2
"YAMAHA","TRACER 700","Illes Balears","Illes Balears","689",4
"YAMAHA","TRACER 700","Lugo","Galicia","689",2
"YAMAHA","TRACER 700","Madrid","Comunidad de Madrid","689",9
"YAMAHA","TRACER 700","Málaga","Andalucía","689",7
"YAMAHA","TRACER 700","Murcia","Región de Murcia","689",2
"YAMAHA","TRACER 700","Navarra","Comunidad Foral de Navarra","689",1
"YAMAHA","TRACER 700","Ourense","Galicia","689",1
"YAMAHA","TRACER 700","Palmas (Las)","Canarias","689",3
"YAMAHA","TRACER 700","Pontevedra","Galicia","689",1
"YAMAHA","TRACER 700","Sevilla","Andalucía","689",7
"YAMAHA","TRACER 700","Tarragona","Cataluña","689",4
"YAMAHA","TRACER 700","Toledo","Castilla-La Mancha","689",1
"YAMAHA","TRACER 700","Valencia/València","Comunidad Valenciana","689",3
"YAMAHA","TRACER 700","Valladolid","Castilla y León","689",2
"YAMAHA","TRACER 700","Zaragoza","Aragón","689",3
"YAMAHA","Tracer 9 GT","Alicante/Alacant","Comunidad Valenciana","890",4
"YAMAHA","Tracer 9 GT","Asturias","Principado de Asturias","890",3
"YAMAHA","Tracer 9 GT","Badajoz","Extremadura","890",1
"YAMAHA","Tracer 9 GT","Barcelona","Cataluña","890",23
"YAMAHA","Tracer 9 GT","Bizkaia","País Vasco","890",4
"YAMAHA","Tracer 9 GT","Burgos","Castilla y León","890",1
"YAMAHA","Tracer 9 GT","Cádiz","Andalucía","890",2
"YAMAHA","Tracer 9 GT","Cantabria","Cantabria","890",1
"YAMAHA","Tracer 9 GT","Castellón/Castelló","Comunidad Valenciana","890",1
"YAMAHA","Tracer 9 GT","Ciudad Real","Castilla-La Mancha","890",1
"YAMAHA","Tracer 9 GT","Coruña (A)","Galicia","890",1
"YAMAHA","Tracer 9 GT","Gipuzkoa","País Vasco","890",1
"YAMAHA","Tracer 9 GT","Girona","Cataluña","890",1
"YAMAHA","Tracer 9 GT","Granada","Andalucía","890",2
"YAMAHA","Tracer 9 GT","Illes Balears","Illes Balears","890",1
"YAMAHA","Tracer 9 GT","León","Castilla y León","890",1
"YAMAHA","Tracer 9 GT","Lugo","Galicia","890",1
"YAMAHA","Tracer 9 GT","Madrid","Comunidad de Madrid","890",8
"YAMAHA","Tracer 9 GT","Málaga","Andalucía","890",3
"YAMAHA","Tracer 9 GT","Murcia","Región de Murcia","890",5
"YAMAHA","Tracer 9 GT","Navarra","Comunidad Foral de Navarra","890",3
"YAMAHA","Tracer 9 GT","Palmas (Las)","Canarias","890",1
"YAMAHA","Tracer 9 GT","Salamanca","Castilla y León","890",1
"YAMAHA","Tracer 9 GT","Santa Cruz de Tenerife","Canarias","890",2
"YAMAHA","Tracer 9 GT","Sevilla","Andalucía","890",2
"YAMAHA","Tracer 9 GT","Tarragona","Cataluña","890",3
"YAMAHA","Tracer 9 GT","Teruel","Aragón","890",1
"YAMAHA","Tracer 9 GT","Toledo","Castilla-La Mancha","890",1
"YAMAHA","Tracer 9 GT","Valencia/València","Comunidad Valenciana","890",4
"YAMAHA","Tracer 9 GT","Zaragoza","Aragón","890",1
"YAMAHA","TRICITY 125","Álava/Araba","País Vasco","125",1
"YAMAHA","TRICITY 125","Alicante/Alacant","Comunidad Valenciana","125",1
"YAMAHA","TRICITY 125","Barcelona","Cataluña","125",4
"YAMAHA","TRICITY 125","Cádiz","Andalucía","125",1
"YAMAHA","TRICITY 125","Cantabria","Cantabria","125",1
"YAMAHA","TRICITY 125","Ceuta","Ceuta","125",1
"YAMAHA","TRICITY 125","Ciudad Real","Castilla-La Mancha","125",1
"YAMAHA","TRICITY 125","Córdoba","Andalucía","125",1
"YAMAHA","TRICITY 125","Gipuzkoa","País Vasco","125",1
"YAMAHA","TRICITY 125","Girona","Cataluña","125",1
"YAMAHA","TRICITY 125","Granada","Andalucía","125",2
"YAMAHA","TRICITY 125","Guadalajara","Castilla-La Mancha","125",1
"YAMAHA","TRICITY 125","Madrid","Comunidad de Madrid","125",7
"YAMAHA","TRICITY 125","Málaga","Andalucía","125",3
"YAMAHA","TRICITY 125","Palmas (Las)","Canarias","125",1
"YAMAHA","TRICITY 125","Santa Cruz de Tenerife","Canarias","125",2
"YAMAHA","TRICITY 125","Sevilla","Andalucía","125",4
"YAMAHA","TRICITY 125","Tarragona","Cataluña","125",1
"YAMAHA","TRICITY 125","Valencia/València","Comunidad Valenciana","125",2
"YAMAHA","XMAX 300","Álava/Araba","País Vasco","292",1
"YAMAHA","XMAX 300","Albacete","Castilla-La Mancha","292",1
"YAMAHA","XMAX 300","Alicante/Alacant","Comunidad Valenciana","292",15
"YAMAHA","XMAX 300","Almería","Andalucía","292",3
"YAMAHA","XMAX 300","Asturias","Principado de Asturias","292",2
"YAMAHA","XMAX 300","Barcelona","Cataluña","292",65
"YAMAHA","XMAX 300","Bizkaia","País Vasco","292",3
"YAMAHA","XMAX 300","Burgos","Castilla y León","292",2
"YAMAHA","XMAX 300","Cádiz","Andalucía","292",12
"YAMAHA","XMAX 300","Cantabria","Cantabria","292",6
"YAMAHA","XMAX 300","Castellón/Castelló","Comunidad Valenciana","292",2
"YAMAHA","XMAX 300","Córdoba","Andalucía","292",2
"YAMAHA","XMAX 300","Coruña (A)","Galicia","292",3
"YAMAHA","XMAX 300","Gipuzkoa","País Vasco","292",3
"YAMAHA","XMAX 300","Girona","Cataluña","292",3
"YAMAHA","XMAX 300","Granada","Andalucía","292",4
"YAMAHA","XMAX 300","Guadalajara","Castilla-La Mancha","292",1
"YAMAHA","XMAX 300","Huelva","Andalucía","292",3
"YAMAHA","XMAX 300","Huesca","Aragón","292",1
"YAMAHA","XMAX 300","Illes Balears","Illes Balears","292",14
"YAMAHA","XMAX 300","Jaén","Andalucía","292",1
"YAMAHA","XMAX 300","León","Castilla y León","292",2
"YAMAHA","XMAX 300","Madrid","Comunidad de Madrid","292",50
"YAMAHA","XMAX 300","Málaga","Andalucía","292",10
"YAMAHA","XMAX 300","Murcia","Región de Murcia","292",3
"YAMAHA","XMAX 300","Navarra","Comunidad Foral de Navarra","292",1
"YAMAHA","XMAX 300","Palmas (Las)","Canarias","292",4
"YAMAHA","XMAX 300","Pontevedra","Galicia","292",4
"YAMAHA","XMAX 300","Salamanca","Castilla y León","292",2
"YAMAHA","XMAX 300","Santa Cruz de Tenerife","Canarias","292",2
"YAMAHA","XMAX 300","Sevilla","Andalucía","292",5
"YAMAHA","XMAX 300","Tarragona","Cataluña","292",1
"YAMAHA","XMAX 300","Valencia/València","Comunidad Valenciana","292",11
"YAMAHA","XMAX 300","Valladolid","Castilla y León","292",3
"YAMAHA","XMAX 300","Zaragoza","Aragón","292",4
"YAMAHA","XMAX 125","Albacete","Castilla-La Mancha","125",3
"YAMAHA","XMAX 125","Alicante/Alacant","Comunidad Valenciana","125",20
"YAMAHA","XMAX 125","Almería","Andalucía","125",9
"YAMAHA","XMAX 125","Asturias","Principado de Asturias","125",1
"YAMAHA","XMAX 125","Badajoz","Extremadura","125",4
"YAMAHA","XMAX 125","Barcelona","Cataluña","125",74
"YAMAHA","XMAX 125","Bizkaia","País Vasco","125",3
"YAMAHA","XMAX 125","Burgos","Castilla y León","125",1
"YAMAHA","XMAX 125","Cádiz","Andalucía","125",18
"YAMAHA","XMAX 125","Cantabria","Cantabria","125",9
"YAMAHA","XMAX 125","Castellón/Castelló","Comunidad Valenciana","125",5
"YAMAHA","XMAX 125","Ceuta","Ceuta","125",2
"YAMAHA","XMAX 125","Córdoba","Andalucía","125",5
"YAMAHA","XMAX 125","Coruña (A)","Galicia","125",4
"YAMAHA","XMAX 125","Cuenca","Castilla-La Mancha","125",1
"YAMAHA","XMAX 125","Gipuzkoa","País Vasco","125",5
"YAMAHA","XMAX 125","Girona","Cataluña","125",7
"YAMAHA","XMAX 125","Granada","Andalucía","125",12
"YAMAHA","XMAX 125","Guadalajara","Castilla-La Mancha","125",2
"YAMAHA","XMAX 125","Huelva","Andalucía","125",9
"YAMAHA","XMAX 125","Illes Balears","Illes Balears","125",23
"YAMAHA","XMAX 125","Jaén","Andalucía","125",2
"YAMAHA","XMAX 125","Lleida","Cataluña","125",2
"YAMAHA","XMAX 125","Madrid","Comunidad de Madrid","125",66
"YAMAHA","XMAX 125","Málaga","Andalucía","125",39
"YAMAHA","XMAX 125","Melilla","Melilla","125",1
"YAMAHA","XMAX 125","Murcia","Región de Murcia","125",9
"YAMAHA","XMAX 125","Navarra","Comunidad Foral de Navarra","125",2
"YAMAHA","XMAX 125","Palmas (Las)","Canarias","125",11
"YAMAHA","XMAX 125","Pontevedra","Galicia","125",5
"YAMAHA","XMAX 125","Santa Cruz de Tenerife","Canarias","125",7
"YAMAHA","XMAX 125","Sevilla","Andalucía","125",45
"YAMAHA","XMAX 125","Tarragona","Cataluña","125",4
"YAMAHA","XMAX 125","Valencia/València","Comunidad Valenciana","125",31
"YAMAHA","XMAX 125","Valladolid","Castilla y León","125",4
"YAMAHA","XMAX 125","Zamora","Castilla y León","125",1
"YAMAHA","XMAX 125","Zaragoza","Aragón","125",4
"YAMAHA","XSR-125","Alicante/Alacant","Comunidad Valenciana","125",4
"YAMAHA","XSR-125","Almería","Andalucía","125",2
"YAMAHA","XSR-125","Barcelona","Cataluña","125",2
"YAMAHA","XSR-125","Cádiz","Andalucía","125",2
"YAMAHA","XSR-125","Córdoba","Andalucía","125",1
"YAMAHA","XSR-125","Gipuzkoa","País Vasco","125",1
"YAMAHA","XSR-125","Huelva","Andalucía","125",1
"YAMAHA","XSR-125","Illes Balears","Illes Balears","125",3
"YAMAHA","XSR-125","Madrid","Comunidad de Madrid","125",4
"YAMAHA","XSR-125","Málaga","Andalucía","125",1
"YAMAHA","XSR-125","Melilla","Melilla","125",1
"YAMAHA","XSR-125","Murcia","Región de Murcia","125",2
"YAMAHA","XSR-125","Ourense","Galicia","125",1
"YAMAHA","XSR-125","Pontevedra","Galicia","125",2
"YAMAHA","XSR-125","Sevilla","Andalucía","125",2
"YAMAHA","XSR-125","Tarragona","Cataluña","125",2
"YAMAHA","XSR-125","Valencia/València","Comunidad Valenciana","125",2
"YAMAHA","XSR-125","Zaragoza","Aragón","125",1
"YAMAHA","XSR-900","Álava/Araba","País Vasco","890",1
"YAMAHA","XSR-900","Badajoz","Extremadura","890",1
"YAMAHA","XSR-900","Barcelona","Cataluña","890",9
"YAMAHA","XSR-900","Castellón/Castelló","Comunidad Valenciana","890",1
"YAMAHA","XSR-900","Girona","Cataluña","890",1
"YAMAHA","XSR-900","Granada","Andalucía","890",1
"YAMAHA","XSR-900","Huesca","Aragón","890",1
"YAMAHA","XSR-900","Illes Balears","Illes Balears","890",1
"YAMAHA","XSR-900","Madrid","Comunidad de Madrid","890",7
"YAMAHA","XSR-900","Málaga","Andalucía","890",1
"YAMAHA","XSR-900","Navarra","Comunidad Foral de Navarra","890",1
"YAMAHA","XSR-900","Ourense","Galicia","890",1
"YAMAHA","XSR-900","Toledo","Castilla-La Mancha","890",1
"YAMAHA","XSR-900","Valencia/València","Comunidad Valenciana","890",1
"YAMAHA","XSR-700","Asturias","Principado de Asturias","689",1
"YAMAHA","XSR-700","Barcelona","Cataluña","689",3
"YAMAHA","XSR-700","Gipuzkoa","País Vasco","689",1
"YAMAHA","XSR-700","Madrid","Comunidad de Madrid","689",3
"YAMAHA","XSR-700","Málaga","Andalucía","689",1
"YAMAHA","XSR-700","Navarra","Comunidad Foral de Navarra","689",1
"YAMAHA","XSR-700","Santa Cruz de Tenerife","Canarias","689",1
"YAMAHA","XSR-700","Tarragona","Cataluña","689",1
"YAMAHA","XSR-700","Toledo","Castilla-La Mancha","689",1
"YAMAHA","XSR-700","Valencia/València","Comunidad Valenciana","689",1
"YAMAHA","XTZ 700 Tenere","Álava/Araba","País Vasco","689",1
"YAMAHA","XTZ 700 Tenere","Albacete","Castilla-La Mancha","689",1
"YAMAHA","XTZ 700 Tenere","Alicante/Alacant","Comunidad Valenciana","689",4
"YAMAHA","XTZ 700 Tenere","Almería","Andalucía","689",2
"YAMAHA","XTZ 700 Tenere","Asturias","Principado de Asturias","689",2
"YAMAHA","XTZ 700 Tenere","Badajoz","Extremadura","689",4
"YAMAHA","XTZ 700 Tenere","Barcelona","Cataluña","689",28
"YAMAHA","XTZ 700 Tenere","Bizkaia","País Vasco","689",2
"YAMAHA","XTZ 700 Tenere","Burgos","Castilla y León","689",2
"YAMAHA","XTZ 700 Tenere","Cádiz","Andalucía","689",19
"YAMAHA","XTZ 700 Tenere","Cantabria","Cantabria","689",6
"YAMAHA","XTZ 700 Tenere","Castellón/Castelló","Comunidad Valenciana","689",3
"YAMAHA","XTZ 700 Tenere","Ceuta","Ceuta","689",4
"YAMAHA","XTZ 700 Tenere","Córdoba","Andalucía","689",3
"YAMAHA","XTZ 700 Tenere","Coruña (A)","Galicia","689",1
"YAMAHA","XTZ 700 Tenere","Gipuzkoa","País Vasco","689",1
"YAMAHA","XTZ 700 Tenere","Girona","Cataluña","689",5
"YAMAHA","XTZ 700 Tenere","Granada","Andalucía","689",8
"YAMAHA","XTZ 700 Tenere","Guadalajara","Castilla-La Mancha","689",1
"YAMAHA","XTZ 700 Tenere","Huelva","Andalucía","689",9
"YAMAHA","XTZ 700 Tenere","Huesca","Aragón","689",2
"YAMAHA","XTZ 700 Tenere","Illes Balears","Illes Balears","689",8
"YAMAHA","XTZ 700 Tenere","Jaén","Andalucía","689",3
"YAMAHA","XTZ 700 Tenere","León","Castilla y León","689",3
"YAMAHA","XTZ 700 Tenere","Lugo","Galicia","689",1
"YAMAHA","XTZ 700 Tenere","Madrid","Comunidad de Madrid","689",12
"YAMAHA","XTZ 700 Tenere","Málaga","Andalucía","689",28
"YAMAHA","XTZ 700 Tenere","Murcia","Región de Murcia","689",5
"YAMAHA","XTZ 700 Tenere","Navarra","Comunidad Foral de Navarra","689",6
"YAMAHA","XTZ 700 Tenere","Palmas (Las)","Canarias","689",6
"YAMAHA","XTZ 700 Tenere","Pontevedra","Galicia","689",3
"YAMAHA","XTZ 700 Tenere","Salamanca","Castilla y León","689",1
"YAMAHA","XTZ 700 Tenere","Santa Cruz de Tenerife","Canarias","689",9
"YAMAHA","XTZ 700 Tenere","Sevilla","Andalucía","689",15
"YAMAHA","XTZ 700 Tenere","Tarragona","Cataluña","689",4
"YAMAHA","XTZ 700 Tenere","Toledo","Castilla-La Mancha","689",2
"YAMAHA","XTZ 700 Tenere","Valencia/València","Comunidad Valenciana","689",5
"YAMAHA","XTZ 700 Tenere","Valladolid","Castilla y León","689",1
"YAMAHA","XTZ 700 Tenere","Zamora","Castilla y León","689",1
"YAMAHA","XTZ 700 Tenere","Zaragoza","Aragón","689",2
"YAMAHA","YZF-R3","Alicante/Alacant","Comunidad Valenciana","321",2
"YAMAHA","YZF-R3","Asturias","Principado de Asturias","321",1
"YAMAHA","YZF-R3","Barcelona","Cataluña","321",7
"YAMAHA","YZF-R3","Granada","Andalucía","321",1
"YAMAHA","YZF-R3","Madrid","Comunidad de Madrid","321",2
"YAMAHA","YZF-R3","Málaga","Andalucía","321",1
"YAMAHA","YZF-R3","Murcia","Región de Murcia","321",1
"YAMAHA","YZF-R3","Palmas (Las)","Canarias","321",1
"YAMAHA","YZF-R3","Toledo","Castilla-La Mancha","321",1
"YAMAHA","YZF-R3","Zaragoza","Aragón","321",1
"YAMAHA","YZF-R9","Alicante/Alacant","Comunidad Valenciana","890",1
"YAMAHA","YZF-R9","Almería","Andalucía","890",1
"YAMAHA","YZF-R9","Asturias","Principado de Asturias","890",1
"YAMAHA","YZF-R9","Barcelona","Cataluña","890",6
"YAMAHA","YZF-R9","Bizkaia","País Vasco","890",1
"YAMAHA","YZF-R9","Castellón/Castelló","Comunidad Valenciana","890",1
"YAMAHA","YZF-R9","Ceuta","Ceuta","890",1
"YAMAHA","YZF-R9","Córdoba","Andalucía","890",1
"YAMAHA","YZF-R9","Granada","Andalucía","890",2
"YAMAHA","YZF-R9","Jaén","Andalucía","890",1
"YAMAHA","YZF-R9","Lleida","Cataluña","890",1
"YAMAHA","YZF-R9","Madrid","Comunidad de Madrid","890",6
"YAMAHA","YZF-R9","Murcia","Región de Murcia","890",1
"YAMAHA","YZF-R9","Navarra","Comunidad Foral de Navarra","890",1
"YAMAHA","YZF-R9","Santa Cruz de Tenerife","Canarias","890",1
"YAMAHA","YZF-R9","Sevilla","Andalucía","890",1
"YAMAHA","YZF-R9","Tarragona","Cataluña","890",1
"YAMAHA","YZF-R9","Valencia/València","Comunidad Valenciana","890",2
"YAMAHA","YZF690-U","Barcelona","Cataluña","689",2
"YAMAHA","YZF690-U","Cáceres","Extremadura","689",1
"YAMAHA","YZF690-U","Sevilla","Andalucía","689",1
"YAMAHA","YZF690-U","Valencia/València","Comunidad Valenciana","689",1
"ZNEN","FALCON 125","Valencia/València","Comunidad Valenciana","125",1
"ZNEN","P45","Valencia/València","Comunidad Valenciana","125",1
"ZONTES","125C","Álava/Araba","País Vasco","125",3
"ZONTES","125C","Albacete","Castilla-La Mancha","125",2
"ZONTES","125C","Alicante/Alacant","Comunidad Valenciana","125",8
"ZONTES","125C","Almería","Andalucía","125",5
"ZONTES","125C","Asturias","Principado de Asturias","125",4
"ZONTES","125C","Badajoz","Extremadura","125",2
"ZONTES","125C","Barcelona","Cataluña","125",21
"ZONTES","125C","Bizkaia","País Vasco","125",6
"ZONTES","125C","Cáceres","Extremadura","125",2
"ZONTES","125C","Cádiz","Andalucía","125",8
"ZONTES","125C","Castellón/Castelló","Comunidad Valenciana","125",3
"ZONTES","125C","Córdoba","Andalucía","125",3
"ZONTES","125C","Coruña (A)","Galicia","125",3
"ZONTES","125C","Gipuzkoa","País Vasco","125",1
"ZONTES","125C","Granada","Andalucía","125",4
"ZONTES","125C","Guadalajara","Castilla-La Mancha","125",1
"ZONTES","125C","Huesca","Aragón","125",2
"ZONTES","125C","Illes Balears","Illes Balears","125",9
"ZONTES","125C","Jaén","Andalucía","125",2
"ZONTES","125C","León","Castilla y León","125",2
"ZONTES","125C","Lleida","Cataluña","125",2
"ZONTES","125C","Lugo","Galicia","125",1
"ZONTES","125C","Madrid","Comunidad de Madrid","125",38
"ZONTES","125C","Málaga","Andalucía","125",14
"ZONTES","125C","Murcia","Región de Murcia","125",7
"ZONTES","125C","Navarra","Comunidad Foral de Navarra","125",1
"ZONTES","125C","Palencia","Castilla y León","125",2
"ZONTES","125C","Pontevedra","Galicia","125",6
"ZONTES","125C","Rioja (La)","La Rioja","125",2
"ZONTES","125C","Salamanca","Castilla y León","125",1
"ZONTES","125C","Santa Cruz de Tenerife","Canarias","125",14
"ZONTES","125C","Sevilla","Andalucía","125",6
"ZONTES","125C","Tarragona","Cataluña","125",3
"ZONTES","125C","Toledo","Castilla-La Mancha","125",4
"ZONTES","125C","Valencia/València","Comunidad Valenciana","125",11
"ZONTES","125C","Valladolid","Castilla y León","125",3
"ZONTES","125C","Zamora","Castilla y León","125",1
"ZONTES","125C","Zaragoza","Aragón","125",4
"ZONTES","125D","Albacete","Castilla-La Mancha","125",2
"ZONTES","125D","Alicante/Alacant","Comunidad Valenciana","125",5
"ZONTES","125D","Almería","Andalucía","125",1
"ZONTES","125D","Asturias","Principado de Asturias","125",1
"ZONTES","125D","Barcelona","Cataluña","125",25
"ZONTES","125D","Bizkaia","País Vasco","125",1
"ZONTES","125D","Burgos","Castilla y León","125",1
"ZONTES","125D","Cáceres","Extremadura","125",1
"ZONTES","125D","Cádiz","Andalucía","125",2
"ZONTES","125D","Gipuzkoa","País Vasco","125",2
"ZONTES","125D","Granada","Andalucía","125",3
"ZONTES","125D","Guadalajara","Castilla-La Mancha","125",1
"ZONTES","125D","Illes Balears","Illes Balears","125",3
"ZONTES","125D","Madrid","Comunidad de Madrid","125",14
"ZONTES","125D","Málaga","Andalucía","125",12
"ZONTES","125D","Melilla","Melilla","125",1
"ZONTES","125D","Murcia","Región de Murcia","125",1
"ZONTES","125D","Navarra","Comunidad Foral de Navarra","125",1
"ZONTES","125D","Pontevedra","Galicia","125",2
"ZONTES","125D","Salamanca","Castilla y León","125",1
"ZONTES","125D","Santa Cruz de Tenerife","Canarias","125",5
"ZONTES","125D","Sevilla","Andalucía","125",1
"ZONTES","125D","Tarragona","Cataluña","125",2
"ZONTES","125D","Toledo","Castilla-La Mancha","125",1
"ZONTES","125D","Valencia/València","Comunidad Valenciana","125",14
"ZONTES","125D","Valladolid","Castilla y León","125",1
"ZONTES","125D","Zaragoza","Aragón","125",2
"ZONTES","125E","Alicante/Alacant","Comunidad Valenciana","125",7
"ZONTES","125E","Asturias","Principado de Asturias","125",7
"ZONTES","125E","Barcelona","Cataluña","125",32
"ZONTES","125E","Bizkaia","País Vasco","125",3
"ZONTES","125E","Cádiz","Andalucía","125",4
"ZONTES","125E","Cantabria","Cantabria","125",2
"ZONTES","125E","Ceuta","Ceuta","125",1
"ZONTES","125E","Gipuzkoa","País Vasco","125",2
"ZONTES","125E","Girona","Cataluña","125",2
"ZONTES","125E","Granada","Andalucía","125",2
"ZONTES","125E","Guadalajara","Castilla-La Mancha","125",4
"ZONTES","125E","Illes Balears","Illes Balears","125",2
"ZONTES","125E","Madrid","Comunidad de Madrid","125",20
"ZONTES","125E","Málaga","Andalucía","125",2
"ZONTES","125E","Murcia","Región de Murcia","125",5
"ZONTES","125E","Pontevedra","Galicia","125",1
"ZONTES","125E","Sevilla","Andalucía","125",4
"ZONTES","125E","Tarragona","Cataluña","125",4
"ZONTES","125E","Valencia/València","Comunidad Valenciana","125",4
"ZONTES","125E","Valladolid","Castilla y León","125",3
"ZONTES","125E","Zaragoza","Aragón","125",3
"ZONTES","125M","Barcelona","Cataluña","125",4
"ZONTES","125M","Cádiz","Andalucía","125",2
"ZONTES","125M","Ciudad Real","Castilla-La Mancha","125",1
"ZONTES","125M","Córdoba","Andalucía","125",1
"ZONTES","125M","Granada","Andalucía","125",3
"ZONTES","125M","Madrid","Comunidad de Madrid","125",2
"ZONTES","125M","Málaga","Andalucía","125",2
"ZONTES","125M","Palmas (Las)","Canarias","125",1
"ZONTES","125M","Sevilla","Andalucía","125",2
"ZONTES","125M","Valencia/València","Comunidad Valenciana","125",2
"ZONTES","350D","Barcelona","Cataluña","349",2
"ZONTES","350D","Murcia","Región de Murcia","349",1
"ZONTES","350E","Alicante/Alacant","Comunidad Valenciana","349",1
"ZONTES","350E","Barcelona","Cataluña","349",5
"ZONTES","350E","Girona","Cataluña","349",1
"ZONTES","350E","Lleida","Cataluña","349",1
"ZONTES","350E","Madrid","Comunidad de Madrid","349",3
"ZONTES","350E","Tarragona","Cataluña","349",2
"ZONTES","350M","Almería","Andalucía","349",1
"ZONTES","350M","Málaga","Andalucía","349",1
"ZONTES","350R","Asturias","Principado de Asturias","348",1
"ZONTES","350R","Barcelona","Cataluña","348",3
"ZONTES","350R","Bizkaia","País Vasco","348",1
"ZONTES","350R","Gipuzkoa","País Vasco","348",1
"ZONTES","350R","Guadalajara","Castilla-La Mancha","348",1
"ZONTES","350R","León","Castilla y León","348",1
"ZONTES","350R","Madrid","Comunidad de Madrid","348",4
"ZONTES","350R","Santa Cruz de Tenerife","Canarias","348",1
"ZONTES","350R","Tarragona","Cataluña","348",1
"ZONTES","350R","Zaragoza","Aragón","348",1
"ZONTES","350S","Cádiz","Andalucía","348",1
"ZONTES","350S","Pontevedra","Galicia","348",1
"ZONTES","350S","Valencia/València","Comunidad Valenciana","348",1
"ZONTES","350T","Barcelona","Cataluña","348",1
"ZONTES","350V","Bizkaia","País Vasco","348",1
"ZONTES","350X","Granada","Andalucía","348",1
"ZONTES","350X","Madrid","Comunidad de Madrid","348",1
"ZONTES","350X","Pontevedra","Galicia","348",1
"ZONTES","368D","Barcelona","Cataluña","368",8
"ZONTES","368D","Cádiz","Andalucía","368",3
"ZONTES","368D","Guadalajara","Castilla-La Mancha","368",1
"ZONTES","368D","Madrid","Comunidad de Madrid","368",4
"ZONTES","368D","Málaga","Andalucía","368",2
"ZONTES","368D","Rioja (La)","La Rioja","368",1
"ZONTES","368D","Sevilla","Andalucía","368",1
"ZONTES","368D","Tarragona","Cataluña","368",1
"ZONTES","368D","Valencia/València","Comunidad Valenciana","368",3
"ZONTES","368E","Alicante/Alacant","Comunidad Valenciana","368",1
"ZONTES","368E","Barcelona","Cataluña","368",13
"ZONTES","368E","Bizkaia","País Vasco","368",1
"ZONTES","368E","Cádiz","Andalucía","368",1
"ZONTES","368E","Castellón/Castelló","Comunidad Valenciana","368",2
"ZONTES","368E","Córdoba","Andalucía","368",1
"ZONTES","368E","Coruña (A)","Galicia","368",1
"ZONTES","368E","Guadalajara","Castilla-La Mancha","368",1
"ZONTES","368E","Illes Balears","Illes Balears","368",5
"ZONTES","368E","Lleida","Cataluña","368",2
"ZONTES","368E","Madrid","Comunidad de Madrid","368",3
"ZONTES","368E","Murcia","Región de Murcia","368",2
"ZONTES","368E","Navarra","Comunidad Foral de Navarra","368",1
"ZONTES","368E","Palmas (Las)","Canarias","368",1
"ZONTES","368E","Salamanca","Castilla y León","368",1
"ZONTES","368E","Santa Cruz de Tenerife","Canarias","368",1
"ZONTES","368E","Toledo","Castilla-La Mancha","368",1
"ZONTES","368E","Valencia/València","Comunidad Valenciana","368",3
"ZONTES","368E","Zaragoza","Aragón","368",1
"ZONTES","368G","Álava/Araba","País Vasco","368",4
"ZONTES","368G","Albacete","Castilla-La Mancha","368",8
"ZONTES","368G","Alicante/Alacant","Comunidad Valenciana","368",32
"ZONTES","368G","Almería","Andalucía","368",9
"ZONTES","368G","Asturias","Principado de Asturias","368",26
"ZONTES","368G","Ávila","Castilla y León","368",2
"ZONTES","368G","Badajoz","Extremadura","368",6
"ZONTES","368G","Barcelona","Cataluña","368",152
"ZONTES","368G","Bizkaia","País Vasco","368",10
"ZONTES","368G","Burgos","Castilla y León","368",2
"ZONTES","368G","Cáceres","Extremadura","368",7
"ZONTES","368G","Cádiz","Andalucía","368",55
"ZONTES","368G","Cantabria","Cantabria","368",13
"ZONTES","368G","Castellón/Castelló","Comunidad Valenciana","368",9
"ZONTES","368G","Ceuta","Ceuta","368",10
"ZONTES","368G","Ciudad Real","Castilla-La Mancha","368",3
"ZONTES","368G","Córdoba","Andalucía","368",14
"ZONTES","368G","Coruña (A)","Galicia","368",7
"ZONTES","368G","Cuenca","Castilla-La Mancha","368",2
"ZONTES","368G","Gipuzkoa","País Vasco","368",3
"ZONTES","368G","Girona","Cataluña","368",14
"ZONTES","368G","Granada","Andalucía","368",33
"ZONTES","368G","Guadalajara","Castilla-La Mancha","368",2
"ZONTES","368G","Huelva","Andalucía","368",10
"ZONTES","368G","Illes Balears","Illes Balears","368",25
"ZONTES","368G","Jaén","Andalucía","368",16
"ZONTES","368G","León","Castilla y León","368",5
"ZONTES","368G","Lleida","Cataluña","368",2
"ZONTES","368G","Lugo","Galicia","368",1
"ZONTES","368G","Madrid","Comunidad de Madrid","368",82
"ZONTES","368G","Málaga","Andalucía","368",73
"ZONTES","368G","Melilla","Melilla","368",11
"ZONTES","368G","Murcia","Región de Murcia","368",19
"ZONTES","368G","Navarra","Comunidad Foral de Navarra","368",5
"ZONTES","368G","Palencia","Castilla y León","368",2
"ZONTES","368G","Palmas (Las)","Canarias","368",32
"ZONTES","368G","Pontevedra","Galicia","368",6
"ZONTES","368G","Rioja (La)","La Rioja","368",4
"ZONTES","368G","Santa Cruz de Tenerife","Canarias","368",28
"ZONTES","368G","Sevilla","Andalucía","368",43
"ZONTES","368G","Tarragona","Cataluña","368",15
"ZONTES","368G","Teruel","Aragón","368",3
"ZONTES","368G","Toledo","Castilla-La Mancha","368",3
"ZONTES","368G","Valencia/València","Comunidad Valenciana","368",43
"ZONTES","368G","Valladolid","Castilla y León","368",3
"ZONTES","368G","Zaragoza","Aragón","368",7
"ZONTES","368K","Alicante/Alacant","Comunidad Valenciana","368",3
"ZONTES","368K","Almería","Andalucía","368",1
"ZONTES","368K","Asturias","Principado de Asturias","368",6
"ZONTES","368K","Barcelona","Cataluña","368",13
"ZONTES","368K","Bizkaia","País Vasco","368",5
"ZONTES","368K","Cádiz","Andalucía","368",3
"ZONTES","368K","Cantabria","Cantabria","368",1
"ZONTES","368K","Castellón/Castelló","Comunidad Valenciana","368",1
"ZONTES","368K","Coruña (A)","Galicia","368",1
"ZONTES","368K","Girona","Cataluña","368",2
"ZONTES","368K","Granada","Andalucía","368",3
"ZONTES","368K","Huelva","Andalucía","368",3
"ZONTES","368K","Illes Balears","Illes Balears","368",1
"ZONTES","368K","Jaén","Andalucía","368",1
"ZONTES","368K","Madrid","Comunidad de Madrid","368",14
"ZONTES","368K","Málaga","Andalucía","368",4
"ZONTES","368K","Murcia","Región de Murcia","368",5
"ZONTES","368K","Navarra","Comunidad Foral de Navarra","368",1
"ZONTES","368K","Santa Cruz de Tenerife","Canarias","368",1
"ZONTES","368K","Sevilla","Andalucía","368",4
"ZONTES","368K","Toledo","Castilla-La Mancha","368",3
"ZONTES","368K","Valencia/València","Comunidad Valenciana","368",13
"ZONTES","368K","Valladolid","Castilla y León","368",1
"ZONTES","368M","Barcelona","Cataluña","368",4
"ZONTES","368M","Cádiz","Andalucía","368",2
"ZONTES","368M","Ciudad Real","Castilla-La Mancha","368",1
"ZONTES","368M","Granada","Andalucía","368",1
"ZONTES","368M","Illes Balears","Illes Balears","368",1
"ZONTES","368M","Málaga","Andalucía","368",4
"ZONTES","368M","Palmas (Las)","Canarias","368",4
"ZONTES","368M","Santa Cruz de Tenerife","Canarias","368",1
"ZONTES","368M","Tarragona","Cataluña","368",2
"ZONTES","368M","Valencia/València","Comunidad Valenciana","368",1
"ZONTES","368M","Valladolid","Castilla y León","368",1
"ZONTES","703F","Albacete","Castilla-La Mancha","699",1
"ZONTES","703F","Alicante/Alacant","Comunidad Valenciana","699",5
"ZONTES","703F","Almería","Andalucía","699",3
"ZONTES","703F","Asturias","Principado de Asturias","699",3
"ZONTES","703F","Badajoz","Extremadura","699",4
"ZONTES","703F","Barcelona","Cataluña","699",30
"ZONTES","703F","Bizkaia","País Vasco","699",1
"ZONTES","703F","Burgos","Castilla y León","699",1
"ZONTES","703F","Cádiz","Andalucía","699",5
"ZONTES","703F","Cantabria","Cantabria","699",2
"ZONTES","703F","Castellón/Castelló","Comunidad Valenciana","699",3
"ZONTES","703F","Ceuta","Ceuta","699",1
"ZONTES","703F","Ciudad Real","Castilla-La Mancha","699",2
"ZONTES","703F","Córdoba","Andalucía","699",2
"ZONTES","703F","Cuenca","Castilla-La Mancha","699",1
"ZONTES","703F","Gipuzkoa","País Vasco","699",2
"ZONTES","703F","Girona","Cataluña","699",6
"ZONTES","703F","Granada","Andalucía","699",9
"ZONTES","703F","Guadalajara","Castilla-La Mancha","699",1
"ZONTES","703F","Illes Balears","Illes Balears","699",7
"ZONTES","703F","Jaén","Andalucía","699",1
"ZONTES","703F","León","Castilla y León","699",3
"ZONTES","703F","Lleida","Cataluña","699",4
"ZONTES","703F","Lugo","Galicia","699",1
"ZONTES","703F","Madrid","Comunidad de Madrid","699",17
"ZONTES","703F","Málaga","Andalucía","699",10
"ZONTES","703F","Murcia","Región de Murcia","699",5
"ZONTES","703F","Ourense","Galicia","699",1
"ZONTES","703F","Palmas (Las)","Canarias","699",2
"ZONTES","703F","Pontevedra","Galicia","699",2
"ZONTES","703F","Rioja (La)","La Rioja","699",1
"ZONTES","703F","Santa Cruz de Tenerife","Canarias","699",1
"ZONTES","703F","Sevilla","Andalucía","699",4
"ZONTES","703F","Tarragona","Cataluña","699",3
"ZONTES","703F","Toledo","Castilla-La Mancha","699",5
"ZONTES","703F","Valencia/València","Comunidad Valenciana","699",14
"ZONTES","703F","Zamora","Castilla y León","699",1
"ZONTES","703F","Zaragoza","Aragón","699",1
"ZONTES","703RR","Albacete","Castilla-La Mancha","699",2
"ZONTES","703RR","Alicante/Alacant","Comunidad Valenciana","699",10
"ZONTES","703RR","Almería","Andalucía","699",4
"ZONTES","703RR","Asturias","Principado de Asturias","699",5
"ZONTES","703RR","Ávila","Castilla y León","699",1
"ZONTES","703RR","Badajoz","Extremadura","699",3
"ZONTES","703RR","Barcelona","Cataluña","699",45
"ZONTES","703RR","Bizkaia","País Vasco","699",1
"ZONTES","703RR","Burgos","Castilla y León","699",1
"ZONTES","703RR","Cáceres","Extremadura","699",3
"ZONTES","703RR","Cádiz","Andalucía","699",4
"ZONTES","703RR","Cantabria","Cantabria","699",1
"ZONTES","703RR","Castellón/Castelló","Comunidad Valenciana","699",3
"ZONTES","703RR","Córdoba","Andalucía","699",2
"ZONTES","703RR","Coruña (A)","Galicia","699",2
"ZONTES","703RR","Gipuzkoa","País Vasco","699",2
"ZONTES","703RR","Girona","Cataluña","699",2
"ZONTES","703RR","Granada","Andalucía","699",6
"ZONTES","703RR","Guadalajara","Castilla-La Mancha","699",1
"ZONTES","703RR","Huelva","Andalucía","699",1
"ZONTES","703RR","Illes Balears","Illes Balears","699",6
"ZONTES","703RR","Jaén","Andalucía","699",3
"ZONTES","703RR","León","Castilla y León","699",2
"ZONTES","703RR","Madrid","Comunidad de Madrid","699",27
"ZONTES","703RR","Málaga","Andalucía","699",6
"ZONTES","703RR","Murcia","Región de Murcia","699",8
"ZONTES","703RR","Navarra","Comunidad Foral de Navarra","699",3
"ZONTES","703RR","Ourense","Galicia","699",1
"ZONTES","703RR","Palmas (Las)","Canarias","699",3
"ZONTES","703RR","Pontevedra","Galicia","699",8
"ZONTES","703RR","Salamanca","Castilla y León","699",2
"ZONTES","703RR","Santa Cruz de Tenerife","Canarias","699",3
"ZONTES","703RR","Sevilla","Andalucía","699",5
"ZONTES","703RR","Tarragona","Cataluña","699",9
"ZONTES","703RR","Toledo","Castilla-La Mancha","699",9
"ZONTES","703RR","Valencia/València","Comunidad Valenciana","699",14
"ZONTES","703RR","Valladolid","Castilla y León","699",2
"ZONTES","703RR","Zaragoza","Aragón","699",6
"ZONTES","D125","Murcia","Región de Murcia","125",1
"ZONTES","D350","Alicante/Alacant","Comunidad Valenciana","349",1
"ZONTES","D350","Murcia","Región de Murcia","349",1
"ZONTES","E350","Murcia","Región de Murcia","349",1
"ZONTES","GK350","Barcelona","Cataluña","348",1
"ZONTES","M125","Madrid","Comunidad de Madrid","125",1
"ZONTES","ZT125-G1","Álava/Araba","País Vasco","125",1
"ZONTES","ZT125-G1","Albacete","Castilla-La Mancha","125",3
"ZONTES","ZT125-G1","Alicante/Alacant","Comunidad Valenciana","125",4
"ZONTES","ZT125-G1","Asturias","Principado de Asturias","125",2
"ZONTES","ZT125-G1","Badajoz","Extremadura","125",1
"ZONTES","ZT125-G1","Barcelona","Cataluña","125",13
"ZONTES","ZT125-G1","Bizkaia","País Vasco","125",3
"ZONTES","ZT125-G1","Cádiz","Andalucía","125",2
"ZONTES","ZT125-G1","Cantabria","Cantabria","125",1
"ZONTES","ZT125-G1","Castellón/Castelló","Comunidad Valenciana","125",2
"ZONTES","ZT125-G1","Coruña (A)","Galicia","125",1
"ZONTES","ZT125-G1","Gipuzkoa","País Vasco","125",1
"ZONTES","ZT125-G1","Girona","Cataluña","125",1
"ZONTES","ZT125-G1","Granada","Andalucía","125",7
"ZONTES","ZT125-G1","Guadalajara","Castilla-La Mancha","125",2
"ZONTES","ZT125-G1","Illes Balears","Illes Balears","125",4
"ZONTES","ZT125-G1","Jaén","Andalucía","125",1
"ZONTES","ZT125-G1","Lleida","Cataluña","125",1
"ZONTES","ZT125-G1","Madrid","Comunidad de Madrid","125",21
"ZONTES","ZT125-G1","Málaga","Andalucía","125",4
"ZONTES","ZT125-G1","Melilla","Melilla","125",1
"ZONTES","ZT125-G1","Murcia","Región de Murcia","125",5
"ZONTES","ZT125-G1","Palmas (Las)","Canarias","125",2
"ZONTES","ZT125-G1","Pontevedra","Galicia","125",2
"ZONTES","ZT125-G1","Salamanca","Castilla y León","125",2
"ZONTES","ZT125-G1","Santa Cruz de Tenerife","Canarias","125",2
"ZONTES","ZT125-G1","Sevilla","Andalucía","125",1
"ZONTES","ZT125-G1","Tarragona","Cataluña","125",3
"ZONTES","ZT125-G1","Teruel","Aragón","125",1
"ZONTES","ZT125-G1","Toledo","Castilla-La Mancha","125",1
"ZONTES","ZT125-G1","Valencia/València","Comunidad Valenciana","125",19
"ZONTES","ZT125-G1","Valladolid","Castilla y León","125",3
"ZONTES","ZT125-U","Albacete","Castilla-La Mancha","125",1
"ZONTES","ZT125-U","Alicante/Alacant","Comunidad Valenciana","125",3
"ZONTES","ZT125-U","Badajoz","Extremadura","125",1
"ZONTES","ZT125-U","Barcelona","Cataluña","125",10
"ZONTES","ZT125-U","Bizkaia","País Vasco","125",2
"ZONTES","ZT125-U","Castellón/Castelló","Comunidad Valenciana","125",1
"ZONTES","ZT125-U","Ciudad Real","Castilla-La Mancha","125",1
"ZONTES","ZT125-U","Gipuzkoa","País Vasco","125",1
"ZONTES","ZT125-U","Granada","Andalucía","125",3
"ZONTES","ZT125-U","Guadalajara","Castilla-La Mancha","125",1
"ZONTES","ZT125-U","Illes Balears","Illes Balears","125",2
"ZONTES","ZT125-U","Madrid","Comunidad de Madrid","125",8
"ZONTES","ZT125-U","Málaga","Andalucía","125",1
"ZONTES","ZT125-U","Murcia","Región de Murcia","125",1
"ZONTES","ZT125-U","Navarra","Comunidad Foral de Navarra","125",1
"ZONTES","ZT125-U","Palencia","Castilla y León","125",1
"ZONTES","ZT125-U","Santa Cruz de Tenerife","Canarias","125",2
"ZONTES","ZT125-U","Tarragona","Cataluña","125",2
"ZONTES","ZT125-U","Toledo","Castilla-La Mancha","125",2
"ZONTES","ZT125-U","Valencia/València","Comunidad Valenciana","125",3
"ZONTES","ZT125-U","Zaragoza","Aragón","125",2
"ZONTES","ZT125-U1","Alicante/Alacant","Comunidad Valenciana","125",5
"ZONTES","ZT125-U1","Almería","Andalucía","125",1
"ZONTES","ZT125-U1","Ávila","Castilla y León","125",1
"ZONTES","ZT125-U1","Badajoz","Extremadura","125",2
"ZONTES","ZT125-U1","Barcelona","Cataluña","125",3
"ZONTES","ZT125-U1","Bizkaia","País Vasco","125",1
"ZONTES","ZT125-U1","Cádiz","Andalucía","125",2
"ZONTES","ZT125-U1","Córdoba","Andalucía","125",1
"ZONTES","ZT125-U1","Coruña (A)","Galicia","125",2
"ZONTES","ZT125-U1","Gipuzkoa","País Vasco","125",1
"ZONTES","ZT125-U1","Girona","Cataluña","125",2
"ZONTES","ZT125-U1","Granada","Andalucía","125",1
"ZONTES","ZT125-U1","Guadalajara","Castilla-La Mancha","125",1
"ZONTES","ZT125-U1","Illes Balears","Illes Balears","125",3
"ZONTES","ZT125-U1","Lugo","Galicia","125",1
"ZONTES","ZT125-U1","Madrid","Comunidad de Madrid","125",4
"ZONTES","ZT125-U1","Málaga","Andalucía","125",1
"ZONTES","ZT125-U1","Murcia","Región de Murcia","125",2
"ZONTES","ZT125-U1","Navarra","Comunidad Foral de Navarra","125",1
"ZONTES","ZT125-U1","Rioja (La)","La Rioja","125",1
"ZONTES","ZT125-U1","Santa Cruz de Tenerife","Canarias","125",3
"ZONTES","ZT125-U1","Tarragona","Cataluña","125",1
"ZONTES","ZT125-U1","Toledo","Castilla-La Mancha","125",3
"ZONTES","ZT125-U1","Valencia/València","Comunidad Valenciana","125",3
"ZONTES","ZT125-U1","Valladolid","Castilla y León","125",1
"ZONTES","ZT125-U1","Zaragoza","Aragón","125",3
"ZONTES","ZT125-Z2","Albacete","Castilla-La Mancha","125",1
"ZONTES","ZT125-Z2","Alicante/Alacant","Comunidad Valenciana","125",4
"ZONTES","ZT125-Z2","Asturias","Principado de Asturias","125",2
"ZONTES","ZT125-Z2","Barcelona","Cataluña","125",12
"ZONTES","ZT125-Z2","Bizkaia","País Vasco","125",4
"ZONTES","ZT125-Z2","Burgos","Castilla y León","125",2
"ZONTES","ZT125-Z2","Cáceres","Extremadura","125",2
"ZONTES","ZT125-Z2","Castellón/Castelló","Comunidad Valenciana","125",1
"ZONTES","ZT125-Z2","Ciudad Real","Castilla-La Mancha","125",2
"ZONTES","ZT125-Z2","Córdoba","Andalucía","125",1
"ZONTES","ZT125-Z2","Coruña (A)","Galicia","125",1
"ZONTES","ZT125-Z2","Girona","Cataluña","125",3
"ZONTES","ZT125-Z2","Granada","Andalucía","125",2
"ZONTES","ZT125-Z2","Illes Balears","Illes Balears","125",3
"ZONTES","ZT125-Z2","Jaén","Andalucía","125",1
"ZONTES","ZT125-Z2","Madrid","Comunidad de Madrid","125",12
"ZONTES","ZT125-Z2","Málaga","Andalucía","125",5
"ZONTES","ZT125-Z2","Murcia","Región de Murcia","125",1
"ZONTES","ZT125-Z2","Navarra","Comunidad Foral de Navarra","125",1
"ZONTES","ZT125-Z2","Ourense","Galicia","125",1
"ZONTES","ZT125-Z2","Santa Cruz de Tenerife","Canarias","125",3
"ZONTES","ZT125-Z2","Sevilla","Andalucía","125",1
"ZONTES","ZT125-Z2","Tarragona","Cataluña","125",1
"ZONTES","ZT125-Z2","Teruel","Aragón","125",1
"ZONTES","ZT125-Z2","Toledo","Castilla-La Mancha","125",2
"ZONTES","ZT125-Z2","Valencia/València","Comunidad Valenciana","125",9
