MARCA_ITV,MODELO_ITV,PROVINCIA_VEH,CILINDRADA_ITV,COUNT
"AJP","AJP PR7","Almería","600",3
"AJP","AJP PR7","Badajoz","600",2
"AJP","AJP PR7","Barcelona","600",3
"AJP","AJP PR7","Córdoba","600",1
"AJP","AJP PR7","Girona","600",1
"AJP","AJP PR7","Illes Balears","600",1
"AJP","AJP PR7","Lugo","600",1
"AJP","AJP PR7","Málaga","600",1
"AJP","AJP PR7","Valencia/València","600",3
"AJP","SPR 125 ENDURO","Lugo","124",1
"AJP","SPR 240 ENDURO","Cádiz","233",1
"AJP","SPR 250 ENDURO","Cádiz","249",1
"AJP","SPR 310 ENDURO","Cádiz","298",1
"ALPINA DI RENANIA","STRADA 125CC","Badajoz","125",1
"ANDES","U3 (125)","Alicante/Alacant","124",1
"ANDES","U3 (125)","Cantabria","124",1
"ANDES","U3 (125)","Huesca","124",1
"ANDES","U3 (125)","Pontevedra","124",1
"ANDES","U3 (125)","Zaragoza","124",1
"APRILIA","RS 125","Alicante/Alacant","124",2
"APRILIA","RS 125","Barcelona","124",1
"APRILIA","RS 125","Cantabria","124",1
"APRILIA","RS 125","Castellón/Castelló","124",1
"APRILIA","RS 125","Madrid","124",1
"APRILIA","RS 125","Murcia","124",4
"APRILIA","RS 125","Santa Cruz de Tenerife","124",1
"APRILIA","RS 125","Sevilla","124",1
"APRILIA","RS 125","Valencia/València","124",1
"APRILIA","RS 457","Álava/Araba","457",1
"APRILIA","RS 457","Almería","457",2
"APRILIA","RS 457","Badajoz","457",1
"APRILIA","RS 457","Barcelona","457",6
"APRILIA","RS 457","Bizkaia","457",1
"APRILIA","RS 457","Cádiz","457",1
"APRILIA","RS 457","Illes Balears","457",1
"APRILIA","RS 457","Murcia","457",2
"APRILIA","RS 457","Sevilla","457",1
"APRILIA","RS 660","Almería","659",1
"APRILIA","RS 660","Badajoz","659",2
"APRILIA","RS 660","Barcelona","659",4
"APRILIA","RS 660","Cádiz","659",1
"APRILIA","RS 660","Coruña (A)","659",1
"APRILIA","RS 660","Gipuzkoa","659",1
"APRILIA","RS 660","Madrid","659",2
"APRILIA","RS 660","Málaga","659",1
"APRILIA","RS 660","Murcia","659",1
"APRILIA","RS 660","Palencia","659",1
"APRILIA","RS 660","Palmas (Las)","659",2
"APRILIA","RS 660","Santa Cruz de Tenerife","659",2
"APRILIA","RS 660","Valencia/València","659",3
"APRILIA","RS 660","Zaragoza","659",1
"APRILIA","RS250","Málaga","249",1
"APRILIA","RSV4","Badajoz","1099",1
"APRILIA","RSV4","Ciudad Real","1099",1
"APRILIA","RSV4","Córdoba","1099",1
"APRILIA","RSV4","Madrid","1099",3
"APRILIA","RX 125","Asturias","124",2
"APRILIA","RX 125","Cádiz","124",2
"APRILIA","RX 125","Castellón/Castelló","124",1
"APRILIA","RX 125","Córdoba","124",2
"APRILIA","RX 125","Jaén","124",1
"APRILIA","RX 125","Lleida","124",1
"APRILIA","RX 125","Lugo","124",1
"APRILIA","RX 125","Málaga","124",3
"APRILIA","RX 125","Palmas (Las)","124",1
"APRILIA","RX 125","Salamanca","124",1
"APRILIA","RX 125","Sevilla","124",2
"APRILIA","RX 125","Tarragona","124",1
"APRILIA","RX 125","Valencia/València","124",1
"APRILIA","RX 125","Zaragoza","124",1
"APRILIA","SR GT 125","Álava/Araba","125",1
"APRILIA","SR GT 125","Albacete","125",2
"APRILIA","SR GT 125","Alicante/Alacant","125",3
"APRILIA","SR GT 125","Asturias","125",1
"APRILIA","SR GT 125","Badajoz","125",2
"APRILIA","SR GT 125","Barcelona","125",15
"APRILIA","SR GT 125","Bizkaia","125",1
"APRILIA","SR GT 125","Cáceres","125",3
"APRILIA","SR GT 125","Cádiz","125",16
"APRILIA","SR GT 125","Cantabria","125",2
"APRILIA","SR GT 125","Castellón/Castelló","125",2
"APRILIA","SR GT 125","Córdoba","125",4
"APRILIA","SR GT 125","Coruña (A)","125",1
"APRILIA","SR GT 125","Gipuzkoa","125",3
"APRILIA","SR GT 125","Girona","125",3
"APRILIA","SR GT 125","Granada","125",3
"APRILIA","SR GT 125","Huelva","125",7
"APRILIA","SR GT 125","Illes Balears","125",8
"APRILIA","SR GT 125","Jaén","125",3
"APRILIA","SR GT 125","Lleida","125",3
"APRILIA","SR GT 125","Madrid","125",8
"APRILIA","SR GT 125","Málaga","125",12
"APRILIA","SR GT 125","Murcia","125",10
"APRILIA","SR GT 125","Navarra","125",2
"APRILIA","SR GT 125","Palmas (Las)","125",6
"APRILIA","SR GT 125","Pontevedra","125",1
"APRILIA","SR GT 125","Rioja (La)","125",1
"APRILIA","SR GT 125","Salamanca","125",1
"APRILIA","SR GT 125","Santa Cruz de Tenerife","125",12
"APRILIA","SR GT 125","Sevilla","125",23
"APRILIA","SR GT 125","Tarragona","125",2
"APRILIA","SR GT 125","Valencia/València","125",8
"APRILIA","SR GT 125","Valladolid","125",1
"APRILIA","SR GT 200","Badajoz","174",1
"APRILIA","SR GT 200","Cádiz","174",2
"APRILIA","SR GT 200","Girona","174",1
"APRILIA","SR GT 200","Lleida","174",1
"APRILIA","SR GT 200","Madrid","174",1
"APRILIA","SR GT 200","Málaga","174",1
"APRILIA","SR GT 200","Murcia","174",2
"APRILIA","SR GT 200","Palmas (Las)","174",1
"APRILIA","SR GT 200","Rioja (La)","174",2
"APRILIA","SR GT 200","Valencia/València","174",1
"APRILIA","SX 125","Álava/Araba","124",1
"APRILIA","SX 125","Alicante/Alacant","124",3
"APRILIA","SX 125","Almería","124",1
"APRILIA","SX 125","Barcelona","124",2
"APRILIA","SX 125","Cantabria","124",1
"APRILIA","SX 125","Huesca","124",1
"APRILIA","SX 125","Illes Balears","124",2
"APRILIA","SX 125","Madrid","124",2
"APRILIA","SX 125","Málaga","124",2
"APRILIA","SX 125","Murcia","124",2
"APRILIA","SX 125","Palmas (Las)","124",1
"APRILIA","SX 125","Sevilla","124",1
"APRILIA","SX 125","Valencia/València","124",1
"APRILIA","TUAREG 660","Alicante/Alacant","659",1
"APRILIA","TUAREG 660","Barcelona","659",1
"APRILIA","TUAREG 660","Bizkaia","659",1
"APRILIA","TUAREG 660","Córdoba","659",1
"APRILIA","TUAREG 660","Granada","659",1
"APRILIA","TUAREG 660","Málaga","659",2
"APRILIA","TUAREG 660","Navarra","659",1
"APRILIA","TUAREG 660","Palmas (Las)","659",1
"APRILIA","TUAREG 660","Pontevedra","659",1
"APRILIA","TUONO 125","Cádiz","124",1
"APRILIA","TUONO 125","Córdoba","124",2
"APRILIA","TUONO 125","Madrid","124",1
"APRILIA","TUONO 125","Sevilla","124",2
"APRILIA","TUONO 125","Valladolid","124",1
"APRILIA","TUONO 457","Barcelona","457",2
"APRILIA","TUONO 457","Cádiz","457",1
"APRILIA","TUONO 457","Madrid","457",1
"APRILIA","TUONO 457","Valencia/València","457",1
"APRILIA","TUONO 660","Granada","659",1
"APRILIA","TUONO 660 FACTORY","Sevilla","659",1
"APRILIA","TUONO 660 FACTORY","Valencia/València","659",1
"APRILIA","TUONO V4","Valencia/València","1077",1
"ARIIC","ARIIC 108","Cádiz","117",1
"ARIIC","ARIIC 108","Málaga","117",1
"ARIIC","ARIIC 318","Alicante/Alacant","276",1
"ARIIC","ARIIC 318","Barcelona","276",1
"ARIIC","ARIIC 318","Sevilla","276",1
"ARIIC","ARIIC 318","Valencia/València","276",1
"BAJAJ","DOMINAR D 400","Barcelona","373",1
"BAJAJ","DOMINAR D 400","Bizkaia","373",1
"BAJAJ","DOMINAR D 400","Guadalajara","373",1
"BAJAJ","DOMINAR D 400","Jaén","373",1
"BAJAJ","DOMINAR D 400","Lleida","373",1
"BAJAJ","DOMINAR D 400","Madrid","373",5
"BAJAJ","DOMINAR D 400","Pontevedra","373",1
"BAJAJ","DOMINAR D 400","Sevilla","373",1
"BAJAJ","DOMINAR D 400","Tarragona","373",1
"BAJAJ","DOMINAR D 400","Valencia/València","373",2
"BAJAJ","DOMINAR D 400","Zaragoza","373",1
"BAJAJ","PULSAR NS 125","Alicante/Alacant","124",2
"BAJAJ","PULSAR NS 125","Almería","124",2
"BAJAJ","PULSAR NS 125","Barcelona","124",14
"BAJAJ","PULSAR NS 125","Bizkaia","124",3
"BAJAJ","PULSAR NS 125","Cáceres","124",1
"BAJAJ","PULSAR NS 125","Castellón/Castelló","124",2
"BAJAJ","PULSAR NS 125","Coruña (A)","124",1
"BAJAJ","PULSAR NS 125","Gipuzkoa","124",1
"BAJAJ","PULSAR NS 125","Granada","124",1
"BAJAJ","PULSAR NS 125","Lleida","124",1
"BAJAJ","PULSAR NS 125","Madrid","124",29
"BAJAJ","PULSAR NS 125","Murcia","124",2
"BAJAJ","PULSAR NS 125","Sevilla","124",1
"BAJAJ","PULSAR NS 125","Tarragona","124",1
"BAJAJ","PULSAR NS 125","Toledo","124",1
"BAJAJ","PULSAR NS 125","Valencia/València","124",8
"BAJAJ","PULSAR NS 125","Zaragoza","124",3
"BAJAJ","PULSAR NS 400 Z","Álava/Araba","373",1
"BAJAJ","PULSAR NS 400 Z","Barcelona","373",2
"BAJAJ","PULSAR NS 400 Z","Bizkaia","373",2
"BAJAJ","PULSAR NS 400 Z","Castellón/Castelló","373",1
"BAJAJ","PULSAR NS 400 Z","Lleida","373",1
"BAJAJ","PULSAR NS 400 Z","Madrid","373",7
"BAJAJ","PULSAR NS 400 Z","Sevilla","373",1
"BAJAJ","PULSAR NS 400 Z","Toledo","373",2
"BAJAJ","PULSAR NS 400 Z","Valencia/València","373",2
"BENDA","CHINCHILLA","Alicante/Alacant","476",1
"BENDA","CHINCHILLA","Almería","476",1
"BENDA","CHINCHILLA","Asturias","476",2
"BENDA","CHINCHILLA","Barcelona","476",1
"BENDA","CHINCHILLA","Cáceres","476",1
"BENDA","CHINCHILLA","Cantabria","476",1
"BENDA","CHINCHILLA","Huelva","476",1
"BENDA","CHINCHILLA","Illes Balears","476",1
"BENDA","CHINCHILLA","Jaén","476",1
"BENDA","CHINCHILLA","Málaga","476",2
"BENDA","CHINCHILLA","Murcia","476",1
"BENDA","CHINCHILLA","Pontevedra","476",1
"BENDA","LFC700","Barcelona","677",2
"BENDA","LFC700","Bizkaia","677",2
"BENDA","LFC700","Cádiz","677",1
"BENDA","LFC700","Córdoba","677",1
"BENDA","LFC700","Gipuzkoa","677",1
"BENDA","LFC700","Granada","677",1
"BENDA","LFC700","Huelva","677",1
"BENDA","LFC700","Illes Balears","677",1
"BENDA","LFC700","León","677",1
"BENDA","LFC700","Murcia","677",1
"BENDA","LFC700","Valencia/València","677",2
"BENDA","NAPOLEON","Alicante/Alacant","476",1
"BENDA","NAPOLEON","Barcelona","476",2
"BENDA","NAPOLEON","Bizkaia","476",1
"BENDA","NAPOLEON","Lugo","476",1
"BENDA","NAPOLEON","Madrid","476",3
"BENDA","NAPOLEON","Málaga","476",2
"BENDA","NAPOLEON","Murcia","476",2
"BENDA","NAPOLEON","Pontevedra","476",1
"BENDA","NAPOLEON","Santa Cruz de Tenerife","476",1
"BENDA","NAPOLEON","Toledo","476",2
"BENDA","NAPOLEON","Zaragoza","476",2
"BENDA","NAPOLEON 250","Alicante/Alacant","249",1
"BENDA","NAPOLEON 250","Asturias","249",1
"BENDA","NAPOLEON 250","Badajoz","249",1
"BENDA","NAPOLEON 250","Barcelona","249",4
"BENDA","NAPOLEON 250","Cantabria","249",1
"BENDA","NAPOLEON 250","Madrid","249",1
"BENDA","NAPOLEON 250","Murcia","249",2
"BENDA","NAPOLEON 250","Valencia/València","249",1
"BENDA","V-CRUISE","Alicante/Alacant","125",2
"BENDA","V-CRUISE","Almería","125",3
"BENDA","V-CRUISE","Asturias","125",2
"BENDA","V-CRUISE","Badajoz","125",2
"BENDA","V-CRUISE","Barcelona","125",3
"BENDA","V-CRUISE","Bizkaia","125",1
"BENDA","V-CRUISE","Cantabria","125",1
"BENDA","V-CRUISE","Castellón/Castelló","125",2
"BENDA","V-CRUISE","Córdoba","125",1
"BENDA","V-CRUISE","Coruña (A)","125",2
"BENDA","V-CRUISE","Girona","125",1
"BENDA","V-CRUISE","Illes Balears","125",1
"BENDA","V-CRUISE","Jaén","125",1
"BENDA","V-CRUISE","León","125",1
"BENDA","V-CRUISE","Madrid","125",7
"BENDA","V-CRUISE","Málaga","125",1
"BENDA","V-CRUISE","Murcia","125",1
"BENDA","V-CRUISE","Palmas (Las)","125",1
"BENDA","V-CRUISE","Pontevedra","125",1
"BENDA","V-CRUISE","Rioja (La)","125",1
"BENDA","V-CRUISE","Salamanca","125",1
"BENDA","V-CRUISE","Toledo","125",1
"BENDA","V-CRUISE","Valencia/València","125",5
"BENELLI","502C CRUISER","Valencia/València","500",1
"BENELLI","BN125","Alicante/Alacant","125",4
"BENELLI","BN125","Almería","125",2
"BENELLI","BN125","Asturias","125",2
"BENELLI","BN125","Barcelona","125",4
"BENELLI","BN125","Coruña (A)","125",1
"BENELLI","BN125","Cuenca","125",1
"BENELLI","BN125","Gipuzkoa","125",1
"BENELLI","BN125","Girona","125",1
"BENELLI","BN125","Guadalajara","125",1
"BENELLI","BN125","Huelva","125",1
"BENELLI","BN125","Illes Balears","125",4
"BENELLI","BN125","Jaén","125",2
"BENELLI","BN125","Madrid","125",5
"BENELLI","BN125","Málaga","125",3
"BENELLI","BN125","Murcia","125",3
"BENELLI","BN125","Navarra","125",1
"BENELLI","BN125","Salamanca","125",1
"BENELLI","BN125","Santa Cruz de Tenerife","125",1
"BENELLI","BN125","Tarragona","125",1
"BENELLI","BN125","Valencia/València","125",1
"BENELLI","BN125","Zaragoza","125",1
"BENELLI","LEONCINO 125","Badajoz","125",2
"BENELLI","LEONCINO 125","Madrid","125",1
"BENELLI","LEONCINO 125","Tarragona","125",1
"BENELLI","LEONCINO 800","Madrid","754",1
"BENELLI","LEONCINO 800 TRAIL","Bizkaia","754",1
"BENELLI","TNT 125","Cádiz","125",1
"BENELLI","TNT 125","Santa Cruz de Tenerife","125",2
"BENELLI","TORNADO 550","Madrid","554",1
"BENELLI","TORNADO 550 35KW","Madrid","554",1
"BENELLI","TRK 251","Cantabria","249",1
"BENELLI","TRK 702","Alicante/Alacant","698",3
"BENELLI","TRK 702","Asturias","698",3
"BENELLI","TRK 702","Badajoz","698",2
"BENELLI","TRK 702","Barcelona","698",6
"BENELLI","TRK 702","Cádiz","698",2
"BENELLI","TRK 702","Cantabria","698",1
"BENELLI","TRK 702","Ciudad Real","698",1
"BENELLI","TRK 702","Coruña (A)","698",1
"BENELLI","TRK 702","Girona","698",1
"BENELLI","TRK 702","Granada","698",1
"BENELLI","TRK 702","Huelva","698",2
"BENELLI","TRK 702","Illes Balears","698",1
"BENELLI","TRK 702","Lugo","698",1
"BENELLI","TRK 702","Madrid","698",6
"BENELLI","TRK 702","Murcia","698",1
"BENELLI","TRK 702","Sevilla","698",4
"BENELLI","TRK 702","Tarragona","698",2
"BENELLI","TRK 702","Valencia/València","698",2
"BENELLI","TRK502","Barcelona","500",1
"BENELLI","TRK502","Sevilla","500",1
"BETA","N/A","Alicante/Alacant","293",1
"BETA","N/A","Asturias","293",3
"BETA","N/A","Ávila","293",1
"BETA","N/A","Barcelona","293",8
"BETA","N/A","Bizkaia","293",3
"BETA","N/A","Cádiz","293",3
"BETA","N/A","Cantabria","293",1
"BETA","N/A","Castellón/Castelló","293",1
"BETA","N/A","Gipuzkoa","293",1
"BETA","N/A","Girona","293",1
"BETA","N/A","Guadalajara","293",2
"BETA","N/A","Huelva","293",2
"BETA","N/A","Illes Balears","293",1
"BETA","N/A","Jaén","293",1
"BETA","N/A","León","293",2
"BETA","N/A","Lleida","293",2
"BETA","N/A","Lugo","293",3
"BETA","N/A","Madrid","293",5
"BETA","N/A","Pontevedra","293",1
"BETA","N/A","Segovia","293",1
"BETA","N/A","Sevilla","293",2
"BETA","N/A","Tarragona","293",3
"BETA","N/A","Toledo","293",2
"BETA","N/A","Valencia/València","293",3
"BETA","N/A","Zamora","293",1
"BETA","RR 2T 250 MY24","Burgos","249",1
"BETA","RR 4T 350 MY23","Cantabria","349",1
"BETA","RR 4T 480 MY24","Guadalajara","478",1
"BMW","C 400 GT","Albacete","350",1
"BMW","C 400 GT","Alicante/Alacant","350",7
"BMW","C 400 GT","Asturias","350",4
"BMW","C 400 GT","Barcelona","350",24
"BMW","C 400 GT","Bizkaia","350",1
"BMW","C 400 GT","Cáceres","350",1
"BMW","C 400 GT","Cádiz","350",2
"BMW","C 400 GT","Castellón/Castelló","350",1
"BMW","C 400 GT","Ciudad Real","350",1
"BMW","C 400 GT","Córdoba","350",2
"BMW","C 400 GT","Coruña (A)","350",1
"BMW","C 400 GT","Gipuzkoa","350",1
"BMW","C 400 GT","Girona","350",4
"BMW","C 400 GT","Granada","350",2
"BMW","C 400 GT","Illes Balears","350",5
"BMW","C 400 GT","Jaén","350",2
"BMW","C 400 GT","Lleida","350",2
"BMW","C 400 GT","Madrid","350",22
"BMW","C 400 GT","Málaga","350",6
"BMW","C 400 GT","Murcia","350",1
"BMW","C 400 GT","Palmas (Las)","350",1
"BMW","C 400 GT","Salamanca","350",2
"BMW","C 400 GT","Santa Cruz de Tenerife","350",4
"BMW","C 400 GT","Sevilla","350",8
"BMW","C 400 GT","Teruel","350",1
"BMW","C 400 GT","Valencia/València","350",6
"BMW","C 400 X","Álava/Araba","350",1
"BMW","C 400 X","Albacete","350",1
"BMW","C 400 X","Alicante/Alacant","350",3
"BMW","C 400 X","Almería","350",2
"BMW","C 400 X","Barcelona","350",14
"BMW","C 400 X","Bizkaia","350",1
"BMW","C 400 X","Cádiz","350",3
"BMW","C 400 X","Cantabria","350",2
"BMW","C 400 X","Ciudad Real","350",1
"BMW","C 400 X","Córdoba","350",3
"BMW","C 400 X","Coruña (A)","350",2
"BMW","C 400 X","Girona","350",1
"BMW","C 400 X","Granada","350",3
"BMW","C 400 X","Guadalajara","350",1
"BMW","C 400 X","Illes Balears","350",4
"BMW","C 400 X","León","350",1
"BMW","C 400 X","Madrid","350",20
"BMW","C 400 X","Málaga","350",11
"BMW","C 400 X","Murcia","350",1
"BMW","C 400 X","Navarra","350",2
"BMW","C 400 X","Pontevedra","350",1
"BMW","C 400 X","Rioja (La)","350",1
"BMW","C 400 X","Santa Cruz de Tenerife","350",3
"BMW","C 400 X","Sevilla","350",4
"BMW","C 400 X","Tarragona","350",1
"BMW","C 400 X","Valencia/València","350",5
"BMW","C 400 X","Zaragoza","350",2
"BMW","F 800 GS","Alicante/Alacant","895",11
"BMW","F 800 GS","Almería","895",4
"BMW","F 800 GS","Asturias","895",5
"BMW","F 800 GS","Badajoz","895",1
"BMW","F 800 GS","Barcelona","895",44
"BMW","F 800 GS","Bizkaia","895",1
"BMW","F 800 GS","Burgos","895",1
"BMW","F 800 GS","Cáceres","895",1
"BMW","F 800 GS","Cádiz","895",1
"BMW","F 800 GS","Cantabria","895",1
"BMW","F 800 GS","Castellón/Castelló","895",2
"BMW","F 800 GS","Ciudad Real","895",2
"BMW","F 800 GS","Córdoba","895",5
"BMW","F 800 GS","Coruña (A)","895",1
"BMW","F 800 GS","Gipuzkoa","895",1
"BMW","F 800 GS","Girona","895",4
"BMW","F 800 GS","Granada","895",3
"BMW","F 800 GS","Guadalajara","895",2
"BMW","F 800 GS","Illes Balears","895",3
"BMW","F 800 GS","León","895",1
"BMW","F 800 GS","Lleida","895",3
"BMW","F 800 GS","Madrid","895",19
"BMW","F 800 GS","Málaga","895",15
"BMW","F 800 GS","Murcia","895",5
"BMW","F 800 GS","Navarra","895",3
"BMW","F 800 GS","Palmas (Las)","895",5
"BMW","F 800 GS","Pontevedra","895",1
"BMW","F 800 GS","Salamanca","895",1
"BMW","F 800 GS","Santa Cruz de Tenerife","895",3
"BMW","F 800 GS","Sevilla","895",10
"BMW","F 800 GS","Tarragona","895",3
"BMW","F 800 GS","Valencia/València","895",18
"BMW","F 800 GS","Valladolid","895",1
"BMW","F 800 GS","Zaragoza","895",3
"BMW","F 900 GS","Albacete","895",1
"BMW","F 900 GS","Alicante/Alacant","895",8
"BMW","F 900 GS","Asturias","895",1
"BMW","F 900 GS","Ávila","895",1
"BMW","F 900 GS","Barcelona","895",8
"BMW","F 900 GS","Bizkaia","895",2
"BMW","F 900 GS","Cádiz","895",1
"BMW","F 900 GS","Cantabria","895",1
"BMW","F 900 GS","Castellón/Castelló","895",2
"BMW","F 900 GS","Ciudad Real","895",1
"BMW","F 900 GS","Coruña (A)","895",1
"BMW","F 900 GS","Girona","895",1
"BMW","F 900 GS","Granada","895",2
"BMW","F 900 GS","Huesca","895",1
"BMW","F 900 GS","Illes Balears","895",3
"BMW","F 900 GS","Jaén","895",1
"BMW","F 900 GS","León","895",1
"BMW","F 900 GS","Madrid","895",14
"BMW","F 900 GS","Málaga","895",8
"BMW","F 900 GS","Melilla","895",1
"BMW","F 900 GS","Navarra","895",1
"BMW","F 900 GS","Palmas (Las)","895",3
"BMW","F 900 GS","Salamanca","895",1
"BMW","F 900 GS","Santa Cruz de Tenerife","895",2
"BMW","F 900 GS","Tarragona","895",1
"BMW","F 900 GS","Toledo","895",1
"BMW","F 900 GS","Valencia/València","895",5
"BMW","F 900 GS","Zaragoza","895",1
"BMW","F 900 GS ADVENTURE","Albacete","895",1
"BMW","F 900 GS ADVENTURE","Alicante/Alacant","895",2
"BMW","F 900 GS ADVENTURE","Asturias","895",3
"BMW","F 900 GS ADVENTURE","Badajoz","895",2
"BMW","F 900 GS ADVENTURE","Barcelona","895",8
"BMW","F 900 GS ADVENTURE","Bizkaia","895",3
"BMW","F 900 GS ADVENTURE","Cádiz","895",1
"BMW","F 900 GS ADVENTURE","Castellón/Castelló","895",1
"BMW","F 900 GS ADVENTURE","Córdoba","895",2
"BMW","F 900 GS ADVENTURE","Gipuzkoa","895",1
"BMW","F 900 GS ADVENTURE","Granada","895",2
"BMW","F 900 GS ADVENTURE","Huesca","895",1
"BMW","F 900 GS ADVENTURE","Jaén","895",1
"BMW","F 900 GS ADVENTURE","Lleida","895",1
"BMW","F 900 GS ADVENTURE","Madrid","895",11
"BMW","F 900 GS ADVENTURE","Málaga","895",3
"BMW","F 900 GS ADVENTURE","Murcia","895",1
"BMW","F 900 GS ADVENTURE","Tarragona","895",2
"BMW","F 900 GS ADVENTURE","Valencia/València","895",3
"BMW","F 900 GS ADVENTURE","Valladolid","895",1
"BMW","F 900 GS ADVENTURE","Zaragoza","895",3
"BMW","F 900 R","Alicante/Alacant","895",8
"BMW","F 900 R","Barcelona","895",19
"BMW","F 900 R","Bizkaia","895",1
"BMW","F 900 R","Burgos","895",1
"BMW","F 900 R","Cádiz","895",4
"BMW","F 900 R","Cantabria","895",1
"BMW","F 900 R","Coruña (A)","895",1
"BMW","F 900 R","Gipuzkoa","895",1
"BMW","F 900 R","Girona","895",1
"BMW","F 900 R","Granada","895",3
"BMW","F 900 R","Guadalajara","895",1
"BMW","F 900 R","Illes Balears","895",3
"BMW","F 900 R","Jaén","895",1
"BMW","F 900 R","Madrid","895",18
"BMW","F 900 R","Málaga","895",4
"BMW","F 900 R","Murcia","895",7
"BMW","F 900 R","Palmas (Las)","895",4
"BMW","F 900 R","Pontevedra","895",3
"BMW","F 900 R","Santa Cruz de Tenerife","895",1
"BMW","F 900 R","Segovia","895",1
"BMW","F 900 R","Sevilla","895",3
"BMW","F 900 R","Tarragona","895",3
"BMW","F 900 R","Teruel","895",1
"BMW","F 900 R","Valencia/València","895",8
"BMW","F 900 R","Valladolid","895",1
"BMW","F 900 R A2","Albacete","895",1
"BMW","F 900 R A2","Alicante/Alacant","895",2
"BMW","F 900 R A2","Asturias","895",2
"BMW","F 900 R A2","Barcelona","895",8
"BMW","F 900 R A2","Bizkaia","895",1
"BMW","F 900 R A2","Burgos","895",1
"BMW","F 900 R A2","Cádiz","895",1
"BMW","F 900 R A2","Córdoba","895",1
"BMW","F 900 R A2","Coruña (A)","895",1
"BMW","F 900 R A2","Gipuzkoa","895",1
"BMW","F 900 R A2","Illes Balears","895",1
"BMW","F 900 R A2","Madrid","895",3
"BMW","F 900 R A2","Málaga","895",2
"BMW","F 900 R A2","Palmas (Las)","895",1
"BMW","F 900 R A2","Pontevedra","895",1
"BMW","F 900 R A2","Santa Cruz de Tenerife","895",2
"BMW","F 900 R A2","Soria","895",1
"BMW","F 900 R A2","Tarragona","895",1
"BMW","F 900 R A2","Valencia/València","895",1
"BMW","F 900 R A2","Zaragoza","895",1
"BMW","F 900 XR","Albacete","895",1
"BMW","F 900 XR","Alicante/Alacant","895",1
"BMW","F 900 XR","Almería","895",1
"BMW","F 900 XR","Asturias","895",1
"BMW","F 900 XR","Badajoz","895",2
"BMW","F 900 XR","Barcelona","895",13
"BMW","F 900 XR","Bizkaia","895",2
"BMW","F 900 XR","Cádiz","895",4
"BMW","F 900 XR","Cantabria","895",1
"BMW","F 900 XR","Ciudad Real","895",1
"BMW","F 900 XR","Córdoba","895",1
"BMW","F 900 XR","Coruña (A)","895",2
"BMW","F 900 XR","Gipuzkoa","895",2
"BMW","F 900 XR","Granada","895",3
"BMW","F 900 XR","Guadalajara","895",1
"BMW","F 900 XR","Lleida","895",1
"BMW","F 900 XR","Madrid","895",9
"BMW","F 900 XR","Málaga","895",5
"BMW","F 900 XR","Palmas (Las)","895",2
"BMW","F 900 XR","Santa Cruz de Tenerife","895",1
"BMW","F 900 XR","Sevilla","895",2
"BMW","F 900 XR","Tarragona","895",2
"BMW","F 900 XR","Toledo","895",1
"BMW","F 900 XR","Valencia/València","895",6
"BMW","F 900 XR","Valladolid","895",1
"BMW","F 900 XR","Zamora","895",1
"BMW","F 900 XR","Zaragoza","895",1
"BMW","F 900 XR A2","Barcelona","895",3
"BMW","F 900 XR A2","Coruña (A)","895",1
"BMW","F 900 XR A2","Gipuzkoa","895",1
"BMW","F 900 XR A2","Madrid","895",3
"BMW","F 900 XR A2","Málaga","895",2
"BMW","G 310 GS","Badajoz","313",1
"BMW","G 310 GS","Barcelona","313",3
"BMW","G 310 GS","Cádiz","313",1
"BMW","G 310 GS","Murcia","313",2
"BMW","G 310 GS","Salamanca","313",1
"BMW","G 310 GS","Tarragona","313",1
"BMW","G 310 GS","Toledo","313",1
"BMW","G 310 R","Alicante/Alacant","313",1
"BMW","K 1600 B","Barcelona","1649",1
"BMW","K 1600 B","Madrid","1649",1
"BMW","K 1600 B","Toledo","1649",1
"BMW","K 1600 B","Valencia/València","1649",1
"BMW","K 1600 GT","Álava/Araba","1649",1
"BMW","K 1600 GT","Alicante/Alacant","1649",1
"BMW","K 1600 GT","Barcelona","1649",2
"BMW","K 1600 GT","Burgos","1649",1
"BMW","K 1600 GT","Madrid","1649",2
"BMW","K 1600 GT","Palmas (Las)","1649",1
"BMW","K 1600 GTL","Barcelona","1649",1
"BMW","K 1600 GTL","Ciudad Real","1649",1
"BMW","K 1600 GTL","Málaga","1649",1
"BMW","K 1600 GTL","Valencia/València","1649",1
"BMW","M 1000 R","Barcelona","999",1
"BMW","M 1000 R","Illes Balears","999",1
"BMW","M 1000 R","León","999",1
"BMW","M 1000 R","Madrid","999",1
"BMW","M 1000 R","Murcia","999",1
"BMW","M 1000 R","Palmas (Las)","999",1
"BMW","M 1000 XR","Alicante/Alacant","999",2
"BMW","M 1000 XR","Almería","999",1
"BMW","M 1000 XR","Barcelona","999",4
"BMW","M 1000 XR","Bizkaia","999",1
"BMW","M 1000 XR","Cáceres","999",1
"BMW","M 1000 XR","Cantabria","999",1
"BMW","M 1000 XR","Córdoba","999",1
"BMW","M 1000 XR","Gipuzkoa","999",3
"BMW","M 1000 XR","Granada","999",1
"BMW","M 1000 XR","Huesca","999",1
"BMW","M 1000 XR","Jaén","999",1
"BMW","M 1000 XR","Lugo","999",1
"BMW","M 1000 XR","Madrid","999",2
"BMW","M 1000 XR","Málaga","999",3
"BMW","M 1000 XR","Palencia","999",1
"BMW","M 1000 XR","Palmas (Las)","999",1
"BMW","M 1000 XR","Sevilla","999",1
"BMW","M 1000 XR","Tarragona","999",1
"BMW","M 1000 XR","Valencia/València","999",1
"BMW","M 1000 XR","Zaragoza","999",2
"BMW","R 12","Barcelona","1170",2
"BMW","R 12","Cantabria","1170",1
"BMW","R 12","Illes Balears","1170",1
"BMW","R 12","Málaga","1170",1
"BMW","R 12","Navarra","1170",2
"BMW","R 12","Palmas (Las)","1170",3
"BMW","R 12","Valencia/València","1170",3
"BMW","R 12 G/S","Alicante/Alacant","1170",1
"BMW","R 12 G/S","Asturias","1170",1
"BMW","R 12 G/S","Barcelona","1170",10
"BMW","R 12 G/S","Bizkaia","1170",1
"BMW","R 12 G/S","Castellón/Castelló","1170",1
"BMW","R 12 G/S","Ciudad Real","1170",2
"BMW","R 12 G/S","Gipuzkoa","1170",1
"BMW","R 12 G/S","Girona","1170",1
"BMW","R 12 G/S","Granada","1170",3
"BMW","R 12 G/S","Huesca","1170",1
"BMW","R 12 G/S","Illes Balears","1170",3
"BMW","R 12 G/S","Madrid","1170",8
"BMW","R 12 G/S","Málaga","1170",1
"BMW","R 12 G/S","Palencia","1170",1
"BMW","R 12 G/S","Palmas (Las)","1170",1
"BMW","R 12 G/S","Pontevedra","1170",1
"BMW","R 12 G/S","Rioja (La)","1170",1
"BMW","R 12 G/S","Segovia","1170",1
"BMW","R 12 G/S","Tarragona","1170",1
"BMW","R 12 G/S","Valencia/València","1170",2
"BMW","R 12 NINET","Barcelona","1170",6
"BMW","R 12 NINET","Granada","1170",1
"BMW","R 12 NINET","Illes Balears","1170",3
"BMW","R 12 NINET","Lleida","1170",1
"BMW","R 12 NINET","Madrid","1170",4
"BMW","R 12 NINET","Murcia","1170",1
"BMW","R 12 NINET","Zaragoza","1170",1
"BMW","R 1250 R","Barcelona","1254",1
"BMW","R 1250 R","Madrid","1254",2
"BMW","R 1250 RT","Madrid","1254",1
"BMW","R 1300 GS","Álava/Araba","1300",1
"BMW","R 1300 GS","Albacete","1300",1
"BMW","R 1300 GS","Alicante/Alacant","1300",11
"BMW","R 1300 GS","Almería","1300",3
"BMW","R 1300 GS","Asturias","1300",2
"BMW","R 1300 GS","Badajoz","1300",1
"BMW","R 1300 GS","Barcelona","1300",44
"BMW","R 1300 GS","Bizkaia","1300",2
"BMW","R 1300 GS","Cádiz","1300",9
"BMW","R 1300 GS","Cantabria","1300",4
"BMW","R 1300 GS","Córdoba","1300",2
"BMW","R 1300 GS","Coruña (A)","1300",3
"BMW","R 1300 GS","Gipuzkoa","1300",2
"BMW","R 1300 GS","Girona","1300",8
"BMW","R 1300 GS","Granada","1300",5
"BMW","R 1300 GS","Huelva","1300",1
"BMW","R 1300 GS","Huesca","1300",2
"BMW","R 1300 GS","Illes Balears","1300",4
"BMW","R 1300 GS","Jaén","1300",1
"BMW","R 1300 GS","Lleida","1300",3
"BMW","R 1300 GS","Lugo","1300",2
"BMW","R 1300 GS","Madrid","1300",36
"BMW","R 1300 GS","Málaga","1300",9
"BMW","R 1300 GS","Murcia","1300",1
"BMW","R 1300 GS","Navarra","1300",1
"BMW","R 1300 GS","Ourense","1300",1
"BMW","R 1300 GS","Palencia","1300",1
"BMW","R 1300 GS","Palmas (Las)","1300",2
"BMW","R 1300 GS","Pontevedra","1300",2
"BMW","R 1300 GS","Rioja (La)","1300",3
"BMW","R 1300 GS","Santa Cruz de Tenerife","1300",3
"BMW","R 1300 GS","Sevilla","1300",2
"BMW","R 1300 GS","Soria","1300",1
"BMW","R 1300 GS","Tarragona","1300",6
"BMW","R 1300 GS","Teruel","1300",1
"BMW","R 1300 GS","Toledo","1300",1
"BMW","R 1300 GS","Valencia/València","1300",10
"BMW","R 1300 GS","Valladolid","1300",2
"BMW","R 1300 GS","Zaragoza","1300",4
"BMW","R 1300 GS ADVENTURE","Álava/Araba","1300",1
"BMW","R 1300 GS ADVENTURE","Albacete","1300",2
"BMW","R 1300 GS ADVENTURE","Alicante/Alacant","1300",6
"BMW","R 1300 GS ADVENTURE","Almería","1300",1
"BMW","R 1300 GS ADVENTURE","Badajoz","1300",2
"BMW","R 1300 GS ADVENTURE","Barcelona","1300",15
"BMW","R 1300 GS ADVENTURE","Bizkaia","1300",1
"BMW","R 1300 GS ADVENTURE","Burgos","1300",1
"BMW","R 1300 GS ADVENTURE","Cádiz","1300",7
"BMW","R 1300 GS ADVENTURE","Castellón/Castelló","1300",1
"BMW","R 1300 GS ADVENTURE","Ciudad Real","1300",2
"BMW","R 1300 GS ADVENTURE","Córdoba","1300",3
"BMW","R 1300 GS ADVENTURE","Coruña (A)","1300",3
"BMW","R 1300 GS ADVENTURE","Girona","1300",3
"BMW","R 1300 GS ADVENTURE","Granada","1300",3
"BMW","R 1300 GS ADVENTURE","Illes Balears","1300",3
"BMW","R 1300 GS ADVENTURE","Jaén","1300",1
"BMW","R 1300 GS ADVENTURE","León","1300",1
"BMW","R 1300 GS ADVENTURE","Lleida","1300",2
"BMW","R 1300 GS ADVENTURE","Madrid","1300",17
"BMW","R 1300 GS ADVENTURE","Málaga","1300",9
"BMW","R 1300 GS ADVENTURE","Murcia","1300",4
"BMW","R 1300 GS ADVENTURE","Navarra","1300",1
"BMW","R 1300 GS ADVENTURE","Palmas (Las)","1300",1
"BMW","R 1300 GS ADVENTURE","Pontevedra","1300",2
"BMW","R 1300 GS ADVENTURE","Rioja (La)","1300",1
"BMW","R 1300 GS ADVENTURE","Santa Cruz de Tenerife","1300",1
"BMW","R 1300 GS ADVENTURE","Sevilla","1300",5
"BMW","R 1300 GS ADVENTURE","Valencia/València","1300",11
"BMW","R 1300 GS ADVENTURE","Valladolid","1300",1
"BMW","R 1300 R","Barcelona","1300",6
"BMW","R 1300 R","Bizkaia","1300",2
"BMW","R 1300 R","Girona","1300",1
"BMW","R 1300 R","Madrid","1300",1
"BMW","R 1300 R","Palmas (Las)","1300",1
"BMW","R 1300 R","Sevilla","1300",1
"BMW","R 1300 R","Tarragona","1300",1
"BMW","R 1300 RS","Álava/Araba","1300",1
"BMW","R 1300 RS","Albacete","1300",1
"BMW","R 1300 RS","Alicante/Alacant","1300",2
"BMW","R 1300 RS","Almería","1300",1
"BMW","R 1300 RS","Asturias","1300",2
"BMW","R 1300 RS","Barcelona","1300",7
"BMW","R 1300 RS","Cáceres","1300",1
"BMW","R 1300 RS","Cantabria","1300",1
"BMW","R 1300 RS","Coruña (A)","1300",2
"BMW","R 1300 RS","Girona","1300",2
"BMW","R 1300 RS","Granada","1300",1
"BMW","R 1300 RS","Lleida","1300",1
"BMW","R 1300 RS","Madrid","1300",7
"BMW","R 1300 RS","Málaga","1300",1
"BMW","R 1300 RS","Palmas (Las)","1300",1
"BMW","R 1300 RS","Pontevedra","1300",1
"BMW","R 1300 RS","Santa Cruz de Tenerife","1300",1
"BMW","R 1300 RS","Sevilla","1300",1
"BMW","R 1300 RS","Tarragona","1300",1
"BMW","R 1300 RS","Valencia/València","1300",7
"BMW","R 1300 RS","Zaragoza","1300",1
"BMW","R 1300 RT","Álava/Araba","1300",2
"BMW","R 1300 RT","Albacete","1300",1
"BMW","R 1300 RT","Alicante/Alacant","1300",5
"BMW","R 1300 RT","Almería","1300",1
"BMW","R 1300 RT","Badajoz","1300",1
"BMW","R 1300 RT","Barcelona","1300",5
"BMW","R 1300 RT","Bizkaia","1300",1
"BMW","R 1300 RT","Cantabria","1300",1
"BMW","R 1300 RT","Ciudad Real","1300",2
"BMW","R 1300 RT","Girona","1300",2
"BMW","R 1300 RT","Guadalajara","1300",1
"BMW","R 1300 RT","Illes Balears","1300",1
"BMW","R 1300 RT","Lugo","1300",1
"BMW","R 1300 RT","Madrid","1300",12
"BMW","R 1300 RT","Málaga","1300",4
"BMW","R 1300 RT","Murcia","1300",1
"BMW","R 1300 RT","Navarra","1300",2
"BMW","R 1300 RT","Rioja (La)","1300",1
"BMW","R 1300 RT","Salamanca","1300",1
"BMW","R 1300 RT","Toledo","1300",1
"BMW","R 1300 RT","Valencia/València","1300",2
"BMW","R 1300 RT","Valladolid","1300",1
"BMW","R 1300 RT","Zaragoza","1300",3
"BMW","R 18","Barcelona","1802",1
"BMW","R 18","Cádiz","1802",1
"BMW","R 18","Madrid","1802",1
"BMW","R 18 B","Madrid","1802",1
"BMW","R 18 CLASSIC","Almería","1802",1
"BMW","R 18 CLASSIC","Madrid","1802",1
"BMW","R 18 ROCTANE","Castellón/Castelló","1802",1
"BMW","R 18 ROCTANE","Madrid","1802",1
"BMW","R 18 ROCTANE","Tarragona","1802",1
"BMW","R 18 TRANSCONTINENTAL","Madrid","1802",3
"BMW","R NINE T PURE","Cantabria","1170",1
"BMW","S 1000 R","Barcelona","999",2
"BMW","S 1000 R","Bizkaia","999",1
"BMW","S 1000 R","Guadalajara","999",1
"BMW","S 1000 R","Madrid","999",1
"BMW","S 1000 R","Málaga","999",1
"BMW","S 1000 R","Santa Cruz de Tenerife","999",1
"BMW","S 1000 R","Sevilla","999",1
"BMW","S 1000 R","Tarragona","999",2
"BMW","S 1000 R","Valencia/València","999",2
"BMW","S 1000 R","Zaragoza","999",1
"BMW","S 1000 RR","Alicante/Alacant","999",2
"BMW","S 1000 RR","Almería","999",2
"BMW","S 1000 RR","Asturias","999",3
"BMW","S 1000 RR","Barcelona","999",3
"BMW","S 1000 RR","Cádiz","999",3
"BMW","S 1000 RR","Cantabria","999",2
"BMW","S 1000 RR","Coruña (A)","999",1
"BMW","S 1000 RR","Gipuzkoa","999",1
"BMW","S 1000 RR","Girona","999",1
"BMW","S 1000 RR","Guadalajara","999",1
"BMW","S 1000 RR","Huesca","999",1
"BMW","S 1000 RR","Illes Balears","999",3
"BMW","S 1000 RR","León","999",1
"BMW","S 1000 RR","Lleida","999",1
"BMW","S 1000 RR","Madrid","999",3
"BMW","S 1000 RR","Málaga","999",2
"BMW","S 1000 RR","Murcia","999",1
"BMW","S 1000 RR","Ourense","999",1
"BMW","S 1000 RR","Palmas (Las)","999",1
"BMW","S 1000 RR","Santa Cruz de Tenerife","999",4
"BMW","S 1000 RR","Tarragona","999",1
"BMW","S 1000 RR","Valencia/València","999",3
"BMW","S 1000 RR","Zaragoza","999",1
"BMW","S 1000 XR","Alicante/Alacant","999",4
"BMW","S 1000 XR","Almería","999",1
"BMW","S 1000 XR","Asturias","999",1
"BMW","S 1000 XR","Barcelona","999",6
"BMW","S 1000 XR","Burgos","999",2
"BMW","S 1000 XR","Cádiz","999",1
"BMW","S 1000 XR","Cantabria","999",1
"BMW","S 1000 XR","Ciudad Real","999",1
"BMW","S 1000 XR","Córdoba","999",1
"BMW","S 1000 XR","Coruña (A)","999",1
"BMW","S 1000 XR","Gipuzkoa","999",3
"BMW","S 1000 XR","Granada","999",1
"BMW","S 1000 XR","Jaén","999",2
"BMW","S 1000 XR","León","999",1
"BMW","S 1000 XR","Lleida","999",1
"BMW","S 1000 XR","Madrid","999",5
"BMW","S 1000 XR","Málaga","999",1
"BMW","S 1000 XR","Murcia","999",2
"BMW","S 1000 XR","Palmas (Las)","999",2
"BMW","S 1000 XR","Sevilla","999",2
"BMW","S 1000 XR","Tarragona","999",1
"BMW","S 1000 XR","Valencia/València","999",3
"BMW","S 1000 XR","Valladolid","999",2
"BRIXTON","CROMWELL 125 ABS","Madrid","125",1
"BRIXTON","CROSSFIRE 125","Málaga","124",1
"BRIXTON","CROSSFIRE 125","Santa Cruz de Tenerife","124",2
"BRIXTON","CROSSFIRE 500","Barcelona","486",1
"BRIXTON","RAYBURN 125","Madrid","125",1
"BRIXTON","RAYBURN 125","Santa Cruz de Tenerife","125",1
"CFMOTO","125 NK","Barcelona","124",2
"CFMOTO","125 NK","Cádiz","124",1
"CFMOTO","125 NK","León","124",2
"CFMOTO","125 NK","Toledo","124",1
"CFMOTO","300CL-X","Madrid","292",1
"CFMOTO","450MT","Albacete","449",1
"CFMOTO","450MT","Alicante/Alacant","449",6
"CFMOTO","450MT","Almería","449",2
"CFMOTO","450MT","Asturias","449",2
"CFMOTO","450MT","Ávila","449",2
"CFMOTO","450MT","Badajoz","449",2
"CFMOTO","450MT","Barcelona","449",29
"CFMOTO","450MT","Bizkaia","449",1
"CFMOTO","450MT","Cáceres","449",1
"CFMOTO","450MT","Cádiz","449",9
"CFMOTO","450MT","Castellón/Castelló","449",1
"CFMOTO","450MT","Ceuta","449",1
"CFMOTO","450MT","Ciudad Real","449",2
"CFMOTO","450MT","Córdoba","449",5
"CFMOTO","450MT","Gipuzkoa","449",4
"CFMOTO","450MT","Girona","449",3
"CFMOTO","450MT","Granada","449",4
"CFMOTO","450MT","Huelva","449",3
"CFMOTO","450MT","Huesca","449",3
"CFMOTO","450MT","Illes Balears","449",4
"CFMOTO","450MT","León","449",2
"CFMOTO","450MT","Lleida","449",3
"CFMOTO","450MT","Lugo","449",1
"CFMOTO","450MT","Madrid","449",11
"CFMOTO","450MT","Málaga","449",17
"CFMOTO","450MT","Melilla","449",1
"CFMOTO","450MT","Murcia","449",4
"CFMOTO","450MT","Ourense","449",1
"CFMOTO","450MT","Palencia","449",1
"CFMOTO","450MT","Palmas (Las)","449",2
"CFMOTO","450MT","Pontevedra","449",2
"CFMOTO","450MT","Rioja (La)","449",1
"CFMOTO","450MT","Salamanca","449",1
"CFMOTO","450MT","Santa Cruz de Tenerife","449",3
"CFMOTO","450MT","Segovia","449",1
"CFMOTO","450MT","Sevilla","449",8
"CFMOTO","450MT","Tarragona","449",4
"CFMOTO","450MT","Valencia/València","449",3
"CFMOTO","450MT","Valladolid","449",1
"CFMOTO","450MT","Zaragoza","449",3
"CFMOTO","450NK","Barcelona","449",1
"CFMOTO","675SR-R","Bizkaia","674",1
"CFMOTO","675SR-R","Cádiz","674",1
"CFMOTO","675SR-R","Córdoba","674",1
"CFMOTO","675SR-R","Palmas (Las)","674",1
"CFMOTO","675SR-R","Zamora","674",1
"CFMOTO","700CL-X ADV","Alicante/Alacant","693",1
"CFMOTO","700CL-X HERITAGE","Badajoz","693",1
"CFMOTO","700MT","Almería","693",1
"CFMOTO","700MT","Badajoz","693",1
"CFMOTO","700MT","Barcelona","693",1
"CFMOTO","700MT","Cádiz","693",2
"CFMOTO","700MT","Ciudad Real","693",1
"CFMOTO","700MT","Illes Balears","693",1
"CFMOTO","700MT","Madrid","693",4
"CFMOTO","700MT","Málaga","693",3
"CFMOTO","700MT","Murcia","693",1
"CFMOTO","700MT","Palencia","693",1
"CFMOTO","700MT","Salamanca","693",1
"CFMOTO","700MT","Sevilla","693",8
"CFMOTO","700MT","Valencia/València","693",1
"CFMOTO","800MT","Alicante/Alacant","799",1
"CFMOTO","800MT","Girona","799",1
"CFMOTO","800MT","Illes Balears","799",1
"CFMOTO","800MT","Madrid","799",1
"CFMOTO","800MT","Murcia","799",1
"CFMOTO","800MT","Sevilla","799",1
"CFMOTO","800MT-X","Albacete","799",2
"CFMOTO","800MT-X","Badajoz","799",3
"CFMOTO","800MT-X","Barcelona","799",5
"CFMOTO","800MT-X","Bizkaia","799",2
"CFMOTO","800MT-X","Cáceres","799",1
"CFMOTO","800MT-X","Cádiz","799",1
"CFMOTO","800MT-X","Córdoba","799",1
"CFMOTO","800MT-X","Illes Balears","799",2
"CFMOTO","800MT-X","Lleida","799",1
"CFMOTO","800MT-X","Madrid","799",4
"CFMOTO","800MT-X","Málaga","799",4
"CFMOTO","800MT-X","Sevilla","799",1
"CFMOTO","800MT-X","Valencia/València","799",2
"CFMOTO","800NK","Cádiz","799",1
"CFMOTO","800NK","Gipuzkoa","799",1
"CFMOTO","800NK","Murcia","799",1
"CYCLONE","LS-Z","Alicante/Alacant","124",2
"CYCLONE","LS-Z","Almería","124",1
"CYCLONE","LS-Z","Asturias","124",1
"CYCLONE","LS-Z","Barcelona","124",1
"CYCLONE","LS-Z","Cantabria","124",1
"CYCLONE","LS-Z","Girona","124",1
"CYCLONE","LS-Z","Murcia","124",2
"CYCLONE","LS-Z","Pontevedra","124",1
"CYCLONE","LS-Z","Tarragona","124",1
"CYCLONE","LS-Z","Valencia/València","124",3
"CYCLONE","LS-Z","Valladolid","124",1
"CYCLONE","LS-Z","Zaragoza","124",1
"CYCLONE","RA125 PLUS","Alicante/Alacant","124",1
"CYCLONE","RA125 PLUS","Almería","124",2
"CYCLONE","RA125 PLUS","Bizkaia","124",1
"CYCLONE","RA125 PLUS","Córdoba","124",1
"CYCLONE","RA125 PLUS","Huelva","124",1
"CYCLONE","RA125 PLUS","Jaén","124",1
"CYCLONE","RA125 PLUS","Madrid","124",1
"CYCLONE","RA125 PLUS","Palmas (Las)","124",1
"CYCLONE","RA125 PLUS","Pontevedra","124",1
"CYCLONE","RA125 PLUS","Santa Cruz de Tenerife","124",1
"CYCLONE","RA125 PLUS","Sevilla","124",1
"CYCLONE","RA2","Alicante/Alacant","125",2
"CYCLONE","RA2","Madrid","125",1
"CYCLONE","RT1","Álava/Araba","125",1
"CYCLONE","RT1","Alicante/Alacant","125",3
"CYCLONE","RT1","Almería","125",2
"CYCLONE","RT1","Asturias","125",1
"CYCLONE","RT1","Barcelona","125",1
"CYCLONE","RT1","Ciudad Real","125",1
"CYCLONE","RT1","Córdoba","125",1
"CYCLONE","RT1","Girona","125",1
"CYCLONE","RT1","Lleida","125",1
"CYCLONE","RT1","Madrid","125",3
"CYCLONE","RT1","Murcia","125",2
"CYCLONE","RT1","Santa Cruz de Tenerife","125",2
"CYCLONE","RT1","Valencia/València","125",1
"CYCLONE","RT2","Almería","289",1
"CYCLONE","RT2","Girona","289",1
"CYCLONE","RT2","Illes Balears","289",1
"CYCLONE","RT2","Murcia","289",1
"CYCLONE","RT3S","Barcelona","289",1
"CYCLONE","RT3S","Valencia/València","289",1
"CYCLONE","RT3S","Zaragoza","289",1
"CYCLONE","RX1","Cáceres","124",1
"CYCLONE","RX1","Cantabria","124",1
"CYCLONE","RX1","Madrid","124",1
"CYCLONE","RX1","Ourense","124",1
"CYCLONE","RX1 PRO","Almería","124",1
"CYCLONE","RX1 PRO","Cáceres","124",1
"CYCLONE","RX1 PRO","Cantabria","124",1
"CYCLONE","RX1 PRO","Gipuzkoa","124",1
"CYCLONE","RX1 PRO","Guadalajara","124",1
"CYCLONE","RX1 PRO","Lleida","124",1
"CYCLONE","RX1 PRO","Madrid","124",1
"CYCLONE","RX1 PRO","Málaga","124",2
"CYCLONE","RX1 PRO","Murcia","124",1
"CYCLONE","RX1 PRO","Pontevedra","124",1
"CYCLONE","RX1 PRO","Rioja (La)","124",1
"CYCLONE","RX1 PRO","Valencia/València","124",1
"CYCLONE","RX401","Madrid","401",1
"CYCLONE","RX600","Alicante/Alacant","550",1
"CYCLONE","RX600","Ávila","550",1
"CYCLONE","RX600","Cuenca","550",1
"CYCLONE","RX600","Navarra","550",1
"CYCLONE","RX600","Santa Cruz de Tenerife","550",1
"CYCLONE","RX600","Tarragona","550",1
"DAELIM","BESBI O LC125P","Illes Balears","125",1
"DAELIM","S16 O LW125P","Valencia/València","125",1
"DAYANG","SAIGA125","Barcelona","125",1
"DAYANG","SAIGA125","Lleida","125",3
"DUCATI","DESERTX","León","937",2
"DUCATI","DESERTX","Madrid","937",1
"DUCATI","DESERTX","Valladolid","937",1
"DUCATI","DESERTX","Zaragoza","937",1
"DUCATI","DESERTX DISCOVERY","Badajoz","937",1
"DUCATI","DESERTX DISCOVERY","Granada","937",1
"DUCATI","DESERTX RALLY","Navarra","937",1
"DUCATI","DESERTX RALLY","Sevilla","937",1
"DUCATI","DUCATI SCRAMBLER","Palmas (Las)","803",1
"DUCATI","HYPERMOTARD 698","Alicante/Alacant","659",1
"DUCATI","HYPERMOTARD 698","Barcelona","659",1
"DUCATI","HYPERMOTARD 698","Granada","659",1
"DUCATI","HYPERMOTARD 698","Huesca","659",1
"DUCATI","HYPERMOTARD 698","Madrid","659",1
"DUCATI","HYPERMOTARD 698","Toledo","659",1
"DUCATI","HYPERMOTARD 698 MONO","Palmas (Las)","659",1
"DUCATI","HYPERMOTARD 698 MONO D","Castellón/Castelló","659",1
"DUCATI","HYPERMOTARD 698 MONO D","Illes Balears","659",1
"DUCATI","HYPERMOTARD 698 MONO D","Murcia","659",2
"DUCATI","HYPERMOTARD 698 MONO R","Barcelona","659",1
"DUCATI","HYPERMOTARD 698 MONO R","Burgos","659",1
"DUCATI","HYPERMOTARD 698 MONO R","Girona","659",1
"DUCATI","HYPERMOTARD 698 MONO R","Pontevedra","659",1
"DUCATI","HYPERMOTARD 698 MONO R","Valencia/València","659",1
"DUCATI","HYPERMOTARD 698 RVE","Sevilla","659",1
"DUCATI","HYPERMOTARD 950","Barcelona","937",1
"DUCATI","HYPERMOTARD 950","Santa Cruz de Tenerife","937",1
"DUCATI","HYPERMOTARD 950 SP LIV","Valencia/València","937",1
"DUCATI","MONSTER","Cádiz","937",2
"DUCATI","MONSTER","Ciudad Real","937",1
"DUCATI","MONSTER","Girona","937",1
"DUCATI","MONSTER","Granada","937",1
"DUCATI","MONSTER","Jaén","937",1
"DUCATI","MONSTER","Málaga","937",1
"DUCATI","MONSTER","Murcia","937",1
"DUCATI","MONSTER","Tarragona","937",1
"DUCATI","MONSTER","Toledo","937",1
"DUCATI","MONSTER DUCATI RED","Madrid","937",1
"DUCATI","MONSTER SP","Madrid","937",1
"DUCATI","MULTISTRADA V2","Almería","890",1
"DUCATI","MULTISTRADA V2","Ávila","890",1
"DUCATI","MULTISTRADA V2","Barcelona","890",4
"DUCATI","MULTISTRADA V2","Bizkaia","890",1
"DUCATI","MULTISTRADA V2","Cádiz","890",1
"DUCATI","MULTISTRADA V2","Girona","890",2
"DUCATI","MULTISTRADA V2","Granada","890",2
"DUCATI","MULTISTRADA V2","Madrid","890",3
"DUCATI","MULTISTRADA V2","Palmas (Las)","890",2
"DUCATI","MULTISTRADA V2","Pontevedra","890",1
"DUCATI","MULTISTRADA V2","Salamanca","890",1
"DUCATI","MULTISTRADA V2","Sevilla","890",2
"DUCATI","MULTISTRADA V2","Tarragona","890",1
"DUCATI","MULTISTRADA V2","Valencia/València","890",1
"DUCATI","MULTISTRADA V4","Alicante/Alacant","1158",4
"DUCATI","MULTISTRADA V4","Almería","1158",1
"DUCATI","MULTISTRADA V4","Barcelona","1158",1
"DUCATI","MULTISTRADA V4","Burgos","1158",1
"DUCATI","MULTISTRADA V4","Cádiz","1158",2
"DUCATI","MULTISTRADA V4","Coruña (A)","1158",1
"DUCATI","MULTISTRADA V4","Girona","1158",3
"DUCATI","MULTISTRADA V4","Granada","1158",2
"DUCATI","MULTISTRADA V4","Huelva","1158",1
"DUCATI","MULTISTRADA V4","Huesca","1158",1
"DUCATI","MULTISTRADA V4","Illes Balears","1158",1
"DUCATI","MULTISTRADA V4","Jaén","1158",1
"DUCATI","MULTISTRADA V4","Lleida","1158",3
"DUCATI","MULTISTRADA V4","Lugo","1158",1
"DUCATI","MULTISTRADA V4","Madrid","1158",4
"DUCATI","MULTISTRADA V4","Málaga","1158",2
"DUCATI","MULTISTRADA V4","Murcia","1158",1
"DUCATI","MULTISTRADA V4","Ourense","1158",1
"DUCATI","MULTISTRADA V4","Palmas (Las)","1158",1
"DUCATI","MULTISTRADA V4","Santa Cruz de Tenerife","1158",1
"DUCATI","MULTISTRADA V4","Tarragona","1158",2
"DUCATI","MULTISTRADA V4","Zaragoza","1158",1
"DUCATI","PANIGALE V2","Alicante/Alacant","890",2
"DUCATI","PANIGALE V2","Barcelona","890",4
"DUCATI","PANIGALE V2","Cáceres","890",1
"DUCATI","PANIGALE V2","Madrid","890",4
"DUCATI","PANIGALE V2","Palmas (Las)","890",2
"DUCATI","PANIGALE V2","Santa Cruz de Tenerife","890",1
"DUCATI","PANIGALE V2","Valencia/València","890",1
"DUCATI","PANIGALE V4","Albacete","1103",1
"DUCATI","PANIGALE V4","Alicante/Alacant","1103",1
"DUCATI","PANIGALE V4","Almería","1103",1
"DUCATI","PANIGALE V4","Barcelona","1103",1
"DUCATI","PANIGALE V4","Coruña (A)","1103",1
"DUCATI","PANIGALE V4","Valencia/València","1103",1
"DUCATI","SCRAMBLER DUCATI 10  A","Madrid","803",1
"DUCATI","SCRAMBLER FULL THROTTL","Barcelona","803",1
"DUCATI","SCRAMBLER FULL THROTTL","Málaga","803",1
"DUCATI","SCRAMBLER ICON","Madrid","803",1
"DUCATI","SCRAMBLER ICON DARK","Barcelona","803",3
"DUCATI","SCRAMBLER ICON DARK","Cádiz","803",1
"DUCATI","SCRAMBLER ICON DARK","Huesca","803",1
"DUCATI","SCRAMBLER ICON DARK","Illes Balears","803",1
"DUCATI","SCRAMBLER ICON DARK","Murcia","803",1
"DUCATI","SCRAMBLER ICON DARK","Navarra","803",1
"DUCATI","SCRAMBLER ICON RED","Madrid","803",1
"DUCATI","SCRAMBLER NIGHTSHIFT","Madrid","803",1
"DUCATI","SCRAMBLER NIGHTSHIFT","Navarra","803",1
"DUCATI","SCRAMBLER NIGHTSHIFT","Pontevedra","803",1
"DUCATI","SCRAMBLER NIGHTSHIFT N","Barcelona","803",2
"DUCATI","SCRAMBLER NIGHTSHIFT N","Madrid","803",3
"DUCATI","SCRAMBLER NIGHTSHIFT N","Murcia","803",1
"DUCATI","SCRAMBLER NIGHTSHIFT N","Valencia/València","803",1
"DUCATI","STREETFIGHTER","Alicante/Alacant","890",1
"DUCATI","STREETFIGHTER","Barcelona","890",2
"DUCATI","STREETFIGHTER","Bizkaia","890",1
"DUCATI","STREETFIGHTER","Cádiz","890",2
"DUCATI","STREETFIGHTER","Girona","890",1
"DUCATI","STREETFIGHTER","Lleida","890",1
"DUCATI","STREETFIGHTER","Madrid","890",2
"DUCATI","STREETFIGHTER","Málaga","890",3
"DUCATI","STREETFIGHTER","Navarra","890",1
"DUCATI","STREETFIGHTER","Palmas (Las)","890",5
"DUCATI","STREETFIGHTER","Santa Cruz de Tenerife","890",2
"DUCATI","STREETFIGHTER","Valencia/València","890",1
"DUCATI","XDIAVEL V4","Barcelona","1158",1
"DUCATI","XDIAVEL V4","Castellón/Castelló","1158",1
"DUCATI","XDIAVEL V4","Coruña (A)","1158",1
"DUCATI","XDIAVEL V4","Zamora","1158",1
"EFUN","LION","Sevilla","125",1
"EFUN","PUMA","Castellón/Castelló","125",1
"F.B MONDIAL","FLEX 300","Alicante/Alacant","292",1
"F.B MONDIAL","IMOLA","Santa Cruz de Tenerife","125",1
"F.B MONDIAL","IMOLA","Valencia/València","125",1
"F.B MONDIAL","PIEGA 452","Almería","450",1
"F.B MONDIAL","PIEGA 452","Illes Balears","450",3
"FANTIC MOTOR","---","Alicante/Alacant","125",1
"FANTIC MOTOR","---","Almería","125",1
"FANTIC MOTOR","---","Bizkaia","125",1
"FANTIC MOTOR","---","Jaén","125",1
"FANTIC MOTOR","---","Madrid","125",1
"FANTIC MOTOR","---","Murcia","125",2
"FANTIC MOTOR","---","Navarra","125",1
"FANTIC MOTOR","---","Pontevedra","125",1
"FANTIC MOTOR","---","Santa Cruz de Tenerife","125",1
"FANTIC MOTOR","---","Segovia","125",1
"FANTIC MOTOR","---","Sevilla","125",2
"FANTIC MOTOR","---","Tarragona","125",1
"FANTIC MOTOR","---","Teruel","125",1
"FANTIC MOTOR","---","Valencia/València","125",1
"GASGAS","EC 250","Badajoz","249",1
"GASGAS","EC 250","Guadalajara","249",1
"GASGAS","EC 250","Madrid","249",2
"GASGAS","EC 250","Pontevedra","249",1
"GASGAS","EC 250","Sevilla","249",1
"GASGAS","EC 250","Valladolid","249",1
"GASGAS","EC 250F","Málaga","250",1
"GASGAS","EC 250F","Sevilla","250",1
"GASGAS","EC 300","Ceuta","293",1
"GASGAS","EC 300","Coruña (A)","293",1
"GASGAS","EC 300","Girona","293",1
"GASGAS","EC 300","Madrid","293",1
"GASGAS","EC 300","Murcia","293",1
"GASGAS","EC 300","Palmas (Las)","293",1
"GASGAS","EC 350F","Badajoz","350",1
"GASGAS","EC 450F","Badajoz","450",1
"GASGAS","EC 450F","Huesca","450",1
"GASGAS","GASGAS ES 700","Illes Balears","693",1
"GASGAS","TXT 125","León","125",1
"GASGAS","TXT 300","Asturias","294",1
"HARLEY-DAVIDSON","BREAKOUT","Alicante/Alacant","1923",1
"HARLEY-DAVIDSON","CVO PAN AMERICA","Barcelona","1252",1
"HARLEY-DAVIDSON","CVO ROAD GLIDE","Madrid","1977",1
"HARLEY-DAVIDSON","CVO STREET GLIDE","Málaga","1977",1
"HARLEY-DAVIDSON","CVO STREET GLIDE","Toledo","1977",1
"HARLEY-DAVIDSON","CVO STREET GLIDE","Valencia/València","1977",1
"HARLEY-DAVIDSON","FAT BOY","Illes Balears","1923",2
"HARLEY-DAVIDSON","FAT BOY","Madrid","1923",2
"HARLEY-DAVIDSON","FAT BOY","Málaga","1923",1
"HARLEY-DAVIDSON","FAT BOY","Valencia/València","1923",1
"HARLEY-DAVIDSON","HERITAGE CLASSIC","Barcelona","1923",1
"HARLEY-DAVIDSON","LOW RIDER S","Granada","1923",1
"HARLEY-DAVIDSON","LOW RIDER S","Huelva","1923",1
"HARLEY-DAVIDSON","LOW RIDER S","Madrid","1923",1
"HARLEY-DAVIDSON","LOW RIDER ST","Girona","1923",1
"HARLEY-DAVIDSON","LOW RIDER ST","Madrid","1923",2
"HARLEY-DAVIDSON","LOW RIDER ST","Málaga","1923",2
"HARLEY-DAVIDSON","LOW RIDER ST","Navarra","1923",2
"HARLEY-DAVIDSON","NIGHTSTER SPECIAL","Asturias","975",1
"HARLEY-DAVIDSON","NIGHTSTER SPECIAL","Bizkaia","975",1
"HARLEY-DAVIDSON","NIGHTSTER SPECIAL","Cáceres","975",1
"HARLEY-DAVIDSON","NIGHTSTER SPECIAL","Lugo","975",1
"HARLEY-DAVIDSON","NIGHTSTER SPECIAL","Madrid","975",3
"HARLEY-DAVIDSON","NIGHTSTER SPECIAL","Valencia/València","975",1
"HARLEY-DAVIDSON","PAN AMERICA 1250 SPECI","Alicante/Alacant","1252",1
"HARLEY-DAVIDSON","PAN AMERICA 1250 SPECI","Málaga","1252",1
"HARLEY-DAVIDSON","PAN AMERICA 1250 SPECI","Pontevedra","1252",1
"HARLEY-DAVIDSON","PAN AMERICA 1250 ST","Madrid","1252",1
"HARLEY-DAVIDSON","ROAD GLIDE","Gipuzkoa","1923",1
"HARLEY-DAVIDSON","ROAD GLIDE","Madrid","1923",1
"HARLEY-DAVIDSON","ROAD KING SPECIAL","Alicante/Alacant","1868",1
"HARLEY-DAVIDSON","ROAD KING SPECIAL","Cádiz","1868",1
"HARLEY-DAVIDSON","SPORT GLIDE","Palmas (Las)","1745",1
"HARLEY-DAVIDSON","SPORTSTER S","Alicante/Alacant","1252",1
"HARLEY-DAVIDSON","SPORTSTER S","Barcelona","1252",1
"HARLEY-DAVIDSON","SPORTSTER S","Cáceres","1252",1
"HARLEY-DAVIDSON","SPORTSTER S","Cádiz","1252",1
"HARLEY-DAVIDSON","SPORTSTER S","Cantabria","1252",1
"HARLEY-DAVIDSON","SPORTSTER S","Gipuzkoa","1252",1
"HARLEY-DAVIDSON","SPORTSTER S","Jaén","1252",1
"HARLEY-DAVIDSON","SPORTSTER S","León","1252",1
"HARLEY-DAVIDSON","SPORTSTER S","Madrid","1252",2
"HARLEY-DAVIDSON","SPORTSTER S","Málaga","1252",2
"HARLEY-DAVIDSON","SPORTSTER S","Valencia/València","1252",1
"HARLEY-DAVIDSON","STREET BOB","Almería","1923",1
"HARLEY-DAVIDSON","STREET BOB","Barcelona","1923",1
"HARLEY-DAVIDSON","STREET BOB","Cantabria","1923",1
"HARLEY-DAVIDSON","STREET BOB","Jaén","1923",1
"HARLEY-DAVIDSON","STREET BOB","Madrid","1923",2
"HARLEY-DAVIDSON","STREET BOB","Navarra","1923",1
"HARLEY-DAVIDSON","STREET BOB","Pontevedra","1923",1
"HARLEY-DAVIDSON","STREET BOB","Sevilla","1923",1
"HARLEY-DAVIDSON","STREET BOB","Tarragona","1923",1
"HARLEY-DAVIDSON","STREET GLIDE","Valencia/València","1923",1
"HARLEY-DAVIDSON","STREET GLIDE ULTRA","Málaga","1923",1
"HARLEY-DAVIDSON","STREET GLIDE ULTRA","Valencia/València","1923",1
"HARLEY-DAVIDSON","ULTRA LIMITED","Zaragoza","1868",1
"HONDA","ADV 350","Álava/Araba","330",1
"HONDA","ADV 350","Albacete","330",1
"HONDA","ADV 350","Alicante/Alacant","330",24
"HONDA","ADV 350","Almería","330",7
"HONDA","ADV 350","Asturias","330",7
"HONDA","ADV 350","Badajoz","330",2
"HONDA","ADV 350","Barcelona","330",104
"HONDA","ADV 350","Bizkaia","330",10
"HONDA","ADV 350","Cáceres","330",1
"HONDA","ADV 350","Cádiz","330",17
"HONDA","ADV 350","Cantabria","330",2
"HONDA","ADV 350","Castellón/Castelló","330",2
"HONDA","ADV 350","Ceuta","330",4
"HONDA","ADV 350","Ciudad Real","330",1
"HONDA","ADV 350","Córdoba","330",4
"HONDA","ADV 350","Coruña (A)","330",4
"HONDA","ADV 350","Cuenca","330",1
"HONDA","ADV 350","Gipuzkoa","330",3
"HONDA","ADV 350","Girona","330",8
"HONDA","ADV 350","Granada","330",22
"HONDA","ADV 350","Guadalajara","330",1
"HONDA","ADV 350","Huelva","330",1
"HONDA","ADV 350","Illes Balears","330",11
"HONDA","ADV 350","Jaén","330",3
"HONDA","ADV 350","León","330",1
"HONDA","ADV 350","Lleida","330",1
"HONDA","ADV 350","Madrid","330",37
"HONDA","ADV 350","Málaga","330",46
"HONDA","ADV 350","Melilla","330",1
"HONDA","ADV 350","Murcia","330",9
"HONDA","ADV 350","Navarra","330",1
"HONDA","ADV 350","Palencia","330",1
"HONDA","ADV 350","Palmas (Las)","330",22
"HONDA","ADV 350","Pontevedra","330",3
"HONDA","ADV 350","Rioja (La)","330",1
"HONDA","ADV 350","Salamanca","330",1
"HONDA","ADV 350","Santa Cruz de Tenerife","330",19
"HONDA","ADV 350","Sevilla","330",11
"HONDA","ADV 350","Tarragona","330",8
"HONDA","ADV 350","Toledo","330",1
"HONDA","ADV 350","Valencia/València","330",23
"HONDA","ADV 350","Zamora","330",1
"HONDA","ADV 350","Zaragoza","330",4
"HONDA","ADV 750","Álava/Araba","745",2
"HONDA","ADV 750","Alicante/Alacant","745",9
"HONDA","ADV 750","Almería","745",1
"HONDA","ADV 750","Asturias","745",3
"HONDA","ADV 750","Badajoz","745",1
"HONDA","ADV 750","Barcelona","745",27
"HONDA","ADV 750","Bizkaia","745",2
"HONDA","ADV 750","Cádiz","745",10
"HONDA","ADV 750","Cantabria","745",2
"HONDA","ADV 750","Castellón/Castelló","745",3
"HONDA","ADV 750","Ciudad Real","745",1
"HONDA","ADV 750","Córdoba","745",1
"HONDA","ADV 750","Cuenca","745",1
"HONDA","ADV 750","Girona","745",2
"HONDA","ADV 750","Granada","745",6
"HONDA","ADV 750","Huelva","745",6
"HONDA","ADV 750","Illes Balears","745",5
"HONDA","ADV 750","Jaén","745",1
"HONDA","ADV 750","León","745",1
"HONDA","ADV 750","Madrid","745",34
"HONDA","ADV 750","Málaga","745",20
"HONDA","ADV 750","Melilla","745",3
"HONDA","ADV 750","Murcia","745",6
"HONDA","ADV 750","Palmas (Las)","745",24
"HONDA","ADV 750","Pontevedra","745",3
"HONDA","ADV 750","Rioja (La)","745",1
"HONDA","ADV 750","Santa Cruz de Tenerife","745",20
"HONDA","ADV 750","Sevilla","745",6
"HONDA","ADV 750","Tarragona","745",1
"HONDA","ADV 750","Valencia/València","745",15
"HONDA","ADV 750","Zaragoza","745",3
"HONDA","C125A","Granada","124",1
"HONDA","C125A","Illes Balears","124",1
"HONDA","C125A","Murcia","124",1
"HONDA","C125A","Valencia/València","124",2
"HONDA","CB 125 F","Alicante/Alacant","124",1
"HONDA","CB 125 F","Almería","124",1
"HONDA","CB 125 F","Badajoz","124",1
"HONDA","CB 125 F","Barcelona","124",7
"HONDA","CB 125 F","Bizkaia","124",1
"HONDA","CB 125 F","Cádiz","124",1
"HONDA","CB 125 F","Castellón/Castelló","124",1
"HONDA","CB 125 F","Córdoba","124",1
"HONDA","CB 125 F","Coruña (A)","124",1
"HONDA","CB 125 F","Illes Balears","124",1
"HONDA","CB 125 F","Madrid","124",2
"HONDA","CB 125 F","Málaga","124",4
"HONDA","CB 125 F","Murcia","124",1
"HONDA","CB 125 F","Sevilla","124",1
"HONDA","CB 125 F","Tarragona","124",2
"HONDA","CB 125 F","Valencia/València","124",2
"HONDA","CB 500 F","Alicante/Alacant","471",2
"HONDA","CB 500 F","Barcelona","471",10
"HONDA","CB 500 F","Castellón/Castelló","471",1
"HONDA","CB 500 F","Ciudad Real","471",1
"HONDA","CB 500 F","Girona","471",1
"HONDA","CB 500 F","Granada","471",1
"HONDA","CB 500 F","Illes Balears","471",1
"HONDA","CB 500 F","Madrid","471",8
"HONDA","CB 500 F","Málaga","471",1
"HONDA","CB 500 F","Santa Cruz de Tenerife","471",1
"HONDA","CB 500 F","Tarragona","471",1
"HONDA","CB 500 F","Valencia/València","471",2
"HONDA","CB 500 X","Álava/Araba","471",3
"HONDA","CB 500 X","Albacete","471",1
"HONDA","CB 500 X","Alicante/Alacant","471",8
"HONDA","CB 500 X","Almería","471",4
"HONDA","CB 500 X","Asturias","471",5
"HONDA","CB 500 X","Badajoz","471",1
"HONDA","CB 500 X","Barcelona","471",46
"HONDA","CB 500 X","Bizkaia","471",3
"HONDA","CB 500 X","Cáceres","471",2
"HONDA","CB 500 X","Cádiz","471",3
"HONDA","CB 500 X","Castellón/Castelló","471",3
"HONDA","CB 500 X","Córdoba","471",3
"HONDA","CB 500 X","Coruña (A)","471",2
"HONDA","CB 500 X","Cuenca","471",1
"HONDA","CB 500 X","Gipuzkoa","471",2
"HONDA","CB 500 X","Girona","471",6
"HONDA","CB 500 X","Granada","471",3
"HONDA","CB 500 X","Huelva","471",2
"HONDA","CB 500 X","Huesca","471",2
"HONDA","CB 500 X","Illes Balears","471",6
"HONDA","CB 500 X","Jaén","471",2
"HONDA","CB 500 X","León","471",2
"HONDA","CB 500 X","Madrid","471",24
"HONDA","CB 500 X","Málaga","471",16
"HONDA","CB 500 X","Murcia","471",3
"HONDA","CB 500 X","Navarra","471",1
"HONDA","CB 500 X","Palencia","471",1
"HONDA","CB 500 X","Palmas (Las)","471",4
"HONDA","CB 500 X","Pontevedra","471",7
"HONDA","CB 500 X","Rioja (La)","471",1
"HONDA","CB 500 X","Santa Cruz de Tenerife","471",1
"HONDA","CB 500 X","Sevilla","471",7
"HONDA","CB 500 X","Tarragona","471",6
"HONDA","CB 500 X","Toledo","471",1
"HONDA","CB 500 X","Valencia/València","471",14
"HONDA","CB 500 X","Valladolid","471",1
"HONDA","CB 500 X","Zaragoza","471",3
"HONDA","CB1000","Alicante/Alacant","1000",1
"HONDA","CB1000","Barcelona","1000",2
"HONDA","CB1000","Coruña (A)","1000",1
"HONDA","CB1000","Girona","1000",1
"HONDA","CB1000","Madrid","1000",1
"HONDA","CB1000","Murcia","1000",1
"HONDA","CB1000","Navarra","1000",1
"HONDA","CB1000","Santa Cruz de Tenerife","1000",2
"HONDA","CB1000","Sevilla","1000",1
"HONDA","CB1000","Valencia/València","1000",2
"HONDA","CB1000SP","Álava/Araba","1000",1
"HONDA","CB1000SP","Alicante/Alacant","1000",1
"HONDA","CB1000SP","Barcelona","1000",6
"HONDA","CB1000SP","Coruña (A)","1000",1
"HONDA","CB1000SP","Illes Balears","1000",3
"HONDA","CB1000SP","Málaga","1000",1
"HONDA","CB1000SP","Palmas (Las)","1000",1
"HONDA","CB1000SP","Pontevedra","1000",1
"HONDA","CB1000SP","Santa Cruz de Tenerife","1000",5
"HONDA","CB1000SP","Sevilla","1000",1
"HONDA","CB1000SP","Valencia/València","1000",1
"HONDA","CB650RA","Álava/Araba","649",1
"HONDA","CB650RA","Alicante/Alacant","649",9
"HONDA","CB650RA","Almería","649",1
"HONDA","CB650RA","Asturias","649",5
"HONDA","CB650RA","Badajoz","649",1
"HONDA","CB650RA","Barcelona","649",28
"HONDA","CB650RA","Bizkaia","649",4
"HONDA","CB650RA","Cáceres","649",2
"HONDA","CB650RA","Cádiz","649",4
"HONDA","CB650RA","Cantabria","649",3
"HONDA","CB650RA","Castellón/Castelló","649",1
"HONDA","CB650RA","Córdoba","649",3
"HONDA","CB650RA","Coruña (A)","649",4
"HONDA","CB650RA","Cuenca","649",1
"HONDA","CB650RA","Gipuzkoa","649",1
"HONDA","CB650RA","Girona","649",3
"HONDA","CB650RA","Granada","649",3
"HONDA","CB650RA","Guadalajara","649",1
"HONDA","CB650RA","Huelva","649",1
"HONDA","CB650RA","Huesca","649",1
"HONDA","CB650RA","Illes Balears","649",9
"HONDA","CB650RA","Jaén","649",6
"HONDA","CB650RA","León","649",3
"HONDA","CB650RA","Lleida","649",1
"HONDA","CB650RA","Madrid","649",16
"HONDA","CB650RA","Málaga","649",10
"HONDA","CB650RA","Murcia","649",4
"HONDA","CB650RA","Navarra","649",1
"HONDA","CB650RA","Ourense","649",1
"HONDA","CB650RA","Pontevedra","649",3
"HONDA","CB650RA","Rioja (La)","649",1
"HONDA","CB650RA","Santa Cruz de Tenerife","649",5
"HONDA","CB650RA","Sevilla","649",3
"HONDA","CB650RA","Tarragona","649",2
"HONDA","CB650RA","Toledo","649",1
"HONDA","CB650RA","Valencia/València","649",9
"HONDA","CB650RA","Valladolid","649",1
"HONDA","CB650RA","Zaragoza","649",4
"HONDA","CB750 Hornet","Albacete","755",1
"HONDA","CB750 Hornet","Alicante/Alacant","755",5
"HONDA","CB750 Hornet","Almería","755",2
"HONDA","CB750 Hornet","Asturias","755",2
"HONDA","CB750 Hornet","Badajoz","755",2
"HONDA","CB750 Hornet","Barcelona","755",22
"HONDA","CB750 Hornet","Bizkaia","755",3
"HONDA","CB750 Hornet","Cáceres","755",3
"HONDA","CB750 Hornet","Cádiz","755",2
"HONDA","CB750 Hornet","Castellón/Castelló","755",3
"HONDA","CB750 Hornet","Córdoba","755",1
"HONDA","CB750 Hornet","Gipuzkoa","755",1
"HONDA","CB750 Hornet","Granada","755",4
"HONDA","CB750 Hornet","Huelva","755",1
"HONDA","CB750 Hornet","Illes Balears","755",4
"HONDA","CB750 Hornet","León","755",1
"HONDA","CB750 Hornet","Lleida","755",1
"HONDA","CB750 Hornet","Madrid","755",10
"HONDA","CB750 Hornet","Málaga","755",4
"HONDA","CB750 Hornet","Murcia","755",1
"HONDA","CB750 Hornet","Navarra","755",1
"HONDA","CB750 Hornet","Ourense","755",1
"HONDA","CB750 Hornet","Palmas (Las)","755",4
"HONDA","CB750 Hornet","Santa Cruz de Tenerife","755",8
"HONDA","CB750 Hornet","Sevilla","755",5
"HONDA","CB750 Hornet","Tarragona","755",2
"HONDA","CB750 Hornet","Toledo","755",1
"HONDA","CB750 Hornet","Valencia/València","755",16
"HONDA","CB750 Hornet","Valladolid","755",1
"HONDA","CB750 Hornet","Zaragoza","755",2
"HONDA","CBF 125","Alicante/Alacant","125",2
"HONDA","CBF 125","Badajoz","125",1
"HONDA","CBF 125","Barcelona","125",11
"HONDA","CBF 125","Bizkaia","125",1
"HONDA","CBF 125","Cádiz","125",2
"HONDA","CBF 125","Castellón/Castelló","125",1
"HONDA","CBF 125","Córdoba","125",2
"HONDA","CBF 125","Girona","125",1
"HONDA","CBF 125","Illes Balears","125",2
"HONDA","CBF 125","Jaén","125",1
"HONDA","CBF 125","Lleida","125",1
"HONDA","CBF 125","Madrid","125",10
"HONDA","CBF 125","Málaga","125",4
"HONDA","CBF 125","Murcia","125",5
"HONDA","CBF 125","Ourense","125",2
"HONDA","CBF 125","Palmas (Las)","125",5
"HONDA","CBF 125","Pontevedra","125",1
"HONDA","CBF 125","Salamanca","125",1
"HONDA","CBF 125","Santa Cruz de Tenerife","125",4
"HONDA","CBF 125","Sevilla","125",3
"HONDA","CBF 125","Tarragona","125",2
"HONDA","CBF 125","Toledo","125",1
"HONDA","CBF 125","Valencia/València","125",6
"HONDA","CBF 125","Valladolid","125",2
"HONDA","CBF 125","Zaragoza","125",2
"HONDA","CBF300NA","Barcelona","286",2
"HONDA","CBF300NA","Illes Balears","286",1
"HONDA","CBF300NA","Málaga","286",1
"HONDA","CBF300NA","Palmas (Las)","286",1
"HONDA","CBR 1000 F","León","998",1
"HONDA","CBR 650 R","Alicante/Alacant","649",5
"HONDA","CBR 650 R","Almería","649",1
"HONDA","CBR 650 R","Badajoz","649",1
"HONDA","CBR 650 R","Barcelona","649",29
"HONDA","CBR 650 R","Cáceres","649",1
"HONDA","CBR 650 R","Cádiz","649",2
"HONDA","CBR 650 R","Cantabria","649",2
"HONDA","CBR 650 R","Castellón/Castelló","649",1
"HONDA","CBR 650 R","Ciudad Real","649",1
"HONDA","CBR 650 R","Córdoba","649",1
"HONDA","CBR 650 R","Coruña (A)","649",3
"HONDA","CBR 650 R","Granada","649",2
"HONDA","CBR 650 R","Huelva","649",1
"HONDA","CBR 650 R","Illes Balears","649",2
"HONDA","CBR 650 R","León","649",1
"HONDA","CBR 650 R","Lleida","649",1
"HONDA","CBR 650 R","Madrid","649",16
"HONDA","CBR 650 R","Málaga","649",1
"HONDA","CBR 650 R","Murcia","649",2
"HONDA","CBR 650 R","Navarra","649",1
"HONDA","CBR 650 R","Palmas (Las)","649",2
"HONDA","CBR 650 R","Pontevedra","649",2
"HONDA","CBR 650 R","Santa Cruz de Tenerife","649",2
"HONDA","CBR 650 R","Segovia","649",1
"HONDA","CBR 650 R","Sevilla","649",1
"HONDA","CBR 650 R","Tarragona","649",2
"HONDA","CBR 650 R","Teruel","649",1
"HONDA","CBR 650 R","Toledo","649",2
"HONDA","CBR 650 R","Valencia/València","649",5
"HONDA","CBR 650 R","Valladolid","649",1
"HONDA","CBR 650 R","Zaragoza","649",2
"HONDA","CBR1000","Barcelona","1000",2
"HONDA","CBR1000","Málaga","1000",1
"HONDA","CBR500","Alicante/Alacant","471",1
"HONDA","CBR500","Almería","471",1
"HONDA","CBR500","Asturias","471",4
"HONDA","CBR500","Barcelona","471",8
"HONDA","CBR500","Cádiz","471",1
"HONDA","CBR500","Gipuzkoa","471",1
"HONDA","CBR500","Granada","471",1
"HONDA","CBR500","Illes Balears","471",1
"HONDA","CBR500","Madrid","471",9
"HONDA","CBR500","Málaga","471",1
"HONDA","CBR500","Murcia","471",1
"HONDA","CBR500","Palmas (Las)","471",3
"HONDA","CBR500","Santa Cruz de Tenerife","471",4
"HONDA","CBR500","Sevilla","471",1
"HONDA","CBR500","Toledo","471",1
"HONDA","CBR500","Valencia/València","471",3
"HONDA","CBR500","Valladolid","471",1
"HONDA","CBR500","Zaragoza","471",1
"HONDA","CBR600R3","Alicante/Alacant","599",4
"HONDA","CBR600R3","Barcelona","599",7
"HONDA","CBR600R3","Cádiz","599",3
"HONDA","CBR600R3","Castellón/Castelló","599",2
"HONDA","CBR600R3","Córdoba","599",1
"HONDA","CBR600R3","Coruña (A)","599",1
"HONDA","CBR600R3","Gipuzkoa","599",2
"HONDA","CBR600R3","Girona","599",2
"HONDA","CBR600R3","Granada","599",2
"HONDA","CBR600R3","Huelva","599",1
"HONDA","CBR600R3","León","599",1
"HONDA","CBR600R3","Lleida","599",1
"HONDA","CBR600R3","Madrid","599",15
"HONDA","CBR600R3","Málaga","599",3
"HONDA","CBR600R3","Murcia","599",2
"HONDA","CBR600R3","Palmas (Las)","599",2
"HONDA","CBR600R3","Pontevedra","599",3
"HONDA","CBR600R3","Rioja (La)","599",1
"HONDA","CBR600R3","Santa Cruz de Tenerife","599",4
"HONDA","CBR600R3","Segovia","599",1
"HONDA","CBR600R3","Sevilla","599",1
"HONDA","CBR600R3","Valencia/València","599",5
"HONDA","CBR600R3","Zaragoza","599",1
"HONDA","CBR650RA","Palmas (Las)","649",1
"HONDA","CBR650RA","Santa Cruz de Tenerife","649",2
"HONDA","CL500","Álava/Araba","471",1
"HONDA","CL500","Alicante/Alacant","471",1
"HONDA","CL500","Asturias","471",1
"HONDA","CL500","Barcelona","471",5
"HONDA","CL500","Cádiz","471",1
"HONDA","CL500","Girona","471",2
"HONDA","CL500","Huelva","471",1
"HONDA","CL500","León","471",1
"HONDA","CL500","Madrid","471",7
"HONDA","CL500","Palmas (Las)","471",1
"HONDA","CL500","Rioja (La)","471",3
"HONDA","CL500","Santa Cruz de Tenerife","471",2
"HONDA","CL500","Tarragona","471",1
"HONDA","CL500","Valencia/València","471",3
"HONDA","CMX1100","Alicante/Alacant","1084",2
"HONDA","CMX1100","Badajoz","1084",1
"HONDA","CMX1100","Barcelona","1084",3
"HONDA","CMX1100","Bizkaia","1084",1
"HONDA","CMX1100","Gipuzkoa","1084",1
"HONDA","CMX1100","Granada","1084",2
"HONDA","CMX1100","Illes Balears","1084",1
"HONDA","CMX1100","Madrid","1084",2
"HONDA","CMX1100","Murcia","1084",2
"HONDA","CMX1100","Tarragona","1084",1
"HONDA","CMX1100","Valencia/València","1084",2
"HONDA","CMX1100","Zamora","1084",1
"HONDA","CRF 300 L","Álava/Araba","286",1
"HONDA","CRF 300 L","Albacete","286",1
"HONDA","CRF 300 L","Alicante/Alacant","286",2
"HONDA","CRF 300 L","Asturias","286",2
"HONDA","CRF 300 L","Ávila","286",1
"HONDA","CRF 300 L","Badajoz","286",1
"HONDA","CRF 300 L","Barcelona","286",2
"HONDA","CRF 300 L","Burgos","286",1
"HONDA","CRF 300 L","Cáceres","286",1
"HONDA","CRF 300 L","Cádiz","286",1
"HONDA","CRF 300 L","Cantabria","286",1
"HONDA","CRF 300 L","Castellón/Castelló","286",1
"HONDA","CRF 300 L","Coruña (A)","286",1
"HONDA","CRF 300 L","Guadalajara","286",1
"HONDA","CRF 300 L","Huesca","286",2
"HONDA","CRF 300 L","Jaén","286",1
"HONDA","CRF 300 L","Madrid","286",5
"HONDA","CRF 300 L","Málaga","286",2
"HONDA","CRF 300 L","Murcia","286",1
"HONDA","CRF 300 L","Navarra","286",1
"HONDA","CRF 300 L","Ourense","286",1
"HONDA","CRF 300 L","Palencia","286",1
"HONDA","CRF 300 L","Palmas (Las)","286",6
"HONDA","CRF 300 L","Santa Cruz de Tenerife","286",3
"HONDA","CRF 300 L","Sevilla","286",3
"HONDA","CRF 300 L","Toledo","286",1
"HONDA","CRF1100L Africa Twin","Alicante/Alacant","1084",1
"HONDA","CRF1100L Africa Twin","Almería","1084",1
"HONDA","CRF1100L Africa Twin","Barcelona","1084",5
"HONDA","CRF1100L Africa Twin","Bizkaia","1084",1
"HONDA","CRF1100L Africa Twin","Cádiz","1084",2
"HONDA","CRF1100L Africa Twin","Córdoba","1084",2
"HONDA","CRF1100L Africa Twin","Coruña (A)","1084",1
"HONDA","CRF1100L Africa Twin","Gipuzkoa","1084",2
"HONDA","CRF1100L Africa Twin","Girona","1084",2
"HONDA","CRF1100L Africa Twin","Granada","1084",1
"HONDA","CRF1100L Africa Twin","Illes Balears","1084",2
"HONDA","CRF1100L Africa Twin","Madrid","1084",1
"HONDA","CRF1100L Africa Twin","Málaga","1084",3
"HONDA","CRF1100L Africa Twin","Murcia","1084",2
"HONDA","CRF1100L Africa Twin","Palmas (Las)","1084",1
"HONDA","CRF1100L Africa Twin","Pontevedra","1084",2
"HONDA","CRF1100L Africa Twin","Santa Cruz de Tenerife","1084",1
"HONDA","CRF1100L Africa Twin","Segovia","1084",1
"HONDA","CRF1100L Africa Twin","Teruel","1084",1
"HONDA","CRF1100L Africa Twin","Valencia/València","1084",3
"HONDA","CRF300LRA","Asturias","286",1
"HONDA","CRF300LRA","Huesca","286",1
"HONDA","CRF300LRA","Illes Balears","286",1
"HONDA","CRF300LRA","Madrid","286",1
"HONDA","CRF300LRA","Málaga","286",1
"HONDA","CRF300LRA","Valencia/València","286",1
"HONDA","FORZA 350","Alicante/Alacant","330",14
"HONDA","FORZA 350","Almería","330",1
"HONDA","FORZA 350","Asturias","330",3
"HONDA","FORZA 350","Badajoz","330",1
"HONDA","FORZA 350","Barcelona","330",47
"HONDA","FORZA 350","Bizkaia","330",2
"HONDA","FORZA 350","Cádiz","330",7
"HONDA","FORZA 350","Cantabria","330",2
"HONDA","FORZA 350","Ceuta","330",3
"HONDA","FORZA 350","Ciudad Real","330",1
"HONDA","FORZA 350","Córdoba","330",3
"HONDA","FORZA 350","Gipuzkoa","330",1
"HONDA","FORZA 350","Granada","330",4
"HONDA","FORZA 350","Illes Balears","330",11
"HONDA","FORZA 350","Jaén","330",1
"HONDA","FORZA 350","Lleida","330",1
"HONDA","FORZA 350","Madrid","330",17
"HONDA","FORZA 350","Málaga","330",18
"HONDA","FORZA 350","Murcia","330",2
"HONDA","FORZA 350","Navarra","330",1
"HONDA","FORZA 350","Ourense","330",2
"HONDA","FORZA 350","Palmas (Las)","330",3
"HONDA","FORZA 350","Pontevedra","330",6
"HONDA","FORZA 350","Rioja (La)","330",1
"HONDA","FORZA 350","Salamanca","330",1
"HONDA","FORZA 350","Santa Cruz de Tenerife","330",10
"HONDA","FORZA 350","Sevilla","330",5
"HONDA","FORZA 350","Tarragona","330",3
"HONDA","FORZA 350","Valencia/València","330",15
"HONDA","FORZA 350","Valladolid","330",3
"HONDA","FORZA 350","Zaragoza","330",2
"HONDA","FORZA 750","Alicante/Alacant","745",5
"HONDA","FORZA 750","Almería","745",1
"HONDA","FORZA 750","Barcelona","745",15
"HONDA","FORZA 750","Bizkaia","745",1
"HONDA","FORZA 750","Cádiz","745",2
"HONDA","FORZA 750","Ceuta","745",1
"HONDA","FORZA 750","Coruña (A)","745",1
"HONDA","FORZA 750","Girona","745",3
"HONDA","FORZA 750","Granada","745",1
"HONDA","FORZA 750","Huelva","745",1
"HONDA","FORZA 750","Illes Balears","745",1
"HONDA","FORZA 750","Madrid","745",7
"HONDA","FORZA 750","Málaga","745",8
"HONDA","FORZA 750","Murcia","745",2
"HONDA","FORZA 750","Palmas (Las)","745",12
"HONDA","FORZA 750","Pontevedra","745",2
"HONDA","FORZA 750","Santa Cruz de Tenerife","745",6
"HONDA","FORZA 750","Sevilla","745",5
"HONDA","FORZA 750","Tarragona","745",1
"HONDA","FORZA 750","Toledo","745",1
"HONDA","FORZA 750","Valencia/València","745",3
"HONDA","FORZA 750","Zaragoza","745",1
"HONDA","FORZA125","Álava/Araba","125",2
"HONDA","FORZA125","Albacete","125",1
"HONDA","FORZA125","Alicante/Alacant","125",22
"HONDA","FORZA125","Almería","125",6
"HONDA","FORZA125","Asturias","125",6
"HONDA","FORZA125","Badajoz","125",1
"HONDA","FORZA125","Barcelona","125",84
"HONDA","FORZA125","Bizkaia","125",7
"HONDA","FORZA125","Burgos","125",1
"HONDA","FORZA125","Cáceres","125",4
"HONDA","FORZA125","Cádiz","125",12
"HONDA","FORZA125","Cantabria","125",4
"HONDA","FORZA125","Castellón/Castelló","125",6
"HONDA","FORZA125","Ceuta","125",1
"HONDA","FORZA125","Córdoba","125",5
"HONDA","FORZA125","Coruña (A)","125",5
"HONDA","FORZA125","Gipuzkoa","125",2
"HONDA","FORZA125","Girona","125",5
"HONDA","FORZA125","Granada","125",7
"HONDA","FORZA125","Huelva","125",3
"HONDA","FORZA125","Illes Balears","125",23
"HONDA","FORZA125","Jaén","125",2
"HONDA","FORZA125","León","125",4
"HONDA","FORZA125","Lleida","125",1
"HONDA","FORZA125","Madrid","125",39
"HONDA","FORZA125","Málaga","125",29
"HONDA","FORZA125","Melilla","125",1
"HONDA","FORZA125","Murcia","125",7
"HONDA","FORZA125","Navarra","125",4
"HONDA","FORZA125","Palencia","125",1
"HONDA","FORZA125","Palmas (Las)","125",27
"HONDA","FORZA125","Pontevedra","125",14
"HONDA","FORZA125","Rioja (La)","125",1
"HONDA","FORZA125","Salamanca","125",1
"HONDA","FORZA125","Santa Cruz de Tenerife","125",34
"HONDA","FORZA125","Sevilla","125",25
"HONDA","FORZA125","Tarragona","125",4
"HONDA","FORZA125","Valencia/València","125",35
"HONDA","FORZA125","Valladolid","125",3
"HONDA","FORZA125","Zaragoza","125",9
"HONDA","GB350S","Albacete","348",1
"HONDA","GB350S","Alicante/Alacant","348",2
"HONDA","GB350S","Asturias","348",1
"HONDA","GB350S","Barcelona","348",13
"HONDA","GB350S","Bizkaia","348",1
"HONDA","GB350S","Cádiz","348",2
"HONDA","GB350S","Castellón/Castelló","348",1
"HONDA","GB350S","Ciudad Real","348",1
"HONDA","GB350S","Gipuzkoa","348",1
"HONDA","GB350S","Girona","348",1
"HONDA","GB350S","Granada","348",3
"HONDA","GB350S","Illes Balears","348",3
"HONDA","GB350S","Madrid","348",3
"HONDA","GB350S","Málaga","348",4
"HONDA","GB350S","Murcia","348",2
"HONDA","GB350S","Palmas (Las)","348",1
"HONDA","GB350S","Pontevedra","348",2
"HONDA","GB350S","Santa Cruz de Tenerife","348",2
"HONDA","GB350S","Sevilla","348",2
"HONDA","GB350S","Tarragona","348",1
"HONDA","GB350S","Valencia/València","348",6
"HONDA","GL1800BD","Ciudad Real","1833",1
"HONDA","GL1800BD","Gipuzkoa","1833",1
"HONDA","GL1800DA","Barcelona","1833",1
"HONDA","GL1800DA","Madrid","1833",1
"HONDA","MSX125A","Barcelona","124",1
"HONDA","MSX125A","Burgos","124",1
"HONDA","MSX125A","Cádiz","124",1
"HONDA","MSX125A","León","124",2
"HONDA","MSX125A","Málaga","124",1
"HONDA","MSX125A","Palmas (Las)","124",6
"HONDA","MSX125A","Santa Cruz de Tenerife","124",6
"HONDA","MSX125A","Valencia/València","124",1
"HONDA","NC 750 X","Álava/Araba","745",1
"HONDA","NC 750 X","Alicante/Alacant","745",9
"HONDA","NC 750 X","Almería","745",2
"HONDA","NC 750 X","Asturias","745",1
"HONDA","NC 750 X","Badajoz","745",1
"HONDA","NC 750 X","Barcelona","745",18
"HONDA","NC 750 X","Bizkaia","745",3
"HONDA","NC 750 X","Cádiz","745",8
"HONDA","NC 750 X","Castellón/Castelló","745",2
"HONDA","NC 750 X","Ceuta","745",1
"HONDA","NC 750 X","Córdoba","745",1
"HONDA","NC 750 X","Cuenca","745",1
"HONDA","NC 750 X","Gipuzkoa","745",3
"HONDA","NC 750 X","Girona","745",2
"HONDA","NC 750 X","Granada","745",2
"HONDA","NC 750 X","Huelva","745",3
"HONDA","NC 750 X","Illes Balears","745",7
"HONDA","NC 750 X","Jaén","745",2
"HONDA","NC 750 X","León","745",1
"HONDA","NC 750 X","Lleida","745",3
"HONDA","NC 750 X","Madrid","745",10
"HONDA","NC 750 X","Málaga","745",12
"HONDA","NC 750 X","Murcia","745",4
"HONDA","NC 750 X","Ourense","745",1
"HONDA","NC 750 X","Palencia","745",1
"HONDA","NC 750 X","Palmas (Las)","745",7
"HONDA","NC 750 X","Pontevedra","745",4
"HONDA","NC 750 X","Santa Cruz de Tenerife","745",8
"HONDA","NC 750 X","Sevilla","745",5
"HONDA","NC 750 X","Tarragona","745",3
"HONDA","NC 750 X","Toledo","745",1
"HONDA","NC 750 X","Valencia/València","745",12
"HONDA","NC 750 X","Zamora","745",1
"HONDA","NC 750 X","Zaragoza","745",2
"HONDA","NT1100","Alicante/Alacant","1084",3
"HONDA","NT1100","Barcelona","1084",13
"HONDA","NT1100","Bizkaia","1084",1
"HONDA","NT1100","Cádiz","1084",2
"HONDA","NT1100","Córdoba","1084",2
"HONDA","NT1100","Gipuzkoa","1084",1
"HONDA","NT1100","Granada","1084",2
"HONDA","NT1100","Illes Balears","1084",2
"HONDA","NT1100","León","1084",2
"HONDA","NT1100","Madrid","1084",3
"HONDA","NT1100","Málaga","1084",2
"HONDA","NT1100","Murcia","1084",2
"HONDA","NT1100","Navarra","1084",1
"HONDA","NT1100","Palmas (Las)","1084",1
"HONDA","NT1100","Rioja (La)","1084",1
"HONDA","NT1100","Santa Cruz de Tenerife","1084",1
"HONDA","NT1100","Teruel","1084",1
"HONDA","NT1100","Valencia/València","1084",7
"HONDA","NT1100","Valladolid","1084",1
"HONDA","NT1100","Zaragoza","1084",2
"HONDA","PCX125","Álava/Araba","125",3
"HONDA","PCX125","Albacete","125",7
"HONDA","PCX125","Alicante/Alacant","125",44
"HONDA","PCX125","Almería","125",32
"HONDA","PCX125","Asturias","125",13
"HONDA","PCX125","Badajoz","125",8
"HONDA","PCX125","Barcelona","125",125
"HONDA","PCX125","Bizkaia","125",7
"HONDA","PCX125","Cáceres","125",2
"HONDA","PCX125","Cádiz","125",72
"HONDA","PCX125","Cantabria","125",5
"HONDA","PCX125","Castellón/Castelló","125",6
"HONDA","PCX125","Ciudad Real","125",2
"HONDA","PCX125","Córdoba","125",32
"HONDA","PCX125","Coruña (A)","125",7
"HONDA","PCX125","Cuenca","125",3
"HONDA","PCX125","Gipuzkoa","125",12
"HONDA","PCX125","Girona","125",3
"HONDA","PCX125","Granada","125",36
"HONDA","PCX125","Guadalajara","125",2
"HONDA","PCX125","Huelva","125",8
"HONDA","PCX125","Huesca","125",1
"HONDA","PCX125","Illes Balears","125",47
"HONDA","PCX125","Jaén","125",15
"HONDA","PCX125","Lleida","125",4
"HONDA","PCX125","Madrid","125",122
"HONDA","PCX125","Málaga","125",112
"HONDA","PCX125","Melilla","125",3
"HONDA","PCX125","Murcia","125",51
"HONDA","PCX125","Navarra","125",5
"HONDA","PCX125","Ourense","125",7
"HONDA","PCX125","Palmas (Las)","125",43
"HONDA","PCX125","Pontevedra","125",19
"HONDA","PCX125","Salamanca","125",3
"HONDA","PCX125","Santa Cruz de Tenerife","125",75
"HONDA","PCX125","Segovia","125",1
"HONDA","PCX125","Sevilla","125",62
"HONDA","PCX125","Tarragona","125",9
"HONDA","PCX125","Toledo","125",3
"HONDA","PCX125","Valencia/València","125",75
"HONDA","PCX125","Valladolid","125",10
"HONDA","PCX125","Zaragoza","125",10
"HONDA","Rebel 500","Alicante/Alacant","471",3
"HONDA","Rebel 500","Almería","471",1
"HONDA","Rebel 500","Asturias","471",2
"HONDA","Rebel 500","Barcelona","471",8
"HONDA","Rebel 500","Cáceres","471",1
"HONDA","Rebel 500","Cádiz","471",1
"HONDA","Rebel 500","Cantabria","471",1
"HONDA","Rebel 500","Castellón/Castelló","471",2
"HONDA","Rebel 500","Córdoba","471",1
"HONDA","Rebel 500","Coruña (A)","471",2
"HONDA","Rebel 500","Granada","471",5
"HONDA","Rebel 500","Illes Balears","471",3
"HONDA","Rebel 500","Madrid","471",5
"HONDA","Rebel 500","Málaga","471",3
"HONDA","Rebel 500","Murcia","471",2
"HONDA","Rebel 500","Palmas (Las)","471",3
"HONDA","Rebel 500","Pontevedra","471",2
"HONDA","Rebel 500","Santa Cruz de Tenerife","471",2
"HONDA","Rebel 500","Tarragona","471",1
"HONDA","Rebel 500","Valencia/València","471",3
"HONDA","Rebel 500","Valladolid","471",1
"HONDA","Rebel 500","Zaragoza","471",1
"HONDA","SH Mode 125","Álava/Araba","125",1
"HONDA","SH Mode 125","Alicante/Alacant","125",8
"HONDA","SH Mode 125","Barcelona","125",44
"HONDA","SH Mode 125","Cádiz","125",2
"HONDA","SH Mode 125","Ceuta","125",1
"HONDA","SH Mode 125","Córdoba","125",1
"HONDA","SH Mode 125","Gipuzkoa","125",3
"HONDA","SH Mode 125","Girona","125",12
"HONDA","SH Mode 125","Granada","125",1
"HONDA","SH Mode 125","Huelva","125",4
"HONDA","SH Mode 125","Illes Balears","125",6
"HONDA","SH Mode 125","Lleida","125",1
"HONDA","SH Mode 125","Madrid","125",1
"HONDA","SH Mode 125","Málaga","125",6
"HONDA","SH Mode 125","Murcia","125",1
"HONDA","SH Mode 125","Palmas (Las)","125",1
"HONDA","SH Mode 125","Rioja (La)","125",1
"HONDA","SH Mode 125","Santa Cruz de Tenerife","125",3
"HONDA","SH Mode 125","Sevilla","125",1
"HONDA","SH Mode 125","Tarragona","125",1
"HONDA","SH Mode 125","Valencia/València","125",5
"HONDA","SH Mode 125","Zaragoza","125",1
"HONDA","SH125i","Albacete","125",1
"HONDA","SH125i","Alicante/Alacant","125",12
"HONDA","SH125i","Almería","125",3
"HONDA","SH125i","Barcelona","125",169
"HONDA","SH125i","Bizkaia","125",2
"HONDA","SH125i","Burgos","125",1
"HONDA","SH125i","Cáceres","125",1
"HONDA","SH125i","Cádiz","125",10
"HONDA","SH125i","Cantabria","125",1
"HONDA","SH125i","Castellón/Castelló","125",1
"HONDA","SH125i","Ceuta","125",19
"HONDA","SH125i","Ciudad Real","125",1
"HONDA","SH125i","Córdoba","125",7
"HONDA","SH125i","Gipuzkoa","125",40
"HONDA","SH125i","Girona","125",19
"HONDA","SH125i","Granada","125",8
"HONDA","SH125i","Huesca","125",1
"HONDA","SH125i","Illes Balears","125",19
"HONDA","SH125i","Jaén","125",3
"HONDA","SH125i","León","125",1
"HONDA","SH125i","Lleida","125",1
"HONDA","SH125i","Madrid","125",18
"HONDA","SH125i","Málaga","125",105
"HONDA","SH125i","Murcia","125",2
"HONDA","SH125i","Navarra","125",1
"HONDA","SH125i","Ourense","125",3
"HONDA","SH125i","Palmas (Las)","125",3
"HONDA","SH125i","Sevilla","125",4
"HONDA","SH125i","Tarragona","125",3
"HONDA","SH125i","Valencia/València","125",5
"HONDA","SH125i","Zaragoza","125",7
"HONDA","SH350i","Albacete","330",1
"HONDA","SH350i","Alicante/Alacant","330",5
"HONDA","SH350i","Barcelona","330",53
"HONDA","SH350i","Cádiz","330",1
"HONDA","SH350i","Castellón/Castelló","330",2
"HONDA","SH350i","Ceuta","330",7
"HONDA","SH350i","Gipuzkoa","330",8
"HONDA","SH350i","Girona","330",11
"HONDA","SH350i","Granada","330",3
"HONDA","SH350i","Guadalajara","330",1
"HONDA","SH350i","Illes Balears","330",4
"HONDA","SH350i","León","330",1
"HONDA","SH350i","Madrid","330",7
"HONDA","SH350i","Málaga","330",15
"HONDA","SH350i","Murcia","330",1
"HONDA","SH350i","Palmas (Las)","330",1
"HONDA","SH350i","Tarragona","330",1
"HONDA","ST125A","Alicante/Alacant","124",1
"HONDA","ST125A","Barcelona","124",1
"HONDA","ST125A","Granada","124",1
"HONDA","ST125A","Illes Balears","124",1
"HONDA","ST125A","Madrid","124",1
"HONDA","ST125A","Murcia","124",1
"HONDA","ST125A","Palmas (Las)","124",5
"HONDA","ST125A","Santa Cruz de Tenerife","124",6
"HONDA","VISION 110","Álava/Araba","109",2
"HONDA","VISION 110","Alicante/Alacant","109",12
"HONDA","VISION 110","Almería","109",5
"HONDA","VISION 110","Asturias","109",3
"HONDA","VISION 110","Badajoz","109",2
"HONDA","VISION 110","Barcelona","109",134
"HONDA","VISION 110","Bizkaia","109",3
"HONDA","VISION 110","Cáceres","109",1
"HONDA","VISION 110","Cádiz","109",6
"HONDA","VISION 110","Cantabria","109",1
"HONDA","VISION 110","Castellón/Castelló","109",2
"HONDA","VISION 110","Ceuta","109",1
"HONDA","VISION 110","Córdoba","109",5
"HONDA","VISION 110","Coruña (A)","109",1
"HONDA","VISION 110","Gipuzkoa","109",6
"HONDA","VISION 110","Girona","109",17
"HONDA","VISION 110","Granada","109",4
"HONDA","VISION 110","Huelva","109",1
"HONDA","VISION 110","Illes Balears","109",12
"HONDA","VISION 110","Lleida","109",4
"HONDA","VISION 110","Madrid","109",7
"HONDA","VISION 110","Málaga","109",26
"HONDA","VISION 110","Murcia","109",8
"HONDA","VISION 110","Pontevedra","109",2
"HONDA","VISION 110","Rioja (La)","109",1
"HONDA","VISION 110","Salamanca","109",2
"HONDA","VISION 110","Sevilla","109",6
"HONDA","VISION 110","Tarragona","109",1
"HONDA","VISION 110","Teruel","109",1
"HONDA","VISION 110","Toledo","109",1
"HONDA","VISION 110","Valencia/València","109",12
"HONDA","VISION 110","Valladolid","109",2
"HONDA","VISION 110","Zaragoza","109",4
"HONDA","XL750 Transalp","Albacete","755",1
"HONDA","XL750 Transalp","Alicante/Alacant","755",4
"HONDA","XL750 Transalp","Almería","755",1
"HONDA","XL750 Transalp","Barcelona","755",25
"HONDA","XL750 Transalp","Bizkaia","755",1
"HONDA","XL750 Transalp","Cádiz","755",7
"HONDA","XL750 Transalp","Cantabria","755",2
"HONDA","XL750 Transalp","Castellón/Castelló","755",4
"HONDA","XL750 Transalp","Ceuta","755",1
"HONDA","XL750 Transalp","Ciudad Real","755",1
"HONDA","XL750 Transalp","Córdoba","755",3
"HONDA","XL750 Transalp","Coruña (A)","755",3
"HONDA","XL750 Transalp","Girona","755",6
"HONDA","XL750 Transalp","Granada","755",1
"HONDA","XL750 Transalp","Huelva","755",2
"HONDA","XL750 Transalp","Huesca","755",1
"HONDA","XL750 Transalp","Illes Balears","755",7
"HONDA","XL750 Transalp","Jaén","755",1
"HONDA","XL750 Transalp","León","755",1
"HONDA","XL750 Transalp","Lleida","755",1
"HONDA","XL750 Transalp","Madrid","755",13
"HONDA","XL750 Transalp","Málaga","755",10
"HONDA","XL750 Transalp","Murcia","755",3
"HONDA","XL750 Transalp","Navarra","755",2
"HONDA","XL750 Transalp","Ourense","755",1
"HONDA","XL750 Transalp","Palencia","755",1
"HONDA","XL750 Transalp","Palmas (Las)","755",2
"HONDA","XL750 Transalp","Salamanca","755",2
"HONDA","XL750 Transalp","Santa Cruz de Tenerife","755",4
"HONDA","XL750 Transalp","Sevilla","755",6
"HONDA","XL750 Transalp","Valencia/València","755",17
"HONDA","XL750 Transalp","Valladolid","755",3
"HONDA","XL750 Transalp","Zamora","755",1
"HONDA","XL750 Transalp","Zaragoza","755",2
"HONDA","Z125MA","Alicante/Alacant","124",1
"HONDA","Z125MA","Barcelona","124",2
"HONDA","Z125MA","Cádiz","124",1
"HONDA","Z125MA","Illes Balears","124",1
"HONDA","Z125MA","Lugo","124",1
"HONDA","Z125MA","Madrid","124",4
"HONDA","Z125MA","Málaga","124",1
"HONDA","Z125MA","Murcia","124",1
"HONDA","Z125MA","Palmas (Las)","124",1
"HONDA","Z125MA","Valencia/València","124",2
"HUSQVARNA","HUSQVARNA 801 SVARTPIL","Alicante/Alacant","799",1
"HUSQVARNA","HUSQVARNA 801 SVARTPIL","Madrid","799",1
"HUSQVARNA","HUSQVARNA 801 SVARTPIL","Palmas (Las)","799",1
"HUSQVARNA","HUSQVARNA 801 VITPILEN","Bizkaia","799",1
"HUSQVARNA","HUSQVARNA 801 VITPILEN","Madrid","799",2
"HUSQVARNA","HUSQVARNA 801 VITPILEN","Málaga","799",1
"HUSQVARNA","HUSQVARNA 801 VITPILEN","Zaragoza","799",1
"HUSQVARNA","HUSQVARNA 901 NORDEN","Almería","889",1
"HUSQVARNA","HUSQVARNA 901 NORDEN","Bizkaia","889",1
"HUSQVARNA","HUSQVARNA 901 NORDEN","Girona","889",1
"HUSQVARNA","HUSQVARNA 901 NORDEN","Málaga","889",1
"HUSQVARNA","HUSQVARNA 901 NORDEN","Pontevedra","889",1
"HUSQVARNA","HUSQVARNA 901 NORDEN E","Albacete","889",1
"HUSQVARNA","HUSQVARNA 901 NORDEN E","Alicante/Alacant","889",1
"HUSQVARNA","HUSQVARNA 901 NORDEN E","Barcelona","889",3
"HUSQVARNA","HUSQVARNA 901 NORDEN E","Cádiz","889",1
"HUSQVARNA","HUSQVARNA 901 NORDEN E","Castellón/Castelló","889",1
"HUSQVARNA","HUSQVARNA 901 NORDEN E","León","889",2
"HUSQVARNA","HUSQVARNA 901 NORDEN E","Toledo","889",1
"HUSQVARNA","HUSQVARNA FE 250","Zaragoza","250",1
"HUSQVARNA","HUSQVARNA FE 350","Girona","350",1
"HUSQVARNA","HUSQVARNA FE 450","Madrid","450",2
"HUSQVARNA","HUSQVARNA FE 450","Valencia/València","450",1
"HUSQVARNA","HUSQVARNA FE 501","Salamanca","510",1
"HUSQVARNA","HUSQVARNA SVARTPILEN 4","Alicante/Alacant","399",1
"HUSQVARNA","HUSQVARNA SVARTPILEN 4","Barcelona","399",2
"HUSQVARNA","HUSQVARNA SVARTPILEN 4","Córdoba","399",1
"HUSQVARNA","HUSQVARNA SVARTPILEN 4","Gipuzkoa","399",1
"HUSQVARNA","HUSQVARNA SVARTPILEN 4","Huesca","399",1
"HUSQVARNA","HUSQVARNA SVARTPILEN 4","Madrid","399",2
"HUSQVARNA","HUSQVARNA SVARTPILEN 4","Palmas (Las)","399",1
"HUSQVARNA","HUSQVARNA SVARTPILEN 4","Pontevedra","399",1
"HUSQVARNA","HUSQVARNA SVARTPILEN 4","Valencia/València","399",1
"HUSQVARNA","HUSQVARNA SVARTPILEN12","Barcelona","125",2
"HUSQVARNA","HUSQVARNA SVARTPILEN12","Bizkaia","125",1
"HUSQVARNA","HUSQVARNA SVARTPILEN12","Cádiz","125",2
"HUSQVARNA","HUSQVARNA SVARTPILEN12","Madrid","125",6
"HUSQVARNA","HUSQVARNA SVARTPILEN12","Pontevedra","125",2
"HUSQVARNA","HUSQVARNA SVARTPILEN12","Rioja (La)","125",1
"HUSQVARNA","HUSQVARNA TE 150","Asturias","144",1
"HUSQVARNA","HUSQVARNA TE 250","Badajoz","249",1
"HUSQVARNA","HUSQVARNA TE 250","Barcelona","249",2
"HUSQVARNA","HUSQVARNA TE 250","Sevilla","249",1
"HUSQVARNA","HUSQVARNA TE 300","Asturias","293",1
"HUSQVARNA","HUSQVARNA TE 300","Barcelona","293",3
"HUSQVARNA","HUSQVARNA TE 300","Bizkaia","293",1
"HUSQVARNA","HUSQVARNA TE 300","Coruña (A)","293",1
"HUSQVARNA","HUSQVARNA TE 300","Girona","293",1
"HUSQVARNA","HUSQVARNA TE 300","Illes Balears","293",1
"HUSQVARNA","HUSQVARNA TE 300","Madrid","293",1
"HUSQVARNA","HUSQVARNA TE 300","Zamora","293",3
"HUSQVARNA","HUSQVARNA VITPILEN 125","Madrid","125",2
"HUSQVARNA","HUSQVARNA VITPILEN 401","Bizkaia","399",1
"HYOSUNG","GV125","Navarra","125",1
"INDIAN MOTORCYCLE","101 SCOUT","Valencia/València","1250",1
"INDIAN MOTORCYCLE","101 SCOUT","Valladolid","1250",1
"INDIAN MOTORCYCLE","CHALLENGER DARK HORSE","Barcelona","1834",1
"INDIAN MOTORCYCLE","CHIEF BOBBER DARK HORS","Valencia/València","1890",1
"INDIAN MOTORCYCLE","CHIEF DARK HORSE","Barcelona","1890",1
"INDIAN MOTORCYCLE","CHIEFTAIN POWERPLUS DA","Barcelona","1834",1
"INDIAN MOTORCYCLE","CHIEFTAIN POWERPLUS LI","Coruña (A)","1834",1
"INDIAN MOTORCYCLE","FTR","Valencia/València","1203",1
"INDIAN MOTORCYCLE","INDIAN CHALLENGER LIMI","Barcelona","1768",1
"INDIAN MOTORCYCLE","ROADMASTER POWERPLUS L","Murcia","1834",1
"INDIAN MOTORCYCLE","SCOUT BOBBER LIMITED","Alicante/Alacant","1250",1
"INDIAN MOTORCYCLE","SCOUT BOBBER LIMITED","Asturias","1250",1
"INDIAN MOTORCYCLE","SCOUT BOBBER LIMITED","Cádiz","1250",1
"INDIAN MOTORCYCLE","SCOUT BOBBER LIMITED +","Cádiz","1250",1
"INDIAN MOTORCYCLE","SCOUT BOBBER LIMITED +","Madrid","1250",1
"INDIAN MOTORCYCLE","SCOUT BOBBER LIMITED +","Murcia","1250",1
"INDIAN MOTORCYCLE","SCOUT BOBBER LIMITED +","Valencia/València","1250",1
"INDIAN MOTORCYCLE","SCOUT CLASSIC","Burgos","1250",1
"INDIAN MOTORCYCLE","SCOUT CLASSIC LIMITED","Alicante/Alacant","1250",1
"INDIAN MOTORCYCLE","SCOUT SIXTY BOBBER","Madrid","1000",2
"INDIAN MOTORCYCLE","SCOUT SIXTY BOBBER","Toledo","1000",1
"INDIAN MOTORCYCLE","SCOUT SIXTY BOBBER LIM","Coruña (A)","1000",1
"INDIAN MOTORCYCLE","SCOUT SIXTY BOBBER LIM","Málaga","1000",1
"INDIAN MOTORCYCLE","SCOUT SIXTY CLASSIC","Coruña (A)","1000",1
"INDIAN MOTORCYCLE","SCOUT SIXTY CLASSIC","Valencia/València","1000",1
"INDIAN MOTORCYCLE","SPORT CHIEF","Barcelona","1890",1
"INDIAN MOTORCYCLE","SPORT CHIEF RT","Cantabria","1890",1
"INDIAN MOTORCYCLE","SPORT SCOUT LIMITED+TE","Almería","1250",1
"INDIAN MOTORCYCLE","SPORT SCOUT LIMITED+TE","Madrid","1250",1
"INDIAN MOTORCYCLE","SUPER CHIEF DARK HORSE","Barcelona","1890",1
"INDIAN MOTORCYCLE","SUPER SCOUT LIMITED +","Girona","1250",1
"ITALJET","DRAGSTER125","Illes Balears","124",1
"ITALJET","DRAGSTER125","Málaga","124",2
"ITALJET","DRAGSTER200","Murcia","181",1
"ITALJET","DRAGSTER300","Illes Balears","278",1
"ITALJET","DRAGSTER300","Madrid","278",1
"ITALJET","DRAGSTER300","Málaga","278",1
"ITALJET","DRAGSTER300","Palmas (Las)","278",1
"ITALJET","DRAGSTER300","Zaragoza","278",1
"KAWASAKI","ELIMINATOR","Álava/Araba","451",2
"KAWASAKI","ELIMINATOR","Almería","451",1
"KAWASAKI","ELIMINATOR","Asturias","451",1
"KAWASAKI","ELIMINATOR","Barcelona","451",6
"KAWASAKI","ELIMINATOR","Cáceres","451",1
"KAWASAKI","ELIMINATOR","Cádiz","451",1
"KAWASAKI","ELIMINATOR","Cantabria","451",1
"KAWASAKI","ELIMINATOR","Castellón/Castelló","451",1
"KAWASAKI","ELIMINATOR","Coruña (A)","451",1
"KAWASAKI","ELIMINATOR","Granada","451",1
"KAWASAKI","ELIMINATOR","Jaén","451",1
"KAWASAKI","ELIMINATOR","Madrid","451",3
"KAWASAKI","ELIMINATOR","Málaga","451",2
"KAWASAKI","ELIMINATOR","Murcia","451",3
"KAWASAKI","ELIMINATOR","Palmas (Las)","451",1
"KAWASAKI","ELIMINATOR","Santa Cruz de Tenerife","451",3
"KAWASAKI","ELIMINATOR","Sevilla","451",1
"KAWASAKI","ELIMINATOR","Tarragona","451",2
"KAWASAKI","ELIMINATOR","Valencia/València","451",1
"KAWASAKI","ELIMINATOR","Zamora","451",1
"KAWASAKI","NINJA 1000SX","Álava/Araba","1043",1
"KAWASAKI","NINJA 1000SX","Albacete","1043",1
"KAWASAKI","NINJA 1000SX","Barcelona","1043",1
"KAWASAKI","NINJA 1100SX","Barcelona","1099",2
"KAWASAKI","NINJA 1100SX","Illes Balears","1099",1
"KAWASAKI","NINJA 1100SX","Madrid","1099",2
"KAWASAKI","NINJA 1100SX","Valencia/València","1099",1
"KAWASAKI","NINJA 1100SX","Zamora","1099",1
"KAWASAKI","NINJA 125","Castellón/Castelló","125",1
"KAWASAKI","NINJA 500","Alicante/Alacant","451",2
"KAWASAKI","NINJA 500","Asturias","451",2
"KAWASAKI","NINJA 500","Badajoz","451",2
"KAWASAKI","NINJA 500","Barcelona","451",6
"KAWASAKI","NINJA 500","Bizkaia","451",1
"KAWASAKI","NINJA 500","Cáceres","451",1
"KAWASAKI","NINJA 500","Granada","451",2
"KAWASAKI","NINJA 500","Illes Balears","451",3
"KAWASAKI","NINJA 500","Jaén","451",1
"KAWASAKI","NINJA 500","Madrid","451",4
"KAWASAKI","NINJA 500","Málaga","451",1
"KAWASAKI","NINJA 500","Murcia","451",2
"KAWASAKI","NINJA 500","Pontevedra","451",1
"KAWASAKI","NINJA 500","Santa Cruz de Tenerife","451",1
"KAWASAKI","NINJA 500","Segovia","451",1
"KAWASAKI","NINJA 500","Toledo","451",1
"KAWASAKI","NINJA 500","Valencia/València","451",2
"KAWASAKI","NINJA 500","Zaragoza","451",3
"KAWASAKI","NINJA 650","Alicante/Alacant","649",1
"KAWASAKI","NINJA 650","Asturias","649",1
"KAWASAKI","NINJA 650","Ávila","649",1
"KAWASAKI","NINJA 650","Barcelona","649",2
"KAWASAKI","NINJA 650","Girona","649",1
"KAWASAKI","NINJA 650","León","649",1
"KAWASAKI","NINJA 650","Lleida","649",1
"KAWASAKI","NINJA 650","Madrid","649",6
"KAWASAKI","NINJA 650","Málaga","649",3
"KAWASAKI","NINJA 650","Santa Cruz de Tenerife","649",2
"KAWASAKI","NINJA 650","Sevilla","649",1
"KAWASAKI","NINJA 650","Tarragona","649",3
"KAWASAKI","NINJA 650","Toledo","649",2
"KAWASAKI","NINJA 650","Valencia/València","649",1
"KAWASAKI","NINJA 650","Valladolid","649",1
"KAWASAKI","NINJA 7 HYBRID","Madrid","451",1
"KAWASAKI","NINJA ZX-10R","Castellón/Castelló","998",1
"KAWASAKI","NINJA ZX-10R","Coruña (A)","998",1
"KAWASAKI","NINJA ZX-10R","Madrid","998",1
"KAWASAKI","NINJA ZX-10R","Murcia","998",1
"KAWASAKI","NINJA ZX-10R","Valencia/València","998",2
"KAWASAKI","NINJA ZX-10RR","Valladolid","998",1
"KAWASAKI","NINJA ZX-4R","Alicante/Alacant","399",1
"KAWASAKI","NINJA ZX-4R","Barcelona","399",3
"KAWASAKI","NINJA ZX-4R","Bizkaia","399",1
"KAWASAKI","NINJA ZX-4R","Burgos","399",1
"KAWASAKI","NINJA ZX-4R","Cádiz","399",1
"KAWASAKI","NINJA ZX-4R","Castellón/Castelló","399",1
"KAWASAKI","NINJA ZX-4R","Ciudad Real","399",1
"KAWASAKI","NINJA ZX-4R","Coruña (A)","399",1
"KAWASAKI","NINJA ZX-4R","Cuenca","399",1
"KAWASAKI","NINJA ZX-4R","Gipuzkoa","399",1
"KAWASAKI","NINJA ZX-4R","Girona","399",1
"KAWASAKI","NINJA ZX-4R","Granada","399",1
"KAWASAKI","NINJA ZX-4R","León","399",1
"KAWASAKI","NINJA ZX-4R","Madrid","399",3
"KAWASAKI","NINJA ZX-4R","Málaga","399",1
"KAWASAKI","NINJA ZX-4R","Sevilla","399",1
"KAWASAKI","NINJA ZX-4R","Tarragona","399",1
"KAWASAKI","NINJA ZX-4R","Valencia/València","399",1
"KAWASAKI","NINJA ZX-6R","Alicante/Alacant","636",1
"KAWASAKI","NINJA ZX-6R","Barcelona","636",9
"KAWASAKI","NINJA ZX-6R","Bizkaia","636",2
"KAWASAKI","NINJA ZX-6R","Cáceres","636",1
"KAWASAKI","NINJA ZX-6R","Cantabria","636",1
"KAWASAKI","NINJA ZX-6R","Gipuzkoa","636",1
"KAWASAKI","NINJA ZX-6R","Girona","636",1
"KAWASAKI","NINJA ZX-6R","Illes Balears","636",2
"KAWASAKI","NINJA ZX-6R","Jaén","636",1
"KAWASAKI","NINJA ZX-6R","Madrid","636",3
"KAWASAKI","NINJA ZX-6R","Málaga","636",1
"KAWASAKI","NINJA ZX-6R","Murcia","636",3
"KAWASAKI","NINJA ZX-6R","Palmas (Las)","636",2
"KAWASAKI","NINJA ZX-6R","Pontevedra","636",2
"KAWASAKI","NINJA ZX-6R","Rioja (La)","636",1
"KAWASAKI","NINJA ZX-6R","Sevilla","636",4
"KAWASAKI","NINJA ZX-6R","Toledo","636",1
"KAWASAKI","NINJA ZX-6R","Valencia/València","636",2
"KAWASAKI","VERSYS 1000","Navarra","1043",1
"KAWASAKI","VERSYS 1100","Alicante/Alacant","1099",3
"KAWASAKI","VERSYS 1100","Badajoz","1099",2
"KAWASAKI","VERSYS 1100","Barcelona","1099",7
"KAWASAKI","VERSYS 1100","Burgos","1099",1
"KAWASAKI","VERSYS 1100","Cádiz","1099",3
"KAWASAKI","VERSYS 1100","Girona","1099",1
"KAWASAKI","VERSYS 1100","Granada","1099",1
"KAWASAKI","VERSYS 1100","Illes Balears","1099",1
"KAWASAKI","VERSYS 1100","Lleida","1099",1
"KAWASAKI","VERSYS 1100","Madrid","1099",3
"KAWASAKI","VERSYS 1100","Málaga","1099",1
"KAWASAKI","VERSYS 1100","Ourense","1099",1
"KAWASAKI","VERSYS 1100","Pontevedra","1099",1
"KAWASAKI","VERSYS 1100","Rioja (La)","1099",1
"KAWASAKI","VERSYS 1100","Segovia","1099",1
"KAWASAKI","VERSYS 1100","Sevilla","1099",1
"KAWASAKI","VERSYS 1100","Toledo","1099",1
"KAWASAKI","VERSYS 1100","Valencia/València","1099",2
"KAWASAKI","VERSYS 1100","Valladolid","1099",2
"KAWASAKI","VERSYS 650","Álava/Araba","649",1
"KAWASAKI","VERSYS 650","Albacete","649",1
"KAWASAKI","VERSYS 650","Barcelona","649",15
"KAWASAKI","VERSYS 650","Bizkaia","649",1
"KAWASAKI","VERSYS 650","Cádiz","649",2
"KAWASAKI","VERSYS 650","Castellón/Castelló","649",1
"KAWASAKI","VERSYS 650","Córdoba","649",1
"KAWASAKI","VERSYS 650","Coruña (A)","649",1
"KAWASAKI","VERSYS 650","Gipuzkoa","649",1
"KAWASAKI","VERSYS 650","Girona","649",2
"KAWASAKI","VERSYS 650","Illes Balears","649",2
"KAWASAKI","VERSYS 650","Madrid","649",3
"KAWASAKI","VERSYS 650","Málaga","649",3
"KAWASAKI","VERSYS 650","Murcia","649",1
"KAWASAKI","VERSYS 650","Palmas (Las)","649",2
"KAWASAKI","VERSYS 650","Salamanca","649",1
"KAWASAKI","VERSYS 650","Santa Cruz de Tenerife","649",2
"KAWASAKI","VERSYS 650","Sevilla","649",1
"KAWASAKI","VERSYS 650","Tarragona","649",1
"KAWASAKI","VULCAN S","Alicante/Alacant","649",2
"KAWASAKI","VULCAN S","Asturias","649",1
"KAWASAKI","VULCAN S","Barcelona","649",5
"KAWASAKI","VULCAN S","Bizkaia","649",1
"KAWASAKI","VULCAN S","Castellón/Castelló","649",2
"KAWASAKI","VULCAN S","Córdoba","649",1
"KAWASAKI","VULCAN S","Gipuzkoa","649",1
"KAWASAKI","VULCAN S","Granada","649",1
"KAWASAKI","VULCAN S","Guadalajara","649",1
"KAWASAKI","VULCAN S","Huesca","649",1
"KAWASAKI","VULCAN S","Madrid","649",4
"KAWASAKI","VULCAN S","Málaga","649",2
"KAWASAKI","VULCAN S","Murcia","649",2
"KAWASAKI","VULCAN S","Palencia","649",1
"KAWASAKI","VULCAN S","Palmas (Las)","649",1
"KAWASAKI","VULCAN S","Tarragona","649",3
"KAWASAKI","VULCAN S","Toledo","649",1
"KAWASAKI","VULCAN S","Valencia/València","649",1
"KAWASAKI","VULCAN S","Valladolid","649",1
"KAWASAKI","W800","Barcelona","773",1
"KAWASAKI","Z125","Córdoba","125",1
"KAWASAKI","Z125","Gipuzkoa","125",1
"KAWASAKI","Z125","Girona","125",1
"KAWASAKI","Z125","Palmas (Las)","125",1
"KAWASAKI","Z125","Santa Cruz de Tenerife","125",1
"KAWASAKI","Z125","Tarragona","125",1
"KAWASAKI","Z500","Alicante/Alacant","451",1
"KAWASAKI","Z500","Asturias","451",1
"KAWASAKI","Z500","Badajoz","451",1
"KAWASAKI","Z500","Barcelona","451",7
"KAWASAKI","Z500","Bizkaia","451",2
"KAWASAKI","Z500","Cádiz","451",1
"KAWASAKI","Z500","Castellón/Castelló","451",1
"KAWASAKI","Z500","Girona","451",2
"KAWASAKI","Z500","Granada","451",3
"KAWASAKI","Z500","Illes Balears","451",6
"KAWASAKI","Z500","Madrid","451",6
"KAWASAKI","Z500","Málaga","451",2
"KAWASAKI","Z500","Navarra","451",2
"KAWASAKI","Z500","Palencia","451",1
"KAWASAKI","Z500","Palmas (Las)","451",1
"KAWASAKI","Z500","Santa Cruz de Tenerife","451",1
"KAWASAKI","Z500","Sevilla","451",2
"KAWASAKI","Z500","Tarragona","451",1
"KAWASAKI","Z500","Valencia/València","451",2
"KAWASAKI","Z650","Albacete","649",1
"KAWASAKI","Z650","Alicante/Alacant","649",2
"KAWASAKI","Z650","Asturias","649",3
"KAWASAKI","Z650","Barcelona","649",13
"KAWASAKI","Z650","Bizkaia","649",3
"KAWASAKI","Z650","Burgos","649",2
"KAWASAKI","Z650","Cádiz","649",5
"KAWASAKI","Z650","Cantabria","649",1
"KAWASAKI","Z650","Castellón/Castelló","649",1
"KAWASAKI","Z650","Gipuzkoa","649",3
"KAWASAKI","Z650","Granada","649",1
"KAWASAKI","Z650","Illes Balears","649",1
"KAWASAKI","Z650","Lleida","649",1
"KAWASAKI","Z650","Madrid","649",8
"KAWASAKI","Z650","Málaga","649",5
"KAWASAKI","Z650","Murcia","649",2
"KAWASAKI","Z650","Palmas (Las)","649",1
"KAWASAKI","Z650","Pontevedra","649",1
"KAWASAKI","Z650","Rioja (La)","649",1
"KAWASAKI","Z650","Tarragona","649",1
"KAWASAKI","Z650","Toledo","649",1
"KAWASAKI","Z650","Valencia/València","649",7
"KAWASAKI","Z650","Valladolid","649",1
"KAWASAKI","Z650","Zaragoza","649",1
"KAWASAKI","Z650RS","Alicante/Alacant","649",3
"KAWASAKI","Z650RS","Asturias","649",1
"KAWASAKI","Z650RS","Barcelona","649",5
"KAWASAKI","Z650RS","Bizkaia","649",1
"KAWASAKI","Z650RS","Gipuzkoa","649",1
"KAWASAKI","Z650RS","León","649",1
"KAWASAKI","Z650RS","Madrid","649",3
"KAWASAKI","Z650RS","Málaga","649",2
"KAWASAKI","Z650RS","Palmas (Las)","649",1
"KAWASAKI","Z650RS","Pontevedra","649",1
"KAWASAKI","Z650RS","Sevilla","649",1
"KAWASAKI","Z650RS","Tarragona","649",1
"KAWASAKI","Z650RS","Valencia/València","649",1
"KAWASAKI","Z650RS","Zaragoza","649",2
"KAWASAKI","Z7 HYBRID","Álava/Araba","451",1
"KAWASAKI","Z7 HYBRID","Córdoba","451",1
"KAWASAKI","Z7 HYBRID","Madrid","451",1
"KAWASAKI","Z900","Álava/Araba","948",2
"KAWASAKI","Z900","Alicante/Alacant","948",7
"KAWASAKI","Z900","Almería","948",2
"KAWASAKI","Z900","Asturias","948",4
"KAWASAKI","Z900","Badajoz","948",3
"KAWASAKI","Z900","Barcelona","948",35
"KAWASAKI","Z900","Bizkaia","948",4
"KAWASAKI","Z900","Cáceres","948",2
"KAWASAKI","Z900","Cádiz","948",8
"KAWASAKI","Z900","Cantabria","948",2
"KAWASAKI","Z900","Castellón/Castelló","948",2
"KAWASAKI","Z900","Ciudad Real","948",1
"KAWASAKI","Z900","Córdoba","948",3
"KAWASAKI","Z900","Coruña (A)","948",7
"KAWASAKI","Z900","Gipuzkoa","948",3
"KAWASAKI","Z900","Girona","948",4
"KAWASAKI","Z900","Granada","948",2
"KAWASAKI","Z900","Huelva","948",1
"KAWASAKI","Z900","Illes Balears","948",8
"KAWASAKI","Z900","Jaén","948",1
"KAWASAKI","Z900","León","948",2
"KAWASAKI","Z900","Lleida","948",3
"KAWASAKI","Z900","Lugo","948",1
"KAWASAKI","Z900","Madrid","948",21
"KAWASAKI","Z900","Málaga","948",8
"KAWASAKI","Z900","Murcia","948",7
"KAWASAKI","Z900","Navarra","948",2
"KAWASAKI","Z900","Ourense","948",1
"KAWASAKI","Z900","Palencia","948",1
"KAWASAKI","Z900","Palmas (Las)","948",9
"KAWASAKI","Z900","Pontevedra","948",2
"KAWASAKI","Z900","Rioja (La)","948",2
"KAWASAKI","Z900","Santa Cruz de Tenerife","948",7
"KAWASAKI","Z900","Segovia","948",1
"KAWASAKI","Z900","Sevilla","948",8
"KAWASAKI","Z900","Tarragona","948",2
"KAWASAKI","Z900","Toledo","948",2
"KAWASAKI","Z900","Valencia/València","948",6
"KAWASAKI","Z900","Valladolid","948",2
"KAWASAKI","Z900","Zaragoza","948",5
"KAWASAKI","Z900RS","Alicante/Alacant","948",1
"KAWASAKI","Z900RS","Castellón/Castelló","948",4
"KAWASAKI","Z900RS","Madrid","948",2
"KAWASAKI","Z900RS","Valencia/València","948",1
"KEEWAY","GEMMA","Alicante/Alacant","117",1
"KEEWAY","GEMMA","Asturias","117",2
"KEEWAY","GEMMA","Barcelona","117",2
"KEEWAY","GEMMA","Ceuta","117",4
"KEEWAY","GEMMA","Gipuzkoa","117",1
"KEEWAY","GEMMA","Jaén","117",1
"KEEWAY","GEMMA","Madrid","117",3
"KEEWAY","GEMMA","Málaga","117",2
"KEEWAY","GEMMA","Murcia","117",4
"KEEWAY","GEMMA","Santa Cruz de Tenerife","117",1
"KEEWAY","GEMMA","Sevilla","117",3
"KEEWAY","ICON 125 S","Asturias","124",2
"KEEWAY","ICON 125 S","Barcelona","124",3
"KEEWAY","ICON 125 S","Bizkaia","124",2
"KEEWAY","ICON 125 S","Cantabria","124",1
"KEEWAY","ICON 125 S","Córdoba","124",2
"KEEWAY","ICON 125 S","Granada","124",1
"KEEWAY","ICON 125 S","Madrid","124",4
"KEEWAY","ICON 125 S","Sevilla","124",1
"KEEWAY","ICON 125 S","Teruel","124",1
"KEEWAY","ICON 125 S","Toledo","124",1
"KEEWAY","ICON 125 S","Zaragoza","124",1
"KEEWAY","K-LIGHT 125","Madrid","124",1
"KEEWAY","M502N","Asturias","486",1
"KEEWAY","M502N","Córdoba","486",1
"KEEWAY","M502N","León","486",1
"KEEWAY","RK V125C","Rioja (La)","125",1
"KEEWAY","RK V125C","Sevilla","125",1
"KEEWAY","RKF 125 ABS","Alicante/Alacant","125",3
"KEEWAY","RKF 125 ABS","Asturias","125",2
"KEEWAY","RKF 125 ABS","Badajoz","125",1
"KEEWAY","RKF 125 ABS","Barcelona","125",4
"KEEWAY","RKF 125 ABS","Bizkaia","125",1
"KEEWAY","RKF 125 ABS","Burgos","125",1
"KEEWAY","RKF 125 ABS","Cádiz","125",2
"KEEWAY","RKF 125 ABS","Cantabria","125",1
"KEEWAY","RKF 125 ABS","Castellón/Castelló","125",1
"KEEWAY","RKF 125 ABS","Córdoba","125",1
"KEEWAY","RKF 125 ABS","Coruña (A)","125",2
"KEEWAY","RKF 125 ABS","Girona","125",1
"KEEWAY","RKF 125 ABS","Granada","125",1
"KEEWAY","RKF 125 ABS","Illes Balears","125",1
"KEEWAY","RKF 125 ABS","Jaén","125",1
"KEEWAY","RKF 125 ABS","Madrid","125",4
"KEEWAY","RKF 125 ABS","Málaga","125",2
"KEEWAY","RKF 125 ABS","Murcia","125",2
"KEEWAY","RKF 125 ABS","Palmas (Las)","125",1
"KEEWAY","RKF 125 ABS","Pontevedra","125",1
"KEEWAY","RKF 125 ABS","Segovia","125",2
"KEEWAY","RKF 125 ABS","Tarragona","125",2
"KEEWAY","RKF 125 CBS","Barcelona","125",1
"KEEWAY","RKF 125 CBS","Madrid","125",1
"KEEWAY","RKS 125","Asturias","124",1
"KEEWAY","RKS 125","Badajoz","124",1
"KEEWAY","RKS 125","Barcelona","124",2
"KEEWAY","RKS 125","Bizkaia","124",1
"KEEWAY","RKS 125","Burgos","124",1
"KEEWAY","RKS 125","Coruña (A)","124",1
"KEEWAY","RKS 125","Gipuzkoa","124",1
"KEEWAY","RKS 125","Guadalajara","124",1
"KEEWAY","RKS 125","Huesca","124",1
"KEEWAY","RKS 125","Illes Balears","124",1
"KEEWAY","RKS 125","Jaén","124",1
"KEEWAY","RKS 125","Madrid","124",4
"KEEWAY","RKS 125","Murcia","124",1
"KEEWAY","RKS 125","Rioja (La)","124",1
"KEEWAY","RKS 125","Salamanca","124",1
"KEEWAY","RKS 125","Santa Cruz de Tenerife","124",1
"KEEWAY","RKS 125","Sevilla","124",1
"KEEWAY","RKS 125","Tarragona","124",1
"KEEWAY","RKS 125","Valencia/València","124",3
"KEEWAY","RKS 125","Zaragoza","124",3
"KEEWAY","SIXTIES 300","Almería","278",1
"KEEWAY","SIXTIES 300","Madrid","278",1
"KEEWAY","SIXTIES 300","Sevilla","278",1
"KEEWAY","V-CRUISE 125","Córdoba","125",1
"KEEWAY","V-CRUISE 125","Sevilla","125",3
"KEEWAY","V302C","Palmas (Las)","298",1
"KEEWAY","VERSILIA 125","Alicante/Alacant","125",2
"KEEWAY","VERSILIA 125","Ceuta","125",1
"KEEWAY","VERSILIA 125","Córdoba","125",1
"KEEWAY","VERSILIA 125","Coruña (A)","125",1
"KEEWAY","VERSILIA 125","Illes Balears","125",2
"KEEWAY","VERSILIA 125","Jaén","125",1
"KEEWAY","VERSILIA 125","Madrid","125",1
"KEEWAY","VERSILIA 125","Sevilla","125",1
"KEEWAY","VERSILIA 125","Tarragona","125",2
"KEEWAY","VERSILIA 125","Valencia/València","125",3
"KEEWAY","VERSILIA 125","Valladolid","125",2
"KEEWAY","VIESTE 125","Almería","125",1
"KEEWAY","VIESTE 125","Badajoz","125",1
"KEEWAY","VIESTE 125","Barcelona","125",7
"KEEWAY","VIESTE 125","Cádiz","125",4
"KEEWAY","VIESTE 125","Cantabria","125",1
"KEEWAY","VIESTE 125","Castellón/Castelló","125",4
"KEEWAY","VIESTE 125","Córdoba","125",5
"KEEWAY","VIESTE 125","Girona","125",1
"KEEWAY","VIESTE 125","Huelva","125",1
"KEEWAY","VIESTE 125","Illes Balears","125",1
"KEEWAY","VIESTE 125","Jaén","125",1
"KEEWAY","VIESTE 125","León","125",1
"KEEWAY","VIESTE 125","Madrid","125",11
"KEEWAY","VIESTE 125","Murcia","125",1
"KEEWAY","VIESTE 125","Navarra","125",1
"KEEWAY","VIESTE 125","Sevilla","125",2
"KEEWAY","VIESTE 125","Tarragona","125",3
"KEEWAY","VIESTE 125","Toledo","125",3
"KEEWAY","VIESTE 125","Valencia/València","125",2
"KEEWAY","VIESTE 125","Valladolid","125",1
"KEEWAY","VIESTE 125","Zaragoza","125",2
"KEEWAY","VIESTE 125LX","Alicante/Alacant","125",1
"KEEWAY","VIESTE 125LX","Barcelona","125",1
"KEEWAY","VIESTE 125LX","Cádiz","125",1
"KEEWAY","VIESTE 125LX","Girona","125",1
"KEEWAY","VIESTE 125LX","Madrid","125",1
"KEEWAY","VIESTE 125LX","Málaga","125",3
"KEEWAY","VIESTE 125LX","Sevilla","125",6
"KEEWAY","VIESTE 125XDV","Alicante/Alacant","125",1
"KEEWAY","VIESTE 125XDV","Badajoz","125",1
"KEEWAY","VIESTE 125XDV","Bizkaia","125",1
"KEEWAY","VIESTE 125XDV","Burgos","125",1
"KEEWAY","VIESTE 125XDV","Cádiz","125",3
"KEEWAY","VIESTE 125XDV","Ceuta","125",1
"KEEWAY","VIESTE 125XDV","Huesca","125",1
"KEEWAY","VIESTE 125XDV","Jaén","125",2
"KEEWAY","VIESTE 125XDV","Palmas (Las)","125",1
"KEEWAY","VIESTE 125XDV","Tarragona","125",4
"KEEWAY","VIESTE 300XDV","Madrid","278",1
"KEEWAY","VIESTE 300XDV","Palmas (Las)","278",1
"KEEWAY","VIESTE 300XDV","Zaragoza","278",1
"KEEWAY","VIESTE300 XDV","Palmas (Las)","278",1
"KEEWAY","VIESTE300 XDV","Tarragona","278",1
"KEEWAY","X-LIGHT 125","Ceuta","125",1
"KEEWAY","X-LIGHT 125","Valladolid","125",1
"KEEWAY","XDV 125 EVO PRO","Alicante/Alacant","125",4
"KEEWAY","XDV 125 EVO PRO","Almería","125",2
"KEEWAY","XDV 125 EVO PRO","Asturias","125",1
"KEEWAY","XDV 125 EVO PRO","Ávila","125",1
"KEEWAY","XDV 125 EVO PRO","Badajoz","125",4
"KEEWAY","XDV 125 EVO PRO","Barcelona","125",20
"KEEWAY","XDV 125 EVO PRO","Bizkaia","125",3
"KEEWAY","XDV 125 EVO PRO","Cáceres","125",1
"KEEWAY","XDV 125 EVO PRO","Cádiz","125",9
"KEEWAY","XDV 125 EVO PRO","Cantabria","125",1
"KEEWAY","XDV 125 EVO PRO","Castellón/Castelló","125",2
"KEEWAY","XDV 125 EVO PRO","Ceuta","125",8
"KEEWAY","XDV 125 EVO PRO","Córdoba","125",1
"KEEWAY","XDV 125 EVO PRO","Gipuzkoa","125",1
"KEEWAY","XDV 125 EVO PRO","Girona","125",1
"KEEWAY","XDV 125 EVO PRO","Granada","125",2
"KEEWAY","XDV 125 EVO PRO","Huelva","125",8
"KEEWAY","XDV 125 EVO PRO","Illes Balears","125",3
"KEEWAY","XDV 125 EVO PRO","Jaén","125",3
"KEEWAY","XDV 125 EVO PRO","Lleida","125",1
"KEEWAY","XDV 125 EVO PRO","Madrid","125",5
"KEEWAY","XDV 125 EVO PRO","Málaga","125",14
"KEEWAY","XDV 125 EVO PRO","Murcia","125",2
"KEEWAY","XDV 125 EVO PRO","Ourense","125",1
"KEEWAY","XDV 125 EVO PRO","Palencia","125",1
"KEEWAY","XDV 125 EVO PRO","Palmas (Las)","125",15
"KEEWAY","XDV 125 EVO PRO","Rioja (La)","125",1
"KEEWAY","XDV 125 EVO PRO","Sevilla","125",1
"KEEWAY","XDV 125 EVO PRO","Tarragona","125",3
"KEEWAY","XDV 125 EVO PRO","Toledo","125",2
"KEEWAY","XDV 125 EVO PRO","Valencia/València","125",3
"KEEWAY","XDV 125 EVO PRO","Valladolid","125",1
"KEEWAY","XDV 125 EVO PRO","Zaragoza","125",3
"KOVE","450 RALLY","Barcelona","449",1
"KOVE","450 RALLY","Cáceres","449",1
"KOVE","450 RALLY","Girona","449",1
"KOVE","450 RALLY","Madrid","449",1
"KOVE","450 RALLY","Murcia","449",1
"KOVE","450 RALLY","Santa Cruz de Tenerife","449",1
"KOVE","450 RALLY","Sevilla","449",1
"KOVE","KOVE 800 X PRO","Álava/Araba","799",1
"KOVE","KOVE 800 X PRO","Alicante/Alacant","799",1
"KOVE","KOVE 800 X PRO","Barcelona","799",6
"KOVE","KOVE 800 X PRO","Castellón/Castelló","799",1
"KOVE","KOVE 800 X PRO","Girona","799",3
"KOVE","KOVE 800 X PRO","Granada","799",2
"KOVE","KOVE 800 X PRO","Illes Balears","799",1
"KOVE","KOVE 800 X PRO","Málaga","799",2
"KOVE","KOVE 800 X PRO","Melilla","799",1
"KOVE","KOVE 800 X PRO","Murcia","799",1
"KOVE","KOVE 800 X PRO","Palmas (Las)","799",1
"KOVE","KOVE 800 X PRO","Santa Cruz de Tenerife","799",1
"KOVE","KOVE 800 X PRO","Sevilla","799",2
"KOVE","KOVE 800 X PRO","Tarragona","799",1
"KOVE","KOVE 800 X PRO","Valencia/València","799",2
"KOVE","KOVE 800 X PRO","Zaragoza","799",1
"KOVE","KOVE 800 X RALLY","Alicante/Alacant","799",1
"KOVE","KOVE 800 X RALLY","Barcelona","799",2
"KOVE","KOVE 800 X RALLY","Cáceres","799",1
"KOVE","KOVE 800 X RALLY","Cantabria","799",1
"KOVE","KOVE 800 X RALLY","Cuenca","799",1
"KOVE","KOVE 800 X RALLY","Girona","799",1
"KOVE","KOVE 800 X RALLY","Granada","799",1
"KOVE","KOVE 800 X RALLY","Madrid","799",1
"KOVE","KOVE 800 X RALLY","Tarragona","799",2
"KOVE","KOVE 800 X RALLY","Valencia/València","799",1
"KOVE","KOVE 800 X RALLY","Zamora","799",1
"KOVE","NK 125 R","Alicante/Alacant","125",1
"KOVE","NK 125 R","Almería","125",1
"KOVE","NK 125 R","Barcelona","125",5
"KOVE","NK 125 R","Cádiz","125",1
"KOVE","NK 125 R","Gipuzkoa","125",2
"KOVE","NK 125 R","Illes Balears","125",1
"KOVE","NK 125 R","Santa Cruz de Tenerife","125",1
"KOVE","NK 125 R","Valencia/València","125",2
"KOVE","NK 125 R","Zaragoza","125",1
"KTM","KTM 125 DUKE","Almería","125",1
"KTM","KTM 125 DUKE","Asturias","125",1
"KTM","KTM 125 DUKE","Barcelona","125",9
"KTM","KTM 125 DUKE","Bizkaia","125",2
"KTM","KTM 125 DUKE","Cádiz","125",1
"KTM","KTM 125 DUKE","Cantabria","125",1
"KTM","KTM 125 DUKE","Castellón/Castelló","125",1
"KTM","KTM 125 DUKE","Córdoba","125",1
"KTM","KTM 125 DUKE","Coruña (A)","125",3
"KTM","KTM 125 DUKE","Gipuzkoa","125",1
"KTM","KTM 125 DUKE","Granada","125",2
"KTM","KTM 125 DUKE","Huelva","125",1
"KTM","KTM 125 DUKE","Illes Balears","125",3
"KTM","KTM 125 DUKE","Lleida","125",2
"KTM","KTM 125 DUKE","Madrid","125",9
"KTM","KTM 125 DUKE","Málaga","125",1
"KTM","KTM 125 DUKE","Murcia","125",1
"KTM","KTM 125 DUKE","Navarra","125",1
"KTM","KTM 125 DUKE","Ourense","125",1
"KTM","KTM 125 DUKE","Palmas (Las)","125",4
"KTM","KTM 125 DUKE","Santa Cruz de Tenerife","125",1
"KTM","KTM 125 DUKE","Sevilla","125",2
"KTM","KTM 125 DUKE","Soria","125",2
"KTM","KTM 125 DUKE","Toledo","125",1
"KTM","KTM 125 DUKE","Valencia/València","125",2
"KTM","KTM 125 ENDURO","Alicante/Alacant","125",1
"KTM","KTM 125 ENDURO","Badajoz","125",2
"KTM","KTM 125 ENDURO","Barcelona","125",2
"KTM","KTM 125 ENDURO","Burgos","125",1
"KTM","KTM 125 ENDURO","Cáceres","125",1
"KTM","KTM 125 ENDURO","Ciudad Real","125",1
"KTM","KTM 125 ENDURO","Coruña (A)","125",1
"KTM","KTM 125 ENDURO","Girona","125",2
"KTM","KTM 125 ENDURO","Madrid","125",1
"KTM","KTM 125 ENDURO","Málaga","125",2
"KTM","KTM 125 ENDURO","Murcia","125",1
"KTM","KTM 125 ENDURO","Salamanca","125",1
"KTM","KTM 125 ENDURO","Segovia","125",1
"KTM","KTM 125 ENDURO","Toledo","125",1
"KTM","KTM 125 SMC R","Alicante/Alacant","125",1
"KTM","KTM 125 SMC R","Ciudad Real","125",1
"KTM","KTM 125 SMC R","Granada","125",1
"KTM","KTM 125 SMC R","Lleida","125",1
"KTM","KTM 125 SMC R","Rioja (La)","125",1
"KTM","KTM 125 SMC R","Valencia/València","125",2
"KTM","KTM 1290 R","Ceuta","1301",1
"KTM","KTM 1290 SUPER ADVENTU","Cádiz","1301",1
"KTM","KTM 1290 SUPER ADVENTU","Girona","1301",1
"KTM","KTM 1290 SUPER ADVENTU","Huelva","1301",1
"KTM","KTM 1290 SUPER ADVENTU","Málaga","1301",2
"KTM","KTM 1290 SUPER ADVENTU","Valencia/València","1301",2
"KTM","KTM 1290 SUPER DUKE GT","Barcelona","1301",1
"KTM","KTM 1290 SUPER DUKE GT","Guadalajara","1301",1
"KTM","KTM 1290 SUPER DUKE GT","Palmas (Las)","1301",1
"KTM","KTM 1290 SUPER DUKE GT","Pontevedra","1301",1
"KTM","KTM 1290 SUPER DUKE R","Albacete","1301",1
"KTM","KTM 1290 SUPER DUKE R","Pontevedra","1301",1
"KTM","KTM 1390 SUPER DUKE R","Alicante/Alacant","1350",2
"KTM","KTM 1390 SUPER DUKE R","Almería","1350",1
"KTM","KTM 1390 SUPER DUKE R","León","1350",1
"KTM","KTM 1390 SUPER DUKE R","Lleida","1350",1
"KTM","KTM 1390 SUPER DUKE R","Palencia","1350",1
"KTM","KTM 1390 SUPER DUKE R","Tarragona","1350",1
"KTM","KTM 1390 SUPER DUKE R","Valencia/València","1350",1
"KTM","KTM 250 EXC","Barcelona","249",2
"KTM","KTM 250 EXC","Bizkaia","249",1
"KTM","KTM 250 EXC","Cáceres","249",1
"KTM","KTM 250 EXC","Castellón/Castelló","249",1
"KTM","KTM 250 EXC","Ceuta","249",1
"KTM","KTM 250 EXC","Gipuzkoa","249",1
"KTM","KTM 250 EXC","Pontevedra","249",1
"KTM","KTM 250 EXC","Segovia","249",1
"KTM","KTM 250 EXC","Tarragona","249",1
"KTM","KTM 300 EXC","Alicante/Alacant","293",1
"KTM","KTM 300 EXC","Asturias","293",3
"KTM","KTM 300 EXC","Barcelona","293",5
"KTM","KTM 300 EXC","Bizkaia","293",1
"KTM","KTM 300 EXC","Girona","293",2
"KTM","KTM 300 EXC","Granada","293",2
"KTM","KTM 300 EXC","Jaén","293",1
"KTM","KTM 300 EXC","León","293",3
"KTM","KTM 300 EXC","Madrid","293",4
"KTM","KTM 300 EXC","Málaga","293",1
"KTM","KTM 300 EXC","Murcia","293",3
"KTM","KTM 300 EXC","Navarra","293",1
"KTM","KTM 300 EXC","Ourense","293",1
"KTM","KTM 300 EXC","Palmas (Las)","293",1
"KTM","KTM 300 EXC","Pontevedra","293",2
"KTM","KTM 300 EXC","Toledo","293",1
"KTM","KTM 350 EXC-F","Barcelona","350",1
"KTM","KTM 350 EXC-F","Ceuta","350",1
"KTM","KTM 350 EXC-F","Ciudad Real","350",1
"KTM","KTM 350 EXC-F","Córdoba","350",1
"KTM","KTM 350 EXC-F","Granada","350",1
"KTM","KTM 350 EXC-F","Madrid","350",1
"KTM","KTM 350 EXC-F","Pontevedra","350",1
"KTM","KTM 350 EXC-F","Segovia","350",1
"KTM","KTM 350 EXC-F","Sevilla","350",1
"KTM","KTM 350 EXC-F","Valladolid","350",1
"KTM","KTM 390 ADVENTURE","Almería","373",1
"KTM","KTM 390 ADVENTURE","Madrid","373",3
"KTM","KTM 390 ADVENTURE","Málaga","373",1
"KTM","KTM 390 ADVENTURE","Murcia","373",1
"KTM","KTM 390 ADVENTURE","Toledo","373",1
"KTM","KTM 390 ADVENTURE","Valencia/València","373",1
"KTM","KTM 390 ADVENTURE R","Alicante/Alacant","399",2
"KTM","KTM 390 ADVENTURE R","Barcelona","399",7
"KTM","KTM 390 ADVENTURE R","Cádiz","399",1
"KTM","KTM 390 ADVENTURE R","Castellón/Castelló","399",1
"KTM","KTM 390 ADVENTURE R","Ceuta","399",1
"KTM","KTM 390 ADVENTURE R","Ciudad Real","399",1
"KTM","KTM 390 ADVENTURE R","Gipuzkoa","399",1
"KTM","KTM 390 ADVENTURE R","Granada","399",1
"KTM","KTM 390 ADVENTURE R","Illes Balears","399",3
"KTM","KTM 390 ADVENTURE R","Jaén","399",1
"KTM","KTM 390 ADVENTURE R","León","399",1
"KTM","KTM 390 ADVENTURE R","Madrid","399",4
"KTM","KTM 390 ADVENTURE R","Málaga","399",1
"KTM","KTM 390 ADVENTURE R","Navarra","399",1
"KTM","KTM 390 ADVENTURE R","Santa Cruz de Tenerife","399",1
"KTM","KTM 390 ADVENTURE R","Tarragona","399",2
"KTM","KTM 390 ADVENTURE R","Zaragoza","399",1
"KTM","KTM 390 ADVENTURE X","Alicante/Alacant","399",4
"KTM","KTM 390 ADVENTURE X","Barcelona","399",5
"KTM","KTM 390 ADVENTURE X","Girona","399",1
"KTM","KTM 390 ADVENTURE X","Granada","399",2
"KTM","KTM 390 ADVENTURE X","Madrid","399",1
"KTM","KTM 390 ADVENTURE X","Málaga","399",1
"KTM","KTM 390 DUKE","Alicante/Alacant","399",1
"KTM","KTM 390 DUKE","Castellón/Castelló","399",1
"KTM","KTM 390 DUKE","Girona","399",1
"KTM","KTM 390 DUKE","Lugo","399",1
"KTM","KTM 390 DUKE","Madrid","399",2
"KTM","KTM 390 DUKE","Málaga","399",1
"KTM","KTM 390 DUKE","Palencia","399",1
"KTM","KTM 390 DUKE","Santa Cruz de Tenerife","399",2
"KTM","KTM 390 ENDURO","Alicante/Alacant","399",1
"KTM","KTM 390 ENDURO","Badajoz","399",1
"KTM","KTM 390 ENDURO","Barcelona","399",3
"KTM","KTM 390 ENDURO","Castellón/Castelló","399",1
"KTM","KTM 390 ENDURO","Illes Balears","399",1
"KTM","KTM 390 ENDURO","Madrid","399",2
"KTM","KTM 390 ENDURO","Málaga","399",4
"KTM","KTM 390 ENDURO","Murcia","399",1
"KTM","KTM 390 ENDURO","Navarra","399",1
"KTM","KTM 390 ENDURO","Valladolid","399",1
"KTM","KTM 390 SMC R","Alicante/Alacant","399",1
"KTM","KTM 390 SMC R","Barcelona","399",2
"KTM","KTM 390 SMC R","Cádiz","399",1
"KTM","KTM 390 SMC R","Castellón/Castelló","399",1
"KTM","KTM 390 SMC R","Granada","399",1
"KTM","KTM 390 SMC R","León","399",1
"KTM","KTM 390 SMC R","Lleida","399",1
"KTM","KTM 390 SMC R","Madrid","399",2
"KTM","KTM 390 SMC R","Navarra","399",1
"KTM","KTM 390 SMC R","Sevilla","399",1
"KTM","KTM 450 EXC-F","Barcelona","450",1
"KTM","KTM 450 EXC-F","Granada","450",1
"KTM","KTM 450 EXC-F","Lleida","450",1
"KTM","KTM 450 EXC-F","Madrid","450",1
"KTM","KTM 450 NEXC-F","Ceuta","450",1
"KTM","KTM 450 RALLY FACTORY","Álava/Araba","449",1
"KTM","KTM 450 RALLY FACTORY","Barcelona","449",1
"KTM","KTM 450 RALLY FACTORY","Cantabria","449",1
"KTM","KTM 450 RALLY FACTORY","Ceuta","449",1
"KTM","KTM 450 RALLY FACTORY","Rioja (La)","449",1
"KTM","KTM 450 RALLY FACTORY","Tarragona","449",1
"KTM","KTM 500 EXC-F","Sevilla","510",1
"KTM","KTM 690 ENDURO R","Barcelona","693",2
"KTM","KTM 690 ENDURO R","Huesca","693",1
"KTM","KTM 690 ENDURO R","Illes Balears","693",1
"KTM","KTM 690 ENDURO R","Madrid","693",1
"KTM","KTM 690 ENDURO R","Málaga","693",1
"KTM","KTM 690 ENDURO R","Sevilla","693",1
"KTM","KTM 690 ENDURO R","Valencia/València","693",1
"KTM","KTM 690 SMC R","Almería","693",1
"KTM","KTM 690 SMC R","Bizkaia","693",1
"KTM","KTM 690 SMC R","Illes Balears","693",1
"KTM","KTM 690 SMC R","Madrid","693",1
"KTM","KTM 690 SMC R","Pontevedra","693",1
"KTM","KTM 690 SMC R","Valencia/València","693",1
"KTM","KTM 790 ADVENTURE","Alicante/Alacant","799",2
"KTM","KTM 790 ADVENTURE","Barcelona","799",2
"KTM","KTM 790 ADVENTURE","Girona","799",1
"KTM","KTM 790 ADVENTURE","Huesca","799",1
"KTM","KTM 790 ADVENTURE","Illes Balears","799",1
"KTM","KTM 790 ADVENTURE","Málaga","799",1
"KTM","KTM 790 ADVENTURE","Sevilla","799",1
"KTM","KTM 790 ADVENTURE","Tarragona","799",1
"KTM","KTM 790 DUKE L","León","799",1
"KTM","KTM 890 ADVENTURE","Albacete","889",1
"KTM","KTM 890 ADVENTURE","Alicante/Alacant","889",1
"KTM","KTM 890 ADVENTURE","Almería","889",1
"KTM","KTM 890 ADVENTURE","Bizkaia","889",1
"KTM","KTM 890 ADVENTURE","Murcia","889",3
"KTM","KTM 890 ADVENTURE","Palmas (Las)","889",2
"KTM","KTM 890 ADVENTURE","Santa Cruz de Tenerife","889",1
"KTM","KTM 890 ADVENTURE","Valencia/València","889",1
"KTM","KTM 890 ADVENTURE R","Álava/Araba","889",1
"KTM","KTM 890 ADVENTURE R","Alicante/Alacant","889",4
"KTM","KTM 890 ADVENTURE R","Barcelona","889",5
"KTM","KTM 890 ADVENTURE R","Cuenca","889",1
"KTM","KTM 890 ADVENTURE R","Granada","889",1
"KTM","KTM 890 ADVENTURE R","Jaén","889",1
"KTM","KTM 890 ADVENTURE R","Lleida","889",1
"KTM","KTM 890 ADVENTURE R","Lugo","889",1
"KTM","KTM 890 ADVENTURE R","Sevilla","889",1
"KTM","KTM 890 ADVENTURE R","Tarragona","889",1
"KTM","KTM 890 ADVENTURE R","Zaragoza","889",1
"KTM","KTM 890 SM T","Alicante/Alacant","889",1
"KTM","KTM 890 SM T","Barcelona","889",1
"KTM","KTM 890 SM T","Granada","889",1
"KTM","KTM 890 SM T","Madrid","889",1
"KTM","KTM 890 SM T","Soria","889",1
"KTM","KTM 890 SM T","Tarragona","889",1
"KTM","KTM 990 DUKE","Alicante/Alacant","947",1
"KTM","KTM 990 DUKE","Barcelona","947",2
"KTM","KTM 990 DUKE","Castellón/Castelló","947",1
"KTM","KTM 990 DUKE","Illes Balears","947",1
"KTM","KTM 990 DUKE","Pontevedra","947",1
"KTM","KTM 990 DUKE","Sevilla","947",1
"KTM","KTM RC 125","Lleida","125",1
"KTM","KTM RC 390","Granada","373",1
"KYMCO","AGILITY CITY 125","Alicante/Alacant","125",1
"KYMCO","AGILITY CITY 125","Barcelona","125",8
"KYMCO","AGILITY CITY 125","Ceuta","125",1
"KYMCO","AGILITY CITY 125","Murcia","125",3
"KYMCO","AGILITY CITY 125","Santa Cruz de Tenerife","125",1
"KYMCO","AGILITY CITY 125","Tarragona","125",1
"KYMCO","AGILITY S","Álava/Araba","125",1
"KYMCO","AGILITY S","Albacete","125",8
"KYMCO","AGILITY S","Alicante/Alacant","125",39
"KYMCO","AGILITY S","Almería","125",12
"KYMCO","AGILITY S","Asturias","125",3
"KYMCO","AGILITY S","Ávila","125",1
"KYMCO","AGILITY S","Badajoz","125",6
"KYMCO","AGILITY S","Barcelona","125",79
"KYMCO","AGILITY S","Bizkaia","125",4
"KYMCO","AGILITY S","Burgos","125",1
"KYMCO","AGILITY S","Cáceres","125",3
"KYMCO","AGILITY S","Cádiz","125",36
"KYMCO","AGILITY S","Cantabria","125",5
"KYMCO","AGILITY S","Castellón/Castelló","125",4
"KYMCO","AGILITY S","Ceuta","125",2
"KYMCO","AGILITY S","Ciudad Real","125",5
"KYMCO","AGILITY S","Córdoba","125",6
"KYMCO","AGILITY S","Coruña (A)","125",2
"KYMCO","AGILITY S","Cuenca","125",1
"KYMCO","AGILITY S","Gipuzkoa","125",10
"KYMCO","AGILITY S","Girona","125",10
"KYMCO","AGILITY S","Granada","125",31
"KYMCO","AGILITY S","Huelva","125",8
"KYMCO","AGILITY S","Illes Balears","125",16
"KYMCO","AGILITY S","Jaén","125",12
"KYMCO","AGILITY S","León","125",6
"KYMCO","AGILITY S","Lleida","125",2
"KYMCO","AGILITY S","Madrid","125",35
"KYMCO","AGILITY S","Málaga","125",49
"KYMCO","AGILITY S","Melilla","125",3
"KYMCO","AGILITY S","Murcia","125",22
"KYMCO","AGILITY S","Navarra","125",3
"KYMCO","AGILITY S","Palencia","125",1
"KYMCO","AGILITY S","Palmas (Las)","125",11
"KYMCO","AGILITY S","Pontevedra","125",3
"KYMCO","AGILITY S","Rioja (La)","125",2
"KYMCO","AGILITY S","Santa Cruz de Tenerife","125",5
"KYMCO","AGILITY S","Sevilla","125",19
"KYMCO","AGILITY S","Tarragona","125",3
"KYMCO","AGILITY S","Toledo","125",1
"KYMCO","AGILITY S","Valencia/València","125",16
"KYMCO","AGILITY S","Valladolid","125",2
"KYMCO","AGILITY S","Zaragoza","125",10
"KYMCO","AK 550","Barcelona","550",1
"KYMCO","AK 550","Bizkaia","550",1
"KYMCO","AK 550","Granada","550",1
"KYMCO","AK 550","Málaga","550",1
"KYMCO","DTX","Albacete","124",1
"KYMCO","DTX","Alicante/Alacant","124",10
"KYMCO","DTX","Almería","124",2
"KYMCO","DTX","Asturias","124",4
"KYMCO","DTX","Badajoz","124",2
"KYMCO","DTX","Barcelona","124",19
"KYMCO","DTX","Bizkaia","124",5
"KYMCO","DTX","Cáceres","124",1
"KYMCO","DTX","Cádiz","124",16
"KYMCO","DTX","Cantabria","124",2
"KYMCO","DTX","Castellón/Castelló","124",2
"KYMCO","DTX","Ciudad Real","124",1
"KYMCO","DTX","Córdoba","124",3
"KYMCO","DTX","Girona","124",3
"KYMCO","DTX","Granada","124",5
"KYMCO","DTX","Huelva","124",4
"KYMCO","DTX","Illes Balears","124",5
"KYMCO","DTX","Jaén","124",2
"KYMCO","DTX","Lleida","124",1
"KYMCO","DTX","Madrid","124",17
"KYMCO","DTX","Málaga","124",12
"KYMCO","DTX","Murcia","124",11
"KYMCO","DTX","Navarra","124",4
"KYMCO","DTX","Palmas (Las)","124",2
"KYMCO","DTX","Pontevedra","124",3
"KYMCO","DTX","Santa Cruz de Tenerife","124",1
"KYMCO","DTX","Sevilla","124",8
"KYMCO","DTX","Tarragona","124",1
"KYMCO","DTX","Toledo","124",2
"KYMCO","DTX","Valencia/València","124",13
"KYMCO","DTX 125","Alicante/Alacant","124",3
"KYMCO","DTX 125","Badajoz","124",1
"KYMCO","DTX 125","Barcelona","124",1
"KYMCO","DTX 125","Illes Balears","124",1
"KYMCO","DTX 125","Madrid","124",3
"KYMCO","DTX 125","Murcia","124",5
"KYMCO","DTX 125","Palmas (Las)","124",1
"KYMCO","DTX 125","Sevilla","124",2
"KYMCO","DTX 350","Murcia","321",1
"KYMCO","DTX 350","Palmas (Las)","321",1
"KYMCO","DTX 350","Santa Cruz de Tenerife","321",3
"KYMCO","PEOPLE S 125","Granada","125",1
"KYMCO","PEOPLE S 125","Valencia/València","125",4
"KYMCO","PEOPLE S 125 E5+","Álava/Araba","125",1
"KYMCO","PEOPLE S 125 E5+","Alicante/Alacant","125",2
"KYMCO","PEOPLE S 125 E5+","Almería","125",1
"KYMCO","PEOPLE S 125 E5+","Asturias","125",6
"KYMCO","PEOPLE S 125 E5+","Barcelona","125",51
"KYMCO","PEOPLE S 125 E5+","Cádiz","125",1
"KYMCO","PEOPLE S 125 E5+","Córdoba","125",1
"KYMCO","PEOPLE S 125 E5+","Coruña (A)","125",1
"KYMCO","PEOPLE S 125 E5+","Gipuzkoa","125",5
"KYMCO","PEOPLE S 125 E5+","Girona","125",1
"KYMCO","PEOPLE S 125 E5+","Granada","125",3
"KYMCO","PEOPLE S 125 E5+","Madrid","125",1
"KYMCO","PEOPLE S 125 E5+","Málaga","125",7
"KYMCO","PEOPLE S 125 E5+","Navarra","125",5
"KYMCO","PEOPLE S 125 E5+","Ourense","125",1
"KYMCO","PEOPLE S 125 E5+","Pontevedra","125",1
"KYMCO","PEOPLE S 125 E5+","Sevilla","125",1
"KYMCO","PEOPLE S 125 E5+","Valencia/València","125",1
"KYMCO","PEOPLE S 125 E5+","Zaragoza","125",1
"KYMCO","SKYTOWN 125","Albacete","125",3
"KYMCO","SKYTOWN 125","Alicante/Alacant","125",24
"KYMCO","SKYTOWN 125","Almería","125",12
"KYMCO","SKYTOWN 125","Asturias","125",8
"KYMCO","SKYTOWN 125","Badajoz","125",2
"KYMCO","SKYTOWN 125","Barcelona","125",60
"KYMCO","SKYTOWN 125","Bizkaia","125",17
"KYMCO","SKYTOWN 125","Burgos","125",3
"KYMCO","SKYTOWN 125","Cáceres","125",2
"KYMCO","SKYTOWN 125","Cádiz","125",32
"KYMCO","SKYTOWN 125","Cantabria","125",4
"KYMCO","SKYTOWN 125","Castellón/Castelló","125",1
"KYMCO","SKYTOWN 125","Ciudad Real","125",1
"KYMCO","SKYTOWN 125","Córdoba","125",4
"KYMCO","SKYTOWN 125","Coruña (A)","125",2
"KYMCO","SKYTOWN 125","Gipuzkoa","125",4
"KYMCO","SKYTOWN 125","Girona","125",3
"KYMCO","SKYTOWN 125","Granada","125",13
"KYMCO","SKYTOWN 125","Guadalajara","125",1
"KYMCO","SKYTOWN 125","Huelva","125",2
"KYMCO","SKYTOWN 125","Illes Balears","125",18
"KYMCO","SKYTOWN 125","Jaén","125",3
"KYMCO","SKYTOWN 125","León","125",2
"KYMCO","SKYTOWN 125","Lugo","125",1
"KYMCO","SKYTOWN 125","Madrid","125",60
"KYMCO","SKYTOWN 125","Málaga","125",16
"KYMCO","SKYTOWN 125","Murcia","125",7
"KYMCO","SKYTOWN 125","Navarra","125",7
"KYMCO","SKYTOWN 125","Ourense","125",2
"KYMCO","SKYTOWN 125","Palencia","125",1
"KYMCO","SKYTOWN 125","Palmas (Las)","125",3
"KYMCO","SKYTOWN 125","Pontevedra","125",6
"KYMCO","SKYTOWN 125","Rioja (La)","125",1
"KYMCO","SKYTOWN 125","Salamanca","125",2
"KYMCO","SKYTOWN 125","Santa Cruz de Tenerife","125",6
"KYMCO","SKYTOWN 125","Segovia","125",3
"KYMCO","SKYTOWN 125","Sevilla","125",22
"KYMCO","SKYTOWN 125","Tarragona","125",6
"KYMCO","SKYTOWN 125","Toledo","125",3
"KYMCO","SKYTOWN 125","Valencia/València","125",36
"KYMCO","SKYTOWN 125","Zaragoza","125",17
"KYMCO","SUPER DINK GT","Albacete","321",1
"KYMCO","SUPER DINK GT","Alicante/Alacant","321",5
"KYMCO","SUPER DINK GT","Almería","321",2
"KYMCO","SUPER DINK GT","Asturias","321",4
"KYMCO","SUPER DINK GT","Barcelona","321",27
"KYMCO","SUPER DINK GT","Bizkaia","321",3
"KYMCO","SUPER DINK GT","Cádiz","321",5
"KYMCO","SUPER DINK GT","Cantabria","321",2
"KYMCO","SUPER DINK GT","Castellón/Castelló","321",1
"KYMCO","SUPER DINK GT","Ciudad Real","321",2
"KYMCO","SUPER DINK GT","Coruña (A)","321",2
"KYMCO","SUPER DINK GT","Gipuzkoa","321",1
"KYMCO","SUPER DINK GT","Girona","321",2
"KYMCO","SUPER DINK GT","Granada","321",5
"KYMCO","SUPER DINK GT","Huelva","321",1
"KYMCO","SUPER DINK GT","Illes Balears","321",4
"KYMCO","SUPER DINK GT","Jaén","321",3
"KYMCO","SUPER DINK GT","León","321",1
"KYMCO","SUPER DINK GT","Madrid","321",15
"KYMCO","SUPER DINK GT","Málaga","321",10
"KYMCO","SUPER DINK GT","Murcia","321",4
"KYMCO","SUPER DINK GT","Pontevedra","321",1
"KYMCO","SUPER DINK GT","Salamanca","321",1
"KYMCO","SUPER DINK GT","Santa Cruz de Tenerife","321",1
"KYMCO","SUPER DINK GT","Sevilla","321",4
"KYMCO","SUPER DINK GT","Tarragona","321",2
"KYMCO","SUPER DINK GT","Valencia/València","321",9
"KYMCO","SUPER DINK GT","Zamora","321",1
"KYMCO","SUPER DINK GT","Zaragoza","321",2
"KYMCO","SUPER DINK GT 125 E5+","Álava/Araba","124",1
"KYMCO","SUPER DINK GT 125 E5+","Albacete","124",2
"KYMCO","SUPER DINK GT 125 E5+","Alicante/Alacant","124",14
"KYMCO","SUPER DINK GT 125 E5+","Almería","124",3
"KYMCO","SUPER DINK GT 125 E5+","Asturias","124",7
"KYMCO","SUPER DINK GT 125 E5+","Badajoz","124",1
"KYMCO","SUPER DINK GT 125 E5+","Barcelona","124",29
"KYMCO","SUPER DINK GT 125 E5+","Bizkaia","124",4
"KYMCO","SUPER DINK GT 125 E5+","Cáceres","124",1
"KYMCO","SUPER DINK GT 125 E5+","Cádiz","124",3
"KYMCO","SUPER DINK GT 125 E5+","Cantabria","124",3
"KYMCO","SUPER DINK GT 125 E5+","Castellón/Castelló","124",1
"KYMCO","SUPER DINK GT 125 E5+","Ciudad Real","124",2
"KYMCO","SUPER DINK GT 125 E5+","Córdoba","124",1
"KYMCO","SUPER DINK GT 125 E5+","Coruña (A)","124",3
"KYMCO","SUPER DINK GT 125 E5+","Granada","124",6
"KYMCO","SUPER DINK GT 125 E5+","Guadalajara","124",1
"KYMCO","SUPER DINK GT 125 E5+","Huelva","124",1
"KYMCO","SUPER DINK GT 125 E5+","Illes Balears","124",2
"KYMCO","SUPER DINK GT 125 E5+","Jaén","124",3
"KYMCO","SUPER DINK GT 125 E5+","León","124",1
"KYMCO","SUPER DINK GT 125 E5+","Madrid","124",25
"KYMCO","SUPER DINK GT 125 E5+","Málaga","124",9
"KYMCO","SUPER DINK GT 125 E5+","Murcia","124",8
"KYMCO","SUPER DINK GT 125 E5+","Navarra","124",2
"KYMCO","SUPER DINK GT 125 E5+","Palmas (Las)","124",5
"KYMCO","SUPER DINK GT 125 E5+","Pontevedra","124",5
"KYMCO","SUPER DINK GT 125 E5+","Rioja (La)","124",2
"KYMCO","SUPER DINK GT 125 E5+","Santa Cruz de Tenerife","124",3
"KYMCO","SUPER DINK GT 125 E5+","Sevilla","124",13
"KYMCO","SUPER DINK GT 125 E5+","Tarragona","124",2
"KYMCO","SUPER DINK GT 125 E5+","Toledo","124",3
"KYMCO","SUPER DINK GT 125 E5+","Valencia/València","124",15
"KYMCO","SUPER DINK GT 125 E5+","Zaragoza","124",4
"KYMCO","X-TOWN CT 125","Barcelona","125",1
"KYMCO","X-TOWN CT 125","Ourense","125",1
"KYMCO","X-TOWN CT 125","Palmas (Las)","125",1
"KYMCO","X-TOWN CT 300","Murcia","276",2
"KYMCO","XCITING VS 400","Albacete","400",1
"KYMCO","XCITING VS 400","Alicante/Alacant","400",1
"KYMCO","XCITING VS 400","Almería","400",2
"KYMCO","XCITING VS 400","Asturias","400",2
"KYMCO","XCITING VS 400","Barcelona","400",6
"KYMCO","XCITING VS 400","Bizkaia","400",1
"KYMCO","XCITING VS 400","Cádiz","400",1
"KYMCO","XCITING VS 400","Ciudad Real","400",1
"KYMCO","XCITING VS 400","Illes Balears","400",1
"KYMCO","XCITING VS 400","Madrid","400",3
"KYMCO","XCITING VS 400","Tarragona","400",1
"KYMCO","XCITING VS 400","Valencia/València","400",2
"LAMBRETTA","G350 SPECIAL","Illes Balears","330",1
"LAMBRETTA","G350 SPECIAL FLEX","Alicante/Alacant","330",1
"LAMBRETTA","G350 SPECIAL FLEX","Barcelona","330",1
"LAMBRETTA","V125 SPECIAL FLEX","Álava/Araba","125",1
"LAMBRETTA","V125 SPECIAL FLEX","Alicante/Alacant","125",11
"LAMBRETTA","V125 SPECIAL FLEX","Almería","125",3
"LAMBRETTA","V125 SPECIAL FLEX","Asturias","125",1
"LAMBRETTA","V125 SPECIAL FLEX","Barcelona","125",8
"LAMBRETTA","V125 SPECIAL FLEX","Cádiz","125",2
"LAMBRETTA","V125 SPECIAL FLEX","Cantabria","125",1
"LAMBRETTA","V125 SPECIAL FLEX","Castellón/Castelló","125",1
"LAMBRETTA","V125 SPECIAL FLEX","Ceuta","125",1
"LAMBRETTA","V125 SPECIAL FLEX","Ciudad Real","125",1
"LAMBRETTA","V125 SPECIAL FLEX","Córdoba","125",1
"LAMBRETTA","V125 SPECIAL FLEX","Granada","125",1
"LAMBRETTA","V125 SPECIAL FLEX","Illes Balears","125",5
"LAMBRETTA","V125 SPECIAL FLEX","Madrid","125",3
"LAMBRETTA","V125 SPECIAL FLEX","Málaga","125",1
"LAMBRETTA","V125 SPECIAL FLEX","Murcia","125",1
"LAMBRETTA","V125 SPECIAL FLEX","Santa Cruz de Tenerife","125",4
"LAMBRETTA","V125 SPECIAL FLEX","Tarragona","125",1
"LAMBRETTA","V125 SPECIAL FLEX","Valencia/València","125",7
"LAMBRETTA","V125 SPECIAL FLEX","Valladolid","125",1
"LAMBRETTA","X125","Alicante/Alacant","124",2
"LAMBRETTA","X125","Badajoz","124",1
"LAMBRETTA","X125","Barcelona","124",1
"LAMBRETTA","X125","Illes Balears","124",1
"LAMBRETTA","X125","Madrid","124",1
"LAMBRETTA","X300","Alicante/Alacant","275",1
"LAMBRETTA","X300","Ceuta","275",1
"LAMBRETTA","X300","Madrid","275",1
"LAMBRETTA","X300","Santa Cruz de Tenerife","275",1
"LAMBRETTA","X300","Tarragona","275",1
"LEONART","KP450R-B","Asturias","446",1
"LEONART","M16-125","Barcelona","125",1
"LEONART","M16-125","Castellón/Castelló","125",1
"LEONART","M16-125","Ourense","125",1
"LEONART","PILDER 125","Alicante/Alacant","125",1
"LEONART","PILDER 125","Asturias","125",1
"LEONART","PILDER 125","Bizkaia","125",1
"LEONART","PILDER 125","Castellón/Castelló","125",3
"LEONART","PILDER 125","Illes Balears","125",1
"LEONART","PILDER 125","Toledo","125",1
"LEONART","TRACKER 125","Palmas (Las)","125",3
"LETBE","ISLAND","Almería","125",5
"LETBE","ISLAND","Asturias","125",1
"LETBE","ISLAND","Barcelona","125",3
"LETBE","ISLAND","Cádiz","125",1
"LETBE","ISLAND","Gipuzkoa","125",1
"LETBE","ISLAND","Granada","125",2
"LETBE","ISLAND","Illes Balears","125",1
"LETBE","ISLAND","Madrid","125",2
"LETBE","ISLAND","Málaga","125",5
"LETBE","ISLAND","Pontevedra","125",1
"LETBE","LB125T-6","Barcelona","125",1
"LETBE","LB125T-8","Girona","125",1
"LETBE","S125","Almería","125",1
"LETBE","S125","Asturias","125",2
"LETBE","S125","Barcelona","125",5
"LETBE","S125","Cádiz","125",4
"LETBE","S125","Coruña (A)","125",1
"LETBE","S125","Gipuzkoa","125",1
"LETBE","S125","Granada","125",1
"LETBE","S125","Illes Balears","125",4
"LETBE","S125","Madrid","125",1
"LETBE","S125","Málaga","125",3
"LETBE","S125","Sevilla","125",1
"LETBE","VELOCITY","Asturias","125",1
"LETBE","VELOCITY","Barcelona","125",1
"LETBE","VELOCITY","Girona","125",1
"LETBE","VELOCITY","Granada","125",1
"LETBE","VELOCITY","Pontevedra","125",1
"LINHAI","BUCK ADV","Almería","124",1
"LINHAI","BUCK ADV","Barcelona","124",1
"LINHAI","BUCK ADV","Burgos","124",1
"LINHAI","BUCK ADV","Huesca","124",1
"LINHAI","BUCK ADV","Madrid","124",1
"LINHAI","BUCK ADV","Sevilla","124",1
"MACBOR","8 MILE 500 SCR","Palmas (Las)","471",1
"MACBOR","EIGHT MILE 125 LC","Barcelona","124",1
"MACBOR","EIGHT MILE 125 LC","Burgos","124",1
"MACBOR","EIGHT MILE 125 LC","Murcia","124",1
"MACBOR","EIGHT MILE 125 LC","Sevilla","124",1
"MACBOR","EIGHT MILE 125 LC","Valladolid","124",1
"MACBOR","FUN 125 PLUS E5","Badajoz","125",1
"MACBOR","FUN 125 PLUS E5","Barcelona","125",3
"MACBOR","FUN 125 PLUS E5","Granada","125",1
"MACBOR","FUN 125 PLUS E5","Madrid","125",1
"MACBOR","FUN 125 PLUS E5","Santa Cruz de Tenerife","125",2
"MACBOR","FUN 125 PLUS E5","Zaragoza","125",1
"MACBOR","LORD MARTIN 125 E5","Girona","124",1
"MACBOR","MONTANA XR1 125","Alicante/Alacant","124",2
"MACBOR","MONTANA XR1 125","Barcelona","124",1
"MACBOR","MONTANA XR1 125","Córdoba","124",1
"MACBOR","MONTANA XR1 125","Palmas (Las)","124",1
"MACBOR","MONTANA XR1 125 EVO","Álava/Araba","124",1
"MACBOR","MONTANA XR1 125 EVO","Albacete","124",4
"MACBOR","MONTANA XR1 125 EVO","Alicante/Alacant","124",4
"MACBOR","MONTANA XR1 125 EVO","Asturias","124",4
"MACBOR","MONTANA XR1 125 EVO","Badajoz","124",1
"MACBOR","MONTANA XR1 125 EVO","Barcelona","124",16
"MACBOR","MONTANA XR1 125 EVO","Bizkaia","124",1
"MACBOR","MONTANA XR1 125 EVO","Cádiz","124",3
"MACBOR","MONTANA XR1 125 EVO","Cantabria","124",1
"MACBOR","MONTANA XR1 125 EVO","Castellón/Castelló","124",1
"MACBOR","MONTANA XR1 125 EVO","Ciudad Real","124",2
"MACBOR","MONTANA XR1 125 EVO","Córdoba","124",6
"MACBOR","MONTANA XR1 125 EVO","Girona","124",7
"MACBOR","MONTANA XR1 125 EVO","Granada","124",4
"MACBOR","MONTANA XR1 125 EVO","Huelva","124",1
"MACBOR","MONTANA XR1 125 EVO","Illes Balears","124",1
"MACBOR","MONTANA XR1 125 EVO","Jaén","124",2
"MACBOR","MONTANA XR1 125 EVO","Lleida","124",3
"MACBOR","MONTANA XR1 125 EVO","Madrid","124",10
"MACBOR","MONTANA XR1 125 EVO","Murcia","124",3
"MACBOR","MONTANA XR1 125 EVO","Navarra","124",1
"MACBOR","MONTANA XR1 125 EVO","Ourense","124",1
"MACBOR","MONTANA XR1 125 EVO","Palmas (Las)","124",2
"MACBOR","MONTANA XR1 125 EVO","Pontevedra","124",2
"MACBOR","MONTANA XR1 125 EVO","Santa Cruz de Tenerife","124",5
"MACBOR","MONTANA XR1 125 EVO","Sevilla","124",6
"MACBOR","MONTANA XR1 125 EVO","Tarragona","124",5
"MACBOR","MONTANA XR1 125 EVO","Teruel","124",1
"MACBOR","MONTANA XR1 125 EVO","Valencia/València","124",1
"MACBOR","MONTANA XR1 125 EVO","Valladolid","124",1
"MACBOR","MONTANA XR1 125 EVO","Zaragoza","124",2
"MACBOR","MONTANA XR5 510","Alicante/Alacant","498",2
"MACBOR","MONTANA XR5 510","Barcelona","498",1
"MACBOR","MONTANA XR5 510","Girona","498",1
"MACBOR","MONTANA XR5 510","Lleida","498",1
"MACBOR","MONTANA XR5 510","Madrid","498",1
"MACBOR","MONTANA XR5 510","Ourense","498",1
"MACBOR","MONTANA XR5 510","Zaragoza","498",1
"MACBOR","MONTANA XR5 510 E5+","Barcelona","498",7
"MACBOR","MONTANA XR5 510 E5+","Granada","498",2
"MACBOR","MONTANA XR5 510 E5+","Illes Balears","498",1
"MACBOR","MONTANA XR5 510 E5+","Jaén","498",1
"MACBOR","MONTANA XR5 510 E5+","Madrid","498",4
"MACBOR","MONTANA XR5 510 E5+","Málaga","498",1
"MACBOR","MONTANA XR5 510 E5+","Salamanca","498",1
"MACBOR","MONTANA XR5 510 E5+","Sevilla","498",2
"MACBOR","MONTANA XR5 510 E5+","Tarragona","498",1
"MACBOR","MONTANA XR5 510 E5+","Toledo","498",1
"MACBOR","MONTANA XR5 510 E5+","Valencia/València","498",3
"MACBOR","ROCKSTER 125","Madrid","125",1
"MACBOR","ROCKSTER 125","Palmas (Las)","125",1
"MACBOR","ROCKSTER 125","Santa Cruz de Tenerife","125",1
"MACBOR","ROCKSTER 125 EVO E5+","Álava/Araba","125",1
"MACBOR","ROCKSTER 125 EVO E5+","Alicante/Alacant","125",1
"MACBOR","ROCKSTER 125 EVO E5+","Asturias","125",2
"MACBOR","ROCKSTER 125 EVO E5+","Barcelona","125",8
"MACBOR","ROCKSTER 125 EVO E5+","Bizkaia","125",1
"MACBOR","ROCKSTER 125 EVO E5+","Burgos","125",1
"MACBOR","ROCKSTER 125 EVO E5+","Cáceres","125",1
"MACBOR","ROCKSTER 125 EVO E5+","Cádiz","125",1
"MACBOR","ROCKSTER 125 EVO E5+","Gipuzkoa","125",1
"MACBOR","ROCKSTER 125 EVO E5+","Girona","125",1
"MACBOR","ROCKSTER 125 EVO E5+","Huelva","125",1
"MACBOR","ROCKSTER 125 EVO E5+","Illes Balears","125",1
"MACBOR","ROCKSTER 125 EVO E5+","Jaén","125",1
"MACBOR","ROCKSTER 125 EVO E5+","Madrid","125",7
"MACBOR","ROCKSTER 125 EVO E5+","Málaga","125",1
"MACBOR","ROCKSTER 125 EVO E5+","Murcia","125",3
"MACBOR","ROCKSTER 125 EVO E5+","Pontevedra","125",1
"MACBOR","ROCKSTER 125 EVO E5+","Santa Cruz de Tenerife","125",1
"MACBOR","ROCKSTER 125 EVO E5+","Sevilla","125",1
"MACBOR","ROCKSTER 125 EVO E5+","Valencia/València","125",1
"MACBOR","ROCKSTER 125 EVO E5+","Zaragoza","125",2
"MACBOR","ROCKSTER 410","Almería","401",1
"MACBOR","ROCKSTER 410","Asturias","401",1
"MACBOR","ROCKSTER 410","Barcelona","401",3
"MACBOR","ROCKSTER 410","Cádiz","401",1
"MACBOR","ROCKSTER 410","Illes Balears","401",1
"MACBOR","ROCKSTER 410","Palmas (Las)","401",1
"MACBOR","ROCKSTER 410","Santa Cruz de Tenerife","401",1
"MACBOR","ROCKSTER 410","Valencia/València","401",1
"MACBOR","ROCKSTER FLAT 125","Barcelona","125",1
"MACBOR","ROCKSTER FLAT 125","Valencia/València","125",1
"MACBOR","ROCKSTER FLAT 125 EVO","Albacete","125",1
"MACBOR","ROCKSTER FLAT 125 EVO","Alicante/Alacant","125",1
"MACBOR","ROCKSTER FLAT 125 EVO","Almería","125",1
"MACBOR","ROCKSTER FLAT 125 EVO","Barcelona","125",10
"MACBOR","ROCKSTER FLAT 125 EVO","Bizkaia","125",2
"MACBOR","ROCKSTER FLAT 125 EVO","Girona","125",2
"MACBOR","ROCKSTER FLAT 125 EVO","Huelva","125",1
"MACBOR","ROCKSTER FLAT 125 EVO","Huesca","125",1
"MACBOR","ROCKSTER FLAT 125 EVO","Illes Balears","125",1
"MACBOR","ROCKSTER FLAT 125 EVO","Madrid","125",2
"MACBOR","ROCKSTER FLAT 125 EVO","Murcia","125",1
"MACBOR","ROCKSTER FLAT 125 EVO","Pontevedra","125",1
"MACBOR","ROCKSTER FLAT 125 EVO","Santa Cruz de Tenerife","125",2
"MACBOR","ROCKSTER FLAT 125 EVO","Sevilla","125",2
"MACBOR","ROCKSTER FLAT 125 EVO","Tarragona","125",1
"MACBOR","ROCKSTER FLAT 125 EVO","Valencia/València","125",1
"MACBOR","ROCKSTER FLAT 125 EVO","Zaragoza","125",5
"MACBOR","ROCKSTER FLAT 125 MY 2","Barcelona","125",1
"MALAGUTI","DRAKON 125","Bizkaia","124",1
"MALAGUTI","MADISON 125 ABS","Málaga","125",1
"MALCOR IBERICA","ROME","Cádiz","125",2
"MALCOR IBERICA","ROME","Sevilla","125",1
"MBP","SC 125","Alicante/Alacant","125",1
"MBP","SC 125","Badajoz","125",1
"MBP","SC 125","Cádiz","125",1
"MBP","SC 125","Pontevedra","125",1
"MBP","SC125LX","Barcelona","125",2
"MBP","SC125LX","Córdoba","125",1
"MBP","SC125LX","Tarragona","125",1
"MBP","SC125LX","Valencia/València","125",1
"MBP","SC300","Santa Cruz de Tenerife","278",1
"MH MOTORCYCLES","BOGGA ROCKER","Barcelona","125",1
"MH MOTORCYCLES","RYX","Soria","124",1
"MH MOTORCYCLES","TRAY","Alicante/Alacant","125",1
"MH MOTORCYCLES","TRAY","Almería","125",2
"MH MOTORCYCLES","TRAY","Asturias","125",1
"MH MOTORCYCLES","TRAY","Ávila","125",1
"MH MOTORCYCLES","TRAY","Badajoz","125",1
"MH MOTORCYCLES","TRAY","Barcelona","125",10
"MH MOTORCYCLES","TRAY","Cádiz","125",4
"MH MOTORCYCLES","TRAY","Castellón/Castelló","125",1
"MH MOTORCYCLES","TRAY","Ciudad Real","125",1
"MH MOTORCYCLES","TRAY","Córdoba","125",2
"MH MOTORCYCLES","TRAY","Gipuzkoa","125",1
"MH MOTORCYCLES","TRAY","Granada","125",1
"MH MOTORCYCLES","TRAY","Huelva","125",1
"MH MOTORCYCLES","TRAY","Huesca","125",2
"MH MOTORCYCLES","TRAY","León","125",2
"MH MOTORCYCLES","TRAY","Madrid","125",5
"MH MOTORCYCLES","TRAY","Málaga","125",4
"MH MOTORCYCLES","TRAY","Murcia","125",6
"MH MOTORCYCLES","TRAY","Ourense","125",2
"MH MOTORCYCLES","TRAY","Palmas (Las)","125",4
"MH MOTORCYCLES","TRAY","Pontevedra","125",2
"MH MOTORCYCLES","TRAY","Salamanca","125",2
"MH MOTORCYCLES","TRAY","Santa Cruz de Tenerife","125",3
"MH MOTORCYCLES","TRAY","Sevilla","125",5
"MH MOTORCYCLES","TRAY","Soria","125",2
"MH MOTORCYCLES","TRAY","Tarragona","125",2
"MH MOTORCYCLES","TRAY","Toledo","125",1
"MH MOTORCYCLES","TRAY","Valencia/València","125",5
"MH MOTORCYCLES","TRAY","Zaragoza","125",3
"MH MOTORCYCLES","VR10","Alicante/Alacant","124",5
"MH MOTORCYCLES","VR10","Asturias","124",1
"MH MOTORCYCLES","VR10","Barcelona","124",3
"MH MOTORCYCLES","VR10","Cádiz","124",1
"MH MOTORCYCLES","VR10","Cantabria","124",2
"MH MOTORCYCLES","VR10","Córdoba","124",3
"MH MOTORCYCLES","VR10","Granada","124",3
"MH MOTORCYCLES","VR10","Illes Balears","124",1
"MH MOTORCYCLES","VR10","Jaén","124",1
"MH MOTORCYCLES","VR10","Madrid","124",1
"MH MOTORCYCLES","VR10","Málaga","124",1
"MH MOTORCYCLES","VR10","Palencia","124",1
"MH MOTORCYCLES","VR10","Santa Cruz de Tenerife","124",2
"MH MOTORCYCLES","VR10","Sevilla","124",7
"MH MOTORCYCLES","VR10","Zaragoza","124",1
"MH MOTORCYCLES","VRS","Cádiz","124",2
"MH MOTORCYCLES","VRS","Córdoba","124",1
"MH MOTORCYCLES","VRS","Granada","124",1
"MH MOTORCYCLES","VRT","Alicante/Alacant","124",1
"MH MOTORCYCLES","VRT","Córdoba","124",3
"MH MOTORCYCLES","VRT","Illes Balears","124",4
"MH MOTORCYCLES","VRT","Madrid","124",2
"MH MOTORCYCLES","VRT","Pontevedra","124",1
"MH MOTORCYCLES","VRT","Sevilla","124",1
"MH MOTORCYCLES","VRT","Valencia/València","124",1
"MH MOTORCYCLES","XRT","Sevilla","125",1
"MH MOTORCYCLES","XRT","Valencia/València","125",1
"MITT","125 DESERT","Alicante/Alacant","125",1
"MITT","125 DESERT","Almería","125",1
"MITT","125 DESERT","Asturias","125",3
"MITT","125 DESERT","Ávila","125",1
"MITT","125 DESERT","Badajoz","125",2
"MITT","125 DESERT","Barcelona","125",2
"MITT","125 DESERT","Cantabria","125",1
"MITT","125 DESERT","Illes Balears","125",2
"MITT","125 DESERT","Lleida","125",1
"MITT","125 DESERT","Madrid","125",3
"MITT","125 DESERT","Murcia","125",1
"MITT","125 DESERT","Navarra","125",1
"MITT","125 DESERT","Pontevedra","125",1
"MITT","125 DESERT","Sevilla","125",5
"MITT","125 DESERT","Toledo","125",1
"MITT","125 DESERT","Valencia/València","125",1
"MITT","125 DESERT","Zaragoza","125",2
"MITT","125 NK","Alicante/Alacant","124",1
"MITT","125 NK","Almería","124",1
"MITT","125 NK","Asturias","124",2
"MITT","125 NK","Barcelona","124",2
"MITT","125 NK","Bizkaia","124",1
"MITT","125 NK","Cantabria","124",2
"MITT","125 NK","Castellón/Castelló","124",1
"MITT","125 NK","Ciudad Real","124",2
"MITT","125 NK","León","124",1
"MITT","125 NK","Madrid","124",2
"MITT","125 NK","Murcia","124",1
"MITT","125 NK","Palmas (Las)","124",1
"MITT","125 NK","Sevilla","124",3
"MITT","125 NK","Tarragona","124",2
"MITT","125 NK","Valencia/València","124",1
"MITT","125 NK","Zaragoza","124",1
"MITT","125GP","Alicante/Alacant","124",3
"MITT","125GP","Asturias","124",1
"MITT","125GP","Barcelona","124",1
"MITT","125GP","Bizkaia","124",1
"MITT","125GP","Cádiz","124",2
"MITT","125GP","Ciudad Real","124",1
"MITT","125GP","Gipuzkoa","124",1
"MITT","125GP","Granada","124",2
"MITT","125GP","Illes Balears","124",1
"MITT","125GP","Madrid","124",6
"MITT","125GP","Pontevedra","124",2
"MITT","125GP","Sevilla","124",1
"MITT","125GP","Toledo","124",1
"MITT","125GP","Valladolid","124",1
"MITT","125GTS","Alicante/Alacant","125",3
"MITT","125GTS","Almería","125",3
"MITT","125GTS","Asturias","125",1
"MITT","125GTS","Ávila","125",1
"MITT","125GTS","Badajoz","125",2
"MITT","125GTS","Barcelona","125",7
"MITT","125GTS","Cáceres","125",1
"MITT","125GTS","Cádiz","125",1
"MITT","125GTS","Castellón/Castelló","125",1
"MITT","125GTS","Ciudad Real","125",2
"MITT","125GTS","Córdoba","125",2
"MITT","125GTS","Huelva","125",1
"MITT","125GTS","Illes Balears","125",2
"MITT","125GTS","Jaén","125",1
"MITT","125GTS","Madrid","125",1
"MITT","125GTS","Málaga","125",4
"MITT","125GTS","Murcia","125",5
"MITT","125GTS","Palmas (Las)","125",1
"MITT","125GTS","Sevilla","125",15
"MITT","125GTS","Valencia/València","125",5
"MITT","125GTS","Valladolid","125",1
"MITT","125GTS","Zaragoza","125",2
"MITT","125R1","Asturias","124",1
"MITT","125R1","Madrid","124",2
"MITT","125R1","Murcia","124",1
"MITT","300GT MAX","Barcelona","276",1
"MITT","300GT MAX","Bizkaia","276",1
"MITT","300GT MAX","Santa Cruz de Tenerife","276",1
"MITT","808","Almería","799",1
"MITT","CPX 125 LIQUID","Alicante/Alacant","125",1
"MITT","CPX 125 LIQUID","Asturias","125",1
"MITT","CPX 125 LIQUID","Granada","125",1
"MITT","EMPEROR","Almería","125",1
"MITT","EMPEROR","Asturias","125",2
"MITT","EMPEROR","Cádiz","125",4
"MITT","EMPEROR","Málaga","125",1
"MITT","EMPEROR","Murcia","125",3
"MITT","EMPEROR","Navarra","125",1
"MITT","EMPEROR","Palmas (Las)","125",1
"MITT","EMPEROR","Santa Cruz de Tenerife","125",1
"MITT","EMPEROR","Sevilla","125",2
"MITT","FUNRIDER","Almería","125",1
"MITT","GT-S","Almería","125",2
"MITT","GT-S","Asturias","125",3
"MITT","GT-S","Cádiz","125",1
"MITT","GT-S","Ciudad Real","125",1
"MITT","GT-S","Madrid","125",4
"MITT","GT-S","Santa Cruz de Tenerife","125",3
"MITT","GT-S","Valencia/València","125",1
"MITT","IBIZA","Almería","125",1
"MITT","IBIZA","Asturias","125",1
"MITT","IBIZA","Ávila","125",3
"MITT","IBIZA","Barcelona","125",1
"MITT","IBIZA","Bizkaia","125",1
"MITT","IBIZA","Cádiz","125",2
"MITT","IBIZA","Ciudad Real","125",1
"MITT","IBIZA","Córdoba","125",1
"MITT","IBIZA","Granada","125",1
"MITT","IBIZA","Madrid","125",2
"MITT","IBIZA","Melilla","125",1
"MITT","IBIZA","Palmas (Las)","125",2
"MITT","IBIZA","Santa Cruz de Tenerife","125",1
"MITT","IBIZA","Sevilla","125",2
"MITT","K750","Palmas (Las)","730",1
"MITT","K750","Sevilla","730",1
"MITT","LEGEND 301","Palmas (Las)","234",1
"MITT","LEGRAND","Cádiz","125",2
"MITT","LEGRAND","Illes Balears","125",1
"MITT","LEGRAND","Sevilla","125",1
"MITT","MITT 555TT","Sevilla","471",1
"MITT","MITT SUPPER","Asturias","125",1
"MITT","MITT SUPPER","Barcelona","125",1
"MITT","MITT SUPPER","Cádiz","125",1
"MITT","MITT SUPPER","Cantabria","125",1
"MITT","MITT SUPPER","Huelva","125",1
"MITT","MITT SUPPER","León","125",1
"MITT","MITT SUPPER","Rioja (La)","125",1
"MITT","MITT SUPPER","Sevilla","125",1
"MITT","MITT SUPPER","Valladolid","125",1
"MITT","OGAR LEGEND","Albacete","125",1
"MITT","OGAR LEGEND","Cádiz","125",1
"MITT","OGAR LEGEND","Granada","125",1
"MITT","OGAR LEGEND","Illes Balears","125",1
"MITT","OGAR LEGEND","Madrid","125",2
"MITT","OGAR LEGEND","Murcia","125",1
"MITT","TRAVELLER","Sevilla","799",1
"MITT","TY125T-26F","Albacete","125",1
"MITT","TY125T-26F","Almería","125",4
"MITT","TY125T-26F","Barcelona","125",2
"MITT","TY125T-26F","Cádiz","125",2
"MITT","TY125T-26F","Huelva","125",1
"MITT","TY125T-26F","Jaén","125",1
"MITT","TY125T-26F","León","125",1
"MITT","TY125T-26F","Madrid","125",7
"MITT","TY125T-26F","Málaga","125",4
"MITT","TY125T-26F","Palmas (Las)","125",1
"MITT","TY125T-26F","Sevilla","125",8
"MITT","TY125T-26F","Toledo","125",1
"MITT","TY125T-51E","Córdoba","125",1
"MITT","TY125T-51E","Palmas (Las)","125",1
"MITT","TY125T-58E","Albacete","125",1
"MITT","TY125T-58E","Alicante/Alacant","125",1
"MITT","TY125T-58E","Madrid","125",3
"MITT","TY125T-58E","Sevilla","125",2
"MITT","TY125T-58E","Valencia/València","125",3
"MITT","URBAN","Navarra","125",1
"MITT","URBAN","Valladolid","125",1
"MITT","XRS","Córdoba","125",1
"MITT","XRS","Guadalajara","125",1
"MITT","XRS","Jaén","125",1
"MITT","XRS","Madrid","125",1
"MONDIAL","HPS","Asturias","124",1
"MONDIAL","HPS","Ciudad Real","124",1
"MONDIAL","HPS","Girona","124",1
"MONDIAL","HPS","Guadalajara","124",1
"MONDIAL","HPS","Murcia","124",1
"MONDIAL","HPS","Soria","124",1
"MONDIAL","PIEGA","Almería","124",1
"MONDIAL","PIEGA","Cádiz","124",1
"MONDIAL","PIEGA","Illes Balears","124",2
"MONDIAL","PIEGA","Madrid","124",1
"MONDIAL","PIEGA","Murcia","124",1
"MONDIAL","PIEGA","Tarragona","124",1
"MONDIAL","SPARTAN 125","Illes Balears","124",1
"MONDIAL","SPARTAN 125","Madrid","124",1
"MONDIAL","SPARTAN 125","Sevilla","124",1
"MONDIAL","SPARTAN 125","Valencia/València","124",1
"MONDIAL","SPARTAN 125","Zaragoza","124",1
"MONKEY BIKES","DAX 125","Melilla","124",1
"MONKEY BIKES","DAX 125","Valencia/València","124",1
"MONTESA","4RIDE","Illes Balears","259",2
"MORBIDELLI","C1002V","Madrid","997",1
"MORBIDELLI","C1002V","Valencia/València","997",1
"MORBIDELLI","F125","Asturias","125",1
"MORBIDELLI","F125","Badajoz","125",1
"MORBIDELLI","F125","Barcelona","125",4
"MORBIDELLI","F125","Cantabria","125",1
"MORBIDELLI","F125","Coruña (A)","125",1
"MORBIDELLI","F125","Huelva","125",2
"MORBIDELLI","F125","Lleida","125",1
"MORBIDELLI","F125","Madrid","125",2
"MORBIDELLI","F125","Málaga","125",1
"MORBIDELLI","F125","Murcia","125",2
"MORBIDELLI","F125","Sevilla","125",2
"MORBIDELLI","F125","Tarragona","125",1
"MORBIDELLI","F125","Valencia/València","125",1
"MORBIDELLI","F352","Alicante/Alacant","250",1
"MORBIDELLI","F352","Asturias","250",1
"MORBIDELLI","F352","Barcelona","250",2
"MORBIDELLI","F352","Valencia/València","250",1
"MORBIDELLI","NR125X","Barcelona","125",1
"MORBIDELLI","SC 125","Asturias","125",1
"MORBIDELLI","SC 125","Barcelona","125",3
"MORBIDELLI","SC 125","Madrid","125",2
"MORBIDELLI","SC 125","Salamanca","125",1
"MORBIDELLI","SC 125","Sevilla","125",1
"MORBIDELLI","SC 125","Tarragona","125",2
"MORBIDELLI","SC 125","Valladolid","125",1
"MORBIDELLI","SC 125","Zaragoza","125",1
"MORBIDELLI","SC125 RE","Alicante/Alacant","125",2
"MORBIDELLI","SC125 RE","Almería","125",2
"MORBIDELLI","SC125 RE","Badajoz","125",1
"MORBIDELLI","SC125 RE","Barcelona","125",1
"MORBIDELLI","SC125 RE","Cáceres","125",1
"MORBIDELLI","SC125 RE","Cádiz","125",1
"MORBIDELLI","SC125 RE","Ceuta","125",1
"MORBIDELLI","SC125 RE","Murcia","125",1
"MORBIDELLI","SC125 RE","Pontevedra","125",2
"MORBIDELLI","SC125 RE","Rioja (La)","125",1
"MORBIDELLI","SC125 RE","Sevilla","125",2
"MORBIDELLI","SC125 RE","Tarragona","125",2
"MORBIDELLI","SC125LX","Barcelona","125",2
"MORBIDELLI","SC125LX","Burgos","125",1
"MORBIDELLI","SC125LX","Cádiz","125",1
"MORBIDELLI","SC125LX","Jaén","125",1
"MORBIDELLI","SC125LX","León","125",2
"MORBIDELLI","SC125LX","Madrid","125",2
"MORBIDELLI","SC125LX","Palmas (Las)","125",2
"MORBIDELLI","SC125LX","Sevilla","125",1
"MORBIDELLI","SC125LX","Valencia/València","125",1
"MORBIDELLI","SC125LX","Zaragoza","125",1
"MORBIDELLI","SC300","Bizkaia","278",1
"MORBIDELLI","SC300","Sevilla","278",1
"MORBIDELLI","T1002VX","Almería","997",1
"MORBIDELLI","T1002VX","Asturias","997",1
"MORBIDELLI","T1002VX","Barcelona","997",1
"MORBIDELLI","T1002VX","Burgos","997",1
"MORBIDELLI","T1002VX","Cádiz","997",1
"MORBIDELLI","T1002VX","Cantabria","997",1
"MORBIDELLI","T1002VX","Huelva","997",1
"MORBIDELLI","T1002VX","Lleida","997",1
"MORBIDELLI","T1002VX","Murcia","997",1
"MORBIDELLI","T1002VX","Sevilla","997",1
"MORBIDELLI","T1002VX","Valencia/València","997",1
"MORBIDELLI","T1002VX","Valladolid","997",1
"MORBIDELLI","T125","Asturias","124",1
"MORBIDELLI","T125","Guadalajara","124",1
"MORBIDELLI","T125","Málaga","124",1
"MORBIDELLI","T125 X","Alicante/Alacant","124",1
"MORBIDELLI","T125 X","Badajoz","124",1
"MORBIDELLI","T125 X","Barcelona","124",2
"MORBIDELLI","T125 X","Bizkaia","124",1
"MORBIDELLI","T125 X","Cáceres","124",1
"MORBIDELLI","T125 X","Cádiz","124",1
"MORBIDELLI","T125 X","Huelva","124",2
"MORBIDELLI","T125 X","Jaén","124",2
"MORBIDELLI","T125 X","Lugo","124",1
"MORBIDELLI","T125 X","Madrid","124",1
"MORBIDELLI","T125 X","Málaga","124",2
"MORBIDELLI","T125 X","Santa Cruz de Tenerife","124",1
"MORBIDELLI","T125 X","Sevilla","124",2
"MORBIDELLI","T125 X","Tarragona","124",1
"MORBIDELLI","T125 X","Toledo","124",3
"MORBIDELLI","T125 X","Valencia/València","124",3
"MORBIDELLI","T125 X","Zaragoza","124",2
"MORBIDELLI","T352X","Almería","349",1
"MORBIDELLI","T352X","Asturias","349",1
"MORBIDELLI","T352X","Barcelona","349",4
"MORBIDELLI","T352X","Cantabria","349",1
"MORBIDELLI","T352X","Navarra","349",1
"MORBIDELLI","T352X","Sevilla","349",1
"MORBIDELLI","T352X","Tarragona","349",1
"MORBIDELLI","T502X","Alicante/Alacant","486",3
"MORBIDELLI","T502X","Asturias","486",1
"MORBIDELLI","T502X","Barcelona","486",4
"MORBIDELLI","T502X","Cantabria","486",2
"MORBIDELLI","T502X","Girona","486",2
"MORBIDELLI","T502X","Málaga","486",2
"MORBIDELLI","T502X","Navarra","486",1
"MORBIDELLI","T502X","Toledo","486",1
"MORBIDELLI","T502X","Valencia/València","486",1
"MOTO GUZZI","65CC","Valencia/València","6373",1
"MOTO GUZZI","STELVIO","Alicante/Alacant","1042",1
"MOTO GUZZI","STELVIO","Bizkaia","1042",1
"MOTO GUZZI","STELVIO","Burgos","1042",1
"MOTO GUZZI","STELVIO","Jaén","1042",1
"MOTO GUZZI","STELVIO","Pontevedra","1042",1
"MOTO GUZZI","STELVIO "DUECENTO TRIB","Murcia","1042",1
"MOTO GUZZI","STELVIO (A.R.A.S.)","Illes Balears","1042",1
"MOTO GUZZI","STELVIO (A.R.A.S.)","Madrid","1042",1
"MOTO GUZZI","V100 MANDELLO","Alicante/Alacant","1042",1
"MOTO GUZZI","V100 MANDELLO","Murcia","1042",1
"MOTO GUZZI","V100 MANDELLO","Sevilla","1042",1
"MOTO GUZZI","V100 MANDELLO "WIND TU","Valencia/València","1042",1
"MOTO GUZZI","V100 MANDELLO S","Murcia","1042",1
"MOTO GUZZI","V7 SPECIAL","Álava/Araba","853",1
"MOTO GUZZI","V7 SPECIAL","Guadalajara","853",1
"MOTO GUZZI","V7 SPORT","Barcelona","853",1
"MOTO GUZZI","V7 SPORT","Cádiz","853",1
"MOTO GUZZI","V7 SPORT","Madrid","853",1
"MOTO GUZZI","V7 SPORT","Santa Cruz de Tenerife","853",1
"MOTO GUZZI","V7 SPORT","Zaragoza","853",1
"MOTO GUZZI","V7 STONE","Sevilla","853",1
"MOTO GUZZI","V7 STONE","Tarragona","853",1
"MOTO GUZZI","V85 STRADA","Bizkaia","853",2
"MOTO GUZZI","V85 STRADA","Málaga","853",1
"MOTO GUZZI","V85 TT","Alicante/Alacant","853",1
"MOTO GUZZI","V85 TT","Barcelona","853",3
"MOTO GUZZI","V85 TT","Madrid","853",1
"MOTO GUZZI","V85 TT","Málaga","853",2
"MOTO GUZZI","V85 TT","Murcia","853",2
"MOTO GUZZI","V85 TT TRAVEL","Barcelona","853",1
"MOTO GUZZI","V85 TT TRAVEL","Illes Balears","853",1
"MOTO GUZZI","V85 TT TRAVEL","Madrid","853",1
"MOTO MORINI","6 ½ STR","Burgos","649",1
"MOTO MORINI","6 ½ STR","Santa Cruz de Tenerife","649",1
"MOTO MORINI","CALIBRO","Córdoba","693",1
"MOTO MORINI","CALIBRO","Gipuzkoa","693",1
"MOTO MORINI","CALIBRO","Granada","693",1
"MOTO MORINI","CALIBRO","Sevilla","693",2
"MOTO MORINI","CALIBRO","Valencia/València","693",1
"MOTO MORINI","X-CAPE","Sevilla","649",1
"MOTO MORINI","X-CAPE","Zaragoza","649",1
"MOTO MORINI","X-CAPE 700","Asturias","693",1
"MOTO MORINI","X-CAPE 700","Coruña (A)","693",1
"MOTO MORINI","X-CAPE 700","Granada","693",1
"MOTO MORINI","X-CAPE 700","Illes Balears","693",1
"MOTO MORINI","X-CAPE 700","Málaga","693",2
"MOTO MORINI","X-CAPE 700","Valencia/València","693",1
"MOTORBIKE","-","Lleida","125",1
"MOTRON MOTORRAD","IDEO","Madrid","125",1
"MOTRON MOTORRAD","VENTURA 125","Madrid","125",2
"MOTRON MOTORRAD","X-NORD 125","Almería","124",1
"MOTRON MOTORRAD","X-NORD 125","Cádiz","124",1
"MTR BIKES","GRAND TOUR","Sevilla","125",1
"MTR BIKES","VMAX 125","Cádiz","125",1
"MTR BIKES","VMAX 125","Córdoba","125",1
"MTR BIKES","VMAX 125","Huelva","125",1
"MV AGUSTA","BRUTALE 1000 RR","Madrid","998",1
"MV AGUSTA","BRUTALE 1000 RS","Alicante/Alacant","998",1
"MV AGUSTA","BRUTALE 1000 RS","Valencia/València","998",1
"MV AGUSTA","DRAGSTER R","Ourense","798",1
"MV AGUSTA","DRAGSTER R","Tarragona","798",1
"MV AGUSTA","DRAGSTER RR","Madrid","798",1
"MV AGUSTA","DRAGSTER RR","Valencia/València","798",1
"MV AGUSTA","ENDURO VELOCE","Álava/Araba","931",1
"MV AGUSTA","LXP ORIOLI","Pontevedra","931",1
"MV AGUSTA","TURISMO VELOCE R","Burgos","798",1
"MV AGUSTA","TURISMO VELOCE R","Pontevedra","798",1
"NEXT","NX CROSS 125I","Alicante/Alacant","125",1
"NEXT","NX CROSS 125I","Granada","125",1
"NEXT","NX CROSS 125I","Illes Balears","125",1
"NEXT","NX CROSS 125I","Madrid","125",1
"NEXT","NX CROSS 125I","Sevilla","125",1
"NEXT","NX CROSS 125I","Valencia/València","125",1
"NEXT","NX2 125I","Alicante/Alacant","125",1
"NEXT","NX2 125I","Cádiz","125",1
"NEXT","NX2 125I","Illes Balears","125",2
"NEXT","NX2 125I","Sevilla","125",3
"NEXT","NX2 125I","Valencia/València","125",5
"ORCAL","SK125-K","Alicante/Alacant","124",1
"PEUGEOT","DJANGO","Alicante/Alacant","125",1
"PEUGEOT","DJANGO","Asturias","125",1
"PEUGEOT","DJANGO","Cantabria","125",1
"PEUGEOT","DJANGO","Castellón/Castelló","125",1
"PEUGEOT","DJANGO","Granada","125",1
"PEUGEOT","DJANGO","Illes Balears","125",2
"PEUGEOT","DJANGO","Madrid","125",3
"PEUGEOT","DJANGO","Murcia","125",2
"PEUGEOT","DJANGO","Pontevedra","125",1
"PEUGEOT","DJANGO","Rioja (La)","125",1
"PEUGEOT","DJANGO","Valencia/València","125",1
"PEUGEOT","KISBEE M","Albacete","125",1
"PEUGEOT","KISBEE M","Alicante/Alacant","125",10
"PEUGEOT","KISBEE M","Almería","125",4
"PEUGEOT","KISBEE M","Barcelona","125",25
"PEUGEOT","KISBEE M","Cádiz","125",5
"PEUGEOT","KISBEE M","Castellón/Castelló","125",1
"PEUGEOT","KISBEE M","Ceuta","125",1
"PEUGEOT","KISBEE M","Córdoba","125",1
"PEUGEOT","KISBEE M","Girona","125",1
"PEUGEOT","KISBEE M","Granada","125",1
"PEUGEOT","KISBEE M","Huelva","125",1
"PEUGEOT","KISBEE M","Illes Balears","125",1
"PEUGEOT","KISBEE M","Madrid","125",4
"PEUGEOT","KISBEE M","Málaga","125",15
"PEUGEOT","KISBEE M","Murcia","125",3
"PEUGEOT","KISBEE M","Pontevedra","125",1
"PEUGEOT","KISBEE M","Santa Cruz de Tenerife","125",5
"PEUGEOT","KISBEE M","Sevilla","125",1
"PEUGEOT","KISBEE M","Valencia/València","125",1
"PEUGEOT","KISBEE M","Zaragoza","125",3
"PEUGEOT","PM-01","Murcia","125",1
"PEUGEOT","PULSION","Málaga","125",1
"PEUGEOT","PULSION","Palmas (Las)","125",1
"PEUGEOT","TWEET","Málaga","125",5
"PEUGEOT","TWEET","Valencia/València","125",3
"PEUGEOT","TWEET FL 125 CC","Alicante/Alacant","125",4
"PEUGEOT","TWEET FL 125 CC","Almería","125",2
"PEUGEOT","TWEET FL 125 CC","Asturias","125",3
"PEUGEOT","TWEET FL 125 CC","Barcelona","125",4
"PEUGEOT","TWEET FL 125 CC","Cádiz","125",1
"PEUGEOT","TWEET FL 125 CC","Ceuta","125",1
"PEUGEOT","TWEET FL 125 CC","Illes Balears","125",3
"PEUGEOT","TWEET FL 125 CC","Madrid","125",4
"PEUGEOT","TWEET FL 125 CC","Málaga","125",7
"PEUGEOT","TWEET FL 125 CC","Murcia","125",1
"PEUGEOT","TWEET FL 125 CC","Santa Cruz de Tenerife","125",1
"PEUGEOT","TWEET FL 125 CC","Sevilla","125",1
"PEUGEOT","TWEET FL 125 CC","Valencia/València","125",1
"PEUGEOT","TWEET FL 125 CC","Zaragoza","125",1
"PEUGEOT","XP","Madrid","399",1
"PEUGEOT","XP","Valladolid","399",1
"PIAGGIO","BEVERLY 300 HPE","Santa Cruz de Tenerife","278",1
"PIAGGIO","BEVERLY 310 HPE","Barcelona","310",3
"PIAGGIO","BEVERLY 310 HPE","Castellón/Castelló","310",1
"PIAGGIO","BEVERLY 310 HPE","Girona","310",1
"PIAGGIO","BEVERLY 310 HPE","Granada","310",1
"PIAGGIO","BEVERLY 310 HPE","Illes Balears","310",1
"PIAGGIO","BEVERLY 310 HPE","Madrid","310",2
"PIAGGIO","BEVERLY 310 HPE","Sevilla","310",1
"PIAGGIO","BEVERLY 400 HPE","Barcelona","399",1
"PIAGGIO","BEVERLY 400 HPE","Cádiz","399",1
"PIAGGIO","BEVERLY 400 HPE","Huelva","399",1
"PIAGGIO","BEVERLY 400 HPE","Illes Balears","399",1
"PIAGGIO","BEVERLY 400 HPE","Madrid","399",1
"PIAGGIO","BEVERLY 400 HPE","Málaga","399",2
"PIAGGIO","BEVERLY 400 HPE","Murcia","399",1
"PIAGGIO","BEVERLY 400 HPE","Palmas (Las)","399",5
"PIAGGIO","BEVERLY 400 HPE","Santa Cruz de Tenerife","399",2
"PIAGGIO","BEVERLY 400 HPE","Sevilla","399",3
"PIAGGIO","BEVERLY 400 HPE","Tarragona","399",1
"PIAGGIO","BEVERLY 400 HPE","Valencia/València","399",1
"PIAGGIO","LIBERTY 125 ABS","Alicante/Alacant","124",9
"PIAGGIO","LIBERTY 125 ABS","Almería","124",1
"PIAGGIO","LIBERTY 125 ABS","Asturias","124",1
"PIAGGIO","LIBERTY 125 ABS","Badajoz","124",3
"PIAGGIO","LIBERTY 125 ABS","Barcelona","124",37
"PIAGGIO","LIBERTY 125 ABS","Bizkaia","124",5
"PIAGGIO","LIBERTY 125 ABS","Cáceres","124",2
"PIAGGIO","LIBERTY 125 ABS","Cádiz","124",90
"PIAGGIO","LIBERTY 125 ABS","Cantabria","124",3
"PIAGGIO","LIBERTY 125 ABS","Ceuta","124",1
"PIAGGIO","LIBERTY 125 ABS","Córdoba","124",8
"PIAGGIO","LIBERTY 125 ABS","Coruña (A)","124",1
"PIAGGIO","LIBERTY 125 ABS","Cuenca","124",1
"PIAGGIO","LIBERTY 125 ABS","Gipuzkoa","124",6
"PIAGGIO","LIBERTY 125 ABS","Girona","124",2
"PIAGGIO","LIBERTY 125 ABS","Granada","124",13
"PIAGGIO","LIBERTY 125 ABS","Huelva","124",7
"PIAGGIO","LIBERTY 125 ABS","Illes Balears","124",7
"PIAGGIO","LIBERTY 125 ABS","Jaén","124",1
"PIAGGIO","LIBERTY 125 ABS","Lleida","124",2
"PIAGGIO","LIBERTY 125 ABS","Madrid","124",19
"PIAGGIO","LIBERTY 125 ABS","Málaga","124",17
"PIAGGIO","LIBERTY 125 ABS","Murcia","124",6
"PIAGGIO","LIBERTY 125 ABS","Navarra","124",1
"PIAGGIO","LIBERTY 125 ABS","Palencia","124",1
"PIAGGIO","LIBERTY 125 ABS","Palmas (Las)","124",5
"PIAGGIO","LIBERTY 125 ABS","Pontevedra","124",3
"PIAGGIO","LIBERTY 125 ABS","Rioja (La)","124",1
"PIAGGIO","LIBERTY 125 ABS","Santa Cruz de Tenerife","124",2
"PIAGGIO","LIBERTY 125 ABS","Sevilla","124",17
"PIAGGIO","LIBERTY 125 ABS","Tarragona","124",2
"PIAGGIO","LIBERTY 125 ABS","Toledo","124",1
"PIAGGIO","LIBERTY 125 ABS","Valencia/València","124",9
"PIAGGIO","LIBERTY 125 ABS","Zaragoza","124",3
"PIAGGIO","MEDLEY 125","Alicante/Alacant","125",2
"PIAGGIO","MEDLEY 125","Barcelona","125",21
"PIAGGIO","MEDLEY 125","Bizkaia","125",1
"PIAGGIO","MEDLEY 125","Cádiz","125",7
"PIAGGIO","MEDLEY 125","Ceuta","125",1
"PIAGGIO","MEDLEY 125","Córdoba","125",2
"PIAGGIO","MEDLEY 125","Gipuzkoa","125",1
"PIAGGIO","MEDLEY 125","Girona","125",2
"PIAGGIO","MEDLEY 125","Granada","125",30
"PIAGGIO","MEDLEY 125","Huesca","125",1
"PIAGGIO","MEDLEY 125","Illes Balears","125",8
"PIAGGIO","MEDLEY 125","Jaén","125",1
"PIAGGIO","MEDLEY 125","Madrid","125",5
"PIAGGIO","MEDLEY 125","Málaga","125",8
"PIAGGIO","MEDLEY 125","Murcia","125",3
"PIAGGIO","MEDLEY 125","Navarra","125",1
"PIAGGIO","MEDLEY 125","Ourense","125",1
"PIAGGIO","MEDLEY 125","Palmas (Las)","125",1
"PIAGGIO","MEDLEY 125","Rioja (La)","125",1
"PIAGGIO","MEDLEY 125","Santa Cruz de Tenerife","125",14
"PIAGGIO","MEDLEY 125","Sevilla","125",9
"PIAGGIO","MEDLEY 125","Tarragona","125",3
"PIAGGIO","MEDLEY 125","Valencia/València","125",5
"PIAGGIO","MEDLEY 200","Barcelona","174",1
"PIAGGIO","VESPA GTS","Alicante/Alacant","310",1
"PIAGGIO","VESPA GTS","Almería","310",1
"PIAGGIO","VESPA GTS","Barcelona","310",5
"PIAGGIO","VESPA GTS","Bizkaia","310",2
"PIAGGIO","VESPA GTS","Cantabria","310",1
"PIAGGIO","VESPA GTS","Córdoba","310",1
"PIAGGIO","VESPA GTS","Illes Balears","310",8
"PIAGGIO","VESPA GTS","Madrid","310",3
"PIAGGIO","VESPA GTS","Málaga","310",3
"PIAGGIO","VESPA GTS","Melilla","310",1
"PIAGGIO","VESPA GTS","Murcia","310",1
"PIAGGIO","VESPA GTS","Pontevedra","310",2
"PIAGGIO","VESPA GTS","Santa Cruz de Tenerife","310",1
"PIAGGIO","VESPA GTS","Sevilla","310",1
"PIAGGIO","VESPA GTS","Valencia/València","310",2
"PIAGGIO","VESPA GTS","Zaragoza","310",1
"PIAGGIO","VESPA GTS 125","Albacete","125",1
"PIAGGIO","VESPA GTS 125","Alicante/Alacant","125",3
"PIAGGIO","VESPA GTS 125","Asturias","125",2
"PIAGGIO","VESPA GTS 125","Barcelona","125",4
"PIAGGIO","VESPA GTS 125","Cádiz","125",1
"PIAGGIO","VESPA GTS 125","Córdoba","125",1
"PIAGGIO","VESPA GTS 125","Girona","125",1
"PIAGGIO","VESPA GTS 125","Illes Balears","125",10
"PIAGGIO","VESPA GTS 125","Jaén","125",1
"PIAGGIO","VESPA GTS 125","Madrid","125",2
"PIAGGIO","VESPA GTS 125","Málaga","125",3
"PIAGGIO","VESPA GTS 125","Murcia","125",1
"PIAGGIO","VESPA GTS 125","Santa Cruz de Tenerife","125",1
"PIAGGIO","VESPA GTS 125","Sevilla","125",2
"PIAGGIO","VESPA GTS 125","Valencia/València","125",3
"PIAGGIO","VESPA GTS 125","Valladolid","125",2
"PIAGGIO","VESPA GTS 125","Zaragoza","125",2
"PIAGGIO","VESPA GTS 125 SUPERTEC","Alicante/Alacant","125",1
"PIAGGIO","VESPA GTS 125 SUPERTEC","Barcelona","125",3
"PIAGGIO","VESPA GTS 125 SUPERTEC","Valencia/València","125",1
"PIAGGIO","VESPA GTS SUPERTECH","Cantabria","310",1
"PIAGGIO","VESPA GTS SUPERTECH","Illes Balears","310",1
"PIAGGIO","VESPA GTV","Alicante/Alacant","310",2
"PIAGGIO","VESPA GTV","Córdoba","310",1
"PIAGGIO","VESPA GTV","Girona","310",1
"PIAGGIO","VESPA GTV","Illes Balears","310",2
"PIAGGIO","VESPA GTV","Madrid","310",1
"PIAGGIO","VESPA GTV","Murcia","310",1
"PIAGGIO","VESPA GTV","Ourense","310",1
"PIAGGIO","VESPA GTV","Sevilla","310",1
"PIAGGIO","VESPA PRIMAVERA 125","Alicante/Alacant","124",10
"PIAGGIO","VESPA PRIMAVERA 125","Almería","124",6
"PIAGGIO","VESPA PRIMAVERA 125","Asturias","124",1
"PIAGGIO","VESPA PRIMAVERA 125","Barcelona","124",14
"PIAGGIO","VESPA PRIMAVERA 125","Bizkaia","124",3
"PIAGGIO","VESPA PRIMAVERA 125","Cádiz","124",5
"PIAGGIO","VESPA PRIMAVERA 125","Cantabria","124",2
"PIAGGIO","VESPA PRIMAVERA 125","Castellón/Castelló","124",4
"PIAGGIO","VESPA PRIMAVERA 125","Ciudad Real","124",1
"PIAGGIO","VESPA PRIMAVERA 125","Coruña (A)","124",2
"PIAGGIO","VESPA PRIMAVERA 125","Gipuzkoa","124",1
"PIAGGIO","VESPA PRIMAVERA 125","Girona","124",1
"PIAGGIO","VESPA PRIMAVERA 125","Granada","124",2
"PIAGGIO","VESPA PRIMAVERA 125","Huelva","124",5
"PIAGGIO","VESPA PRIMAVERA 125","Illes Balears","124",11
"PIAGGIO","VESPA PRIMAVERA 125","Jaén","124",2
"PIAGGIO","VESPA PRIMAVERA 125","Lleida","124",2
"PIAGGIO","VESPA PRIMAVERA 125","Madrid","124",9
"PIAGGIO","VESPA PRIMAVERA 125","Málaga","124",4
"PIAGGIO","VESPA PRIMAVERA 125","Melilla","124",1
"PIAGGIO","VESPA PRIMAVERA 125","Murcia","124",8
"PIAGGIO","VESPA PRIMAVERA 125","Palencia","124",1
"PIAGGIO","VESPA PRIMAVERA 125","Palmas (Las)","124",2
"PIAGGIO","VESPA PRIMAVERA 125","Santa Cruz de Tenerife","124",3
"PIAGGIO","VESPA PRIMAVERA 125","Sevilla","124",7
"PIAGGIO","VESPA PRIMAVERA 125","Tarragona","124",1
"PIAGGIO","VESPA PRIMAVERA 125","Valencia/València","124",8
"PIAGGIO","VESPA PRIMAVERA 125","Zamora","124",1
"PIAGGIO","VESPA PRIMAVERA 125","Zaragoza","124",1
"PIAGGIO","VESPA PRIMAVERA 125 AB","Bizkaia","124",1
"PIAGGIO","VESPA PRIMAVERA 125 AB","Cádiz","124",1
"PIAGGIO","VESPA PRIMAVERA 125 AB","Madrid","124",2
"PIAGGIO","VESPA PRIMAVERA 125 AB","Pontevedra","124",1
"PIAGGIO","VESPA PRIMAVERA 125 AB","Sevilla","124",2
"PIAGGIO","VESPA PRIMAVERA TECH 1","Almería","124",1
"PIAGGIO","VESPA PRIMAVERA TECH 1","Barcelona","124",1
"PIAGGIO","VESPA PRIMAVERA TECH 1","Illes Balears","124",1
"PIAGGIO","VESPA PRIMAVERA TECH 1","Lleida","124",1
"PIAGGIO","VESPA SPRINT 125","Almería","124",1
"PIAGGIO","VESPA SPRINT 125","Barcelona","124",1
"PIAGGIO","VESPA SPRINT 125","Illes Balears","124",1
"PIAGGIO","VESPA SPRINT 125","Jaén","124",1
"PIAGGIO","VESPA SPRINT 125","Málaga","124",1
"PIAGGIO","VESPA SPRINT 125 ABS","Bizkaia","124",2
"PIAGGIO","VESPA SPRINT 125 ABS","Sevilla","124",1
"QJMOTOR","ATR 125 E5+","Alicante/Alacant","125",3
"QJMOTOR","ATR 125 E5+","Almería","125",3
"QJMOTOR","ATR 125 E5+","Asturias","125",4
"QJMOTOR","ATR 125 E5+","Barcelona","125",13
"QJMOTOR","ATR 125 E5+","Cádiz","125",2
"QJMOTOR","ATR 125 E5+","Castellón/Castelló","125",2
"QJMOTOR","ATR 125 E5+","Ciudad Real","125",1
"QJMOTOR","ATR 125 E5+","Coruña (A)","125",1
"QJMOTOR","ATR 125 E5+","Girona","125",3
"QJMOTOR","ATR 125 E5+","Huelva","125",2
"QJMOTOR","ATR 125 E5+","Illes Balears","125",3
"QJMOTOR","ATR 125 E5+","Jaén","125",2
"QJMOTOR","ATR 125 E5+","Lleida","125",1
"QJMOTOR","ATR 125 E5+","Madrid","125",13
"QJMOTOR","ATR 125 E5+","Málaga","125",3
"QJMOTOR","ATR 125 E5+","Murcia","125",5
"QJMOTOR","ATR 125 E5+","Ourense","125",1
"QJMOTOR","ATR 125 E5+","Palmas (Las)","125",9
"QJMOTOR","ATR 125 E5+","Pontevedra","125",2
"QJMOTOR","ATR 125 E5+","Rioja (La)","125",1
"QJMOTOR","ATR 125 E5+","Santa Cruz de Tenerife","125",12
"QJMOTOR","ATR 125 E5+","Sevilla","125",3
"QJMOTOR","ATR 125 E5+","Soria","125",1
"QJMOTOR","ATR 125 E5+","Tarragona","125",2
"QJMOTOR","ATR 125 E5+","Teruel","125",1
"QJMOTOR","ATR 125 E5+","Toledo","125",1
"QJMOTOR","ATR 125 E5+","Valencia/València","125",2
"QJMOTOR","ATR 125 E5+","Valladolid","125",1
"QJMOTOR","ATR 125 E5+","Zaragoza","125",2
"QJMOTOR","FORT 350","Alicante/Alacant","350",2
"QJMOTOR","FORT 350","Barcelona","350",2
"QJMOTOR","FORT 350","Murcia","350",1
"QJMOTOR","FORT 350","Palmas (Las)","350",1
"QJMOTOR","FORT 350","Pontevedra","350",1
"QJMOTOR","FORT 350","Santa Cruz de Tenerife","350",3
"QJMOTOR","FORT 350","Sevilla","350",2
"QJMOTOR","FORT 4.0 E5+","Barcelona","350",3
"QJMOTOR","FORT 4.0 E5+","Illes Balears","350",3
"QJMOTOR","FORT 4.0 E5+","Madrid","350",2
"QJMOTOR","FORT 4.0 E5+","Murcia","350",1
"QJMOTOR","FORT 4.0 E5+","Pontevedra","350",2
"QJMOTOR","FORT 4.0 E5+","Santa Cruz de Tenerife","350",2
"QJMOTOR","FORT 4.0 E5+","Sevilla","350",1
"QJMOTOR","FORT 4.0 E5+","Valencia/València","350",1
"QJMOTOR","LTR 125","Barcelona","125",4
"QJMOTOR","LTR 125","León","125",1
"QJMOTOR","LTR 125","Madrid","125",1
"QJMOTOR","LTR 125","Santa Cruz de Tenerife","125",1
"QJMOTOR","LTR 125","Valladolid","125",1
"QJMOTOR","LTR 125 E5+","Albacete","125",1
"QJMOTOR","LTR 125 E5+","Alicante/Alacant","125",1
"QJMOTOR","LTR 125 E5+","Barcelona","125",3
"QJMOTOR","LTR 125 E5+","Coruña (A)","125",1
"QJMOTOR","LTR 125 E5+","Granada","125",2
"QJMOTOR","LTR 125 E5+","Illes Balears","125",4
"QJMOTOR","LTR 125 E5+","Pontevedra","125",1
"QJMOTOR","LTR 125 E5+","Santa Cruz de Tenerife","125",2
"QJMOTOR","LTR 125 E5+","Valencia/València","125",1
"QJMOTOR","LTR 125 E5+","Zaragoza","125",2
"QJMOTOR","MTX 125","Alicante/Alacant","125",12
"QJMOTOR","MTX 125","Barcelona","125",5
"QJMOTOR","MTX 125","Cádiz","125",1
"QJMOTOR","MTX 125","Castellón/Castelló","125",1
"QJMOTOR","MTX 125","Córdoba","125",3
"QJMOTOR","MTX 125","Coruña (A)","125",1
"QJMOTOR","MTX 125","Girona","125",1
"QJMOTOR","MTX 125","Granada","125",2
"QJMOTOR","MTX 125","Huelva","125",1
"QJMOTOR","MTX 125","Illes Balears","125",1
"QJMOTOR","MTX 125","Madrid","125",3
"QJMOTOR","MTX 125","Murcia","125",11
"QJMOTOR","MTX 125","Palmas (Las)","125",4
"QJMOTOR","MTX 125","Santa Cruz de Tenerife","125",1
"QJMOTOR","MTX 125","Toledo","125",1
"QJMOTOR","MTX 125","Valencia/València","125",6
"QJMOTOR","MTX 125","Zaragoza","125",3
"QJMOTOR","MTX 125 E5+","Alicante/Alacant","125",1
"QJMOTOR","MTX 125 E5+","Asturias","125",4
"QJMOTOR","MTX 125 E5+","Barcelona","125",37
"QJMOTOR","MTX 125 E5+","Cáceres","125",1
"QJMOTOR","MTX 125 E5+","Cádiz","125",9
"QJMOTOR","MTX 125 E5+","Cantabria","125",1
"QJMOTOR","MTX 125 E5+","Castellón/Castelló","125",2
"QJMOTOR","MTX 125 E5+","Ciudad Real","125",1
"QJMOTOR","MTX 125 E5+","Córdoba","125",2
"QJMOTOR","MTX 125 E5+","Gipuzkoa","125",1
"QJMOTOR","MTX 125 E5+","Granada","125",4
"QJMOTOR","MTX 125 E5+","Guadalajara","125",1
"QJMOTOR","MTX 125 E5+","Huelva","125",1
"QJMOTOR","MTX 125 E5+","Huesca","125",2
"QJMOTOR","MTX 125 E5+","Illes Balears","125",10
"QJMOTOR","MTX 125 E5+","Lleida","125",1
"QJMOTOR","MTX 125 E5+","Madrid","125",21
"QJMOTOR","MTX 125 E5+","Málaga","125",11
"QJMOTOR","MTX 125 E5+","Murcia","125",4
"QJMOTOR","MTX 125 E5+","Palmas (Las)","125",1
"QJMOTOR","MTX 125 E5+","Pontevedra","125",1
"QJMOTOR","MTX 125 E5+","Salamanca","125",1
"QJMOTOR","MTX 125 E5+","Santa Cruz de Tenerife","125",7
"QJMOTOR","MTX 125 E5+","Sevilla","125",11
"QJMOTOR","MTX 125 E5+","Tarragona","125",1
"QJMOTOR","MTX 125 E5+","Toledo","125",1
"QJMOTOR","MTX 125 E5+","Valencia/València","125",9
"QJMOTOR","MTX 125 E5+","Valladolid","125",2
"QJMOTOR","MTX 125 E5+","Zaragoza","125",3
"QJMOTOR","SQ 16 E5+","Alicante/Alacant","125",1
"QJMOTOR","SQ 16 E5+","Almería","125",1
"QJMOTOR","SQ 16 E5+","Asturias","125",1
"QJMOTOR","SQ 16 E5+","Barcelona","125",21
"QJMOTOR","SQ 16 E5+","Córdoba","125",2
"QJMOTOR","SQ 16 E5+","Girona","125",4
"QJMOTOR","SQ 16 E5+","Granada","125",3
"QJMOTOR","SQ 16 E5+","Illes Balears","125",3
"QJMOTOR","SQ 16 E5+","Jaén","125",1
"QJMOTOR","SQ 16 E5+","Málaga","125",6
"QJMOTOR","SQ 16 E5+","Murcia","125",1
"QJMOTOR","SQ 16 E5+","Palmas (Las)","125",1
"QJMOTOR","SQ 16 E5+","Sevilla","125",3
"QJMOTOR","SQ 16 E5+","Valencia/València","125",1
"QJMOTOR","SRK 125 R","Barcelona","125",1
"QJMOTOR","SRK 125 R","Málaga","125",1
"QJMOTOR","SRK 125 R E5+","Alicante/Alacant","125",1
"QJMOTOR","SRK 125 R E5+","Bizkaia","125",1
"QJMOTOR","SRK 125 R E5+","Castellón/Castelló","125",1
"QJMOTOR","SRK 125 R E5+","Granada","125",1
"QJMOTOR","SRK 125 R E5+","Illes Balears","125",1
"QJMOTOR","SRK 125 R E5+","Madrid","125",2
"QJMOTOR","SRK 125 R E5+","Ourense","125",1
"QJMOTOR","SRK 125 R E5+","Santa Cruz de Tenerife","125",3
"QJMOTOR","SRK 125 R E5+","Sevilla","125",1
"QJMOTOR","SRK 125 R E5+","Tarragona","125",2
"QJMOTOR","SRK 125 R E5+","Valencia/València","125",1
"QJMOTOR","SRK 125 S","Girona","125",1
"QJMOTOR","SRK 125 S","Jaén","125",1
"QJMOTOR","SRK 125 S","Santa Cruz de Tenerife","125",1
"QJMOTOR","SRK 125 S E5+","Alicante/Alacant","125",2
"QJMOTOR","SRK 125 S E5+","Asturias","125",1
"QJMOTOR","SRK 125 S E5+","Barcelona","125",4
"QJMOTOR","SRK 125 S E5+","Burgos","125",1
"QJMOTOR","SRK 125 S E5+","Cádiz","125",1
"QJMOTOR","SRK 125 S E5+","Cantabria","125",1
"QJMOTOR","SRK 125 S E5+","Castellón/Castelló","125",1
"QJMOTOR","SRK 125 S E5+","Córdoba","125",2
"QJMOTOR","SRK 125 S E5+","Huelva","125",1
"QJMOTOR","SRK 125 S E5+","Illes Balears","125",2
"QJMOTOR","SRK 125 S E5+","Jaén","125",1
"QJMOTOR","SRK 125 S E5+","Madrid","125",9
"QJMOTOR","SRK 125 S E5+","Murcia","125",4
"QJMOTOR","SRK 125 S E5+","Palmas (Las)","125",3
"QJMOTOR","SRK 125 S E5+","Pontevedra","125",1
"QJMOTOR","SRK 125 S E5+","Santa Cruz de Tenerife","125",2
"QJMOTOR","SRK 125 S E5+","Sevilla","125",3
"QJMOTOR","SRK 125 S E5+","Valencia/València","125",3
"QJMOTOR","SRK 125 S E5+","Zaragoza","125",1
"QJMOTOR","SRK 400","Pontevedra","400",1
"QJMOTOR","SRK 600","Alicante/Alacant","554",1
"QJMOTOR","SRK 600","Barcelona","554",4
"QJMOTOR","SRK 600","Granada","554",1
"QJMOTOR","SRK 600","Madrid","554",1
"QJMOTOR","SRK 600","Sevilla","554",1
"QJMOTOR","SRK 600","Valencia/València","554",1
"QJMOTOR","SRK 700","Jaén","698",1
"QJMOTOR","SRT 500 X 35KW","Barcelona","554",1
"QJMOTOR","SRT 500 X 35KW","Ourense","554",1
"QJMOTOR","SRT 600 SX E5+","Albacete","554",1
"QJMOTOR","SRT 600 SX E5+","Alicante/Alacant","554",1
"QJMOTOR","SRT 600 SX E5+","Almería","554",1
"QJMOTOR","SRT 600 SX E5+","Asturias","554",1
"QJMOTOR","SRT 600 SX E5+","Barcelona","554",8
"QJMOTOR","SRT 600 SX E5+","Bizkaia","554",1
"QJMOTOR","SRT 600 SX E5+","Cáceres","554",1
"QJMOTOR","SRT 600 SX E5+","Cádiz","554",2
"QJMOTOR","SRT 600 SX E5+","Cantabria","554",1
"QJMOTOR","SRT 600 SX E5+","Córdoba","554",4
"QJMOTOR","SRT 600 SX E5+","Coruña (A)","554",2
"QJMOTOR","SRT 600 SX E5+","Girona","554",3
"QJMOTOR","SRT 600 SX E5+","Granada","554",1
"QJMOTOR","SRT 600 SX E5+","Jaén","554",2
"QJMOTOR","SRT 600 SX E5+","Lleida","554",1
"QJMOTOR","SRT 600 SX E5+","Madrid","554",9
"QJMOTOR","SRT 600 SX E5+","Málaga","554",1
"QJMOTOR","SRT 600 SX E5+","Murcia","554",5
"QJMOTOR","SRT 600 SX E5+","Pontevedra","554",2
"QJMOTOR","SRT 600 SX E5+","Rioja (La)","554",1
"QJMOTOR","SRT 600 SX E5+","Santa Cruz de Tenerife","554",1
"QJMOTOR","SRT 600 SX E5+","Segovia","554",1
"QJMOTOR","SRT 600 SX E5+","Sevilla","554",3
"QJMOTOR","SRT 600 SX E5+","Teruel","554",1
"QJMOTOR","SRT 600 SX E5+","Valencia/València","554",8
"QJMOTOR","SRT 600 SX E5+","Zaragoza","554",1
"QJMOTOR","SRT 700 E5+","Barcelona","698",4
"QJMOTOR","SRT 700 E5+","Cádiz","698",1
"QJMOTOR","SRT 700 E5+","Castellón/Castelló","698",1
"QJMOTOR","SRT 700 E5+","Coruña (A)","698",1
"QJMOTOR","SRT 700 E5+","Gipuzkoa","698",1
"QJMOTOR","SRT 700 E5+","Huelva","698",1
"QJMOTOR","SRT 700 E5+","Jaén","698",1
"QJMOTOR","SRT 700 E5+","Murcia","698",1
"QJMOTOR","SRT 700 E5+","Palencia","698",1
"QJMOTOR","SRT 700 E5+","Palmas (Las)","698",1
"QJMOTOR","SRT 700 E5+","Rioja (La)","698",1
"QJMOTOR","SRT 700 E5+","Toledo","698",1
"QJMOTOR","SRT 700 X","Sevilla","698",1
"QJMOTOR","SRT 700 X E5+","Alicante/Alacant","698",1
"QJMOTOR","SRT 700 X E5+","Almería","698",1
"QJMOTOR","SRT 700 X E5+","Cádiz","698",1
"QJMOTOR","SRT 700 X E5+","Girona","698",1
"QJMOTOR","SRT 700 X E5+","Granada","698",1
"QJMOTOR","SRT 700 X E5+","Lleida","698",1
"QJMOTOR","SRT 700 X E5+","Madrid","698",2
"QJMOTOR","SRT 700 X E5+","Málaga","698",1
"QJMOTOR","SRT 700 X E5+","Palencia","698",1
"QJMOTOR","SRT 900 S","Alicante/Alacant","904",1
"QJMOTOR","SRT 900 S","Barcelona","904",1
"QJMOTOR","SRT 900 S","Cádiz","904",1
"QJMOTOR","SRT 900 S","Palmas (Las)","904",1
"QJMOTOR","SRT 900 S","Santa Cruz de Tenerife","904",2
"QJMOTOR","SRT 900 S","Valencia/València","904",1
"QJMOTOR","SRT 900 SX","Albacete","904",1
"QJMOTOR","SRT 900 SX","Barcelona","904",5
"QJMOTOR","SRT 900 SX","Cádiz","904",1
"QJMOTOR","SRT 900 SX","Coruña (A)","904",1
"QJMOTOR","SRT 900 SX","Madrid","904",2
"QJMOTOR","SRT 900 SX","Murcia","904",3
"QJMOTOR","SRT 900 SX","Palencia","904",1
"QJMOTOR","SRT 900 SX","Palmas (Las)","904",1
"QJMOTOR","SRT 900 SX","Santa Cruz de Tenerife","904",2
"QJMOTOR","SRT 900 SX","Valencia/València","904",3
"QJMOTOR","SRV 12 E5+","Asturias","125",2
"QJMOTOR","SRV 12 E5+","Barcelona","125",3
"QJMOTOR","SRV 12 E5+","Cádiz","125",2
"QJMOTOR","SRV 12 E5+","Coruña (A)","125",2
"QJMOTOR","SRV 12 E5+","Huelva","125",1
"QJMOTOR","SRV 12 E5+","Illes Balears","125",1
"QJMOTOR","SRV 12 E5+","Lleida","125",1
"QJMOTOR","SRV 12 E5+","Madrid","125",4
"QJMOTOR","SRV 12 E5+","Murcia","125",1
"QJMOTOR","SRV 12 E5+","Pontevedra","125",1
"QJMOTOR","SRV 12 E5+","Santa Cruz de Tenerife","125",1
"QJMOTOR","SRV 12 E5+","Tarragona","125",1
"QJMOTOR","SRV 12 E5+","Valencia/València","125",2
"QJMOTOR","SRV 12 E5+","Zamora","125",1
"QJMOTOR","SRV 12 E5+","Zaragoza","125",1
"QJMOTOR","SRV 125","Barcelona","125",1
"QJMOTOR","SRV 125","Granada","125",1
"QJMOTOR","SRV 125","Murcia","125",1
"QJMOTOR","SRV 125","Zaragoza","125",1
"QJMOTOR","SRV 125 E5+","Albacete","125",1
"QJMOTOR","SRV 125 E5+","Alicante/Alacant","125",1
"QJMOTOR","SRV 125 E5+","Almería","125",1
"QJMOTOR","SRV 125 E5+","Asturias","125",3
"QJMOTOR","SRV 125 E5+","Barcelona","125",11
"QJMOTOR","SRV 125 E5+","Cádiz","125",1
"QJMOTOR","SRV 125 E5+","Coruña (A)","125",1
"QJMOTOR","SRV 125 E5+","Cuenca","125",1
"QJMOTOR","SRV 125 E5+","Huelva","125",1
"QJMOTOR","SRV 125 E5+","Illes Balears","125",1
"QJMOTOR","SRV 125 E5+","Madrid","125",7
"QJMOTOR","SRV 125 E5+","Málaga","125",2
"QJMOTOR","SRV 125 E5+","Murcia","125",2
"QJMOTOR","SRV 125 E5+","Santa Cruz de Tenerife","125",4
"QJMOTOR","SRV 125 E5+","Sevilla","125",1
"QJMOTOR","SRV 125 E5+","Toledo","125",1
"QJMOTOR","SRV 125 E5+","Valencia/València","125",4
"QJMOTOR","SRV 300","Madrid","296",1
"QJMOTOR","TRX 125","Madrid","125",1
"QJMOTOR","TRX 125 E5+","Granada","125",1
"QJMOTOR","TRX 125 E5+","Murcia","125",1
"QJMOTOR","TRX 125 E5+","Pontevedra","125",1
"QJMOTOR","TRX 125 E5+","Santa Cruz de Tenerife","125",3
"QJMOTOR","TRX 125 E5+","Valencia/València","125",1
"REDMOTO","---","Alicante/Alacant","296",1
"REDMOTO","---","Barcelona","296",2
"REDMOTO","---","Cádiz","296",1
"REDMOTO","---","Castellón/Castelló","296",2
"REDMOTO","---","Madrid","296",1
"RIEJU","AVENTURA 500","Alicante/Alacant","471",1
"RIEJU","AVENTURA 500","Barcelona","471",2
"RIEJU","AVENTURA 500","Madrid","471",1
"RIEJU","AVENTURA 500","Rioja (La)","471",1
"RIEJU","AVENTURA 500","Zaragoza","471",1
"RIEJU","CENTURY125","Barcelona","124",1
"RIEJU","CENTURY125","Girona","124",1
"RIEJU","CENTURY125","Tarragona","124",1
"RIEJU","MR","Navarra","293",1
"RIEJU","N/A","Alicante/Alacant","125",1
"RIEJU","N/A","Almería","125",1
"RIEJU","N/A","Asturias","125",3
"RIEJU","N/A","Barcelona","125",7
"RIEJU","N/A","Bizkaia","125",1
"RIEJU","N/A","Córdoba","125",5
"RIEJU","N/A","Coruña (A)","125",3
"RIEJU","N/A","Gipuzkoa","125",1
"RIEJU","N/A","Girona","125",10
"RIEJU","N/A","Guadalajara","125",2
"RIEJU","N/A","Huelva","125",1
"RIEJU","N/A","Huesca","125",1
"RIEJU","N/A","Illes Balears","125",2
"RIEJU","N/A","Jaén","125",2
"RIEJU","N/A","León","125",2
"RIEJU","N/A","Lleida","125",2
"RIEJU","N/A","Madrid","125",3
"RIEJU","N/A","Málaga","125",2
"RIEJU","N/A","Murcia","125",2
"RIEJU","N/A","Navarra","125",1
"RIEJU","N/A","Ourense","125",1
"RIEJU","N/A","Palencia","125",1
"RIEJU","N/A","Pontevedra","125",1
"RIEJU","N/A","Santa Cruz de Tenerife","125",1
"RIEJU","N/A","Sevilla","125",6
"RIEJU","N/A","Teruel","125",1
"RIEJU","N/A","Toledo","125",2
"RIEJU","N/A","Valencia/València","125",4
"RIEJU","N/A","Zamora","125",1
"RIEJU","N/A","Zaragoza","125",2
"RIEJU","NOT APPLICABLE","Alicante/Alacant","124",3
"RIEJU","NOT APPLICABLE","Barcelona","124",7
"RIEJU","NOT APPLICABLE","Bizkaia","124",1
"RIEJU","NOT APPLICABLE","Burgos","124",1
"RIEJU","NOT APPLICABLE","Cáceres","124",1
"RIEJU","NOT APPLICABLE","Gipuzkoa","124",1
"RIEJU","NOT APPLICABLE","Girona","124",3
"RIEJU","NOT APPLICABLE","Granada","124",1
"RIEJU","NOT APPLICABLE","Huesca","124",1
"RIEJU","NOT APPLICABLE","Madrid","124",2
"RIEJU","NOT APPLICABLE","Murcia","124",1
"RIEJU","NOT APPLICABLE","Tarragona","124",1
"RIEJU","NOT APPLICABLE","Valencia/València","124",1
"RIEJU","NOT APPLICABLE","Zamora","124",1
"RIEJU","XPLORA 707","Almería","698",1
"RIEJU","XPLORA 707","Barcelona","698",1
"RIEJU","XPLORA 707","Girona","698",1
"RIEJU","XPLORA 707","Madrid","698",1
"RIEJU","XPLORA 707","Tarragona","698",1
"RIEJU","XPLORA 707","Valencia/València","698",2
"ROYAL ALLOY","GP125S","Málaga","124",1
"ROYAL ALLOY","GP350S","Málaga","309",2
"ROYAL ALLOY","TG125","Zaragoza","125",1
"ROYAL ENFIELD","BULLET 350","Barcelona","349",1
"ROYAL ENFIELD","BULLET 350","Madrid","349",1
"ROYAL ENFIELD","CLASSIC 350","Barcelona","349",1
"ROYAL ENFIELD","CLASSIC 350","Ciudad Real","349",1
"ROYAL ENFIELD","CLASSIC 350","Huelva","349",1
"ROYAL ENFIELD","CLASSIC 350","Madrid","349",3
"ROYAL ENFIELD","CLASSIC 350","Sevilla","349",1
"ROYAL ENFIELD","CLASSIC 350","Valencia/València","349",1
"ROYAL ENFIELD","CLASSIC 650 TWIN","Alicante/Alacant","648",1
"ROYAL ENFIELD","CLASSIC 650 TWIN","Almería","648",1
"ROYAL ENFIELD","CLASSIC 650 TWIN","Barcelona","648",1
"ROYAL ENFIELD","CLASSIC 650 TWIN","Bizkaia","648",1
"ROYAL ENFIELD","CLASSIC 650 TWIN","Castellón/Castelló","648",1
"ROYAL ENFIELD","CLASSIC 650 TWIN","Huesca","648",2
"ROYAL ENFIELD","CLASSIC 650 TWIN","Illes Balears","648",1
"ROYAL ENFIELD","CLASSIC 650 TWIN","Palmas (Las)","648",1
"ROYAL ENFIELD","CLASSIC 650 TWIN","Valencia/València","648",1
"ROYAL ENFIELD","CONTINENTAL GT 650","Cáceres","648",1
"ROYAL ENFIELD","CONTINENTAL GT 650","Illes Balears","648",1
"ROYAL ENFIELD","CONTINENTAL GT 650","Valencia/València","648",2
"ROYAL ENFIELD","GOAN CLASSIC 350","Barcelona","349",1
"ROYAL ENFIELD","GOAN CLASSIC 350","Illes Balears","349",2
"ROYAL ENFIELD","GOAN CLASSIC 350","Jaén","349",1
"ROYAL ENFIELD","GUERRILLA 450","Almería","452",1
"ROYAL ENFIELD","GUERRILLA 450","Granada","452",2
"ROYAL ENFIELD","GUERRILLA 450","Illes Balears","452",1
"ROYAL ENFIELD","GUERRILLA 450","Murcia","452",1
"ROYAL ENFIELD","GUERRILLA 450","Santa Cruz de Tenerife","452",2
"ROYAL ENFIELD","GUERRILLA 450","Sevilla","452",1
"ROYAL ENFIELD","GUERRILLA 450","Tarragona","452",1
"ROYAL ENFIELD","GUERRILLA 450","Valencia/València","452",2
"ROYAL ENFIELD","HIMALAYAN 452","Albacete","452",1
"ROYAL ENFIELD","HIMALAYAN 452","Alicante/Alacant","452",6
"ROYAL ENFIELD","HIMALAYAN 452","Almería","452",1
"ROYAL ENFIELD","HIMALAYAN 452","Asturias","452",1
"ROYAL ENFIELD","HIMALAYAN 452","Ávila","452",1
"ROYAL ENFIELD","HIMALAYAN 452","Barcelona","452",7
"ROYAL ENFIELD","HIMALAYAN 452","Bizkaia","452",1
"ROYAL ENFIELD","HIMALAYAN 452","Cáceres","452",1
"ROYAL ENFIELD","HIMALAYAN 452","Ciudad Real","452",1
"ROYAL ENFIELD","HIMALAYAN 452","Cuenca","452",1
"ROYAL ENFIELD","HIMALAYAN 452","Gipuzkoa","452",1
"ROYAL ENFIELD","HIMALAYAN 452","Girona","452",1
"ROYAL ENFIELD","HIMALAYAN 452","Granada","452",2
"ROYAL ENFIELD","HIMALAYAN 452","Illes Balears","452",6
"ROYAL ENFIELD","HIMALAYAN 452","Madrid","452",3
"ROYAL ENFIELD","HIMALAYAN 452","Málaga","452",5
"ROYAL ENFIELD","HIMALAYAN 452","Murcia","452",2
"ROYAL ENFIELD","HIMALAYAN 452","Santa Cruz de Tenerife","452",2
"ROYAL ENFIELD","HIMALAYAN 452","Sevilla","452",3
"ROYAL ENFIELD","HIMALAYAN 452","Valencia/València","452",4
"ROYAL ENFIELD","HIMALAYAN 452","Zaragoza","452",1
"ROYAL ENFIELD","HNTR 350","Málaga","349",1
"ROYAL ENFIELD","INTERCEPTOR 650 O INTE","Madrid","648",1
"ROYAL ENFIELD","INTERCEPTOR BEAR 650","Alicante/Alacant","648",1
"ROYAL ENFIELD","INTERCEPTOR BEAR 650","Almería","648",1
"ROYAL ENFIELD","INTERCEPTOR BEAR 650","Barcelona","648",2
"ROYAL ENFIELD","INTERCEPTOR BEAR 650","Illes Balears","648",3
"ROYAL ENFIELD","INTERCEPTOR BEAR 650","Madrid","648",2
"ROYAL ENFIELD","INTERCEPTOR BEAR 650","Málaga","648",1
"ROYAL ENFIELD","INTERCEPTOR BEAR 650","Navarra","648",1
"ROYAL ENFIELD","INTERCEPTOR BEAR 650","Palmas (Las)","648",2
"ROYAL ENFIELD","INTERCEPTOR BEAR 650","Sevilla","648",1
"ROYAL ENFIELD","INTERCEPTOR BEAR 650","Valencia/València","648",1
"ROYAL ENFIELD","METEOR 350","Málaga","349",1
"ROYAL ENFIELD","SCRAM 411","Valencia/València","411",1
"ROYAL ENFIELD","SHOTGUN 650","Asturias","648",1
"ROYAL ENFIELD","SHOTGUN 650","Girona","648",1
"ROYAL ENFIELD","SHOTGUN 650","Granada","648",1
"ROYAL ENFIELD","SHOTGUN 650","Madrid","648",1
"ROYAL ENFIELD","SUPER METEOR 650","Asturias","648",4
"ROYAL ENFIELD","SUPER METEOR 650","Barcelona","648",1
"ROYAL ENFIELD","SUPER METEOR 650","Cádiz","648",1
"ROYAL ENFIELD","SUPER METEOR 650","Cantabria","648",1
"ROYAL ENFIELD","SUPER METEOR 650","Castellón/Castelló","648",1
"ROYAL ENFIELD","SUPER METEOR 650","Ciudad Real","648",1
"ROYAL ENFIELD","SUPER METEOR 650","Palencia","648",1
"SCORPA","300CC","Tarragona","295",1
"SHERCO","125 SE-R","Alicante/Alacant","125",1
"SHERCO","125 SE-R","Ávila","125",1
"SHERCO","125 SE-R","Bizkaia","125",2
"SHERCO","125 SE-R","Granada","125",1
"SHERCO","125 SE-R","Illes Balears","125",1
"SHERCO","125 SE-R","Rioja (La)","125",1
"SHERCO","125 SE-R","Sevilla","125",1
"SHERCO","125 SE-R","Tarragona","125",1
"SHERCO","250 SE-R","Almería","249",1
"SHERCO","250 SE-R","Illes Balears","249",1
"SHERCO","250 SE-R","Murcia","249",1
"SHERCO","250 SE-R","Navarra","249",1
"SHERCO","250 SE-R","Zaragoza","249",1
"SHERCO","300 SE-R","Almería","293",1
"SHERCO","300 SE-R","Badajoz","293",1
"SHERCO","300 SE-R","Barcelona","293",1
"SHERCO","300 SE-R","Córdoba","293",1
"SHERCO","300 SE-R","Coruña (A)","293",1
"SHERCO","300 SE-R","Madrid","293",1
"SHERCO","300 SE-R","Málaga","293",4
"SHERCO","300 SE-R","Murcia","293",1
"SHERCO","300 SE-R","Pontevedra","293",1
"SHERCO","300 SE-R","Rioja (La)","293",1
"SHERCO","300 SE-R","Santa Cruz de Tenerife","293",1
"SHERCO","300 SE-R","Sevilla","293",1
"SHERCO","300 SE-R","Zamora","293",1
"SHERCO","300 SEF-R","Barcelona","304",1
"SHERCO","300 SEF-R","Coruña (A)","304",1
"SHERCO","300 SEF-R","Huelva","304",2
"SHERCO","300 SEF-R","Murcia","304",1
"SHERCO","450 SEF-R","Granada","449",1
"SHERCO","N.A","Madrid","125",1
"SHERCO","N.A","Navarra","125",1
"SUZUKI","ADDRESS 125","Álava/Araba","124",1
"SUZUKI","ADDRESS 125","Alicante/Alacant","124",7
"SUZUKI","ADDRESS 125","Asturias","124",1
"SUZUKI","ADDRESS 125","Barcelona","124",5
"SUZUKI","ADDRESS 125","Cádiz","124",1
"SUZUKI","ADDRESS 125","Castellón/Castelló","124",1
"SUZUKI","ADDRESS 125","Córdoba","124",1
"SUZUKI","ADDRESS 125","Guadalajara","124",2
"SUZUKI","ADDRESS 125","Huelva","124",2
"SUZUKI","ADDRESS 125","Illes Balears","124",1
"SUZUKI","ADDRESS 125","Madrid","124",6
"SUZUKI","ADDRESS 125","Málaga","124",4
"SUZUKI","ADDRESS 125","Murcia","124",3
"SUZUKI","ADDRESS 125","Navarra","124",1
"SUZUKI","ADDRESS 125","Pontevedra","124",1
"SUZUKI","ADDRESS 125","Rioja (La)","124",1
"SUZUKI","ADDRESS 125","Sevilla","124",1
"SUZUKI","ADDRESS 125","Tarragona","124",1
"SUZUKI","ADDRESS 125","Valencia/València","124",3
"SUZUKI","ADDRESS 125","Zamora","124",1
"SUZUKI","ADDRESS 125","Zaragoza","124",1
"SUZUKI","BURGMAN 400","Alicante/Alacant","400",2
"SUZUKI","BURGMAN 400","Barcelona","400",3
"SUZUKI","BURGMAN 400","Bizkaia","400",1
"SUZUKI","BURGMAN 400","Girona","400",2
"SUZUKI","BURGMAN 400","Illes Balears","400",1
"SUZUKI","BURGMAN 400","Madrid","400",1
"SUZUKI","BURGMAN 400","Málaga","400",1
"SUZUKI","BURGMAN 400","Palmas (Las)","400",1
"SUZUKI","BURGMAN 400","Pontevedra","400",1
"SUZUKI","BURGMAN 400","Sevilla","400",1
"SUZUKI","BURGMAN 400","Valencia/València","400",2
"SUZUKI","DL650","Barcelona","645",1
"SUZUKI","DL650","Cantabria","645",2
"SUZUKI","DL650","Santa Cruz de Tenerife","645",2
"SUZUKI","DL650U","Girona","645",1
"SUZUKI","DL650U","Palmas (Las)","645",1
"SUZUKI","DL650U","Santa Cruz de Tenerife","645",2
"SUZUKI","DR-Z400","Barcelona","398",2
"SUZUKI","DR-Z400","Castellón/Castelló","398",1
"SUZUKI","DR-Z400","Gipuzkoa","398",1
"SUZUKI","DR-Z400","Granada","398",1
"SUZUKI","DR-Z400","Madrid","398",2
"SUZUKI","DR-Z400","Valencia/València","398",1
"SUZUKI","GSX-8S","Albacete","776",1
"SUZUKI","GSX-8S","Alicante/Alacant","776",1
"SUZUKI","GSX-8S","Almería","776",1
"SUZUKI","GSX-8S","Barcelona","776",2
"SUZUKI","GSX-8S","Bizkaia","776",2
"SUZUKI","GSX-8S","Cádiz","776",1
"SUZUKI","GSX-8S","Gipuzkoa","776",1
"SUZUKI","GSX-8S","Guadalajara","776",1
"SUZUKI","GSX-8S","León","776",1
"SUZUKI","GSX-8S","Madrid","776",3
"SUZUKI","GSX-8S","Málaga","776",1
"SUZUKI","GSX-8S","Palmas (Las)","776",3
"SUZUKI","GSX-8S","Pontevedra","776",1
"SUZUKI","GSX-8S","Santa Cruz de Tenerife","776",1
"SUZUKI","GSX-R125","Barcelona","124",1
"SUZUKI","GSX-R125","Madrid","124",1
"SUZUKI","GSX-R125","Zaragoza","124",1
"SUZUKI","GSX-S 1000","Álava/Araba","999",1
"SUZUKI","GSX-S 1000","Alicante/Alacant","999",7
"SUZUKI","GSX-S 1000","Badajoz","999",1
"SUZUKI","GSX-S 1000","Barcelona","999",1
"SUZUKI","GSX-S 1000","Cantabria","999",1
"SUZUKI","GSX-S 1000","Castellón/Castelló","999",1
"SUZUKI","GSX-S 1000","Córdoba","999",1
"SUZUKI","GSX-S 1000","Huesca","999",1
"SUZUKI","GSX-S 1000","Madrid","999",3
"SUZUKI","GSX-S 1000","Murcia","999",2
"SUZUKI","GSX-S 1000","Navarra","999",1
"SUZUKI","GSX-S 1000","Santa Cruz de Tenerife","999",2
"SUZUKI","GSX-S 1000","Sevilla","999",1
"SUZUKI","GSX-S 1000","Tarragona","999",2
"SUZUKI","GSX-S 1000","Valencia/València","999",1
"SUZUKI","GSX-S125","Santa Cruz de Tenerife","124",1
"SUZUKI","GSX1300R","Madrid","1340",1
"SUZUKI","GSX1300R","Santa Cruz de Tenerife","1340",1
"SUZUKI","GT750","Cádiz","738",1
"SUZUKI","SV650","Barcelona","645",1
"SUZUKI","SV650","Coruña (A)","645",1
"SUZUKI","SV650","Guadalajara","645",1
"SUZUKI","SV650","Illes Balears","645",1
"SUZUKI","SV650","León","645",1
"SUZUKI","SV650","Madrid","645",1
"SUZUKI","SV650","Málaga","645",1
"SUZUKI","SV650","Pontevedra","645",1
"SUZUKI","SV650","Sevilla","645",1
"SUZUKI","SV650U","Santa Cruz de Tenerife","645",1
"SUZUKI","UN125","Cantabria","124",1
"SUZUKI","V-Strom 1050","Albacete","1037",1
"SUZUKI","V-Strom 1050","Alicante/Alacant","1037",1
"SUZUKI","V-Strom 1050","Barcelona","1037",1
"SUZUKI","V-Strom 1050","Illes Balears","1037",1
"SUZUKI","V-Strom 1050","Madrid","1037",1
"SUZUKI","V-Strom 1050","Zaragoza","1037",1
"SUZUKI","V-Strom 800","Alicante/Alacant","776",2
"SUZUKI","V-Strom 800","Badajoz","776",2
"SUZUKI","V-Strom 800","Barcelona","776",1
"SUZUKI","V-Strom 800","Bizkaia","776",1
"SUZUKI","V-Strom 800","Cádiz","776",1
"SUZUKI","V-Strom 800","Coruña (A)","776",2
"SUZUKI","V-Strom 800","Gipuzkoa","776",1
"SUZUKI","V-Strom 800","Girona","776",2
"SUZUKI","V-Strom 800","Illes Balears","776",2
"SUZUKI","V-Strom 800","Madrid","776",2
"SUZUKI","V-Strom 800","Málaga","776",1
"SUZUKI","V-Strom 800","Murcia","776",2
"SUZUKI","V-Strom 800","Palmas (Las)","776",2
"SUZUKI","V-Strom 800","Rioja (La)","776",1
"SUZUKI","V-Strom 800","Santa Cruz de Tenerife","776",1
"SUZUKI","V-Strom 800","Sevilla","776",1
"SUZUKI","V-Strom 800","Toledo","776",1
"SUZUKI","V-Strom 800","Valencia/València","776",1
"SWM","GRAN MILANO 500","Santa Cruz de Tenerife","494",1
"SWM","HOKU 125","Almería","125",1
"SWM","HOKU 125","Barcelona","125",1
"SWM","HOKU 125","Castellón/Castelló","125",1
"SWM","HOKU 125","Santa Cruz de Tenerife","125",3
"SWM","HOKU400","Pontevedra","401",1
"SWM","OUTLAW125","Madrid","125",1
"SWM","OUTLAW125","Valencia/València","125",1
"SWM","RS300R","Barcelona","298",1
"SWM","SILVER VASE T","Barcelona","644",1
"SWM","SM125R","Pontevedra","125",1
"SWM","SUPERDUAL T","Madrid","600",1
"SWM","SUPERDUAL X","Lleida","600",1
"SWM","URBAN 525","Barcelona","494",3
"SYM","ADX 125 ABS","Barcelona","125",1
"SYM","ADX 125 ABS","Girona","125",1
"SYM","ADX 125 ABS","Granada","125",1
"SYM","ADX 125 ABS","Sevilla","125",1
"SYM","ADX 125 LC TCS E5+","Albacete","125",1
"SYM","ADX 125 LC TCS E5+","Barcelona","125",1
"SYM","ADX 125 LC TCS E5+","Cádiz","125",4
"SYM","ADX 125 LC TCS E5+","Palencia","125",1
"SYM","ADX 125 LC TCS E5+","Palmas (Las)","125",1
"SYM","ADX 125 LC TCS E5+","Salamanca","125",1
"SYM","ADX 125 LC TCS E5+","Santa Cruz de Tenerife","125",1
"SYM","ADX 300 TCS","Alicante/Alacant","278",1
"SYM","ADX 300 TCS","Barcelona","278",4
"SYM","ADX 300 TCS","Cádiz","278",2
"SYM","ADX 300 TCS","Gipuzkoa","278",1
"SYM","ADX 300 TCS","Girona","278",2
"SYM","ADX 300 TCS","Huelva","278",1
"SYM","ADX 300 TCS","Illes Balears","278",2
"SYM","ADX 300 TCS","Jaén","278",1
"SYM","ADX 300 TCS","Madrid","278",1
"SYM","ADX 300 TCS","Murcia","278",3
"SYM","ADX 300 TCS","Santa Cruz de Tenerife","278",4
"SYM","ADX 300 TCS","Sevilla","278",2
"SYM","ADX 300 TCS","Tarragona","278",2
"SYM","ADXTG 400","Barcelona","399",3
"SYM","ADXTG 400","Burgos","399",1
"SYM","ADXTG 400","Cádiz","399",1
"SYM","ADXTG 400","Gipuzkoa","399",1
"SYM","ADXTG 400","Girona","399",2
"SYM","ADXTG 400","Granada","399",1
"SYM","ADXTG 400","Huelva","399",1
"SYM","ADXTG 400","Madrid","399",1
"SYM","ADXTG 400","Málaga","399",1
"SYM","ADXTG 400","Navarra","399",1
"SYM","ADXTG 400","Santa Cruz de Tenerife","399",2
"SYM","ADXTG 400","Tarragona","399",1
"SYM","ADXTG 400","Valencia/València","399",1
"SYM","ADXTG 400","Zaragoza","399",1
"SYM","CRUISYM 125 E5 TCS","Alicante/Alacant","124",2
"SYM","CRUISYM 125 TCS E5+","Alicante/Alacant","124",1
"SYM","CRUISYM 125 TCS E5+","Barcelona","124",12
"SYM","CRUISYM 125 TCS E5+","Cádiz","124",2
"SYM","CRUISYM 125 TCS E5+","Cantabria","124",1
"SYM","CRUISYM 125 TCS E5+","Girona","124",1
"SYM","CRUISYM 125 TCS E5+","Granada","124",1
"SYM","CRUISYM 125 TCS E5+","Illes Balears","124",5
"SYM","CRUISYM 125 TCS E5+","Madrid","124",2
"SYM","CRUISYM 125 TCS E5+","Málaga","124",1
"SYM","CRUISYM 125 TCS E5+","Murcia","124",2
"SYM","CRUISYM 125 TCS E5+","Palmas (Las)","124",1
"SYM","CRUISYM 125 TCS E5+","Pontevedra","124",1
"SYM","CRUISYM 125 TCS E5+","Santa Cruz de Tenerife","124",1
"SYM","CRUISYM 125 TCS E5+","Sevilla","124",2
"SYM","CRUISYM 125 TCS E5+","Tarragona","124",1
"SYM","CRUISYM 125 TCS E5+","Teruel","124",1
"SYM","CRUISYM 125 TCS E5+","Valencia/València","124",5
"SYM","CRUISYM 300 E5 TCS","Navarra","278",1
"SYM","FIDDLE 125 E5","Almería","125",1
"SYM","FIDDLE 125 E5","Barcelona","125",1
"SYM","FIDDLE 125 E5","Bizkaia","125",1
"SYM","FIDDLE 125 E5","Girona","125",1
"SYM","FIDDLE 125 E5","León","125",1
"SYM","FUGUE 125 ABS TOP CASE","Alicante/Alacant","124",3
"SYM","FUGUE 125 ABS TOP CASE","Barcelona","124",3
"SYM","FUGUE 125 ABS TOP CASE","Córdoba","124",1
"SYM","FUGUE 125 ABS TOP CASE","Coruña (A)","124",1
"SYM","FUGUE 125 ABS TOP CASE","Girona","124",2
"SYM","FUGUE 125 ABS TOP CASE","Huelva","124",1
"SYM","FUGUE 125 ABS TOP CASE","Illes Balears","124",1
"SYM","FUGUE 125 ABS TOP CASE","Madrid","124",1
"SYM","FUGUE 125 ABS TOP CASE","Málaga","124",2
"SYM","FUGUE 125 ABS TOP CASE","Murcia","124",2
"SYM","FUGUE 125 ABS TOP CASE","Palmas (Las)","124",1
"SYM","FUGUE 125 ABS TOP CASE","Pontevedra","124",1
"SYM","FUGUE 125 ABS TOP CASE","Santa Cruz de Tenerife","124",2
"SYM","FUGUE 125 ABS TOP CASE","Sevilla","124",2
"SYM","FUGUE 125 ABS TOP CASE","Valencia/València","124",6
"SYM","FUGUE 125 ABS TOP CASE","Zaragoza","124",1
"SYM","JET 14","Álava/Araba","125",1
"SYM","JET 14","Albacete","125",2
"SYM","JET 14","Alicante/Alacant","125",19
"SYM","JET 14","Almería","125",1
"SYM","JET 14","Asturias","125",10
"SYM","JET 14","Barcelona","125",56
"SYM","JET 14","Bizkaia","125",2
"SYM","JET 14","Burgos","125",3
"SYM","JET 14","Cáceres","125",1
"SYM","JET 14","Cádiz","125",26
"SYM","JET 14","Cantabria","125",2
"SYM","JET 14","Castellón/Castelló","125",1
"SYM","JET 14","Ciudad Real","125",1
"SYM","JET 14","Córdoba","125",7
"SYM","JET 14","Coruña (A)","125",2
"SYM","JET 14","Gipuzkoa","125",8
"SYM","JET 14","Girona","125",25
"SYM","JET 14","Granada","125",16
"SYM","JET 14","Guadalajara","125",2
"SYM","JET 14","Huelva","125",3
"SYM","JET 14","Illes Balears","125",30
"SYM","JET 14","Jaén","125",6
"SYM","JET 14","Madrid","125",35
"SYM","JET 14","Málaga","125",17
"SYM","JET 14","Murcia","125",20
"SYM","JET 14","Navarra","125",2
"SYM","JET 14","Ourense","125",2
"SYM","JET 14","Palmas (Las)","125",9
"SYM","JET 14","Pontevedra","125",1
"SYM","JET 14","Rioja (La)","125",1
"SYM","JET 14","Salamanca","125",2
"SYM","JET 14","Santa Cruz de Tenerife","125",18
"SYM","JET 14","Sevilla","125",30
"SYM","JET 14","Tarragona","125",6
"SYM","JET 14","Teruel","125",1
"SYM","JET 14","Toledo","125",2
"SYM","JET 14","Valencia/València","125",14
"SYM","JET 14","Zaragoza","125",4
"SYM","JET X","Albacete","125",1
"SYM","JET X","Almería","125",1
"SYM","JET X","Asturias","125",2
"SYM","JET X","Barcelona","125",17
"SYM","JET X","Bizkaia","125",1
"SYM","JET X","Burgos","125",2
"SYM","JET X","Cádiz","125",6
"SYM","JET X","Cantabria","125",2
"SYM","JET X","Castellón/Castelló","125",1
"SYM","JET X","Ciudad Real","125",2
"SYM","JET X","Córdoba","125",1
"SYM","JET X","Gipuzkoa","125",1
"SYM","JET X","Girona","125",4
"SYM","JET X","Granada","125",1
"SYM","JET X","Huelva","125",2
"SYM","JET X","Illes Balears","125",4
"SYM","JET X","Jaén","125",3
"SYM","JET X","Madrid","125",10
"SYM","JET X","Málaga","125",3
"SYM","JET X","Murcia","125",5
"SYM","JET X","Palmas (Las)","125",6
"SYM","JET X","Pontevedra","125",1
"SYM","JET X","Rioja (La)","125",1
"SYM","JET X","Salamanca","125",1
"SYM","JET X","Sevilla","125",12
"SYM","JET X","Tarragona","125",3
"SYM","JET X","Valencia/València","125",6
"SYM","JET X","Zaragoza","125",1
"SYM","JOYMAX Z 125 ABS E5+","Barcelona","124",2
"SYM","JOYMAX Z 125 TCS","Madrid","124",1
"SYM","JOYMAX Z 300 E5+","Barcelona","278",2
"SYM","JOYMAX Z 300 E5+","Córdoba","278",1
"SYM","JOYMAX Z 300 E5+","Girona","278",1
"SYM","JOYMAX Z 300 E5+","Granada","278",2
"SYM","JOYMAX Z 300 E5+","Illes Balears","278",4
"SYM","JOYMAX Z 300 E5+","Madrid","278",2
"SYM","JOYMAX Z 300 E5+","Málaga","278",1
"SYM","JOYMAX Z 300 E5+","Palmas (Las)","278",1
"SYM","JOYMAX Z 300 E5+","Sevilla","278",2
"SYM","JOYMAX Z 300 E5+","Valencia/València","278",1
"SYM","JOYMAX Z 300 E5+","Zaragoza","278",1
"SYM","MAXSYM 400I GT","Alicante/Alacant","399",1
"SYM","MAXSYM 400I GT","Barcelona","399",2
"SYM","MAXSYM 400I GT","Girona","399",1
"SYM","MAXSYM 400I GT","Madrid","399",1
"SYM","MAXSYM TL 508 E5+","Alicante/Alacant","508",1
"SYM","MAXSYM TL 508 E5+","Barcelona","508",2
"SYM","MAXSYM TL 508 E5+","Huelva","508",1
"SYM","MAXSYM TL 508 E5+","Illes Balears","508",1
"SYM","MAXSYM TL 508 E5+","Sevilla","508",1
"SYM","MAXSYM TL 508 E5+","Valencia/València","508",1
"SYM","MAXSYM TL TCS","Girona","508",1
"SYM","MAXSYM TL TCS","Granada","508",1
"SYM","SYMPHONY 125","Álava/Araba","125",1
"SYM","SYMPHONY 125","Albacete","125",1
"SYM","SYMPHONY 125","Alicante/Alacant","125",31
"SYM","SYMPHONY 125","Almería","125",2
"SYM","SYMPHONY 125","Asturias","125",3
"SYM","SYMPHONY 125","Barcelona","125",244
"SYM","SYMPHONY 125","Bizkaia","125",2
"SYM","SYMPHONY 125","Burgos","125",1
"SYM","SYMPHONY 125","Cádiz","125",27
"SYM","SYMPHONY 125","Cantabria","125",6
"SYM","SYMPHONY 125","Ciudad Real","125",3
"SYM","SYMPHONY 125","Córdoba","125",12
"SYM","SYMPHONY 125","Coruña (A)","125",2
"SYM","SYMPHONY 125","Gipuzkoa","125",22
"SYM","SYMPHONY 125","Girona","125",73
"SYM","SYMPHONY 125","Granada","125",13
"SYM","SYMPHONY 125","Guadalajara","125",1
"SYM","SYMPHONY 125","Huelva","125",6
"SYM","SYMPHONY 125","Huesca","125",4
"SYM","SYMPHONY 125","Illes Balears","125",39
"SYM","SYMPHONY 125","Jaén","125",3
"SYM","SYMPHONY 125","León","125",3
"SYM","SYMPHONY 125","Lleida","125",4
"SYM","SYMPHONY 125","Lugo","125",1
"SYM","SYMPHONY 125","Madrid","125",31
"SYM","SYMPHONY 125","Málaga","125",35
"SYM","SYMPHONY 125","Murcia","125",8
"SYM","SYMPHONY 125","Navarra","125",9
"SYM","SYMPHONY 125","Ourense","125",2
"SYM","SYMPHONY 125","Palmas (Las)","125",3
"SYM","SYMPHONY 125","Pontevedra","125",3
"SYM","SYMPHONY 125","Rioja (La)","125",4
"SYM","SYMPHONY 125","Santa Cruz de Tenerife","125",22
"SYM","SYMPHONY 125","Segovia","125",1
"SYM","SYMPHONY 125","Sevilla","125",42
"SYM","SYMPHONY 125","Tarragona","125",12
"SYM","SYMPHONY 125","Teruel","125",1
"SYM","SYMPHONY 125","Toledo","125",1
"SYM","SYMPHONY 125","Valencia/València","125",14
"SYM","SYMPHONY 125","Valladolid","125",2
"SYM","SYMPHONY 125","Zamora","125",2
"SYM","SYMPHONY 125","Zaragoza","125",5
"TM MOTO","ND","Granada","299",1
"TRIUMPH","BONNEVILLE BOBBER  (E5","Alicante/Alacant","1200",1
"TRIUMPH","BONNEVILLE BOBBER  (E5","Illes Balears","1200",1
"TRIUMPH","BONNEVILLE BOBBER  (E5","Madrid","1200",1
"TRIUMPH","BONNEVILLE SPEEDMASTER","Barcelona","1200",3
"TRIUMPH","BONNEVILLE SPEEDMASTER","Illes Balears","1200",1
"TRIUMPH","BONNEVILLE SPEEDMASTER","Madrid","1200",1
"TRIUMPH","BONNEVILLE SPEEDMASTER","Palmas (Las)","1200",1
"TRIUMPH","BONNEVILLE T100","Asturias","900",1
"TRIUMPH","BONNEVILLE T100","Barcelona","900",1
"TRIUMPH","BONNEVILLE T100","Burgos","900",2
"TRIUMPH","BONNEVILLE T100","Illes Balears","900",1
"TRIUMPH","BONNEVILLE T100","Madrid","900",1
"TRIUMPH","BONNEVILLE T100","Palmas (Las)","900",1
"TRIUMPH","BONNEVILLE T100","Santa Cruz de Tenerife","900",1
"TRIUMPH","BONNEVILLE T120 (E5 VB","Barcelona","1200",1
"TRIUMPH","BONNEVILLE T120 (E5 VB","Madrid","1200",1
"TRIUMPH","BONNEVILLE T120 (E5 VB","Navarra","1200",1
"TRIUMPH","BONNEVILLE T120 (E5 VB","Tarragona","1200",1
"TRIUMPH","BONNEVILLE T120 BLACK","Cádiz","1200",1
"TRIUMPH","BONNEVILLE T120 BLACK","Valencia/València","1200",1
"TRIUMPH","BONNEVILLE T120 ELVIS","Barcelona","1200",1
"TRIUMPH","BONNEVILLE T120 ELVIS","Madrid","1200",1
"TRIUMPH","DAYTONA 660","Alicante/Alacant","660",1
"TRIUMPH","DAYTONA 660","Asturias","660",1
"TRIUMPH","DAYTONA 660","Barcelona","660",2
"TRIUMPH","DAYTONA 660","Huelva","660",1
"TRIUMPH","DAYTONA 660","Madrid","660",2
"TRIUMPH","DAYTONA 660","Murcia","660",1
"TRIUMPH","DAYTONA 660","Navarra","660",1
"TRIUMPH","DAYTONA 660","Pontevedra","660",1
"TRIUMPH","DAYTONA 660","Valencia/València","660",1
"TRIUMPH","ROCKET 3 STORM GT","Pontevedra","2458",1
"TRIUMPH","ROCKET 3 STORM R","Barcelona","2458",1
"TRIUMPH","ROCKET 3 STORM R","Murcia","2458",1
"TRIUMPH","ROCKET 3 STORM R","Valencia/València","2458",1
"TRIUMPH","ROCKET 3 STORM R","Zaragoza","2458",1
"TRIUMPH","SCRAMBLER 1200 X","Bizkaia","1200",1
"TRIUMPH","SCRAMBLER 1200 X","Castellón/Castelló","1200",1
"TRIUMPH","SCRAMBLER 1200 X","Sevilla","1200",1
"TRIUMPH","SCRAMBLER 1200 XE","Cádiz","1200",1
"TRIUMPH","SCRAMBLER 1200 XE","Gipuzkoa","1200",1
"TRIUMPH","SCRAMBLER 1200 XE","Granada","1200",1
"TRIUMPH","SCRAMBLER 1200 XE","Navarra","1200",1
"TRIUMPH","SCRAMBLER 1200 XE","Santa Cruz de Tenerife","1200",1
"TRIUMPH","SCRAMBLER 400 X","Albacete","398",1
"TRIUMPH","SCRAMBLER 400 X","Alicante/Alacant","398",1
"TRIUMPH","SCRAMBLER 400 X","Asturias","398",1
"TRIUMPH","SCRAMBLER 400 X","Barcelona","398",3
"TRIUMPH","SCRAMBLER 400 X","Bizkaia","398",1
"TRIUMPH","SCRAMBLER 400 X","Burgos","398",1
"TRIUMPH","SCRAMBLER 400 X","Cádiz","398",2
"TRIUMPH","SCRAMBLER 400 X","Castellón/Castelló","398",1
"TRIUMPH","SCRAMBLER 400 X","Granada","398",2
"TRIUMPH","SCRAMBLER 400 X","Illes Balears","398",1
"TRIUMPH","SCRAMBLER 400 X","Madrid","398",4
"TRIUMPH","SCRAMBLER 400 X","Málaga","398",2
"TRIUMPH","SCRAMBLER 400 X","Navarra","398",1
"TRIUMPH","SCRAMBLER 400 X","Palmas (Las)","398",3
"TRIUMPH","SCRAMBLER 400 X","Rioja (La)","398",1
"TRIUMPH","SCRAMBLER 400 X","Santa Cruz de Tenerife","398",1
"TRIUMPH","SCRAMBLER 400 X","Valencia/València","398",1
"TRIUMPH","SCRAMBLER 400 XC","Albacete","398",1
"TRIUMPH","SCRAMBLER 400 XC","Barcelona","398",1
"TRIUMPH","SCRAMBLER 400 XC","Cádiz","398",1
"TRIUMPH","SCRAMBLER 400 XC","Granada","398",1
"TRIUMPH","SCRAMBLER 400 XC","Illes Balears","398",1
"TRIUMPH","SCRAMBLER 400 XC","Lleida","398",1
"TRIUMPH","SCRAMBLER 400 XC","Madrid","398",1
"TRIUMPH","SCRAMBLER 400 XC","Murcia","398",1
"TRIUMPH","SCRAMBLER 400 XC","Valladolid","398",1
"TRIUMPH","SCRAMBLER 900","Barcelona","900",1
"TRIUMPH","SCRAMBLER 900","Soria","900",1
"TRIUMPH","SPEED 400","Almería","398",2
"TRIUMPH","SPEED 400","Barcelona","398",3
"TRIUMPH","SPEED 400","Cádiz","398",1
"TRIUMPH","SPEED 400","Cantabria","398",1
"TRIUMPH","SPEED 400","Gipuzkoa","398",2
"TRIUMPH","SPEED 400","Girona","398",3
"TRIUMPH","SPEED 400","Granada","398",1
"TRIUMPH","SPEED 400","Huelva","398",1
"TRIUMPH","SPEED 400","Madrid","398",6
"TRIUMPH","SPEED 400","Málaga","398",3
"TRIUMPH","SPEED 400","Murcia","398",3
"TRIUMPH","SPEED 400","Navarra","398",1
"TRIUMPH","SPEED 400","Palmas (Las)","398",3
"TRIUMPH","SPEED 400","Pontevedra","398",1
"TRIUMPH","SPEED 400","Sevilla","398",1
"TRIUMPH","SPEED 400","Tarragona","398",2
"TRIUMPH","SPEED 400","Valencia/València","398",1
"TRIUMPH","SPEED TRIPLE RR","Málaga","1160",1
"TRIUMPH","SPEED TRIPLE RX","Granada","1160",1
"TRIUMPH","SPEED TRIPLE RX","Madrid","1160",1
"TRIUMPH","SPEED TRIPLE RX","Málaga","1160",1
"TRIUMPH","SPEED TRIPLE RX","Santa Cruz de Tenerife","1160",1
"TRIUMPH","SPEED TWIN","Albacete","1200",1
"TRIUMPH","SPEED TWIN","Coruña (A)","1200",1
"TRIUMPH","SPEED TWIN","Madrid","1200",1
"TRIUMPH","SPEED TWIN 1200 RS","Barcelona","1200",2
"TRIUMPH","SPEED TWIN 1200 RS","Málaga","1200",1
"TRIUMPH","SPEED TWIN 1200 RS","Zaragoza","1200",1
"TRIUMPH","SPEED TWIN 900","Albacete","900",1
"TRIUMPH","SPEED TWIN 900","Alicante/Alacant","900",1
"TRIUMPH","SPEED TWIN 900","Barcelona","900",4
"TRIUMPH","SPEED TWIN 900","Girona","900",1
"TRIUMPH","SPEED TWIN 900","Huesca","900",1
"TRIUMPH","SPEED TWIN 900","Illes Balears","900",1
"TRIUMPH","SPEED TWIN 900","Madrid","900",1
"TRIUMPH","SPEED TWIN 900","Málaga","900",3
"TRIUMPH","SPEED TWIN 900","Murcia","900",1
"TRIUMPH","SPEED TWIN 900","Navarra","900",1
"TRIUMPH","SPEED TWIN 900","Santa Cruz de Tenerife","900",1
"TRIUMPH","SPEED TWIN 900","Valencia/València","900",1
"TRIUMPH","STREET TRIPLE R","Barcelona","765",2
"TRIUMPH","STREET TRIPLE R","Girona","765",1
"TRIUMPH","STREET TRIPLE R","Lleida","765",1
"TRIUMPH","STREET TRIPLE R","Madrid","765",2
"TRIUMPH","STREET TRIPLE R","Málaga","765",1
"TRIUMPH","STREET TRIPLE R","Sevilla","765",1
"TRIUMPH","STREET TRIPLE R","Tarragona","765",1
"TRIUMPH","STREET TRIPLE R","Valencia/València","765",1
"TRIUMPH","STREET TRIPLE R","Valladolid","765",1
"TRIUMPH","STREET TRIPLE R (A2)","Asturias","765",1
"TRIUMPH","STREET TRIPLE R (A2)","Barcelona","765",3
"TRIUMPH","STREET TRIPLE R (A2)","Bizkaia","765",1
"TRIUMPH","STREET TRIPLE R (A2)","Girona","765",1
"TRIUMPH","STREET TRIPLE R (A2)","Illes Balears","765",1
"TRIUMPH","STREET TRIPLE R (A2)","Madrid","765",1
"TRIUMPH","STREET TRIPLE R (A2)","Murcia","765",1
"TRIUMPH","STREET TRIPLE R (A2)","Navarra","765",1
"TRIUMPH","STREET TRIPLE R (A2)","Santa Cruz de Tenerife","765",1
"TRIUMPH","STREET TRIPLE R (A2)","Segovia","765",1
"TRIUMPH","STREET TRIPLE RS","Alicante/Alacant","765",1
"TRIUMPH","STREET TRIPLE RS","Barcelona","765",4
"TRIUMPH","STREET TRIPLE RS","Bizkaia","765",1
"TRIUMPH","STREET TRIPLE RS","Cádiz","765",1
"TRIUMPH","STREET TRIPLE RS","Cantabria","765",1
"TRIUMPH","STREET TRIPLE RS","Girona","765",3
"TRIUMPH","STREET TRIPLE RS","Illes Balears","765",2
"TRIUMPH","STREET TRIPLE RS","Jaén","765",1
"TRIUMPH","STREET TRIPLE RS","Lleida","765",1
"TRIUMPH","STREET TRIPLE RS","Madrid","765",1
"TRIUMPH","STREET TRIPLE RS","Málaga","765",1
"TRIUMPH","STREET TRIPLE RS","Pontevedra","765",1
"TRIUMPH","STREET TRIPLE RS","Santa Cruz de Tenerife","765",2
"TRIUMPH","STREET TRIPLE RS","Teruel","765",1
"TRIUMPH","STREET TRIPLE RS","Zaragoza","765",1
"TRIUMPH","TF250-E","Girona","250",1
"TRIUMPH","TF450-E","Girona","450",1
"TRIUMPH","TIGER 1200 GT PRO","Barcelona","1160",2
"TRIUMPH","TIGER 1200 GT PRO","Madrid","1160",2
"TRIUMPH","TIGER 1200 GT PRO","Málaga","1160",1
"TRIUMPH","TIGER 1200 RALLY EXPLO","Madrid","1160",2
"TRIUMPH","TIGER 1200 RALLY PRO","Barcelona","1160",1
"TRIUMPH","TIGER 1200 RALLY PRO","Madrid","1160",1
"TRIUMPH","TIGER 900 GT PRO","Albacete","888",1
"TRIUMPH","TIGER 900 GT PRO","Barcelona","888",8
"TRIUMPH","TIGER 900 GT PRO","Burgos","888",1
"TRIUMPH","TIGER 900 GT PRO","Gipuzkoa","888",1
"TRIUMPH","TIGER 900 GT PRO","Girona","888",2
"TRIUMPH","TIGER 900 GT PRO","Granada","888",2
"TRIUMPH","TIGER 900 GT PRO","Illes Balears","888",2
"TRIUMPH","TIGER 900 GT PRO","Málaga","888",1
"TRIUMPH","TIGER 900 GT PRO","Murcia","888",2
"TRIUMPH","TIGER 900 GT PRO","Navarra","888",2
"TRIUMPH","TIGER 900 GT PRO","Palmas (Las)","888",1
"TRIUMPH","TIGER 900 GT PRO","Pontevedra","888",1
"TRIUMPH","TIGER 900 GT PRO","Sevilla","888",1
"TRIUMPH","TIGER 900 GT PRO","Valencia/València","888",2
"TRIUMPH","TIGER 900 GT PRO","Valladolid","888",1
"TRIUMPH","TIGER 900 GT PRO","Zaragoza","888",4
"TRIUMPH","TIGER 900 RALLY PRO","Barcelona","888",4
"TRIUMPH","TIGER 900 RALLY PRO","Granada","888",1
"TRIUMPH","TIGER 900 RALLY PRO","Madrid","888",7
"TRIUMPH","TIGER 900 RALLY PRO","Málaga","888",1
"TRIUMPH","TIGER 900 RALLY PRO","Navarra","888",1
"TRIUMPH","TIGER SPORT","Alicante/Alacant","660",2
"TRIUMPH","TIGER SPORT","Barcelona","660",2
"TRIUMPH","TIGER SPORT","Cantabria","660",1
"TRIUMPH","TIGER SPORT","Girona","660",1
"TRIUMPH","TIGER SPORT","Granada","660",1
"TRIUMPH","TIGER SPORT","Madrid","660",1
"TRIUMPH","TIGER SPORT","Málaga","660",2
"TRIUMPH","TIGER SPORT","Murcia","660",1
"TRIUMPH","TIGER SPORT","Palmas (Las)","660",1
"TRIUMPH","TIGER SPORT 800","Alicante/Alacant","798",1
"TRIUMPH","TIGER SPORT 800","Almería","798",1
"TRIUMPH","TIGER SPORT 800","Barcelona","798",3
"TRIUMPH","TIGER SPORT 800","Bizkaia","798",1
"TRIUMPH","TIGER SPORT 800","Burgos","798",1
"TRIUMPH","TIGER SPORT 800","Granada","798",2
"TRIUMPH","TIGER SPORT 800","Málaga","798",1
"TRIUMPH","TIGER SPORT 800","Santa Cruz de Tenerife","798",2
"TRIUMPH","TIGER SPORT 800","Valencia/València","798",2
"TRIUMPH","TIGER SPORT 800","Valladolid","798",1
"TRIUMPH","TIGER SPORT 800 TOURIN","Alicante/Alacant","798",1
"TRIUMPH","TIGER SPORT 800 TOURIN","Cádiz","798",1
"TRIUMPH","TRIDENT","Barcelona","660",1
"TRIUMPH","TRIDENT","Cádiz","660",1
"TRIUMPH","TRIDENT","Coruña (A)","660",2
"TRIUMPH","TRIDENT","Gipuzkoa","660",1
"TRIUMPH","TRIDENT","Madrid","660",2
"TRIUMPH","TRIDENT","Navarra","660",1
"TRIUMPH","TRIDENT","Palmas (Las)","660",2
"TRIUMPH","TRIDENT","Santa Cruz de Tenerife","660",1
"TRIUMPH","TRIDENT","Tarragona","660",1
"TRIUMPH","TRIDENT","Toledo","660",1
"TRIUMPH","TRIDENT","Valencia/València","660",1
"TRIUMPH","TRIDENT 660","Alicante/Alacant","660",1
"TRIUMPH","TRIDENT 660","Barcelona","660",2
"TRIUMPH","TRIDENT 660","Bizkaia","660",1
"TRIUMPH","TRIDENT 660","Cantabria","660",1
"TRIUMPH","TRIDENT 660","Illes Balears","660",1
"TRIUMPH","TRIDENT 660","Madrid","660",3
"TRIUMPH","TRIDENT 660 - TRIPLE T","Alicante/Alacant","660",2
"TRIUMPH","TRIDENT 660 - TRIPLE T","Coruña (A)","660",1
"TRIUMPH","TRIDENT 660 - TRIPLE T","Valencia/València","660",1
"TRIUMPH","TRIDENT 660 TRIPLE TRI","Asturias","660",1
"TRIUMPH","TRIDENT 660 TRIPLE TRI","Barcelona","660",2
"TRIUMPH","TRIDENT 660 TRIPLE TRI","Bizkaia","660",1
"TRIUMPH","TRIDENT 660 TRIPLE TRI","Cantabria","660",1
"TRIUMPH","TRIDENT 660 TRIPLE TRI","Gipuzkoa","660",1
"TRIUMPH","TRIDENT 660 TRIPLE TRI","Rioja (La)","660",1
"TRIUMPH","TRIDENT 660 TRIPLE TRI","Santa Cruz de Tenerife","660",2
"TRS","TR1 125","Álava/Araba","125",1
"TRS","TR1 300","Barcelona","294",1
"TRS","TR1 300","Lleida","294",1
"UM","DSR ADVENTURE","Tarragona","124",1
"UM","DSR EX 125","Alicante/Alacant","124",1
"UM","DSR EX 125","Cáceres","124",1
"UM","DSR EX 125","Zamora","124",1
"UM","DSR SM 125","Gipuzkoa","124",1
"UM","RENEGADE COMMANDO 125","Sevilla","124",1
"UM","RENEGADE COMMANDO 300","Valencia/València","292",1
"UM","RENEGADE FREEDOM 125","Barcelona","124",1
"UM","RENEGADE FREEDOM 125","Madrid","124",1
"UM","RENEGADE VEGAS 125","Barcelona","124",1
"VERTIGO MOTORS","COMBAT 250","Valladolid","247",1
"VERTIGO MOTORS","LINKO 125","Barcelona","125",1
"VOGE","300AC","Santa Cruz de Tenerife","292",1
"VOGE","300RALLY","Álava/Araba","292",1
"VOGE","300RALLY","Alicante/Alacant","292",2
"VOGE","300RALLY","Almería","292",3
"VOGE","300RALLY","Asturias","292",1
"VOGE","300RALLY","Barcelona","292",5
"VOGE","300RALLY","Bizkaia","292",1
"VOGE","300RALLY","Cádiz","292",1
"VOGE","300RALLY","Cantabria","292",2
"VOGE","300RALLY","Girona","292",1
"VOGE","300RALLY","Granada","292",3
"VOGE","300RALLY","Jaén","292",1
"VOGE","300RALLY","León","292",1
"VOGE","300RALLY","Madrid","292",7
"VOGE","300RALLY","Málaga","292",4
"VOGE","300RALLY","Murcia","292",1
"VOGE","300RALLY","Navarra","292",2
"VOGE","300RALLY","Palmas (Las)","292",1
"VOGE","300RALLY","Sevilla","292",2
"VOGE","300RALLY","Toledo","292",1
"VOGE","300RALLY","Valencia/València","292",2
"VOGE","300RALLY","Zaragoza","292",2
"VOGE","625DSX","Álava/Araba","581",3
"VOGE","625DSX","Alicante/Alacant","581",11
"VOGE","625DSX","Almería","581",4
"VOGE","625DSX","Asturias","581",4
"VOGE","625DSX","Ávila","581",1
"VOGE","625DSX","Badajoz","581",2
"VOGE","625DSX","Barcelona","581",19
"VOGE","625DSX","Bizkaia","581",4
"VOGE","625DSX","Cáceres","581",2
"VOGE","625DSX","Cádiz","581",2
"VOGE","625DSX","Córdoba","581",2
"VOGE","625DSX","Coruña (A)","581",1
"VOGE","625DSX","Cuenca","581",2
"VOGE","625DSX","Gipuzkoa","581",6
"VOGE","625DSX","Girona","581",2
"VOGE","625DSX","Granada","581",10
"VOGE","625DSX","Huelva","581",2
"VOGE","625DSX","Illes Balears","581",9
"VOGE","625DSX","Jaén","581",5
"VOGE","625DSX","León","581",1
"VOGE","625DSX","Lleida","581",1
"VOGE","625DSX","Madrid","581",34
"VOGE","625DSX","Málaga","581",14
"VOGE","625DSX","Melilla","581",1
"VOGE","625DSX","Murcia","581",14
"VOGE","625DSX","Navarra","581",3
"VOGE","625DSX","Palmas (Las)","581",2
"VOGE","625DSX","Rioja (La)","581",2
"VOGE","625DSX","Segovia","581",1
"VOGE","625DSX","Sevilla","581",4
"VOGE","625DSX","Teruel","581",1
"VOGE","625DSX","Toledo","581",2
"VOGE","625DSX","Valencia/València","581",11
"VOGE","625DSX","Valladolid","581",1
"VOGE","625DSX","Zaragoza","581",7
"VOGE","625R","Alicante/Alacant","581",2
"VOGE","625R","Asturias","581",1
"VOGE","625R","Barcelona","581",8
"VOGE","625R","Bizkaia","581",2
"VOGE","625R","Burgos","581",1
"VOGE","625R","Cáceres","581",1
"VOGE","625R","Cádiz","581",1
"VOGE","625R","Ciudad Real","581",1
"VOGE","625R","Córdoba","581",1
"VOGE","625R","Coruña (A)","581",1
"VOGE","625R","Gipuzkoa","581",1
"VOGE","625R","Granada","581",2
"VOGE","625R","Illes Balears","581",4
"VOGE","625R","Madrid","581",11
"VOGE","625R","Málaga","581",4
"VOGE","625R","Murcia","581",1
"VOGE","625R","Palmas (Las)","581",1
"VOGE","625R","Santa Cruz de Tenerife","581",3
"VOGE","625R","Sevilla","581",1
"VOGE","625R","Toledo","581",1
"VOGE","625R","Valencia/València","581",3
"VOGE","625R","Zaragoza","581",2
"VOGE","AC350","Zaragoza","322",1
"VOGE","DS525X","Alicante/Alacant","494",8
"VOGE","DS525X","Barcelona","494",5
"VOGE","DS525X","Burgos","494",2
"VOGE","DS525X","Cantabria","494",1
"VOGE","DS525X","Castellón/Castelló","494",1
"VOGE","DS525X","Ciudad Real","494",3
"VOGE","DS525X","Córdoba","494",1
"VOGE","DS525X","Girona","494",1
"VOGE","DS525X","Granada","494",1
"VOGE","DS525X","Huelva","494",1
"VOGE","DS525X","Lleida","494",2
"VOGE","DS525X","Madrid","494",5
"VOGE","DS525X","Málaga","494",1
"VOGE","DS525X","Melilla","494",2
"VOGE","DS525X","Palmas (Las)","494",2
"VOGE","DS525X","Sevilla","494",1
"VOGE","DS525X","Soria","494",1
"VOGE","DS525X","Tarragona","494",2
"VOGE","DS525X","Teruel","494",1
"VOGE","DS525X","Toledo","494",1
"VOGE","DS525X","Valencia/València","494",8
"VOGE","DS525X","Zamora","494",1
"VOGE","DS525X","Zaragoza","494",1
"VOGE","DS800X RALLY","Álava/Araba","798",1
"VOGE","DS800X RALLY","Alicante/Alacant","798",6
"VOGE","DS800X RALLY","Almería","798",4
"VOGE","DS800X RALLY","Asturias","798",5
"VOGE","DS800X RALLY","Ávila","798",1
"VOGE","DS800X RALLY","Badajoz","798",2
"VOGE","DS800X RALLY","Barcelona","798",21
"VOGE","DS800X RALLY","Bizkaia","798",6
"VOGE","DS800X RALLY","Burgos","798",2
"VOGE","DS800X RALLY","Cáceres","798",3
"VOGE","DS800X RALLY","Cádiz","798",5
"VOGE","DS800X RALLY","Cantabria","798",3
"VOGE","DS800X RALLY","Castellón/Castelló","798",8
"VOGE","DS800X RALLY","Ceuta","798",1
"VOGE","DS800X RALLY","Córdoba","798",2
"VOGE","DS800X RALLY","Coruña (A)","798",3
"VOGE","DS800X RALLY","Gipuzkoa","798",2
"VOGE","DS800X RALLY","Granada","798",9
"VOGE","DS800X RALLY","Guadalajara","798",7
"VOGE","DS800X RALLY","Huelva","798",3
"VOGE","DS800X RALLY","Illes Balears","798",9
"VOGE","DS800X RALLY","Jaén","798",7
"VOGE","DS800X RALLY","León","798",3
"VOGE","DS800X RALLY","Lleida","798",1
"VOGE","DS800X RALLY","Lugo","798",2
"VOGE","DS800X RALLY","Madrid","798",24
"VOGE","DS800X RALLY","Málaga","798",12
"VOGE","DS800X RALLY","Melilla","798",2
"VOGE","DS800X RALLY","Murcia","798",7
"VOGE","DS800X RALLY","Navarra","798",6
"VOGE","DS800X RALLY","Palencia","798",3
"VOGE","DS800X RALLY","Palmas (Las)","798",3
"VOGE","DS800X RALLY","Pontevedra","798",5
"VOGE","DS800X RALLY","Rioja (La)","798",4
"VOGE","DS800X RALLY","Salamanca","798",1
"VOGE","DS800X RALLY","Santa Cruz de Tenerife","798",6
"VOGE","DS800X RALLY","Segovia","798",1
"VOGE","DS800X RALLY","Sevilla","798",6
"VOGE","DS800X RALLY","Tarragona","798",7
"VOGE","DS800X RALLY","Toledo","798",6
"VOGE","DS800X RALLY","Valencia/València","798",10
"VOGE","DS800X RALLY","Valladolid","798",2
"VOGE","DS800X RALLY","Zamora","798",1
"VOGE","DS800X RALLY","Zaragoza","798",4
"VOGE","DS900X","Álava/Araba","895",3
"VOGE","DS900X","Albacete","895",3
"VOGE","DS900X","Alicante/Alacant","895",30
"VOGE","DS900X","Almería","895",11
"VOGE","DS900X","Asturias","895",11
"VOGE","DS900X","Ávila","895",2
"VOGE","DS900X","Badajoz","895",7
"VOGE","DS900X","Barcelona","895",76
"VOGE","DS900X","Bizkaia","895",6
"VOGE","DS900X","Burgos","895",5
"VOGE","DS900X","Cáceres","895",1
"VOGE","DS900X","Cádiz","895",6
"VOGE","DS900X","Cantabria","895",10
"VOGE","DS900X","Castellón/Castelló","895",3
"VOGE","DS900X","Ciudad Real","895",3
"VOGE","DS900X","Córdoba","895",5
"VOGE","DS900X","Coruña (A)","895",5
"VOGE","DS900X","Gipuzkoa","895",7
"VOGE","DS900X","Girona","895",7
"VOGE","DS900X","Granada","895",13
"VOGE","DS900X","Guadalajara","895",2
"VOGE","DS900X","Huelva","895",10
"VOGE","DS900X","Huesca","895",1
"VOGE","DS900X","Illes Balears","895",12
"VOGE","DS900X","Jaén","895",11
"VOGE","DS900X","León","895",11
"VOGE","DS900X","Lleida","895",2
"VOGE","DS900X","Lugo","895",5
"VOGE","DS900X","Madrid","895",48
"VOGE","DS900X","Málaga","895",34
"VOGE","DS900X","Murcia","895",15
"VOGE","DS900X","Navarra","895",9
"VOGE","DS900X","Palmas (Las)","895",5
"VOGE","DS900X","Rioja (La)","895",1
"VOGE","DS900X","Salamanca","895",2
"VOGE","DS900X","Santa Cruz de Tenerife","895",9
"VOGE","DS900X","Sevilla","895",23
"VOGE","DS900X","Tarragona","895",9
"VOGE","DS900X","Teruel","895",1
"VOGE","DS900X","Toledo","895",10
"VOGE","DS900X","Valencia/València","895",37
"VOGE","DS900X","Valladolid","895",4
"VOGE","DS900X","Zamora","895",1
"VOGE","DS900X","Zaragoza","895",8
"VOGE","R125","Álava/Araba","125",1
"VOGE","R125","Albacete","125",1
"VOGE","R125","Alicante/Alacant","125",11
"VOGE","R125","Almería","125",1
"VOGE","R125","Badajoz","125",1
"VOGE","R125","Barcelona","125",11
"VOGE","R125","Cáceres","125",3
"VOGE","R125","Cádiz","125",1
"VOGE","R125","Castellón/Castelló","125",2
"VOGE","R125","Ciudad Real","125",2
"VOGE","R125","Córdoba","125",2
"VOGE","R125","Coruña (A)","125",3
"VOGE","R125","Gipuzkoa","125",1
"VOGE","R125","Girona","125",2
"VOGE","R125","Granada","125",1
"VOGE","R125","Huelva","125",1
"VOGE","R125","Illes Balears","125",3
"VOGE","R125","Jaén","125",3
"VOGE","R125","León","125",1
"VOGE","R125","Lleida","125",2
"VOGE","R125","Madrid","125",9
"VOGE","R125","Málaga","125",5
"VOGE","R125","Murcia","125",2
"VOGE","R125","Navarra","125",1
"VOGE","R125","Ourense","125",2
"VOGE","R125","Palmas (Las)","125",5
"VOGE","R125","Pontevedra","125",1
"VOGE","R125","Salamanca","125",1
"VOGE","R125","Santa Cruz de Tenerife","125",12
"VOGE","R125","Segovia","125",1
"VOGE","R125","Sevilla","125",2
"VOGE","R125","Tarragona","125",4
"VOGE","R125","Valencia/València","125",12
"VOGE","R125","Valladolid","125",2
"VOGE","R125","Zamora","125",1
"VOGE","SR1","Albacete","125",1
"VOGE","SR1","Alicante/Alacant","125",6
"VOGE","SR1","Almería","125",2
"VOGE","SR1","Asturias","125",1
"VOGE","SR1","Barcelona","125",7
"VOGE","SR1","Cáceres","125",1
"VOGE","SR1","Cádiz","125",1
"VOGE","SR1","Ceuta","125",1
"VOGE","SR1","Ciudad Real","125",3
"VOGE","SR1","Córdoba","125",1
"VOGE","SR1","Coruña (A)","125",1
"VOGE","SR1","Illes Balears","125",4
"VOGE","SR1","Jaén","125",1
"VOGE","SR1","León","125",1
"VOGE","SR1","Madrid","125",7
"VOGE","SR1","Málaga","125",1
"VOGE","SR1","Melilla","125",2
"VOGE","SR1","Murcia","125",2
"VOGE","SR1","Navarra","125",2
"VOGE","SR1","Palmas (Las)","125",2
"VOGE","SR1","Pontevedra","125",1
"VOGE","SR1","Santa Cruz de Tenerife","125",19
"VOGE","SR1","Sevilla","125",2
"VOGE","SR1","Toledo","125",1
"VOGE","SR1","Valencia/València","125",8
"VOGE","SR1","Zaragoza","125",2
"VOGE","SR16","Almería","125",1
"VOGE","SR16","Barcelona","125",18
"VOGE","SR16","Bizkaia","125",1
"VOGE","SR16","Burgos","125",1
"VOGE","SR16","Cáceres","125",2
"VOGE","SR16","Cádiz","125",1
"VOGE","SR16","Cantabria","125",1
"VOGE","SR16","Castellón/Castelló","125",1
"VOGE","SR16","Ceuta","125",3
"VOGE","SR16","Córdoba","125",2
"VOGE","SR16","Coruña (A)","125",2
"VOGE","SR16","Gipuzkoa","125",3
"VOGE","SR16","Girona","125",2
"VOGE","SR16","Guadalajara","125",1
"VOGE","SR16","Illes Balears","125",5
"VOGE","SR16","Jaén","125",1
"VOGE","SR16","León","125",1
"VOGE","SR16","Lleida","125",1
"VOGE","SR16","Madrid","125",7
"VOGE","SR16","Málaga","125",3
"VOGE","SR16","Navarra","125",1
"VOGE","SR16","Santa Cruz de Tenerife","125",2
"VOGE","SR16","Sevilla","125",1
"VOGE","SR16","Tarragona","125",1
"VOGE","SR16","Valencia/València","125",2
"VOGE","SR16","Zaragoza","125",1
"VOGE","SR1ADV","Álava/Araba","125",1
"VOGE","SR1ADV","Alicante/Alacant","125",15
"VOGE","SR1ADV","Asturias","125",3
"VOGE","SR1ADV","Badajoz","125",3
"VOGE","SR1ADV","Barcelona","125",16
"VOGE","SR1ADV","Bizkaia","125",2
"VOGE","SR1ADV","Cáceres","125",2
"VOGE","SR1ADV","Cádiz","125",12
"VOGE","SR1ADV","Cantabria","125",3
"VOGE","SR1ADV","Castellón/Castelló","125",4
"VOGE","SR1ADV","Ceuta","125",3
"VOGE","SR1ADV","Ciudad Real","125",2
"VOGE","SR1ADV","Córdoba","125",4
"VOGE","SR1ADV","Coruña (A)","125",4
"VOGE","SR1ADV","Cuenca","125",1
"VOGE","SR1ADV","Girona","125",3
"VOGE","SR1ADV","Granada","125",7
"VOGE","SR1ADV","Huelva","125",2
"VOGE","SR1ADV","Illes Balears","125",4
"VOGE","SR1ADV","Jaén","125",6
"VOGE","SR1ADV","León","125",1
"VOGE","SR1ADV","Madrid","125",15
"VOGE","SR1ADV","Málaga","125",15
"VOGE","SR1ADV","Melilla","125",8
"VOGE","SR1ADV","Murcia","125",3
"VOGE","SR1ADV","Navarra","125",1
"VOGE","SR1ADV","Palmas (Las)","125",5
"VOGE","SR1ADV","Pontevedra","125",3
"VOGE","SR1ADV","Rioja (La)","125",1
"VOGE","SR1ADV","Salamanca","125",1
"VOGE","SR1ADV","Santa Cruz de Tenerife","125",9
"VOGE","SR1ADV","Sevilla","125",4
"VOGE","SR1ADV","Tarragona","125",1
"VOGE","SR1ADV","Teruel","125",1
"VOGE","SR1ADV","Toledo","125",1
"VOGE","SR1ADV","Valencia/València","125",16
"VOGE","SR1ADV","Zaragoza","125",3
"VOGE","SR3","Alicante/Alacant","244",1
"VOGE","SR3","Asturias","244",2
"VOGE","SR3","Badajoz","244",1
"VOGE","SR3","Barcelona","244",4
"VOGE","SR3","Bizkaia","244",1
"VOGE","SR3","Cáceres","244",3
"VOGE","SR3","Cádiz","244",2
"VOGE","SR3","Castellón/Castelló","244",3
"VOGE","SR3","Córdoba","244",1
"VOGE","SR3","Coruña (A)","244",2
"VOGE","SR3","Cuenca","244",1
"VOGE","SR3","Gipuzkoa","244",1
"VOGE","SR3","Granada","244",4
"VOGE","SR3","Huelva","244",2
"VOGE","SR3","Illes Balears","244",4
"VOGE","SR3","Jaén","244",1
"VOGE","SR3","Madrid","244",5
"VOGE","SR3","Málaga","244",2
"VOGE","SR3","Murcia","244",2
"VOGE","SR3","Navarra","244",1
"VOGE","SR3","Palencia","244",1
"VOGE","SR3","Palmas (Las)","244",1
"VOGE","SR3","Santa Cruz de Tenerife","244",1
"VOGE","SR3","Toledo","244",1
"VOGE","SR3","Valencia/València","244",8
"VOGE","SR3","Zaragoza","244",1
"VOGE","SR4 MAX","Alicante/Alacant","350",2
"VOGE","SR4 MAX","Barcelona","350",3
"VOGE","SR4 MAX","Cantabria","350",1
"VOGE","SR4 MAX","Córdoba","350",1
"VOGE","SR4 MAX","Huelva","350",1
"VOGE","SR4 MAX","León","350",2
"VOGE","SR4 MAX","Lleida","350",1
"VOGE","SR4 MAX","Lugo","350",1
"VOGE","SR4 MAX","Madrid","350",6
"VOGE","SR4 MAX","Málaga","350",4
"VOGE","SR4 MAX","Murcia","350",1
"VOGE","SR4 MAX","Palmas (Las)","350",1
"VOGE","SR4 MAX","Pontevedra","350",3
"VOGE","SR4 MAX","Rioja (La)","350",1
"VOGE","SR4 MAX","Santa Cruz de Tenerife","350",6
"VOGE","SR4 MAX","Toledo","350",1
"VOGE","SR4 MAX","Valencia/València","350",3
"WOTTAN","GT2","Albacete","125",2
"WOTTAN","GT2","Alicante/Alacant","125",6
"WOTTAN","GT2","Almería","125",1
"WOTTAN","GT2","Barcelona","125",1
"WOTTAN","GT2","Castellón/Castelló","125",1
"WOTTAN","GT2","Ciudad Real","125",1
"WOTTAN","GT2","Madrid","125",1
"WOTTAN","GT2","Málaga","125",4
"WOTTAN","GT2","Murcia","125",1
"WOTTAN","GT2","Palmas (Las)","125",1
"WOTTAN","GT2","Salamanca","125",1
"WOTTAN","GT2","Toledo","125",1
"WOTTAN","GT2","Valencia/València","125",9
"WOTTAN","REBBE","Girona","124",1
"WOTTAN","REBBE","Madrid","124",1
"WOTTAN","STORM-R","Alicante/Alacant","124",1
"WOTTAN","STORM-R","Málaga","124",1
"WOTTAN","STORM-S","Alicante/Alacant","276",1
"WOTTAN","STORM-S","Barcelona","276",1
"WOTTAN","STORM-S","Cantabria","276",1
"WOTTAN","STORM-V","Madrid","124",1
"WOTTAN","STORM-X","Albacete","125",2
"WOTTAN","STORM-X","Alicante/Alacant","125",5
"WOTTAN","STORM-X","Barcelona","125",3
"WOTTAN","STORM-X","Castellón/Castelló","125",2
"WOTTAN","STORM-X","Coruña (A)","125",1
"WOTTAN","STORM-X","Gipuzkoa","125",1
"WOTTAN","STORM-X","Granada","125",1
"WOTTAN","STORM-X","Huelva","125",1
"WOTTAN","STORM-X","Jaén","125",3
"WOTTAN","STORM-X","Madrid","125",1
"WOTTAN","STORM-X","Málaga","125",2
"WOTTAN","STORM-X","Sevilla","125",7
"WOTTAN","STORM-X","Teruel","125",1
"WOTTAN","STORM-X","Valencia/València","125",12
"WOTTAN MOTOR","SIXTEEN","Alicante/Alacant","125",2
"WOTTAN MOTOR","SIXTEEN","Asturias","125",1
"WOTTAN MOTOR","SIXTEEN","Barcelona","125",1
"WOTTAN MOTOR","SIXTEEN","Cádiz","125",1
"WOTTAN MOTOR","SIXTEEN","Granada","125",5
"WOTTAN MOTOR","SIXTEEN","Jaén","125",2
"WOTTAN MOTOR","SIXTEEN","Lleida","125",1
"WOTTAN MOTOR","SIXTEEN","Madrid","125",1
"WOTTAN MOTOR","SIXTEEN","Valencia/València","125",3
"WOTTAN MOTOR","STORM","Alicante/Alacant","125",3
"WOTTAN MOTOR","STORM","Badajoz","125",1
"WOTTAN MOTOR","STORM","Castellón/Castelló","125",1
"WOTTAN MOTOR","STORM","Madrid","125",1
"WOTTAN MOTOR","STORM","Málaga","125",2
"WOTTAN MOTOR","STORM","Murcia","125",2
"WOTTAN MOTOR","STORM","Sevilla","125",3
"WOTTAN MOTOR","STORM","Tarragona","125",1
"WOTTAN MOTOR","STORM","Valencia/València","125",4
"WOTTAN MOTOR","STORM-T","Alicante/Alacant","125",4
"WOTTAN MOTOR","STORM-T","Illes Balears","125",1
"WOTTAN MOTOR","STORM-T","Madrid","125",1
"WOTTAN MOTOR","STORM-T","Málaga","125",2
"WOTTAN MOTOR","STORM-T","Murcia","125",1
"WOTTAN MOTOR","STORM-T","Sevilla","125",1
"WOTTAN MOTOR","STORM-T","Valencia/València","125",4
"WOTTAN MOTOR","STORM-X","Madrid","125",1
"YAMAHA","LTS125-C","Barcelona","125",4
"YAMAHA","LTS125-C","Girona","125",2
"YAMAHA","LTS125-C","Huelva","125",1
"YAMAHA","LTS125-C","Illes Balears","125",3
"YAMAHA","LTS125-C","Madrid","125",3
"YAMAHA","LTS125-C","Málaga","125",1
"YAMAHA","LTS125-C","Valencia/València","125",3
"YAMAHA","LTS125-C","Zaragoza","125",1
"YAMAHA","MT-03","Albacete","321",1
"YAMAHA","MT-03","Alicante/Alacant","321",2
"YAMAHA","MT-03","Barcelona","321",2
"YAMAHA","MT-03","Bizkaia","321",1
"YAMAHA","MT-03","Girona","321",1
"YAMAHA","MT-03","Illes Balears","321",2
"YAMAHA","MT-03","León","321",1
"YAMAHA","MT-03","Madrid","321",4
"YAMAHA","MT-03","Málaga","321",1
"YAMAHA","MT-03","Valencia/València","321",5
"YAMAHA","MT-03","Zaragoza","321",1
"YAMAHA","MT-07","Álava/Araba","689",1
"YAMAHA","MT-07","Alicante/Alacant","689",12
"YAMAHA","MT-07","Almería","689",4
"YAMAHA","MT-07","Asturias","689",3
"YAMAHA","MT-07","Badajoz","689",1
"YAMAHA","MT-07","Barcelona","689",38
"YAMAHA","MT-07","Bizkaia","689",2
"YAMAHA","MT-07","Cáceres","689",3
"YAMAHA","MT-07","Cádiz","689",5
"YAMAHA","MT-07","Cantabria","689",4
"YAMAHA","MT-07","Castellón/Castelló","689",3
"YAMAHA","MT-07","Córdoba","689",3
"YAMAHA","MT-07","Coruña (A)","689",3
"YAMAHA","MT-07","Gipuzkoa","689",3
"YAMAHA","MT-07","Girona","689",6
"YAMAHA","MT-07","Granada","689",10
"YAMAHA","MT-07","Guadalajara","689",1
"YAMAHA","MT-07","Huelva","689",2
"YAMAHA","MT-07","Huesca","689",1
"YAMAHA","MT-07","Illes Balears","689",6
"YAMAHA","MT-07","Jaén","689",4
"YAMAHA","MT-07","León","689",1
"YAMAHA","MT-07","Lleida","689",3
"YAMAHA","MT-07","Lugo","689",1
"YAMAHA","MT-07","Madrid","689",32
"YAMAHA","MT-07","Málaga","689",8
"YAMAHA","MT-07","Melilla","689",1
"YAMAHA","MT-07","Murcia","689",2
"YAMAHA","MT-07","Navarra","689",2
"YAMAHA","MT-07","Ourense","689",3
"YAMAHA","MT-07","Palmas (Las)","689",7
"YAMAHA","MT-07","Pontevedra","689",2
"YAMAHA","MT-07","Rioja (La)","689",1
"YAMAHA","MT-07","Santa Cruz de Tenerife","689",6
"YAMAHA","MT-07","Segovia","689",1
"YAMAHA","MT-07","Sevilla","689",11
"YAMAHA","MT-07","Tarragona","689",8
"YAMAHA","MT-07","Teruel","689",1
"YAMAHA","MT-07","Valencia/València","689",14
"YAMAHA","MT-07","Zaragoza","689",4
"YAMAHA","MT-09","Albacete","890",2
"YAMAHA","MT-09","Alicante/Alacant","890",3
"YAMAHA","MT-09","Almería","890",1
"YAMAHA","MT-09","Asturias","890",1
"YAMAHA","MT-09","Ávila","890",1
"YAMAHA","MT-09","Barcelona","890",23
"YAMAHA","MT-09","Bizkaia","890",1
"YAMAHA","MT-09","Burgos","890",1
"YAMAHA","MT-09","Cádiz","890",6
"YAMAHA","MT-09","Castellón/Castelló","890",2
"YAMAHA","MT-09","Córdoba","890",1
"YAMAHA","MT-09","Coruña (A)","890",2
"YAMAHA","MT-09","Gipuzkoa","890",1
"YAMAHA","MT-09","Girona","890",1
"YAMAHA","MT-09","Granada","890",5
"YAMAHA","MT-09","Huelva","890",1
"YAMAHA","MT-09","Huesca","890",1
"YAMAHA","MT-09","Illes Balears","890",3
"YAMAHA","MT-09","León","890",1
"YAMAHA","MT-09","Madrid","890",8
"YAMAHA","MT-09","Málaga","890",6
"YAMAHA","MT-09","Ourense","890",1
"YAMAHA","MT-09","Palmas (Las)","890",7
"YAMAHA","MT-09","Rioja (La)","890",1
"YAMAHA","MT-09","Santa Cruz de Tenerife","890",8
"YAMAHA","MT-09","Sevilla","890",1
"YAMAHA","MT-09","Soria","890",1
"YAMAHA","MT-09","Tarragona","890",1
"YAMAHA","MT-09","Valencia/València","890",8
"YAMAHA","MT-09","Zaragoza","890",1
"YAMAHA","MT-10","Badajoz","998",1
"YAMAHA","MT-10","Barcelona","998",4
"YAMAHA","MT-10","Cádiz","998",1
"YAMAHA","MT-10","Huesca","998",1
"YAMAHA","MT-10","León","998",1
"YAMAHA","MT-10","Valencia/València","998",1
"YAMAHA","MT-125","Álava/Araba","125",1
"YAMAHA","MT-125","Alicante/Alacant","125",2
"YAMAHA","MT-125","Almería","125",2
"YAMAHA","MT-125","Asturias","125",2
"YAMAHA","MT-125","Badajoz","125",3
"YAMAHA","MT-125","Barcelona","125",12
"YAMAHA","MT-125","Bizkaia","125",2
"YAMAHA","MT-125","Cádiz","125",2
"YAMAHA","MT-125","Cantabria","125",1
"YAMAHA","MT-125","Castellón/Castelló","125",1
"YAMAHA","MT-125","Ceuta","125",1
"YAMAHA","MT-125","Córdoba","125",3
"YAMAHA","MT-125","Coruña (A)","125",1
"YAMAHA","MT-125","Gipuzkoa","125",4
"YAMAHA","MT-125","Girona","125",3
"YAMAHA","MT-125","Granada","125",1
"YAMAHA","MT-125","Illes Balears","125",3
"YAMAHA","MT-125","León","125",1
"YAMAHA","MT-125","Lleida","125",1
"YAMAHA","MT-125","Lugo","125",2
"YAMAHA","MT-125","Madrid","125",13
"YAMAHA","MT-125","Málaga","125",6
"YAMAHA","MT-125","Murcia","125",3
"YAMAHA","MT-125","Navarra","125",2
"YAMAHA","MT-125","Ourense","125",1
"YAMAHA","MT-125","Palmas (Las)","125",4
"YAMAHA","MT-125","Pontevedra","125",2
"YAMAHA","MT-125","Santa Cruz de Tenerife","125",3
"YAMAHA","MT-125","Sevilla","125",2
"YAMAHA","MT-125","Toledo","125",1
"YAMAHA","MT-125","Valencia/València","125",8
"YAMAHA","MT-125","Zaragoza","125",1
"YAMAHA","NIKEN GT","Alicante/Alacant","890",1
"YAMAHA","NIKEN GT","Barcelona","890",1
"YAMAHA","NMAX125","Álava/Araba","125",5
"YAMAHA","NMAX125","Albacete","125",9
"YAMAHA","NMAX125","Alicante/Alacant","125",54
"YAMAHA","NMAX125","Almería","125",18
"YAMAHA","NMAX125","Asturias","125",4
"YAMAHA","NMAX125","Ávila","125",1
"YAMAHA","NMAX125","Badajoz","125",14
"YAMAHA","NMAX125","Barcelona","125",166
"YAMAHA","NMAX125","Bizkaia","125",16
"YAMAHA","NMAX125","Burgos","125",1
"YAMAHA","NMAX125","Cáceres","125",6
"YAMAHA","NMAX125","Cádiz","125",92
"YAMAHA","NMAX125","Cantabria","125",10
"YAMAHA","NMAX125","Castellón/Castelló","125",10
"YAMAHA","NMAX125","Ceuta","125",10
"YAMAHA","NMAX125","Ciudad Real","125",2
"YAMAHA","NMAX125","Córdoba","125",10
"YAMAHA","NMAX125","Coruña (A)","125",11
"YAMAHA","NMAX125","Cuenca","125",2
"YAMAHA","NMAX125","Gipuzkoa","125",11
"YAMAHA","NMAX125","Girona","125",18
"YAMAHA","NMAX125","Granada","125",35
"YAMAHA","NMAX125","Guadalajara","125",2
"YAMAHA","NMAX125","Huelva","125",9
"YAMAHA","NMAX125","Illes Balears","125",47
"YAMAHA","NMAX125","Jaén","125",9
"YAMAHA","NMAX125","León","125",6
"YAMAHA","NMAX125","Lleida","125",7
"YAMAHA","NMAX125","Lugo","125",4
"YAMAHA","NMAX125","Madrid","125",243
"YAMAHA","NMAX125","Málaga","125",56
"YAMAHA","NMAX125","Melilla","125",10
"YAMAHA","NMAX125","Murcia","125",28
"YAMAHA","NMAX125","Navarra","125",7
"YAMAHA","NMAX125","Ourense","125",1
"YAMAHA","NMAX125","Palencia","125",1
"YAMAHA","NMAX125","Palmas (Las)","125",17
"YAMAHA","NMAX125","Pontevedra","125",13
"YAMAHA","NMAX125","Rioja (La)","125",4
"YAMAHA","NMAX125","Salamanca","125",4
"YAMAHA","NMAX125","Santa Cruz de Tenerife","125",20
"YAMAHA","NMAX125","Segovia","125",1
"YAMAHA","NMAX125","Sevilla","125",72
"YAMAHA","NMAX125","Tarragona","125",12
"YAMAHA","NMAX125","Teruel","125",2
"YAMAHA","NMAX125","Toledo","125",5
"YAMAHA","NMAX125","Valencia/València","125",96
"YAMAHA","NMAX125","Valladolid","125",3
"YAMAHA","NMAX125","Zaragoza","125",9
"YAMAHA","R125","Alicante/Alacant","125",1
"YAMAHA","R125","Barcelona","125",8
"YAMAHA","R125","Castellón/Castelló","125",1
"YAMAHA","R125","Córdoba","125",2
"YAMAHA","R125","Girona","125",2
"YAMAHA","R125","Granada","125",1
"YAMAHA","R125","Illes Balears","125",1
"YAMAHA","R125","León","125",1
"YAMAHA","R125","Lleida","125",4
"YAMAHA","R125","Madrid","125",3
"YAMAHA","R125","Málaga","125",2
"YAMAHA","R125","Pontevedra","125",1
"YAMAHA","R125","Rioja (La)","125",2
"YAMAHA","R125","Salamanca","125",1
"YAMAHA","R125","Tarragona","125",2
"YAMAHA","R125","Valencia/València","125",2
"YAMAHA","RayZR 125","Álava/Araba","125",1
"YAMAHA","RayZR 125","Albacete","125",2
"YAMAHA","RayZR 125","Alicante/Alacant","125",30
"YAMAHA","RayZR 125","Almería","125",9
"YAMAHA","RayZR 125","Asturias","125",5
"YAMAHA","RayZR 125","Ávila","125",1
"YAMAHA","RayZR 125","Badajoz","125",6
"YAMAHA","RayZR 125","Barcelona","125",33
"YAMAHA","RayZR 125","Bizkaia","125",1
"YAMAHA","RayZR 125","Cádiz","125",32
"YAMAHA","RayZR 125","Cantabria","125",4
"YAMAHA","RayZR 125","Castellón/Castelló","125",5
"YAMAHA","RayZR 125","Córdoba","125",4
"YAMAHA","RayZR 125","Coruña (A)","125",4
"YAMAHA","RayZR 125","Cuenca","125",1
"YAMAHA","RayZR 125","Girona","125",5
"YAMAHA","RayZR 125","Granada","125",8
"YAMAHA","RayZR 125","Guadalajara","125",3
"YAMAHA","RayZR 125","Huelva","125",1
"YAMAHA","RayZR 125","Huesca","125",2
"YAMAHA","RayZR 125","Illes Balears","125",26
"YAMAHA","RayZR 125","León","125",1
"YAMAHA","RayZR 125","Madrid","125",29
"YAMAHA","RayZR 125","Málaga","125",29
"YAMAHA","RayZR 125","Melilla","125",3
"YAMAHA","RayZR 125","Murcia","125",6
"YAMAHA","RayZR 125","Navarra","125",2
"YAMAHA","RayZR 125","Palencia","125",1
"YAMAHA","RayZR 125","Palmas (Las)","125",10
"YAMAHA","RayZR 125","Pontevedra","125",1
"YAMAHA","RayZR 125","Rioja (La)","125",2
"YAMAHA","RayZR 125","Salamanca","125",1
"YAMAHA","RayZR 125","Santa Cruz de Tenerife","125",9
"YAMAHA","RayZR 125","Segovia","125",1
"YAMAHA","RayZR 125","Sevilla","125",16
"YAMAHA","RayZR 125","Tarragona","125",7
"YAMAHA","RayZR 125","Teruel","125",1
"YAMAHA","RayZR 125","Toledo","125",1
"YAMAHA","RayZR 125","Valencia/València","125",24
"YAMAHA","RayZR 125","Valladolid","125",3
"YAMAHA","RayZR 125","Zaragoza","125",2
"YAMAHA","TMAX 560","Álava/Araba","562",1
"YAMAHA","TMAX 560","Alicante/Alacant","562",3
"YAMAHA","TMAX 560","Almería","562",1
"YAMAHA","TMAX 560","Asturias","562",4
"YAMAHA","TMAX 560","Badajoz","562",4
"YAMAHA","TMAX 560","Barcelona","562",28
"YAMAHA","TMAX 560","Bizkaia","562",1
"YAMAHA","TMAX 560","Burgos","562",1
"YAMAHA","TMAX 560","Cádiz","562",6
"YAMAHA","TMAX 560","Cantabria","562",2
"YAMAHA","TMAX 560","Castellón/Castelló","562",1
"YAMAHA","TMAX 560","Ceuta","562",2
"YAMAHA","TMAX 560","Córdoba","562",1
"YAMAHA","TMAX 560","Coruña (A)","562",2
"YAMAHA","TMAX 560","Gipuzkoa","562",1
"YAMAHA","TMAX 560","Granada","562",6
"YAMAHA","TMAX 560","Huelva","562",1
"YAMAHA","TMAX 560","Huesca","562",1
"YAMAHA","TMAX 560","Illes Balears","562",8
"YAMAHA","TMAX 560","León","562",2
"YAMAHA","TMAX 560","Madrid","562",19
"YAMAHA","TMAX 560","Málaga","562",10
"YAMAHA","TMAX 560","Murcia","562",5
"YAMAHA","TMAX 560","Navarra","562",2
"YAMAHA","TMAX 560","Ourense","562",1
"YAMAHA","TMAX 560","Palmas (Las)","562",2
"YAMAHA","TMAX 560","Pontevedra","562",4
"YAMAHA","TMAX 560","Santa Cruz de Tenerife","562",1
"YAMAHA","TMAX 560","Sevilla","562",10
"YAMAHA","TMAX 560","Tarragona","562",3
"YAMAHA","TMAX 560","Toledo","562",1
"YAMAHA","TMAX 560","Valencia/València","562",15
"YAMAHA","TMAX 560","Valladolid","562",1
"YAMAHA","TMAX 560","Zaragoza","562",2
"YAMAHA","TRACER 700","Alicante/Alacant","689",3
"YAMAHA","TRACER 700","Almería","689",1
"YAMAHA","TRACER 700","Asturias","689",2
"YAMAHA","TRACER 700","Badajoz","689",1
"YAMAHA","TRACER 700","Barcelona","689",21
"YAMAHA","TRACER 700","Bizkaia","689",2
"YAMAHA","TRACER 700","Cádiz","689",3
"YAMAHA","TRACER 700","Cantabria","689",2
"YAMAHA","TRACER 700","Castellón/Castelló","689",1
"YAMAHA","TRACER 700","Ceuta","689",1
"YAMAHA","TRACER 700","Córdoba","689",1
"YAMAHA","TRACER 700","Coruña (A)","689",1
"YAMAHA","TRACER 700","Gipuzkoa","689",1
"YAMAHA","TRACER 700","Girona","689",1
"YAMAHA","TRACER 700","Granada","689",2
"YAMAHA","TRACER 700","Huelva","689",1
"YAMAHA","TRACER 700","Illes Balears","689",3
"YAMAHA","TRACER 700","Jaén","689",1
"YAMAHA","TRACER 700","Lleida","689",1
"YAMAHA","TRACER 700","Madrid","689",6
"YAMAHA","TRACER 700","Málaga","689",3
"YAMAHA","TRACER 700","Murcia","689",1
"YAMAHA","TRACER 700","Navarra","689",1
"YAMAHA","TRACER 700","Palmas (Las)","689",4
"YAMAHA","TRACER 700","Rioja (La)","689",2
"YAMAHA","TRACER 700","Santa Cruz de Tenerife","689",1
"YAMAHA","TRACER 700","Sevilla","689",1
"YAMAHA","TRACER 700","Tarragona","689",1
"YAMAHA","TRACER 700","Toledo","689",1
"YAMAHA","TRACER 700","Valencia/València","689",7
"YAMAHA","TRACER 700","Zaragoza","689",1
"YAMAHA","Tracer 9 GT","Álava/Araba","890",2
"YAMAHA","Tracer 9 GT","Albacete","890",1
"YAMAHA","Tracer 9 GT","Alicante/Alacant","890",3
"YAMAHA","Tracer 9 GT","Almería","890",3
"YAMAHA","Tracer 9 GT","Asturias","890",1
"YAMAHA","Tracer 9 GT","Ávila","890",2
"YAMAHA","Tracer 9 GT","Barcelona","890",18
"YAMAHA","Tracer 9 GT","Bizkaia","890",7
"YAMAHA","Tracer 9 GT","Cáceres","890",3
"YAMAHA","Tracer 9 GT","Cádiz","890",3
"YAMAHA","Tracer 9 GT","Cantabria","890",3
"YAMAHA","Tracer 9 GT","Castellón/Castelló","890",1
"YAMAHA","Tracer 9 GT","Córdoba","890",2
"YAMAHA","Tracer 9 GT","Coruña (A)","890",2
"YAMAHA","Tracer 9 GT","Cuenca","890",1
"YAMAHA","Tracer 9 GT","Gipuzkoa","890",4
"YAMAHA","Tracer 9 GT","Girona","890",6
"YAMAHA","Tracer 9 GT","Guadalajara","890",1
"YAMAHA","Tracer 9 GT","Illes Balears","890",3
"YAMAHA","Tracer 9 GT","Jaén","890",1
"YAMAHA","Tracer 9 GT","León","890",4
"YAMAHA","Tracer 9 GT","Lleida","890",2
"YAMAHA","Tracer 9 GT","Lugo","890",3
"YAMAHA","Tracer 9 GT","Madrid","890",17
"YAMAHA","Tracer 9 GT","Málaga","890",4
"YAMAHA","Tracer 9 GT","Murcia","890",1
"YAMAHA","Tracer 9 GT","Navarra","890",1
"YAMAHA","Tracer 9 GT","Palmas (Las)","890",4
"YAMAHA","Tracer 9 GT","Pontevedra","890",2
"YAMAHA","Tracer 9 GT","Rioja (La)","890",1
"YAMAHA","Tracer 9 GT","Santa Cruz de Tenerife","890",2
"YAMAHA","Tracer 9 GT","Sevilla","890",3
"YAMAHA","Tracer 9 GT","Tarragona","890",1
"YAMAHA","Tracer 9 GT","Valencia/València","890",10
"YAMAHA","Tracer 9 GT","Zaragoza","890",1
"YAMAHA","TRICITY 125","Alicante/Alacant","125",4
"YAMAHA","TRICITY 125","Asturias","125",1
"YAMAHA","TRICITY 125","Barcelona","125",8
"YAMAHA","TRICITY 125","Bizkaia","125",2
"YAMAHA","TRICITY 125","Cantabria","125",1
"YAMAHA","TRICITY 125","Girona","125",1
"YAMAHA","TRICITY 125","Guadalajara","125",1
"YAMAHA","TRICITY 125","Illes Balears","125",6
"YAMAHA","TRICITY 125","Madrid","125",7
"YAMAHA","TRICITY 125","Málaga","125",2
"YAMAHA","TRICITY 125","Palmas (Las)","125",1
"YAMAHA","TRICITY 125","Pontevedra","125",1
"YAMAHA","TRICITY 125","Santa Cruz de Tenerife","125",3
"YAMAHA","TRICITY 125","Sevilla","125",3
"YAMAHA","TRICITY 125","Toledo","125",3
"YAMAHA","TRICITY 125","Valencia/València","125",3
"YAMAHA","XMAX 300","Alicante/Alacant","292",4
"YAMAHA","XMAX 300","Almería","292",2
"YAMAHA","XMAX 300","Asturias","292",2
"YAMAHA","XMAX 300","Badajoz","292",1
"YAMAHA","XMAX 300","Barcelona","292",43
"YAMAHA","XMAX 300","Bizkaia","292",1
"YAMAHA","XMAX 300","Cáceres","292",2
"YAMAHA","XMAX 300","Cádiz","292",4
"YAMAHA","XMAX 300","Cantabria","292",1
"YAMAHA","XMAX 300","Castellón/Castelló","292",5
"YAMAHA","XMAX 300","Córdoba","292",2
"YAMAHA","XMAX 300","Coruña (A)","292",1
"YAMAHA","XMAX 300","Gipuzkoa","292",3
"YAMAHA","XMAX 300","Girona","292",2
"YAMAHA","XMAX 300","Granada","292",4
"YAMAHA","XMAX 300","Illes Balears","292",6
"YAMAHA","XMAX 300","Jaén","292",2
"YAMAHA","XMAX 300","León","292",1
"YAMAHA","XMAX 300","Madrid","292",29
"YAMAHA","XMAX 300","Málaga","292",6
"YAMAHA","XMAX 300","Murcia","292",2
"YAMAHA","XMAX 300","Navarra","292",2
"YAMAHA","XMAX 300","Palmas (Las)","292",2
"YAMAHA","XMAX 300","Pontevedra","292",3
"YAMAHA","XMAX 300","Rioja (La)","292",2
"YAMAHA","XMAX 300","Santa Cruz de Tenerife","292",2
"YAMAHA","XMAX 300","Sevilla","292",19
"YAMAHA","XMAX 300","Tarragona","292",4
"YAMAHA","XMAX 300","Toledo","292",2
"YAMAHA","XMAX 300","Valencia/València","292",8
"YAMAHA","XMAX 300","Zaragoza","292",4
"YAMAHA","XMAX125","Álava/Araba","125",1
"YAMAHA","XMAX125","Albacete","125",3
"YAMAHA","XMAX125","Alicante/Alacant","125",27
"YAMAHA","XMAX125","Almería","125",6
"YAMAHA","XMAX125","Asturias","125",6
"YAMAHA","XMAX125","Badajoz","125",6
"YAMAHA","XMAX125","Barcelona","125",93
"YAMAHA","XMAX125","Bizkaia","125",5
"YAMAHA","XMAX125","Burgos","125",1
"YAMAHA","XMAX125","Cádiz","125",17
"YAMAHA","XMAX125","Cantabria","125",8
"YAMAHA","XMAX125","Castellón/Castelló","125",8
"YAMAHA","XMAX125","Ceuta","125",3
"YAMAHA","XMAX125","Ciudad Real","125",1
"YAMAHA","XMAX125","Córdoba","125",10
"YAMAHA","XMAX125","Coruña (A)","125",3
"YAMAHA","XMAX125","Cuenca","125",1
"YAMAHA","XMAX125","Gipuzkoa","125",7
"YAMAHA","XMAX125","Girona","125",6
"YAMAHA","XMAX125","Granada","125",20
"YAMAHA","XMAX125","Huelva","125",5
"YAMAHA","XMAX125","Illes Balears","125",21
"YAMAHA","XMAX125","Jaén","125",1
"YAMAHA","XMAX125","León","125",1
"YAMAHA","XMAX125","Lleida","125",2
"YAMAHA","XMAX125","Madrid","125",68
"YAMAHA","XMAX125","Málaga","125",50
"YAMAHA","XMAX125","Murcia","125",10
"YAMAHA","XMAX125","Navarra","125",2
"YAMAHA","XMAX125","Ourense","125",1
"YAMAHA","XMAX125","Palmas (Las)","125",7
"YAMAHA","XMAX125","Pontevedra","125",2
"YAMAHA","XMAX125","Rioja (La)","125",1
"YAMAHA","XMAX125","Salamanca","125",1
"YAMAHA","XMAX125","Santa Cruz de Tenerife","125",7
"YAMAHA","XMAX125","Sevilla","125",40
"YAMAHA","XMAX125","Tarragona","125",8
"YAMAHA","XMAX125","Toledo","125",2
"YAMAHA","XMAX125","Valencia/València","125",30
"YAMAHA","XMAX125","Zamora","125",1
"YAMAHA","XMAX125","Zaragoza","125",3
"YAMAHA","XSR-900","Alicante/Alacant","890",1
"YAMAHA","XSR-900","Almería","890",1
"YAMAHA","XSR-900","Asturias","890",1
"YAMAHA","XSR-900","Badajoz","890",1
"YAMAHA","XSR-900","Barcelona","890",3
"YAMAHA","XSR-900","Bizkaia","890",1
"YAMAHA","XSR-900","Cáceres","890",1
"YAMAHA","XSR-900","Cádiz","890",2
"YAMAHA","XSR-900","Castellón/Castelló","890",1
"YAMAHA","XSR-900","Huesca","890",1
"YAMAHA","XSR-900","Illes Balears","890",4
"YAMAHA","XSR-900","Madrid","890",5
"YAMAHA","XSR-900","Málaga","890",2
"YAMAHA","XSR-900","Palmas (Las)","890",2
"YAMAHA","XSR-900","Pontevedra","890",1
"YAMAHA","XSR-900","Santa Cruz de Tenerife","890",1
"YAMAHA","XSR-900","Sevilla","890",1
"YAMAHA","XSR-900","Tarragona","890",2
"YAMAHA","XSR-900","Valencia/València","890",3
"YAMAHA","XSR700","Jaén","689",1
"YAMAHA","XSR700","Madrid","689",3
"YAMAHA","XSR700","Málaga","689",1
"YAMAHA","XSR700","Murcia","689",1
"YAMAHA","XSR700","Pontevedra","689",1
"YAMAHA","XTZ 700 Tenere","Alicante/Alacant","689",2
"YAMAHA","XTZ 700 Tenere","Asturias","689",1
"YAMAHA","XTZ 700 Tenere","Badajoz","689",1
"YAMAHA","XTZ 700 Tenere","Barcelona","689",27
"YAMAHA","XTZ 700 Tenere","Bizkaia","689",2
"YAMAHA","XTZ 700 Tenere","Burgos","689",1
"YAMAHA","XTZ 700 Tenere","Cádiz","689",11
"YAMAHA","XTZ 700 Tenere","Castellón/Castelló","689",1
"YAMAHA","XTZ 700 Tenere","Ceuta","689",1
"YAMAHA","XTZ 700 Tenere","Ciudad Real","689",1
"YAMAHA","XTZ 700 Tenere","Córdoba","689",6
"YAMAHA","XTZ 700 Tenere","Gipuzkoa","689",2
"YAMAHA","XTZ 700 Tenere","Girona","689",3
"YAMAHA","XTZ 700 Tenere","Granada","689",7
"YAMAHA","XTZ 700 Tenere","Guadalajara","689",2
"YAMAHA","XTZ 700 Tenere","Huelva","689",2
"YAMAHA","XTZ 700 Tenere","Huesca","689",1
"YAMAHA","XTZ 700 Tenere","Illes Balears","689",5
"YAMAHA","XTZ 700 Tenere","Jaén","689",1
"YAMAHA","XTZ 700 Tenere","León","689",2
"YAMAHA","XTZ 700 Tenere","Madrid","689",7
"YAMAHA","XTZ 700 Tenere","Málaga","689",20
"YAMAHA","XTZ 700 Tenere","Murcia","689",3
"YAMAHA","XTZ 700 Tenere","Navarra","689",2
"YAMAHA","XTZ 700 Tenere","Ourense","689",1
"YAMAHA","XTZ 700 Tenere","Palmas (Las)","689",5
"YAMAHA","XTZ 700 Tenere","Pontevedra","689",4
"YAMAHA","XTZ 700 Tenere","Salamanca","689",1
"YAMAHA","XTZ 700 Tenere","Santa Cruz de Tenerife","689",3
"YAMAHA","XTZ 700 Tenere","Sevilla","689",2
"YAMAHA","XTZ 700 Tenere","Toledo","689",2
"YAMAHA","XTZ 700 Tenere","Valencia/València","689",7
"YAMAHA","XTZ 700 Tenere","Valladolid","689",2
"YAMAHA","XTZ 700 Tenere","Zamora","689",1
"YAMAHA","XTZ 700 Tenere","Zaragoza","689",2
"YAMAHA","YZF-R3","Barcelona","321",3
"YAMAHA","YZF-R3","Cádiz","321",1
"YAMAHA","YZF-R3","Castellón/Castelló","321",1
"YAMAHA","YZF-R3","Girona","321",1
"YAMAHA","YZF-R3","Illes Balears","321",1
"YAMAHA","YZF-R3","Madrid","321",3
"YAMAHA","YZF-R3","Toledo","321",1
"YAMAHA","YZF-R3","Valencia/València","321",1
"YAMAHA","YZF-R3","Zaragoza","321",1
"YAMAHA","YZF-R9","Álava/Araba","890",1
"YAMAHA","YZF-R9","Badajoz","890",2
"YAMAHA","YZF-R9","Barcelona","890",5
"YAMAHA","YZF-R9","Castellón/Castelló","890",1
"YAMAHA","YZF-R9","Granada","890",1
"YAMAHA","YZF-R9","Huelva","890",1
"YAMAHA","YZF-R9","Huesca","890",1
"YAMAHA","YZF-R9","León","890",1
"YAMAHA","YZF-R9","Lugo","890",1
"YAMAHA","YZF-R9","Madrid","890",2
"YAMAHA","YZF-R9","Málaga","890",1
"YAMAHA","YZF-R9","Murcia","890",1
"YAMAHA","YZF-R9","Navarra","890",1
"YAMAHA","YZF-R9","Sevilla","890",1
"YAMAHA","YZF-R9","Toledo","890",1
"YAMAHA","YZF-R9","Valencia/València","890",1
"YAMAHA","YZF-R9","Valladolid","890",1
"YAMAHA","YZF690","Illes Balears","689",1
"ZNEN","NVH","Valencia/València","125",1
"ZNEN","P45","Valencia/València","125",2
"ZONTES","125C","Albacete","125",1
"ZONTES","125C","Alicante/Alacant","125",10
"ZONTES","125C","Almería","125",2
"ZONTES","125C","Asturias","125",5
"ZONTES","125C","Barcelona","125",20
"ZONTES","125C","Bizkaia","125",5
"ZONTES","125C","Burgos","125",1
"ZONTES","125C","Cádiz","125",5
"ZONTES","125C","Cantabria","125",2
"ZONTES","125C","Castellón/Castelló","125",1
"ZONTES","125C","Ciudad Real","125",4
"ZONTES","125C","Coruña (A)","125",4
"ZONTES","125C","Gipuzkoa","125",1
"ZONTES","125C","Girona","125",3
"ZONTES","125C","Granada","125",7
"ZONTES","125C","Huelva","125",4
"ZONTES","125C","Illes Balears","125",7
"ZONTES","125C","Jaén","125",1
"ZONTES","125C","León","125",1
"ZONTES","125C","Lleida","125",1
"ZONTES","125C","Lugo","125",2
"ZONTES","125C","Madrid","125",18
"ZONTES","125C","Málaga","125",8
"ZONTES","125C","Murcia","125",7
"ZONTES","125C","Ourense","125",1
"ZONTES","125C","Rioja (La)","125",1
"ZONTES","125C","Salamanca","125",1
"ZONTES","125C","Sevilla","125",9
"ZONTES","125C","Tarragona","125",1
"ZONTES","125C","Toledo","125",2
"ZONTES","125C","Valencia/València","125",3
"ZONTES","125C","Zamora","125",1
"ZONTES","125C","Zaragoza","125",2
"ZONTES","125D","Albacete","125",1
"ZONTES","125D","Alicante/Alacant","125",3
"ZONTES","125D","Barcelona","125",20
"ZONTES","125D","Bizkaia","125",3
"ZONTES","125D","Cáceres","125",1
"ZONTES","125D","Castellón/Castelló","125",1
"ZONTES","125D","Córdoba","125",2
"ZONTES","125D","Gipuzkoa","125",1
"ZONTES","125D","Granada","125",2
"ZONTES","125D","Guadalajara","125",1
"ZONTES","125D","Huelva","125",1
"ZONTES","125D","Huesca","125",1
"ZONTES","125D","Illes Balears","125",3
"ZONTES","125D","Madrid","125",11
"ZONTES","125D","Málaga","125",12
"ZONTES","125D","Murcia","125",1
"ZONTES","125D","Navarra","125",1
"ZONTES","125D","Pontevedra","125",1
"ZONTES","125D","Santa Cruz de Tenerife","125",2
"ZONTES","125D","Sevilla","125",1
"ZONTES","125D","Tarragona","125",2
"ZONTES","125D","Valencia/València","125",8
"ZONTES","125D","Zaragoza","125",1
"ZONTES","125E","Álava/Araba","125",1
"ZONTES","125E","Alicante/Alacant","125",9
"ZONTES","125E","Almería","125",2
"ZONTES","125E","Barcelona","125",32
"ZONTES","125E","Bizkaia","125",1
"ZONTES","125E","Cáceres","125",1
"ZONTES","125E","Cádiz","125",3
"ZONTES","125E","Cantabria","125",1
"ZONTES","125E","Ceuta","125",1
"ZONTES","125E","Ciudad Real","125",1
"ZONTES","125E","Gipuzkoa","125",1
"ZONTES","125E","Girona","125",1
"ZONTES","125E","Granada","125",3
"ZONTES","125E","Guadalajara","125",1
"ZONTES","125E","Huelva","125",1
"ZONTES","125E","Illes Balears","125",5
"ZONTES","125E","Jaén","125",1
"ZONTES","125E","Madrid","125",13
"ZONTES","125E","Málaga","125",5
"ZONTES","125E","Murcia","125",2
"ZONTES","125E","Navarra","125",1
"ZONTES","125E","Pontevedra","125",2
"ZONTES","125E","Salamanca","125",1
"ZONTES","125E","Santa Cruz de Tenerife","125",1
"ZONTES","125E","Sevilla","125",1
"ZONTES","125E","Valencia/València","125",13
"ZONTES","125E","Valladolid","125",1
"ZONTES","125E","Zaragoza","125",1
"ZONTES","125M","Alicante/Alacant","125",5
"ZONTES","125M","Almería","125",1
"ZONTES","125M","Barcelona","125",7
"ZONTES","125M","Bizkaia","125",1
"ZONTES","125M","Granada","125",1
"ZONTES","125M","Illes Balears","125",4
"ZONTES","125M","Jaén","125",1
"ZONTES","125M","León","125",1
"ZONTES","125M","Madrid","125",4
"ZONTES","125M","Málaga","125",5
"ZONTES","125M","Melilla","125",1
"ZONTES","125M","Murcia","125",2
"ZONTES","125M","Palmas (Las)","125",1
"ZONTES","125M","Salamanca","125",1
"ZONTES","125M","Tarragona","125",3
"ZONTES","125M","Valencia/València","125",3
"ZONTES","350D","Barcelona","349",4
"ZONTES","350D","Santa Cruz de Tenerife","349",2
"ZONTES","350E","Alicante/Alacant","349",1
"ZONTES","350E","Barcelona","349",5
"ZONTES","350E","Madrid","349",4
"ZONTES","350R","Barcelona","348",1
"ZONTES","350R","Cádiz","348",1
"ZONTES","350R","Huelva","348",1
"ZONTES","350R","Madrid","348",2
"ZONTES","350R","Málaga","348",2
"ZONTES","350R","Murcia","348",1
"ZONTES","350S","Alicante/Alacant","348",1
"ZONTES","350S","Asturias","348",1
"ZONTES","350S","Barcelona","348",1
"ZONTES","350S","Cádiz","348",1
"ZONTES","350S","Illes Balears","348",1
"ZONTES","350S","Madrid","348",3
"ZONTES","350T","Alicante/Alacant","348",1
"ZONTES","350T","Barcelona","348",1
"ZONTES","350T","Valladolid","348",1
"ZONTES","368D","Alicante/Alacant","368",1
"ZONTES","368D","Asturias","368",1
"ZONTES","368D","Badajoz","368",1
"ZONTES","368D","Barcelona","368",2
"ZONTES","368D","Bizkaia","368",1
"ZONTES","368D","Cádiz","368",1
"ZONTES","368D","Girona","368",2
"ZONTES","368D","Granada","368",3
"ZONTES","368D","Madrid","368",8
"ZONTES","368D","Málaga","368",3
"ZONTES","368D","Tarragona","368",1
"ZONTES","368D","Valencia/València","368",2
"ZONTES","368E","Alicante/Alacant","368",1
"ZONTES","368E","Barcelona","368",6
"ZONTES","368E","Cádiz","368",1
"ZONTES","368E","Córdoba","368",1
"ZONTES","368E","Gipuzkoa","368",1
"ZONTES","368E","Granada","368",2
"ZONTES","368E","Illes Balears","368",2
"ZONTES","368E","Jaén","368",1
"ZONTES","368E","Madrid","368",7
"ZONTES","368E","Málaga","368",2
"ZONTES","368E","Murcia","368",2
"ZONTES","368E","Palmas (Las)","368",6
"ZONTES","368E","Santa Cruz de Tenerife","368",2
"ZONTES","368E","Toledo","368",1
"ZONTES","368E","Valencia/València","368",7
"ZONTES","368E","Valladolid","368",1
"ZONTES","368G","Albacete","368",6
"ZONTES","368G","Alicante/Alacant","368",49
"ZONTES","368G","Almería","368",10
"ZONTES","368G","Asturias","368",12
"ZONTES","368G","Ávila","368",3
"ZONTES","368G","Badajoz","368",5
"ZONTES","368G","Barcelona","368",179
"ZONTES","368G","Bizkaia","368",21
"ZONTES","368G","Burgos","368",2
"ZONTES","368G","Cáceres","368",5
"ZONTES","368G","Cádiz","368",56
"ZONTES","368G","Cantabria","368",2
"ZONTES","368G","Castellón/Castelló","368",2
"ZONTES","368G","Ceuta","368",10
"ZONTES","368G","Ciudad Real","368",3
"ZONTES","368G","Córdoba","368",20
"ZONTES","368G","Coruña (A)","368",4
"ZONTES","368G","Cuenca","368",1
"ZONTES","368G","Gipuzkoa","368",9
"ZONTES","368G","Girona","368",9
"ZONTES","368G","Granada","368",36
"ZONTES","368G","Guadalajara","368",2
"ZONTES","368G","Huelva","368",14
"ZONTES","368G","Huesca","368",2
"ZONTES","368G","Illes Balears","368",31
"ZONTES","368G","Jaén","368",5
"ZONTES","368G","León","368",2
"ZONTES","368G","Lleida","368",3
"ZONTES","368G","Madrid","368",94
"ZONTES","368G","Málaga","368",94
"ZONTES","368G","Melilla","368",15
"ZONTES","368G","Murcia","368",39
"ZONTES","368G","Navarra","368",4
"ZONTES","368G","Ourense","368",1
"ZONTES","368G","Palencia","368",1
"ZONTES","368G","Palmas (Las)","368",19
"ZONTES","368G","Pontevedra","368",13
"ZONTES","368G","Rioja (La)","368",5
"ZONTES","368G","Salamanca","368",6
"ZONTES","368G","Santa Cruz de Tenerife","368",13
"ZONTES","368G","Sevilla","368",44
"ZONTES","368G","Tarragona","368",17
"ZONTES","368G","Toledo","368",8
"ZONTES","368G","Valencia/València","368",59
"ZONTES","368G","Valladolid","368",4
"ZONTES","368G","Zaragoza","368",7
"ZONTES","368K","Almería","368",1
"ZONTES","368K","Asturias","368",2
"ZONTES","368K","Barcelona","368",12
"ZONTES","368K","Cádiz","368",2
"ZONTES","368K","Cantabria","368",1
"ZONTES","368K","Castellón/Castelló","368",2
"ZONTES","368K","Ciudad Real","368",1
"ZONTES","368K","Córdoba","368",1
"ZONTES","368K","Gipuzkoa","368",3
"ZONTES","368K","Granada","368",1
"ZONTES","368K","Guadalajara","368",1
"ZONTES","368K","Illes Balears","368",4
"ZONTES","368K","Lleida","368",2
"ZONTES","368K","Madrid","368",17
"ZONTES","368K","Málaga","368",5
"ZONTES","368K","Murcia","368",2
"ZONTES","368K","Palmas (Las)","368",2
"ZONTES","368K","Pontevedra","368",1
"ZONTES","368K","Rioja (La)","368",1
"ZONTES","368K","Salamanca","368",1
"ZONTES","368K","Sevilla","368",1
"ZONTES","368K","Toledo","368",1
"ZONTES","368K","Valencia/València","368",2
"ZONTES","368M","Barcelona","368",1
"ZONTES","368M","Córdoba","368",1
"ZONTES","368M","Cuenca","368",1
"ZONTES","368M","Illes Balears","368",1
"ZONTES","368M","Madrid","368",6
"ZONTES","368M","Santa Cruz de Tenerife","368",1
"ZONTES","368M","Sevilla","368",3
"ZONTES","368M","Toledo","368",1
"ZONTES","368M","Zaragoza","368",1
"ZONTES","703F","Alicante/Alacant","699",7
"ZONTES","703F","Almería","699",3
"ZONTES","703F","Asturias","699",5
"ZONTES","703F","Ávila","699",1
"ZONTES","703F","Badajoz","699",2
"ZONTES","703F","Barcelona","699",22
"ZONTES","703F","Bizkaia","699",1
"ZONTES","703F","Burgos","699",3
"ZONTES","703F","Cáceres","699",1
"ZONTES","703F","Cádiz","699",8
"ZONTES","703F","Cantabria","699",1
"ZONTES","703F","Castellón/Castelló","699",2
"ZONTES","703F","Ciudad Real","699",2
"ZONTES","703F","Córdoba","699",1
"ZONTES","703F","Coruña (A)","699",2
"ZONTES","703F","Girona","699",3
"ZONTES","703F","Granada","699",3
"ZONTES","703F","Guadalajara","699",2
"ZONTES","703F","Huelva","699",1
"ZONTES","703F","Huesca","699",1
"ZONTES","703F","Illes Balears","699",2
"ZONTES","703F","Jaén","699",2
"ZONTES","703F","León","699",2
"ZONTES","703F","Lugo","699",1
"ZONTES","703F","Madrid","699",12
"ZONTES","703F","Málaga","699",8
"ZONTES","703F","Murcia","699",6
"ZONTES","703F","Ourense","699",2
"ZONTES","703F","Palencia","699",1
"ZONTES","703F","Rioja (La)","699",1
"ZONTES","703F","Santa Cruz de Tenerife","699",1
"ZONTES","703F","Sevilla","699",7
"ZONTES","703F","Tarragona","699",5
"ZONTES","703F","Toledo","699",2
"ZONTES","703F","Valencia/València","699",3
"ZONTES","703F","Valladolid","699",2
"ZONTES","703F","Zamora","699",1
"ZONTES","703F","Zaragoza","699",5
"ZONTES","703RR","Álava/Araba","699",2
"ZONTES","703RR","Alicante/Alacant","699",8
"ZONTES","703RR","Almería","699",1
"ZONTES","703RR","Asturias","699",8
"ZONTES","703RR","Barcelona","699",27
"ZONTES","703RR","Cáceres","699",1
"ZONTES","703RR","Cádiz","699",5
"ZONTES","703RR","Cantabria","699",3
"ZONTES","703RR","Castellón/Castelló","699",1
"ZONTES","703RR","Ciudad Real","699",1
"ZONTES","703RR","Córdoba","699",4
"ZONTES","703RR","Cuenca","699",1
"ZONTES","703RR","Granada","699",2
"ZONTES","703RR","Illes Balears","699",7
"ZONTES","703RR","León","699",3
"ZONTES","703RR","Madrid","699",17
"ZONTES","703RR","Málaga","699",8
"ZONTES","703RR","Melilla","699",1
"ZONTES","703RR","Murcia","699",3
"ZONTES","703RR","Navarra","699",3
"ZONTES","703RR","Palencia","699",1
"ZONTES","703RR","Palmas (Las)","699",2
"ZONTES","703RR","Pontevedra","699",4
"ZONTES","703RR","Rioja (La)","699",2
"ZONTES","703RR","Salamanca","699",1
"ZONTES","703RR","Santa Cruz de Tenerife","699",3
"ZONTES","703RR","Sevilla","699",6
"ZONTES","703RR","Tarragona","699",3
"ZONTES","703RR","Teruel","699",1
"ZONTES","703RR","Toledo","699",6
"ZONTES","703RR","Valencia/València","699",17
"ZONTES","703RR","Valladolid","699",3
"ZONTES","703RR","Zaragoza","699",2
"ZONTES","E350","Barcelona","349",1
"ZONTES","M125","Cáceres","125",1
"ZONTES","M350","Alicante/Alacant","349",1
"ZONTES","M350","Tarragona","349",1
"ZONTES","T350","Asturias","348",1
"ZONTES","X350","Coruña (A)","348",1
"ZONTES","ZT125-G1","Álava/Araba","125",1
"ZONTES","ZT125-G1","Alicante/Alacant","125",11
"ZONTES","ZT125-G1","Almería","125",2
"ZONTES","ZT125-G1","Badajoz","125",1
"ZONTES","ZT125-G1","Barcelona","125",15
"ZONTES","ZT125-G1","Bizkaia","125",3
"ZONTES","ZT125-G1","Cáceres","125",2
"ZONTES","ZT125-G1","Cádiz","125",5
"ZONTES","ZT125-G1","Castellón/Castelló","125",1
"ZONTES","ZT125-G1","Ciudad Real","125",1
"ZONTES","ZT125-G1","Córdoba","125",1
"ZONTES","ZT125-G1","Coruña (A)","125",2
"ZONTES","ZT125-G1","Girona","125",2
"ZONTES","ZT125-G1","Granada","125",3
"ZONTES","ZT125-G1","Guadalajara","125",1
"ZONTES","ZT125-G1","Huelva","125",1
"ZONTES","ZT125-G1","Illes Balears","125",11
"ZONTES","ZT125-G1","Jaén","125",1
"ZONTES","ZT125-G1","Lleida","125",3
"ZONTES","ZT125-G1","Madrid","125",15
"ZONTES","ZT125-G1","Málaga","125",2
"ZONTES","ZT125-G1","Murcia","125",3
"ZONTES","ZT125-G1","Ourense","125",1
"ZONTES","ZT125-G1","Pontevedra","125",2
"ZONTES","ZT125-G1","Rioja (La)","125",1
"ZONTES","ZT125-G1","Sevilla","125",4
"ZONTES","ZT125-G1","Tarragona","125",1
"ZONTES","ZT125-G1","Valencia/València","125",11
"ZONTES","ZT125-G1","Valladolid","125",1
"ZONTES","ZT125-G1","Zaragoza","125",1
"ZONTES","ZT125-GK","Alicante/Alacant","125",1
"ZONTES","ZT125-GK","Cádiz","125",1
"ZONTES","ZT125-GK","Granada","125",1
"ZONTES","ZT125-U","Albacete","125",3
"ZONTES","ZT125-U","Almería","125",1
"ZONTES","ZT125-U","Barcelona","125",10
"ZONTES","ZT125-U","Bizkaia","125",2
"ZONTES","ZT125-U","Cádiz","125",1
"ZONTES","ZT125-U","Castellón/Castelló","125",1
"ZONTES","ZT125-U","Coruña (A)","125",1
"ZONTES","ZT125-U","Girona","125",1
"ZONTES","ZT125-U","Guadalajara","125",2
"ZONTES","ZT125-U","Illes Balears","125",3
"ZONTES","ZT125-U","Madrid","125",6
"ZONTES","ZT125-U","Málaga","125",4
"ZONTES","ZT125-U","Murcia","125",1
"ZONTES","ZT125-U","Santa Cruz de Tenerife","125",2
"ZONTES","ZT125-U","Sevilla","125",1
"ZONTES","ZT125-U","Tarragona","125",1
"ZONTES","ZT125-U","Toledo","125",1
"ZONTES","ZT125-U","Valencia/València","125",5
"ZONTES","ZT125-U","Zaragoza","125",1
"ZONTES","ZT125-U1","Alicante/Alacant","125",2
"ZONTES","ZT125-U1","Almería","125",1
"ZONTES","ZT125-U1","Asturias","125",1
"ZONTES","ZT125-U1","Barcelona","125",3
"ZONTES","ZT125-U1","Cantabria","125",1
"ZONTES","ZT125-U1","Castellón/Castelló","125",1
"ZONTES","ZT125-U1","Granada","125",1
"ZONTES","ZT125-U1","Illes Balears","125",1
"ZONTES","ZT125-U1","Jaén","125",1
"ZONTES","ZT125-U1","Lleida","125",2
"ZONTES","ZT125-U1","Madrid","125",2
"ZONTES","ZT125-U1","Málaga","125",2
"ZONTES","ZT125-U1","Murcia","125",3
"ZONTES","ZT125-U1","Ourense","125",1
"ZONTES","ZT125-U1","Santa Cruz de Tenerife","125",1
"ZONTES","ZT125-U1","Valencia/València","125",3
"ZONTES","ZT125-U1","Zaragoza","125",1
"ZONTES","ZT125-Z2","Alicante/Alacant","125",5
"ZONTES","ZT125-Z2","Almería","125",2
"ZONTES","ZT125-Z2","Barcelona","125",9
"ZONTES","ZT125-Z2","Cáceres","125",1
"ZONTES","ZT125-Z2","Gipuzkoa","125",1
"ZONTES","ZT125-Z2","Girona","125",2
"ZONTES","ZT125-Z2","Granada","125",1
"ZONTES","ZT125-Z2","Huelva","125",1
"ZONTES","ZT125-Z2","Illes Balears","125",8
"ZONTES","ZT125-Z2","Madrid","125",12
"ZONTES","ZT125-Z2","Málaga","125",7
"ZONTES","ZT125-Z2","Murcia","125",5
"ZONTES","ZT125-Z2","Navarra","125",1
"ZONTES","ZT125-Z2","Pontevedra","125",1
"ZONTES","ZT125-Z2","Salamanca","125",1
"ZONTES","ZT125-Z2","Santa Cruz de Tenerife","125",6
"ZONTES","ZT125-Z2","Sevilla","125",2
"ZONTES","ZT125-Z2","Valencia/València","125",6
"ZONTES","ZT125-Z2","Valladolid","125",2
