MARCA_ITV,MODELO_ITV,PROVINCIA_VEH,CILINDRADA_ITV,COUNT
"AJP","AJP PR7","Alicante/Alacant","600",2
"AJP","AJP PR7","Almería","600",1
"AJP","AJP PR7","Barcelona","600",2
"AJP","AJP PR7","Ceuta","600",1
"AJP","AJP PR7","Girona","600",1
"AJP","AJP PR7","Illes Balears","600",1
"AJP","AJP PR7","León","600",1
"AJP","AJP PR7","Murcia","600",2
"AJP","AJP PR7","Sevilla","600",1
"AJP","SPR 125 ENDURO","Sevilla","124",1
"ALPINA DI RENANIA","STRADA 125CC","Barcelona","125",1
"ALPINA DI RENANIA","STRADA 125CC","Girona","125",1
"ANDES","U3 (125)","Asturias","124",1
"ANDES","U3 (125)","Barcelona","124",3
"ANDES","U3 (125)","Pontevedra","124",2
"APRILIA","RS 125","Alicante/Alacant","124",1
"APRILIA","RS 125","Almería","124",1
"APRILIA","RS 125","Barcelona","124",2
"APRILIA","RS 125","Castellón/Castelló","124",1
"APRILIA","RS 125","Coruña (A)","124",1
"APRILIA","RS 125","Girona","124",1
"APRILIA","RS 125","Lleida","124",1
"APRILIA","RS 125","Madrid","124",1
"APRILIA","RS 125","Málaga","124",1
"APRILIA","RS 125","Palmas (Las)","124",1
"APRILIA","RS 125","Santa Cruz de Tenerife","124",1
"APRILIA","RS 125","Sevilla","124",1
"APRILIA","RS 125","Valencia/València","124",3
"APRILIA","RS 250","Valencia/València","249",1
"APRILIA","RS 457","Alicante/Alacant","457",1
"APRILIA","RS 457","Almería","457",1
"APRILIA","RS 457","Barcelona","457",2
"APRILIA","RS 457","Bizkaia","457",1
"APRILIA","RS 457","Illes Balears","457",2
"APRILIA","RS 457","Lleida","457",1
"APRILIA","RS 457","Madrid","457",4
"APRILIA","RS 457","Murcia","457",1
"APRILIA","RS 457","Palmas (Las)","457",1
"APRILIA","RS 457","Sevilla","457",1
"APRILIA","RS 457","Valencia/València","457",1
"APRILIA","RS 457","Zaragoza","457",1
"APRILIA","RS 660","Alicante/Alacant","659",1
"APRILIA","RS 660","Barcelona","659",8
"APRILIA","RS 660","Bizkaia","659",2
"APRILIA","RS 660","Cádiz","659",1
"APRILIA","RS 660","Coruña (A)","659",1
"APRILIA","RS 660","Illes Balears","659",2
"APRILIA","RS 660","Madrid","659",1
"APRILIA","RS 660","Málaga","659",3
"APRILIA","RS 660","Murcia","659",2
"APRILIA","RS 660","Palmas (Las)","659",2
"APRILIA","RS 660","Santa Cruz de Tenerife","659",1
"APRILIA","RS 660","Sevilla","659",3
"APRILIA","RS 660","Valencia/València","659",1
"APRILIA","RS 660","Zaragoza","659",1
"APRILIA","RSV4","Albacete","1099",1
"APRILIA","RSV4","Barcelona","1099",2
"APRILIA","RSV4","Coruña (A)","1099",2
"APRILIA","RSV4","Girona","1099",1
"APRILIA","RSV4","Murcia","1099",1
"APRILIA","RSV4","Ourense","1099",1
"APRILIA","RSV4","Sevilla","1099",1
"APRILIA","RSV4","Valencia/València","1099",1
"APRILIA","RX 125","Alicante/Alacant","124",1
"APRILIA","RX 125","Almería","124",1
"APRILIA","RX 125","Ávila","124",1
"APRILIA","RX 125","Badajoz","124",1
"APRILIA","RX 125","Cádiz","124",1
"APRILIA","RX 125","Córdoba","124",3
"APRILIA","RX 125","Granada","124",1
"APRILIA","RX 125","León","124",1
"APRILIA","RX 125","Lleida","124",1
"APRILIA","RX 125","Madrid","124",1
"APRILIA","RX 125","Málaga","124",1
"APRILIA","RX 125","Murcia","124",1
"APRILIA","RX 125","Sevilla","124",3
"APRILIA","RX 125","Toledo","124",1
"APRILIA","RX 125","Valladolid","124",1
"APRILIA","RX 125","Zaragoza","124",1
"APRILIA","SR GT 125","Albacete","125",3
"APRILIA","SR GT 125","Alicante/Alacant","125",13
"APRILIA","SR GT 125","Asturias","125",3
"APRILIA","SR GT 125","Barcelona","125",33
"APRILIA","SR GT 125","Bizkaia","125",2
"APRILIA","SR GT 125","Burgos","125",1
"APRILIA","SR GT 125","Cáceres","125",1
"APRILIA","SR GT 125","Cádiz","125",24
"APRILIA","SR GT 125","Cantabria","125",4
"APRILIA","SR GT 125","Castellón/Castelló","125",1
"APRILIA","SR GT 125","Ciudad Real","125",1
"APRILIA","SR GT 125","Córdoba","125",6
"APRILIA","SR GT 125","Gipuzkoa","125",2
"APRILIA","SR GT 125","Girona","125",4
"APRILIA","SR GT 125","Granada","125",5
"APRILIA","SR GT 125","Huelva","125",3
"APRILIA","SR GT 125","Huesca","125",1
"APRILIA","SR GT 125","Illes Balears","125",13
"APRILIA","SR GT 125","Jaén","125",1
"APRILIA","SR GT 125","León","125",1
"APRILIA","SR GT 125","Lleida","125",1
"APRILIA","SR GT 125","Madrid","125",7
"APRILIA","SR GT 125","Málaga","125",20
"APRILIA","SR GT 125","Murcia","125",4
"APRILIA","SR GT 125","Navarra","125",1
"APRILIA","SR GT 125","Palmas (Las)","125",8
"APRILIA","SR GT 125","Pontevedra","125",3
"APRILIA","SR GT 125","Rioja (La)","125",1
"APRILIA","SR GT 125","Santa Cruz de Tenerife","125",10
"APRILIA","SR GT 125","Sevilla","125",10
"APRILIA","SR GT 125","Tarragona","125",3
"APRILIA","SR GT 125","Valencia/València","125",11
"APRILIA","SR GT 125","Zaragoza","125",1
"APRILIA","SR GT 200","Albacete","174",1
"APRILIA","SR GT 200","Alicante/Alacant","174",1
"APRILIA","SR GT 200","Barcelona","174",1
"APRILIA","SR GT 200","Bizkaia","174",1
"APRILIA","SR GT 200","Burgos","174",1
"APRILIA","SR GT 200","Cádiz","174",1
"APRILIA","SR GT 200","Castellón/Castelló","174",1
"APRILIA","SR GT 200","Coruña (A)","174",1
"APRILIA","SR GT 200","Granada","174",1
"APRILIA","SR GT 200","Jaén","174",1
"APRILIA","SR GT 200","Málaga","174",2
"APRILIA","SR GT 200","Santa Cruz de Tenerife","174",1
"APRILIA","SR GT 200","Tarragona","174",1
"APRILIA","SR GT 200","Toledo","174",1
"APRILIA","SR GT 200","Valencia/València","174",1
"APRILIA","SX 125","Alicante/Alacant","124",1
"APRILIA","SX 125","Cádiz","124",1
"APRILIA","SX 125","Córdoba","124",1
"APRILIA","SX 125","Cuenca","124",1
"APRILIA","SX 125","Illes Balears","124",1
"APRILIA","SX 125","Madrid","124",2
"APRILIA","SX 125","Málaga","124",4
"APRILIA","SX 125","Murcia","124",1
"APRILIA","SX 125","Santa Cruz de Tenerife","124",2
"APRILIA","SX 125","Valencia/València","124",4
"APRILIA","SX 125","Zaragoza","124",1
"APRILIA","TUAREG 660","Albacete","659",1
"APRILIA","TUAREG 660","Barcelona","659",2
"APRILIA","TUAREG 660","Bizkaia","659",1
"APRILIA","TUAREG 660","Cádiz","659",2
"APRILIA","TUAREG 660","Granada","659",2
"APRILIA","TUAREG 660","Huelva","659",1
"APRILIA","TUAREG 660","Jaén","659",1
"APRILIA","TUAREG 660","Madrid","659",2
"APRILIA","TUAREG 660","Palmas (Las)","659",1
"APRILIA","TUAREG 660","Santa Cruz de Tenerife","659",1
"APRILIA","TUAREG 660","Valladolid","659",1
"APRILIA","TUONO 125","Alicante/Alacant","124",2
"APRILIA","TUONO 125","Cádiz","124",1
"APRILIA","TUONO 125","Navarra","124",1
"APRILIA","TUONO 125","Palmas (Las)","124",1
"APRILIA","TUONO 125","Valencia/València","124",1
"APRILIA","TUONO 457","Albacete","457",1
"APRILIA","TUONO 457","Navarra","457",1
"APRILIA","TUONO 457","Palmas (Las)","457",1
"APRILIA","TUONO 457","Santa Cruz de Tenerife","457",1
"APRILIA","TUONO 457","Valencia/València","457",2
"APRILIA","TUONO 660","Tarragona","659",1
"APRILIA","TUONO 660 FACTORY","Castellón/Castelló","659",1
"APRILIA","TUONO 660 FACTORY","Valencia/València","659",1
"APRILIA","TUONO V4","Cantabria","1077",1
"APRILIA","TUONO V4","Granada","1077",1
"APRILIA","TUONO V4","Palmas (Las)","1077",1
"ARIIC","ARIIC 108","Almería","117",1
"ARIIC","ARIIC 108","Cádiz","117",2
"ARIIC","ARIIC 108","Huelva","117",1
"ARIIC","ARIIC 108","Málaga","117",5
"ARIIC","ARIIC 108","Sevilla","117",1
"ARIIC","ARIIC 108","Valencia/València","117",2
"ARIIC","ARIIC 108","Zaragoza","117",1
"ARIIC","ARIIC 318","Alicante/Alacant","276",2
"ARIIC","ARIIC 318","Barcelona","276",1
"ARIIC","ARIIC 318","Bizkaia","276",2
"ARIIC","ARIIC 318","Castellón/Castelló","276",1
"ARIIC","ARIIC 318","Sevilla","276",1
"BAJAJ","DOMINAR D 400","Almería","373",1
"BAJAJ","DOMINAR D 400","Barcelona","373",2
"BAJAJ","DOMINAR D 400","Bizkaia","373",2
"BAJAJ","DOMINAR D 400","Huelva","373",1
"BAJAJ","DOMINAR D 400","Madrid","373",2
"BAJAJ","DOMINAR D 400","Málaga","373",2
"BAJAJ","DOMINAR D 400","Toledo","373",1
"BAJAJ","DOMINAR D 400","Valencia/València","373",2
"BAJAJ","PULSAR NS 125","Alicante/Alacant","124",3
"BAJAJ","PULSAR NS 125","Almería","124",1
"BAJAJ","PULSAR NS 125","Barcelona","124",14
"BAJAJ","PULSAR NS 125","Castellón/Castelló","124",3
"BAJAJ","PULSAR NS 125","Girona","124",2
"BAJAJ","PULSAR NS 125","Granada","124",3
"BAJAJ","PULSAR NS 125","Huelva","124",1
"BAJAJ","PULSAR NS 125","Jaén","124",1
"BAJAJ","PULSAR NS 125","Madrid","124",12
"BAJAJ","PULSAR NS 125","Málaga","124",2
"BAJAJ","PULSAR NS 125","Pontevedra","124",1
"BAJAJ","PULSAR NS 125","Sevilla","124",1
"BAJAJ","PULSAR NS 125","Valencia/València","124",1
"BAJAJ","PULSAR NS 125","Zaragoza","124",1
"BAJAJ","PULSAR NS 400 Z","Alicante/Alacant","373",1
"BAJAJ","PULSAR NS 400 Z","Almería","373",1
"BAJAJ","PULSAR NS 400 Z","Badajoz","373",1
"BAJAJ","PULSAR NS 400 Z","Barcelona","373",8
"BAJAJ","PULSAR NS 400 Z","Bizkaia","373",5
"BAJAJ","PULSAR NS 400 Z","Cádiz","373",1
"BAJAJ","PULSAR NS 400 Z","Castellón/Castelló","373",1
"BAJAJ","PULSAR NS 400 Z","Coruña (A)","373",1
"BAJAJ","PULSAR NS 400 Z","Gipuzkoa","373",2
"BAJAJ","PULSAR NS 400 Z","Granada","373",2
"BAJAJ","PULSAR NS 400 Z","Madrid","373",9
"BAJAJ","PULSAR NS 400 Z","Málaga","373",2
"BAJAJ","PULSAR NS 400 Z","Murcia","373",3
"BAJAJ","PULSAR NS 400 Z","Pontevedra","373",1
"BAJAJ","PULSAR NS 400 Z","Rioja (La)","373",1
"BAJAJ","PULSAR NS 400 Z","Sevilla","373",1
"BAJAJ","PULSAR NS 400 Z","Toledo","373",1
"BAJAJ","PULSAR NS 400 Z","Valencia/València","373",2
"BAJAJ","PULSAR NS 400 Z","Zaragoza","373",1
"BENDA","BENDA 302","Barcelona","298",1
"BENDA","BENDA 302","Tarragona","298",1
"BENDA","CHINCHILLA","Almería","476",1
"BENDA","CHINCHILLA","Badajoz","476",1
"BENDA","CHINCHILLA","Barcelona","476",6
"BENDA","CHINCHILLA","Bizkaia","476",1
"BENDA","CHINCHILLA","Cantabria","476",1
"BENDA","CHINCHILLA","Girona","476",1
"BENDA","CHINCHILLA","Huelva","476",1
"BENDA","CHINCHILLA","Madrid","476",5
"BENDA","CHINCHILLA","Málaga","476",2
"BENDA","CHINCHILLA","Murcia","476",3
"BENDA","CHINCHILLA","Santa Cruz de Tenerife","476",1
"BENDA","CHINCHILLA","Sevilla","476",1
"BENDA","CHINCHILLA","Toledo","476",1
"BENDA","CHINCHILLA","Valencia/València","476",2
"BENDA","CHINCHILLA","Valladolid","476",1
"BENDA","CHINCHILLA","Zaragoza","476",1
"BENDA","LFC700","Barcelona","677",5
"BENDA","LFC700","Girona","677",1
"BENDA","LFC700","Madrid","677",1
"BENDA","LFC700","Murcia","677",1
"BENDA","LFC700","Navarra","677",1
"BENDA","LFC700","Palmas (Las)","677",1
"BENDA","LFC700","Tarragona","677",1
"BENDA","LFC700","Valladolid","677",1
"BENDA","NAPOLEON","Almería","476",1
"BENDA","NAPOLEON","Barcelona","476",2
"BENDA","NAPOLEON","Cantabria","476",1
"BENDA","NAPOLEON","Huelva","476",1
"BENDA","NAPOLEON","Madrid","476",4
"BENDA","NAPOLEON","Pontevedra","476",1
"BENDA","NAPOLEON","Valencia/València","476",2
"BENDA","NAPOLEON","Zaragoza","476",1
"BENDA","V-CRUISE","Alicante/Alacant","125",3
"BENDA","V-CRUISE","Almería","125",1
"BENDA","V-CRUISE","Badajoz","125",1
"BENDA","V-CRUISE","Barcelona","125",3
"BENDA","V-CRUISE","Bizkaia","125",1
"BENDA","V-CRUISE","Cádiz","125",3
"BENDA","V-CRUISE","Cantabria","125",1
"BENDA","V-CRUISE","Castellón/Castelló","125",3
"BENDA","V-CRUISE","Ciudad Real","125",1
"BENDA","V-CRUISE","Coruña (A)","125",1
"BENDA","V-CRUISE","Girona","125",2
"BENDA","V-CRUISE","Illes Balears","125",1
"BENDA","V-CRUISE","León","125",1
"BENDA","V-CRUISE","Lleida","125",1
"BENDA","V-CRUISE","Madrid","125",13
"BENDA","V-CRUISE","Málaga","125",8
"BENDA","V-CRUISE","Navarra","125",1
"BENDA","V-CRUISE","Palmas (Las)","125",1
"BENDA","V-CRUISE","Santa Cruz de Tenerife","125",1
"BENDA","V-CRUISE","Soria","125",1
"BENDA","V-CRUISE","Tarragona","125",3
"BENDA","V-CRUISE","Valencia/València","125",6
"BENDA","V-CRUISE","Zaragoza","125",1
"BENELLI","502C CRUISER","Asturias","500",1
"BENELLI","502C CRUISER","Córdoba","500",1
"BENELLI","BN125","Alicante/Alacant","125",1
"BENELLI","BN125","Almería","125",2
"BENELLI","BN125","Badajoz","125",3
"BENELLI","BN125","Barcelona","125",2
"BENELLI","BN125","Cantabria","125",2
"BENELLI","BN125","Castellón/Castelló","125",2
"BENELLI","BN125","Ciudad Real","125",1
"BENELLI","BN125","Córdoba","125",2
"BENELLI","BN125","Granada","125",1
"BENELLI","BN125","Jaén","125",3
"BENELLI","BN125","León","125",1
"BENELLI","BN125","Lugo","125",1
"BENELLI","BN125","Madrid","125",3
"BENELLI","BN125","Málaga","125",3
"BENELLI","BN125","Murcia","125",3
"BENELLI","BN125","Navarra","125",1
"BENELLI","BN125","Palencia","125",1
"BENELLI","BN125","Pontevedra","125",1
"BENELLI","BN125","Rioja (La)","125",1
"BENELLI","BN125","Santa Cruz de Tenerife","125",1
"BENELLI","BN125","Segovia","125",1
"BENELLI","BN125","Tarragona","125",2
"BENELLI","BN125","Toledo","125",1
"BENELLI","BN125","Valencia/València","125",4
"BENELLI","BN125","Zaragoza","125",1
"BENELLI","IMPERIALE 400","Cádiz","374",1
"BENELLI","LEONCINO 125","Barcelona","125",1
"BENELLI","LEONCINO 125","Cádiz","125",1
"BENELLI","LEONCINO 125","León","125",1
"BENELLI","LEONCINO 125","Navarra","125",1
"BENELLI","LEONCINO 125","Palmas (Las)","125",1
"BENELLI","LEONCINO 125","Sevilla","125",3
"BENELLI","LEONCINO 125","Valencia/València","125",1
"BENELLI","LEONCINO 500 TRAIL","Asturias","500",2
"BENELLI","LEONCINO 500 TRAIL","Madrid","500",1
"BENELLI","LEONCINO 800","Badajoz","754",1
"BENELLI","LEONCINO 800","Barcelona","754",1
"BENELLI","LEONCINO 800","Madrid","754",1
"BENELLI","LEONCINO 800","Santa Cruz de Tenerife","754",1
"BENELLI","LEONCINO 800 TRAIL","Gipuzkoa","754",1
"BENELLI","LEONCINO 800 TRAIL","Toledo","754",1
"BENELLI","TNT 125","Palmas (Las)","125",2
"BENELLI","TNT 125","Santa Cruz de Tenerife","125",2
"BENELLI","TNT 125","Sevilla","125",1
"BENELLI","TNT 125","Zaragoza","125",1
"BENELLI","TORNADO 550 35KW","Coruña (A)","554",1
"BENELLI","TORNADO 550 35KW","Toledo","554",1
"BENELLI","TRK 251","Barcelona","249",1
"BENELLI","TRK 502 X","Barcelona","500",1
"BENELLI","TRK 502 X","Sevilla","500",1
"BENELLI","TRK 702","Alicante/Alacant","698",7
"BENELLI","TRK 702","Almería","698",2
"BENELLI","TRK 702","Asturias","698",2
"BENELLI","TRK 702","Badajoz","698",5
"BENELLI","TRK 702","Barcelona","698",7
"BENELLI","TRK 702","Bizkaia","698",1
"BENELLI","TRK 702","Cáceres","698",1
"BENELLI","TRK 702","Cádiz","698",1
"BENELLI","TRK 702","Cantabria","698",1
"BENELLI","TRK 702","Córdoba","698",1
"BENELLI","TRK 702","Coruña (A)","698",2
"BENELLI","TRK 702","Granada","698",2
"BENELLI","TRK 702","Huelva","698",2
"BENELLI","TRK 702","Illes Balears","698",1
"BENELLI","TRK 702","Jaén","698",1
"BENELLI","TRK 702","León","698",3
"BENELLI","TRK 702","Madrid","698",6
"BENELLI","TRK 702","Málaga","698",4
"BENELLI","TRK 702","Murcia","698",4
"BENELLI","TRK 702","Navarra","698",1
"BENELLI","TRK 702","Pontevedra","698",3
"BENELLI","TRK 702","Rioja (La)","698",2
"BENELLI","TRK 702","Segovia","698",1
"BENELLI","TRK 702","Sevilla","698",4
"BENELLI","TRK 702","Soria","698",1
"BENELLI","TRK 702","Valencia/València","698",2
"BENELLI","TRK 702","Valladolid","698",2
"BENELLI","TRK 702","Zamora","698",1
"BENELLI","TRK 702","Zaragoza","698",1
"BENELLI","TRK502","Badajoz","500",1
"BENELLI","TRK502","Coruña (A)","500",1
"BENELLI","TRK502","Murcia","500",1
"BETA","N/A","Alicante/Alacant","125",1
"BETA","N/A","Asturias","125",1
"BETA","N/A","Badajoz","125",2
"BETA","N/A","Barcelona","125",12
"BETA","N/A","Bizkaia","125",2
"BETA","N/A","Cádiz","125",2
"BETA","N/A","Cantabria","125",1
"BETA","N/A","Coruña (A)","125",2
"BETA","N/A","Girona","125",3
"BETA","N/A","Granada","125",1
"BETA","N/A","Huelva","125",1
"BETA","N/A","Illes Balears","125",1
"BETA","N/A","Jaén","125",2
"BETA","N/A","León","125",1
"BETA","N/A","Lleida","125",1
"BETA","N/A","Lugo","125",1
"BETA","N/A","Madrid","125",5
"BETA","N/A","Navarra","125",1
"BETA","N/A","Palmas (Las)","125",1
"BETA","N/A","Rioja (La)","125",1
"BETA","N/A","Santa Cruz de Tenerife","125",1
"BETA","N/A","Soria","125",1
"BETA","N/A","Valencia/València","125",1
"BETA","N/A","Valladolid","125",3
"BETA","N/A","Zaragoza","125",1
"BETA","RR 4T 125 T MY23 MOTAR","Castellón/Castelló","125",1
"BETA","RR 4T 350 MY24","Toledo","349",1
"BMW","C 400 GT","Álava/Araba","350",1
"BMW","C 400 GT","Alicante/Alacant","350",3
"BMW","C 400 GT","Asturias","350",2
"BMW","C 400 GT","Badajoz","350",1
"BMW","C 400 GT","Barcelona","350",8
"BMW","C 400 GT","Bizkaia","350",2
"BMW","C 400 GT","Cádiz","350",2
"BMW","C 400 GT","Castellón/Castelló","350",1
"BMW","C 400 GT","Granada","350",2
"BMW","C 400 GT","Huelva","350",1
"BMW","C 400 GT","Huesca","350",1
"BMW","C 400 GT","Illes Balears","350",4
"BMW","C 400 GT","Jaén","350",1
"BMW","C 400 GT","Lleida","350",1
"BMW","C 400 GT","Madrid","350",11
"BMW","C 400 GT","Málaga","350",3
"BMW","C 400 GT","Murcia","350",2
"BMW","C 400 GT","Navarra","350",1
"BMW","C 400 GT","Pontevedra","350",4
"BMW","C 400 GT","Santa Cruz de Tenerife","350",3
"BMW","C 400 GT","Sevilla","350",4
"BMW","C 400 GT","Tarragona","350",2
"BMW","C 400 GT","Valencia/València","350",5
"BMW","C 400 GT","Zaragoza","350",3
"BMW","C 400 X","Alicante/Alacant","350",1
"BMW","C 400 X","Asturias","350",2
"BMW","C 400 X","Badajoz","350",1
"BMW","C 400 X","Barcelona","350",6
"BMW","C 400 X","Bizkaia","350",1
"BMW","C 400 X","Burgos","350",1
"BMW","C 400 X","Ceuta","350",1
"BMW","C 400 X","Córdoba","350",1
"BMW","C 400 X","Girona","350",2
"BMW","C 400 X","Illes Balears","350",4
"BMW","C 400 X","Madrid","350",8
"BMW","C 400 X","Málaga","350",4
"BMW","C 400 X","Murcia","350",4
"BMW","C 400 X","Palmas (Las)","350",3
"BMW","C 400 X","Santa Cruz de Tenerife","350",1
"BMW","C 400 X","Sevilla","350",1
"BMW","C 400 X","Tarragona","350",3
"BMW","C 400 X","Valencia/València","350",3
"BMW","C 400 X","Zaragoza","350",2
"BMW","F 800 GS","Albacete","895",1
"BMW","F 800 GS","Alicante/Alacant","895",3
"BMW","F 800 GS","Almería","895",1
"BMW","F 800 GS","Ávila","895",1
"BMW","F 800 GS","Barcelona","895",38
"BMW","F 800 GS","Bizkaia","895",3
"BMW","F 800 GS","Burgos","895",1
"BMW","F 800 GS","Cádiz","895",2
"BMW","F 800 GS","Cantabria","895",1
"BMW","F 800 GS","Castellón/Castelló","895",2
"BMW","F 800 GS","Córdoba","895",1
"BMW","F 800 GS","Girona","895",1
"BMW","F 800 GS","Granada","895",2
"BMW","F 800 GS","Guadalajara","895",1
"BMW","F 800 GS","Huesca","895",1
"BMW","F 800 GS","Illes Balears","895",3
"BMW","F 800 GS","León","895",2
"BMW","F 800 GS","Madrid","895",13
"BMW","F 800 GS","Málaga","895",6
"BMW","F 800 GS","Murcia","895",6
"BMW","F 800 GS","Ourense","895",1
"BMW","F 800 GS","Palencia","895",1
"BMW","F 800 GS","Palmas (Las)","895",1
"BMW","F 800 GS","Pontevedra","895",1
"BMW","F 800 GS","Salamanca","895",1
"BMW","F 800 GS","Santa Cruz de Tenerife","895",2
"BMW","F 800 GS","Sevilla","895",4
"BMW","F 800 GS","Soria","895",1
"BMW","F 800 GS","Tarragona","895",5
"BMW","F 800 GS","Valencia/València","895",12
"BMW","F 800 GS","Zaragoza","895",1
"BMW","F 900 GS","Albacete","895",2
"BMW","F 900 GS","Alicante/Alacant","895",1
"BMW","F 900 GS","Almería","895",1
"BMW","F 900 GS","Barcelona","895",4
"BMW","F 900 GS","Cantabria","895",1
"BMW","F 900 GS","Ceuta","895",2
"BMW","F 900 GS","Girona","895",2
"BMW","F 900 GS","Granada","895",1
"BMW","F 900 GS","Guadalajara","895",1
"BMW","F 900 GS","Madrid","895",10
"BMW","F 900 GS","Málaga","895",3
"BMW","F 900 GS","Santa Cruz de Tenerife","895",1
"BMW","F 900 GS","Tarragona","895",2
"BMW","F 900 GS","Valencia/València","895",1
"BMW","F 900 GS","Zaragoza","895",1
"BMW","F 900 GS ADVENTURE","Alicante/Alacant","895",1
"BMW","F 900 GS ADVENTURE","Asturias","895",1
"BMW","F 900 GS ADVENTURE","Barcelona","895",4
"BMW","F 900 GS ADVENTURE","Bizkaia","895",1
"BMW","F 900 GS ADVENTURE","Burgos","895",2
"BMW","F 900 GS ADVENTURE","Cádiz","895",3
"BMW","F 900 GS ADVENTURE","Cantabria","895",1
"BMW","F 900 GS ADVENTURE","Ciudad Real","895",1
"BMW","F 900 GS ADVENTURE","Córdoba","895",1
"BMW","F 900 GS ADVENTURE","Gipuzkoa","895",1
"BMW","F 900 GS ADVENTURE","Girona","895",1
"BMW","F 900 GS ADVENTURE","Granada","895",2
"BMW","F 900 GS ADVENTURE","Jaén","895",2
"BMW","F 900 GS ADVENTURE","Madrid","895",9
"BMW","F 900 GS ADVENTURE","Málaga","895",3
"BMW","F 900 GS ADVENTURE","Murcia","895",1
"BMW","F 900 GS ADVENTURE","Ourense","895",1
"BMW","F 900 GS ADVENTURE","Santa Cruz de Tenerife","895",2
"BMW","F 900 GS ADVENTURE","Sevilla","895",1
"BMW","F 900 GS ADVENTURE","Valencia/València","895",1
"BMW","F 900 GS ADVENTURE","Zaragoza","895",1
"BMW","F 900 R","Almería","895",1
"BMW","F 900 R","Badajoz","895",1
"BMW","F 900 R","Barcelona","895",7
"BMW","F 900 R","Burgos","895",1
"BMW","F 900 R","Cáceres","895",1
"BMW","F 900 R","Cádiz","895",1
"BMW","F 900 R","Cantabria","895",1
"BMW","F 900 R","Ciudad Real","895",1
"BMW","F 900 R","Girona","895",2
"BMW","F 900 R","Granada","895",1
"BMW","F 900 R","Guadalajara","895",1
"BMW","F 900 R","Jaén","895",1
"BMW","F 900 R","León","895",1
"BMW","F 900 R","Lleida","895",1
"BMW","F 900 R","Madrid","895",10
"BMW","F 900 R","Málaga","895",1
"BMW","F 900 R","Murcia","895",2
"BMW","F 900 R","Palencia","895",1
"BMW","F 900 R","Palmas (Las)","895",1
"BMW","F 900 R","Pontevedra","895",2
"BMW","F 900 R","Santa Cruz de Tenerife","895",1
"BMW","F 900 R","Tarragona","895",2
"BMW","F 900 R","Teruel","895",1
"BMW","F 900 R","Toledo","895",1
"BMW","F 900 R","Valencia/València","895",4
"BMW","F 900 R","Zaragoza","895",1
"BMW","F 900 R A2","Asturias","895",1
"BMW","F 900 R A2","Barcelona","895",2
"BMW","F 900 R A2","Cádiz","895",2
"BMW","F 900 R A2","Castellón/Castelló","895",1
"BMW","F 900 R A2","Ciudad Real","895",1
"BMW","F 900 R A2","Girona","895",1
"BMW","F 900 R A2","Granada","895",1
"BMW","F 900 R A2","Guadalajara","895",1
"BMW","F 900 R A2","Huelva","895",1
"BMW","F 900 R A2","León","895",1
"BMW","F 900 R A2","Madrid","895",1
"BMW","F 900 R A2","Málaga","895",1
"BMW","F 900 R A2","Santa Cruz de Tenerife","895",2
"BMW","F 900 R A2","Sevilla","895",1
"BMW","F 900 R A2","Teruel","895",1
"BMW","F 900 R A2","Valencia/València","895",3
"BMW","F 900 XR","Álava/Araba","895",1
"BMW","F 900 XR","Asturias","895",1
"BMW","F 900 XR","Barcelona","895",19
"BMW","F 900 XR","Bizkaia","895",3
"BMW","F 900 XR","Cádiz","895",4
"BMW","F 900 XR","Cantabria","895",2
"BMW","F 900 XR","Castellón/Castelló","895",1
"BMW","F 900 XR","Córdoba","895",3
"BMW","F 900 XR","Coruña (A)","895",1
"BMW","F 900 XR","Gipuzkoa","895",1
"BMW","F 900 XR","Girona","895",5
"BMW","F 900 XR","Granada","895",2
"BMW","F 900 XR","Huelva","895",1
"BMW","F 900 XR","Illes Balears","895",2
"BMW","F 900 XR","León","895",1
"BMW","F 900 XR","Lleida","895",2
"BMW","F 900 XR","Madrid","895",13
"BMW","F 900 XR","Málaga","895",1
"BMW","F 900 XR","Murcia","895",1
"BMW","F 900 XR","Pontevedra","895",1
"BMW","F 900 XR","Sevilla","895",3
"BMW","F 900 XR","Tarragona","895",6
"BMW","F 900 XR","Toledo","895",1
"BMW","F 900 XR","Valencia/València","895",8
"BMW","F 900 XR","Valladolid","895",1
"BMW","F 900 XR","Zaragoza","895",1
"BMW","F 900 XR A2","Alicante/Alacant","895",1
"BMW","F 900 XR A2","Barcelona","895",1
"BMW","F 900 XR A2","Bizkaia","895",1
"BMW","F 900 XR A2","Cantabria","895",1
"BMW","F 900 XR A2","Ciudad Real","895",1
"BMW","F 900 XR A2","León","895",1
"BMW","F 900 XR A2","Málaga","895",1
"BMW","F 900 XR A2","Santa Cruz de Tenerife","895",1
"BMW","F 900 XR A2","Sevilla","895",1
"BMW","F 900 XR A2","Tarragona","895",1
"BMW","G 310 GS","Barcelona","313",1
"BMW","G 310 GS","Cantabria","313",1
"BMW","G 310 GS","Castellón/Castelló","313",1
"BMW","G 310 GS","León","313",1
"BMW","G 310 GS","Málaga","313",1
"BMW","G 310 GS","Soria","313",1
"BMW","G 310 GS","Zaragoza","313",1
"BMW","G 310 R","Barcelona","313",1
"BMW","G 310 R","Coruña (A)","313",1
"BMW","G 310 R","Murcia","313",1
"BMW","G 310 R","Santa Cruz de Tenerife","313",1
"BMW","G 310 R","Zaragoza","313",1
"BMW","K 1600 B","Gipuzkoa","1649",1
"BMW","K 1600 B","Madrid","1649",2
"BMW","K 1600 B","Málaga","1649",1
"BMW","K 1600 GT","Madrid","1649",2
"BMW","K 1600 GT","Pontevedra","1649",1
"BMW","K 1600 GT","Toledo","1649",1
"BMW","K 1600 GT","Zaragoza","1649",1
"BMW","K 1600 GTL","Gipuzkoa","1649",1
"BMW","K 1600 GTL","Madrid","1649",1
"BMW","M 1000 R","Asturias","999",1
"BMW","M 1000 R","Barcelona","999",2
"BMW","M 1000 R","Palmas (Las)","999",1
"BMW","M 1000 R","Santa Cruz de Tenerife","999",2
"BMW","M 1000 XR","Álava/Araba","999",1
"BMW","M 1000 XR","Alicante/Alacant","999",1
"BMW","M 1000 XR","Almería","999",1
"BMW","M 1000 XR","Barcelona","999",3
"BMW","M 1000 XR","Gipuzkoa","999",2
"BMW","M 1000 XR","Granada","999",1
"BMW","M 1000 XR","Madrid","999",5
"BMW","M 1000 XR","Málaga","999",4
"BMW","M 1000 XR","Murcia","999",1
"BMW","M 1000 XR","Navarra","999",1
"BMW","M 1000 XR","Ourense","999",1
"BMW","M 1000 XR","Palmas (Las)","999",1
"BMW","M 1000 XR","Pontevedra","999",1
"BMW","M 1000 XR","Tarragona","999",1
"BMW","M 1000 XR","Valencia/València","999",3
"BMW","M 1000 XR","Zamora","999",1
"BMW","R 12","Barcelona","1170",3
"BMW","R 12","Burgos","1170",1
"BMW","R 12","Cantabria","1170",1
"BMW","R 12","Illes Balears","1170",2
"BMW","R 12","Lleida","1170",3
"BMW","R 12","Madrid","1170",6
"BMW","R 12","Málaga","1170",1
"BMW","R 12","Tarragona","1170",1
"BMW","R 12","Valladolid","1170",1
"BMW","R 12 G/S","Alicante/Alacant","1170",1
"BMW","R 12 G/S","Almería","1170",1
"BMW","R 12 G/S","Barcelona","1170",10
"BMW","R 12 G/S","Bizkaia","1170",1
"BMW","R 12 G/S","Cádiz","1170",1
"BMW","R 12 G/S","Castellón/Castelló","1170",2
"BMW","R 12 G/S","Gipuzkoa","1170",1
"BMW","R 12 G/S","Girona","1170",2
"BMW","R 12 G/S","Granada","1170",2
"BMW","R 12 G/S","Illes Balears","1170",1
"BMW","R 12 G/S","León","1170",3
"BMW","R 12 G/S","Madrid","1170",8
"BMW","R 12 G/S","Málaga","1170",2
"BMW","R 12 G/S","Murcia","1170",1
"BMW","R 12 G/S","Palmas (Las)","1170",1
"BMW","R 12 G/S","Sevilla","1170",1
"BMW","R 12 G/S","Valencia/València","1170",2
"BMW","R 12 G/S","Zaragoza","1170",1
"BMW","R 12 NINET","Alicante/Alacant","1170",1
"BMW","R 12 NINET","Asturias","1170",1
"BMW","R 12 NINET","Barcelona","1170",8
"BMW","R 12 NINET","Cádiz","1170",1
"BMW","R 12 NINET","Cantabria","1170",2
"BMW","R 12 NINET","Illes Balears","1170",2
"BMW","R 12 NINET","León","1170",1
"BMW","R 12 NINET","Madrid","1170",4
"BMW","R 12 NINET","Málaga","1170",1
"BMW","R 12 NINET","Murcia","1170",2
"BMW","R 12 NINET","Navarra","1170",1
"BMW","R 12 NINET","Santa Cruz de Tenerife","1170",1
"BMW","R 12 NINET","Valencia/València","1170",1
"BMW","R 12 NINET A2","Córdoba","1170",1
"BMW","R 12 NINET A2","Madrid","1170",1
"BMW","R 1250 R","Alicante/Alacant","1254",1
"BMW","R 1250 R","Barcelona","1254",1
"BMW","R 1250 RT","Barcelona","1254",1
"BMW","R 1250 RT","Madrid","1254",1
"BMW","R 1300 GS","Alicante/Alacant","1300",5
"BMW","R 1300 GS","Almería","1300",1
"BMW","R 1300 GS","Asturias","1300",1
"BMW","R 1300 GS","Badajoz","1300",1
"BMW","R 1300 GS","Barcelona","1300",26
"BMW","R 1300 GS","Bizkaia","1300",3
"BMW","R 1300 GS","Burgos","1300",1
"BMW","R 1300 GS","Cádiz","1300",1
"BMW","R 1300 GS","Cantabria","1300",2
"BMW","R 1300 GS","Castellón/Castelló","1300",2
"BMW","R 1300 GS","Córdoba","1300",1
"BMW","R 1300 GS","Coruña (A)","1300",2
"BMW","R 1300 GS","Cuenca","1300",1
"BMW","R 1300 GS","Gipuzkoa","1300",1
"BMW","R 1300 GS","Girona","1300",7
"BMW","R 1300 GS","Granada","1300",6
"BMW","R 1300 GS","Huesca","1300",1
"BMW","R 1300 GS","Illes Balears","1300",2
"BMW","R 1300 GS","Madrid","1300",33
"BMW","R 1300 GS","Málaga","1300",3
"BMW","R 1300 GS","Murcia","1300",6
"BMW","R 1300 GS","Navarra","1300",2
"BMW","R 1300 GS","Palmas (Las)","1300",1
"BMW","R 1300 GS","Pontevedra","1300",4
"BMW","R 1300 GS","Santa Cruz de Tenerife","1300",2
"BMW","R 1300 GS","Sevilla","1300",4
"BMW","R 1300 GS","Soria","1300",1
"BMW","R 1300 GS","Tarragona","1300",2
"BMW","R 1300 GS","Valencia/València","1300",9
"BMW","R 1300 GS","Valladolid","1300",2
"BMW","R 1300 GS","Zaragoza","1300",9
"BMW","R 1300 GS ADVENTURE","Álava/Araba","1300",1
"BMW","R 1300 GS ADVENTURE","Albacete","1300",4
"BMW","R 1300 GS ADVENTURE","Alicante/Alacant","1300",3
"BMW","R 1300 GS ADVENTURE","Almería","1300",1
"BMW","R 1300 GS ADVENTURE","Asturias","1300",1
"BMW","R 1300 GS ADVENTURE","Badajoz","1300",2
"BMW","R 1300 GS ADVENTURE","Barcelona","1300",18
"BMW","R 1300 GS ADVENTURE","Bizkaia","1300",1
"BMW","R 1300 GS ADVENTURE","Burgos","1300",2
"BMW","R 1300 GS ADVENTURE","Cádiz","1300",6
"BMW","R 1300 GS ADVENTURE","Cantabria","1300",2
"BMW","R 1300 GS ADVENTURE","Castellón/Castelló","1300",2
"BMW","R 1300 GS ADVENTURE","Coruña (A)","1300",2
"BMW","R 1300 GS ADVENTURE","Gipuzkoa","1300",3
"BMW","R 1300 GS ADVENTURE","Girona","1300",1
"BMW","R 1300 GS ADVENTURE","Huelva","1300",1
"BMW","R 1300 GS ADVENTURE","Huesca","1300",2
"BMW","R 1300 GS ADVENTURE","Illes Balears","1300",2
"BMW","R 1300 GS ADVENTURE","León","1300",1
"BMW","R 1300 GS ADVENTURE","Lleida","1300",1
"BMW","R 1300 GS ADVENTURE","Madrid","1300",30
"BMW","R 1300 GS ADVENTURE","Málaga","1300",6
"BMW","R 1300 GS ADVENTURE","Murcia","1300",4
"BMW","R 1300 GS ADVENTURE","Navarra","1300",1
"BMW","R 1300 GS ADVENTURE","Pontevedra","1300",5
"BMW","R 1300 GS ADVENTURE","Rioja (La)","1300",1
"BMW","R 1300 GS ADVENTURE","Sevilla","1300",3
"BMW","R 1300 GS ADVENTURE","Tarragona","1300",3
"BMW","R 1300 GS ADVENTURE","Valencia/València","1300",12
"BMW","R 1300 GS ADVENTURE","Zamora","1300",2
"BMW","R 1300 GS ADVENTURE","Zaragoza","1300",3
"BMW","R 1300 R","Barcelona","1300",5
"BMW","R 1300 R","Girona","1300",1
"BMW","R 1300 R","Granada","1300",1
"BMW","R 1300 R","Illes Balears","1300",1
"BMW","R 1300 R","Lleida","1300",1
"BMW","R 1300 R","Madrid","1300",1
"BMW","R 1300 R","Málaga","1300",1
"BMW","R 1300 R","Murcia","1300",1
"BMW","R 1300 R","Pontevedra","1300",1
"BMW","R 1300 R","Sevilla","1300",1
"BMW","R 1300 R","Tarragona","1300",2
"BMW","R 1300 RS","Albacete","1300",2
"BMW","R 1300 RS","Alicante/Alacant","1300",4
"BMW","R 1300 RS","Almería","1300",1
"BMW","R 1300 RS","Barcelona","1300",7
"BMW","R 1300 RS","Bizkaia","1300",1
"BMW","R 1300 RS","Burgos","1300",1
"BMW","R 1300 RS","Cádiz","1300",2
"BMW","R 1300 RS","Córdoba","1300",1
"BMW","R 1300 RS","Cuenca","1300",1
"BMW","R 1300 RS","Gipuzkoa","1300",3
"BMW","R 1300 RS","Girona","1300",4
"BMW","R 1300 RS","Granada","1300",1
"BMW","R 1300 RS","Huesca","1300",1
"BMW","R 1300 RS","Illes Balears","1300",2
"BMW","R 1300 RS","Jaén","1300",1
"BMW","R 1300 RS","Madrid","1300",11
"BMW","R 1300 RS","Málaga","1300",8
"BMW","R 1300 RS","Palmas (Las)","1300",2
"BMW","R 1300 RS","Santa Cruz de Tenerife","1300",1
"BMW","R 1300 RS","Sevilla","1300",1
"BMW","R 1300 RS","Tarragona","1300",2
"BMW","R 1300 RS","Toledo","1300",1
"BMW","R 1300 RS","Valencia/València","1300",6
"BMW","R 1300 RS","Zaragoza","1300",4
"BMW","R 1300 RT","Albacete","1300",3
"BMW","R 1300 RT","Alicante/Alacant","1300",4
"BMW","R 1300 RT","Almería","1300",2
"BMW","R 1300 RT","Asturias","1300",5
"BMW","R 1300 RT","Barcelona","1300",9
"BMW","R 1300 RT","Bizkaia","1300",1
"BMW","R 1300 RT","Burgos","1300",1
"BMW","R 1300 RT","Cáceres","1300",1
"BMW","R 1300 RT","Cádiz","1300",1
"BMW","R 1300 RT","Castellón/Castelló","1300",1
"BMW","R 1300 RT","Ciudad Real","1300",1
"BMW","R 1300 RT","Córdoba","1300",2
"BMW","R 1300 RT","Coruña (A)","1300",1
"BMW","R 1300 RT","Cuenca","1300",1
"BMW","R 1300 RT","Gipuzkoa","1300",2
"BMW","R 1300 RT","Girona","1300",1
"BMW","R 1300 RT","Granada","1300",2
"BMW","R 1300 RT","Huelva","1300",1
"BMW","R 1300 RT","Illes Balears","1300",1
"BMW","R 1300 RT","León","1300",1
"BMW","R 1300 RT","Lugo","1300",1
"BMW","R 1300 RT","Madrid","1300",25
"BMW","R 1300 RT","Málaga","1300",2
"BMW","R 1300 RT","Murcia","1300",7
"BMW","R 1300 RT","Navarra","1300",1
"BMW","R 1300 RT","Ourense","1300",1
"BMW","R 1300 RT","Palmas (Las)","1300",1
"BMW","R 1300 RT","Pontevedra","1300",3
"BMW","R 1300 RT","Rioja (La)","1300",1
"BMW","R 1300 RT","Salamanca","1300",2
"BMW","R 1300 RT","Tarragona","1300",2
"BMW","R 1300 RT","Teruel","1300",2
"BMW","R 1300 RT","Toledo","1300",3
"BMW","R 1300 RT","Valencia/València","1300",9
"BMW","R 1300 RT","Valladolid","1300",1
"BMW","R 1300 RT","Zaragoza","1300",1
"BMW","R 18","Barcelona","1802",1
"BMW","R 18 CLASSIC","Alicante/Alacant","1802",1
"BMW","R 18 CLASSIC","Zaragoza","1802",1
"BMW","R 18 ROCTANE","León","1802",1
"BMW","R 18 TRANSCONTINENTAL","Gipuzkoa","1802",1
"BMW","R NINE T","Zamora","1170",1
"BMW","R75/6","León","745",1
"BMW","S 1000 R","Almería","999",1
"BMW","S 1000 R","Asturias","999",1
"BMW","S 1000 R","Barcelona","999",3
"BMW","S 1000 R","Bizkaia","999",1
"BMW","S 1000 R","Cádiz","999",1
"BMW","S 1000 R","Illes Balears","999",1
"BMW","S 1000 R","León","999",2
"BMW","S 1000 R","Madrid","999",2
"BMW","S 1000 R","Málaga","999",1
"BMW","S 1000 R","Santa Cruz de Tenerife","999",2
"BMW","S 1000 R","Sevilla","999",1
"BMW","S 1000 R","Tarragona","999",1
"BMW","S 1000 R","Teruel","999",1
"BMW","S 1000 R","Valencia/València","999",1
"BMW","S 1000 RR","Albacete","999",1
"BMW","S 1000 RR","Alicante/Alacant","999",5
"BMW","S 1000 RR","Almería","999",1
"BMW","S 1000 RR","Badajoz","999",1
"BMW","S 1000 RR","Barcelona","999",10
"BMW","S 1000 RR","Bizkaia","999",1
"BMW","S 1000 RR","Cádiz","999",3
"BMW","S 1000 RR","Castellón/Castelló","999",5
"BMW","S 1000 RR","Coruña (A)","999",1
"BMW","S 1000 RR","Girona","999",1
"BMW","S 1000 RR","Granada","999",2
"BMW","S 1000 RR","Illes Balears","999",1
"BMW","S 1000 RR","Jaén","999",2
"BMW","S 1000 RR","León","999",1
"BMW","S 1000 RR","Madrid","999",6
"BMW","S 1000 RR","Málaga","999",2
"BMW","S 1000 RR","Murcia","999",3
"BMW","S 1000 RR","Ourense","999",1
"BMW","S 1000 RR","Palmas (Las)","999",1
"BMW","S 1000 RR","Pontevedra","999",1
"BMW","S 1000 RR","Salamanca","999",1
"BMW","S 1000 RR","Santa Cruz de Tenerife","999",6
"BMW","S 1000 RR","Sevilla","999",1
"BMW","S 1000 RR","Tarragona","999",2
"BMW","S 1000 RR","Valencia/València","999",1
"BMW","S 1000 RR","Zaragoza","999",1
"BMW","S 1000 XR","Alicante/Alacant","999",1
"BMW","S 1000 XR","Asturias","999",1
"BMW","S 1000 XR","Badajoz","999",1
"BMW","S 1000 XR","Barcelona","999",7
"BMW","S 1000 XR","Bizkaia","999",1
"BMW","S 1000 XR","Burgos","999",1
"BMW","S 1000 XR","Cádiz","999",2
"BMW","S 1000 XR","Castellón/Castelló","999",1
"BMW","S 1000 XR","Ceuta","999",1
"BMW","S 1000 XR","Córdoba","999",1
"BMW","S 1000 XR","Coruña (A)","999",1
"BMW","S 1000 XR","Gipuzkoa","999",2
"BMW","S 1000 XR","Girona","999",1
"BMW","S 1000 XR","Illes Balears","999",3
"BMW","S 1000 XR","Jaén","999",1
"BMW","S 1000 XR","Lugo","999",1
"BMW","S 1000 XR","Madrid","999",12
"BMW","S 1000 XR","Murcia","999",4
"BMW","S 1000 XR","Pontevedra","999",1
"BMW","S 1000 XR","Sevilla","999",1
"BMW","S 1000 XR","Tarragona","999",3
"BMW","S 1000 XR","Valencia/València","999",5
"BMW","S 1000 XR","Valladolid","999",1
"BMW","S 1000 XR","Zamora","999",1
"BRIXTON","CROSSFIRE125XS","Granada","125",1
"BRIXTON","CROSSFIRE125XS","Madrid","125",1
"BRIXTON","FELSBERG 125 ABS","Madrid","125",1
"BRIXTON","FELSBERG 125 ABS","Pontevedra","125",1
"CFMOTO","125 NK","Madrid","124",1
"CFMOTO","125 NK","Tarragona","124",1
"CFMOTO","125 NK","Toledo","124",1
"CFMOTO","300CL-X","Álava/Araba","292",1
"CFMOTO","450CL-C","Albacete","449",1
"CFMOTO","450CL-C","Almería","449",2
"CFMOTO","450CL-C","Lugo","449",1
"CFMOTO","450MT","Albacete","449",4
"CFMOTO","450MT","Alicante/Alacant","449",16
"CFMOTO","450MT","Almería","449",4
"CFMOTO","450MT","Asturias","449",5
"CFMOTO","450MT","Badajoz","449",3
"CFMOTO","450MT","Barcelona","449",38
"CFMOTO","450MT","Bizkaia","449",4
"CFMOTO","450MT","Cáceres","449",2
"CFMOTO","450MT","Cádiz","449",9
"CFMOTO","450MT","Cantabria","449",6
"CFMOTO","450MT","Castellón/Castelló","449",1
"CFMOTO","450MT","Ciudad Real","449",2
"CFMOTO","450MT","Córdoba","449",8
"CFMOTO","450MT","Coruña (A)","449",3
"CFMOTO","450MT","Cuenca","449",1
"CFMOTO","450MT","Gipuzkoa","449",1
"CFMOTO","450MT","Girona","449",1
"CFMOTO","450MT","Granada","449",6
"CFMOTO","450MT","Huelva","449",7
"CFMOTO","450MT","Huesca","449",5
"CFMOTO","450MT","Illes Balears","449",9
"CFMOTO","450MT","Jaén","449",1
"CFMOTO","450MT","León","449",5
"CFMOTO","450MT","Lleida","449",4
"CFMOTO","450MT","Lugo","449",1
"CFMOTO","450MT","Madrid","449",28
"CFMOTO","450MT","Málaga","449",25
"CFMOTO","450MT","Murcia","449",8
"CFMOTO","450MT","Navarra","449",1
"CFMOTO","450MT","Ourense","449",1
"CFMOTO","450MT","Palencia","449",2
"CFMOTO","450MT","Palmas (Las)","449",3
"CFMOTO","450MT","Pontevedra","449",2
"CFMOTO","450MT","Rioja (La)","449",1
"CFMOTO","450MT","Santa Cruz de Tenerife","449",3
"CFMOTO","450MT","Sevilla","449",11
"CFMOTO","450MT","Soria","449",1
"CFMOTO","450MT","Tarragona","449",7
"CFMOTO","450MT","Toledo","449",4
"CFMOTO","450MT","Valencia/València","449",15
"CFMOTO","450MT","Valladolid","449",1
"CFMOTO","450MT","Zamora","449",2
"CFMOTO","450MT","Zaragoza","449",4
"CFMOTO","675SR-R","Madrid","674",2
"CFMOTO","675SR-R","Ourense","674",1
"CFMOTO","675SR-R","Zaragoza","674",1
"CFMOTO","700CL-X ADV","Illes Balears","693",1
"CFMOTO","700MT","Madrid","693",1
"CFMOTO","700MT","Ourense","693",1
"CFMOTO","800MT","Alicante/Alacant","799",1
"CFMOTO","800MT","Barcelona","799",3
"CFMOTO","800MT","Bizkaia","799",1
"CFMOTO","800MT","Illes Balears","799",1
"CFMOTO","800MT","Madrid","799",1
"CFMOTO","800MT","Málaga","799",1
"CFMOTO","800MT","Palencia","799",1
"CFMOTO","800MT","Pontevedra","799",1
"CFMOTO","800MT","Valencia/València","799",2
"CFMOTO","800MT-X","Madrid","799",1
"CFMOTO","800MT-X","Pontevedra","799",1
"CFMOTO","800NK","Valencia/València","799",1
"CYCLONE","LS-Z","Álava/Araba","124",1
"CYCLONE","LS-Z","Alicante/Alacant","124",1
"CYCLONE","LS-Z","Badajoz","124",1
"CYCLONE","LS-Z","Barcelona","124",7
"CYCLONE","LS-Z","Bizkaia","124",1
"CYCLONE","LS-Z","Cáceres","124",1
"CYCLONE","LS-Z","Gipuzkoa","124",1
"CYCLONE","LS-Z","Guadalajara","124",1
"CYCLONE","LS-Z","Huesca","124",2
"CYCLONE","LS-Z","Illes Balears","124",2
"CYCLONE","LS-Z","Jaén","124",1
"CYCLONE","LS-Z","León","124",1
"CYCLONE","LS-Z","Lugo","124",1
"CYCLONE","LS-Z","Madrid","124",3
"CYCLONE","LS-Z","Málaga","124",2
"CYCLONE","LS-Z","Murcia","124",1
"CYCLONE","LS-Z","Navarra","124",2
"CYCLONE","LS-Z","Ourense","124",1
"CYCLONE","LS-Z","Palmas (Las)","124",1
"CYCLONE","LS-Z","Pontevedra","124",2
"CYCLONE","LS-Z","Segovia","124",1
"CYCLONE","LS-Z","Tarragona","124",1
"CYCLONE","LS-Z","Valencia/València","124",4
"CYCLONE","RA125 PLUS","Almería","124",1
"CYCLONE","RA125 PLUS","Barcelona","124",1
"CYCLONE","RA125 PLUS","Cáceres","124",1
"CYCLONE","RA125 PLUS","Córdoba","124",1
"CYCLONE","RA125 PLUS","León","124",1
"CYCLONE","RA125 PLUS","Madrid","124",4
"CYCLONE","RA125 PLUS","Valencia/València","124",1
"CYCLONE","RA2","Gipuzkoa","125",1
"CYCLONE","RA2","Valencia/València","125",1
"CYCLONE","RT1","Almería","125",4
"CYCLONE","RT1","Asturias","125",1
"CYCLONE","RT1","Barcelona","125",4
"CYCLONE","RT1","Bizkaia","125",1
"CYCLONE","RT1","Córdoba","125",1
"CYCLONE","RT1","Girona","125",3
"CYCLONE","RT1","Illes Balears","125",32
"CYCLONE","RT1","Madrid","125",1
"CYCLONE","RT1","Málaga","125",2
"CYCLONE","RT1","Murcia","125",1
"CYCLONE","RT1","Ourense","125",1
"CYCLONE","RT1","Pontevedra","125",1
"CYCLONE","RT1","Tarragona","125",1
"CYCLONE","RT1","Toledo","125",1
"CYCLONE","RT1","Valencia/València","125",2
"CYCLONE","RT1","Zamora","125",1
"CYCLONE","RT2","Almería","289",2
"CYCLONE","RT2","Lleida","289",1
"CYCLONE","RT3S","Illes Balears","289",1
"CYCLONE","RT3S","Madrid","289",1
"CYCLONE","RX1","Madrid","124",1
"CYCLONE","RX1","Murcia","124",3
"CYCLONE","RX1","Palencia","124",1
"CYCLONE","RX1","Salamanca","124",1
"CYCLONE","RX1 PRO","Albacete","124",2
"CYCLONE","RX1 PRO","Alicante/Alacant","124",1
"CYCLONE","RX1 PRO","Almería","124",1
"CYCLONE","RX1 PRO","Badajoz","124",1
"CYCLONE","RX1 PRO","Barcelona","124",2
"CYCLONE","RX1 PRO","Bizkaia","124",1
"CYCLONE","RX1 PRO","Ciudad Real","124",3
"CYCLONE","RX1 PRO","Gipuzkoa","124",2
"CYCLONE","RX1 PRO","Illes Balears","124",3
"CYCLONE","RX1 PRO","Jaén","124",1
"CYCLONE","RX1 PRO","León","124",2
"CYCLONE","RX1 PRO","Lugo","124",2
"CYCLONE","RX1 PRO","Madrid","124",1
"CYCLONE","RX1 PRO","Málaga","124",3
"CYCLONE","RX1 PRO","Murcia","124",1
"CYCLONE","RX1 PRO","Rioja (La)","124",2
"CYCLONE","RX1 PRO","Valencia/València","124",2
"CYCLONE","RX1 PRO","Valladolid","124",1
"CYCLONE","RX401","Ávila","401",1
"CYCLONE","RX401","Barcelona","401",1
"CYCLONE","RX401","Illes Balears","401",1
"CYCLONE","RX401","Palmas (Las)","401",1
"CYCLONE","RX401","Santa Cruz de Tenerife","401",1
"CYCLONE","RX600","Álava/Araba","550",1
"CYCLONE","RX600","Albacete","550",1
"CYCLONE","RX600","Alicante/Alacant","550",1
"CYCLONE","RX600","Almería","550",3
"CYCLONE","RX600","Barcelona","550",1
"CYCLONE","RX600","Cáceres","550",1
"CYCLONE","RX600","Cantabria","550",1
"CYCLONE","RX600","Ciudad Real","550",1
"CYCLONE","RX600","Córdoba","550",2
"CYCLONE","RX600","Gipuzkoa","550",1
"CYCLONE","RX600","Girona","550",2
"CYCLONE","RX600","Jaén","550",1
"CYCLONE","RX600","León","550",1
"CYCLONE","RX600","Lleida","550",3
"CYCLONE","RX600","Lugo","550",1
"CYCLONE","RX600","Madrid","550",2
"CYCLONE","RX600","Málaga","550",2
"CYCLONE","RX600","Murcia","550",3
"CYCLONE","RX600","Navarra","550",1
"CYCLONE","RX600","Pontevedra","550",1
"CYCLONE","RX600","Rioja (La)","550",1
"CYCLONE","RX600","Sevilla","550",2
"CYCLONE","RX600","Toledo","550",2
"CYCLONE","RX600","Valencia/València","550",2
"DAELIM","S16 O LW125P","Santa Cruz de Tenerife","125",1
"DUCATI","DESERTX","Alicante/Alacant","937",1
"DUCATI","DESERTX","Barcelona","937",3
"DUCATI","DESERTX DISCOVERY","Barcelona","937",1
"DUCATI","DESERTX DISCOVERY","Madrid","937",1
"DUCATI","DESERTX RALLY","Cantabria","937",1
"DUCATI","DESERTX RALLY","Coruña (A)","937",1
"DUCATI","DESERTX RALLY","Tarragona","937",1
"DUCATI","DIAVEL V4","Málaga","1158",1
"DUCATI","DIAVEL V4","Santa Cruz de Tenerife","1158",1
"DUCATI","DIAVEL V4 DUCATI RED","Illes Balears","1158",1
"DUCATI","DIAVEL V4 DUCATI RED","León","1158",1
"DUCATI","DUCATI SCRAMBLER","Palmas (Las)","803",1
"DUCATI","DUCATI SCRAMBLER","Santa Cruz de Tenerife","803",1
"DUCATI","HYPERMOTARD 698","Barcelona","659",1
"DUCATI","HYPERMOTARD 698","Gipuzkoa","659",1
"DUCATI","HYPERMOTARD 698","Tarragona","659",1
"DUCATI","HYPERMOTARD 698 MONO","Palmas (Las)","659",1
"DUCATI","HYPERMOTARD 698 MONO D","Asturias","659",1
"DUCATI","HYPERMOTARD 698 MONO D","Pontevedra","659",1
"DUCATI","HYPERMOTARD 698 MONO D","Valencia/València","659",1
"DUCATI","HYPERMOTARD 698 MONO R","Alicante/Alacant","659",1
"DUCATI","HYPERMOTARD 698 MONO R","Córdoba","659",1
"DUCATI","HYPERMOTARD 698 MONO R","Coruña (A)","659",1
"DUCATI","HYPERMOTARD 698 MONO R","Gipuzkoa","659",1
"DUCATI","HYPERMOTARD 698 MONO R","Granada","659",1
"DUCATI","HYPERMOTARD 698 MONO R","Madrid","659",1
"DUCATI","HYPERMOTARD 698 MONO R","Pontevedra","659",1
"DUCATI","HYPERMOTARD 698 MONO R","Valencia/València","659",1
"DUCATI","HYPERMOTARD 698 RVE","Barcelona","659",1
"DUCATI","HYPERMOTARD 698 RVE","Madrid","659",1
"DUCATI","HYPERMOTARD 698 RVE","Tarragona","659",1
"DUCATI","HYPERMOTARD 698 RVE","Toledo","659",1
"DUCATI","HYPERMOTARD 698 RVE","Zaragoza","659",1
"DUCATI","HYPERMOTARD 950","Barcelona","937",1
"DUCATI","HYPERMOTARD 950","Palmas (Las)","937",1
"DUCATI","HYPERMOTARD 950","Santa Cruz de Tenerife","937",2
"DUCATI","HYPERMOTARD 950 REPLIC","Pontevedra","937",1
"DUCATI","MONSTER","Alicante/Alacant","937",3
"DUCATI","MONSTER","Barcelona","937",5
"DUCATI","MONSTER","Cádiz","937",1
"DUCATI","MONSTER","Castellón/Castelló","937",1
"DUCATI","MONSTER","Granada","937",2
"DUCATI","MONSTER","Huelva","937",1
"DUCATI","MONSTER","Illes Balears","937",2
"DUCATI","MONSTER","Madrid","937",9
"DUCATI","MONSTER","Málaga","937",1
"DUCATI","MONSTER","Murcia","937",4
"DUCATI","MONSTER","Navarra","937",1
"DUCATI","MONSTER","Sevilla","937",1
"DUCATI","MONSTER","Valencia/València","937",1
"DUCATI","MONSTER","Zaragoza","937",1
"DUCATI","MONSTER DUCATI RED","Madrid","937",1
"DUCATI","MONSTER SENNA","Girona","937",1
"DUCATI","MONSTER SP","Barcelona","937",1
"DUCATI","MONSTER SP","Illes Balears","937",1
"DUCATI","MONSTER SP","Madrid","937",4
"DUCATI","MONSTER SP","Murcia","937",1
"DUCATI","MONSTER SP","Sevilla","937",2
"DUCATI","MULTISTRADA V2","Alicante/Alacant","890",2
"DUCATI","MULTISTRADA V2","Almería","890",1
"DUCATI","MULTISTRADA V2","Barcelona","890",10
"DUCATI","MULTISTRADA V2","Bizkaia","890",1
"DUCATI","MULTISTRADA V2","Cáceres","890",1
"DUCATI","MULTISTRADA V2","Cádiz","890",2
"DUCATI","MULTISTRADA V2","Girona","890",4
"DUCATI","MULTISTRADA V2","Granada","890",3
"DUCATI","MULTISTRADA V2","Illes Balears","890",3
"DUCATI","MULTISTRADA V2","Lugo","890",1
"DUCATI","MULTISTRADA V2","Madrid","890",6
"DUCATI","MULTISTRADA V2","Murcia","890",2
"DUCATI","MULTISTRADA V2","Pontevedra","890",1
"DUCATI","MULTISTRADA V2","Rioja (La)","890",1
"DUCATI","MULTISTRADA V2","Santa Cruz de Tenerife","890",2
"DUCATI","MULTISTRADA V2","Segovia","890",1
"DUCATI","MULTISTRADA V2","Sevilla","890",1
"DUCATI","MULTISTRADA V2","Tarragona","890",1
"DUCATI","MULTISTRADA V2","Valencia/València","890",3
"DUCATI","MULTISTRADA V4","Alicante/Alacant","1158",2
"DUCATI","MULTISTRADA V4","Barcelona","1158",12
"DUCATI","MULTISTRADA V4","Cádiz","1158",4
"DUCATI","MULTISTRADA V4","Coruña (A)","1158",1
"DUCATI","MULTISTRADA V4","Girona","1158",3
"DUCATI","MULTISTRADA V4","Granada","1158",2
"DUCATI","MULTISTRADA V4","Lleida","1158",1
"DUCATI","MULTISTRADA V4","Lugo","1158",1
"DUCATI","MULTISTRADA V4","Madrid","1158",9
"DUCATI","MULTISTRADA V4","Málaga","1158",3
"DUCATI","MULTISTRADA V4","Murcia","1158",2
"DUCATI","MULTISTRADA V4","Navarra","1158",2
"DUCATI","MULTISTRADA V4","Palmas (Las)","1158",3
"DUCATI","MULTISTRADA V4","Salamanca","1158",1
"DUCATI","MULTISTRADA V4","Santa Cruz de Tenerife","1158",2
"DUCATI","MULTISTRADA V4","Sevilla","1158",2
"DUCATI","MULTISTRADA V4","Tarragona","1158",2
"DUCATI","MULTISTRADA V4","Toledo","1158",1
"DUCATI","MULTISTRADA V4","Valencia/València","1158",2
"DUCATI","PANIGALE V2","Alicante/Alacant","890",1
"DUCATI","PANIGALE V2","Almería","890",1
"DUCATI","PANIGALE V2","Asturias","890",1
"DUCATI","PANIGALE V2","Barcelona","890",3
"DUCATI","PANIGALE V2","Cáceres","890",1
"DUCATI","PANIGALE V2","Cádiz","890",1
"DUCATI","PANIGALE V2","Córdoba","890",1
"DUCATI","PANIGALE V2","Illes Balears","890",1
"DUCATI","PANIGALE V2","Lleida","890",1
"DUCATI","PANIGALE V2","Málaga","890",1
"DUCATI","PANIGALE V2","Murcia","890",2
"DUCATI","PANIGALE V2","Pontevedra","890",1
"DUCATI","PANIGALE V2","Santa Cruz de Tenerife","890",3
"DUCATI","PANIGALE V2","Sevilla","890",1
"DUCATI","PANIGALE V2","Tarragona","890",2
"DUCATI","PANIGALE V4","Castellón/Castelló","1103",1
"DUCATI","PANIGALE V4","Valencia/València","1103",1
"DUCATI","SCRAMBLER DUCATI 10  A","Alicante/Alacant","803",1
"DUCATI","SCRAMBLER DUCATI 10  A","Madrid","803",1
"DUCATI","SCRAMBLER DUCATI 10  A","Valencia/València","803",1
"DUCATI","SCRAMBLER FULL THROTTL","Alicante/Alacant","803",2
"DUCATI","SCRAMBLER FULL THROTTL","Barcelona","803",1
"DUCATI","SCRAMBLER FULL THROTTL","Granada","803",1
"DUCATI","SCRAMBLER FULL THROTTL","Madrid","803",1
"DUCATI","SCRAMBLER ICON","Barcelona","803",1
"DUCATI","SCRAMBLER ICON","Madrid","803",2
"DUCATI","SCRAMBLER ICON","Málaga","803",1
"DUCATI","SCRAMBLER ICON","Rioja (La)","803",1
"DUCATI","SCRAMBLER ICON DARK","Alicante/Alacant","803",1
"DUCATI","SCRAMBLER ICON DARK","Asturias","803",1
"DUCATI","SCRAMBLER ICON DARK","Barcelona","803",2
"DUCATI","SCRAMBLER ICON DARK","Bizkaia","803",1
"DUCATI","SCRAMBLER ICON DARK","Castellón/Castelló","803",2
"DUCATI","SCRAMBLER ICON DARK","Girona","803",1
"DUCATI","SCRAMBLER ICON DARK","Granada","803",1
"DUCATI","SCRAMBLER ICON DARK","Madrid","803",2
"DUCATI","SCRAMBLER ICON DARK","Murcia","803",1
"DUCATI","SCRAMBLER ICON DARK","Pontevedra","803",1
"DUCATI","SCRAMBLER ICON DARK","Tarragona","803",2
"DUCATI","SCRAMBLER ICON DARK","Valencia/València","803",1
"DUCATI","SCRAMBLER NIGHTSHIFT","Bizkaia","803",1
"DUCATI","SCRAMBLER NIGHTSHIFT","Cantabria","803",1
"DUCATI","SCRAMBLER NIGHTSHIFT","Girona","803",1
"DUCATI","SCRAMBLER NIGHTSHIFT","Guadalajara","803",1
"DUCATI","SCRAMBLER NIGHTSHIFT","Illes Balears","803",1
"DUCATI","SCRAMBLER NIGHTSHIFT","Madrid","803",3
"DUCATI","SCRAMBLER NIGHTSHIFT N","Castellón/Castelló","803",1
"DUCATI","SCRAMBLER NIGHTSHIFT N","Murcia","803",1
"DUCATI","STREETFIGHTER","Álava/Araba","890",1
"DUCATI","STREETFIGHTER","Alicante/Alacant","890",2
"DUCATI","STREETFIGHTER","Barcelona","890",5
"DUCATI","STREETFIGHTER","Córdoba","890",1
"DUCATI","STREETFIGHTER","Girona","890",1
"DUCATI","STREETFIGHTER","Granada","890",2
"DUCATI","STREETFIGHTER","León","890",1
"DUCATI","STREETFIGHTER","Madrid","890",8
"DUCATI","STREETFIGHTER","Navarra","890",1
"DUCATI","STREETFIGHTER","Ourense","890",1
"DUCATI","STREETFIGHTER","Pontevedra","890",1
"DUCATI","STREETFIGHTER","Santa Cruz de Tenerife","890",2
"DUCATI","STREETFIGHTER","Sevilla","890",2
"DUCATI","STREETFIGHTER","Tarragona","890",1
"DUCATI","STREETFIGHTER","Valencia/València","890",1
"DUCATI","XDIAVEL V4","Alicante/Alacant","1158",1
"DUCATI","XDIAVEL V4","Barcelona","1158",3
"DUCATI","XDIAVEL V4","Lleida","1158",1
"DUCATI","XDIAVEL V4","Madrid","1158",1
"DUCATI","XDIAVEL V4","Santa Cruz de Tenerife","1158",1
"DUCATI","XDIAVEL V4","Valencia/València","1158",1
"F.B MONDIAL","PIEGA 452","Alicante/Alacant","450",1
"F.B MONDIAL","PIEGA 452","Cádiz","450",1
"F.B MONDIAL","PIEGA 452","Illes Balears","450",2
"FANTIC MOTOR","---","Alicante/Alacant","125",2
"FANTIC MOTOR","---","Asturias","125",1
"FANTIC MOTOR","---","Badajoz","125",1
"FANTIC MOTOR","---","Barcelona","125",3
"FANTIC MOTOR","---","Bizkaia","125",1
"FANTIC MOTOR","---","Burgos","125",1
"FANTIC MOTOR","---","Cádiz","125",1
"FANTIC MOTOR","---","Castellón/Castelló","125",1
"FANTIC MOTOR","---","Córdoba","125",1
"FANTIC MOTOR","---","Cuenca","125",1
"FANTIC MOTOR","---","Girona","125",1
"FANTIC MOTOR","---","Granada","125",3
"FANTIC MOTOR","---","Illes Balears","125",2
"FANTIC MOTOR","---","Jaén","125",1
"FANTIC MOTOR","---","Madrid","125",1
"FANTIC MOTOR","---","Málaga","125",3
"FANTIC MOTOR","---","Pontevedra","125",1
"FANTIC MOTOR","---","Rioja (La)","125",1
"FANTIC MOTOR","---","Santa Cruz de Tenerife","125",3
"FANTIC MOTOR","---","Tarragona","125",2
"FANTIC MOTOR","---","Toledo","125",1
"GASGAS","EC 250","Barcelona","249",1
"GASGAS","EC 250","Madrid","249",1
"GASGAS","EC 250F","Santa Cruz de Tenerife","250",1
"GASGAS","EC 300","Barcelona","293",1
"GASGAS","EC 300","Rioja (La)","293",1
"GASGAS","EC 300","Teruel","293",1
"GASGAS","GASGAS ES 700","Madrid","693",2
"GASGAS","TXT 300","Barcelona","294",1
"GASGAS","TXT 300","Valencia/València","294",1
"HARLEY-DAVIDSON","BREAKOUT","Alicante/Alacant","1923",1
"HARLEY-DAVIDSON","BREAKOUT","Cádiz","1923",1
"HARLEY-DAVIDSON","BREAKOUT","Málaga","1923",1
"HARLEY-DAVIDSON","BREAKOUT","Santa Cruz de Tenerife","1923",1
"HARLEY-DAVIDSON","CVO PAN AMERICA","Granada","1252",1
"HARLEY-DAVIDSON","CVO ROAD GLIDE ST","Girona","1977",1
"HARLEY-DAVIDSON","CVO STREET GLIDE","Alicante/Alacant","1977",1
"HARLEY-DAVIDSON","CVO STREET GLIDE","Valencia/València","1977",1
"HARLEY-DAVIDSON","FAT BOB 114","Murcia","1868",1
"HARLEY-DAVIDSON","FAT BOY","Alicante/Alacant","1923",1
"HARLEY-DAVIDSON","FAT BOY","Cádiz","1923",1
"HARLEY-DAVIDSON","FAT BOY","Lleida","1923",2
"HARLEY-DAVIDSON","FAT BOY","Madrid","1923",3
"HARLEY-DAVIDSON","FAT BOY GREY GHOST","Alicante/Alacant","1923",1
"HARLEY-DAVIDSON","FAT BOY GREY GHOST","Madrid","1923",4
"HARLEY-DAVIDSON","HERITAGE CLASSIC","Alicante/Alacant","1923",2
"HARLEY-DAVIDSON","HERITAGE CLASSIC","Cantabria","1923",1
"HARLEY-DAVIDSON","LOW RIDER S","Cádiz","1923",1
"HARLEY-DAVIDSON","LOW RIDER S","Madrid","1923",1
"HARLEY-DAVIDSON","LOW RIDER S","Murcia","1923",1
"HARLEY-DAVIDSON","LOW RIDER ST","Madrid","1923",1
"HARLEY-DAVIDSON","LOW RIDER ST","Málaga","1923",1
"HARLEY-DAVIDSON","LOW RIDER ST","Rioja (La)","1923",1
"HARLEY-DAVIDSON","NIGHTSTER SPECIAL","Alicante/Alacant","975",1
"HARLEY-DAVIDSON","NIGHTSTER SPECIAL","Madrid","975",1
"HARLEY-DAVIDSON","NIGHTSTER SPECIAL","Segovia","975",1
"HARLEY-DAVIDSON","NIGHTSTER SPECIAL","Sevilla","975",1
"HARLEY-DAVIDSON","PAN AMERICA 1250 SPECI","Alicante/Alacant","1252",1
"HARLEY-DAVIDSON","PAN AMERICA 1250 SPECI","Almería","1252",1
"HARLEY-DAVIDSON","PAN AMERICA 1250 SPECI","Granada","1252",1
"HARLEY-DAVIDSON","PAN AMERICA 1250 SPECI","Madrid","1252",1
"HARLEY-DAVIDSON","PAN AMERICA 1250 SPECI","Málaga","1252",1
"HARLEY-DAVIDSON","PAN AMERICA 1250 SPECI","Valencia/València","1252",1
"HARLEY-DAVIDSON","PAN AMERICA 1250 ST","Ávila","1252",1
"HARLEY-DAVIDSON","PAN AMERICA 1250 ST","Madrid","1252",1
"HARLEY-DAVIDSON","PAN AMERICA 1250 ST","Pontevedra","1252",1
"HARLEY-DAVIDSON","ROAD GLIDE","Girona","1923",1
"HARLEY-DAVIDSON","ROAD GLIDE","Madrid","1923",1
"HARLEY-DAVIDSON","ROAD KING SPECIAL","Murcia","1868",1
"HARLEY-DAVIDSON","SOFTAIL STANDARD","Alicante/Alacant","1745",1
"HARLEY-DAVIDSON","SOFTAIL STANDARD","Almería","1745",1
"HARLEY-DAVIDSON","SPORT GLIDE","Barcelona","1745",1
"HARLEY-DAVIDSON","SPORT GLIDE","Madrid","1745",1
"HARLEY-DAVIDSON","SPORTSTER S","Alicante/Alacant","1252",1
"HARLEY-DAVIDSON","SPORTSTER S","Cádiz","1252",1
"HARLEY-DAVIDSON","SPORTSTER S","Granada","1252",1
"HARLEY-DAVIDSON","SPORTSTER S","Madrid","1252",2
"HARLEY-DAVIDSON","SPORTSTER S","Navarra","1252",1
"HARLEY-DAVIDSON","SPORTSTER S","Palmas (Las)","1252",1
"HARLEY-DAVIDSON","STREET BOB","Alicante/Alacant","1923",1
"HARLEY-DAVIDSON","STREET BOB","Asturias","1923",1
"HARLEY-DAVIDSON","STREET BOB","Córdoba","1923",1
"HARLEY-DAVIDSON","STREET BOB","Illes Balears","1923",1
"HARLEY-DAVIDSON","STREET BOB","Málaga","1923",2
"HARLEY-DAVIDSON","STREET BOB","Ourense","1923",1
"HARLEY-DAVIDSON","STREET BOB","Palmas (Las)","1923",1
"HARLEY-DAVIDSON","STREET BOB","Valencia/València","1923",1
"HARLEY-DAVIDSON","STREET GLIDE","Huesca","1923",1
"HARLEY-DAVIDSON","STREET GLIDE","Rioja (La)","1923",1
"HARLEY-DAVIDSON","STREET GLIDE ULTRA","Madrid","1923",2
"HARLEY-DAVIDSON","STREET GLIDE ULTRA","Santa Cruz de Tenerife","1923",1
"HARLEY-DAVIDSON","STREET GLIDE ULTRA","Toledo","1923",1
"HONDA","ADV 350","Álava/Araba","330",1
"HONDA","ADV 350","Alicante/Alacant","330",39
"HONDA","ADV 350","Almería","330",8
"HONDA","ADV 350","Asturias","330",1
"HONDA","ADV 350","Ávila","330",1
"HONDA","ADV 350","Badajoz","330",1
"HONDA","ADV 350","Barcelona","330",108
"HONDA","ADV 350","Bizkaia","330",6
"HONDA","ADV 350","Burgos","330",1
"HONDA","ADV 350","Cáceres","330",2
"HONDA","ADV 350","Cádiz","330",31
"HONDA","ADV 350","Cantabria","330",4
"HONDA","ADV 350","Castellón/Castelló","330",5
"HONDA","ADV 350","Ceuta","330",1
"HONDA","ADV 350","Córdoba","330",4
"HONDA","ADV 350","Coruña (A)","330",7
"HONDA","ADV 350","Cuenca","330",1
"HONDA","ADV 350","Gipuzkoa","330",5
"HONDA","ADV 350","Girona","330",15
"HONDA","ADV 350","Granada","330",9
"HONDA","ADV 350","Huelva","330",7
"HONDA","ADV 350","Illes Balears","330",30
"HONDA","ADV 350","Jaén","330",1
"HONDA","ADV 350","León","330",1
"HONDA","ADV 350","Lleida","330",3
"HONDA","ADV 350","Madrid","330",27
"HONDA","ADV 350","Málaga","330",46
"HONDA","ADV 350","Melilla","330",6
"HONDA","ADV 350","Murcia","330",12
"HONDA","ADV 350","Navarra","330",1
"HONDA","ADV 350","Palmas (Las)","330",18
"HONDA","ADV 350","Pontevedra","330",6
"HONDA","ADV 350","Rioja (La)","330",1
"HONDA","ADV 350","Santa Cruz de Tenerife","330",20
"HONDA","ADV 350","Segovia","330",1
"HONDA","ADV 350","Sevilla","330",11
"HONDA","ADV 350","Soria","330",1
"HONDA","ADV 350","Tarragona","330",11
"HONDA","ADV 350","Valencia/València","330",25
"HONDA","ADV 350","Zaragoza","330",6
"HONDA","ADV 750","Alicante/Alacant","745",11
"HONDA","ADV 750","Almería","745",2
"HONDA","ADV 750","Asturias","745",1
"HONDA","ADV 750","Badajoz","745",2
"HONDA","ADV 750","Barcelona","745",49
"HONDA","ADV 750","Bizkaia","745",3
"HONDA","ADV 750","Burgos","745",1
"HONDA","ADV 750","Cádiz","745",10
"HONDA","ADV 750","Cantabria","745",3
"HONDA","ADV 750","Castellón/Castelló","745",3
"HONDA","ADV 750","Ceuta","745",2
"HONDA","ADV 750","Córdoba","745",3
"HONDA","ADV 750","Coruña (A)","745",2
"HONDA","ADV 750","Gipuzkoa","745",2
"HONDA","ADV 750","Girona","745",9
"HONDA","ADV 750","Granada","745",9
"HONDA","ADV 750","Huelva","745",12
"HONDA","ADV 750","Illes Balears","745",8
"HONDA","ADV 750","Jaén","745",1
"HONDA","ADV 750","León","745",2
"HONDA","ADV 750","Lleida","745",2
"HONDA","ADV 750","Madrid","745",13
"HONDA","ADV 750","Málaga","745",51
"HONDA","ADV 750","Melilla","745",11
"HONDA","ADV 750","Murcia","745",1
"HONDA","ADV 750","Navarra","745",1
"HONDA","ADV 750","Ourense","745",1
"HONDA","ADV 750","Palmas (Las)","745",44
"HONDA","ADV 750","Pontevedra","745",3
"HONDA","ADV 750","Rioja (La)","745",2
"HONDA","ADV 750","Salamanca","745",2
"HONDA","ADV 750","Santa Cruz de Tenerife","745",26
"HONDA","ADV 750","Sevilla","745",10
"HONDA","ADV 750","Soria","745",1
"HONDA","ADV 750","Tarragona","745",1
"HONDA","ADV 750","Valencia/València","745",11
"HONDA","ADV 750","Valladolid","745",1
"HONDA","ADV 750","Zaragoza","745",9
"HONDA","C125A","Barcelona","124",3
"HONDA","C125A","Girona","124",1
"HONDA","C125A","Madrid","124",1
"HONDA","C125A","Sevilla","124",1
"HONDA","C125A","Valencia/València","124",1
"HONDA","CB 125 F","Granada","124",1
"HONDA","CB 125 F","Málaga","124",1
"HONDA","CB 125 F","Rioja (La)","124",1
"HONDA","CB 200","Tarragona","198",1
"HONDA","CB 500 F","Alicante/Alacant","471",3
"HONDA","CB 500 F","Asturias","471",1
"HONDA","CB 500 F","Barcelona","471",11
"HONDA","CB 500 F","Bizkaia","471",1
"HONDA","CB 500 F","Cantabria","471",1
"HONDA","CB 500 F","Girona","471",1
"HONDA","CB 500 F","Granada","471",1
"HONDA","CB 500 F","Illes Balears","471",2
"HONDA","CB 500 F","Madrid","471",4
"HONDA","CB 500 F","Málaga","471",2
"HONDA","CB 500 F","Melilla","471",1
"HONDA","CB 500 F","Murcia","471",2
"HONDA","CB 500 F","Navarra","471",1
"HONDA","CB 500 F","Palmas (Las)","471",1
"HONDA","CB 500 F","Santa Cruz de Tenerife","471",3
"HONDA","CB 500 F","Tarragona","471",2
"HONDA","CB 500 F","Valencia/València","471",2
"HONDA","CB 500 X","Álava/Araba","471",2
"HONDA","CB 500 X","Albacete","471",3
"HONDA","CB 500 X","Alicante/Alacant","471",4
"HONDA","CB 500 X","Almería","471",4
"HONDA","CB 500 X","Asturias","471",2
"HONDA","CB 500 X","Badajoz","471",2
"HONDA","CB 500 X","Barcelona","471",56
"HONDA","CB 500 X","Bizkaia","471",5
"HONDA","CB 500 X","Burgos","471",4
"HONDA","CB 500 X","Cádiz","471",9
"HONDA","CB 500 X","Cantabria","471",3
"HONDA","CB 500 X","Castellón/Castelló","471",3
"HONDA","CB 500 X","Córdoba","471",1
"HONDA","CB 500 X","Coruña (A)","471",1
"HONDA","CB 500 X","Cuenca","471",2
"HONDA","CB 500 X","Gipuzkoa","471",2
"HONDA","CB 500 X","Girona","471",3
"HONDA","CB 500 X","Granada","471",6
"HONDA","CB 500 X","Guadalajara","471",1
"HONDA","CB 500 X","Huelva","471",1
"HONDA","CB 500 X","Huesca","471",1
"HONDA","CB 500 X","Illes Balears","471",4
"HONDA","CB 500 X","Jaén","471",2
"HONDA","CB 500 X","León","471",2
"HONDA","CB 500 X","Lleida","471",2
"HONDA","CB 500 X","Madrid","471",24
"HONDA","CB 500 X","Málaga","471",11
"HONDA","CB 500 X","Melilla","471",1
"HONDA","CB 500 X","Murcia","471",15
"HONDA","CB 500 X","Navarra","471",2
"HONDA","CB 500 X","Palmas (Las)","471",4
"HONDA","CB 500 X","Pontevedra","471",3
"HONDA","CB 500 X","Rioja (La)","471",2
"HONDA","CB 500 X","Santa Cruz de Tenerife","471",2
"HONDA","CB 500 X","Sevilla","471",7
"HONDA","CB 500 X","Soria","471",1
"HONDA","CB 500 X","Tarragona","471",6
"HONDA","CB 500 X","Valencia/València","471",12
"HONDA","CB 500 X","Valladolid","471",1
"HONDA","CB 500 X","Zaragoza","471",2
"HONDA","CB1000","Álava/Araba","1000",1
"HONDA","CB1000","Alicante/Alacant","1000",3
"HONDA","CB1000","Asturias","1000",1
"HONDA","CB1000","Barcelona","1000",6
"HONDA","CB1000","Gipuzkoa","1000",1
"HONDA","CB1000","Girona","1000",1
"HONDA","CB1000","Illes Balears","1000",1
"HONDA","CB1000","Madrid","1000",3
"HONDA","CB1000","Málaga","1000",1
"HONDA","CB1000","Murcia","1000",1
"HONDA","CB1000","Santa Cruz de Tenerife","1000",1
"HONDA","CB1000","Sevilla","1000",1
"HONDA","CB1000","Tarragona","1000",2
"HONDA","CB1000","Valencia/València","1000",2
"HONDA","CB1000","Valladolid","1000",1
"HONDA","CB1000SP","Barcelona","1000",1
"HONDA","CB1000SP","Palmas (Las)","1000",3
"HONDA","CB1000SP","Pontevedra","1000",1
"HONDA","CB1000SP","Santa Cruz de Tenerife","1000",1
"HONDA","CB650RA","Albacete","649",1
"HONDA","CB650RA","Alicante/Alacant","649",11
"HONDA","CB650RA","Almería","649",5
"HONDA","CB650RA","Asturias","649",8
"HONDA","CB650RA","Badajoz","649",2
"HONDA","CB650RA","Barcelona","649",32
"HONDA","CB650RA","Bizkaia","649",3
"HONDA","CB650RA","Burgos","649",1
"HONDA","CB650RA","Cáceres","649",1
"HONDA","CB650RA","Cádiz","649",4
"HONDA","CB650RA","Cantabria","649",1
"HONDA","CB650RA","Castellón/Castelló","649",1
"HONDA","CB650RA","Córdoba","649",3
"HONDA","CB650RA","Coruña (A)","649",4
"HONDA","CB650RA","Cuenca","649",1
"HONDA","CB650RA","Girona","649",3
"HONDA","CB650RA","Granada","649",8
"HONDA","CB650RA","Huelva","649",3
"HONDA","CB650RA","Illes Balears","649",9
"HONDA","CB650RA","León","649",4
"HONDA","CB650RA","Lleida","649",1
"HONDA","CB650RA","Madrid","649",17
"HONDA","CB650RA","Málaga","649",8
"HONDA","CB650RA","Murcia","649",5
"HONDA","CB650RA","Navarra","649",1
"HONDA","CB650RA","Ourense","649",3
"HONDA","CB650RA","Palencia","649",1
"HONDA","CB650RA","Palmas (Las)","649",4
"HONDA","CB650RA","Pontevedra","649",6
"HONDA","CB650RA","Rioja (La)","649",1
"HONDA","CB650RA","Salamanca","649",2
"HONDA","CB650RA","Santa Cruz de Tenerife","649",4
"HONDA","CB650RA","Segovia","649",1
"HONDA","CB650RA","Sevilla","649",2
"HONDA","CB650RA","Tarragona","649",2
"HONDA","CB650RA","Teruel","649",1
"HONDA","CB650RA","Toledo","649",1
"HONDA","CB650RA","Valencia/València","649",13
"HONDA","CB650RA","Valladolid","649",1
"HONDA","CB650RA","Zamora","649",1
"HONDA","CB650RA","Zaragoza","649",2
"HONDA","CB750 Hornet","Álava/Araba","755",1
"HONDA","CB750 Hornet","Alicante/Alacant","755",4
"HONDA","CB750 Hornet","Almería","755",1
"HONDA","CB750 Hornet","Asturias","755",4
"HONDA","CB750 Hornet","Badajoz","755",2
"HONDA","CB750 Hornet","Barcelona","755",34
"HONDA","CB750 Hornet","Bizkaia","755",1
"HONDA","CB750 Hornet","Burgos","755",1
"HONDA","CB750 Hornet","Cáceres","755",2
"HONDA","CB750 Hornet","Cádiz","755",4
"HONDA","CB750 Hornet","Cantabria","755",2
"HONDA","CB750 Hornet","Castellón/Castelló","755",2
"HONDA","CB750 Hornet","Gipuzkoa","755",1
"HONDA","CB750 Hornet","Granada","755",4
"HONDA","CB750 Hornet","Huelva","755",1
"HONDA","CB750 Hornet","Huesca","755",2
"HONDA","CB750 Hornet","Illes Balears","755",8
"HONDA","CB750 Hornet","Jaén","755",3
"HONDA","CB750 Hornet","León","755",5
"HONDA","CB750 Hornet","Lleida","755",2
"HONDA","CB750 Hornet","Madrid","755",10
"HONDA","CB750 Hornet","Málaga","755",8
"HONDA","CB750 Hornet","Murcia","755",4
"HONDA","CB750 Hornet","Navarra","755",1
"HONDA","CB750 Hornet","Pontevedra","755",4
"HONDA","CB750 Hornet","Rioja (La)","755",1
"HONDA","CB750 Hornet","Salamanca","755",1
"HONDA","CB750 Hornet","Santa Cruz de Tenerife","755",2
"HONDA","CB750 Hornet","Segovia","755",1
"HONDA","CB750 Hornet","Sevilla","755",4
"HONDA","CB750 Hornet","Tarragona","755",5
"HONDA","CB750 Hornet","Teruel","755",1
"HONDA","CB750 Hornet","Toledo","755",3
"HONDA","CB750 Hornet","Valencia/València","755",11
"HONDA","CB750 Hornet","Zaragoza","755",1
"HONDA","CBF 125","Alicante/Alacant","125",1
"HONDA","CBF 125","Badajoz","125",3
"HONDA","CBF 125","Barcelona","125",11
"HONDA","CBF 125","Bizkaia","125",2
"HONDA","CBF 125","Cádiz","125",1
"HONDA","CBF 125","Cantabria","125",1
"HONDA","CBF 125","Córdoba","125",2
"HONDA","CBF 125","Coruña (A)","125",3
"HONDA","CBF 125","Girona","125",4
"HONDA","CBF 125","Granada","125",1
"HONDA","CBF 125","Huelva","125",1
"HONDA","CBF 125","Illes Balears","125",6
"HONDA","CBF 125","León","125",2
"HONDA","CBF 125","Lleida","125",3
"HONDA","CBF 125","Madrid","125",5
"HONDA","CBF 125","Málaga","125",4
"HONDA","CBF 125","Murcia","125",1
"HONDA","CBF 125","Palmas (Las)","125",3
"HONDA","CBF 125","Rioja (La)","125",1
"HONDA","CBF 125","Salamanca","125",2
"HONDA","CBF 125","Santa Cruz de Tenerife","125",3
"HONDA","CBF 125","Tarragona","125",2
"HONDA","CBF 125","Valencia/València","125",8
"HONDA","CBF 125","Valladolid","125",1
"HONDA","CBF300NA","Asturias","286",1
"HONDA","CBF300NA","Cuenca","286",1
"HONDA","CBF300NA","Girona","286",1
"HONDA","CBF300NA","Granada","286",4
"HONDA","CBF300NA","Málaga","286",1
"HONDA","CBR 650 R","Álava/Araba","649",1
"HONDA","CBR 650 R","Alicante/Alacant","649",8
"HONDA","CBR 650 R","Almería","649",1
"HONDA","CBR 650 R","Asturias","649",1
"HONDA","CBR 650 R","Badajoz","649",1
"HONDA","CBR 650 R","Barcelona","649",18
"HONDA","CBR 650 R","Burgos","649",1
"HONDA","CBR 650 R","Cádiz","649",2
"HONDA","CBR 650 R","Córdoba","649",3
"HONDA","CBR 650 R","Coruña (A)","649",1
"HONDA","CBR 650 R","Gipuzkoa","649",1
"HONDA","CBR 650 R","Girona","649",2
"HONDA","CBR 650 R","Granada","649",2
"HONDA","CBR 650 R","Huesca","649",1
"HONDA","CBR 650 R","Illes Balears","649",2
"HONDA","CBR 650 R","León","649",1
"HONDA","CBR 650 R","Lleida","649",2
"HONDA","CBR 650 R","Madrid","649",14
"HONDA","CBR 650 R","Málaga","649",6
"HONDA","CBR 650 R","Murcia","649",2
"HONDA","CBR 650 R","Palmas (Las)","649",8
"HONDA","CBR 650 R","Salamanca","649",1
"HONDA","CBR 650 R","Santa Cruz de Tenerife","649",4
"HONDA","CBR 650 R","Segovia","649",1
"HONDA","CBR 650 R","Sevilla","649",2
"HONDA","CBR 650 R","Tarragona","649",4
"HONDA","CBR 650 R","Toledo","649",1
"HONDA","CBR 650 R","Valencia/València","649",6
"HONDA","CBR 650 R","Valladolid","649",1
"HONDA","CBR 650 R","Zaragoza","649",3
"HONDA","CBR1000","Alicante/Alacant","1000",1
"HONDA","CBR1000","Santa Cruz de Tenerife","1000",1
"HONDA","CBR1000","Valencia/València","1000",1
"HONDA","CBR500","Albacete","471",2
"HONDA","CBR500","Alicante/Alacant","471",2
"HONDA","CBR500","Asturias","471",2
"HONDA","CBR500","Badajoz","471",1
"HONDA","CBR500","Barcelona","471",11
"HONDA","CBR500","Cádiz","471",1
"HONDA","CBR500","Cantabria","471",1
"HONDA","CBR500","Gipuzkoa","471",2
"HONDA","CBR500","Girona","471",1
"HONDA","CBR500","Illes Balears","471",3
"HONDA","CBR500","Jaén","471",2
"HONDA","CBR500","Lugo","471",1
"HONDA","CBR500","Madrid","471",14
"HONDA","CBR500","Málaga","471",2
"HONDA","CBR500","Murcia","471",1
"HONDA","CBR500","Ourense","471",1
"HONDA","CBR500","Palmas (Las)","471",4
"HONDA","CBR500","Pontevedra","471",1
"HONDA","CBR500","Rioja (La)","471",1
"HONDA","CBR500","Salamanca","471",3
"HONDA","CBR500","Santa Cruz de Tenerife","471",1
"HONDA","CBR500","Sevilla","471",1
"HONDA","CBR500","Tarragona","471",1
"HONDA","CBR500","Toledo","471",1
"HONDA","CBR500","Valencia/València","471",2
"HONDA","CBR500","Zaragoza","471",2
"HONDA","CBR600R3","Alicante/Alacant","599",2
"HONDA","CBR600R3","Almería","599",2
"HONDA","CBR600R3","Barcelona","599",11
"HONDA","CBR600R3","Bizkaia","599",1
"HONDA","CBR600R3","Burgos","599",1
"HONDA","CBR600R3","Cáceres","599",1
"HONDA","CBR600R3","Cádiz","599",8
"HONDA","CBR600R3","Cantabria","599",3
"HONDA","CBR600R3","Castellón/Castelló","599",2
"HONDA","CBR600R3","Córdoba","599",1
"HONDA","CBR600R3","Coruña (A)","599",2
"HONDA","CBR600R3","Girona","599",2
"HONDA","CBR600R3","Granada","599",2
"HONDA","CBR600R3","Illes Balears","599",1
"HONDA","CBR600R3","León","599",1
"HONDA","CBR600R3","Lleida","599",2
"HONDA","CBR600R3","Madrid","599",15
"HONDA","CBR600R3","Málaga","599",5
"HONDA","CBR600R3","Murcia","599",3
"HONDA","CBR600R3","Navarra","599",2
"HONDA","CBR600R3","Palmas (Las)","599",3
"HONDA","CBR600R3","Pontevedra","599",1
"HONDA","CBR600R3","Salamanca","599",1
"HONDA","CBR600R3","Santa Cruz de Tenerife","599",7
"HONDA","CBR600R3","Sevilla","599",1
"HONDA","CBR600R3","Toledo","599",1
"HONDA","CBR600R3","Valencia/València","599",4
"HONDA","CBR600R3","Zaragoza","599",2
"HONDA","CBR650RA","Palmas (Las)","649",1
"HONDA","CBR650RA","Santa Cruz de Tenerife","649",1
"HONDA","CL500","Alicante/Alacant","471",1
"HONDA","CL500","Barcelona","471",6
"HONDA","CL500","Cádiz","471",2
"HONDA","CL500","Cantabria","471",1
"HONDA","CL500","Córdoba","471",1
"HONDA","CL500","Coruña (A)","471",1
"HONDA","CL500","Gipuzkoa","471",1
"HONDA","CL500","Girona","471",1
"HONDA","CL500","Granada","471",2
"HONDA","CL500","Illes Balears","471",1
"HONDA","CL500","Jaén","471",1
"HONDA","CL500","León","471",2
"HONDA","CL500","Lleida","471",1
"HONDA","CL500","Madrid","471",3
"HONDA","CL500","Málaga","471",2
"HONDA","CL500","Ourense","471",1
"HONDA","CL500","Rioja (La)","471",1
"HONDA","CL500","Salamanca","471",1
"HONDA","CL500","Valencia/València","471",3
"HONDA","CMX1100","Álava/Araba","1084",1
"HONDA","CMX1100","Alicante/Alacant","1084",2
"HONDA","CMX1100","Almería","1084",2
"HONDA","CMX1100","Asturias","1084",1
"HONDA","CMX1100","Barcelona","1084",3
"HONDA","CMX1100","Burgos","1084",1
"HONDA","CMX1100","Córdoba","1084",1
"HONDA","CMX1100","Coruña (A)","1084",2
"HONDA","CMX1100","Girona","1084",1
"HONDA","CMX1100","Huesca","1084",1
"HONDA","CMX1100","Jaén","1084",1
"HONDA","CMX1100","Madrid","1084",2
"HONDA","CMX1100","Palmas (Las)","1084",1
"HONDA","CMX1100","Rioja (La)","1084",1
"HONDA","CMX1100","Toledo","1084",1
"HONDA","CMX1100","Valencia/València","1084",5
"HONDA","CRF 300 L","Badajoz","286",3
"HONDA","CRF 300 L","Barcelona","286",7
"HONDA","CRF 300 L","Bizkaia","286",2
"HONDA","CRF 300 L","Cádiz","286",1
"HONDA","CRF 300 L","Cantabria","286",2
"HONDA","CRF 300 L","Córdoba","286",2
"HONDA","CRF 300 L","Granada","286",2
"HONDA","CRF 300 L","Illes Balears","286",2
"HONDA","CRF 300 L","Lugo","286",1
"HONDA","CRF 300 L","Madrid","286",1
"HONDA","CRF 300 L","Málaga","286",2
"HONDA","CRF 300 L","Murcia","286",2
"HONDA","CRF 300 L","Sevilla","286",2
"HONDA","CRF 300 L","Tarragona","286",2
"HONDA","CRF 300 L","Valencia/València","286",1
"HONDA","CRF 300 L","Valladolid","286",1
"HONDA","CRF 300 L","Zaragoza","286",1
"HONDA","CRF1100L Africa Twin","Alicante/Alacant","1084",1
"HONDA","CRF1100L Africa Twin","Almería","1084",2
"HONDA","CRF1100L Africa Twin","Badajoz","1084",1
"HONDA","CRF1100L Africa Twin","Barcelona","1084",9
"HONDA","CRF1100L Africa Twin","Bizkaia","1084",1
"HONDA","CRF1100L Africa Twin","Cádiz","1084",2
"HONDA","CRF1100L Africa Twin","Castellón/Castelló","1084",1
"HONDA","CRF1100L Africa Twin","Girona","1084",1
"HONDA","CRF1100L Africa Twin","Jaén","1084",2
"HONDA","CRF1100L Africa Twin","Madrid","1084",5
"HONDA","CRF1100L Africa Twin","Málaga","1084",2
"HONDA","CRF1100L Africa Twin","Murcia","1084",1
"HONDA","CRF1100L Africa Twin","Palmas (Las)","1084",6
"HONDA","CRF1100L Africa Twin","Salamanca","1084",1
"HONDA","CRF1100L Africa Twin","Santa Cruz de Tenerife","1084",8
"HONDA","CRF1100L Africa Twin","Sevilla","1084",1
"HONDA","CRF1100L Africa Twin","Tarragona","1084",2
"HONDA","CRF1100L Africa Twin","Valencia/València","1084",2
"HONDA","CRF300LRA","Almería","286",1
"HONDA","CRF300LRA","Badajoz","286",1
"HONDA","CRF300LRA","Barcelona","286",3
"HONDA","CRF300LRA","Cantabria","286",1
"HONDA","CRF300LRA","Córdoba","286",1
"HONDA","CRF300LRA","Girona","286",1
"HONDA","CRF300LRA","Madrid","286",1
"HONDA","CRF300LRA","Murcia","286",1
"HONDA","CRF300LRA","Palmas (Las)","286",2
"HONDA","CRF300LRA","Tarragona","286",1
"HONDA","CRF300LRA","Valencia/València","286",1
"HONDA","FORZA 350","Albacete","330",2
"HONDA","FORZA 350","Alicante/Alacant","330",7
"HONDA","FORZA 350","Almería","330",1
"HONDA","FORZA 350","Asturias","330",2
"HONDA","FORZA 350","Barcelona","330",55
"HONDA","FORZA 350","Bizkaia","330",4
"HONDA","FORZA 350","Cádiz","330",6
"HONDA","FORZA 350","Cantabria","330",2
"HONDA","FORZA 350","Castellón/Castelló","330",2
"HONDA","FORZA 350","Ceuta","330",2
"HONDA","FORZA 350","Córdoba","330",1
"HONDA","FORZA 350","Gipuzkoa","330",6
"HONDA","FORZA 350","Girona","330",8
"HONDA","FORZA 350","Granada","330",7
"HONDA","FORZA 350","Huelva","330",1
"HONDA","FORZA 350","Illes Balears","330",20
"HONDA","FORZA 350","Jaén","330",1
"HONDA","FORZA 350","Lleida","330",2
"HONDA","FORZA 350","Madrid","330",15
"HONDA","FORZA 350","Málaga","330",12
"HONDA","FORZA 350","Melilla","330",1
"HONDA","FORZA 350","Murcia","330",5
"HONDA","FORZA 350","Navarra","330",1
"HONDA","FORZA 350","Palmas (Las)","330",11
"HONDA","FORZA 350","Pontevedra","330",9
"HONDA","FORZA 350","Santa Cruz de Tenerife","330",9
"HONDA","FORZA 350","Segovia","330",1
"HONDA","FORZA 350","Sevilla","330",6
"HONDA","FORZA 350","Tarragona","330",5
"HONDA","FORZA 350","Valencia/València","330",23
"HONDA","FORZA 350","Valladolid","330",3
"HONDA","FORZA 350","Zaragoza","330",2
"HONDA","FORZA 750","Albacete","745",1
"HONDA","FORZA 750","Alicante/Alacant","745",4
"HONDA","FORZA 750","Almería","745",1
"HONDA","FORZA 750","Asturias","745",1
"HONDA","FORZA 750","Barcelona","745",27
"HONDA","FORZA 750","Burgos","745",1
"HONDA","FORZA 750","Cádiz","745",5
"HONDA","FORZA 750","Castellón/Castelló","745",3
"HONDA","FORZA 750","Córdoba","745",3
"HONDA","FORZA 750","Coruña (A)","745",2
"HONDA","FORZA 750","Gipuzkoa","745",4
"HONDA","FORZA 750","Girona","745",3
"HONDA","FORZA 750","Granada","745",4
"HONDA","FORZA 750","Huelva","745",1
"HONDA","FORZA 750","Illes Balears","745",6
"HONDA","FORZA 750","Madrid","745",13
"HONDA","FORZA 750","Málaga","745",10
"HONDA","FORZA 750","Murcia","745",3
"HONDA","FORZA 750","Palencia","745",1
"HONDA","FORZA 750","Palmas (Las)","745",3
"HONDA","FORZA 750","Pontevedra","745",3
"HONDA","FORZA 750","Santa Cruz de Tenerife","745",4
"HONDA","FORZA 750","Sevilla","745",3
"HONDA","FORZA 750","Tarragona","745",3
"HONDA","FORZA 750","Valencia/València","745",11
"HONDA","FORZA 750","Valladolid","745",1
"HONDA","FORZA125","Álava/Araba","125",2
"HONDA","FORZA125","Albacete","125",3
"HONDA","FORZA125","Alicante/Alacant","125",40
"HONDA","FORZA125","Almería","125",3
"HONDA","FORZA125","Asturias","125",1
"HONDA","FORZA125","Badajoz","125",2
"HONDA","FORZA125","Barcelona","125",121
"HONDA","FORZA125","Bizkaia","125",13
"HONDA","FORZA125","Cádiz","125",18
"HONDA","FORZA125","Cantabria","125",7
"HONDA","FORZA125","Castellón/Castelló","125",5
"HONDA","FORZA125","Ceuta","125",2
"HONDA","FORZA125","Ciudad Real","125",1
"HONDA","FORZA125","Córdoba","125",8
"HONDA","FORZA125","Coruña (A)","125",2
"HONDA","FORZA125","Gipuzkoa","125",9
"HONDA","FORZA125","Girona","125",11
"HONDA","FORZA125","Granada","125",8
"HONDA","FORZA125","Guadalajara","125",1
"HONDA","FORZA125","Huelva","125",3
"HONDA","FORZA125","Huesca","125",2
"HONDA","FORZA125","Illes Balears","125",37
"HONDA","FORZA125","Jaén","125",4
"HONDA","FORZA125","León","125",1
"HONDA","FORZA125","Lleida","125",3
"HONDA","FORZA125","Madrid","125",41
"HONDA","FORZA125","Málaga","125",46
"HONDA","FORZA125","Murcia","125",9
"HONDA","FORZA125","Ourense","125",3
"HONDA","FORZA125","Palencia","125",2
"HONDA","FORZA125","Palmas (Las)","125",28
"HONDA","FORZA125","Pontevedra","125",11
"HONDA","FORZA125","Rioja (La)","125",1
"HONDA","FORZA125","Salamanca","125",1
"HONDA","FORZA125","Santa Cruz de Tenerife","125",38
"HONDA","FORZA125","Sevilla","125",30
"HONDA","FORZA125","Soria","125",1
"HONDA","FORZA125","Tarragona","125",9
"HONDA","FORZA125","Toledo","125",1
"HONDA","FORZA125","Valencia/València","125",45
"HONDA","FORZA125","Valladolid","125",4
"HONDA","FORZA125","Zaragoza","125",4
"HONDA","GB350S","Alicante/Alacant","348",4
"HONDA","GB350S","Barcelona","348",17
"HONDA","GB350S","Bizkaia","348",1
"HONDA","GB350S","Cáceres","348",1
"HONDA","GB350S","Cantabria","348",1
"HONDA","GB350S","Castellón/Castelló","348",4
"HONDA","GB350S","Ciudad Real","348",1
"HONDA","GB350S","Córdoba","348",3
"HONDA","GB350S","Coruña (A)","348",2
"HONDA","GB350S","Gipuzkoa","348",1
"HONDA","GB350S","Girona","348",2
"HONDA","GB350S","Granada","348",2
"HONDA","GB350S","Guadalajara","348",1
"HONDA","GB350S","Huelva","348",2
"HONDA","GB350S","Illes Balears","348",3
"HONDA","GB350S","León","348",1
"HONDA","GB350S","Lleida","348",1
"HONDA","GB350S","Madrid","348",7
"HONDA","GB350S","Málaga","348",4
"HONDA","GB350S","Murcia","348",3
"HONDA","GB350S","Palmas (Las)","348",1
"HONDA","GB350S","Rioja (La)","348",1
"HONDA","GB350S","Sevilla","348",2
"HONDA","GB350S","Tarragona","348",1
"HONDA","GB350S","Valencia/València","348",4
"HONDA","GB350S","Valladolid","348",2
"HONDA","GL1800BD","Barcelona","1833",2
"HONDA","GL1800BD","Madrid","1833",1
"HONDA","GL1800BD","Santa Cruz de Tenerife","1833",1
"HONDA","GL1800BD","Valencia/València","1833",1
"HONDA","GL1800DA","Alicante/Alacant","1833",2
"HONDA","GL1800DA","Asturias","1833",1
"HONDA","GL1800DA","Barcelona","1833",1
"HONDA","GL1800DA","Gipuzkoa","1833",1
"HONDA","GL1800DA","Madrid","1833",2
"HONDA","GL1800DA","Valencia/València","1833",1
"HONDA","GL1800DA","Valladolid","1833",2
"HONDA","HONDA CBR 400 RR","Coruña (A)","399",1
"HONDA","MSX125A","Barcelona","124",1
"HONDA","MSX125A","Granada","124",1
"HONDA","MSX125A","Jaén","124",1
"HONDA","MSX125A","Lleida","124",1
"HONDA","MSX125A","Madrid","124",2
"HONDA","MSX125A","Palmas (Las)","124",4
"HONDA","MSX125A","Pontevedra","124",1
"HONDA","MSX125A","Santa Cruz de Tenerife","124",3
"HONDA","MSX125A","Tarragona","124",1
"HONDA","MSX125A","Valencia/València","124",1
"HONDA","NC 750 X","Álava/Araba","745",1
"HONDA","NC 750 X","Albacete","745",1
"HONDA","NC 750 X","Alicante/Alacant","745",4
"HONDA","NC 750 X","Almería","745",3
"HONDA","NC 750 X","Asturias","745",2
"HONDA","NC 750 X","Badajoz","745",2
"HONDA","NC 750 X","Barcelona","745",13
"HONDA","NC 750 X","Bizkaia","745",1
"HONDA","NC 750 X","Cáceres","745",2
"HONDA","NC 750 X","Cádiz","745",1
"HONDA","NC 750 X","Cantabria","745",2
"HONDA","NC 750 X","Castellón/Castelló","745",1
"HONDA","NC 750 X","Coruña (A)","745",1
"HONDA","NC 750 X","Girona","745",1
"HONDA","NC 750 X","Granada","745",2
"HONDA","NC 750 X","Illes Balears","745",5
"HONDA","NC 750 X","León","745",2
"HONDA","NC 750 X","Lugo","745",1
"HONDA","NC 750 X","Madrid","745",15
"HONDA","NC 750 X","Málaga","745",8
"HONDA","NC 750 X","Murcia","745",2
"HONDA","NC 750 X","Navarra","745",1
"HONDA","NC 750 X","Ourense","745",2
"HONDA","NC 750 X","Palmas (Las)","745",6
"HONDA","NC 750 X","Pontevedra","745",3
"HONDA","NC 750 X","Rioja (La)","745",1
"HONDA","NC 750 X","Santa Cruz de Tenerife","745",2
"HONDA","NC 750 X","Sevilla","745",3
"HONDA","NC 750 X","Valencia/València","745",10
"HONDA","NC 750 X","Valladolid","745",1
"HONDA","NC 750 X","Zaragoza","745",1
"HONDA","NT1100","Álava/Araba","1084",1
"HONDA","NT1100","Albacete","1084",1
"HONDA","NT1100","Alicante/Alacant","1084",2
"HONDA","NT1100","Almería","1084",1
"HONDA","NT1100","Ávila","1084",1
"HONDA","NT1100","Barcelona","1084",11
"HONDA","NT1100","Burgos","1084",1
"HONDA","NT1100","Cantabria","1084",1
"HONDA","NT1100","Castellón/Castelló","1084",1
"HONDA","NT1100","Ceuta","1084",1
"HONDA","NT1100","Ciudad Real","1084",1
"HONDA","NT1100","Córdoba","1084",3
"HONDA","NT1100","Coruña (A)","1084",1
"HONDA","NT1100","Gipuzkoa","1084",2
"HONDA","NT1100","Girona","1084",3
"HONDA","NT1100","Illes Balears","1084",2
"HONDA","NT1100","Lugo","1084",1
"HONDA","NT1100","Madrid","1084",8
"HONDA","NT1100","Málaga","1084",2
"HONDA","NT1100","Palmas (Las)","1084",1
"HONDA","NT1100","Pontevedra","1084",1
"HONDA","NT1100","Santa Cruz de Tenerife","1084",1
"HONDA","NT1100","Sevilla","1084",1
"HONDA","NT1100","Valencia/València","1084",5
"HONDA","NT1100","Valladolid","1084",1
"HONDA","NT1100","Zaragoza","1084",2
"HONDA","PCX125","Álava/Araba","125",6
"HONDA","PCX125","Albacete","125",10
"HONDA","PCX125","Alicante/Alacant","125",79
"HONDA","PCX125","Almería","125",31
"HONDA","PCX125","Asturias","125",8
"HONDA","PCX125","Ávila","125",1
"HONDA","PCX125","Badajoz","125",8
"HONDA","PCX125","Barcelona","125",121
"HONDA","PCX125","Bizkaia","125",15
"HONDA","PCX125","Cáceres","125",3
"HONDA","PCX125","Cádiz","125",98
"HONDA","PCX125","Cantabria","125",8
"HONDA","PCX125","Castellón/Castelló","125",10
"HONDA","PCX125","Ceuta","125",3
"HONDA","PCX125","Ciudad Real","125",3
"HONDA","PCX125","Córdoba","125",32
"HONDA","PCX125","Coruña (A)","125",16
"HONDA","PCX125","Cuenca","125",3
"HONDA","PCX125","Gipuzkoa","125",10
"HONDA","PCX125","Girona","125",13
"HONDA","PCX125","Granada","125",54
"HONDA","PCX125","Guadalajara","125",1
"HONDA","PCX125","Huelva","125",33
"HONDA","PCX125","Huesca","125",1
"HONDA","PCX125","Illes Balears","125",81
"HONDA","PCX125","Jaén","125",12
"HONDA","PCX125","León","125",3
"HONDA","PCX125","Lleida","125",9
"HONDA","PCX125","Lugo","125",1
"HONDA","PCX125","Madrid","125",95
"HONDA","PCX125","Málaga","125",104
"HONDA","PCX125","Melilla","125",5
"HONDA","PCX125","Murcia","125",46
"HONDA","PCX125","Navarra","125",4
"HONDA","PCX125","Ourense","125",3
"HONDA","PCX125","Palencia","125",3
"HONDA","PCX125","Palmas (Las)","125",30
"HONDA","PCX125","Pontevedra","125",33
"HONDA","PCX125","Rioja (La)","125",6
"HONDA","PCX125","Salamanca","125",3
"HONDA","PCX125","Santa Cruz de Tenerife","125",53
"HONDA","PCX125","Segovia","125",1
"HONDA","PCX125","Sevilla","125",37
"HONDA","PCX125","Soria","125",1
"HONDA","PCX125","Tarragona","125",10
"HONDA","PCX125","Teruel","125",2
"HONDA","PCX125","Toledo","125",1
"HONDA","PCX125","Valencia/València","125",100
"HONDA","PCX125","Valladolid","125",8
"HONDA","PCX125","Zamora","125",1
"HONDA","PCX125","Zaragoza","125",14
"HONDA","Rebel 500","Alicante/Alacant","471",6
"HONDA","Rebel 500","Almería","471",2
"HONDA","Rebel 500","Asturias","471",1
"HONDA","Rebel 500","Badajoz","471",1
"HONDA","Rebel 500","Barcelona","471",19
"HONDA","Rebel 500","Bizkaia","471",1
"HONDA","Rebel 500","Cádiz","471",4
"HONDA","Rebel 500","Cantabria","471",1
"HONDA","Rebel 500","Ciudad Real","471",1
"HONDA","Rebel 500","Córdoba","471",1
"HONDA","Rebel 500","Coruña (A)","471",2
"HONDA","Rebel 500","Girona","471",3
"HONDA","Rebel 500","Granada","471",1
"HONDA","Rebel 500","Huelva","471",1
"HONDA","Rebel 500","Illes Balears","471",4
"HONDA","Rebel 500","Jaén","471",1
"HONDA","Rebel 500","León","471",1
"HONDA","Rebel 500","Lugo","471",1
"HONDA","Rebel 500","Madrid","471",11
"HONDA","Rebel 500","Málaga","471",6
"HONDA","Rebel 500","Murcia","471",3
"HONDA","Rebel 500","Ourense","471",2
"HONDA","Rebel 500","Palencia","471",1
"HONDA","Rebel 500","Palmas (Las)","471",2
"HONDA","Rebel 500","Pontevedra","471",5
"HONDA","Rebel 500","Santa Cruz de Tenerife","471",1
"HONDA","Rebel 500","Sevilla","471",4
"HONDA","Rebel 500","Tarragona","471",1
"HONDA","Rebel 500","Toledo","471",2
"HONDA","Rebel 500","Valencia/València","471",3
"HONDA","REBEL 500","Cádiz","471",1
"HONDA","SH Mode 125","Álava/Araba","125",2
"HONDA","SH Mode 125","Albacete","125",1
"HONDA","SH Mode 125","Alicante/Alacant","125",8
"HONDA","SH Mode 125","Badajoz","125",1
"HONDA","SH Mode 125","Barcelona","125",57
"HONDA","SH Mode 125","Cádiz","125",5
"HONDA","SH Mode 125","Cantabria","125",2
"HONDA","SH Mode 125","Ceuta","125",1
"HONDA","SH Mode 125","Córdoba","125",3
"HONDA","SH Mode 125","Cuenca","125",1
"HONDA","SH Mode 125","Gipuzkoa","125",8
"HONDA","SH Mode 125","Girona","125",22
"HONDA","SH Mode 125","Granada","125",1
"HONDA","SH Mode 125","Huelva","125",1
"HONDA","SH Mode 125","Illes Balears","125",19
"HONDA","SH Mode 125","León","125",2
"HONDA","SH Mode 125","Lleida","125",1
"HONDA","SH Mode 125","Madrid","125",1
"HONDA","SH Mode 125","Málaga","125",16
"HONDA","SH Mode 125","Murcia","125",7
"HONDA","SH Mode 125","Navarra","125",1
"HONDA","SH Mode 125","Palmas (Las)","125",2
"HONDA","SH Mode 125","Salamanca","125",1
"HONDA","SH Mode 125","Santa Cruz de Tenerife","125",2
"HONDA","SH Mode 125","Sevilla","125",1
"HONDA","SH Mode 125","Tarragona","125",3
"HONDA","SH Mode 125","Valencia/València","125",4
"HONDA","SH Mode 125","Zaragoza","125",1
"HONDA","SH125i","Albacete","125",1
"HONDA","SH125i","Alicante/Alacant","125",28
"HONDA","SH125i","Almería","125",1
"HONDA","SH125i","Badajoz","125",1
"HONDA","SH125i","Barcelona","125",220
"HONDA","SH125i","Bizkaia","125",4
"HONDA","SH125i","Cádiz","125",10
"HONDA","SH125i","Cantabria","125",2
"HONDA","SH125i","Castellón/Castelló","125",3
"HONDA","SH125i","Ceuta","125",23
"HONDA","SH125i","Córdoba","125",5
"HONDA","SH125i","Gipuzkoa","125",40
"HONDA","SH125i","Girona","125",45
"HONDA","SH125i","Granada","125",8
"HONDA","SH125i","Huelva","125",1
"HONDA","SH125i","Illes Balears","125",25
"HONDA","SH125i","Lleida","125",1
"HONDA","SH125i","Lugo","125",1
"HONDA","SH125i","Madrid","125",12
"HONDA","SH125i","Málaga","125",133
"HONDA","SH125i","Murcia","125",6
"HONDA","SH125i","Palmas (Las)","125",2
"HONDA","SH125i","Rioja (La)","125",1
"HONDA","SH125i","Santa Cruz de Tenerife","125",3
"HONDA","SH125i","Segovia","125",1
"HONDA","SH125i","Sevilla","125",2
"HONDA","SH125i","Tarragona","125",13
"HONDA","SH125i","Toledo","125",1
"HONDA","SH125i","Valencia/València","125",13
"HONDA","SH125i","Valladolid","125",1
"HONDA","SH125i","Zaragoza","125",3
"HONDA","SH350i","Alicante/Alacant","330",9
"HONDA","SH350i","Barcelona","330",70
"HONDA","SH350i","Bizkaia","330",1
"HONDA","SH350i","Cádiz","330",4
"HONDA","SH350i","Ceuta","330",2
"HONDA","SH350i","Córdoba","330",2
"HONDA","SH350i","Gipuzkoa","330",13
"HONDA","SH350i","Girona","330",17
"HONDA","SH350i","Granada","330",5
"HONDA","SH350i","Huelva","330",1
"HONDA","SH350i","Huesca","330",1
"HONDA","SH350i","Illes Balears","330",11
"HONDA","SH350i","Lleida","330",1
"HONDA","SH350i","Madrid","330",1
"HONDA","SH350i","Málaga","330",19
"HONDA","SH350i","Palmas (Las)","330",4
"HONDA","SH350i","Santa Cruz de Tenerife","330",3
"HONDA","SH350i","Tarragona","330",1
"HONDA","SH350i","Valencia/València","330",2
"HONDA","SH350i","Zaragoza","330",1
"HONDA","ST125A","Alicante/Alacant","124",1
"HONDA","ST125A","Barcelona","124",2
"HONDA","ST125A","Bizkaia","124",1
"HONDA","ST125A","Cádiz","124",1
"HONDA","ST125A","Ceuta","124",2
"HONDA","ST125A","Gipuzkoa","124",1
"HONDA","ST125A","Girona","124",1
"HONDA","ST125A","Illes Balears","124",3
"HONDA","ST125A","Madrid","124",1
"HONDA","ST125A","Málaga","124",1
"HONDA","ST125A","Murcia","124",1
"HONDA","ST125A","Palmas (Las)","124",5
"HONDA","ST125A","Santa Cruz de Tenerife","124",3
"HONDA","ST125A","Valencia/València","124",1
"HONDA","ST125A","Zaragoza","124",1
"HONDA","VISION 110","Álava/Araba","109",2
"HONDA","VISION 110","Albacete","109",2
"HONDA","VISION 110","Alicante/Alacant","109",12
"HONDA","VISION 110","Almería","109",3
"HONDA","VISION 110","Asturias","109",4
"HONDA","VISION 110","Badajoz","109",3
"HONDA","VISION 110","Barcelona","109",149
"HONDA","VISION 110","Bizkaia","109",6
"HONDA","VISION 110","Cáceres","109",2
"HONDA","VISION 110","Cádiz","109",8
"HONDA","VISION 110","Cantabria","109",2
"HONDA","VISION 110","Castellón/Castelló","109",2
"HONDA","VISION 110","Ceuta","109",10
"HONDA","VISION 110","Coruña (A)","109",1
"HONDA","VISION 110","Gipuzkoa","109",6
"HONDA","VISION 110","Girona","109",41
"HONDA","VISION 110","Granada","109",5
"HONDA","VISION 110","Huelva","109",3
"HONDA","VISION 110","Huesca","109",1
"HONDA","VISION 110","Illes Balears","109",20
"HONDA","VISION 110","Jaén","109",2
"HONDA","VISION 110","Lleida","109",4
"HONDA","VISION 110","Lugo","109",1
"HONDA","VISION 110","Madrid","109",10
"HONDA","VISION 110","Málaga","109",40
"HONDA","VISION 110","Melilla","109",2
"HONDA","VISION 110","Murcia","109",2
"HONDA","VISION 110","Navarra","109",1
"HONDA","VISION 110","Rioja (La)","109",2
"HONDA","VISION 110","Sevilla","109",7
"HONDA","VISION 110","Tarragona","109",7
"HONDA","VISION 110","Valencia/València","109",18
"HONDA","VISION 110","Zaragoza","109",10
"HONDA","XL750 Transalp","Álava/Araba","755",1
"HONDA","XL750 Transalp","Alicante/Alacant","755",9
"HONDA","XL750 Transalp","Almería","755",7
"HONDA","XL750 Transalp","Asturias","755",6
"HONDA","XL750 Transalp","Ávila","755",1
"HONDA","XL750 Transalp","Badajoz","755",1
"HONDA","XL750 Transalp","Barcelona","755",35
"HONDA","XL750 Transalp","Bizkaia","755",2
"HONDA","XL750 Transalp","Cáceres","755",1
"HONDA","XL750 Transalp","Cádiz","755",6
"HONDA","XL750 Transalp","Cantabria","755",1
"HONDA","XL750 Transalp","Castellón/Castelló","755",4
"HONDA","XL750 Transalp","Córdoba","755",1
"HONDA","XL750 Transalp","Coruña (A)","755",6
"HONDA","XL750 Transalp","Cuenca","755",2
"HONDA","XL750 Transalp","Girona","755",3
"HONDA","XL750 Transalp","Granada","755",6
"HONDA","XL750 Transalp","Huelva","755",3
"HONDA","XL750 Transalp","Huesca","755",1
"HONDA","XL750 Transalp","Illes Balears","755",14
"HONDA","XL750 Transalp","León","755",2
"HONDA","XL750 Transalp","Lleida","755",2
"HONDA","XL750 Transalp","Lugo","755",1
"HONDA","XL750 Transalp","Madrid","755",18
"HONDA","XL750 Transalp","Málaga","755",7
"HONDA","XL750 Transalp","Murcia","755",7
"HONDA","XL750 Transalp","Navarra","755",3
"HONDA","XL750 Transalp","Palmas (Las)","755",3
"HONDA","XL750 Transalp","Pontevedra","755",1
"HONDA","XL750 Transalp","Rioja (La)","755",3
"HONDA","XL750 Transalp","Santa Cruz de Tenerife","755",6
"HONDA","XL750 Transalp","Tarragona","755",5
"HONDA","XL750 Transalp","Valencia/València","755",18
"HONDA","XL750 Transalp","Valladolid","755",1
"HONDA","XL750 Transalp","Zaragoza","755",1
"HONDA","Z125MA","Alicante/Alacant","124",1
"HONDA","Z125MA","Barcelona","124",1
"HONDA","Z125MA","Cádiz","124",3
"HONDA","Z125MA","Castellón/Castelló","124",1
"HONDA","Z125MA","Córdoba","124",1
"HONDA","Z125MA","Girona","124",1
"HONDA","Z125MA","Illes Balears","124",1
"HONDA","Z125MA","León","124",2
"HONDA","Z125MA","Madrid","124",1
"HONDA","Z125MA","Málaga","124",2
"HONDA","Z125MA","Segovia","124",1
"HONDA","Z125MA","Tarragona","124",1
"HONDA","Z125MA","Valencia/València","124",1
"HUSQVARNA","HUSQVARNA 801 SVARTPIL","Albacete","799",1
"HUSQVARNA","HUSQVARNA 801 SVARTPIL","Guadalajara","799",1
"HUSQVARNA","HUSQVARNA 801 SVARTPIL","Madrid","799",4
"HUSQVARNA","HUSQVARNA 801 SVARTPIL","Zaragoza","799",4
"HUSQVARNA","HUSQVARNA 801 VITPILEN","Zaragoza","799",1
"HUSQVARNA","HUSQVARNA 901 NORDEN","Asturias","889",1
"HUSQVARNA","HUSQVARNA 901 NORDEN","Cantabria","889",1
"HUSQVARNA","HUSQVARNA 901 NORDEN","Madrid","889",2
"HUSQVARNA","HUSQVARNA 901 NORDEN","Palencia","889",1
"HUSQVARNA","HUSQVARNA 901 NORDEN","Valencia/València","889",1
"HUSQVARNA","HUSQVARNA 901 NORDEN","Valladolid","889",1
"HUSQVARNA","HUSQVARNA 901 NORDEN E","Álava/Araba","889",1
"HUSQVARNA","HUSQVARNA 901 NORDEN E","Alicante/Alacant","889",1
"HUSQVARNA","HUSQVARNA 901 NORDEN E","Ávila","889",1
"HUSQVARNA","HUSQVARNA 901 NORDEN E","Badajoz","889",1
"HUSQVARNA","HUSQVARNA 901 NORDEN E","Cantabria","889",1
"HUSQVARNA","HUSQVARNA 901 NORDEN E","Lugo","889",1
"HUSQVARNA","HUSQVARNA 901 NORDEN E","Madrid","889",5
"HUSQVARNA","HUSQVARNA 901 NORDEN E","Santa Cruz de Tenerife","889",1
"HUSQVARNA","HUSQVARNA 901 NORDEN E","Toledo","889",1
"HUSQVARNA","HUSQVARNA 901 NORDEN E","Valencia/València","889",2
"HUSQVARNA","HUSQVARNA FE 350","Teruel","350",1
"HUSQVARNA","HUSQVARNA FE 450","Girona","450",1
"HUSQVARNA","HUSQVARNA FE 450","Palmas (Las)","450",1
"HUSQVARNA","HUSQVARNA FE 450","Santa Cruz de Tenerife","450",1
"HUSQVARNA","HUSQVARNA SVARTPILEN 4","Barcelona","399",1
"HUSQVARNA","HUSQVARNA SVARTPILEN 4","Cádiz","399",1
"HUSQVARNA","HUSQVARNA SVARTPILEN 4","Castellón/Castelló","399",1
"HUSQVARNA","HUSQVARNA SVARTPILEN 4","Gipuzkoa","399",1
"HUSQVARNA","HUSQVARNA SVARTPILEN 4","Madrid","399",5
"HUSQVARNA","HUSQVARNA SVARTPILEN 4","Santa Cruz de Tenerife","399",1
"HUSQVARNA","HUSQVARNA SVARTPILEN12","Barcelona","125",1
"HUSQVARNA","HUSQVARNA SVARTPILEN12","Bizkaia","125",1
"HUSQVARNA","HUSQVARNA SVARTPILEN12","Cádiz","125",1
"HUSQVARNA","HUSQVARNA SVARTPILEN12","Coruña (A)","125",1
"HUSQVARNA","HUSQVARNA SVARTPILEN12","Madrid","125",3
"HUSQVARNA","HUSQVARNA SVARTPILEN12","Málaga","125",2
"HUSQVARNA","HUSQVARNA SVARTPILEN12","Murcia","125",1
"HUSQVARNA","HUSQVARNA SVARTPILEN12","Valencia/València","125",1
"HUSQVARNA","HUSQVARNA SVARTPILEN12","Zaragoza","125",2
"HUSQVARNA","HUSQVARNA TE 250","Navarra","249",1
"HUSQVARNA","HUSQVARNA TE 250","Toledo","249",1
"HUSQVARNA","HUSQVARNA TE 300","Barcelona","293",3
"HUSQVARNA","HUSQVARNA TE 300","Bizkaia","293",3
"HUSQVARNA","HUSQVARNA TE 300","Gipuzkoa","293",1
"HUSQVARNA","HUSQVARNA VITPILEN 125","Barcelona","125",1
"HUSQVARNA","HUSQVARNA VITPILEN 125","Madrid","125",4
"HUSQVARNA","HUSQVARNA VITPILEN 401","Madrid","399",2
"HYOSUNG","GV125","Alicante/Alacant","125",1
"HYOSUNG","GV125","Almería","125",1
"HYOSUNG","GV125","Burgos","125",1
"HYOSUNG","GV125","Castellón/Castelló","125",1
"HYOSUNG","GV125","Málaga","125",1
"HYOSUNG","GV125","Santa Cruz de Tenerife","125",1
"HYOSUNG","GV300","Toledo","296",1
"INDIAN","SCOUT","Cádiz","1133",1
"INDIAN MOTORCYCLE","101 SCOUT","Alicante/Alacant","1250",1
"INDIAN MOTORCYCLE","101 SCOUT","Burgos","1250",1
"INDIAN MOTORCYCLE","101 SCOUT","Madrid","1250",2
"INDIAN MOTORCYCLE","101 SCOUT","Santa Cruz de Tenerife","1250",1
"INDIAN MOTORCYCLE","101 SCOUT","Zaragoza","1250",1
"INDIAN MOTORCYCLE","CHIEF DARK HORSE","Madrid","1890",1
"INDIAN MOTORCYCLE","CHIEF DARK HORSE","Pontevedra","1890",1
"INDIAN MOTORCYCLE","CHIEFTAIN DARK HORSE","Barcelona","1890",1
"INDIAN MOTORCYCLE","INDIAN CHALLENGER DARK","Palmas (Las)","1768",1
"INDIAN MOTORCYCLE","ROADMASTER POWERPLUS D","Barcelona","1834",1
"INDIAN MOTORCYCLE","ROADMASTER POWERPLUS D","Huelva","1834",1
"INDIAN MOTORCYCLE","ROADMASTER POWERPLUS L","Zaragoza","1834",1
"INDIAN MOTORCYCLE","SCOUT","Barcelona","1133",1
"INDIAN MOTORCYCLE","SCOUT BOBBER","Córdoba","1250",1
"INDIAN MOTORCYCLE","SCOUT BOBBER LIMITED","Barcelona","1250",1
"INDIAN MOTORCYCLE","SCOUT BOBBER LIMITED","Pontevedra","1250",1
"INDIAN MOTORCYCLE","SCOUT BOBBER LIMITED","Valladolid","1250",1
"INDIAN MOTORCYCLE","SCOUT BOBBER LIMITED +","Asturias","1250",1
"INDIAN MOTORCYCLE","SCOUT BOBBER LIMITED +","Córdoba","1250",1
"INDIAN MOTORCYCLE","SCOUT BOBBER LIMITED +","Palmas (Las)","1250",1
"INDIAN MOTORCYCLE","SCOUT CLASSIC","Huelva","1250",1
"INDIAN MOTORCYCLE","SCOUT SIXTY BOBBER","Badajoz","1000",1
"INDIAN MOTORCYCLE","SCOUT SIXTY BOBBER LIM","Ciudad Real","1000",1
"INDIAN MOTORCYCLE","SCOUT SIXTY CLASSIC","Alicante/Alacant","1000",1
"INDIAN MOTORCYCLE","SCOUT SIXTY CLASSIC","Lleida","1000",1
"INDIAN MOTORCYCLE","SCOUT SIXTY CLASSIC","Palmas (Las)","1000",1
"INDIAN MOTORCYCLE","SCOUT SIXTY CLASSIC","Zaragoza","1000",1
"INDIAN MOTORCYCLE","SPORT CHIEF RT","Barcelona","1890",1
"INDIAN MOTORCYCLE","SPORT SCOUT LIMITED","Girona","1250",1
"INDIAN MOTORCYCLE","SPORT SCOUT LIMITED+TE","Madrid","1250",1
"ITALJET","DRAGSTER125","Ciudad Real","124",1
"ITALJET","DRAGSTER125","Pontevedra","124",1
"ITALJET","DRAGSTER300","Barcelona","278",1
"KAWASAKI","ELIMINATOR","Albacete","451",1
"KAWASAKI","ELIMINATOR","Alicante/Alacant","451",1
"KAWASAKI","ELIMINATOR","Almería","451",1
"KAWASAKI","ELIMINATOR","Asturias","451",2
"KAWASAKI","ELIMINATOR","Badajoz","451",1
"KAWASAKI","ELIMINATOR","Barcelona","451",8
"KAWASAKI","ELIMINATOR","Bizkaia","451",2
"KAWASAKI","ELIMINATOR","Castellón/Castelló","451",1
"KAWASAKI","ELIMINATOR","Girona","451",1
"KAWASAKI","ELIMINATOR","Granada","451",1
"KAWASAKI","ELIMINATOR","Jaén","451",1
"KAWASAKI","ELIMINATOR","León","451",1
"KAWASAKI","ELIMINATOR","Madrid","451",7
"KAWASAKI","ELIMINATOR","Málaga","451",2
"KAWASAKI","ELIMINATOR","Navarra","451",2
"KAWASAKI","ELIMINATOR","Palmas (Las)","451",1
"KAWASAKI","ELIMINATOR","Pontevedra","451",2
"KAWASAKI","ELIMINATOR","Santa Cruz de Tenerife","451",1
"KAWASAKI","ELIMINATOR","Sevilla","451",1
"KAWASAKI","ELIMINATOR","Soria","451",1
"KAWASAKI","ELIMINATOR","Tarragona","451",2
"KAWASAKI","ELIMINATOR","Toledo","451",2
"KAWASAKI","ELIMINATOR","Valencia/València","451",3
"KAWASAKI","ELIMINATOR","Valladolid","451",1
"KAWASAKI","ELIMINATOR","Zaragoza","451",2
"KAWASAKI","NINJA 1000SX","Coruña (A)","1043",1
"KAWASAKI","NINJA 1000SX","Toledo","1043",1
"KAWASAKI","NINJA 1100SX","Almería","1099",1
"KAWASAKI","NINJA 1100SX","Asturias","1099",1
"KAWASAKI","NINJA 1100SX","Barcelona","1099",1
"KAWASAKI","NINJA 1100SX","Bizkaia","1099",3
"KAWASAKI","NINJA 1100SX","Coruña (A)","1099",1
"KAWASAKI","NINJA 1100SX","Gipuzkoa","1099",1
"KAWASAKI","NINJA 1100SX","Granada","1099",1
"KAWASAKI","NINJA 1100SX","Guadalajara","1099",1
"KAWASAKI","NINJA 1100SX","Madrid","1099",3
"KAWASAKI","NINJA 125","Barcelona","125",1
"KAWASAKI","NINJA 125","Girona","125",1
"KAWASAKI","NINJA 125","Tarragona","125",1
"KAWASAKI","NINJA 400","Madrid","399",1
"KAWASAKI","NINJA 500","Alicante/Alacant","451",1
"KAWASAKI","NINJA 500","Barcelona","451",14
"KAWASAKI","NINJA 500","Bizkaia","451",3
"KAWASAKI","NINJA 500","Cádiz","451",2
"KAWASAKI","NINJA 500","Cantabria","451",2
"KAWASAKI","NINJA 500","Ciudad Real","451",1
"KAWASAKI","NINJA 500","Córdoba","451",1
"KAWASAKI","NINJA 500","Coruña (A)","451",2
"KAWASAKI","NINJA 500","Gipuzkoa","451",1
"KAWASAKI","NINJA 500","Girona","451",1
"KAWASAKI","NINJA 500","Illes Balears","451",2
"KAWASAKI","NINJA 500","Jaén","451",1
"KAWASAKI","NINJA 500","Madrid","451",4
"KAWASAKI","NINJA 500","Málaga","451",2
"KAWASAKI","NINJA 500","Murcia","451",1
"KAWASAKI","NINJA 500","Ourense","451",1
"KAWASAKI","NINJA 500","Palmas (Las)","451",2
"KAWASAKI","NINJA 500","Pontevedra","451",2
"KAWASAKI","NINJA 500","Santa Cruz de Tenerife","451",1
"KAWASAKI","NINJA 500","Zaragoza","451",1
"KAWASAKI","NINJA 650","Álava/Araba","649",2
"KAWASAKI","NINJA 650","Alicante/Alacant","649",2
"KAWASAKI","NINJA 650","Asturias","649",3
"KAWASAKI","NINJA 650","Badajoz","649",2
"KAWASAKI","NINJA 650","Barcelona","649",5
"KAWASAKI","NINJA 650","Bizkaia","649",1
"KAWASAKI","NINJA 650","Cáceres","649",1
"KAWASAKI","NINJA 650","Cádiz","649",2
"KAWASAKI","NINJA 650","Cantabria","649",2
"KAWASAKI","NINJA 650","Granada","649",1
"KAWASAKI","NINJA 650","Huelva","649",1
"KAWASAKI","NINJA 650","Illes Balears","649",1
"KAWASAKI","NINJA 650","León","649",1
"KAWASAKI","NINJA 650","Lleida","649",1
"KAWASAKI","NINJA 650","Lugo","649",1
"KAWASAKI","NINJA 650","Madrid","649",12
"KAWASAKI","NINJA 650","Málaga","649",1
"KAWASAKI","NINJA 650","Melilla","649",1
"KAWASAKI","NINJA 650","Murcia","649",1
"KAWASAKI","NINJA 650","Navarra","649",1
"KAWASAKI","NINJA 650","Ourense","649",2
"KAWASAKI","NINJA 650","Rioja (La)","649",1
"KAWASAKI","NINJA 650","Salamanca","649",2
"KAWASAKI","NINJA 650","Santa Cruz de Tenerife","649",2
"KAWASAKI","NINJA 650","Sevilla","649",1
"KAWASAKI","NINJA 650","Tarragona","649",3
"KAWASAKI","NINJA 650","Teruel","649",1
"KAWASAKI","NINJA 650","Toledo","649",3
"KAWASAKI","NINJA 650","Valencia/València","649",4
"KAWASAKI","NINJA 650","Zaragoza","649",3
"KAWASAKI","NINJA 7 HYBRID","Madrid","451",1
"KAWASAKI","NINJA ZX-10R","Alicante/Alacant","998",1
"KAWASAKI","NINJA ZX-10R","Asturias","998",1
"KAWASAKI","NINJA ZX-10R","Barcelona","998",1
"KAWASAKI","NINJA ZX-10R","Cádiz","998",1
"KAWASAKI","NINJA ZX-10R","Gipuzkoa","998",1
"KAWASAKI","NINJA ZX-10R","Granada","998",1
"KAWASAKI","NINJA ZX-10R","Málaga","998",1
"KAWASAKI","NINJA ZX-10R","Murcia","998",1
"KAWASAKI","NINJA ZX-10R","Valencia/València","998",2
"KAWASAKI","NINJA ZX-4R","Barcelona","399",4
"KAWASAKI","NINJA ZX-4R","Bizkaia","399",2
"KAWASAKI","NINJA ZX-4R","Cáceres","399",1
"KAWASAKI","NINJA ZX-4R","Coruña (A)","399",2
"KAWASAKI","NINJA ZX-4R","Gipuzkoa","399",2
"KAWASAKI","NINJA ZX-4R","Girona","399",1
"KAWASAKI","NINJA ZX-4R","Granada","399",1
"KAWASAKI","NINJA ZX-4R","Guadalajara","399",1
"KAWASAKI","NINJA ZX-4R","Illes Balears","399",1
"KAWASAKI","NINJA ZX-4R","Lleida","399",1
"KAWASAKI","NINJA ZX-4R","Madrid","399",6
"KAWASAKI","NINJA ZX-4R","Murcia","399",1
"KAWASAKI","NINJA ZX-4R","Palmas (Las)","399",1
"KAWASAKI","NINJA ZX-4R","Rioja (La)","399",1
"KAWASAKI","NINJA ZX-4R","Santa Cruz de Tenerife","399",1
"KAWASAKI","NINJA ZX-4R","Tarragona","399",1
"KAWASAKI","NINJA ZX-4R","Valencia/València","399",1
"KAWASAKI","NINJA ZX-4R","Valladolid","399",1
"KAWASAKI","NINJA ZX-6R","Alicante/Alacant","636",2
"KAWASAKI","NINJA ZX-6R","Almería","636",2
"KAWASAKI","NINJA ZX-6R","Barcelona","636",12
"KAWASAKI","NINJA ZX-6R","Bizkaia","636",2
"KAWASAKI","NINJA ZX-6R","Cádiz","636",1
"KAWASAKI","NINJA ZX-6R","Cantabria","636",2
"KAWASAKI","NINJA ZX-6R","Castellón/Castelló","636",1
"KAWASAKI","NINJA ZX-6R","Ciudad Real","636",1
"KAWASAKI","NINJA ZX-6R","Coruña (A)","636",1
"KAWASAKI","NINJA ZX-6R","Granada","636",1
"KAWASAKI","NINJA ZX-6R","Guadalajara","636",1
"KAWASAKI","NINJA ZX-6R","Illes Balears","636",2
"KAWASAKI","NINJA ZX-6R","León","636",1
"KAWASAKI","NINJA ZX-6R","Madrid","636",12
"KAWASAKI","NINJA ZX-6R","Málaga","636",3
"KAWASAKI","NINJA ZX-6R","Navarra","636",2
"KAWASAKI","NINJA ZX-6R","Palmas (Las)","636",2
"KAWASAKI","NINJA ZX-6R","Pontevedra","636",1
"KAWASAKI","NINJA ZX-6R","Santa Cruz de Tenerife","636",1
"KAWASAKI","NINJA ZX-6R","Sevilla","636",3
"KAWASAKI","NINJA ZX-6R","Tarragona","636",1
"KAWASAKI","NINJA ZX-6R","Toledo","636",1
"KAWASAKI","NINJA ZX-6R","Valencia/València","636",4
"KAWASAKI","NINJA ZX-6R","Zaragoza","636",3
"KAWASAKI","VERSYS 1100","Álava/Araba","1099",1
"KAWASAKI","VERSYS 1100","Alicante/Alacant","1099",1
"KAWASAKI","VERSYS 1100","Almería","1099",1
"KAWASAKI","VERSYS 1100","Barcelona","1099",8
"KAWASAKI","VERSYS 1100","Cáceres","1099",1
"KAWASAKI","VERSYS 1100","Cádiz","1099",2
"KAWASAKI","VERSYS 1100","Cantabria","1099",1
"KAWASAKI","VERSYS 1100","Coruña (A)","1099",1
"KAWASAKI","VERSYS 1100","Gipuzkoa","1099",2
"KAWASAKI","VERSYS 1100","Granada","1099",1
"KAWASAKI","VERSYS 1100","Illes Balears","1099",3
"KAWASAKI","VERSYS 1100","Jaén","1099",2
"KAWASAKI","VERSYS 1100","Madrid","1099",2
"KAWASAKI","VERSYS 1100","Málaga","1099",2
"KAWASAKI","VERSYS 1100","Pontevedra","1099",1
"KAWASAKI","VERSYS 1100","Sevilla","1099",3
"KAWASAKI","VERSYS 1100","Tarragona","1099",2
"KAWASAKI","VERSYS 1100","Toledo","1099",1
"KAWASAKI","VERSYS 1100","Valencia/València","1099",2
"KAWASAKI","VERSYS 1100","Zaragoza","1099",1
"KAWASAKI","VERSYS 650","Albacete","649",3
"KAWASAKI","VERSYS 650","Alicante/Alacant","649",4
"KAWASAKI","VERSYS 650","Almería","649",1
"KAWASAKI","VERSYS 650","Asturias","649",1
"KAWASAKI","VERSYS 650","Badajoz","649",2
"KAWASAKI","VERSYS 650","Barcelona","649",11
"KAWASAKI","VERSYS 650","Bizkaia","649",1
"KAWASAKI","VERSYS 650","Burgos","649",1
"KAWASAKI","VERSYS 650","Cádiz","649",3
"KAWASAKI","VERSYS 650","Castellón/Castelló","649",1
"KAWASAKI","VERSYS 650","Ciudad Real","649",1
"KAWASAKI","VERSYS 650","Córdoba","649",4
"KAWASAKI","VERSYS 650","Coruña (A)","649",1
"KAWASAKI","VERSYS 650","Gipuzkoa","649",2
"KAWASAKI","VERSYS 650","Girona","649",1
"KAWASAKI","VERSYS 650","Granada","649",2
"KAWASAKI","VERSYS 650","Illes Balears","649",1
"KAWASAKI","VERSYS 650","Lleida","649",1
"KAWASAKI","VERSYS 650","Madrid","649",17
"KAWASAKI","VERSYS 650","Málaga","649",3
"KAWASAKI","VERSYS 650","Murcia","649",3
"KAWASAKI","VERSYS 650","Palmas (Las)","649",4
"KAWASAKI","VERSYS 650","Pontevedra","649",1
"KAWASAKI","VERSYS 650","Salamanca","649",1
"KAWASAKI","VERSYS 650","Santa Cruz de Tenerife","649",1
"KAWASAKI","VERSYS 650","Segovia","649",1
"KAWASAKI","VERSYS 650","Sevilla","649",1
"KAWASAKI","VERSYS 650","Tarragona","649",1
"KAWASAKI","VERSYS 650","Toledo","649",4
"KAWASAKI","VERSYS 650","Valencia/València","649",4
"KAWASAKI","VERSYS 650","Valladolid","649",1
"KAWASAKI","VERSYS 650","Zaragoza","649",1
"KAWASAKI","VULCAN S","Álava/Araba","649",1
"KAWASAKI","VULCAN S","Barcelona","649",3
"KAWASAKI","VULCAN S","Cádiz","649",2
"KAWASAKI","VULCAN S","Córdoba","649",1
"KAWASAKI","VULCAN S","Coruña (A)","649",2
"KAWASAKI","VULCAN S","Gipuzkoa","649",2
"KAWASAKI","VULCAN S","Granada","649",2
"KAWASAKI","VULCAN S","Guadalajara","649",2
"KAWASAKI","VULCAN S","Illes Balears","649",3
"KAWASAKI","VULCAN S","Jaén","649",1
"KAWASAKI","VULCAN S","León","649",1
"KAWASAKI","VULCAN S","Madrid","649",7
"KAWASAKI","VULCAN S","Málaga","649",2
"KAWASAKI","VULCAN S","Murcia","649",2
"KAWASAKI","VULCAN S","Ourense","649",1
"KAWASAKI","VULCAN S","Palencia","649",1
"KAWASAKI","VULCAN S","Palmas (Las)","649",1
"KAWASAKI","VULCAN S","Pontevedra","649",1
"KAWASAKI","VULCAN S","Salamanca","649",1
"KAWASAKI","VULCAN S","Sevilla","649",1
"KAWASAKI","VULCAN S","Tarragona","649",3
"KAWASAKI","VULCAN S","Toledo","649",1
"KAWASAKI","VULCAN S","Valencia/València","649",1
"KAWASAKI","VULCAN S","Valladolid","649",1
"KAWASAKI","W800","Barcelona","773",1
"KAWASAKI","W800","Sevilla","773",1
"KAWASAKI","Z H2","Madrid","998",1
"KAWASAKI","Z125","Illes Balears","125",1
"KAWASAKI","Z125","Madrid","125",2
"KAWASAKI","Z500","Albacete","451",1
"KAWASAKI","Z500","Almería","451",3
"KAWASAKI","Z500","Asturias","451",2
"KAWASAKI","Z500","Barcelona","451",12
"KAWASAKI","Z500","Bizkaia","451",2
"KAWASAKI","Z500","Cádiz","451",2
"KAWASAKI","Z500","Cantabria","451",2
"KAWASAKI","Z500","Coruña (A)","451",3
"KAWASAKI","Z500","Gipuzkoa","451",1
"KAWASAKI","Z500","Guadalajara","451",2
"KAWASAKI","Z500","Huelva","451",2
"KAWASAKI","Z500","Illes Balears","451",3
"KAWASAKI","Z500","León","451",2
"KAWASAKI","Z500","Lleida","451",1
"KAWASAKI","Z500","Lugo","451",1
"KAWASAKI","Z500","Madrid","451",6
"KAWASAKI","Z500","Málaga","451",2
"KAWASAKI","Z500","Murcia","451",1
"KAWASAKI","Z500","Navarra","451",1
"KAWASAKI","Z500","Ourense","451",1
"KAWASAKI","Z500","Palmas (Las)","451",2
"KAWASAKI","Z500","Pontevedra","451",3
"KAWASAKI","Z500","Salamanca","451",1
"KAWASAKI","Z500","Santa Cruz de Tenerife","451",3
"KAWASAKI","Z500","Sevilla","451",4
"KAWASAKI","Z500","Tarragona","451",1
"KAWASAKI","Z500","Toledo","451",4
"KAWASAKI","Z500","Valencia/València","451",2
"KAWASAKI","Z500","Valladolid","451",1
"KAWASAKI","Z650","Álava/Araba","649",1
"KAWASAKI","Z650","Albacete","649",1
"KAWASAKI","Z650","Alicante/Alacant","649",6
"KAWASAKI","Z650","Almería","649",2
"KAWASAKI","Z650","Asturias","649",1
"KAWASAKI","Z650","Badajoz","649",1
"KAWASAKI","Z650","Barcelona","649",19
"KAWASAKI","Z650","Bizkaia","649",1
"KAWASAKI","Z650","Cáceres","649",1
"KAWASAKI","Z650","Cádiz","649",2
"KAWASAKI","Z650","Castellón/Castelló","649",1
"KAWASAKI","Z650","Córdoba","649",1
"KAWASAKI","Z650","Coruña (A)","649",1
"KAWASAKI","Z650","Cuenca","649",2
"KAWASAKI","Z650","Gipuzkoa","649",1
"KAWASAKI","Z650","Granada","649",4
"KAWASAKI","Z650","Guadalajara","649",1
"KAWASAKI","Z650","Huelva","649",1
"KAWASAKI","Z650","Huesca","649",1
"KAWASAKI","Z650","Illes Balears","649",2
"KAWASAKI","Z650","Jaén","649",1
"KAWASAKI","Z650","León","649",1
"KAWASAKI","Z650","Madrid","649",12
"KAWASAKI","Z650","Málaga","649",5
"KAWASAKI","Z650","Murcia","649",6
"KAWASAKI","Z650","Navarra","649",1
"KAWASAKI","Z650","Palmas (Las)","649",6
"KAWASAKI","Z650","Pontevedra","649",2
"KAWASAKI","Z650","Rioja (La)","649",1
"KAWASAKI","Z650","Salamanca","649",1
"KAWASAKI","Z650","Santa Cruz de Tenerife","649",7
"KAWASAKI","Z650","Segovia","649",1
"KAWASAKI","Z650","Sevilla","649",1
"KAWASAKI","Z650","Tarragona","649",1
"KAWASAKI","Z650","Valencia/València","649",5
"KAWASAKI","Z650","Valladolid","649",1
"KAWASAKI","Z650","Zaragoza","649",2
"KAWASAKI","Z650RS","Álava/Araba","649",1
"KAWASAKI","Z650RS","Almería","649",1
"KAWASAKI","Z650RS","Badajoz","649",1
"KAWASAKI","Z650RS","Barcelona","649",6
"KAWASAKI","Z650RS","Bizkaia","649",1
"KAWASAKI","Z650RS","Cantabria","649",1
"KAWASAKI","Z650RS","Coruña (A)","649",1
"KAWASAKI","Z650RS","Gipuzkoa","649",3
"KAWASAKI","Z650RS","Girona","649",1
"KAWASAKI","Z650RS","Guadalajara","649",1
"KAWASAKI","Z650RS","Illes Balears","649",3
"KAWASAKI","Z650RS","Madrid","649",3
"KAWASAKI","Z650RS","Pontevedra","649",1
"KAWASAKI","Z650RS","Santa Cruz de Tenerife","649",1
"KAWASAKI","Z650RS","Teruel","649",1
"KAWASAKI","Z650RS","Valencia/València","649",3
"KAWASAKI","Z7 HYBRID","Madrid","451",1
"KAWASAKI","Z900","Álava/Araba","948",1
"KAWASAKI","Z900","Albacete","948",3
"KAWASAKI","Z900","Alicante/Alacant","948",12
"KAWASAKI","Z900","Almería","948",4
"KAWASAKI","Z900","Asturias","948",10
"KAWASAKI","Z900","Badajoz","948",3
"KAWASAKI","Z900","Barcelona","948",38
"KAWASAKI","Z900","Bizkaia","948",3
"KAWASAKI","Z900","Cáceres","948",3
"KAWASAKI","Z900","Cádiz","948",8
"KAWASAKI","Z900","Castellón/Castelló","948",5
"KAWASAKI","Z900","Ciudad Real","948",2
"KAWASAKI","Z900","Córdoba","948",3
"KAWASAKI","Z900","Coruña (A)","948",3
"KAWASAKI","Z900","Cuenca","948",1
"KAWASAKI","Z900","Gipuzkoa","948",3
"KAWASAKI","Z900","Girona","948",5
"KAWASAKI","Z900","Granada","948",9
"KAWASAKI","Z900","Guadalajara","948",1
"KAWASAKI","Z900","Huelva","948",1
"KAWASAKI","Z900","Illes Balears","948",14
"KAWASAKI","Z900","Jaén","948",4
"KAWASAKI","Z900","León","948",1
"KAWASAKI","Z900","Lleida","948",4
"KAWASAKI","Z900","Madrid","948",21
"KAWASAKI","Z900","Málaga","948",7
"KAWASAKI","Z900","Murcia","948",8
"KAWASAKI","Z900","Navarra","948",2
"KAWASAKI","Z900","Ourense","948",2
"KAWASAKI","Z900","Palmas (Las)","948",7
"KAWASAKI","Z900","Pontevedra","948",3
"KAWASAKI","Z900","Salamanca","948",4
"KAWASAKI","Z900","Santa Cruz de Tenerife","948",13
"KAWASAKI","Z900","Segovia","948",1
"KAWASAKI","Z900","Sevilla","948",8
"KAWASAKI","Z900","Tarragona","948",5
"KAWASAKI","Z900","Teruel","948",1
"KAWASAKI","Z900","Toledo","948",4
"KAWASAKI","Z900","Valencia/València","948",11
"KAWASAKI","Z900","Valladolid","948",4
"KAWASAKI","Z900","Zaragoza","948",3
"KAWASAKI","Z900RS","Almería","948",1
"KAWASAKI","Z900RS","Barcelona","948",2
"KAWASAKI","Z900RS","Madrid","948",1
"KAWASAKI","Z900RS","Valencia/València","948",1
"KEEWAY","GEMMA","Asturias","117",1
"KEEWAY","GEMMA","Barcelona","117",3
"KEEWAY","GEMMA","Cádiz","117",1
"KEEWAY","GEMMA","Castellón/Castelló","117",1
"KEEWAY","GEMMA","Ceuta","117",2
"KEEWAY","GEMMA","Illes Balears","117",1
"KEEWAY","GEMMA","Madrid","117",3
"KEEWAY","GEMMA","Málaga","117",4
"KEEWAY","GEMMA","Murcia","117",3
"KEEWAY","GEMMA","Santa Cruz de Tenerife","117",2
"KEEWAY","GEMMA","Sevilla","117",1
"KEEWAY","GEMMA","Toledo","117",1
"KEEWAY","ICON 125 S","Alicante/Alacant","124",3
"KEEWAY","ICON 125 S","Asturias","124",2
"KEEWAY","ICON 125 S","Barcelona","124",3
"KEEWAY","ICON 125 S","Cádiz","124",1
"KEEWAY","ICON 125 S","Cantabria","124",2
"KEEWAY","ICON 125 S","Castellón/Castelló","124",1
"KEEWAY","ICON 125 S","Granada","124",1
"KEEWAY","ICON 125 S","Huelva","124",2
"KEEWAY","ICON 125 S","Madrid","124",1
"KEEWAY","ICON 125 S","Murcia","124",1
"KEEWAY","ICON 125 S","Navarra","124",1
"KEEWAY","ICON 125 S","Pontevedra","124",1
"KEEWAY","ICON 125 S","Salamanca","124",1
"KEEWAY","ICON 125 S","Sevilla","124",1
"KEEWAY","ICON 125 S","Tarragona","124",1
"KEEWAY","K-LIGHT 125","Asturias","124",1
"KEEWAY","K-LIGHT 125","Cáceres","124",1
"KEEWAY","K-LIGHT 125","Castellón/Castelló","124",1
"KEEWAY","K-LIGHT 125","Coruña (A)","124",1
"KEEWAY","K-LIGHT 125","Lleida","124",1
"KEEWAY","K-LIGHT 125","Madrid","124",2
"KEEWAY","K-LIGHT 125","Murcia","124",1
"KEEWAY","K-LIGHT 125","Navarra","124",1
"KEEWAY","K-LIGHT 125","Tarragona","124",1
"KEEWAY","K-LIGHT 125","Valladolid","124",1
"KEEWAY","M502N","Barcelona","486",1
"KEEWAY","M502N","Bizkaia","486",2
"KEEWAY","M502N","Huelva","486",1
"KEEWAY","M502N","Illes Balears","486",1
"KEEWAY","M502N","Madrid","486",1
"KEEWAY","RK V125C","Almería","125",1
"KEEWAY","RK V125C","Badajoz","125",1
"KEEWAY","RK V125C","Barcelona","125",1
"KEEWAY","RK V125C","Rioja (La)","125",1
"KEEWAY","RKF 125 ABS","Alicante/Alacant","125",2
"KEEWAY","RKF 125 ABS","Asturias","125",1
"KEEWAY","RKF 125 ABS","Badajoz","125",1
"KEEWAY","RKF 125 ABS","Barcelona","125",2
"KEEWAY","RKF 125 ABS","Bizkaia","125",2
"KEEWAY","RKF 125 ABS","Burgos","125",1
"KEEWAY","RKF 125 ABS","Cantabria","125",1
"KEEWAY","RKF 125 ABS","Castellón/Castelló","125",1
"KEEWAY","RKF 125 ABS","Coruña (A)","125",2
"KEEWAY","RKF 125 ABS","Girona","125",1
"KEEWAY","RKF 125 ABS","Granada","125",1
"KEEWAY","RKF 125 ABS","Huelva","125",2
"KEEWAY","RKF 125 ABS","Illes Balears","125",1
"KEEWAY","RKF 125 ABS","León","125",1
"KEEWAY","RKF 125 ABS","Lugo","125",1
"KEEWAY","RKF 125 ABS","Madrid","125",2
"KEEWAY","RKF 125 ABS","Málaga","125",2
"KEEWAY","RKF 125 ABS","Murcia","125",2
"KEEWAY","RKF 125 ABS","Navarra","125",1
"KEEWAY","RKF 125 ABS","Ourense","125",2
"KEEWAY","RKF 125 ABS","Palmas (Las)","125",1
"KEEWAY","RKF 125 ABS","Sevilla","125",1
"KEEWAY","RKF 125 ABS","Tarragona","125",1
"KEEWAY","RKF 125 ABS","Zamora","125",2
"KEEWAY","RKF 125 ABS","Zaragoza","125",1
"KEEWAY","RKF 125 CBS","Almería","125",2
"KEEWAY","RKS 125","Alicante/Alacant","124",2
"KEEWAY","RKS 125","Asturias","124",2
"KEEWAY","RKS 125","Badajoz","124",2
"KEEWAY","RKS 125","Barcelona","124",1
"KEEWAY","RKS 125","Bizkaia","124",1
"KEEWAY","RKS 125","Cáceres","124",1
"KEEWAY","RKS 125","Cádiz","124",1
"KEEWAY","RKS 125","Castellón/Castelló","124",2
"KEEWAY","RKS 125","Ceuta","124",1
"KEEWAY","RKS 125","Ciudad Real","124",1
"KEEWAY","RKS 125","Huelva","124",1
"KEEWAY","RKS 125","Jaén","124",1
"KEEWAY","RKS 125","Madrid","124",6
"KEEWAY","RKS 125","Málaga","124",1
"KEEWAY","RKS 125","Murcia","124",1
"KEEWAY","RKS 125","Rioja (La)","124",1
"KEEWAY","RKS 125","Sevilla","124",2
"KEEWAY","RKS 125","Tarragona","124",1
"KEEWAY","RKS 125","Valencia/València","124",1
"KEEWAY","RKS 125","Zaragoza","124",3
"KEEWAY","SIXTIES 125I","Alicante/Alacant","125",1
"KEEWAY","SIXTIES 125I","Cádiz","125",2
"KEEWAY","SIXTIES 125I","Girona","125",1
"KEEWAY","SIXTIES 300","León","278",1
"KEEWAY","SIXTIES 300","Madrid","278",1
"KEEWAY","SIXTIES 300","Rioja (La)","278",1
"KEEWAY","SIXTIES 300","Toledo","278",1
"KEEWAY","SIXTIES 300I","Gipuzkoa","278",1
"KEEWAY","SUPERLIGHT 125","Almería","124",1
"KEEWAY","V-CRUISE 125","Álava/Araba","125",1
"KEEWAY","V-CRUISE 125","Cádiz","125",1
"KEEWAY","V-CRUISE 125","Granada","125",2
"KEEWAY","V-CRUISE 125","Murcia","125",1
"KEEWAY","V302C","Badajoz","298",1
"KEEWAY","V302C","Jaén","298",1
"KEEWAY","V302C","Madrid","298",1
"KEEWAY","V302C","Tarragona","298",1
"KEEWAY","VERSILIA 125","Alicante/Alacant","125",3
"KEEWAY","VERSILIA 125","Barcelona","125",1
"KEEWAY","VERSILIA 125","Cantabria","125",1
"KEEWAY","VERSILIA 125","Ceuta","125",2
"KEEWAY","VERSILIA 125","Córdoba","125",1
"KEEWAY","VERSILIA 125","Girona","125",1
"KEEWAY","VERSILIA 125","Huelva","125",2
"KEEWAY","VERSILIA 125","Illes Balears","125",1
"KEEWAY","VERSILIA 125","Madrid","125",2
"KEEWAY","VERSILIA 125","Palmas (Las)","125",1
"KEEWAY","VERSILIA 125","Pontevedra","125",3
"KEEWAY","VERSILIA 125","Tarragona","125",2
"KEEWAY","VERSILIA 125","Valencia/València","125",1
"KEEWAY","VERSILIA 125","Valladolid","125",1
"KEEWAY","VERSILIA 125","Zaragoza","125",2
"KEEWAY","VIESTE 125","Alicante/Alacant","125",1
"KEEWAY","VIESTE 125","Almería","125",1
"KEEWAY","VIESTE 125","Badajoz","125",2
"KEEWAY","VIESTE 125","Barcelona","125",2
"KEEWAY","VIESTE 125","Burgos","125",1
"KEEWAY","VIESTE 125","Cádiz","125",2
"KEEWAY","VIESTE 125","Guadalajara","125",1
"KEEWAY","VIESTE 125","Jaén","125",2
"KEEWAY","VIESTE 125","Madrid","125",2
"KEEWAY","VIESTE 125","Murcia","125",1
"KEEWAY","VIESTE 125","Ourense","125",1
"KEEWAY","VIESTE 125","Rioja (La)","125",1
"KEEWAY","VIESTE 125","Sevilla","125",2
"KEEWAY","VIESTE 125","Tarragona","125",2
"KEEWAY","VIESTE 125","Toledo","125",1
"KEEWAY","VIESTE 125","Valencia/València","125",1
"KEEWAY","VIESTE 125","Zaragoza","125",1
"KEEWAY","VIESTE 125LX","Almería","125",2
"KEEWAY","VIESTE 125LX","Barcelona","125",2
"KEEWAY","VIESTE 125LX","Cádiz","125",1
"KEEWAY","VIESTE 125LX","Cantabria","125",2
"KEEWAY","VIESTE 125LX","Illes Balears","125",2
"KEEWAY","VIESTE 125LX","Madrid","125",3
"KEEWAY","VIESTE 125LX","Sevilla","125",3
"KEEWAY","VIESTE 125LX","Tarragona","125",1
"KEEWAY","VIESTE 125LX","Teruel","125",1
"KEEWAY","VIESTE 125LX","Valencia/València","125",1
"KEEWAY","VIESTE 125LX","Zaragoza","125",2
"KEEWAY","VIESTE 125XDV","Almería","125",1
"KEEWAY","VIESTE 125XDV","Badajoz","125",1
"KEEWAY","VIESTE 125XDV","Ceuta","125",3
"KEEWAY","VIESTE 125XDV","Girona","125",2
"KEEWAY","VIESTE 125XDV","Granada","125",1
"KEEWAY","VIESTE 125XDV","Illes Balears","125",1
"KEEWAY","VIESTE 125XDV","Jaén","125",1
"KEEWAY","VIESTE 125XDV","Lleida","125",1
"KEEWAY","VIESTE 125XDV","Madrid","125",1
"KEEWAY","VIESTE 125XDV","Salamanca","125",1
"KEEWAY","VIESTE 125XDV","Sevilla","125",2
"KEEWAY","VIESTE 125XDV","Tarragona","125",5
"KEEWAY","VIESTE 300","Cádiz","278",1
"KEEWAY","VIESTE 300","Córdoba","278",1
"KEEWAY","VIESTE 300","Madrid","278",1
"KEEWAY","VIESTE 300","Pontevedra","278",1
"KEEWAY","VIESTE 300XDV","Cádiz","278",1
"KEEWAY","VIESTE 300XDV","Girona","278",1
"KEEWAY","VIESTE 300XDV","Madrid","278",1
"KEEWAY","VIESTE 300XDV","Palmas (Las)","278",2
"KEEWAY","VIESTE 300XDV","Soria","278",2
"KEEWAY","VIESTE300 XDV","Barcelona","278",2
"KEEWAY","X-LIGHT 125","Alicante/Alacant","125",1
"KEEWAY","X-LIGHT 125","Murcia","125",1
"KEEWAY","X-LIGHT 125","Sevilla","125",1
"KEEWAY","XDV 125 EVO PRO","Alicante/Alacant","125",3
"KEEWAY","XDV 125 EVO PRO","Almería","125",1
"KEEWAY","XDV 125 EVO PRO","Asturias","125",1
"KEEWAY","XDV 125 EVO PRO","Badajoz","125",2
"KEEWAY","XDV 125 EVO PRO","Barcelona","125",14
"KEEWAY","XDV 125 EVO PRO","Burgos","125",1
"KEEWAY","XDV 125 EVO PRO","Cádiz","125",3
"KEEWAY","XDV 125 EVO PRO","Cantabria","125",1
"KEEWAY","XDV 125 EVO PRO","Ceuta","125",1
"KEEWAY","XDV 125 EVO PRO","Córdoba","125",1
"KEEWAY","XDV 125 EVO PRO","Coruña (A)","125",1
"KEEWAY","XDV 125 EVO PRO","Girona","125",2
"KEEWAY","XDV 125 EVO PRO","Granada","125",2
"KEEWAY","XDV 125 EVO PRO","Huelva","125",3
"KEEWAY","XDV 125 EVO PRO","Huesca","125",1
"KEEWAY","XDV 125 EVO PRO","Illes Balears","125",3
"KEEWAY","XDV 125 EVO PRO","Madrid","125",6
"KEEWAY","XDV 125 EVO PRO","Málaga","125",6
"KEEWAY","XDV 125 EVO PRO","Murcia","125",5
"KEEWAY","XDV 125 EVO PRO","Ourense","125",1
"KEEWAY","XDV 125 EVO PRO","Palmas (Las)","125",5
"KEEWAY","XDV 125 EVO PRO","Pontevedra","125",1
"KEEWAY","XDV 125 EVO PRO","Rioja (La)","125",1
"KEEWAY","XDV 125 EVO PRO","Santa Cruz de Tenerife","125",1
"KEEWAY","XDV 125 EVO PRO","Sevilla","125",1
"KEEWAY","XDV 125 EVO PRO","Tarragona","125",1
"KEEWAY","XDV 125 EVO PRO","Toledo","125",1
"KEEWAY","XDV 125 EVO PRO","Valencia/València","125",5
"KEEWAY","XDV 125 EVO PRO","Valladolid","125",1
"KEEWAY","ZAHARA 125","Cádiz","125",1
"KL SERVICE","KXE 250","Bizkaia","249",1
"KOVE","450 RALLY","Alicante/Alacant","449",1
"KOVE","450 RALLY","Barcelona","449",1
"KOVE","450 RALLY","Illes Balears","449",1
"KOVE","450 RALLY","Madrid","449",2
"KOVE","450 RALLY","Navarra","449",1
"KOVE","450 RALLY","Ourense","449",1
"KOVE","450 RALLY","Pontevedra","449",1
"KOVE","450 RALLY","Valencia/València","449",1
"KOVE","KOVE 800 X PRO","Alicante/Alacant","799",1
"KOVE","KOVE 800 X PRO","Barcelona","799",2
"KOVE","KOVE 800 X PRO","Burgos","799",1
"KOVE","KOVE 800 X PRO","Cádiz","799",1
"KOVE","KOVE 800 X PRO","Girona","799",1
"KOVE","KOVE 800 X PRO","Illes Balears","799",1
"KOVE","KOVE 800 X PRO","Lleida","799",2
"KOVE","KOVE 800 X PRO","Málaga","799",2
"KOVE","KOVE 800 X PRO","Melilla","799",1
"KOVE","KOVE 800 X PRO","Murcia","799",1
"KOVE","KOVE 800 X PRO","Navarra","799",1
"KOVE","KOVE 800 X PRO","Sevilla","799",1
"KOVE","KOVE 800 X PRO","Valencia/València","799",2
"KOVE","KOVE 800 X PRO","Zaragoza","799",1
"KOVE","KOVE 800 X RALLY","Albacete","799",1
"KOVE","KOVE 800 X RALLY","Barcelona","799",4
"KOVE","KOVE 800 X RALLY","Illes Balears","799",1
"KOVE","KOVE 800 X RALLY","Madrid","799",1
"KOVE","KOVE 800 X RALLY","Málaga","799",1
"KOVE","KOVE 800 X RALLY","Santa Cruz de Tenerife","799",1
"KOVE","KOVE 800 X RALLY","Toledo","799",1
"KOVE","NK 125 R","Barcelona","125",7
"KOVE","NK 125 R","Burgos","125",1
"KOVE","NK 125 R","Cádiz","125",1
"KOVE","NK 125 R","Coruña (A)","125",1
"KOVE","NK 125 R","Girona","125",1
"KOVE","NK 125 R","Granada","125",1
"KOVE","NK 125 R","Huelva","125",1
"KOVE","NK 125 R","Málaga","125",1
"KOVE","NK 125 R","Santa Cruz de Tenerife","125",1
"KOVE","NK 125 R","Tarragona","125",2
"KOVE","NK 125 R","Valencia/València","125",3
"KOVE","NK 125 R","Zaragoza","125",1
"KTM","KTM 125 DUKE","Albacete","125",1
"KTM","KTM 125 DUKE","Alicante/Alacant","125",1
"KTM","KTM 125 DUKE","Almería","125",3
"KTM","KTM 125 DUKE","Asturias","125",2
"KTM","KTM 125 DUKE","Ávila","125",1
"KTM","KTM 125 DUKE","Badajoz","125",5
"KTM","KTM 125 DUKE","Barcelona","125",9
"KTM","KTM 125 DUKE","Bizkaia","125",3
"KTM","KTM 125 DUKE","Cáceres","125",2
"KTM","KTM 125 DUKE","Cádiz","125",5
"KTM","KTM 125 DUKE","Ciudad Real","125",1
"KTM","KTM 125 DUKE","Córdoba","125",1
"KTM","KTM 125 DUKE","Coruña (A)","125",1
"KTM","KTM 125 DUKE","Girona","125",2
"KTM","KTM 125 DUKE","Granada","125",1
"KTM","KTM 125 DUKE","Illes Balears","125",3
"KTM","KTM 125 DUKE","Jaén","125",2
"KTM","KTM 125 DUKE","León","125",1
"KTM","KTM 125 DUKE","Lleida","125",2
"KTM","KTM 125 DUKE","Madrid","125",29
"KTM","KTM 125 DUKE","Málaga","125",5
"KTM","KTM 125 DUKE","Murcia","125",2
"KTM","KTM 125 DUKE","Ourense","125",1
"KTM","KTM 125 DUKE","Palmas (Las)","125",1
"KTM","KTM 125 DUKE","Pontevedra","125",3
"KTM","KTM 125 DUKE","Rioja (La)","125",1
"KTM","KTM 125 DUKE","Salamanca","125",4
"KTM","KTM 125 DUKE","Santa Cruz de Tenerife","125",1
"KTM","KTM 125 DUKE","Sevilla","125",2
"KTM","KTM 125 DUKE","Toledo","125",1
"KTM","KTM 125 DUKE","Valencia/València","125",10
"KTM","KTM 125 DUKE","Zaragoza","125",3
"KTM","KTM 1290 SUPER ADVENTU","Barcelona","1301",1
"KTM","KTM 1290 SUPER ADVENTU","Castellón/Castelló","1301",1
"KTM","KTM 1290 SUPER ADVENTU","Jaén","1301",1
"KTM","KTM 1290 SUPER ADVENTU","Málaga","1301",1
"KTM","KTM 1290 SUPER DUKE GT","Madrid","1301",2
"KTM","KTM 1290 SUPER DUKE GT","Málaga","1301",1
"KTM","KTM 1290 SUPER DUKE GT","Murcia","1301",1
"KTM","KTM 1290 SUPER DUKE RR","Barcelona","1301",1
"KTM","KTM 1390 SUPER DUKE R","Barcelona","1350",2
"KTM","KTM 1390 SUPER DUKE R","Bizkaia","1350",1
"KTM","KTM 1390 SUPER DUKE R","Jaén","1350",1
"KTM","KTM 1390 SUPER DUKE R","Lugo","1350",1
"KTM","KTM 1390 SUPER DUKE R","Málaga","1350",2
"KTM","KTM 1390 SUPER DUKE R","Murcia","1350",1
"KTM","KTM 1390 SUPER DUKE R","Santa Cruz de Tenerife","1350",1
"KTM","KTM 1390 SUPER DUKE R","Segovia","1350",1
"KTM","KTM 1390 SUPER DUKE R","Sevilla","1350",1
"KTM","KTM 250 EXC","Bizkaia","249",1
"KTM","KTM 250 EXC","Huesca","249",1
"KTM","KTM 250 EXC","Sevilla","249",1
"KTM","KTM 250 EXC","Valladolid","249",1
"KTM","KTM 300 EXC","Almería","293",1
"KTM","KTM 300 EXC","Barcelona","293",4
"KTM","KTM 300 EXC","Granada","293",2
"KTM","KTM 300 EXC","Huesca","293",1
"KTM","KTM 300 EXC","Jaén","293",1
"KTM","KTM 300 EXC","León","293",1
"KTM","KTM 300 EXC","Lleida","293",1
"KTM","KTM 300 EXC","Madrid","293",1
"KTM","KTM 300 EXC","Sevilla","293",1
"KTM","KTM 300 EXC","Valencia/València","293",2
"KTM","KTM 350 EXC-F","Asturias","350",1
"KTM","KTM 350 EXC-F","Lleida","350",1
"KTM","KTM 350 EXC-F","Valencia/València","350",1
"KTM","KTM 390 ADVENTURE","Albacete","373",1
"KTM","KTM 390 ADVENTURE","Madrid","373",2
"KTM","KTM 390 ADVENTURE","Valencia/València","373",1
"KTM","KTM 390 DUKE","Asturias","399",1
"KTM","KTM 390 DUKE","Barcelona","399",6
"KTM","KTM 390 DUKE","Cantabria","399",1
"KTM","KTM 390 DUKE","Córdoba","399",3
"KTM","KTM 390 DUKE","Gipuzkoa","399",1
"KTM","KTM 390 DUKE","Lleida","399",1
"KTM","KTM 390 DUKE","Madrid","399",6
"KTM","KTM 390 DUKE","Murcia","399",1
"KTM","KTM 390 DUKE","Sevilla","399",1
"KTM","KTM 390 DUKE","Tarragona","399",1
"KTM","KTM 390 DUKE","Valencia/València","399",2
"KTM","KTM 450 EXC-F","Barcelona","450",1
"KTM","KTM 690 ENDURO R","Pontevedra","693",1
"KTM","KTM 790 ADVENTURE","Asturias","799",1
"KTM","KTM 790 ADVENTURE","Barcelona","799",1
"KTM","KTM 790 ADVENTURE","Ceuta","799",1
"KTM","KTM 790 ADVENTURE","Illes Balears","799",2
"KTM","KTM 790 ADVENTURE","Lleida","799",1
"KTM","KTM 790 ADVENTURE","Madrid","799",1
"KTM","KTM 790 ADVENTURE","Murcia","799",2
"KTM","KTM 790 ADVENTURE","Pontevedra","799",1
"KTM","KTM 790 ADVENTURE","Salamanca","799",1
"KTM","KTM 790 ADVENTURE","Santa Cruz de Tenerife","799",1
"KTM","KTM 790 ADVENTURE","Valencia/València","799",1
"KTM","KTM 790 DUKE L","Alicante/Alacant","799",1
"KTM","KTM 790 DUKE L","Bizkaia","799",1
"KTM","KTM 790 DUKE L","Madrid","799",1
"KTM","KTM 890 ADVENTURE","Ávila","889",1
"KTM","KTM 890 ADVENTURE","Illes Balears","889",1
"KTM","KTM 890 ADVENTURE","Málaga","889",2
"KTM","KTM 890 ADVENTURE","Palencia","889",1
"KTM","KTM 890 ADVENTURE","Toledo","889",1
"KTM","KTM 890 ADVENTURE R","Álava/Araba","889",1
"KTM","KTM 890 ADVENTURE R","Albacete","889",1
"KTM","KTM 890 ADVENTURE R","Alicante/Alacant","889",2
"KTM","KTM 890 ADVENTURE R","Ávila","889",1
"KTM","KTM 890 ADVENTURE R","Badajoz","889",1
"KTM","KTM 890 ADVENTURE R","Barcelona","889",3
"KTM","KTM 890 ADVENTURE R","Burgos","889",3
"KTM","KTM 890 ADVENTURE R","Cantabria","889",2
"KTM","KTM 890 ADVENTURE R","Ceuta","889",1
"KTM","KTM 890 ADVENTURE R","Ciudad Real","889",1
"KTM","KTM 890 ADVENTURE R","Girona","889",1
"KTM","KTM 890 ADVENTURE R","Illes Balears","889",1
"KTM","KTM 890 ADVENTURE R","Madrid","889",2
"KTM","KTM 890 ADVENTURE R","Palencia","889",1
"KTM","KTM 890 ADVENTURE R","Santa Cruz de Tenerife","889",1
"KTM","KTM 890 ADVENTURE R","Sevilla","889",1
"KTM","KTM 890 ADVENTURE R","Tarragona","889",1
"KTM","KTM 890 ADVENTURE R","Valencia/València","889",1
"KTM","KTM 890 SM T","Alicante/Alacant","889",1
"KTM","KTM 890 SM T","Asturias","889",1
"KTM","KTM 890 SM T","Barcelona","889",1
"KTM","KTM 890 SM T","Bizkaia","889",1
"KTM","KTM 890 SM T","Cádiz","889",1
"KTM","KTM 890 SM T","Cantabria","889",1
"KTM","KTM 890 SM T","Huelva","889",1
"KTM","KTM 890 SM T","Madrid","889",1
"KTM","KTM 890 SM T","Málaga","889",1
"KTM","KTM 890 SM T","Pontevedra","889",1
"KTM","KTM 890 SM T","Toledo","889",1
"KTM","KTM 890 SM T","Valencia/València","889",1
"KTM","KTM 990 DUKE","Barcelona","947",4
"KTM","KTM 990 DUKE","Bizkaia","947",1
"KTM","KTM 990 DUKE","Castellón/Castelló","947",1
"KTM","KTM 990 DUKE","Granada","947",1
"KTM","KTM 990 DUKE","Illes Balears","947",1
"KTM","KTM 990 DUKE","León","947",1
"KTM","KTM 990 DUKE","Madrid","947",1
"KTM","KTM 990 DUKE","Málaga","947",1
"KTM","KTM 990 DUKE","Toledo","947",1
"KTM","KTM 990 DUKE","Valencia/València","947",2
"KTM","KTM 990 DUKE","Zamora","947",1
"KTM","KTM RC 390","Tarragona","373",1
"KYMCO","AGILITY CITY 125","Ávila","125",1
"KYMCO","AGILITY CITY 125","Barcelona","125",9
"KYMCO","AGILITY CITY 125","Cádiz","125",3
"KYMCO","AGILITY CITY 125","Ciudad Real","125",1
"KYMCO","AGILITY CITY 125","Gipuzkoa","125",1
"KYMCO","AGILITY CITY 125","Girona","125",1
"KYMCO","AGILITY CITY 125","Illes Balears","125",5
"KYMCO","AGILITY CITY 125","León","125",1
"KYMCO","AGILITY CITY 125","Madrid","125",1
"KYMCO","AGILITY CITY 125","Málaga","125",1
"KYMCO","AGILITY CITY 125","Murcia","125",12
"KYMCO","AGILITY CITY 125","Tarragona","125",1
"KYMCO","AGILITY CITY 125","Valencia/València","125",2
"KYMCO","AGILITY S","Álava/Araba","125",5
"KYMCO","AGILITY S","Albacete","125",5
"KYMCO","AGILITY S","Alicante/Alacant","125",77
"KYMCO","AGILITY S","Almería","125",11
"KYMCO","AGILITY S","Asturias","125",1
"KYMCO","AGILITY S","Ávila","125",2
"KYMCO","AGILITY S","Badajoz","125",8
"KYMCO","AGILITY S","Barcelona","125",75
"KYMCO","AGILITY S","Bizkaia","125",17
"KYMCO","AGILITY S","Cáceres","125",7
"KYMCO","AGILITY S","Cádiz","125",60
"KYMCO","AGILITY S","Cantabria","125",9
"KYMCO","AGILITY S","Castellón/Castelló","125",4
"KYMCO","AGILITY S","Ceuta","125",2
"KYMCO","AGILITY S","Ciudad Real","125",6
"KYMCO","AGILITY S","Córdoba","125",11
"KYMCO","AGILITY S","Coruña (A)","125",5
"KYMCO","AGILITY S","Gipuzkoa","125",21
"KYMCO","AGILITY S","Girona","125",21
"KYMCO","AGILITY S","Granada","125",27
"KYMCO","AGILITY S","Huelva","125",9
"KYMCO","AGILITY S","Huesca","125",2
"KYMCO","AGILITY S","Illes Balears","125",46
"KYMCO","AGILITY S","Jaén","125",10
"KYMCO","AGILITY S","León","125",3
"KYMCO","AGILITY S","Lleida","125",2
"KYMCO","AGILITY S","Lugo","125",1
"KYMCO","AGILITY S","Madrid","125",36
"KYMCO","AGILITY S","Málaga","125",92
"KYMCO","AGILITY S","Murcia","125",23
"KYMCO","AGILITY S","Navarra","125",3
"KYMCO","AGILITY S","Ourense","125",3
"KYMCO","AGILITY S","Palmas (Las)","125",12
"KYMCO","AGILITY S","Pontevedra","125",7
"KYMCO","AGILITY S","Rioja (La)","125",9
"KYMCO","AGILITY S","Santa Cruz de Tenerife","125",4
"KYMCO","AGILITY S","Sevilla","125",15
"KYMCO","AGILITY S","Tarragona","125",13
"KYMCO","AGILITY S","Toledo","125",2
"KYMCO","AGILITY S","Valencia/València","125",14
"KYMCO","AGILITY S","Zaragoza","125",6
"KYMCO","AK 550","Alicante/Alacant","550",1
"KYMCO","AK 550","Almería","550",1
"KYMCO","AK 550","Barcelona","550",1
"KYMCO","AK 550","Madrid","550",1
"KYMCO","AK 550","Ourense","550",1
"KYMCO","AK 550","Santa Cruz de Tenerife","550",1
"KYMCO","DTX","Álava/Araba","124",1
"KYMCO","DTX","Albacete","124",7
"KYMCO","DTX","Alicante/Alacant","124",6
"KYMCO","DTX","Almería","124",5
"KYMCO","DTX","Asturias","124",11
"KYMCO","DTX","Badajoz","124",1
"KYMCO","DTX","Barcelona","124",33
"KYMCO","DTX","Bizkaia","124",6
"KYMCO","DTX","Cáceres","124",5
"KYMCO","DTX","Cádiz","124",15
"KYMCO","DTX","Cantabria","124",3
"KYMCO","DTX","Castellón/Castelló","124",3
"KYMCO","DTX","Ciudad Real","124",1
"KYMCO","DTX","Córdoba","124",6
"KYMCO","DTX","Coruña (A)","124",6
"KYMCO","DTX","Girona","124",9
"KYMCO","DTX","Granada","124",14
"KYMCO","DTX","Guadalajara","124",1
"KYMCO","DTX","Huelva","124",4
"KYMCO","DTX","Illes Balears","124",17
"KYMCO","DTX","Jaén","124",1
"KYMCO","DTX","Lleida","124",1
"KYMCO","DTX","Madrid","124",17
"KYMCO","DTX","Málaga","124",16
"KYMCO","DTX","Murcia","124",10
"KYMCO","DTX","Navarra","124",2
"KYMCO","DTX","Ourense","124",2
"KYMCO","DTX","Pontevedra","124",4
"KYMCO","DTX","Rioja (La)","124",1
"KYMCO","DTX","Santa Cruz de Tenerife","124",1
"KYMCO","DTX","Sevilla","124",6
"KYMCO","DTX","Tarragona","124",8
"KYMCO","DTX","Toledo","124",1
"KYMCO","DTX","Valencia/València","124",15
"KYMCO","DTX","Valladolid","124",1
"KYMCO","DTX","Zaragoza","124",3
"KYMCO","DTX 125","Badajoz","124",2
"KYMCO","DTX 125","Barcelona","124",4
"KYMCO","DTX 125","Cádiz","124",3
"KYMCO","DTX 125","Córdoba","124",1
"KYMCO","DTX 125","Guadalajara","124",1
"KYMCO","DTX 125","Huelva","124",1
"KYMCO","DTX 125","Illes Balears","124",4
"KYMCO","DTX 125","León","124",1
"KYMCO","DTX 125","Lleida","124",1
"KYMCO","DTX 125","Madrid","124",1
"KYMCO","DTX 125","Málaga","124",5
"KYMCO","DTX 125","Murcia","124",14
"KYMCO","DTX 125","Pontevedra","124",1
"KYMCO","DTX 125","Sevilla","124",5
"KYMCO","DTX 125","Tarragona","124",4
"KYMCO","DTX 125","Valencia/València","124",4
"KYMCO","DTX 125","Zaragoza","124",2
"KYMCO","DTX 350","Barcelona","321",4
"KYMCO","DTX 350","Girona","321",1
"KYMCO","DTX 350","Madrid","321",2
"KYMCO","DTX 350","Murcia","321",2
"KYMCO","DTX 350","Palmas (Las)","321",1
"KYMCO","PEOPLE S 125","Barcelona","125",3
"KYMCO","PEOPLE S 125","Girona","125",1
"KYMCO","PEOPLE S 125","Valencia/València","125",1
"KYMCO","PEOPLE S 125 E5+","Álava/Araba","125",1
"KYMCO","PEOPLE S 125 E5+","Albacete","125",1
"KYMCO","PEOPLE S 125 E5+","Alicante/Alacant","125",5
"KYMCO","PEOPLE S 125 E5+","Almería","125",1
"KYMCO","PEOPLE S 125 E5+","Asturias","125",2
"KYMCO","PEOPLE S 125 E5+","Barcelona","125",28
"KYMCO","PEOPLE S 125 E5+","Cádiz","125",6
"KYMCO","PEOPLE S 125 E5+","Cantabria","125",1
"KYMCO","PEOPLE S 125 E5+","Castellón/Castelló","125",1
"KYMCO","PEOPLE S 125 E5+","Coruña (A)","125",2
"KYMCO","PEOPLE S 125 E5+","Gipuzkoa","125",11
"KYMCO","PEOPLE S 125 E5+","Girona","125",9
"KYMCO","PEOPLE S 125 E5+","Granada","125",3
"KYMCO","PEOPLE S 125 E5+","Huelva","125",2
"KYMCO","PEOPLE S 125 E5+","Illes Balears","125",7
"KYMCO","PEOPLE S 125 E5+","Jaén","125",1
"KYMCO","PEOPLE S 125 E5+","León","125",1
"KYMCO","PEOPLE S 125 E5+","Madrid","125",3
"KYMCO","PEOPLE S 125 E5+","Málaga","125",6
"KYMCO","PEOPLE S 125 E5+","Murcia","125",1
"KYMCO","PEOPLE S 125 E5+","Navarra","125",2
"KYMCO","PEOPLE S 125 E5+","Rioja (La)","125",1
"KYMCO","PEOPLE S 125 E5+","Sevilla","125",1
"KYMCO","PEOPLE S 125 E5+","Valencia/València","125",1
"KYMCO","PEOPLE S 125 E5+","Zaragoza","125",2
"KYMCO","SKYTOWN 125","Albacete","125",1
"KYMCO","SKYTOWN 125","Alicante/Alacant","125",14
"KYMCO","SKYTOWN 125","Almería","125",9
"KYMCO","SKYTOWN 125","Asturias","125",10
"KYMCO","SKYTOWN 125","Badajoz","125",7
"KYMCO","SKYTOWN 125","Barcelona","125",64
"KYMCO","SKYTOWN 125","Bizkaia","125",16
"KYMCO","SKYTOWN 125","Burgos","125",2
"KYMCO","SKYTOWN 125","Cáceres","125",1
"KYMCO","SKYTOWN 125","Cádiz","125",32
"KYMCO","SKYTOWN 125","Cantabria","125",13
"KYMCO","SKYTOWN 125","Castellón/Castelló","125",1
"KYMCO","SKYTOWN 125","Ciudad Real","125",4
"KYMCO","SKYTOWN 125","Córdoba","125",9
"KYMCO","SKYTOWN 125","Coruña (A)","125",5
"KYMCO","SKYTOWN 125","Cuenca","125",3
"KYMCO","SKYTOWN 125","Gipuzkoa","125",6
"KYMCO","SKYTOWN 125","Girona","125",8
"KYMCO","SKYTOWN 125","Granada","125",12
"KYMCO","SKYTOWN 125","Huelva","125",2
"KYMCO","SKYTOWN 125","Illes Balears","125",26
"KYMCO","SKYTOWN 125","Jaén","125",3
"KYMCO","SKYTOWN 125","León","125",1
"KYMCO","SKYTOWN 125","Lleida","125",1
"KYMCO","SKYTOWN 125","Lugo","125",2
"KYMCO","SKYTOWN 125","Madrid","125",36
"KYMCO","SKYTOWN 125","Málaga","125",24
"KYMCO","SKYTOWN 125","Murcia","125",7
"KYMCO","SKYTOWN 125","Navarra","125",1
"KYMCO","SKYTOWN 125","Palmas (Las)","125",3
"KYMCO","SKYTOWN 125","Pontevedra","125",11
"KYMCO","SKYTOWN 125","Rioja (La)","125",1
"KYMCO","SKYTOWN 125","Salamanca","125",2
"KYMCO","SKYTOWN 125","Santa Cruz de Tenerife","125",5
"KYMCO","SKYTOWN 125","Segovia","125",2
"KYMCO","SKYTOWN 125","Sevilla","125",7
"KYMCO","SKYTOWN 125","Soria","125",1
"KYMCO","SKYTOWN 125","Tarragona","125",4
"KYMCO","SKYTOWN 125","Toledo","125",3
"KYMCO","SKYTOWN 125","Valencia/València","125",30
"KYMCO","SKYTOWN 125","Valladolid","125",3
"KYMCO","SKYTOWN 125","Zaragoza","125",2
"KYMCO","SUPER DINK GT","Albacete","321",1
"KYMCO","SUPER DINK GT","Alicante/Alacant","321",5
"KYMCO","SUPER DINK GT","Almería","321",2
"KYMCO","SUPER DINK GT","Asturias","321",8
"KYMCO","SUPER DINK GT","Badajoz","321",1
"KYMCO","SUPER DINK GT","Barcelona","321",29
"KYMCO","SUPER DINK GT","Bizkaia","321",4
"KYMCO","SUPER DINK GT","Cáceres","321",1
"KYMCO","SUPER DINK GT","Cádiz","321",4
"KYMCO","SUPER DINK GT","Cantabria","321",1
"KYMCO","SUPER DINK GT","Castellón/Castelló","321",1
"KYMCO","SUPER DINK GT","Ciudad Real","321",2
"KYMCO","SUPER DINK GT","Córdoba","321",3
"KYMCO","SUPER DINK GT","Coruña (A)","321",4
"KYMCO","SUPER DINK GT","Girona","321",1
"KYMCO","SUPER DINK GT","Granada","321",5
"KYMCO","SUPER DINK GT","Guadalajara","321",1
"KYMCO","SUPER DINK GT","Huelva","321",1
"KYMCO","SUPER DINK GT","Illes Balears","321",6
"KYMCO","SUPER DINK GT","Jaén","321",1
"KYMCO","SUPER DINK GT","León","321",2
"KYMCO","SUPER DINK GT","Madrid","321",27
"KYMCO","SUPER DINK GT","Málaga","321",8
"KYMCO","SUPER DINK GT","Murcia","321",5
"KYMCO","SUPER DINK GT","Pontevedra","321",6
"KYMCO","SUPER DINK GT","Rioja (La)","321",2
"KYMCO","SUPER DINK GT","Santa Cruz de Tenerife","321",1
"KYMCO","SUPER DINK GT","Sevilla","321",9
"KYMCO","SUPER DINK GT","Tarragona","321",3
"KYMCO","SUPER DINK GT","Toledo","321",1
"KYMCO","SUPER DINK GT","Valencia/València","321",14
"KYMCO","SUPER DINK GT","Valladolid","321",1
"KYMCO","SUPER DINK GT","Zaragoza","321",3
"KYMCO","SUPER DINK GT 125 E5+","Álava/Araba","124",1
"KYMCO","SUPER DINK GT 125 E5+","Albacete","124",1
"KYMCO","SUPER DINK GT 125 E5+","Alicante/Alacant","124",14
"KYMCO","SUPER DINK GT 125 E5+","Almería","124",6
"KYMCO","SUPER DINK GT 125 E5+","Asturias","124",4
"KYMCO","SUPER DINK GT 125 E5+","Badajoz","124",1
"KYMCO","SUPER DINK GT 125 E5+","Barcelona","124",32
"KYMCO","SUPER DINK GT 125 E5+","Bizkaia","124",5
"KYMCO","SUPER DINK GT 125 E5+","Cádiz","124",13
"KYMCO","SUPER DINK GT 125 E5+","Cantabria","124",5
"KYMCO","SUPER DINK GT 125 E5+","Castellón/Castelló","124",2
"KYMCO","SUPER DINK GT 125 E5+","Ciudad Real","124",2
"KYMCO","SUPER DINK GT 125 E5+","Córdoba","124",4
"KYMCO","SUPER DINK GT 125 E5+","Coruña (A)","124",7
"KYMCO","SUPER DINK GT 125 E5+","Girona","124",3
"KYMCO","SUPER DINK GT 125 E5+","Granada","124",8
"KYMCO","SUPER DINK GT 125 E5+","Guadalajara","124",1
"KYMCO","SUPER DINK GT 125 E5+","Huelva","124",3
"KYMCO","SUPER DINK GT 125 E5+","Illes Balears","124",13
"KYMCO","SUPER DINK GT 125 E5+","Jaén","124",2
"KYMCO","SUPER DINK GT 125 E5+","León","124",1
"KYMCO","SUPER DINK GT 125 E5+","Madrid","124",19
"KYMCO","SUPER DINK GT 125 E5+","Málaga","124",11
"KYMCO","SUPER DINK GT 125 E5+","Murcia","124",9
"KYMCO","SUPER DINK GT 125 E5+","Navarra","124",1
"KYMCO","SUPER DINK GT 125 E5+","Ourense","124",1
"KYMCO","SUPER DINK GT 125 E5+","Palencia","124",1
"KYMCO","SUPER DINK GT 125 E5+","Palmas (Las)","124",3
"KYMCO","SUPER DINK GT 125 E5+","Pontevedra","124",8
"KYMCO","SUPER DINK GT 125 E5+","Santa Cruz de Tenerife","124",4
"KYMCO","SUPER DINK GT 125 E5+","Sevilla","124",15
"KYMCO","SUPER DINK GT 125 E5+","Tarragona","124",4
"KYMCO","SUPER DINK GT 125 E5+","Toledo","124",2
"KYMCO","SUPER DINK GT 125 E5+","Valencia/València","124",19
"KYMCO","X-TOWN CT 125","Murcia","125",1
"KYMCO","X-TOWN CT 125","Rioja (La)","125",1
"KYMCO","X-TOWN CT 125","Santa Cruz de Tenerife","125",1
"KYMCO","X-TOWN CT 125","Tarragona","125",2
"KYMCO","XCITING VS 400","Álava/Araba","400",1
"KYMCO","XCITING VS 400","Almería","400",1
"KYMCO","XCITING VS 400","Asturias","400",2
"KYMCO","XCITING VS 400","Barcelona","400",3
"KYMCO","XCITING VS 400","Bizkaia","400",4
"KYMCO","XCITING VS 400","Cádiz","400",2
"KYMCO","XCITING VS 400","Coruña (A)","400",1
"KYMCO","XCITING VS 400","Girona","400",1
"KYMCO","XCITING VS 400","Granada","400",2
"KYMCO","XCITING VS 400","Illes Balears","400",1
"KYMCO","XCITING VS 400","León","400",1
"KYMCO","XCITING VS 400","Madrid","400",8
"KYMCO","XCITING VS 400","Málaga","400",2
"KYMCO","XCITING VS 400","Ourense","400",1
"KYMCO","XCITING VS 400","Pontevedra","400",2
"KYMCO","XCITING VS 400","Rioja (La)","400",2
"KYMCO","XCITING VS 400","Valencia/València","400",3
"LAMBRETTA","125D","Ciudad Real","123",1
"LAMBRETTA","150D","Ciudad Real","148",1
"LAMBRETTA","G350 SPECIAL","Asturias","330",1
"LAMBRETTA","G350 SPECIAL","Illes Balears","330",1
"LAMBRETTA","G350 SPECIAL","Tarragona","330",1
"LAMBRETTA","G350 SPECIAL FLEX","Barcelona","330",1
"LAMBRETTA","V125 SPECIAL FLEX","Alicante/Alacant","125",17
"LAMBRETTA","V125 SPECIAL FLEX","Barcelona","125",6
"LAMBRETTA","V125 SPECIAL FLEX","Cádiz","125",2
"LAMBRETTA","V125 SPECIAL FLEX","Cantabria","125",1
"LAMBRETTA","V125 SPECIAL FLEX","Castellón/Castelló","125",1
"LAMBRETTA","V125 SPECIAL FLEX","Ceuta","125",1
"LAMBRETTA","V125 SPECIAL FLEX","Girona","125",1
"LAMBRETTA","V125 SPECIAL FLEX","Illes Balears","125",6
"LAMBRETTA","V125 SPECIAL FLEX","Madrid","125",3
"LAMBRETTA","V125 SPECIAL FLEX","Málaga","125",3
"LAMBRETTA","V125 SPECIAL FLEX","Murcia","125",3
"LAMBRETTA","V125 SPECIAL FLEX","Palmas (Las)","125",1
"LAMBRETTA","V125 SPECIAL FLEX","Sevilla","125",3
"LAMBRETTA","V125 SPECIAL FLEX","Tarragona","125",2
"LAMBRETTA","V125 SPECIAL FLEX","Valencia/València","125",6
"LAMBRETTA","X125","Alicante/Alacant","124",1
"LAMBRETTA","X125","Santa Cruz de Tenerife","124",1
"LAMBRETTA","X300","Alicante/Alacant","275",1
"LAMBRETTA","X300","Barcelona","275",1
"LAMBRETTA","X300","Illes Balears","275",1
"LEONART","KP-450X","Barcelona","446",1
"LEONART","PILDER 125","Asturias","125",1
"LEONART","PILDER 125","Barcelona","125",1
"LEONART","PILDER 125","Madrid","125",1
"LEONART","PILDER 125","Murcia","125",1
"LEONART","PILDER 125","Pontevedra","125",1
"LEONART","PILDER 125","Tarragona","125",1
"LEONART","TRACKER 125","Palmas (Las)","125",1
"LETBE","LB150T-2A","Barcelona","154",2
"LETBE","S125","Alicante/Alacant","125",1
"LETBE","S125","Asturias","125",1
"LETBE","S125","Badajoz","125",1
"LETBE","S125","Barcelona","125",3
"LETBE","S125","Cádiz","125",2
"LETBE","S125","Ciudad Real","125",1
"LETBE","S125","Coruña (A)","125",1
"LETBE","S125","Gipuzkoa","125",2
"LETBE","S125","Girona","125",4
"LETBE","S125","Granada","125",2
"LETBE","S125","Illes Balears","125",6
"LETBE","S125","Madrid","125",2
"LETBE","S125","Málaga","125",4
"LETBE","S125","Pontevedra","125",4
"LETBE","S125","Sevilla","125",1
"LINHAI","---","Badajoz","125",1
"LINHAI","BUCK ADV","Alicante/Alacant","124",1
"LINHAI","BUCK ADV","Almería","124",3
"LINHAI","BUCK ADV","Málaga","124",1
"LINHAI","BUCK ADV","Palmas (Las)","124",1
"LINHAI","BUCK ADV","Pontevedra","124",1
"LINHAI","BUCK ADV","Sevilla","124",1
"LINHAI","BUCK ADV","Valladolid","124",1
"LINHAI","BUCK ADV","Zaragoza","124",1
"MACBOR","8 MILE 500 SCR","Lleida","471",1
"MACBOR","8 MILE 500 SCR","Madrid","471",1
"MACBOR","8 MILE 500 STR","Palmas (Las)","471",1
"MACBOR","EIGHT MILE 125 LC","Barcelona","124",4
"MACBOR","EIGHT MILE 125 LC","Burgos","124",1
"MACBOR","EIGHT MILE 125 LC","Córdoba","124",2
"MACBOR","EIGHT MILE 125 LC","Girona","124",2
"MACBOR","EIGHT MILE 125 LC","Illes Balears","124",2
"MACBOR","EIGHT MILE 125 LC","Madrid","124",1
"MACBOR","EIGHT MILE 125 LC","Ourense","124",1
"MACBOR","EIGHT MILE 125 LC","Palencia","124",1
"MACBOR","EIGHT MILE 125 LC","Sevilla","124",2
"MACBOR","FUN 125 PLUS E5","Barcelona","125",2
"MACBOR","FUN 125 PLUS E5","Illes Balears","125",1
"MACBOR","FUN 125 PLUS E5","Tarragona","125",1
"MACBOR","JOHNNY BE GOOD 125 E5","Barcelona","124",1
"MACBOR","LORD MARTIN 125 E5","Barcelona","124",1
"MACBOR","LORD MARTIN 125 E5","Toledo","124",1
"MACBOR","LORD MARTIN 125 E5","Valencia/València","124",1
"MACBOR","MONTANA XR1 125","Granada","124",1
"MACBOR","MONTANA XR1 125","Illes Balears","124",1
"MACBOR","MONTANA XR1 125","Lleida","124",1
"MACBOR","MONTANA XR1 125","Murcia","124",1
"MACBOR","MONTANA XR1 125","Palmas (Las)","124",1
"MACBOR","MONTANA XR1 125","Sevilla","124",2
"MACBOR","MONTANA XR1 125","Toledo","124",1
"MACBOR","MONTANA XR1 125 EVO","Alicante/Alacant","124",1
"MACBOR","MONTANA XR1 125 EVO","Asturias","124",1
"MACBOR","MONTANA XR1 125 EVO","Barcelona","124",10
"MACBOR","MONTANA XR1 125 EVO","Burgos","124",1
"MACBOR","MONTANA XR1 125 EVO","Cuenca","124",1
"MACBOR","MONTANA XR1 125 EVO","Gipuzkoa","124",2
"MACBOR","MONTANA XR1 125 EVO","Girona","124",1
"MACBOR","MONTANA XR1 125 EVO","Illes Balears","124",1
"MACBOR","MONTANA XR1 125 EVO","Jaén","124",1
"MACBOR","MONTANA XR1 125 EVO","Madrid","124",5
"MACBOR","MONTANA XR1 125 EVO","Málaga","124",1
"MACBOR","MONTANA XR1 125 EVO","Murcia","124",1
"MACBOR","MONTANA XR1 125 EVO","Navarra","124",1
"MACBOR","MONTANA XR1 125 EVO","Santa Cruz de Tenerife","124",1
"MACBOR","MONTANA XR5 510","Alicante/Alacant","498",1
"MACBOR","MONTANA XR5 510","Asturias","498",1
"MACBOR","MONTANA XR5 510","Barcelona","498",8
"MACBOR","MONTANA XR5 510","Ciudad Real","498",2
"MACBOR","MONTANA XR5 510","Gipuzkoa","498",1
"MACBOR","MONTANA XR5 510","Girona","498",1
"MACBOR","MONTANA XR5 510","Granada","498",1
"MACBOR","MONTANA XR5 510","Jaén","498",2
"MACBOR","MONTANA XR5 510","Madrid","498",2
"MACBOR","MONTANA XR5 510","Murcia","498",3
"MACBOR","MONTANA XR5 510","Navarra","498",1
"MACBOR","MONTANA XR5 510","Sevilla","498",2
"MACBOR","MONTANA XR5 510","Tarragona","498",5
"MACBOR","MONTANA XR5 510","Zamora","498",1
"MACBOR","MONTANA XR5 510 E5+","Alicante/Alacant","498",1
"MACBOR","MONTANA XR5 510 E5+","Barcelona","498",8
"MACBOR","MONTANA XR5 510 E5+","Córdoba","498",1
"MACBOR","MONTANA XR5 510 E5+","Huelva","498",1
"MACBOR","MONTANA XR5 510 E5+","Jaén","498",2
"MACBOR","MONTANA XR5 510 E5+","León","498",1
"MACBOR","MONTANA XR5 510 E5+","Salamanca","498",1
"MACBOR","MONTANA XR5 510 E5+","Santa Cruz de Tenerife","498",1
"MACBOR","MONTANA XR5 510 E5+","Segovia","498",1
"MACBOR","MONTANA XR5 510 E5+","Sevilla","498",2
"MACBOR","MONTANA XR5 510 E5+","Valencia/València","498",1
"MACBOR","ROCKSTER 125","Barcelona","125",1
"MACBOR","ROCKSTER 125","Cantabria","125",1
"MACBOR","ROCKSTER 125","Illes Balears","125",1
"MACBOR","ROCKSTER 125","Santa Cruz de Tenerife","125",1
"MACBOR","ROCKSTER 125","Tarragona","125",1
"MACBOR","ROCKSTER 125 E5","Barcelona","125",1
"MACBOR","ROCKSTER 125 EVO E5+","Alicante/Alacant","125",1
"MACBOR","ROCKSTER 125 EVO E5+","Asturias","125",1
"MACBOR","ROCKSTER 125 EVO E5+","Cádiz","125",1
"MACBOR","ROCKSTER 125 EVO E5+","Granada","125",1
"MACBOR","ROCKSTER 125 EVO E5+","Illes Balears","125",1
"MACBOR","ROCKSTER 125 EVO E5+","Málaga","125",2
"MACBOR","ROCKSTER 125 EVO E5+","Murcia","125",1
"MACBOR","ROCKSTER 125 EVO E5+","Navarra","125",2
"MACBOR","ROCKSTER 125 EVO E5+","Salamanca","125",1
"MACBOR","ROCKSTER 125 EVO E5+","Sevilla","125",1
"MACBOR","ROCKSTER 125 EVO E5+","Valencia/València","125",1
"MACBOR","ROCKSTER 410","Albacete","401",1
"MACBOR","ROCKSTER 410","Asturias","401",1
"MACBOR","ROCKSTER 410","Cantabria","401",2
"MACBOR","ROCKSTER 410","Navarra","401",1
"MACBOR","ROCKSTER 410","Zamora","401",1
"MACBOR","ROCKSTER FLAT 125","Alicante/Alacant","125",1
"MACBOR","ROCKSTER FLAT 125","Barcelona","125",4
"MACBOR","ROCKSTER FLAT 125","Granada","125",1
"MACBOR","ROCKSTER FLAT 125","Murcia","125",1
"MACBOR","ROCKSTER FLAT 125","Palmas (Las)","125",1
"MACBOR","ROCKSTER FLAT 125","Valencia/València","125",1
"MACBOR","ROCKSTER FLAT 125","Zaragoza","125",1
"MACBOR","ROCKSTER FLAT 125 EVO","Alicante/Alacant","125",1
"MACBOR","ROCKSTER FLAT 125 EVO","Barcelona","125",1
"MACBOR","ROCKSTER FLAT 125 EVO","Córdoba","125",1
"MACBOR","ROCKSTER FLAT 125 EVO","Tarragona","125",2
"MACBOR","ROCKSTER FLAT 125 EVO","Zaragoza","125",1
"MALAGUTI","MISSION 125","Bizkaia","124",1
"MALAGUTI","SPECTRE (GP)","Córdoba","125",1
"MALCOR IBERICA","ROME","Alicante/Alacant","125",7
"MALCOR IBERICA","ROME","Cádiz","125",3
"MALCOR IBERICA","ROME","Madrid","125",1
"MALCOR IBERICA","SX125","Alicante/Alacant","125",7
"MBP","C1002V","Álava/Araba","997",1
"MBP","C1002V","Burgos","997",1
"MBP","C1002V","Cádiz","997",1
"MBP","C1002V","Girona","997",1
"MBP","C1002V","Málaga","997",1
"MBP","C1002V","Murcia","997",1
"MBP","C1002V","Pontevedra","997",1
"MBP","SC 125","Álava/Araba","125",1
"MBP","SC 125","Alicante/Alacant","125",1
"MBP","SC 125","Asturias","125",2
"MBP","SC 125","Barcelona","125",4
"MBP","SC 125","Bizkaia","125",1
"MBP","SC 125","Girona","125",1
"MBP","SC 125","Málaga","125",1
"MBP","SC 125","Sevilla","125",3
"MBP","SC 125","Tarragona","125",2
"MBP","SC 125","Valencia/València","125",1
"MBP","SC125LX","Alicante/Alacant","125",1
"MBP","SC125LX","Barcelona","125",1
"MBP","SC125LX","Cádiz","125",2
"MBP","SC125LX","Castellón/Castelló","125",1
"MBP","SC125LX","Córdoba","125",1
"MBP","SC125LX","León","125",1
"MBP","SC125LX","Lleida","125",1
"MBP","SC125LX","Madrid","125",1
"MBP","SC125LX","Málaga","125",1
"MBP","SC125LX","Tarragona","125",1
"MBP","SC300","Barcelona","278",3
"MBP","SC300","Castellón/Castelló","278",1
"MBP","SC300","Girona","278",1
"MBP","SC300","León","278",1
"MBP","SC300","Tarragona","278",1
"MBP","SC300","Zaragoza","278",1
"MH MOTORCYCLES","BOGGA","Alicante/Alacant","125",1
"MH MOTORCYCLES","BOGGA","Santa Cruz de Tenerife","125",1
"MH MOTORCYCLES","FASTY","Cádiz","124",1
"MH MOTORCYCLES","RYX SM","Santa Cruz de Tenerife","124",1
"MH MOTORCYCLES","TRAY","Alicante/Alacant","125",3
"MH MOTORCYCLES","TRAY","Almería","125",2
"MH MOTORCYCLES","TRAY","Asturias","125",1
"MH MOTORCYCLES","TRAY","Badajoz","125",7
"MH MOTORCYCLES","TRAY","Barcelona","125",5
"MH MOTORCYCLES","TRAY","Bizkaia","125",1
"MH MOTORCYCLES","TRAY","Burgos","125",3
"MH MOTORCYCLES","TRAY","Cáceres","125",2
"MH MOTORCYCLES","TRAY","Cádiz","125",8
"MH MOTORCYCLES","TRAY","Cantabria","125",4
"MH MOTORCYCLES","TRAY","Córdoba","125",4
"MH MOTORCYCLES","TRAY","Coruña (A)","125",1
"MH MOTORCYCLES","TRAY","Gipuzkoa","125",1
"MH MOTORCYCLES","TRAY","Granada","125",4
"MH MOTORCYCLES","TRAY","Huelva","125",6
"MH MOTORCYCLES","TRAY","Huesca","125",1
"MH MOTORCYCLES","TRAY","Jaén","125",2
"MH MOTORCYCLES","TRAY","León","125",2
"MH MOTORCYCLES","TRAY","Madrid","125",4
"MH MOTORCYCLES","TRAY","Málaga","125",5
"MH MOTORCYCLES","TRAY","Murcia","125",7
"MH MOTORCYCLES","TRAY","Palencia","125",1
"MH MOTORCYCLES","TRAY","Palmas (Las)","125",2
"MH MOTORCYCLES","TRAY","Pontevedra","125",3
"MH MOTORCYCLES","TRAY","Rioja (La)","125",1
"MH MOTORCYCLES","TRAY","Salamanca","125",3
"MH MOTORCYCLES","TRAY","Santa Cruz de Tenerife","125",1
"MH MOTORCYCLES","TRAY","Sevilla","125",11
"MH MOTORCYCLES","TRAY","Toledo","125",2
"MH MOTORCYCLES","TRAY","Valencia/València","125",3
"MH MOTORCYCLES","TRAY","Valladolid","125",1
"MH MOTORCYCLES","TRAY","Zaragoza","125",3
"MH MOTORCYCLES","VR10","Alicante/Alacant","124",2
"MH MOTORCYCLES","VR10","Almería","124",2
"MH MOTORCYCLES","VR10","Barcelona","124",2
"MH MOTORCYCLES","VR10","Cádiz","124",12
"MH MOTORCYCLES","VR10","Cantabria","124",3
"MH MOTORCYCLES","VR10","Córdoba","124",6
"MH MOTORCYCLES","VR10","Granada","124",2
"MH MOTORCYCLES","VR10","Huelva","124",1
"MH MOTORCYCLES","VR10","Illes Balears","124",1
"MH MOTORCYCLES","VR10","Jaén","124",2
"MH MOTORCYCLES","VR10","Madrid","124",4
"MH MOTORCYCLES","VR10","Málaga","124",1
"MH MOTORCYCLES","VR10","Murcia","124",1
"MH MOTORCYCLES","VR10","Palmas (Las)","124",3
"MH MOTORCYCLES","VR10","Pontevedra","124",1
"MH MOTORCYCLES","VR10","Santa Cruz de Tenerife","124",6
"MH MOTORCYCLES","VR10","Sevilla","124",4
"MH MOTORCYCLES","VR10","Valladolid","124",1
"MH MOTORCYCLES","VR10","Zaragoza","124",1
"MH MOTORCYCLES","VRS","Alicante/Alacant","124",2
"MH MOTORCYCLES","VRS","Illes Balears","124",1
"MH MOTORCYCLES","VRS","Málaga","124",1
"MH MOTORCYCLES","VRT","Alicante/Alacant","124",3
"MH MOTORCYCLES","VRT","Almería","124",2
"MH MOTORCYCLES","VRT","Badajoz","124",1
"MH MOTORCYCLES","VRT","Barcelona","124",2
"MH MOTORCYCLES","VRT","Cádiz","124",2
"MH MOTORCYCLES","VRT","Cantabria","124",2
"MH MOTORCYCLES","VRT","Córdoba","124",2
"MH MOTORCYCLES","VRT","Girona","124",1
"MH MOTORCYCLES","VRT","Granada","124",4
"MH MOTORCYCLES","VRT","Illes Balears","124",6
"MH MOTORCYCLES","VRT","Madrid","124",4
"MH MOTORCYCLES","VRT","Málaga","124",1
"MH MOTORCYCLES","VRT","Ourense","124",1
"MH MOTORCYCLES","VRT","Palmas (Las)","124",1
"MH MOTORCYCLES","VRT","Sevilla","124",2
"MH MOTORCYCLES","VRT","Valencia/València","124",2
"MH MOTORCYCLES","VRT","Zaragoza","124",1
"MH MOTORCYCLES","XRT","Barcelona","125",1
"MH MOTORCYCLES","XRT","Murcia","125",1
"MH MOTORCYCLES","XRT","Palmas (Las)","125",1
"MH MOTORCYCLES","XRT","Tarragona","125",1
"MH MOTORCYCLES","XRT","Valencia/València","125",1
"MITT","125 NK","Almería","124",1
"MITT","125 NK","Asturias","124",1
"MITT","125 NK","Badajoz","124",1
"MITT","125 NK","Barcelona","124",1
"MITT","125 NK","Cáceres","124",1
"MITT","125 NK","Cádiz","124",1
"MITT","125 NK","Cantabria","124",2
"MITT","125 NK","Castellón/Castelló","124",1
"MITT","125 NK","Granada","124",1
"MITT","125 NK","Huelva","124",1
"MITT","125 NK","León","124",1
"MITT","125 NK","Lugo","124",1
"MITT","125 NK","Madrid","124",1
"MITT","125 NK","Palmas (Las)","124",1
"MITT","125 NK","Pontevedra","124",1
"MITT","125 NK","Rioja (La)","124",1
"MITT","125 NK","Santa Cruz de Tenerife","124",1
"MITT","125 NK","Sevilla","124",5
"MITT","125 NK","Valencia/València","124",4
"MITT","125 NK","Valladolid","124",1
"MITT","125 NK","Zaragoza","124",1
"MITT","125GP","Albacete","124",1
"MITT","125GP","Alicante/Alacant","124",2
"MITT","125GP","Asturias","124",1
"MITT","125GP","Ávila","124",1
"MITT","125GP","Badajoz","124",1
"MITT","125GP","Barcelona","124",5
"MITT","125GP","Bizkaia","124",2
"MITT","125GP","Burgos","124",1
"MITT","125GP","Ciudad Real","124",1
"MITT","125GP","Coruña (A)","124",1
"MITT","125GP","Illes Balears","124",1
"MITT","125GP","León","124",2
"MITT","125GP","Lleida","124",1
"MITT","125GP","Madrid","124",8
"MITT","125GP","Málaga","124",2
"MITT","125GP","Murcia","124",2
"MITT","125GP","Pontevedra","124",1
"MITT","125GP","Rioja (La)","124",1
"MITT","125GP","Sevilla","124",2
"MITT","125GP","Tarragona","124",1
"MITT","125GP","Toledo","124",1
"MITT","125GP","Valencia/València","124",2
"MITT","125GTS","Albacete","125",1
"MITT","125GTS","Alicante/Alacant","125",1
"MITT","125GTS","Almería","125",1
"MITT","125GTS","Asturias","125",1
"MITT","125GTS","Barcelona","125",2
"MITT","125GTS","Bizkaia","125",2
"MITT","125GTS","Cáceres","125",1
"MITT","125GTS","Cantabria","125",2
"MITT","125GTS","Ciudad Real","125",1
"MITT","125GTS","Córdoba","125",3
"MITT","125GTS","Huelva","125",1
"MITT","125GTS","León","125",1
"MITT","125GTS","Madrid","125",2
"MITT","125GTS","Málaga","125",3
"MITT","125GTS","Palmas (Las)","125",1
"MITT","125GTS","Sevilla","125",2
"MITT","125GTS","Valencia/València","125",1
"MITT","125GTS","Valladolid","125",2
"MITT","125R1","Barcelona","124",1
"MITT","125R1","Navarra","124",1
"MITT","300GT MAX","Asturias","276",1
"MITT","300GT MAX","Santa Cruz de Tenerife","276",1
"MITT","330 GTS","Zaragoza","276",1
"MITT","808","Albacete","799",1
"MITT","808","Asturias","799",1
"MITT","808","Valencia/València","799",1
"MITT","808","Zaragoza","799",1
"MITT","CPX 125 LIQUID","Cádiz","125",2
"MITT","CPX 125 LIQUID","Granada","125",1
"MITT","CPX 125 LIQUID","Madrid","125",1
"MITT","CPX 125 LIQUID","Zaragoza","125",1
"MITT","EMPEROR","Albacete","125",2
"MITT","EMPEROR","Alicante/Alacant","125",2
"MITT","EMPEROR","Asturias","125",1
"MITT","EMPEROR","Cádiz","125",1
"MITT","EMPEROR","Castellón/Castelló","125",1
"MITT","EMPEROR","Córdoba","125",1
"MITT","EMPEROR","Gipuzkoa","125",1
"MITT","EMPEROR","Pontevedra","125",1
"MITT","EMPEROR","Santa Cruz de Tenerife","125",1
"MITT","EMPEROR","Sevilla","125",2
"MITT","EMPEROR","Valencia/València","125",1
"MITT","FUNRIDER","Palmas (Las)","125",1
"MITT","FUNRIDER","Sevilla","125",1
"MITT","GT-S","Almería","125",1
"MITT","GT-S","Asturias","125",1
"MITT","GT-S","Barcelona","125",1
"MITT","GT-S","Bizkaia","125",3
"MITT","GT-S","Cádiz","125",4
"MITT","GT-S","Cantabria","125",3
"MITT","GT-S","Castellón/Castelló","125",2
"MITT","GT-S","Ciudad Real","125",1
"MITT","GT-S","Córdoba","125",1
"MITT","GT-S","Madrid","125",1
"MITT","GT-S","Pontevedra","125",1
"MITT","GT-S","Valencia/València","125",4
"MITT","GT-S","Zaragoza","125",1
"MITT","K750","Asturias","730",1
"MITT","K750","Madrid","730",1
"MITT","K750","Málaga","730",1
"MITT","KYLIN 750","Asturias","730",1
"MITT","KYLIN 750","Illes Balears","730",1
"MITT","KYLIN 750","Sevilla","730",1
"MITT","LEGEND 301","Burgos","234",1
"MITT","LEGEND 301","Granada","234",1
"MITT","LEGRAND","Alicante/Alacant","125",1
"MITT","LEGRAND","Cádiz","125",1
"MITT","LEGRAND","Coruña (A)","125",1
"MITT","LEGRAND","Madrid","125",1
"MITT","LEGRAND","Sevilla","125",2
"MITT","MITT 555TT","Sevilla","471",3
"MITT","MITT ADV 125","Álava/Araba","124",1
"MITT","MITT ADV 125","Almería","124",1
"MITT","MITT ADV 125","Illes Balears","124",1
"MITT","MITT ADV 125","Pontevedra","124",1
"MITT","MITT ADV 125","Sevilla","124",1
"MITT","MITT ADV 530","Córdoba","471",1
"MITT","MITT ADV 530","Madrid","471",1
"MITT","MITT SUPPER","Albacete","125",1
"MITT","MITT SUPPER","Alicante/Alacant","125",1
"MITT","MITT SUPPER","Almería","125",1
"MITT","MITT SUPPER","Asturias","125",2
"MITT","MITT SUPPER","Badajoz","125",1
"MITT","MITT SUPPER","Cádiz","125",3
"MITT","MITT SUPPER","Castellón/Castelló","125",1
"MITT","MITT SUPPER","Coruña (A)","125",1
"MITT","MITT SUPPER","Guadalajara","125",1
"MITT","MITT SUPPER","Madrid","125",5
"MITT","MITT SUPPER","Málaga","125",1
"MITT","MITT SUPPER","Murcia","125",1
"MITT","MITT SUPPER","Sevilla","125",2
"MITT","MITT SUPPER","Zaragoza","125",1
"MITT","OGAR LEGEND","Badajoz","125",1
"MITT","OGAR LEGEND","Barcelona","125",1
"MITT","OGAR LEGEND","Castellón/Castelló","125",1
"MITT","OGAR LEGEND","Madrid","125",1
"MITT","OGAR LEGEND","Sevilla","125",1
"MITT","OGAR LEGEND","Valencia/València","125",1
"MITT","TRAVELLER","Córdoba","799",1
"MITT","TY125T-26F","Almería","125",2
"MITT","TY125T-26F","Asturias","125",2
"MITT","TY125T-26F","Córdoba","125",1
"MITT","TY125T-26F","León","125",1
"MITT","TY125T-26F","Madrid","125",2
"MITT","TY125T-26F","Málaga","125",2
"MITT","TY125T-26F","Santa Cruz de Tenerife","125",2
"MITT","TY125T-26F","Sevilla","125",5
"MITT","TY125T-26F","Tarragona","125",1
"MITT","TY125T-26F","Valencia/València","125",1
"MITT","TY125T-26F","Zaragoza","125",1
"MITT","TY125T-51E","Málaga","125",1
"MITT","XRS","Barcelona","125",1
"MITT","XRS","Jaén","125",1
"MITT","XRS","Madrid","125",1
"MITT","XRS","Málaga","125",1
"MITT","XRS","Palmas (Las)","125",1
"MITT","XRS","Sevilla","125",1
"MITT","XRS","Valencia/València","125",1
"MONDIAL","HPS","Almería","124",2
"MONDIAL","HPS","Barcelona","124",1
"MONDIAL","HPS","Bizkaia","124",1
"MONDIAL","HPS","Castellón/Castelló","124",1
"MONDIAL","HPS","Ciudad Real","124",2
"MONDIAL","HPS","Girona","124",1
"MONDIAL","HPS","Illes Balears","124",2
"MONDIAL","HPS","León","124",1
"MONDIAL","HPS","Madrid","124",4
"MONDIAL","HPS","Málaga","124",1
"MONDIAL","HPS","Murcia","124",1
"MONDIAL","HPS","Navarra","124",1
"MONDIAL","HPS","Pontevedra","124",1
"MONDIAL","HPS","Valencia/València","124",2
"MONDIAL","PIEGA","Barcelona","124",1
"MONDIAL","PIEGA","Illes Balears","124",1
"MONDIAL","PIEGA","Pontevedra","124",1
"MONDIAL","SMX","Bizkaia","124",1
"MONDIAL","SMX","Illes Balears","124",1
"MONDIAL","SMX","Madrid","124",1
"MONDIAL","SPARTAN 125","Cantabria","124",1
"MONDIAL","SPARTAN 125","Valencia/València","124",2
"MONKEY BIKES","G 125","Badajoz","124",1
"MONKEY BIKES","T-REX 125","Palmas (Las)","124",1
"MONTESA","COTA 242","Madrid","237",1
"MONTESA","COTA 348","Coruña (A)","305",1
"MONTESA","COTA 4RT 260","Zaragoza","259",1
"MONTESA","COTA 4RT 301RR","Barcelona","298",1
"MONTESA","COTA 4RT 301RR","Cantabria","298",1
"MORBIDELLI","C1002V","Barcelona","997",2
"MORBIDELLI","C1002V","Granada","997",1
"MORBIDELLI","C1002V","Tarragona","997",2
"MORBIDELLI","C1002V","Zamora","997",1
"MORBIDELLI","F125","Alicante/Alacant","125",2
"MORBIDELLI","F125","Almería","125",1
"MORBIDELLI","F125","Asturias","125",2
"MORBIDELLI","F125","Barcelona","125",7
"MORBIDELLI","F125","Burgos","125",1
"MORBIDELLI","F125","Cantabria","125",1
"MORBIDELLI","F125","Coruña (A)","125",1
"MORBIDELLI","F125","Gipuzkoa","125",2
"MORBIDELLI","F125","Granada","125",1
"MORBIDELLI","F125","Huelva","125",1
"MORBIDELLI","F125","Illes Balears","125",1
"MORBIDELLI","F125","Jaén","125",1
"MORBIDELLI","F125","León","125",2
"MORBIDELLI","F125","Lleida","125",2
"MORBIDELLI","F125","Lugo","125",1
"MORBIDELLI","F125","Madrid","125",3
"MORBIDELLI","F125","Murcia","125",1
"MORBIDELLI","F125","Ourense","125",1
"MORBIDELLI","F125","Sevilla","125",4
"MORBIDELLI","F125","Tarragona","125",2
"MORBIDELLI","F125","Zamora","125",1
"MORBIDELLI","F125","Zaragoza","125",2
"MORBIDELLI","SC 125","Alicante/Alacant","125",1
"MORBIDELLI","SC 125","Barcelona","125",1
"MORBIDELLI","SC 125","Cantabria","125",1
"MORBIDELLI","SC 125","Girona","125",1
"MORBIDELLI","SC 125","Jaén","125",1
"MORBIDELLI","SC 125","León","125",2
"MORBIDELLI","SC 125","Madrid","125",1
"MORBIDELLI","SC 125","Murcia","125",1
"MORBIDELLI","SC 125","Tarragona","125",4
"MORBIDELLI","SC 125","Valencia/València","125",1
"MORBIDELLI","SC 125","Zaragoza","125",2
"MORBIDELLI","SC125LX","Albacete","125",1
"MORBIDELLI","SC125LX","Alicante/Alacant","125",1
"MORBIDELLI","SC125LX","Barcelona","125",10
"MORBIDELLI","SC125LX","Bizkaia","125",1
"MORBIDELLI","SC125LX","Burgos","125",1
"MORBIDELLI","SC125LX","Cádiz","125",1
"MORBIDELLI","SC125LX","Cantabria","125",2
"MORBIDELLI","SC125LX","Gipuzkoa","125",2
"MORBIDELLI","SC125LX","Guadalajara","125",1
"MORBIDELLI","SC125LX","Jaén","125",1
"MORBIDELLI","SC125LX","Lleida","125",1
"MORBIDELLI","SC125LX","Madrid","125",1
"MORBIDELLI","SC125LX","Málaga","125",1
"MORBIDELLI","SC125LX","Palmas (Las)","125",1
"MORBIDELLI","SC125LX","Sevilla","125",1
"MORBIDELLI","SC125LX","Tarragona","125",1
"MORBIDELLI","SC125LX","Valladolid","125",1
"MORBIDELLI","SC125LX","Zaragoza","125",3
"MORBIDELLI","SC300","Barcelona","278",3
"MORBIDELLI","T1002VX","Álava/Araba","997",1
"MORBIDELLI","T1002VX","Albacete","997",2
"MORBIDELLI","T1002VX","Alicante/Alacant","997",7
"MORBIDELLI","T1002VX","Badajoz","997",1
"MORBIDELLI","T1002VX","Barcelona","997",14
"MORBIDELLI","T1002VX","Cáceres","997",3
"MORBIDELLI","T1002VX","Cádiz","997",2
"MORBIDELLI","T1002VX","Cantabria","997",2
"MORBIDELLI","T1002VX","Córdoba","997",2
"MORBIDELLI","T1002VX","Coruña (A)","997",1
"MORBIDELLI","T1002VX","Gipuzkoa","997",1
"MORBIDELLI","T1002VX","Girona","997",3
"MORBIDELLI","T1002VX","León","997",1
"MORBIDELLI","T1002VX","Lleida","997",2
"MORBIDELLI","T1002VX","Madrid","997",5
"MORBIDELLI","T1002VX","Málaga","997",2
"MORBIDELLI","T1002VX","Murcia","997",4
"MORBIDELLI","T1002VX","Pontevedra","997",2
"MORBIDELLI","T1002VX","Salamanca","997",1
"MORBIDELLI","T1002VX","Sevilla","997",2
"MORBIDELLI","T1002VX","Soria","997",1
"MORBIDELLI","T1002VX","Tarragona","997",1
"MORBIDELLI","T1002VX","Toledo","997",2
"MORBIDELLI","T1002VX","Valencia/València","997",2
"MORBIDELLI","T1002VX","Valladolid","997",2
"MORBIDELLI","T125","Barcelona","124",1
"MORBIDELLI","T125 X","Barcelona","124",4
"MORBIDELLI","T125 X","Castellón/Castelló","124",1
"MORBIDELLI","T125 X","Gipuzkoa","124",1
"MORBIDELLI","T125 X","Lleida","124",3
"MORBIDELLI","T125 X","Málaga","124",2
"MORBIDELLI","T125 X","Murcia","124",1
"MORBIDELLI","T125 X","Navarra","124",1
"MORBIDELLI","T125 X","Santa Cruz de Tenerife","124",1
"MORBIDELLI","T125 X","Sevilla","124",1
"MOTO GUZZI","STELVIO","Badajoz","1042",1
"MOTO GUZZI","STELVIO","Córdoba","1042",1
"MOTO GUZZI","STELVIO","Navarra","1042",1
"MOTO GUZZI","STELVIO","Sevilla","1042",1
"MOTO GUZZI","STELVIO (A.R.A.S.)","Albacete","1042",1
"MOTO GUZZI","STELVIO (A.R.A.S.)","Madrid","1042",1
"MOTO GUZZI","STELVIO (A.R.A.S.)","Pontevedra","1042",1
"MOTO GUZZI","STELVIO (A.R.A.S.)","Zaragoza","1042",1
"MOTO GUZZI","V100 MANDELLO","Barcelona","1042",1
"MOTO GUZZI","V7 SPORT","Cádiz","853",2
"MOTO GUZZI","V7 SPORT","Madrid","853",1
"MOTO GUZZI","V7 SPORT","Málaga","853",1
"MOTO GUZZI","V7 SPORT","Murcia","853",1
"MOTO GUZZI","V7 SPORT","Valencia/València","853",2
"MOTO GUZZI","V7 STONE","Asturias","853",1
"MOTO GUZZI","V7 STONE","Barcelona","853",2
"MOTO GUZZI","V7 STONE","Rioja (La)","853",1
"MOTO GUZZI","V7 STONE","Santa Cruz de Tenerife","853",1
"MOTO GUZZI","V85 STRADA","Burgos","853",1
"MOTO GUZZI","V85 STRADA","Murcia","853",1
"MOTO GUZZI","V85 TT","Barcelona","853",1
"MOTO GUZZI","V85 TT","Lleida","853",1
"MOTO GUZZI","V85 TT","Murcia","853",1
"MOTO GUZZI","V85 TT","Navarra","853",1
"MOTO GUZZI","V85 TT","Palmas (Las)","853",1
"MOTO GUZZI","V85 TT","Santa Cruz de Tenerife","853",1
"MOTO GUZZI","V85 TT","Tarragona","853",1
"MOTO GUZZI","V85 TT","Valladolid","853",1
"MOTO GUZZI","V9 BOBBER","Cádiz","853",1
"MOTO GUZZI","V9 BOBBER","Málaga","853",1
"MOTO MORINI","6 ½ SCR","Madrid","649",1
"MOTO MORINI","6 ½ SCR","Murcia","649",1
"MOTO MORINI","6 ½ SCR","Santa Cruz de Tenerife","649",1
"MOTO MORINI","6 ½ SCR","Tarragona","649",1
"MOTO MORINI","6 ½ SCR","Toledo","649",1
"MOTO MORINI","6 ½ SCR","Valencia/València","649",1
"MOTO MORINI","6 ½ STR","Barcelona","649",1
"MOTO MORINI","6 ½ STR","Madrid","649",1
"MOTO MORINI","6 ½ STR","Málaga","649",1
"MOTO MORINI","6 ½ STR","Santa Cruz de Tenerife","649",1
"MOTO MORINI","CALIBRO","Asturias","693",1
"MOTO MORINI","CALIBRO","Barcelona","693",2
"MOTO MORINI","CALIBRO","Girona","693",1
"MOTO MORINI","CALIBRO","Málaga","693",1
"MOTO MORINI","CALIBRO","Santa Cruz de Tenerife","693",1
"MOTO MORINI","X-CAPE 700","Alicante/Alacant","693",1
"MOTO MORINI","X-CAPE 700","Badajoz","693",1
"MOTO MORINI","X-CAPE 700","Córdoba","693",1
"MOTO MORINI","X-CAPE 700","Gipuzkoa","693",2
"MOTO MORINI","X-CAPE 700","Girona","693",2
"MOTO MORINI","X-CAPE 700","Granada","693",3
"MOTO MORINI","X-CAPE 700","León","693",1
"MOTO MORINI","X-CAPE 700","Málaga","693",2
"MOTO MORINI","X-CAPE 700","Murcia","693",2
"MOTO MORINI","X-CAPE 700","Navarra","693",1
"MOTO MORINI","X-CAPE 700","Pontevedra","693",2
"MOTO MORINI","X-CAPE 700","Santa Cruz de Tenerife","693",1
"MOTO MORINI","X-CAPE 700","Valencia/València","693",1
"MOTO MORINI","X-CAPE 700","Zamora","693",1
"MOTORBIKE","---","Sevilla","125",1
"MOTRON MOTORRAD","IDEO","Huelva","125",1
"MOTRON MOTORRAD","REVOLVER","Coruña (A)","125",1
"MOTRON MOTORRAD","REVOLVER","Murcia","125",1
"MOTRON MOTORRAD","VENTURA 125","Huelva","125",1
"MTR BIKES","CP250","Madrid","247",1
"MV AGUSTA","BRUTALE R","Barcelona","798",1
"MV AGUSTA","BRUTALE RR","Coruña (A)","798",1
"MV AGUSTA","BRUTALE RR","Madrid","798",1
"MV AGUSTA","DRAGSTER R","Málaga","798",1
"MV AGUSTA","DRAGSTER RR","Bizkaia","798",1
"MV AGUSTA","DRAGSTER RR","Coruña (A)","798",1
"MV AGUSTA","ENDURO VELOCE","Barcelona","931",1
"MV AGUSTA","ENDURO VELOCE","Madrid","931",1
"MV AGUSTA","SUPERVELOCE","Madrid","798",1
"MV AGUSTA","SUPERVELOCE","Palmas (Las)","798",1
"NEXT","NX2 125I","Alicante/Alacant","125",2
"NEXT","NX2 125I","Barcelona","125",1
"NEXT","NX2 125I","Illes Balears","125",4
"NEXT","NX2 125I","Sevilla","125",3
"NEXT","NX2 125I","Toledo","125",1
"NEXT","NX2 125I","Valencia/València","125",14
"NEXT","NX2 125I","Zaragoza","125",1
"ORCAL","SK125-K","Alicante/Alacant","124",1
"ORCAL","SK125-K","Palmas (Las)","124",1
"PEUGEOT","DJANGO","Alicante/Alacant","125",3
"PEUGEOT","DJANGO","Almería","125",1
"PEUGEOT","DJANGO","Barcelona","125",1
"PEUGEOT","DJANGO","Cádiz","125",3
"PEUGEOT","DJANGO","Illes Balears","125",3
"PEUGEOT","DJANGO","Madrid","125",1
"PEUGEOT","DJANGO","Málaga","125",2
"PEUGEOT","DJANGO","Murcia","125",2
"PEUGEOT","DJANGO","Pontevedra","125",1
"PEUGEOT","DJANGO","Santa Cruz de Tenerife","125",1
"PEUGEOT","DJANGO","Tarragona","125",1
"PEUGEOT","DJANGO","Valencia/València","125",2
"PEUGEOT","KISBEE M","Albacete","125",3
"PEUGEOT","KISBEE M","Alicante/Alacant","125",9
"PEUGEOT","KISBEE M","Almería","125",2
"PEUGEOT","KISBEE M","Asturias","125",2
"PEUGEOT","KISBEE M","Ávila","125",1
"PEUGEOT","KISBEE M","Barcelona","125",93
"PEUGEOT","KISBEE M","Cádiz","125",7
"PEUGEOT","KISBEE M","Castellón/Castelló","125",1
"PEUGEOT","KISBEE M","Ceuta","125",1
"PEUGEOT","KISBEE M","Granada","125",3
"PEUGEOT","KISBEE M","Huelva","125",1
"PEUGEOT","KISBEE M","Illes Balears","125",10
"PEUGEOT","KISBEE M","Madrid","125",26
"PEUGEOT","KISBEE M","Málaga","125",19
"PEUGEOT","KISBEE M","Murcia","125",4
"PEUGEOT","KISBEE M","Navarra","125",1
"PEUGEOT","KISBEE M","Salamanca","125",1
"PEUGEOT","KISBEE M","Santa Cruz de Tenerife","125",3
"PEUGEOT","KISBEE M","Sevilla","125",2
"PEUGEOT","KISBEE M","Tarragona","125",5
"PEUGEOT","KISBEE M","Valencia/València","125",3
"PEUGEOT","KISBEE M","Zaragoza","125",2
"PEUGEOT","PM-01","Cádiz","125",1
"PEUGEOT","PM-01","Illes Balears","125",1
"PEUGEOT","PM-01","Murcia","125",4
"PEUGEOT","PM-01","Valencia/València","125",1
"PEUGEOT","PULSION","Barcelona","125",1
"PEUGEOT","SUM125P","Zaragoza","124",1
"PEUGEOT","TWEET","Cádiz","125",1
"PEUGEOT","TWEET","Málaga","125",3
"PEUGEOT","TWEET FL 125 CC","Alicante/Alacant","125",6
"PEUGEOT","TWEET FL 125 CC","Almería","125",1
"PEUGEOT","TWEET FL 125 CC","Asturias","125",2
"PEUGEOT","TWEET FL 125 CC","Barcelona","125",4
"PEUGEOT","TWEET FL 125 CC","Cáceres","125",4
"PEUGEOT","TWEET FL 125 CC","Cádiz","125",1
"PEUGEOT","TWEET FL 125 CC","Ceuta","125",1
"PEUGEOT","TWEET FL 125 CC","Córdoba","125",1
"PEUGEOT","TWEET FL 125 CC","Girona","125",1
"PEUGEOT","TWEET FL 125 CC","Granada","125",1
"PEUGEOT","TWEET FL 125 CC","Huelva","125",1
"PEUGEOT","TWEET FL 125 CC","Madrid","125",7
"PEUGEOT","TWEET FL 125 CC","Málaga","125",11
"PEUGEOT","TWEET FL 125 CC","Murcia","125",2
"PEUGEOT","TWEET FL 125 CC","Palmas (Las)","125",3
"PEUGEOT","TWEET FL 125 CC","Pontevedra","125",1
"PEUGEOT","TWEET FL 125 CC","Rioja (La)","125",1
"PEUGEOT","TWEET FL 125 CC","Santa Cruz de Tenerife","125",1
"PEUGEOT","TWEET FL 125 CC","Tarragona","125",3
"PEUGEOT","TWEET FL 125 CC","Toledo","125",2
"PEUGEOT","TWEET FL 125 CC","Valencia/València","125",2
"PEUGEOT","TWEET FL 125 CC","Zaragoza","125",1
"PEUGEOT","XP","Madrid","399",2
"PIAGGIO","BEVERLY 300 HPE","Palmas (Las)","278",1
"PIAGGIO","BEVERLY 310 HPE","Barcelona","310",2
"PIAGGIO","BEVERLY 310 HPE","Granada","310",4
"PIAGGIO","BEVERLY 310 HPE","Illes Balears","310",1
"PIAGGIO","BEVERLY 310 HPE","Madrid","310",1
"PIAGGIO","BEVERLY 310 HPE","Pontevedra","310",1
"PIAGGIO","BEVERLY 310 HPE","Valencia/València","310",1
"PIAGGIO","BEVERLY 400 HPE","Alicante/Alacant","399",1
"PIAGGIO","BEVERLY 400 HPE","Barcelona","399",4
"PIAGGIO","BEVERLY 400 HPE","Cádiz","399",1
"PIAGGIO","BEVERLY 400 HPE","Granada","399",2
"PIAGGIO","BEVERLY 400 HPE","Illes Balears","399",2
"PIAGGIO","BEVERLY 400 HPE","Madrid","399",2
"PIAGGIO","BEVERLY 400 HPE","Málaga","399",2
"PIAGGIO","BEVERLY 400 HPE","Palmas (Las)","399",4
"PIAGGIO","BEVERLY 400 HPE","Santa Cruz de Tenerife","399",2
"PIAGGIO","BEVERLY 400 HPE","Sevilla","399",1
"PIAGGIO","BEVERLY 400 HPE","Valencia/València","399",1
"PIAGGIO","LIBERTY 125 ABS","Álava/Araba","124",3
"PIAGGIO","LIBERTY 125 ABS","Albacete","124",2
"PIAGGIO","LIBERTY 125 ABS","Alicante/Alacant","124",8
"PIAGGIO","LIBERTY 125 ABS","Almería","124",3
"PIAGGIO","LIBERTY 125 ABS","Asturias","124",1
"PIAGGIO","LIBERTY 125 ABS","Badajoz","124",1
"PIAGGIO","LIBERTY 125 ABS","Barcelona","124",30
"PIAGGIO","LIBERTY 125 ABS","Bizkaia","124",3
"PIAGGIO","LIBERTY 125 ABS","Cádiz","124",101
"PIAGGIO","LIBERTY 125 ABS","Castellón/Castelló","124",1
"PIAGGIO","LIBERTY 125 ABS","Córdoba","124",1
"PIAGGIO","LIBERTY 125 ABS","Coruña (A)","124",2
"PIAGGIO","LIBERTY 125 ABS","Gipuzkoa","124",6
"PIAGGIO","LIBERTY 125 ABS","Girona","124",3
"PIAGGIO","LIBERTY 125 ABS","Granada","124",14
"PIAGGIO","LIBERTY 125 ABS","Guadalajara","124",1
"PIAGGIO","LIBERTY 125 ABS","Huelva","124",5
"PIAGGIO","LIBERTY 125 ABS","Illes Balears","124",4
"PIAGGIO","LIBERTY 125 ABS","Jaén","124",1
"PIAGGIO","LIBERTY 125 ABS","Lleida","124",4
"PIAGGIO","LIBERTY 125 ABS","Madrid","124",15
"PIAGGIO","LIBERTY 125 ABS","Málaga","124",21
"PIAGGIO","LIBERTY 125 ABS","Murcia","124",2
"PIAGGIO","LIBERTY 125 ABS","Navarra","124",1
"PIAGGIO","LIBERTY 125 ABS","Palmas (Las)","124",2
"PIAGGIO","LIBERTY 125 ABS","Pontevedra","124",1
"PIAGGIO","LIBERTY 125 ABS","Santa Cruz de Tenerife","124",2
"PIAGGIO","LIBERTY 125 ABS","Segovia","124",1
"PIAGGIO","LIBERTY 125 ABS","Sevilla","124",8
"PIAGGIO","LIBERTY 125 ABS","Tarragona","124",4
"PIAGGIO","LIBERTY 125 ABS","Teruel","124",1
"PIAGGIO","LIBERTY 125 ABS","Valencia/València","124",5
"PIAGGIO","LIBERTY 125 ABS","Zaragoza","124",1
"PIAGGIO","MEDLEY 125","Alicante/Alacant","125",7
"PIAGGIO","MEDLEY 125","Barcelona","125",22
"PIAGGIO","MEDLEY 125","Bizkaia","125",1
"PIAGGIO","MEDLEY 125","Cádiz","125",14
"PIAGGIO","MEDLEY 125","Cantabria","125",1
"PIAGGIO","MEDLEY 125","Castellón/Castelló","125",3
"PIAGGIO","MEDLEY 125","Coruña (A)","125",1
"PIAGGIO","MEDLEY 125","Gipuzkoa","125",3
"PIAGGIO","MEDLEY 125","Girona","125",4
"PIAGGIO","MEDLEY 125","Granada","125",28
"PIAGGIO","MEDLEY 125","Huelva","125",2
"PIAGGIO","MEDLEY 125","Illes Balears","125",1
"PIAGGIO","MEDLEY 125","Lleida","125",1
"PIAGGIO","MEDLEY 125","Madrid","125",5
"PIAGGIO","MEDLEY 125","Málaga","125",11
"PIAGGIO","MEDLEY 125","Murcia","125",1
"PIAGGIO","MEDLEY 125","Palencia","125",1
"PIAGGIO","MEDLEY 125","Palmas (Las)","125",7
"PIAGGIO","MEDLEY 125","Pontevedra","125",1
"PIAGGIO","MEDLEY 125","Santa Cruz de Tenerife","125",5
"PIAGGIO","MEDLEY 125","Sevilla","125",5
"PIAGGIO","MEDLEY 125","Tarragona","125",2
"PIAGGIO","MEDLEY 125","Valencia/València","125",4
"PIAGGIO","MEDLEY 125","Zaragoza","125",3
"PIAGGIO","MEDLEY 200","Álava/Araba","174",1
"PIAGGIO","MEDLEY 200","Barcelona","174",1
"PIAGGIO","MEDLEY 200","Illes Balears","174",2
"PIAGGIO","MEDLEY 200","Madrid","174",1
"PIAGGIO","MEDLEY 200","Málaga","174",1
"PIAGGIO","VESPA 946","Cantabria","124",1
"PIAGGIO","VESPA 946","Illes Balears","124",1
"PIAGGIO","VESPA 946","Sevilla","124",1
"PIAGGIO","VESPA GTS","Álava/Araba","310",1
"PIAGGIO","VESPA GTS","Alicante/Alacant","310",7
"PIAGGIO","VESPA GTS","Asturias","310",2
"PIAGGIO","VESPA GTS","Barcelona","310",5
"PIAGGIO","VESPA GTS","Bizkaia","310",1
"PIAGGIO","VESPA GTS","Ceuta","310",1
"PIAGGIO","VESPA GTS","Córdoba","310",2
"PIAGGIO","VESPA GTS","Girona","310",2
"PIAGGIO","VESPA GTS","Huesca","310",1
"PIAGGIO","VESPA GTS","Illes Balears","310",9
"PIAGGIO","VESPA GTS","Lleida","310",1
"PIAGGIO","VESPA GTS","Madrid","310",3
"PIAGGIO","VESPA GTS","Málaga","310",1
"PIAGGIO","VESPA GTS","Murcia","310",1
"PIAGGIO","VESPA GTS","Pontevedra","310",2
"PIAGGIO","VESPA GTS","Santa Cruz de Tenerife","310",3
"PIAGGIO","VESPA GTS","Sevilla","310",2
"PIAGGIO","VESPA GTS","Valencia/València","310",1
"PIAGGIO","VESPA GTS","Zaragoza","310",3
"PIAGGIO","VESPA GTS 125","Alicante/Alacant","125",6
"PIAGGIO","VESPA GTS 125","Almería","125",1
"PIAGGIO","VESPA GTS 125","Asturias","125",1
"PIAGGIO","VESPA GTS 125","Badajoz","125",1
"PIAGGIO","VESPA GTS 125","Barcelona","125",6
"PIAGGIO","VESPA GTS 125","Cádiz","125",2
"PIAGGIO","VESPA GTS 125","Cantabria","125",1
"PIAGGIO","VESPA GTS 125","Castellón/Castelló","125",1
"PIAGGIO","VESPA GTS 125","Girona","125",1
"PIAGGIO","VESPA GTS 125","Granada","125",1
"PIAGGIO","VESPA GTS 125","Guadalajara","125",1
"PIAGGIO","VESPA GTS 125","Huelva","125",1
"PIAGGIO","VESPA GTS 125","Illes Balears","125",11
"PIAGGIO","VESPA GTS 125","Lleida","125",1
"PIAGGIO","VESPA GTS 125","Madrid","125",5
"PIAGGIO","VESPA GTS 125","Málaga","125",6
"PIAGGIO","VESPA GTS 125","Murcia","125",2
"PIAGGIO","VESPA GTS 125","Palmas (Las)","125",1
"PIAGGIO","VESPA GTS 125","Pontevedra","125",2
"PIAGGIO","VESPA GTS 125","Santa Cruz de Tenerife","125",3
"PIAGGIO","VESPA GTS 125","Tarragona","125",2
"PIAGGIO","VESPA GTS 125","Valencia/València","125",6
"PIAGGIO","VESPA GTS 125","Zaragoza","125",1
"PIAGGIO","VESPA GTS 125 SUPERTEC","Asturias","125",1
"PIAGGIO","VESPA GTS 125 SUPERTEC","Granada","125",1
"PIAGGIO","VESPA GTS 125 SUPERTEC","Illes Balears","125",1
"PIAGGIO","VESPA GTS 125 SUPERTEC","Madrid","125",1
"PIAGGIO","VESPA GTS 125 SUPERTEC","Málaga","125",1
"PIAGGIO","VESPA GTS SUPERTECH","Alicante/Alacant","310",1
"PIAGGIO","VESPA GTS SUPERTECH","Ávila","310",1
"PIAGGIO","VESPA GTS SUPERTECH","Barcelona","310",2
"PIAGGIO","VESPA GTS SUPERTECH","Castellón/Castelló","310",1
"PIAGGIO","VESPA GTS SUPERTECH","Córdoba","310",1
"PIAGGIO","VESPA GTS SUPERTECH","Granada","310",1
"PIAGGIO","VESPA GTS SUPERTECH","Illes Balears","310",4
"PIAGGIO","VESPA GTS SUPERTECH","Madrid","310",1
"PIAGGIO","VESPA GTS SUPERTECH","Murcia","310",1
"PIAGGIO","VESPA GTV","Barcelona","310",1
"PIAGGIO","VESPA GTV","Ciudad Real","310",1
"PIAGGIO","VESPA GTV","Guadalajara","310",1
"PIAGGIO","VESPA GTV","Illes Balears","310",1
"PIAGGIO","VESPA GTV","Málaga","310",2
"PIAGGIO","VESPA GTV","Pontevedra","310",1
"PIAGGIO","VESPA PRIMAVERA 125","Alicante/Alacant","124",19
"PIAGGIO","VESPA PRIMAVERA 125","Almería","124",2
"PIAGGIO","VESPA PRIMAVERA 125","Asturias","124",5
"PIAGGIO","VESPA PRIMAVERA 125","Badajoz","124",1
"PIAGGIO","VESPA PRIMAVERA 125","Barcelona","124",9
"PIAGGIO","VESPA PRIMAVERA 125","Bizkaia","124",2
"PIAGGIO","VESPA PRIMAVERA 125","Cáceres","124",1
"PIAGGIO","VESPA PRIMAVERA 125","Cádiz","124",7
"PIAGGIO","VESPA PRIMAVERA 125","Castellón/Castelló","124",1
"PIAGGIO","VESPA PRIMAVERA 125","Ciudad Real","124",2
"PIAGGIO","VESPA PRIMAVERA 125","Córdoba","124",1
"PIAGGIO","VESPA PRIMAVERA 125","Coruña (A)","124",1
"PIAGGIO","VESPA PRIMAVERA 125","Cuenca","124",1
"PIAGGIO","VESPA PRIMAVERA 125","Girona","124",4
"PIAGGIO","VESPA PRIMAVERA 125","Granada","124",6
"PIAGGIO","VESPA PRIMAVERA 125","Huelva","124",5
"PIAGGIO","VESPA PRIMAVERA 125","Illes Balears","124",28
"PIAGGIO","VESPA PRIMAVERA 125","Jaén","124",5
"PIAGGIO","VESPA PRIMAVERA 125","León","124",2
"PIAGGIO","VESPA PRIMAVERA 125","Madrid","124",19
"PIAGGIO","VESPA PRIMAVERA 125","Málaga","124",16
"PIAGGIO","VESPA PRIMAVERA 125","Melilla","124",4
"PIAGGIO","VESPA PRIMAVERA 125","Murcia","124",3
"PIAGGIO","VESPA PRIMAVERA 125","Ourense","124",2
"PIAGGIO","VESPA PRIMAVERA 125","Palmas (Las)","124",3
"PIAGGIO","VESPA PRIMAVERA 125","Pontevedra","124",5
"PIAGGIO","VESPA PRIMAVERA 125","Santa Cruz de Tenerife","124",4
"PIAGGIO","VESPA PRIMAVERA 125","Sevilla","124",5
"PIAGGIO","VESPA PRIMAVERA 125","Tarragona","124",2
"PIAGGIO","VESPA PRIMAVERA 125","Valencia/València","124",12
"PIAGGIO","VESPA PRIMAVERA 125 AB","Barcelona","124",3
"PIAGGIO","VESPA PRIMAVERA 125 AB","Bizkaia","124",1
"PIAGGIO","VESPA PRIMAVERA 125 AB","Castellón/Castelló","124",1
"PIAGGIO","VESPA PRIMAVERA 125 AB","Córdoba","124",1
"PIAGGIO","VESPA PRIMAVERA 125 AB","Lleida","124",1
"PIAGGIO","VESPA PRIMAVERA 125 AB","Madrid","124",2
"PIAGGIO","VESPA PRIMAVERA 125 AB","Málaga","124",3
"PIAGGIO","VESPA PRIMAVERA 125 AB","Sevilla","124",1
"PIAGGIO","VESPA PRIMAVERA 125 AB","Valencia/València","124",1
"PIAGGIO","VESPA PRIMAVERA TECH 1","Madrid","124",1
"PIAGGIO","VESPA PRIMAVERA TECH 1","Málaga","124",1
"PIAGGIO","VESPA PRIMAVERA TECH 1","Ourense","124",1
"PIAGGIO","VESPA SPRINT 125","Asturias","124",1
"PIAGGIO","VESPA SPRINT 125","Bizkaia","124",1
"PIAGGIO","VESPA SPRINT 125","Gipuzkoa","124",2
"PIAGGIO","VESPA SPRINT 125","Illes Balears","124",2
"PIAGGIO","VESPA SPRINT 125","Valencia/València","124",1
"PIAGGIO","VESPA SPRINT 125","Zaragoza","124",1
"QJMOTOR","ATR 125","Barcelona","125",1
"QJMOTOR","ATR 125","Huelva","125",1
"QJMOTOR","ATR 125","Murcia","125",1
"QJMOTOR","ATR 125 E5+","Álava/Araba","125",2
"QJMOTOR","ATR 125 E5+","Alicante/Alacant","125",5
"QJMOTOR","ATR 125 E5+","Almería","125",1
"QJMOTOR","ATR 125 E5+","Barcelona","125",35
"QJMOTOR","ATR 125 E5+","Cádiz","125",9
"QJMOTOR","ATR 125 E5+","Castellón/Castelló","125",1
"QJMOTOR","ATR 125 E5+","Córdoba","125",5
"QJMOTOR","ATR 125 E5+","Coruña (A)","125",3
"QJMOTOR","ATR 125 E5+","Girona","125",1
"QJMOTOR","ATR 125 E5+","Granada","125",1
"QJMOTOR","ATR 125 E5+","Huelva","125",1
"QJMOTOR","ATR 125 E5+","Illes Balears","125",4
"QJMOTOR","ATR 125 E5+","Jaén","125",2
"QJMOTOR","ATR 125 E5+","Lleida","125",2
"QJMOTOR","ATR 125 E5+","Madrid","125",18
"QJMOTOR","ATR 125 E5+","Málaga","125",3
"QJMOTOR","ATR 125 E5+","Murcia","125",6
"QJMOTOR","ATR 125 E5+","Palmas (Las)","125",5
"QJMOTOR","ATR 125 E5+","Pontevedra","125",3
"QJMOTOR","ATR 125 E5+","Santa Cruz de Tenerife","125",9
"QJMOTOR","ATR 125 E5+","Sevilla","125",2
"QJMOTOR","ATR 125 E5+","Tarragona","125",5
"QJMOTOR","ATR 125 E5+","Valencia/València","125",7
"QJMOTOR","ATR 125 E5+","Zaragoza","125",1
"QJMOTOR","FORT 350","Alicante/Alacant","350",2
"QJMOTOR","FORT 350","Illes Balears","350",1
"QJMOTOR","FORT 350","Madrid","350",1
"QJMOTOR","FORT 350","Murcia","350",1
"QJMOTOR","FORT 350","Palmas (Las)","350",1
"QJMOTOR","FORT 350","Santa Cruz de Tenerife","350",1
"QJMOTOR","FORT 350","Valencia/València","350",2
"QJMOTOR","FORT 350","Zaragoza","350",1
"QJMOTOR","FORT 4.0 E5+","Barcelona","350",4
"QJMOTOR","FORT 4.0 E5+","Illes Balears","350",1
"QJMOTOR","LTR 125","Barcelona","125",3
"QJMOTOR","LTR 125","Burgos","125",1
"QJMOTOR","LTR 125","Girona","125",1
"QJMOTOR","LTR 125","Granada","125",1
"QJMOTOR","LTR 125","Huelva","125",1
"QJMOTOR","LTR 125","Illes Balears","125",1
"QJMOTOR","LTR 125","Murcia","125",1
"QJMOTOR","LTR 125","Pontevedra","125",1
"QJMOTOR","LTR 125","Santa Cruz de Tenerife","125",1
"QJMOTOR","LTR 125","Valencia/València","125",1
"QJMOTOR","LTR 125 E5+","Alicante/Alacant","125",3
"QJMOTOR","LTR 125 E5+","Asturias","125",1
"QJMOTOR","LTR 125 E5+","Barcelona","125",2
"QJMOTOR","LTR 125 E5+","Córdoba","125",1
"QJMOTOR","LTR 125 E5+","Jaén","125",1
"QJMOTOR","LTR 125 E5+","Madrid","125",1
"QJMOTOR","LTR 125 E5+","Santa Cruz de Tenerife","125",3
"QJMOTOR","LTR 125 E5+","Valencia/València","125",3
"QJMOTOR","MTX 125","Álava/Araba","125",2
"QJMOTOR","MTX 125","Albacete","125",1
"QJMOTOR","MTX 125","Alicante/Alacant","125",13
"QJMOTOR","MTX 125","Almería","125",2
"QJMOTOR","MTX 125","Asturias","125",2
"QJMOTOR","MTX 125","Barcelona","125",7
"QJMOTOR","MTX 125","Bizkaia","125",1
"QJMOTOR","MTX 125","Cádiz","125",4
"QJMOTOR","MTX 125","Castellón/Castelló","125",4
"QJMOTOR","MTX 125","Córdoba","125",1
"QJMOTOR","MTX 125","Coruña (A)","125",1
"QJMOTOR","MTX 125","Girona","125",2
"QJMOTOR","MTX 125","Granada","125",1
"QJMOTOR","MTX 125","Huelva","125",1
"QJMOTOR","MTX 125","Illes Balears","125",5
"QJMOTOR","MTX 125","Jaén","125",2
"QJMOTOR","MTX 125","Madrid","125",4
"QJMOTOR","MTX 125","Málaga","125",2
"QJMOTOR","MTX 125","Murcia","125",4
"QJMOTOR","MTX 125","Palmas (Las)","125",9
"QJMOTOR","MTX 125","Santa Cruz de Tenerife","125",6
"QJMOTOR","MTX 125","Sevilla","125",6
"QJMOTOR","MTX 125","Teruel","125",3
"QJMOTOR","MTX 125","Toledo","125",1
"QJMOTOR","MTX 125","Valencia/València","125",13
"QJMOTOR","MTX 125","Zaragoza","125",1
"QJMOTOR","MTX 125 E5+","Álava/Araba","125",1
"QJMOTOR","MTX 125 E5+","Alicante/Alacant","125",2
"QJMOTOR","MTX 125 E5+","Barcelona","125",44
"QJMOTOR","MTX 125 E5+","Bizkaia","125",1
"QJMOTOR","MTX 125 E5+","Burgos","125",1
"QJMOTOR","MTX 125 E5+","Cádiz","125",7
"QJMOTOR","MTX 125 E5+","Coruña (A)","125",1
"QJMOTOR","MTX 125 E5+","Girona","125",1
"QJMOTOR","MTX 125 E5+","Granada","125",4
"QJMOTOR","MTX 125 E5+","Illes Balears","125",5
"QJMOTOR","MTX 125 E5+","Jaén","125",1
"QJMOTOR","MTX 125 E5+","Lleida","125",3
"QJMOTOR","MTX 125 E5+","Madrid","125",16
"QJMOTOR","MTX 125 E5+","Málaga","125",1
"QJMOTOR","MTX 125 E5+","Palmas (Las)","125",2
"QJMOTOR","MTX 125 E5+","Pontevedra","125",7
"QJMOTOR","MTX 125 E5+","Santa Cruz de Tenerife","125",2
"QJMOTOR","MTX 125 E5+","Segovia","125",1
"QJMOTOR","MTX 125 E5+","Sevilla","125",8
"QJMOTOR","MTX 125 E5+","Tarragona","125",7
"QJMOTOR","MTX 125 E5+","Valencia/València","125",15
"QJMOTOR","MTX 125 E5+","Valladolid","125",4
"QJMOTOR","SQ 16 E5+","Alicante/Alacant","125",2
"QJMOTOR","SQ 16 E5+","Barcelona","125",27
"QJMOTOR","SQ 16 E5+","Cádiz","125",2
"QJMOTOR","SQ 16 E5+","Castellón/Castelló","125",1
"QJMOTOR","SQ 16 E5+","Coruña (A)","125",1
"QJMOTOR","SQ 16 E5+","Girona","125",2
"QJMOTOR","SQ 16 E5+","Granada","125",2
"QJMOTOR","SQ 16 E5+","Illes Balears","125",2
"QJMOTOR","SQ 16 E5+","Lleida","125",1
"QJMOTOR","SQ 16 E5+","Madrid","125",1
"QJMOTOR","SQ 16 E5+","Málaga","125",3
"QJMOTOR","SQ 16 E5+","Murcia","125",1
"QJMOTOR","SQ 16 E5+","Palmas (Las)","125",2
"QJMOTOR","SQ 16 E5+","Pontevedra","125",2
"QJMOTOR","SQ 16 E5+","Santa Cruz de Tenerife","125",1
"QJMOTOR","SQ 16 E5+","Valladolid","125",1
"QJMOTOR","SRK 125 R","Barcelona","125",2
"QJMOTOR","SRK 125 R","Girona","125",1
"QJMOTOR","SRK 125 R","Illes Balears","125",1
"QJMOTOR","SRK 125 R E5+","Alicante/Alacant","125",1
"QJMOTOR","SRK 125 R E5+","Illes Balears","125",3
"QJMOTOR","SRK 125 R E5+","Lleida","125",1
"QJMOTOR","SRK 125 R E5+","Madrid","125",3
"QJMOTOR","SRK 125 R E5+","Málaga","125",1
"QJMOTOR","SRK 125 R E5+","Ourense","125",1
"QJMOTOR","SRK 125 R E5+","Pontevedra","125",1
"QJMOTOR","SRK 125 R E5+","Santa Cruz de Tenerife","125",1
"QJMOTOR","SRK 125 R E5+","Sevilla","125",1
"QJMOTOR","SRK 125 R E5+","Tarragona","125",1
"QJMOTOR","SRK 125 S","Alicante/Alacant","125",1
"QJMOTOR","SRK 125 S","Almería","125",2
"QJMOTOR","SRK 125 S","Barcelona","125",2
"QJMOTOR","SRK 125 S","Cádiz","125",1
"QJMOTOR","SRK 125 S","Illes Balears","125",1
"QJMOTOR","SRK 125 S","Madrid","125",2
"QJMOTOR","SRK 125 S","Pontevedra","125",2
"QJMOTOR","SRK 125 S","Santa Cruz de Tenerife","125",1
"QJMOTOR","SRK 125 S","Valencia/València","125",3
"QJMOTOR","SRK 125 S E5+","Álava/Araba","125",1
"QJMOTOR","SRK 125 S E5+","Alicante/Alacant","125",5
"QJMOTOR","SRK 125 S E5+","Asturias","125",1
"QJMOTOR","SRK 125 S E5+","Ávila","125",1
"QJMOTOR","SRK 125 S E5+","Barcelona","125",21
"QJMOTOR","SRK 125 S E5+","Burgos","125",2
"QJMOTOR","SRK 125 S E5+","Cádiz","125",3
"QJMOTOR","SRK 125 S E5+","Ciudad Real","125",1
"QJMOTOR","SRK 125 S E5+","Coruña (A)","125",2
"QJMOTOR","SRK 125 S E5+","Girona","125",1
"QJMOTOR","SRK 125 S E5+","Guadalajara","125",1
"QJMOTOR","SRK 125 S E5+","Huelva","125",6
"QJMOTOR","SRK 125 S E5+","Illes Balears","125",1
"QJMOTOR","SRK 125 S E5+","Lleida","125",1
"QJMOTOR","SRK 125 S E5+","Madrid","125",12
"QJMOTOR","SRK 125 S E5+","Málaga","125",2
"QJMOTOR","SRK 125 S E5+","Murcia","125",11
"QJMOTOR","SRK 125 S E5+","Palmas (Las)","125",1
"QJMOTOR","SRK 125 S E5+","Pontevedra","125",2
"QJMOTOR","SRK 125 S E5+","Santa Cruz de Tenerife","125",6
"QJMOTOR","SRK 125 S E5+","Sevilla","125",2
"QJMOTOR","SRK 125 S E5+","Tarragona","125",1
"QJMOTOR","SRK 125 S E5+","Valencia/València","125",5
"QJMOTOR","SRK 125 S E5+","Valladolid","125",4
"QJMOTOR","SRK 400","Barcelona","400",1
"QJMOTOR","SRK 400","Huelva","400",1
"QJMOTOR","SRK 400","Murcia","400",1
"QJMOTOR","SRK 400","Santa Cruz de Tenerife","400",1
"QJMOTOR","SRK 600","Albacete","554",1
"QJMOTOR","SRK 600","Alicante/Alacant","554",1
"QJMOTOR","SRK 600","Barcelona","554",1
"QJMOTOR","SRK 600","Cádiz","554",1
"QJMOTOR","SRK 600","Coruña (A)","554",1
"QJMOTOR","SRK 600","Girona","554",1
"QJMOTOR","SRK 600","Illes Balears","554",2
"QJMOTOR","SRK 600","Murcia","554",1
"QJMOTOR","SRK 600","Palencia","554",1
"QJMOTOR","SRK 600","Palmas (Las)","554",1
"QJMOTOR","SRK 600","Santa Cruz de Tenerife","554",1
"QJMOTOR","SRK 700","Murcia","698",2
"QJMOTOR","SRT 600 SX E5+","Álava/Araba","554",2
"QJMOTOR","SRT 600 SX E5+","Albacete","554",3
"QJMOTOR","SRT 600 SX E5+","Alicante/Alacant","554",2
"QJMOTOR","SRT 600 SX E5+","Asturias","554",6
"QJMOTOR","SRT 600 SX E5+","Badajoz","554",1
"QJMOTOR","SRT 600 SX E5+","Barcelona","554",21
"QJMOTOR","SRT 600 SX E5+","Cádiz","554",7
"QJMOTOR","SRT 600 SX E5+","Córdoba","554",6
"QJMOTOR","SRT 600 SX E5+","Coruña (A)","554",3
"QJMOTOR","SRT 600 SX E5+","Girona","554",2
"QJMOTOR","SRT 600 SX E5+","Huelva","554",1
"QJMOTOR","SRT 600 SX E5+","Illes Balears","554",2
"QJMOTOR","SRT 600 SX E5+","Jaén","554",2
"QJMOTOR","SRT 600 SX E5+","Lleida","554",1
"QJMOTOR","SRT 600 SX E5+","Madrid","554",8
"QJMOTOR","SRT 600 SX E5+","Murcia","554",2
"QJMOTOR","SRT 600 SX E5+","Navarra","554",2
"QJMOTOR","SRT 600 SX E5+","Pontevedra","554",1
"QJMOTOR","SRT 600 SX E5+","Santa Cruz de Tenerife","554",1
"QJMOTOR","SRT 600 SX E5+","Sevilla","554",2
"QJMOTOR","SRT 600 SX E5+","Valencia/València","554",9
"QJMOTOR","SRT 600 SX E5+","Valladolid","554",2
"QJMOTOR","SRT 700 E5+","Álava/Araba","698",1
"QJMOTOR","SRT 700 E5+","Alicante/Alacant","698",1
"QJMOTOR","SRT 700 E5+","Almería","698",1
"QJMOTOR","SRT 700 E5+","Asturias","698",1
"QJMOTOR","SRT 700 E5+","Barcelona","698",6
"QJMOTOR","SRT 700 E5+","Cádiz","698",2
"QJMOTOR","SRT 700 E5+","Córdoba","698",2
"QJMOTOR","SRT 700 E5+","Jaén","698",1
"QJMOTOR","SRT 700 E5+","Madrid","698",2
"QJMOTOR","SRT 700 E5+","Ourense","698",1
"QJMOTOR","SRT 700 E5+","Santa Cruz de Tenerife","698",2
"QJMOTOR","SRT 700 E5+","Teruel","698",1
"QJMOTOR","SRT 700 E5+","Toledo","698",1
"QJMOTOR","SRT 700 E5+","Valencia/València","698",2
"QJMOTOR","SRT 700 E5+","Zamora","698",1
"QJMOTOR","SRT 700 X","Barcelona","698",1
"QJMOTOR","SRT 700 X","Madrid","698",1
"QJMOTOR","SRT 700 X","Murcia","698",1
"QJMOTOR","SRT 700 X","Palencia","698",1
"QJMOTOR","SRT 700 X E5+","Almería","698",1
"QJMOTOR","SRT 700 X E5+","Barcelona","698",2
"QJMOTOR","SRT 700 X E5+","Cádiz","698",2
"QJMOTOR","SRT 700 X E5+","Córdoba","698",1
"QJMOTOR","SRT 700 X E5+","Coruña (A)","698",1
"QJMOTOR","SRT 700 X E5+","Girona","698",1
"QJMOTOR","SRT 700 X E5+","Huelva","698",1
"QJMOTOR","SRT 700 X E5+","Madrid","698",2
"QJMOTOR","SRT 700 X E5+","Sevilla","698",1
"QJMOTOR","SRT 700 X E5+","Valencia/València","698",3
"QJMOTOR","SRT 900 S","Albacete","904",1
"QJMOTOR","SRT 900 S","Alicante/Alacant","904",4
"QJMOTOR","SRT 900 S","Almería","904",1
"QJMOTOR","SRT 900 S","Asturias","904",1
"QJMOTOR","SRT 900 S","Ávila","904",1
"QJMOTOR","SRT 900 S","Barcelona","904",11
"QJMOTOR","SRT 900 S","Cádiz","904",4
"QJMOTOR","SRT 900 S","Castellón/Castelló","904",1
"QJMOTOR","SRT 900 S","Huelva","904",1
"QJMOTOR","SRT 900 S","Illes Balears","904",1
"QJMOTOR","SRT 900 S","Madrid","904",3
"QJMOTOR","SRT 900 S","Málaga","904",1
"QJMOTOR","SRT 900 S","Murcia","904",2
"QJMOTOR","SRT 900 S","Pontevedra","904",1
"QJMOTOR","SRT 900 S","Rioja (La)","904",1
"QJMOTOR","SRT 900 S","Santa Cruz de Tenerife","904",1
"QJMOTOR","SRT 900 S","Sevilla","904",2
"QJMOTOR","SRT 900 S","Tarragona","904",2
"QJMOTOR","SRT 900 S","Valencia/València","904",4
"QJMOTOR","SRT 900 SX","Alicante/Alacant","904",4
"QJMOTOR","SRT 900 SX","Asturias","904",2
"QJMOTOR","SRT 900 SX","Barcelona","904",11
"QJMOTOR","SRT 900 SX","Cáceres","904",1
"QJMOTOR","SRT 900 SX","Cádiz","904",2
"QJMOTOR","SRT 900 SX","Córdoba","904",2
"QJMOTOR","SRT 900 SX","Coruña (A)","904",1
"QJMOTOR","SRT 900 SX","Granada","904",1
"QJMOTOR","SRT 900 SX","Illes Balears","904",1
"QJMOTOR","SRT 900 SX","Jaén","904",2
"QJMOTOR","SRT 900 SX","Lleida","904",1
"QJMOTOR","SRT 900 SX","Madrid","904",3
"QJMOTOR","SRT 900 SX","Málaga","904",2
"QJMOTOR","SRT 900 SX","Murcia","904",1
"QJMOTOR","SRT 900 SX","Sevilla","904",4
"QJMOTOR","SRT 900 SX","Tarragona","904",2
"QJMOTOR","SRT 900 SX","Toledo","904",1
"QJMOTOR","SRT 900 SX","Valencia/València","904",4
"QJMOTOR","SRT 900 SX","Valladolid","904",1
"QJMOTOR","SRT 900 SX","Zaragoza","904",2
"QJMOTOR","SRV 125","Alicante/Alacant","125",1
"QJMOTOR","SRV 125","Asturias","125",2
"QJMOTOR","SRV 125","Barcelona","125",1
"QJMOTOR","SRV 125","Cádiz","125",1
"QJMOTOR","SRV 125","Madrid","125",2
"QJMOTOR","SRV 125","Murcia","125",1
"QJMOTOR","SRV 125","Pontevedra","125",1
"QJMOTOR","SRV 125","Tarragona","125",1
"QJMOTOR","SRV 125 E5+","Alicante/Alacant","125",2
"QJMOTOR","SRV 125 E5+","Almería","125",2
"QJMOTOR","SRV 125 E5+","Badajoz","125",1
"QJMOTOR","SRV 125 E5+","Barcelona","125",9
"QJMOTOR","SRV 125 E5+","Burgos","125",1
"QJMOTOR","SRV 125 E5+","Cádiz","125",3
"QJMOTOR","SRV 125 E5+","Cantabria","125",1
"QJMOTOR","SRV 125 E5+","Córdoba","125",1
"QJMOTOR","SRV 125 E5+","Coruña (A)","125",2
"QJMOTOR","SRV 125 E5+","Granada","125",1
"QJMOTOR","SRV 125 E5+","Guadalajara","125",1
"QJMOTOR","SRV 125 E5+","Huesca","125",1
"QJMOTOR","SRV 125 E5+","Illes Balears","125",3
"QJMOTOR","SRV 125 E5+","Lleida","125",1
"QJMOTOR","SRV 125 E5+","Madrid","125",8
"QJMOTOR","SRV 125 E5+","Málaga","125",3
"QJMOTOR","SRV 125 E5+","Murcia","125",2
"QJMOTOR","SRV 125 E5+","Pontevedra","125",1
"QJMOTOR","SRV 125 E5+","Santa Cruz de Tenerife","125",7
"QJMOTOR","SRV 125 E5+","Sevilla","125",2
"QJMOTOR","SRV 125 E5+","Soria","125",1
"QJMOTOR","SRV 125 E5+","Toledo","125",1
"QJMOTOR","SRV 125 E5+","Valencia/València","125",7
"QJMOTOR","SRV 125 E5+","Valladolid","125",1
"QJMOTOR","SRV 300","Burgos","296",1
"QJMOTOR","SRV 300","Valencia/València","296",1
"QJMOTOR","SRV 550","Barcelona","554",1
"QJMOTOR","SRV 550","Zaragoza","554",1
"QJMOTOR","TRX 125","Alicante/Alacant","125",1
"QJMOTOR","TRX 125","Lleida","125",1
"QJMOTOR","TRX 125","Tarragona","125",1
"QJMOTOR","TRX 125","Teruel","125",3
"QJMOTOR","TRX 125 E5+","Barcelona","125",1
"QJMOTOR","TRX 125 E5+","Illes Balears","125",1
"QJMOTOR","TRX 125 E5+","Murcia","125",1
"QJMOTOR","TRX 125 E5+","Santa Cruz de Tenerife","125",2
"QJMOTOR","TRX 125 E5+","Valencia/València","125",1
"QJMOTOR","TRX 125 E5+","Zaragoza","125",2
"REDMOTO","---","Barcelona","249",1
"REDMOTO","---","Lleida","249",1
"REDMOTO","---","Soria","249",1
"RIEJU","AVENTURA 500","Álava/Araba","471",1
"RIEJU","AVENTURA 500","Asturias","471",1
"RIEJU","AVENTURA 500","Barcelona","471",2
"RIEJU","AVENTURA 500","Bizkaia","471",1
"RIEJU","AVENTURA 500","Cantabria","471",1
"RIEJU","AVENTURA 500","Córdoba","471",1
"RIEJU","AVENTURA 500","Girona","471",1
"RIEJU","AVENTURA 500","Lleida","471",1
"RIEJU","AVENTURA 500","Salamanca","471",1
"RIEJU","AVENTURA 500","Zaragoza","471",1
"RIEJU","CENTURY125","Alicante/Alacant","124",1
"RIEJU","CENTURY125","Badajoz","124",1
"RIEJU","CENTURY125","Barcelona","124",1
"RIEJU","CENTURY125","Girona","124",1
"RIEJU","CENTURY125","Granada","124",1
"RIEJU","CENTURY125","Illes Balears","124",1
"RIEJU","CENTURY125","Palmas (Las)","124",1
"RIEJU","CENTURY125","Pontevedra","124",1
"RIEJU","MR","Albacete","293",1
"RIEJU","N/A","Álava/Araba","125",1
"RIEJU","N/A","Albacete","125",2
"RIEJU","N/A","Alicante/Alacant","125",2
"RIEJU","N/A","Almería","125",2
"RIEJU","N/A","Asturias","125",7
"RIEJU","N/A","Ávila","125",1
"RIEJU","N/A","Badajoz","125",1
"RIEJU","N/A","Barcelona","125",12
"RIEJU","N/A","Bizkaia","125",1
"RIEJU","N/A","Burgos","125",2
"RIEJU","N/A","Cáceres","125",1
"RIEJU","N/A","Cádiz","125",4
"RIEJU","N/A","Castellón/Castelló","125",1
"RIEJU","N/A","Ciudad Real","125",2
"RIEJU","N/A","Córdoba","125",1
"RIEJU","N/A","Coruña (A)","125",1
"RIEJU","N/A","Cuenca","125",1
"RIEJU","N/A","Gipuzkoa","125",2
"RIEJU","N/A","Girona","125",27
"RIEJU","N/A","Granada","125",4
"RIEJU","N/A","Guadalajara","125",1
"RIEJU","N/A","Huelva","125",1
"RIEJU","N/A","Huesca","125",1
"RIEJU","N/A","Illes Balears","125",3
"RIEJU","N/A","León","125",2
"RIEJU","N/A","Lugo","125",2
"RIEJU","N/A","Madrid","125",11
"RIEJU","N/A","Málaga","125",7
"RIEJU","N/A","Murcia","125",5
"RIEJU","N/A","Navarra","125",3
"RIEJU","N/A","Palmas (Las)","125",1
"RIEJU","N/A","Pontevedra","125",1
"RIEJU","N/A","Sevilla","125",3
"RIEJU","N/A","Soria","125",2
"RIEJU","N/A","Tarragona","125",4
"RIEJU","N/A","Teruel","125",2
"RIEJU","N/A","Toledo","125",2
"RIEJU","N/A","Valencia/València","125",5
"RIEJU","N/A","Valladolid","125",2
"RIEJU","N/A","Zaragoza","125",2
"RIEJU","NOT APPLICABLE","Albacete","124",1
"RIEJU","NOT APPLICABLE","Badajoz","124",6
"RIEJU","NOT APPLICABLE","Barcelona","124",4
"RIEJU","NOT APPLICABLE","Cantabria","124",1
"RIEJU","NOT APPLICABLE","Ciudad Real","124",1
"RIEJU","NOT APPLICABLE","Coruña (A)","124",1
"RIEJU","NOT APPLICABLE","Gipuzkoa","124",1
"RIEJU","NOT APPLICABLE","Girona","124",1
"RIEJU","NOT APPLICABLE","Granada","124",1
"RIEJU","NOT APPLICABLE","Guadalajara","124",2
"RIEJU","NOT APPLICABLE","Huelva","124",1
"RIEJU","NOT APPLICABLE","Illes Balears","124",2
"RIEJU","NOT APPLICABLE","Jaén","124",2
"RIEJU","NOT APPLICABLE","Lugo","124",1
"RIEJU","NOT APPLICABLE","Madrid","124",1
"RIEJU","NOT APPLICABLE","Palencia","124",2
"RIEJU","NOT APPLICABLE","Salamanca","124",1
"RIEJU","NOT APPLICABLE","Segovia","124",1
"RIEJU","NOT APPLICABLE","Tarragona","124",2
"RIEJU","NOT APPLICABLE","Valencia/València","124",2
"RIEJU","NOT APPLICABLE","Zaragoza","124",1
"RIEJU","XPLORA 707","Alicante/Alacant","698",1
"RIEJU","XPLORA 707","Asturias","698",1
"RIEJU","XPLORA 707","Barcelona","698",3
"RIEJU","XPLORA 707","Cádiz","698",1
"RIEJU","XPLORA 707","Córdoba","698",1
"RIEJU","XPLORA 707","Girona","698",1
"RIEJU","XPLORA 707","Madrid","698",4
"RIEJU","XPLORA 707","Rioja (La)","698",2
"RIEJU","XPLORA 707","Tarragona","698",1
"RIEJU","XPLORA 707","Valencia/València","698",1
"RIYA","ROME 125","Tarragona","125",1
"ROYAL ALLOY","GP300SP","Madrid","278",1
"ROYAL ALLOY","TG300SP","Madrid","278",1
"ROYAL ENFIELD","350 BULLET","Gipuzkoa","346",1
"ROYAL ENFIELD","CLASSIC 350","Alicante/Alacant","349",1
"ROYAL ENFIELD","CLASSIC 350","Asturias","349",2
"ROYAL ENFIELD","CLASSIC 350","Badajoz","349",1
"ROYAL ENFIELD","CLASSIC 350","Barcelona","349",2
"ROYAL ENFIELD","CLASSIC 350","Illes Balears","349",4
"ROYAL ENFIELD","CLASSIC 350","Madrid","349",1
"ROYAL ENFIELD","CLASSIC 350","Salamanca","349",1
"ROYAL ENFIELD","CLASSIC 350","Valencia/València","349",1
"ROYAL ENFIELD","CLASSIC 650 TWIN","Albacete","648",1
"ROYAL ENFIELD","CLASSIC 650 TWIN","Alicante/Alacant","648",1
"ROYAL ENFIELD","CLASSIC 650 TWIN","Barcelona","648",2
"ROYAL ENFIELD","CLASSIC 650 TWIN","Bizkaia","648",1
"ROYAL ENFIELD","CLASSIC 650 TWIN","Gipuzkoa","648",1
"ROYAL ENFIELD","CLASSIC 650 TWIN","Girona","648",1
"ROYAL ENFIELD","CLASSIC 650 TWIN","Granada","648",1
"ROYAL ENFIELD","CLASSIC 650 TWIN","León","648",1
"ROYAL ENFIELD","CLASSIC 650 TWIN","Madrid","648",1
"ROYAL ENFIELD","CLASSIC 650 TWIN","Murcia","648",1
"ROYAL ENFIELD","CLASSIC 650 TWIN","Santa Cruz de Tenerife","648",1
"ROYAL ENFIELD","CLASSIC 650 TWIN","Zaragoza","648",1
"ROYAL ENFIELD","CONTINENTAL GT 650","Cádiz","648",1
"ROYAL ENFIELD","CONTINENTAL GT 650","Castellón/Castelló","648",1
"ROYAL ENFIELD","CONTINENTAL GT 650","Coruña (A)","648",2
"ROYAL ENFIELD","CONTINENTAL GT 650","Gipuzkoa","648",1
"ROYAL ENFIELD","CONTINENTAL GT 650","Illes Balears","648",1
"ROYAL ENFIELD","CONTINENTAL GT 650","Tarragona","648",1
"ROYAL ENFIELD","GOAN CLASSIC 350","Barcelona","349",2
"ROYAL ENFIELD","GOAN CLASSIC 350","Burgos","349",1
"ROYAL ENFIELD","GOAN CLASSIC 350","Coruña (A)","349",1
"ROYAL ENFIELD","GOAN CLASSIC 350","Lugo","349",1
"ROYAL ENFIELD","GOAN CLASSIC 350","Valencia/València","349",2
"ROYAL ENFIELD","GUERRILLA 450","Alicante/Alacant","452",2
"ROYAL ENFIELD","GUERRILLA 450","Asturias","452",1
"ROYAL ENFIELD","GUERRILLA 450","Barcelona","452",8
"ROYAL ENFIELD","GUERRILLA 450","Cádiz","452",2
"ROYAL ENFIELD","GUERRILLA 450","Coruña (A)","452",1
"ROYAL ENFIELD","GUERRILLA 450","Granada","452",1
"ROYAL ENFIELD","GUERRILLA 450","Illes Balears","452",1
"ROYAL ENFIELD","GUERRILLA 450","Palmas (Las)","452",1
"ROYAL ENFIELD","GUERRILLA 450","Tarragona","452",1
"ROYAL ENFIELD","GUERRILLA 450","Valencia/València","452",4
"ROYAL ENFIELD","HIMALAYAN","Granada","411",1
"ROYAL ENFIELD","HIMALAYAN 452","Albacete","452",1
"ROYAL ENFIELD","HIMALAYAN 452","Alicante/Alacant","452",1
"ROYAL ENFIELD","HIMALAYAN 452","Barcelona","452",7
"ROYAL ENFIELD","HIMALAYAN 452","Bizkaia","452",3
"ROYAL ENFIELD","HIMALAYAN 452","Cantabria","452",1
"ROYAL ENFIELD","HIMALAYAN 452","Castellón/Castelló","452",1
"ROYAL ENFIELD","HIMALAYAN 452","Córdoba","452",1
"ROYAL ENFIELD","HIMALAYAN 452","Coruña (A)","452",1
"ROYAL ENFIELD","HIMALAYAN 452","Granada","452",2
"ROYAL ENFIELD","HIMALAYAN 452","Guadalajara","452",1
"ROYAL ENFIELD","HIMALAYAN 452","Huelva","452",1
"ROYAL ENFIELD","HIMALAYAN 452","Illes Balears","452",1
"ROYAL ENFIELD","HIMALAYAN 452","Madrid","452",4
"ROYAL ENFIELD","HIMALAYAN 452","Málaga","452",2
"ROYAL ENFIELD","HIMALAYAN 452","Murcia","452",1
"ROYAL ENFIELD","HIMALAYAN 452","Navarra","452",1
"ROYAL ENFIELD","HIMALAYAN 452","Palmas (Las)","452",2
"ROYAL ENFIELD","HIMALAYAN 452","Pontevedra","452",1
"ROYAL ENFIELD","HIMALAYAN 452","Santa Cruz de Tenerife","452",1
"ROYAL ENFIELD","HIMALAYAN 452","Sevilla","452",2
"ROYAL ENFIELD","HIMALAYAN 452","Soria","452",1
"ROYAL ENFIELD","HIMALAYAN 452","Tarragona","452",1
"ROYAL ENFIELD","HIMALAYAN 452","Toledo","452",2
"ROYAL ENFIELD","HIMALAYAN 452","Valencia/València","452",2
"ROYAL ENFIELD","HIMALAYAN 452","Zaragoza","452",4
"ROYAL ENFIELD","HNTR 350","Almería","349",1
"ROYAL ENFIELD","HNTR 350","Barcelona","349",1
"ROYAL ENFIELD","HNTR 350","Córdoba","349",1
"ROYAL ENFIELD","HNTR 350","Girona","349",1
"ROYAL ENFIELD","INTERCEPTOR 650","Barcelona","648",1
"ROYAL ENFIELD","INTERCEPTOR 650","Madrid","648",1
"ROYAL ENFIELD","INTERCEPTOR 650","Palmas (Las)","648",2
"ROYAL ENFIELD","INTERCEPTOR 650","Santa Cruz de Tenerife","648",1
"ROYAL ENFIELD","INTERCEPTOR BEAR 650","Asturias","648",1
"ROYAL ENFIELD","INTERCEPTOR BEAR 650","Badajoz","648",1
"ROYAL ENFIELD","INTERCEPTOR BEAR 650","Barcelona","648",3
"ROYAL ENFIELD","INTERCEPTOR BEAR 650","Cáceres","648",1
"ROYAL ENFIELD","INTERCEPTOR BEAR 650","Cádiz","648",2
"ROYAL ENFIELD","INTERCEPTOR BEAR 650","Córdoba","648",2
"ROYAL ENFIELD","INTERCEPTOR BEAR 650","Girona","648",2
"ROYAL ENFIELD","INTERCEPTOR BEAR 650","Madrid","648",1
"ROYAL ENFIELD","INTERCEPTOR BEAR 650","Málaga","648",2
"ROYAL ENFIELD","INTERCEPTOR BEAR 650","Palmas (Las)","648",1
"ROYAL ENFIELD","INTERCEPTOR BEAR 650","Santa Cruz de Tenerife","648",1
"ROYAL ENFIELD","INTERCEPTOR BEAR 650","Tarragona","648",1
"ROYAL ENFIELD","INTERCEPTOR BEAR 650","Toledo","648",1
"ROYAL ENFIELD","INTERCEPTOR BEAR 650","Valencia/València","648",3
"ROYAL ENFIELD","METEOR 350","Asturias","349",1
"ROYAL ENFIELD","METEOR 350","Cádiz","349",1
"ROYAL ENFIELD","METEOR 350","Illes Balears","349",2
"ROYAL ENFIELD","METEOR 350","Navarra","349",1
"ROYAL ENFIELD","SHOTGUN 650","Almería","648",1
"ROYAL ENFIELD","SHOTGUN 650","Barcelona","648",2
"ROYAL ENFIELD","SHOTGUN 650","Burgos","648",1
"ROYAL ENFIELD","SHOTGUN 650","Cantabria","648",2
"ROYAL ENFIELD","SHOTGUN 650","Córdoba","648",1
"ROYAL ENFIELD","SHOTGUN 650","Málaga","648",1
"ROYAL ENFIELD","SHOTGUN 650","Palmas (Las)","648",1
"ROYAL ENFIELD","SHOTGUN 650","Tarragona","648",1
"ROYAL ENFIELD","SHOTGUN 650","Valencia/València","648",1
"ROYAL ENFIELD","SUPER METEOR 650","Asturias","648",2
"ROYAL ENFIELD","SUPER METEOR 650","Cádiz","648",3
"ROYAL ENFIELD","SUPER METEOR 650","Girona","648",1
"ROYAL ENFIELD","SUPER METEOR 650","Illes Balears","648",1
"ROYAL ENFIELD","SUPER METEOR 650","Madrid","648",2
"ROYAL ENFIELD","SUPER METEOR 650","Murcia","648",2
"ROYAL ENFIELD","SUPER METEOR 650","Santa Cruz de Tenerife","648",1
"ROYAL ENFIELD","SUPER METEOR 650","Valencia/València","648",2
"SHERCO","__","Sevilla","124",2
"SHERCO","125 SE-R","Badajoz","125",2
"SHERCO","125 SE-R","Jaén","125",1
"SHERCO","125 SE-R","Santa Cruz de Tenerife","125",1
"SHERCO","250 SE-R","Madrid","249",1
"SHERCO","250 SEF-R","Tarragona","249",1
"SHERCO","250 ST","Barcelona","250",1
"SHERCO","300 SE-R","Asturias","293",1
"SHERCO","300 SE-R","Cuenca","293",1
"SHERCO","300 SE-R","Gipuzkoa","293",2
"SHERCO","300 SE-R","Girona","293",1
"SHERCO","300 SE-R","Granada","293",1
"SHERCO","300 SE-R","Madrid","293",1
"SHERCO","300 SE-R","Málaga","293",2
"SHERCO","300 SE-R","Palmas (Las)","293",1
"SHERCO","300 SE-R","Valencia/València","293",1
"SHERCO","300 SEF-R","Barcelona","304",1
"SHERCO","300 SEF-R","Lleida","304",1
"SHERCO","300 SEF-R","Valencia/València","304",1
"SHERCO","300 SEF-R","Zaragoza","304",1
"SHERCO","300 ST","Barcelona","294",1
"SHERCO","N.A","Badajoz","125",1
"SHERCO","N.A","Barcelona","125",1
"SHERCO","N.A","Burgos","125",1
"SHERCO","N.A","Córdoba","125",1
"SHERCO","N.A","Madrid","125",1
"SUZUKI","ADDRESS 125","Albacete","124",5
"SUZUKI","ADDRESS 125","Alicante/Alacant","124",12
"SUZUKI","ADDRESS 125","Asturias","124",1
"SUZUKI","ADDRESS 125","Barcelona","124",9
"SUZUKI","ADDRESS 125","Bizkaia","124",3
"SUZUKI","ADDRESS 125","Cádiz","124",1
"SUZUKI","ADDRESS 125","Cantabria","124",1
"SUZUKI","ADDRESS 125","Castellón/Castelló","124",1
"SUZUKI","ADDRESS 125","Ceuta","124",1
"SUZUKI","ADDRESS 125","Girona","124",1
"SUZUKI","ADDRESS 125","Guadalajara","124",1
"SUZUKI","ADDRESS 125","Illes Balears","124",3
"SUZUKI","ADDRESS 125","Madrid","124",5
"SUZUKI","ADDRESS 125","Málaga","124",6
"SUZUKI","ADDRESS 125","Murcia","124",5
"SUZUKI","ADDRESS 125","Palmas (Las)","124",3
"SUZUKI","ADDRESS 125","Pontevedra","124",1
"SUZUKI","ADDRESS 125","Santa Cruz de Tenerife","124",1
"SUZUKI","ADDRESS 125","Sevilla","124",4
"SUZUKI","ADDRESS 125","Valencia/València","124",5
"SUZUKI","ADDRESS 125","Zaragoza","124",1
"SUZUKI","AVENIS 125","Asturias","124",1
"SUZUKI","BURGMAN 400","Albacete","400",1
"SUZUKI","BURGMAN 400","Barcelona","400",2
"SUZUKI","BURGMAN 400","Madrid","400",2
"SUZUKI","BURGMAN 400","Málaga","400",2
"SUZUKI","BURGMAN 400","Toledo","400",1
"SUZUKI","BURGMAN 400","Valencia/València","400",2
"SUZUKI","DL650","Barcelona","645",1
"SUZUKI","DL650","Córdoba","645",1
"SUZUKI","DL650","Huelva","645",1
"SUZUKI","DL650","Madrid","645",1
"SUZUKI","DL650","Málaga","645",1
"SUZUKI","DL650","Santa Cruz de Tenerife","645",1
"SUZUKI","DL650U","Asturias","645",1
"SUZUKI","DL650U","Illes Balears","645",1
"SUZUKI","DL650U","Jaén","645",2
"SUZUKI","DL650U","Madrid","645",1
"SUZUKI","DL650U","Palmas (Las)","645",1
"SUZUKI","DL650U","Santa Cruz de Tenerife","645",3
"SUZUKI","GSX-8S","Albacete","776",3
"SUZUKI","GSX-8S","Alicante/Alacant","776",1
"SUZUKI","GSX-8S","Asturias","776",1
"SUZUKI","GSX-8S","Barcelona","776",7
"SUZUKI","GSX-8S","Bizkaia","776",1
"SUZUKI","GSX-8S","Girona","776",2
"SUZUKI","GSX-8S","Huelva","776",1
"SUZUKI","GSX-8S","Illes Balears","776",1
"SUZUKI","GSX-8S","León","776",1
"SUZUKI","GSX-8S","Madrid","776",4
"SUZUKI","GSX-8S","Palmas (Las)","776",2
"SUZUKI","GSX-8S","Pontevedra","776",1
"SUZUKI","GSX-8S","Santa Cruz de Tenerife","776",1
"SUZUKI","GSX-8S","Sevilla","776",1
"SUZUKI","GSX-8S","Toledo","776",1
"SUZUKI","GSX-8S","Valencia/València","776",1
"SUZUKI","GSX-R125","Alicante/Alacant","124",1
"SUZUKI","GSX-R125","Lugo","124",1
"SUZUKI","GSX-R125","Madrid","124",1
"SUZUKI","GSX-R125","Palmas (Las)","124",1
"SUZUKI","GSX-R125","Sevilla","124",1
"SUZUKI","GSX-S 1000","Alicante/Alacant","999",2
"SUZUKI","GSX-S 1000","Almería","999",1
"SUZUKI","GSX-S 1000","Barcelona","999",9
"SUZUKI","GSX-S 1000","Bizkaia","999",2
"SUZUKI","GSX-S 1000","Coruña (A)","999",2
"SUZUKI","GSX-S 1000","Huelva","999",1
"SUZUKI","GSX-S 1000","Madrid","999",2
"SUZUKI","GSX-S 1000","Murcia","999",1
"SUZUKI","GSX-S 1000","Pontevedra","999",1
"SUZUKI","GSX-S 1000","Segovia","999",1
"SUZUKI","GSX-S 1000","Valencia/València","999",1
"SUZUKI","GSX-S 1000","Zamora","999",1
"SUZUKI","GSX-S125","Cantabria","124",1
"SUZUKI","GSX-S125","Palmas (Las)","124",1
"SUZUKI","GSX-S125","Valencia/València","124",1
"SUZUKI","GSX1300R","Lugo","1340",1
"SUZUKI","GSX1300R","Madrid","1340",1
"SUZUKI","GSX1300R","Valencia/València","1340",1
"SUZUKI","SV650","Barcelona","645",1
"SUZUKI","SV650","Cádiz","645",1
"SUZUKI","SV650","Girona","645",1
"SUZUKI","SV650","Madrid","645",2
"SUZUKI","SV650","Sevilla","645",1
"SUZUKI","SV650","Toledo","645",1
"SUZUKI","SV650","Valencia/València","645",2
"SUZUKI","SV650U","Cuenca","645",1
"SUZUKI","SV650U","Guadalajara","645",1
"SUZUKI","SV650U","Madrid","645",2
"SUZUKI","SV650U","Santa Cruz de Tenerife","645",1
"SUZUKI","SV650U","Valencia/València","645",1
"SUZUKI","SV650U","Zamora","645",1
"SUZUKI","UN125","Madrid","124",1
"SUZUKI","UN125","Málaga","124",1
"SUZUKI","V-Strom 1050","Alicante/Alacant","1037",3
"SUZUKI","V-Strom 1050","Barcelona","1037",1
"SUZUKI","V-Strom 1050","Bizkaia","1037",1
"SUZUKI","V-Strom 1050","Castellón/Castelló","1037",1
"SUZUKI","V-Strom 1050","Córdoba","1037",1
"SUZUKI","V-Strom 1050","Madrid","1037",3
"SUZUKI","V-Strom 1050","Rioja (La)","1037",1
"SUZUKI","V-Strom 1050","Santa Cruz de Tenerife","1037",1
"SUZUKI","V-Strom 800","Álava/Araba","776",1
"SUZUKI","V-Strom 800","Alicante/Alacant","776",6
"SUZUKI","V-Strom 800","Badajoz","776",1
"SUZUKI","V-Strom 800","Barcelona","776",2
"SUZUKI","V-Strom 800","Bizkaia","776",2
"SUZUKI","V-Strom 800","Burgos","776",1
"SUZUKI","V-Strom 800","Cádiz","776",2
"SUZUKI","V-Strom 800","Coruña (A)","776",1
"SUZUKI","V-Strom 800","Gipuzkoa","776",1
"SUZUKI","V-Strom 800","Girona","776",3
"SUZUKI","V-Strom 800","Granada","776",1
"SUZUKI","V-Strom 800","Illes Balears","776",1
"SUZUKI","V-Strom 800","León","776",1
"SUZUKI","V-Strom 800","Madrid","776",2
"SUZUKI","V-Strom 800","Málaga","776",1
"SUZUKI","V-Strom 800","Navarra","776",1
"SUZUKI","V-Strom 800","Palmas (Las)","776",1
"SUZUKI","V-Strom 800","Santa Cruz de Tenerife","776",3
"SUZUKI","V-Strom 800","Tarragona","776",1
"SUZUKI","V-Strom 800","Valencia/València","776",2
"SWM","GRAN MILANO 500","Valencia/València","494",1
"SWM","GT650","Barcelona","644",1
"SWM","HOKU 125","Barcelona","125",2
"SWM","HOKU400","Tarragona","401",1
"SWM","OUTLAW125","Badajoz","125",1
"SWM","OUTLAW125","Barcelona","125",2
"SWM","OUTLAW125","Cádiz","125",2
"SWM","OUTLAW125","Granada","125",1
"SWM","OUTLAW125","Huelva","125",2
"SWM","OUTLAW125","Lleida","125",1
"SWM","OUTLAW125","Sevilla","125",1
"SWM","OUTLAW125","Valencia/València","125",2
"SWM","RS125R","Barcelona","125",1
"SWM","RS125R","Pontevedra","125",1
"SWM","RS125R","Tarragona","125",1
"SWM","RS125R","Zaragoza","125",1
"SWM","RS300R","Barcelona","298",1
"SWM","SM125R","Bizkaia","125",1
"SWM","SM125R","Tarragona","125",1
"SWM","SM500R","Valencia/València","501",1
"SWM","VAREZ125","Valencia/València","125",1
"SYM","ADX 125 ABS","Barcelona","125",4
"SYM","ADX 125 ABS","Girona","125",1
"SYM","ADX 125 ABS","Granada","125",1
"SYM","ADX 125 ABS","Huesca","125",1
"SYM","ADX 125 ABS","Málaga","125",1
"SYM","ADX 125 ABS","Santa Cruz de Tenerife","125",1
"SYM","ADX 125 ABS","Sevilla","125",1
"SYM","ADX 125 LC TCS E5+","Alicante/Alacant","125",1
"SYM","ADX 125 LC TCS E5+","Barcelona","125",1
"SYM","ADX 125 LC TCS E5+","Girona","125",4
"SYM","ADX 125 LC TCS E5+","Palmas (Las)","125",3
"SYM","ADX 300 TCS","Almería","278",1
"SYM","ADX 300 TCS","Barcelona","278",10
"SYM","ADX 300 TCS","Burgos","278",1
"SYM","ADX 300 TCS","Cádiz","278",4
"SYM","ADX 300 TCS","Córdoba","278",2
"SYM","ADX 300 TCS","Girona","278",4
"SYM","ADX 300 TCS","Granada","278",4
"SYM","ADX 300 TCS","Huesca","278",1
"SYM","ADX 300 TCS","Illes Balears","278",4
"SYM","ADX 300 TCS","Madrid","278",2
"SYM","ADX 300 TCS","Málaga","278",2
"SYM","ADX 300 TCS","Pontevedra","278",1
"SYM","ADX 300 TCS","Santa Cruz de Tenerife","278",3
"SYM","ADX 300 TCS","Sevilla","278",1
"SYM","ADX 300 TCS","Tarragona","278",3
"SYM","ADX 300 TCS","Valencia/València","278",1
"SYM","ADX 300 TCS","Zaragoza","278",1
"SYM","ADXTG 400","Barcelona","399",2
"SYM","ADXTG 400","Gipuzkoa","399",1
"SYM","ADXTG 400","Girona","399",1
"SYM","ADXTG 400","Granada","399",2
"SYM","ADXTG 400","Illes Balears","399",1
"SYM","ADXTG 400","Málaga","399",1
"SYM","ADXTG 400","Palmas (Las)","399",1
"SYM","ADXTG 400","Sevilla","399",2
"SYM","ADXTG 400","Zaragoza","399",1
"SYM","CRUISYM 125 E5 TCS","Alicante/Alacant","124",2
"SYM","CRUISYM 125 E5 TCS","Illes Balears","124",1
"SYM","CRUISYM 125 E5 TCS","Valencia/València","124",1
"SYM","CRUISYM 125 TCS E5+","Alicante/Alacant","124",3
"SYM","CRUISYM 125 TCS E5+","Barcelona","124",11
"SYM","CRUISYM 125 TCS E5+","Cádiz","124",1
"SYM","CRUISYM 125 TCS E5+","Cantabria","124",1
"SYM","CRUISYM 125 TCS E5+","Coruña (A)","124",1
"SYM","CRUISYM 125 TCS E5+","Granada","124",1
"SYM","CRUISYM 125 TCS E5+","Huelva","124",1
"SYM","CRUISYM 125 TCS E5+","Illes Balears","124",4
"SYM","CRUISYM 125 TCS E5+","Madrid","124",3
"SYM","CRUISYM 125 TCS E5+","Málaga","124",2
"SYM","CRUISYM 125 TCS E5+","Murcia","124",1
"SYM","CRUISYM 125 TCS E5+","Navarra","124",1
"SYM","CRUISYM 125 TCS E5+","Pontevedra","124",2
"SYM","CRUISYM 125 TCS E5+","Sevilla","124",6
"SYM","CRUISYM 125 TCS E5+","Tarragona","124",2
"SYM","CRUISYM 125 TCS E5+","Valencia/València","124",1
"SYM","CRUISYM 300 E5","Barcelona","278",1
"SYM","CRUISYM 300 E5 TCS","Valencia/València","278",3
"SYM","FIDDLE 125 E5","Asturias","125",1
"SYM","FIDDLE 125 E5","Barcelona","125",1
"SYM","FIDDLE 125 E5","Castellón/Castelló","125",1
"SYM","FIDDLE 125 E5","Córdoba","125",1
"SYM","FIDDLE 125 E5","Girona","125",4
"SYM","FIDDLE 125 E5","Pontevedra","125",1
"SYM","FIDDLE 125 E5","Rioja (La)","125",1
"SYM","FUGUE 125 ABS TOP CASE","Alicante/Alacant","124",4
"SYM","FUGUE 125 ABS TOP CASE","Almería","124",1
"SYM","FUGUE 125 ABS TOP CASE","Barcelona","124",6
"SYM","FUGUE 125 ABS TOP CASE","Bizkaia","124",1
"SYM","FUGUE 125 ABS TOP CASE","Cádiz","124",3
"SYM","FUGUE 125 ABS TOP CASE","Cantabria","124",2
"SYM","FUGUE 125 ABS TOP CASE","Castellón/Castelló","124",2
"SYM","FUGUE 125 ABS TOP CASE","Girona","124",8
"SYM","FUGUE 125 ABS TOP CASE","Illes Balears","124",7
"SYM","FUGUE 125 ABS TOP CASE","Málaga","124",2
"SYM","FUGUE 125 ABS TOP CASE","Murcia","124",3
"SYM","FUGUE 125 ABS TOP CASE","Navarra","124",1
"SYM","FUGUE 125 ABS TOP CASE","Pontevedra","124",1
"SYM","FUGUE 125 ABS TOP CASE","Santa Cruz de Tenerife","124",2
"SYM","FUGUE 125 ABS TOP CASE","Valencia/València","124",5
"SYM","FUGUE 125 ABS TOP CASE","Zaragoza","124",1
"SYM","JET 14","Álava/Araba","125",3
"SYM","JET 14","Albacete","125",1
"SYM","JET 14","Alicante/Alacant","125",23
"SYM","JET 14","Almería","125",4
"SYM","JET 14","Asturias","125",7
"SYM","JET 14","Barcelona","125",77
"SYM","JET 14","Bizkaia","125",1
"SYM","JET 14","Burgos","125",4
"SYM","JET 14","Cádiz","125",37
"SYM","JET 14","Cantabria","125",5
"SYM","JET 14","Castellón/Castelló","125",4
"SYM","JET 14","Ciudad Real","125",2
"SYM","JET 14","Córdoba","125",13
"SYM","JET 14","Coruña (A)","125",6
"SYM","JET 14","Cuenca","125",1
"SYM","JET 14","Gipuzkoa","125",9
"SYM","JET 14","Girona","125",27
"SYM","JET 14","Granada","125",9
"SYM","JET 14","Guadalajara","125",1
"SYM","JET 14","Huelva","125",7
"SYM","JET 14","Huesca","125",2
"SYM","JET 14","Illes Balears","125",36
"SYM","JET 14","Jaén","125",4
"SYM","JET 14","León","125",1
"SYM","JET 14","Lleida","125",5
"SYM","JET 14","Lugo","125",2
"SYM","JET 14","Madrid","125",21
"SYM","JET 14","Málaga","125",41
"SYM","JET 14","Murcia","125",11
"SYM","JET 14","Ourense","125",3
"SYM","JET 14","Palencia","125",4
"SYM","JET 14","Palmas (Las)","125",3
"SYM","JET 14","Pontevedra","125",13
"SYM","JET 14","Rioja (La)","125",2
"SYM","JET 14","Salamanca","125",1
"SYM","JET 14","Santa Cruz de Tenerife","125",10
"SYM","JET 14","Sevilla","125",33
"SYM","JET 14","Tarragona","125",9
"SYM","JET 14","Teruel","125",3
"SYM","JET 14","Toledo","125",1
"SYM","JET 14","Valencia/València","125",21
"SYM","JET 14","Zaragoza","125",3
"SYM","JET X","Álava/Araba","125",2
"SYM","JET X","Albacete","125",1
"SYM","JET X","Alicante/Alacant","125",9
"SYM","JET X","Asturias","125",3
"SYM","JET X","Ávila","125",1
"SYM","JET X","Barcelona","125",38
"SYM","JET X","Bizkaia","125",1
"SYM","JET X","Cádiz","125",13
"SYM","JET X","Cantabria","125",4
"SYM","JET X","Castellón/Castelló","125",3
"SYM","JET X","Ciudad Real","125",2
"SYM","JET X","Córdoba","125",7
"SYM","JET X","Coruña (A)","125",2
"SYM","JET X","Gipuzkoa","125",2
"SYM","JET X","Girona","125",6
"SYM","JET X","Granada","125",8
"SYM","JET X","Huelva","125",7
"SYM","JET X","Illes Balears","125",21
"SYM","JET X","Jaén","125",2
"SYM","JET X","León","125",2
"SYM","JET X","Lleida","125",2
"SYM","JET X","Madrid","125",27
"SYM","JET X","Málaga","125",14
"SYM","JET X","Murcia","125",7
"SYM","JET X","Navarra","125",2
"SYM","JET X","Ourense","125",1
"SYM","JET X","Palmas (Las)","125",3
"SYM","JET X","Pontevedra","125",7
"SYM","JET X","Rioja (La)","125",1
"SYM","JET X","Salamanca","125",1
"SYM","JET X","Santa Cruz de Tenerife","125",3
"SYM","JET X","Sevilla","125",14
"SYM","JET X","Tarragona","125",3
"SYM","JET X","Toledo","125",2
"SYM","JET X","Valencia/València","125",14
"SYM","JET X","Valladolid","125",2
"SYM","JET X","Zamora","125",2
"SYM","JET X","Zaragoza","125",2
"SYM","JOYMAX Z 125 ABS E5+","Barcelona","124",19
"SYM","JOYMAX Z 125 ABS E5+","Madrid","124",1
"SYM","JOYMAX Z 125 E5","Barcelona","124",1
"SYM","JOYMAX Z 125 E5","Girona","124",1
"SYM","JOYMAX Z 125 E5","Málaga","124",1
"SYM","JOYMAX Z 125 TCS","Madrid","124",1
"SYM","JOYMAX Z 125 TCS","Santa Cruz de Tenerife","124",1
"SYM","JOYMAX Z 125 TCS","Sevilla","124",1
"SYM","JOYMAX Z 300 E5+","Alicante/Alacant","278",2
"SYM","JOYMAX Z 300 E5+","Barcelona","278",2
"SYM","JOYMAX Z 300 E5+","Burgos","278",1
"SYM","JOYMAX Z 300 E5+","Cantabria","278",2
"SYM","JOYMAX Z 300 E5+","Gipuzkoa","278",2
"SYM","JOYMAX Z 300 E5+","Girona","278",2
"SYM","JOYMAX Z 300 E5+","Illes Balears","278",1
"SYM","JOYMAX Z 300 E5+","Sevilla","278",2
"SYM","JOYRIDE 300 ABS","Asturias","278",1
"SYM","JOYRIDE 300 ABS","Barcelona","278",5
"SYM","JOYRIDE 300 ABS","Cádiz","278",1
"SYM","JOYRIDE 300 ABS","Huelva","278",1
"SYM","JOYRIDE 300 ABS","Illes Balears","278",1
"SYM","JOYRIDE 300 ABS","Jaén","278",1
"SYM","JOYRIDE 300 ABS","Lleida","278",1
"SYM","JOYRIDE 300 ABS","Murcia","278",1
"SYM","JOYRIDE 300 ABS","Santa Cruz de Tenerife","278",1
"SYM","JOYRIDE 300 ABS","Teruel","278",1
"SYM","MAXSYM 400I GT","Almería","399",1
"SYM","MAXSYM 400I GT","Asturias","399",1
"SYM","MAXSYM 400I GT","Gipuzkoa","399",1
"SYM","MAXSYM 400I GT","Madrid","399",1
"SYM","MAXSYM 400I GT","Palmas (Las)","399",1
"SYM","MAXSYM 400I GT","Pontevedra","399",1
"SYM","MAXSYM 400I GT","Zaragoza","399",1
"SYM","MAXSYM TL 508 E5+","Barcelona","508",4
"SYM","MAXSYM TL 508 E5+","Huesca","508",1
"SYM","MAXSYM TL 508 E5+","Valencia/València","508",1
"SYM","MAXSYM TL 508 E5+","Zaragoza","508",1
"SYM","SYMPHONY 125","Albacete","125",4
"SYM","SYMPHONY 125","Alicante/Alacant","125",34
"SYM","SYMPHONY 125","Almería","125",2
"SYM","SYMPHONY 125","Ávila","125",1
"SYM","SYMPHONY 125","Barcelona","125",258
"SYM","SYMPHONY 125","Bizkaia","125",2
"SYM","SYMPHONY 125","Burgos","125",2
"SYM","SYMPHONY 125","Cádiz","125",19
"SYM","SYMPHONY 125","Cantabria","125",1
"SYM","SYMPHONY 125","Castellón/Castelló","125",6
"SYM","SYMPHONY 125","Ciudad Real","125",2
"SYM","SYMPHONY 125","Córdoba","125",4
"SYM","SYMPHONY 125","Coruña (A)","125",4
"SYM","SYMPHONY 125","Gipuzkoa","125",20
"SYM","SYMPHONY 125","Girona","125",109
"SYM","SYMPHONY 125","Granada","125",12
"SYM","SYMPHONY 125","Huelva","125",2
"SYM","SYMPHONY 125","Huesca","125",3
"SYM","SYMPHONY 125","Illes Balears","125",37
"SYM","SYMPHONY 125","Jaén","125",2
"SYM","SYMPHONY 125","León","125",1
"SYM","SYMPHONY 125","Lleida","125",5
"SYM","SYMPHONY 125","Madrid","125",23
"SYM","SYMPHONY 125","Málaga","125",32
"SYM","SYMPHONY 125","Murcia","125",7
"SYM","SYMPHONY 125","Navarra","125",4
"SYM","SYMPHONY 125","Ourense","125",1
"SYM","SYMPHONY 125","Palmas (Las)","125",10
"SYM","SYMPHONY 125","Pontevedra","125",4
"SYM","SYMPHONY 125","Rioja (La)","125",4
"SYM","SYMPHONY 125","Santa Cruz de Tenerife","125",19
"SYM","SYMPHONY 125","Sevilla","125",15
"SYM","SYMPHONY 125","Tarragona","125",24
"SYM","SYMPHONY 125","Teruel","125",2
"SYM","SYMPHONY 125","Toledo","125",1
"SYM","SYMPHONY 125","Valencia/València","125",7
"SYM","SYMPHONY 125","Zamora","125",1
"SYM","SYMPHONY 125","Zaragoza","125",1
"TM MOTO","---","Almería","299",1
"TM MOTO","---","Barcelona","299",1
"TRIUMPH","BONNEVILLE BOBBER  (E5","Palmas (Las)","1200",1
"TRIUMPH","BONNEVILLE BOBBER  (E5","Zaragoza","1200",1
"TRIUMPH","BONNEVILLE BOBBER TFC","Barcelona","1200",1
"TRIUMPH","BONNEVILLE SPEEDMASTER","Bizkaia","1200",1
"TRIUMPH","BONNEVILLE T100","Almería","900",1
"TRIUMPH","BONNEVILLE T100","Barcelona","900",3
"TRIUMPH","BONNEVILLE T100","Bizkaia","900",1
"TRIUMPH","BONNEVILLE T100","Madrid","900",1
"TRIUMPH","BONNEVILLE T100","Málaga","900",1
"TRIUMPH","BONNEVILLE T100","Valencia/València","900",1
"TRIUMPH","BONNEVILLE T120 (E5 VB","Huelva","1200",1
"TRIUMPH","BONNEVILLE T120 (E5 VB","Lleida","1200",1
"TRIUMPH","BONNEVILLE T120 (E5 VB","Sevilla","1200",1
"TRIUMPH","BONNEVILLE T120 (E5 VB","Zaragoza","1200",1
"TRIUMPH","BONNEVILLE T120 BLACK","Barcelona","1200",2
"TRIUMPH","BONNEVILLE T120 BLACK","Cantabria","1200",1
"TRIUMPH","BONNEVILLE T120 BLACK","Girona","1200",1
"TRIUMPH","BONNEVILLE T120 BLACK","Zaragoza","1200",1
"TRIUMPH","DAYTONA 660","Alicante/Alacant","660",1
"TRIUMPH","DAYTONA 660","Barcelona","660",1
"TRIUMPH","DAYTONA 660","Gipuzkoa","660",1
"TRIUMPH","DAYTONA 660","Granada","660",1
"TRIUMPH","DAYTONA 660","Illes Balears","660",1
"TRIUMPH","DAYTONA 660","Palmas (Las)","660",1
"TRIUMPH","DAYTONA 660","Santa Cruz de Tenerife","660",1
"TRIUMPH","ROCKET 3 R SPECIAL EDI","Álava/Araba","2458",1
"TRIUMPH","ROCKET 3 STORM GT","Alicante/Alacant","2458",1
"TRIUMPH","ROCKET 3 STORM R","Huelva","2458",1
"TRIUMPH","ROCKET 3 STORM R","Madrid","2458",2
"TRIUMPH","ROCKET 3 STORM R","Valladolid","2458",1
"TRIUMPH","SCRAMBLER 1200 X","Barcelona","1200",1
"TRIUMPH","SCRAMBLER 1200 X","Coruña (A)","1200",1
"TRIUMPH","SCRAMBLER 1200 X","Madrid","1200",1
"TRIUMPH","SCRAMBLER 1200 X","Valencia/València","1200",1
"TRIUMPH","SCRAMBLER 1200 XE","Cádiz","1200",1
"TRIUMPH","SCRAMBLER 1200 XE","Coruña (A)","1200",1
"TRIUMPH","SCRAMBLER 1200 XE","Santa Cruz de Tenerife","1200",1
"TRIUMPH","SCRAMBLER 400 X","Alicante/Alacant","398",3
"TRIUMPH","SCRAMBLER 400 X","Almería","398",1
"TRIUMPH","SCRAMBLER 400 X","Asturias","398",1
"TRIUMPH","SCRAMBLER 400 X","Ávila","398",1
"TRIUMPH","SCRAMBLER 400 X","Barcelona","398",4
"TRIUMPH","SCRAMBLER 400 X","Cádiz","398",1
"TRIUMPH","SCRAMBLER 400 X","Cantabria","398",1
"TRIUMPH","SCRAMBLER 400 X","Castellón/Castelló","398",1
"TRIUMPH","SCRAMBLER 400 X","Coruña (A)","398",1
"TRIUMPH","SCRAMBLER 400 X","Girona","398",2
"TRIUMPH","SCRAMBLER 400 X","Granada","398",1
"TRIUMPH","SCRAMBLER 400 X","Huelva","398",1
"TRIUMPH","SCRAMBLER 400 X","Illes Balears","398",2
"TRIUMPH","SCRAMBLER 400 X","Madrid","398",3
"TRIUMPH","SCRAMBLER 400 X","Málaga","398",4
"TRIUMPH","SCRAMBLER 400 X","Murcia","398",3
"TRIUMPH","SCRAMBLER 400 X","Palmas (Las)","398",2
"TRIUMPH","SCRAMBLER 400 X","Pontevedra","398",3
"TRIUMPH","SCRAMBLER 400 X","Santa Cruz de Tenerife","398",1
"TRIUMPH","SCRAMBLER 400 X","Sevilla","398",2
"TRIUMPH","SCRAMBLER 400 X","Tarragona","398",1
"TRIUMPH","SCRAMBLER 400 X","Valencia/València","398",4
"TRIUMPH","SCRAMBLER 400 X","Zaragoza","398",1
"TRIUMPH","SCRAMBLER 900","Barcelona","900",2
"TRIUMPH","SCRAMBLER 900","Illes Balears","900",1
"TRIUMPH","SCRAMBLER 900","Madrid","900",1
"TRIUMPH","SCRAMBLER 900","Tarragona","900",1
"TRIUMPH","SCRAMBLER 900","Zaragoza","900",1
"TRIUMPH","SPEED 400","Alicante/Alacant","398",2
"TRIUMPH","SPEED 400","Almería","398",1
"TRIUMPH","SPEED 400","Barcelona","398",3
"TRIUMPH","SPEED 400","Bizkaia","398",2
"TRIUMPH","SPEED 400","Cádiz","398",3
"TRIUMPH","SPEED 400","Gipuzkoa","398",1
"TRIUMPH","SPEED 400","Granada","398",1
"TRIUMPH","SPEED 400","Illes Balears","398",2
"TRIUMPH","SPEED 400","Jaén","398",1
"TRIUMPH","SPEED 400","Lleida","398",1
"TRIUMPH","SPEED 400","Madrid","398",8
"TRIUMPH","SPEED 400","Málaga","398",3
"TRIUMPH","SPEED 400","Murcia","398",3
"TRIUMPH","SPEED 400","Pontevedra","398",1
"TRIUMPH","SPEED 400","Santa Cruz de Tenerife","398",1
"TRIUMPH","SPEED 400","Tarragona","398",2
"TRIUMPH","SPEED 400","Valencia/València","398",1
"TRIUMPH","SPEED 400","Zaragoza","398",1
"TRIUMPH","SPEED TRIPLE RR","Barcelona","1160",1
"TRIUMPH","SPEED TRIPLE RR","Murcia","1160",1
"TRIUMPH","SPEED TRIPLE RS","Madrid","1160",1
"TRIUMPH","SPEED TRIPLE RX","Barcelona","1160",1
"TRIUMPH","SPEED TRIPLE RX","Madrid","1160",1
"TRIUMPH","SPEED TRIPLE RX","Valencia/València","1160",1
"TRIUMPH","SPEED TWIN","Alicante/Alacant","1200",1
"TRIUMPH","SPEED TWIN 1200 RS","Albacete","1200",1
"TRIUMPH","SPEED TWIN 1200 RS","Cádiz","1200",1
"TRIUMPH","SPEED TWIN 900","Albacete","900",1
"TRIUMPH","SPEED TWIN 900","Almería","900",1
"TRIUMPH","SPEED TWIN 900","Asturias","900",1
"TRIUMPH","SPEED TWIN 900","Barcelona","900",5
"TRIUMPH","SPEED TWIN 900","Burgos","900",1
"TRIUMPH","SPEED TWIN 900","Girona","900",2
"TRIUMPH","SPEED TWIN 900","Huelva","900",1
"TRIUMPH","SPEED TWIN 900","Illes Balears","900",1
"TRIUMPH","SPEED TWIN 900","Madrid","900",3
"TRIUMPH","SPEED TWIN 900","Málaga","900",1
"TRIUMPH","SPEED TWIN 900","Palmas (Las)","900",3
"TRIUMPH","SPEED TWIN 900","Pontevedra","900",2
"TRIUMPH","SPEED TWIN 900","Santa Cruz de Tenerife","900",1
"TRIUMPH","SPEED TWIN 900","Sevilla","900",1
"TRIUMPH","SPEED TWIN 900","Valencia/València","900",3
"TRIUMPH","SPEED TWIN 900","Valladolid","900",1
"TRIUMPH","SPEED TWIN 900","Zaragoza","900",1
"TRIUMPH","STREET TRIPLE R","Barcelona","765",4
"TRIUMPH","STREET TRIPLE R","Huelva","765",1
"TRIUMPH","STREET TRIPLE R","Illes Balears","765",1
"TRIUMPH","STREET TRIPLE R","Madrid","765",1
"TRIUMPH","STREET TRIPLE R","Málaga","765",1
"TRIUMPH","STREET TRIPLE R","Tarragona","765",1
"TRIUMPH","STREET TRIPLE R (A2)","Alicante/Alacant","765",1
"TRIUMPH","STREET TRIPLE R (A2)","Barcelona","765",2
"TRIUMPH","STREET TRIPLE R (A2)","Girona","765",1
"TRIUMPH","STREET TRIPLE R (A2)","Madrid","765",1
"TRIUMPH","STREET TRIPLE R (A2)","Málaga","765",1
"TRIUMPH","STREET TRIPLE R (A2)","Tarragona","765",2
"TRIUMPH","STREET TRIPLE R (A2)","Toledo","765",1
"TRIUMPH","STREET TRIPLE RS","Barcelona","765",6
"TRIUMPH","STREET TRIPLE RS","Cádiz","765",1
"TRIUMPH","STREET TRIPLE RS","Gipuzkoa","765",1
"TRIUMPH","STREET TRIPLE RS","Granada","765",1
"TRIUMPH","STREET TRIPLE RS","Illes Balears","765",2
"TRIUMPH","STREET TRIPLE RS","Madrid","765",1
"TRIUMPH","STREET TRIPLE RS","Murcia","765",1
"TRIUMPH","STREET TRIPLE RS","Palmas (Las)","765",1
"TRIUMPH","STREET TRIPLE RS","Pontevedra","765",3
"TRIUMPH","STREET TRIPLE RS","Rioja (La)","765",1
"TRIUMPH","STREET TRIPLE RS","Santa Cruz de Tenerife","765",2
"TRIUMPH","STREET TRIPLE RS","Zaragoza","765",2
"TRIUMPH","TF250-E","Girona","250",1
"TRIUMPH","TF450-E","Tarragona","450",2
"TRIUMPH","TIGER 1200 GT","Tarragona","1160",1
"TRIUMPH","TIGER 1200 GT EXPLORER","Sevilla","1160",1
"TRIUMPH","TIGER 1200 GT EXPLORER","Zaragoza","1160",1
"TRIUMPH","TIGER 1200 GT PRO","Barcelona","1160",1
"TRIUMPH","TIGER 1200 GT PRO","Bizkaia","1160",1
"TRIUMPH","TIGER 1200 GT PRO","Cádiz","1160",1
"TRIUMPH","TIGER 1200 GT PRO","Huelva","1160",1
"TRIUMPH","TIGER 1200 GT PRO","Navarra","1160",1
"TRIUMPH","TIGER 1200 GT PRO","Sevilla","1160",1
"TRIUMPH","TIGER 1200 RALLY EXPLO","Alicante/Alacant","1160",1
"TRIUMPH","TIGER 1200 RALLY EXPLO","Huelva","1160",1
"TRIUMPH","TIGER 1200 RALLY PRO","Madrid","1160",2
"TRIUMPH","TIGER 900 GT","Barcelona","888",1
"TRIUMPH","TIGER 900 GT","Cádiz","888",3
"TRIUMPH","TIGER 900 GT","Navarra","888",1
"TRIUMPH","TIGER 900 GT PRO","Alicante/Alacant","888",2
"TRIUMPH","TIGER 900 GT PRO","Almería","888",1
"TRIUMPH","TIGER 900 GT PRO","Barcelona","888",2
"TRIUMPH","TIGER 900 GT PRO","Bizkaia","888",1
"TRIUMPH","TIGER 900 GT PRO","Cádiz","888",1
"TRIUMPH","TIGER 900 GT PRO","Cantabria","888",1
"TRIUMPH","TIGER 900 GT PRO","Granada","888",1
"TRIUMPH","TIGER 900 GT PRO","Huelva","888",1
"TRIUMPH","TIGER 900 GT PRO","Illes Balears","888",1
"TRIUMPH","TIGER 900 GT PRO","Málaga","888",2
"TRIUMPH","TIGER 900 GT PRO","Navarra","888",1
"TRIUMPH","TIGER 900 GT PRO","Santa Cruz de Tenerife","888",1
"TRIUMPH","TIGER 900 GT PRO","Sevilla","888",2
"TRIUMPH","TIGER 900 GT PRO","Zaragoza","888",1
"TRIUMPH","TIGER 900 RALLY PRO","Álava/Araba","888",1
"TRIUMPH","TIGER 900 RALLY PRO","Barcelona","888",2
"TRIUMPH","TIGER 900 RALLY PRO","Girona","888",1
"TRIUMPH","TIGER 900 RALLY PRO","Huesca","888",1
"TRIUMPH","TIGER 900 RALLY PRO","Madrid","888",1
"TRIUMPH","TIGER 900 RALLY PRO","Murcia","888",1
"TRIUMPH","TIGER 900 RALLY PRO","Sevilla","888",1
"TRIUMPH","TIGER 900 RALLY PRO","Zamora","888",1
"TRIUMPH","TIGER SPORT","Alicante/Alacant","660",1
"TRIUMPH","TIGER SPORT","Barcelona","660",5
"TRIUMPH","TIGER SPORT","Cádiz","660",2
"TRIUMPH","TIGER SPORT","Girona","660",1
"TRIUMPH","TIGER SPORT","Illes Balears","660",1
"TRIUMPH","TIGER SPORT","Madrid","660",3
"TRIUMPH","TIGER SPORT","Málaga","660",1
"TRIUMPH","TIGER SPORT","Murcia","660",1
"TRIUMPH","TIGER SPORT","Navarra","660",1
"TRIUMPH","TIGER SPORT","Pontevedra","660",1
"TRIUMPH","TIGER SPORT","Tarragona","660",1
"TRIUMPH","TIGER SPORT","Valencia/València","660",2
"TRIUMPH","TIGER SPORT","Zaragoza","660",1
"TRIUMPH","TIGER SPORT 800","Alicante/Alacant","798",1
"TRIUMPH","TIGER SPORT 800","Almería","798",1
"TRIUMPH","TIGER SPORT 800","Barcelona","798",2
"TRIUMPH","TIGER SPORT 800","Cádiz","798",2
"TRIUMPH","TIGER SPORT 800","Coruña (A)","798",1
"TRIUMPH","TIGER SPORT 800","Huelva","798",2
"TRIUMPH","TIGER SPORT 800","Madrid","798",1
"TRIUMPH","TIGER SPORT 800","Málaga","798",1
"TRIUMPH","TIGER SPORT 800","Sevilla","798",1
"TRIUMPH","TIGER SPORT 800","Tarragona","798",1
"TRIUMPH","TIGER SPORT 800","Zaragoza","798",1
"TRIUMPH","TIGER SPORT 800 TOURIN","Barcelona","798",2
"TRIUMPH","TIGER SPORT 800 TOURIN","Santa Cruz de Tenerife","798",1
"TRIUMPH","TRIDENT","Asturias","660",2
"TRIUMPH","TRIDENT","Barcelona","660",7
"TRIUMPH","TRIDENT","Cádiz","660",1
"TRIUMPH","TRIDENT","Granada","660",1
"TRIUMPH","TRIDENT","Madrid","660",5
"TRIUMPH","TRIDENT","Málaga","660",2
"TRIUMPH","TRIDENT","Navarra","660",1
"TRIUMPH","TRIDENT","Palmas (Las)","660",1
"TRIUMPH","TRIDENT","Valencia/València","660",1
"TRIUMPH","TRIDENT","Zaragoza","660",1
"TRIUMPH","TRIDENT 660 TRIPLE TRI","Alicante/Alacant","660",2
"TRIUMPH","TRIDENT 660 TRIPLE TRI","Almería","660",1
"TRIUMPH","TRIDENT 660 TRIPLE TRI","Barcelona","660",2
"TRIUMPH","TRIDENT 660 TRIPLE TRI","Cantabria","660",1
"TRIUMPH","TRIDENT 660 TRIPLE TRI","Coruña (A)","660",2
"TRIUMPH","TRIDENT 660 TRIPLE TRI","Girona","660",1
"TRIUMPH","TRIDENT 660 TRIPLE TRI","Illes Balears","660",2
"TRIUMPH","TRIDENT 660 TRIPLE TRI","Madrid","660",2
"TRIUMPH","TRIDENT 660 TRIPLE TRI","Málaga","660",1
"TRIUMPH","TRIDENT 660 TRIPLE TRI","Palmas (Las)","660",1
"TRIUMPH","TRIDENT 660 TRIPLE TRI","Santa Cruz de Tenerife","660",1
"TRIUMPH","TRIDENT 660 TRIPLE TRI","Sevilla","660",2
"TRIUMPH","TRIDENT 660 TRIPLE TRI","Tarragona","660",1
"TRIUMPH","TRIDENT 660 TRIPLE TRI","Valencia/València","660",1
"TRS","TR1 300","Castellón/Castelló","294",1
"UM","CHILL 125","Madrid","125",1
"UM","DSR ADVENTURE","Alicante/Alacant","124",2
"UM","DSR ADVENTURE","Sevilla","124",1
"UM","DSR EX 125","Ávila","124",1
"UM","DSR EX 125","Badajoz","124",1
"UM","DSR EX 125","Bizkaia","124",1
"UM","DSR EX 125","Cantabria","124",1
"UM","DSR EX 125","Ciudad Real","124",2
"UM","DSR EX 125","Huelva","124",1
"UM","DSR EX 125","Jaén","124",1
"UM","DSR EX 125","León","124",2
"UM","DSR EX 125","Madrid","124",1
"UM","DSR SM 125","Granada","124",1
"UM","DSR SM 125","Huesca","124",1
"UM","DSR SM 125","Segovia","124",1
"UM","DSR SM 125","Toledo","124",1
"UM","RENEGADE COMMANDO 125","Santa Cruz de Tenerife","124",1
"UM","RENEGADE FREEDOM 125","Cáceres","124",1
"UM","RENEGADE SPORT Z 125","Madrid","125",1
"UM","RENEGADE SPORT Z 125","Salamanca","125",1
"UM","RENEGADE SPORT Z 125","Zaragoza","125",1
"UM","WYNWOOD 125","Barcelona","125",48
"UM","XTREET RS125","Granada","124",1
"VOGE","300AC","Asturias","292",1
"VOGE","300AC","Jaén","292",1
"VOGE","300AC","Valencia/València","292",1
"VOGE","300AC X","Alicante/Alacant","292",1
"VOGE","300AC X","Santa Cruz de Tenerife","292",1
"VOGE","300RALLY","Álava/Araba","292",1
"VOGE","300RALLY","Albacete","292",2
"VOGE","300RALLY","Alicante/Alacant","292",6
"VOGE","300RALLY","Almería","292",1
"VOGE","300RALLY","Asturias","292",2
"VOGE","300RALLY","Ávila","292",1
"VOGE","300RALLY","Badajoz","292",3
"VOGE","300RALLY","Barcelona","292",23
"VOGE","300RALLY","Bizkaia","292",5
"VOGE","300RALLY","Burgos","292",5
"VOGE","300RALLY","Cáceres","292",1
"VOGE","300RALLY","Cádiz","292",6
"VOGE","300RALLY","Cantabria","292",2
"VOGE","300RALLY","Castellón/Castelló","292",2
"VOGE","300RALLY","Ciudad Real","292",4
"VOGE","300RALLY","Coruña (A)","292",1
"VOGE","300RALLY","Cuenca","292",1
"VOGE","300RALLY","Gipuzkoa","292",2
"VOGE","300RALLY","Girona","292",2
"VOGE","300RALLY","Granada","292",4
"VOGE","300RALLY","Guadalajara","292",1
"VOGE","300RALLY","Huelva","292",2
"VOGE","300RALLY","Huesca","292",1
"VOGE","300RALLY","Illes Balears","292",4
"VOGE","300RALLY","Jaén","292",6
"VOGE","300RALLY","León","292",3
"VOGE","300RALLY","Lleida","292",1
"VOGE","300RALLY","Madrid","292",25
"VOGE","300RALLY","Málaga","292",12
"VOGE","300RALLY","Murcia","292",8
"VOGE","300RALLY","Navarra","292",7
"VOGE","300RALLY","Palmas (Las)","292",5
"VOGE","300RALLY","Rioja (La)","292",3
"VOGE","300RALLY","Santa Cruz de Tenerife","292",1
"VOGE","300RALLY","Segovia","292",3
"VOGE","300RALLY","Sevilla","292",1
"VOGE","300RALLY","Tarragona","292",3
"VOGE","300RALLY","Toledo","292",9
"VOGE","300RALLY","Valencia/València","292",12
"VOGE","300RALLY","Valladolid","292",2
"VOGE","300RALLY","Zaragoza","292",3
"VOGE","525ACX","Santa Cruz de Tenerife","494",1
"VOGE","625DSX","Albacete","581",3
"VOGE","625DSX","Alicante/Alacant","581",26
"VOGE","625DSX","Almería","581",8
"VOGE","625DSX","Asturias","581",3
"VOGE","625DSX","Ávila","581",1
"VOGE","625DSX","Badajoz","581",9
"VOGE","625DSX","Barcelona","581",52
"VOGE","625DSX","Bizkaia","581",4
"VOGE","625DSX","Burgos","581",2
"VOGE","625DSX","Cáceres","581",4
"VOGE","625DSX","Cádiz","581",13
"VOGE","625DSX","Cantabria","581",5
"VOGE","625DSX","Castellón/Castelló","581",6
"VOGE","625DSX","Ceuta","581",3
"VOGE","625DSX","Ciudad Real","581",1
"VOGE","625DSX","Córdoba","581",6
"VOGE","625DSX","Coruña (A)","581",11
"VOGE","625DSX","Cuenca","581",1
"VOGE","625DSX","Gipuzkoa","581",7
"VOGE","625DSX","Girona","581",6
"VOGE","625DSX","Granada","581",15
"VOGE","625DSX","Guadalajara","581",4
"VOGE","625DSX","Huelva","581",4
"VOGE","625DSX","Huesca","581",3
"VOGE","625DSX","Illes Balears","581",12
"VOGE","625DSX","Jaén","581",6
"VOGE","625DSX","León","581",6
"VOGE","625DSX","Lleida","581",3
"VOGE","625DSX","Madrid","581",49
"VOGE","625DSX","Málaga","581",32
"VOGE","625DSX","Murcia","581",11
"VOGE","625DSX","Navarra","581",1
"VOGE","625DSX","Ourense","581",2
"VOGE","625DSX","Palencia","581",3
"VOGE","625DSX","Palmas (Las)","581",10
"VOGE","625DSX","Pontevedra","581",7
"VOGE","625DSX","Rioja (La)","581",4
"VOGE","625DSX","Santa Cruz de Tenerife","581",11
"VOGE","625DSX","Segovia","581",1
"VOGE","625DSX","Sevilla","581",5
"VOGE","625DSX","Tarragona","581",16
"VOGE","625DSX","Teruel","581",1
"VOGE","625DSX","Toledo","581",10
"VOGE","625DSX","Valencia/València","581",35
"VOGE","625DSX","Valladolid","581",3
"VOGE","625DSX","Zaragoza","581",7
"VOGE","625R","Alicante/Alacant","581",2
"VOGE","625R","Almería","581",2
"VOGE","625R","Asturias","581",1
"VOGE","625R","Barcelona","581",2
"VOGE","625R","Bizkaia","581",1
"VOGE","625R","Cádiz","581",1
"VOGE","625R","Cantabria","581",1
"VOGE","625R","Castellón/Castelló","581",2
"VOGE","625R","Córdoba","581",1
"VOGE","625R","Cuenca","581",1
"VOGE","625R","Granada","581",1
"VOGE","625R","Guadalajara","581",1
"VOGE","625R","Illes Balears","581",1
"VOGE","625R","Lleida","581",1
"VOGE","625R","Madrid","581",6
"VOGE","625R","Málaga","581",2
"VOGE","625R","Murcia","581",1
"VOGE","625R","Sevilla","581",1
"VOGE","625R","Valencia/València","581",8
"VOGE","625R","Zaragoza","581",4
"VOGE","650DS","Santa Cruz de Tenerife","652",1
"VOGE","AC350","Guadalajara","322",1
"VOGE","DS525X","Álava/Araba","494",2
"VOGE","DS525X","Albacete","494",2
"VOGE","DS525X","Alicante/Alacant","494",19
"VOGE","DS525X","Almería","494",4
"VOGE","DS525X","Asturias","494",3
"VOGE","DS525X","Ávila","494",1
"VOGE","DS525X","Badajoz","494",6
"VOGE","DS525X","Barcelona","494",33
"VOGE","DS525X","Bizkaia","494",2
"VOGE","DS525X","Burgos","494",1
"VOGE","DS525X","Cáceres","494",2
"VOGE","DS525X","Cádiz","494",8
"VOGE","DS525X","Cantabria","494",2
"VOGE","DS525X","Castellón/Castelló","494",6
"VOGE","DS525X","Córdoba","494",5
"VOGE","DS525X","Coruña (A)","494",2
"VOGE","DS525X","Gipuzkoa","494",3
"VOGE","DS525X","Girona","494",2
"VOGE","DS525X","Granada","494",8
"VOGE","DS525X","Guadalajara","494",2
"VOGE","DS525X","Illes Balears","494",6
"VOGE","DS525X","Jaén","494",2
"VOGE","DS525X","León","494",3
"VOGE","DS525X","Lleida","494",1
"VOGE","DS525X","Lugo","494",1
"VOGE","DS525X","Madrid","494",32
"VOGE","DS525X","Málaga","494",10
"VOGE","DS525X","Murcia","494",7
"VOGE","DS525X","Navarra","494",2
"VOGE","DS525X","Ourense","494",1
"VOGE","DS525X","Palmas (Las)","494",3
"VOGE","DS525X","Pontevedra","494",5
"VOGE","DS525X","Rioja (La)","494",3
"VOGE","DS525X","Salamanca","494",1
"VOGE","DS525X","Sevilla","494",8
"VOGE","DS525X","Tarragona","494",8
"VOGE","DS525X","Teruel","494",1
"VOGE","DS525X","Toledo","494",4
"VOGE","DS525X","Valencia/València","494",13
"VOGE","DS525X","Valladolid","494",2
"VOGE","DS525X","Zaragoza","494",6
"VOGE","DS800X RALLY","Valencia/València","798",1
"VOGE","DS900X","Álava/Araba","895",6
"VOGE","DS900X","Albacete","895",7
"VOGE","DS900X","Alicante/Alacant","895",59
"VOGE","DS900X","Almería","895",16
"VOGE","DS900X","Asturias","895",16
"VOGE","DS900X","Ávila","895",3
"VOGE","DS900X","Badajoz","895",13
"VOGE","DS900X","Barcelona","895",137
"VOGE","DS900X","Bizkaia","895",20
"VOGE","DS900X","Burgos","895",5
"VOGE","DS900X","Cáceres","895",8
"VOGE","DS900X","Cádiz","895",26
"VOGE","DS900X","Cantabria","895",9
"VOGE","DS900X","Castellón/Castelló","895",18
"VOGE","DS900X","Ceuta","895",1
"VOGE","DS900X","Ciudad Real","895",5
"VOGE","DS900X","Córdoba","895",16
"VOGE","DS900X","Coruña (A)","895",23
"VOGE","DS900X","Cuenca","895",2
"VOGE","DS900X","Gipuzkoa","895",12
"VOGE","DS900X","Girona","895",34
"VOGE","DS900X","Granada","895",34
"VOGE","DS900X","Guadalajara","895",7
"VOGE","DS900X","Huelva","895",7
"VOGE","DS900X","Huesca","895",2
"VOGE","DS900X","Illes Balears","895",25
"VOGE","DS900X","Jaén","895",20
"VOGE","DS900X","León","895",6
"VOGE","DS900X","Lleida","895",7
"VOGE","DS900X","Lugo","895",2
"VOGE","DS900X","Madrid","895",123
"VOGE","DS900X","Málaga","895",51
"VOGE","DS900X","Melilla","895",5
"VOGE","DS900X","Murcia","895",31
"VOGE","DS900X","Navarra","895",10
"VOGE","DS900X","Ourense","895",3
"VOGE","DS900X","Palmas (Las)","895",10
"VOGE","DS900X","Pontevedra","895",14
"VOGE","DS900X","Rioja (La)","895",11
"VOGE","DS900X","Salamanca","895",2
"VOGE","DS900X","Santa Cruz de Tenerife","895",15
"VOGE","DS900X","Segovia","895",2
"VOGE","DS900X","Sevilla","895",31
"VOGE","DS900X","Soria","895",1
"VOGE","DS900X","Tarragona","895",25
"VOGE","DS900X","Teruel","895",2
"VOGE","DS900X","Toledo","895",15
"VOGE","DS900X","Valencia/València","895",90
"VOGE","DS900X","Valladolid","895",14
"VOGE","DS900X","Zamora","895",1
"VOGE","DS900X","Zaragoza","895",5
"VOGE","R125","Álava/Araba","125",2
"VOGE","R125","Albacete","125",3
"VOGE","R125","Alicante/Alacant","125",16
"VOGE","R125","Asturias","125",6
"VOGE","R125","Badajoz","125",1
"VOGE","R125","Barcelona","125",26
"VOGE","R125","Bizkaia","125",2
"VOGE","R125","Burgos","125",3
"VOGE","R125","Cáceres","125",2
"VOGE","R125","Cádiz","125",1
"VOGE","R125","Cantabria","125",2
"VOGE","R125","Castellón/Castelló","125",7
"VOGE","R125","Ciudad Real","125",1
"VOGE","R125","Córdoba","125",8
"VOGE","R125","Coruña (A)","125",7
"VOGE","R125","Cuenca","125",2
"VOGE","R125","Gipuzkoa","125",4
"VOGE","R125","Girona","125",3
"VOGE","R125","Granada","125",4
"VOGE","R125","Guadalajara","125",4
"VOGE","R125","Huelva","125",2
"VOGE","R125","Illes Balears","125",14
"VOGE","R125","Jaén","125",7
"VOGE","R125","León","125",1
"VOGE","R125","Lleida","125",3
"VOGE","R125","Madrid","125",33
"VOGE","R125","Málaga","125",7
"VOGE","R125","Melilla","125",2
"VOGE","R125","Murcia","125",7
"VOGE","R125","Navarra","125",5
"VOGE","R125","Ourense","125",1
"VOGE","R125","Palencia","125",1
"VOGE","R125","Pontevedra","125",6
"VOGE","R125","Rioja (La)","125",2
"VOGE","R125","Salamanca","125",2
"VOGE","R125","Santa Cruz de Tenerife","125",7
"VOGE","R125","Segovia","125",1
"VOGE","R125","Sevilla","125",1
"VOGE","R125","Soria","125",1
"VOGE","R125","Tarragona","125",6
"VOGE","R125","Teruel","125",1
"VOGE","R125","Toledo","125",7
"VOGE","R125","Valencia/València","125",25
"VOGE","R125","Valladolid","125",4
"VOGE","R125","Zaragoza","125",6
"VOGE","SR1","Albacete","125",1
"VOGE","SR1","Alicante/Alacant","125",8
"VOGE","SR1","Almería","125",2
"VOGE","SR1","Asturias","125",1
"VOGE","SR1","Barcelona","125",12
"VOGE","SR1","Bizkaia","125",2
"VOGE","SR1","Cáceres","125",2
"VOGE","SR1","Cádiz","125",8
"VOGE","SR1","Castellón/Castelló","125",4
"VOGE","SR1","Ceuta","125",1
"VOGE","SR1","Córdoba","125",5
"VOGE","SR1","Gipuzkoa","125",3
"VOGE","SR1","Girona","125",2
"VOGE","SR1","Guadalajara","125",1
"VOGE","SR1","Huelva","125",2
"VOGE","SR1","Illes Balears","125",12
"VOGE","SR1","Jaén","125",3
"VOGE","SR1","León","125",2
"VOGE","SR1","Madrid","125",12
"VOGE","SR1","Málaga","125",5
"VOGE","SR1","Melilla","125",5
"VOGE","SR1","Murcia","125",6
"VOGE","SR1","Navarra","125",4
"VOGE","SR1","Pontevedra","125",2
"VOGE","SR1","Rioja (La)","125",1
"VOGE","SR1","Salamanca","125",1
"VOGE","SR1","Santa Cruz de Tenerife","125",6
"VOGE","SR1","Sevilla","125",1
"VOGE","SR1","Tarragona","125",6
"VOGE","SR1","Valencia/València","125",13
"VOGE","SR1","Valladolid","125",1
"VOGE","SR1","Zaragoza","125",2
"VOGE","SR16","Álava/Araba","125",1
"VOGE","SR16","Alicante/Alacant","125",3
"VOGE","SR16","Almería","125",1
"VOGE","SR16","Asturias","125",3
"VOGE","SR16","Barcelona","125",24
"VOGE","SR16","Bizkaia","125",1
"VOGE","SR16","Cádiz","125",1
"VOGE","SR16","Castellón/Castelló","125",1
"VOGE","SR16","Ceuta","125",2
"VOGE","SR16","Coruña (A)","125",1
"VOGE","SR16","Cuenca","125",1
"VOGE","SR16","Gipuzkoa","125",2
"VOGE","SR16","Girona","125",1
"VOGE","SR16","Illes Balears","125",7
"VOGE","SR16","Madrid","125",4
"VOGE","SR16","Málaga","125",10
"VOGE","SR16","Murcia","125",1
"VOGE","SR16","Pontevedra","125",2
"VOGE","SR16","Santa Cruz de Tenerife","125",2
"VOGE","SR16","Tarragona","125",1
"VOGE","SR16","Valencia/València","125",2
"VOGE","SR16","Zamora","125",1
"VOGE","SR1ADV","Álava/Araba","125",3
"VOGE","SR1ADV","Albacete","125",2
"VOGE","SR1ADV","Alicante/Alacant","125",16
"VOGE","SR1ADV","Almería","125",3
"VOGE","SR1ADV","Asturias","125",1
"VOGE","SR1ADV","Barcelona","125",13
"VOGE","SR1ADV","Bizkaia","125",4
"VOGE","SR1ADV","Cáceres","125",4
"VOGE","SR1ADV","Castellón/Castelló","125",4
"VOGE","SR1ADV","Ceuta","125",5
"VOGE","SR1ADV","Ciudad Real","125",1
"VOGE","SR1ADV","Coruña (A)","125",1
"VOGE","SR1ADV","Cuenca","125",1
"VOGE","SR1ADV","Gipuzkoa","125",3
"VOGE","SR1ADV","Girona","125",2
"VOGE","SR1ADV","Granada","125",4
"VOGE","SR1ADV","Huelva","125",4
"VOGE","SR1ADV","Illes Balears","125",11
"VOGE","SR1ADV","Jaén","125",3
"VOGE","SR1ADV","León","125",3
"VOGE","SR1ADV","Madrid","125",12
"VOGE","SR1ADV","Málaga","125",14
"VOGE","SR1ADV","Melilla","125",7
"VOGE","SR1ADV","Murcia","125",2
"VOGE","SR1ADV","Navarra","125",1
"VOGE","SR1ADV","Palmas (Las)","125",7
"VOGE","SR1ADV","Pontevedra","125",1
"VOGE","SR1ADV","Salamanca","125",1
"VOGE","SR1ADV","Santa Cruz de Tenerife","125",7
"VOGE","SR1ADV","Sevilla","125",6
"VOGE","SR1ADV","Tarragona","125",1
"VOGE","SR1ADV","Toledo","125",1
"VOGE","SR1ADV","Valencia/València","125",17
"VOGE","SR1ADV","Zaragoza","125",5
"VOGE","SR3","Álava/Araba","244",1
"VOGE","SR3","Alicante/Alacant","244",2
"VOGE","SR3","Almería","244",1
"VOGE","SR3","Asturias","244",2
"VOGE","SR3","Badajoz","244",1
"VOGE","SR3","Barcelona","244",11
"VOGE","SR3","Cádiz","244",1
"VOGE","SR3","Cantabria","244",2
"VOGE","SR3","Castellón/Castelló","244",2
"VOGE","SR3","Córdoba","244",1
"VOGE","SR3","Coruña (A)","244",1
"VOGE","SR3","Gipuzkoa","244",3
"VOGE","SR3","Granada","244",1
"VOGE","SR3","Huelva","244",2
"VOGE","SR3","Illes Balears","244",5
"VOGE","SR3","Lleida","244",3
"VOGE","SR3","Madrid","244",10
"VOGE","SR3","Málaga","244",4
"VOGE","SR3","Melilla","244",2
"VOGE","SR3","Murcia","244",1
"VOGE","SR3","Palmas (Las)","244",1
"VOGE","SR3","Pontevedra","244",2
"VOGE","SR3","Santa Cruz de Tenerife","244",1
"VOGE","SR3","Sevilla","244",2
"VOGE","SR3","Tarragona","244",1
"VOGE","SR3","Valencia/València","244",2
"VOGE","SR3","Zamora","244",1
"VOGE","SR3","Zaragoza","244",3
"VOGE","SR4 MAX","Alicante/Alacant","350",5
"VOGE","SR4 MAX","Ávila","350",1
"VOGE","SR4 MAX","Barcelona","350",8
"VOGE","SR4 MAX","Bizkaia","350",1
"VOGE","SR4 MAX","Cáceres","350",1
"VOGE","SR4 MAX","Castellón/Castelló","350",2
"VOGE","SR4 MAX","Gipuzkoa","350",2
"VOGE","SR4 MAX","Girona","350",2
"VOGE","SR4 MAX","Granada","350",1
"VOGE","SR4 MAX","Huelva","350",3
"VOGE","SR4 MAX","Illes Balears","350",8
"VOGE","SR4 MAX","Lleida","350",1
"VOGE","SR4 MAX","Lugo","350",1
"VOGE","SR4 MAX","Madrid","350",9
"VOGE","SR4 MAX","Málaga","350",2
"VOGE","SR4 MAX","Palmas (Las)","350",1
"VOGE","SR4 MAX","Pontevedra","350",1
"VOGE","SR4 MAX","Sevilla","350",2
"VOGE","SR4 MAX","Tarragona","350",3
"VOGE","SR4 MAX","Valencia/València","350",4
"VOGE","SR4 MAX","Valladolid","350",1
"WOTTAN","GT2","Alicante/Alacant","125",21
"WOTTAN","GT2","Almería","125",1
"WOTTAN","GT2","Asturias","125",1
"WOTTAN","GT2","Barcelona","125",4
"WOTTAN","GT2","Burgos","125",1
"WOTTAN","GT2","Castellón/Castelló","125",7
"WOTTAN","GT2","Granada","125",1
"WOTTAN","GT2","Illes Balears","125",2
"WOTTAN","GT2","Madrid","125",3
"WOTTAN","GT2","Málaga","125",1
"WOTTAN","GT2","Santa Cruz de Tenerife","125",1
"WOTTAN","GT2","Sevilla","125",4
"WOTTAN","GT2","Valencia/València","125",14
"WOTTAN","REBBE","Cádiz","124",1
"WOTTAN","STORM-R","Gipuzkoa","124",1
"WOTTAN","STORM-S","Asturias","276",1
"WOTTAN","STORM-S","Girona","276",1
"WOTTAN","STORM-S","Madrid","276",1
"WOTTAN","STORM-S","Murcia","276",1
"WOTTAN","STORM-S","Tarragona","276",1
"WOTTAN","STORM-S","Valencia/València","276",2
"WOTTAN","STORM-T","Barcelona","125",1
"WOTTAN","STORM-T","Murcia","125",1
"WOTTAN","STORM-V","Huelva","124",1
"WOTTAN","STORM-V","Sevilla","124",1
"WOTTAN","STORM-X","Alicante/Alacant","125",15
"WOTTAN","STORM-X","Almería","125",1
"WOTTAN","STORM-X","Barcelona","125",1
"WOTTAN","STORM-X","Bizkaia","125",1
"WOTTAN","STORM-X","Cádiz","125",2
"WOTTAN","STORM-X","Castellón/Castelló","125",3
"WOTTAN","STORM-X","Córdoba","125",1
"WOTTAN","STORM-X","Coruña (A)","125",1
"WOTTAN","STORM-X","Granada","125",2
"WOTTAN","STORM-X","Illes Balears","125",2
"WOTTAN","STORM-X","Jaén","125",1
"WOTTAN","STORM-X","León","125",1
"WOTTAN","STORM-X","Málaga","125",1
"WOTTAN","STORM-X","Navarra","125",1
"WOTTAN","STORM-X","Segovia","125",1
"WOTTAN","STORM-X","Sevilla","125",2
"WOTTAN","STORM-X","Teruel","125",1
"WOTTAN","STORM-X","Valencia/València","125",8
"WOTTAN","STORM-X","Zaragoza","125",1
"WOTTAN MOTOR","REBBE","Valencia/València","401",1
"WOTTAN MOTOR","SIXTEEN","Alicante/Alacant","125",3
"WOTTAN MOTOR","SIXTEEN","Cantabria","125",1
"WOTTAN MOTOR","SIXTEEN","Granada","125",2
"WOTTAN MOTOR","SIXTEEN","Lleida","125",1
"WOTTAN MOTOR","SIXTEEN","Madrid","125",3
"WOTTAN MOTOR","SIXTEEN","Málaga","125",1
"WOTTAN MOTOR","SIXTEEN","Ourense","125",1
"WOTTAN MOTOR","SIXTEEN","Sevilla","125",2
"WOTTAN MOTOR","SIXTEEN","Valencia/València","125",8
"WOTTAN MOTOR","STORM","Alicante/Alacant","125",5
"WOTTAN MOTOR","STORM","Córdoba","125",1
"WOTTAN MOTOR","STORM","Illes Balears","125",1
"WOTTAN MOTOR","STORM","Madrid","125",1
"WOTTAN MOTOR","STORM","Murcia","125",2
"WOTTAN MOTOR","STORM","Palmas (Las)","125",1
"WOTTAN MOTOR","STORM","Sevilla","125",1
"WOTTAN MOTOR","STORM","Tarragona","125",1
"WOTTAN MOTOR","STORM","Valencia/València","125",3
"WOTTAN MOTOR","STORM-T","Alicante/Alacant","125",7
"WOTTAN MOTOR","STORM-T","Barcelona","125",2
"WOTTAN MOTOR","STORM-T","Cádiz","125",1
"WOTTAN MOTOR","STORM-T","Girona","125",1
"WOTTAN MOTOR","STORM-T","Illes Balears","125",2
"WOTTAN MOTOR","STORM-T","Madrid","125",1
"WOTTAN MOTOR","STORM-T","Málaga","125",5
"WOTTAN MOTOR","STORM-T","Murcia","125",1
"WOTTAN MOTOR","STORM-T","Valencia/València","125",8
"WOTTAN MOTOR","STORM-X","Madrid","125",3
"YAMAHA","LTS125-C","Alicante/Alacant","125",1
"YAMAHA","LTS125-C","Asturias","125",1
"YAMAHA","LTS125-C","Barcelona","125",3
"YAMAHA","LTS125-C","Cádiz","125",1
"YAMAHA","LTS125-C","Cantabria","125",1
"YAMAHA","LTS125-C","Girona","125",3
"YAMAHA","LTS125-C","Granada","125",1
"YAMAHA","LTS125-C","Madrid","125",3
"YAMAHA","LTS125-C","Sevilla","125",2
"YAMAHA","LTS125-C","Valencia/València","125",1
"YAMAHA","MT-03","Alicante/Alacant","321",1
"YAMAHA","MT-03","Almería","321",1
"YAMAHA","MT-03","Badajoz","321",1
"YAMAHA","MT-03","Barcelona","321",3
"YAMAHA","MT-03","Bizkaia","321",1
"YAMAHA","MT-03","Cantabria","321",1
"YAMAHA","MT-03","Girona","321",1
"YAMAHA","MT-03","Illes Balears","321",1
"YAMAHA","MT-03","León","321",1
"YAMAHA","MT-03","Palmas (Las)","321",2
"YAMAHA","MT-03","Valencia/València","321",1
"YAMAHA","MT-03","Valladolid","321",1
"YAMAHA","MT-07","Álava/Araba","689",3
"YAMAHA","MT-07","Albacete","689",1
"YAMAHA","MT-07","Alicante/Alacant","689",13
"YAMAHA","MT-07","Almería","689",4
"YAMAHA","MT-07","Asturias","689",2
"YAMAHA","MT-07","Barcelona","689",51
"YAMAHA","MT-07","Bizkaia","689",6
"YAMAHA","MT-07","Burgos","689",1
"YAMAHA","MT-07","Cáceres","689",3
"YAMAHA","MT-07","Cádiz","689",5
"YAMAHA","MT-07","Cantabria","689",3
"YAMAHA","MT-07","Castellón/Castelló","689",2
"YAMAHA","MT-07","Ciudad Real","689",1
"YAMAHA","MT-07","Córdoba","689",1
"YAMAHA","MT-07","Coruña (A)","689",5
"YAMAHA","MT-07","Gipuzkoa","689",2
"YAMAHA","MT-07","Girona","689",7
"YAMAHA","MT-07","Granada","689",6
"YAMAHA","MT-07","Guadalajara","689",1
"YAMAHA","MT-07","Huelva","689",1
"YAMAHA","MT-07","Illes Balears","689",7
"YAMAHA","MT-07","Jaén","689",4
"YAMAHA","MT-07","León","689",2
"YAMAHA","MT-07","Lugo","689",1
"YAMAHA","MT-07","Madrid","689",35
"YAMAHA","MT-07","Málaga","689",14
"YAMAHA","MT-07","Murcia","689",6
"YAMAHA","MT-07","Ourense","689",1
"YAMAHA","MT-07","Palmas (Las)","689",13
"YAMAHA","MT-07","Pontevedra","689",1
"YAMAHA","MT-07","Rioja (La)","689",2
"YAMAHA","MT-07","Salamanca","689",3
"YAMAHA","MT-07","Santa Cruz de Tenerife","689",8
"YAMAHA","MT-07","Segovia","689",1
"YAMAHA","MT-07","Sevilla","689",5
"YAMAHA","MT-07","Tarragona","689",10
"YAMAHA","MT-07","Teruel","689",3
"YAMAHA","MT-07","Toledo","689",2
"YAMAHA","MT-07","Valencia/València","689",13
"YAMAHA","MT-07","Valladolid","689",1
"YAMAHA","MT-07","Zamora","689",1
"YAMAHA","MT-07","Zaragoza","689",2
"YAMAHA","MT-09","Álava/Araba","890",3
"YAMAHA","MT-09","Albacete","890",1
"YAMAHA","MT-09","Alicante/Alacant","890",9
"YAMAHA","MT-09","Almería","890",1
"YAMAHA","MT-09","Barcelona","890",44
"YAMAHA","MT-09","Bizkaia","890",3
"YAMAHA","MT-09","Cáceres","890",1
"YAMAHA","MT-09","Cádiz","890",5
"YAMAHA","MT-09","Cantabria","890",5
"YAMAHA","MT-09","Castellón/Castelló","890",3
"YAMAHA","MT-09","Ciudad Real","890",1
"YAMAHA","MT-09","Coruña (A)","890",3
"YAMAHA","MT-09","Gipuzkoa","890",2
"YAMAHA","MT-09","Girona","890",3
"YAMAHA","MT-09","Granada","890",1
"YAMAHA","MT-09","Huelva","890",1
"YAMAHA","MT-09","Huesca","890",1
"YAMAHA","MT-09","Illes Balears","890",7
"YAMAHA","MT-09","León","890",4
"YAMAHA","MT-09","Lleida","890",1
"YAMAHA","MT-09","Madrid","890",14
"YAMAHA","MT-09","Málaga","890",6
"YAMAHA","MT-09","Navarra","890",2
"YAMAHA","MT-09","Palmas (Las)","890",3
"YAMAHA","MT-09","Pontevedra","890",1
"YAMAHA","MT-09","Rioja (La)","890",2
"YAMAHA","MT-09","Santa Cruz de Tenerife","890",4
"YAMAHA","MT-09","Sevilla","890",4
"YAMAHA","MT-09","Soria","890",1
"YAMAHA","MT-09","Tarragona","890",2
"YAMAHA","MT-09","Teruel","890",1
"YAMAHA","MT-09","Toledo","890",5
"YAMAHA","MT-09","Valencia/València","890",21
"YAMAHA","MT-09","Zamora","890",1
"YAMAHA","MT-09","Zaragoza","890",1
"YAMAHA","MT-10","Barcelona","998",1
"YAMAHA","MT-10","Madrid","998",5
"YAMAHA","MT-10","Palmas (Las)","998",1
"YAMAHA","MT-125","Alicante/Alacant","125",10
"YAMAHA","MT-125","Almería","125",2
"YAMAHA","MT-125","Asturias","125",5
"YAMAHA","MT-125","Badajoz","125",1
"YAMAHA","MT-125","Barcelona","125",34
"YAMAHA","MT-125","Bizkaia","125",1
"YAMAHA","MT-125","Burgos","125",2
"YAMAHA","MT-125","Cádiz","125",5
"YAMAHA","MT-125","Cantabria","125",2
"YAMAHA","MT-125","Castellón/Castelló","125",4
"YAMAHA","MT-125","Ciudad Real","125",1
"YAMAHA","MT-125","Córdoba","125",3
"YAMAHA","MT-125","Coruña (A)","125",7
"YAMAHA","MT-125","Cuenca","125",2
"YAMAHA","MT-125","Gipuzkoa","125",1
"YAMAHA","MT-125","Girona","125",2
"YAMAHA","MT-125","Granada","125",4
"YAMAHA","MT-125","Huelva","125",1
"YAMAHA","MT-125","Illes Balears","125",18
"YAMAHA","MT-125","Jaén","125",1
"YAMAHA","MT-125","León","125",3
"YAMAHA","MT-125","Lleida","125",1
"YAMAHA","MT-125","Lugo","125",3
"YAMAHA","MT-125","Madrid","125",30
"YAMAHA","MT-125","Málaga","125",8
"YAMAHA","MT-125","Melilla","125",1
"YAMAHA","MT-125","Murcia","125",5
"YAMAHA","MT-125","Navarra","125",1
"YAMAHA","MT-125","Palencia","125",1
"YAMAHA","MT-125","Palmas (Las)","125",3
"YAMAHA","MT-125","Pontevedra","125",7
"YAMAHA","MT-125","Salamanca","125",1
"YAMAHA","MT-125","Santa Cruz de Tenerife","125",5
"YAMAHA","MT-125","Sevilla","125",5
"YAMAHA","MT-125","Tarragona","125",6
"YAMAHA","MT-125","Valencia/València","125",12
"YAMAHA","MT-125","Zamora","125",1
"YAMAHA","MT-125","Zaragoza","125",5
"YAMAHA","NIKEN GT","Cantabria","890",1
"YAMAHA","NMAX125","Álava/Araba","125",6
"YAMAHA","NMAX125","Albacete","125",10
"YAMAHA","NMAX125","Alicante/Alacant","125",102
"YAMAHA","NMAX125","Almería","125",14
"YAMAHA","NMAX125","Asturias","125",7
"YAMAHA","NMAX125","Ávila","125",5
"YAMAHA","NMAX125","Badajoz","125",17
"YAMAHA","NMAX125","Barcelona","125",192
"YAMAHA","NMAX125","Bizkaia","125",31
"YAMAHA","NMAX125","Burgos","125",1
"YAMAHA","NMAX125","Cáceres","125",3
"YAMAHA","NMAX125","Cádiz","125",183
"YAMAHA","NMAX125","Cantabria","125",19
"YAMAHA","NMAX125","Castellón/Castelló","125",16
"YAMAHA","NMAX125","Ceuta","125",4
"YAMAHA","NMAX125","Ciudad Real","125",2
"YAMAHA","NMAX125","Córdoba","125",20
"YAMAHA","NMAX125","Coruña (A)","125",24
"YAMAHA","NMAX125","Cuenca","125",4
"YAMAHA","NMAX125","Gipuzkoa","125",15
"YAMAHA","NMAX125","Girona","125",45
"YAMAHA","NMAX125","Granada","125",29
"YAMAHA","NMAX125","Guadalajara","125",6
"YAMAHA","NMAX125","Huelva","125",31
"YAMAHA","NMAX125","Illes Balears","125",114
"YAMAHA","NMAX125","Jaén","125",18
"YAMAHA","NMAX125","León","125",7
"YAMAHA","NMAX125","Lleida","125",4
"YAMAHA","NMAX125","Lugo","125",1
"YAMAHA","NMAX125","Madrid","125",195
"YAMAHA","NMAX125","Málaga","125",143
"YAMAHA","NMAX125","Melilla","125",10
"YAMAHA","NMAX125","Murcia","125",41
"YAMAHA","NMAX125","Navarra","125",9
"YAMAHA","NMAX125","Ourense","125",6
"YAMAHA","NMAX125","Palencia","125",1
"YAMAHA","NMAX125","Palmas (Las)","125",17
"YAMAHA","NMAX125","Pontevedra","125",19
"YAMAHA","NMAX125","Rioja (La)","125",6
"YAMAHA","NMAX125","Salamanca","125",4
"YAMAHA","NMAX125","Santa Cruz de Tenerife","125",34
"YAMAHA","NMAX125","Segovia","125",3
"YAMAHA","NMAX125","Sevilla","125",80
"YAMAHA","NMAX125","Tarragona","125",24
"YAMAHA","NMAX125","Teruel","125",2
"YAMAHA","NMAX125","Toledo","125",11
"YAMAHA","NMAX125","Valencia/València","125",102
"YAMAHA","NMAX125","Valladolid","125",7
"YAMAHA","NMAX125","Zamora","125",1
"YAMAHA","NMAX125","Zaragoza","125",13
"YAMAHA","R125","Alicante/Alacant","125",3
"YAMAHA","R125","Asturias","125",1
"YAMAHA","R125","Barcelona","125",10
"YAMAHA","R125","Cáceres","125",1
"YAMAHA","R125","Cádiz","125",2
"YAMAHA","R125","Cantabria","125",1
"YAMAHA","R125","Castellón/Castelló","125",1
"YAMAHA","R125","Coruña (A)","125",2
"YAMAHA","R125","Granada","125",1
"YAMAHA","R125","Guadalajara","125",1
"YAMAHA","R125","Illes Balears","125",2
"YAMAHA","R125","León","125",2
"YAMAHA","R125","Lugo","125",1
"YAMAHA","R125","Madrid","125",4
"YAMAHA","R125","Málaga","125",3
"YAMAHA","R125","Murcia","125",2
"YAMAHA","R125","Palmas (Las)","125",1
"YAMAHA","R125","Pontevedra","125",1
"YAMAHA","R125","Rioja (La)","125",1
"YAMAHA","R125","Santa Cruz de Tenerife","125",1
"YAMAHA","R125","Sevilla","125",1
"YAMAHA","R125","Soria","125",1
"YAMAHA","R125","Teruel","125",1
"YAMAHA","R125","Valencia/València","125",5
"YAMAHA","R125","Zaragoza","125",1
"YAMAHA","RayZR 125","Álava/Araba","125",2
"YAMAHA","RayZR 125","Albacete","125",1
"YAMAHA","RayZR 125","Alicante/Alacant","125",27
"YAMAHA","RayZR 125","Almería","125",6
"YAMAHA","RayZR 125","Asturias","125",10
"YAMAHA","RayZR 125","Badajoz","125",8
"YAMAHA","RayZR 125","Barcelona","125",43
"YAMAHA","RayZR 125","Bizkaia","125",6
"YAMAHA","RayZR 125","Cáceres","125",1
"YAMAHA","RayZR 125","Cádiz","125",28
"YAMAHA","RayZR 125","Cantabria","125",1
"YAMAHA","RayZR 125","Castellón/Castelló","125",4
"YAMAHA","RayZR 125","Ceuta","125",1
"YAMAHA","RayZR 125","Ciudad Real","125",1
"YAMAHA","RayZR 125","Córdoba","125",3
"YAMAHA","RayZR 125","Coruña (A)","125",7
"YAMAHA","RayZR 125","Cuenca","125",1
"YAMAHA","RayZR 125","Gipuzkoa","125",12
"YAMAHA","RayZR 125","Girona","125",22
"YAMAHA","RayZR 125","Granada","125",8
"YAMAHA","RayZR 125","Guadalajara","125",1
"YAMAHA","RayZR 125","Huelva","125",2
"YAMAHA","RayZR 125","Huesca","125",1
"YAMAHA","RayZR 125","Illes Balears","125",48
"YAMAHA","RayZR 125","Jaén","125",8
"YAMAHA","RayZR 125","León","125",3
"YAMAHA","RayZR 125","Lleida","125",1
"YAMAHA","RayZR 125","Lugo","125",1
"YAMAHA","RayZR 125","Madrid","125",24
"YAMAHA","RayZR 125","Málaga","125",34
"YAMAHA","RayZR 125","Murcia","125",7
"YAMAHA","RayZR 125","Navarra","125",3
"YAMAHA","RayZR 125","Ourense","125",1
"YAMAHA","RayZR 125","Palencia","125",1
"YAMAHA","RayZR 125","Palmas (Las)","125",12
"YAMAHA","RayZR 125","Pontevedra","125",5
"YAMAHA","RayZR 125","Rioja (La)","125",3
"YAMAHA","RayZR 125","Salamanca","125",3
"YAMAHA","RayZR 125","Santa Cruz de Tenerife","125",7
"YAMAHA","RayZR 125","Segovia","125",2
"YAMAHA","RayZR 125","Sevilla","125",12
"YAMAHA","RayZR 125","Tarragona","125",9
"YAMAHA","RayZR 125","Teruel","125",2
"YAMAHA","RayZR 125","Toledo","125",3
"YAMAHA","RayZR 125","Valencia/València","125",19
"YAMAHA","RayZR 125","Valladolid","125",5
"YAMAHA","RayZR 125","Zamora","125",2
"YAMAHA","RayZR 125","Zaragoza","125",1
"YAMAHA","TMAX 560","Álava/Araba","562",1
"YAMAHA","TMAX 560","Alicante/Alacant","562",8
"YAMAHA","TMAX 560","Almería","562",1
"YAMAHA","TMAX 560","Asturias","562",3
"YAMAHA","TMAX 560","Barcelona","562",49
"YAMAHA","TMAX 560","Bizkaia","562",4
"YAMAHA","TMAX 560","Cádiz","562",9
"YAMAHA","TMAX 560","Cantabria","562",3
"YAMAHA","TMAX 560","Castellón/Castelló","562",1
"YAMAHA","TMAX 560","Ceuta","562",2
"YAMAHA","TMAX 560","Coruña (A)","562",2
"YAMAHA","TMAX 560","Cuenca","562",1
"YAMAHA","TMAX 560","Gipuzkoa","562",5
"YAMAHA","TMAX 560","Girona","562",10
"YAMAHA","TMAX 560","Granada","562",10
"YAMAHA","TMAX 560","Guadalajara","562",1
"YAMAHA","TMAX 560","Huesca","562",1
"YAMAHA","TMAX 560","Illes Balears","562",15
"YAMAHA","TMAX 560","Jaén","562",2
"YAMAHA","TMAX 560","Madrid","562",20
"YAMAHA","TMAX 560","Málaga","562",21
"YAMAHA","TMAX 560","Palencia","562",1
"YAMAHA","TMAX 560","Palmas (Las)","562",4
"YAMAHA","TMAX 560","Pontevedra","562",8
"YAMAHA","TMAX 560","Salamanca","562",2
"YAMAHA","TMAX 560","Santa Cruz de Tenerife","562",2
"YAMAHA","TMAX 560","Sevilla","562",8
"YAMAHA","TMAX 560","Tarragona","562",2
"YAMAHA","TMAX 560","Toledo","562",3
"YAMAHA","TMAX 560","Valencia/València","562",26
"YAMAHA","TMAX 560","Valladolid","562",1
"YAMAHA","TMAX 560","Zamora","562",1
"YAMAHA","TMAX 560","Zaragoza","562",1
"YAMAHA","TRACER 700","Alicante/Alacant","689",1
"YAMAHA","TRACER 700","Almería","689",1
"YAMAHA","TRACER 700","Barcelona","689",4
"YAMAHA","TRACER 700","Girona","689",2
"YAMAHA","TRACER 700","Madrid","689",3
"YAMAHA","TRACER 700","Pontevedra","689",2
"YAMAHA","TRACER 700","Sevilla","689",1
"YAMAHA","Tracer 9 GT ","Álava/Araba","890",1
"YAMAHA","Tracer 9 GT ","Alicante/Alacant","890",2
"YAMAHA","Tracer 9 GT ","Almería","890",1
"YAMAHA","Tracer 9 GT ","Asturias","890",3
"YAMAHA","Tracer 9 GT ","Ávila","890",2
"YAMAHA","Tracer 9 GT ","Badajoz","890",3
"YAMAHA","Tracer 9 GT ","Barcelona","890",26
"YAMAHA","Tracer 9 GT ","Bizkaia","890",6
"YAMAHA","Tracer 9 GT ","Cáceres","890",1
"YAMAHA","Tracer 9 GT ","Cádiz","890",5
"YAMAHA","Tracer 9 GT ","Cantabria","890",2
"YAMAHA","Tracer 9 GT ","Castellón/Castelló","890",3
"YAMAHA","Tracer 9 GT ","Córdoba","890",1
"YAMAHA","Tracer 9 GT ","Coruña (A)","890",4
"YAMAHA","Tracer 9 GT ","Cuenca","890",1
"YAMAHA","Tracer 9 GT ","Gipuzkoa","890",2
"YAMAHA","Tracer 9 GT ","Girona","890",3
"YAMAHA","Tracer 9 GT ","Granada","890",2
"YAMAHA","Tracer 9 GT ","Huelva","890",4
"YAMAHA","Tracer 9 GT ","Illes Balears","890",4
"YAMAHA","Tracer 9 GT ","León","890",2
"YAMAHA","Tracer 9 GT ","Lleida","890",1
"YAMAHA","Tracer 9 GT ","Lugo","890",2
"YAMAHA","Tracer 9 GT ","Madrid","890",14
"YAMAHA","Tracer 9 GT ","Málaga","890",9
"YAMAHA","Tracer 9 GT ","Murcia","890",3
"YAMAHA","Tracer 9 GT ","Navarra","890",1
"YAMAHA","Tracer 9 GT ","Ourense","890",1
"YAMAHA","Tracer 9 GT ","Palmas (Las)","890",4
"YAMAHA","Tracer 9 GT ","Pontevedra","890",6
"YAMAHA","Tracer 9 GT ","Santa Cruz de Tenerife","890",1
"YAMAHA","Tracer 9 GT ","Sevilla","890",5
"YAMAHA","Tracer 9 GT ","Tarragona","890",3
"YAMAHA","Tracer 9 GT ","Teruel","890",1
"YAMAHA","Tracer 9 GT ","Toledo","890",1
"YAMAHA","Tracer 9 GT ","Valencia/València","890",14
"YAMAHA","Tracer 9 GT ","Valladolid","890",1
"YAMAHA","Tracer 9 GT ","Zaragoza","890",2
"YAMAHA","TRICITY 125","Alicante/Alacant","125",8
"YAMAHA","TRICITY 125","Barcelona","125",15
"YAMAHA","TRICITY 125","Bizkaia","125",3
"YAMAHA","TRICITY 125","Cantabria","125",1
"YAMAHA","TRICITY 125","Castellón/Castelló","125",3
"YAMAHA","TRICITY 125","Ceuta","125",1
"YAMAHA","TRICITY 125","Córdoba","125",1
"YAMAHA","TRICITY 125","Gipuzkoa","125",1
"YAMAHA","TRICITY 125","Girona","125",5
"YAMAHA","TRICITY 125","Illes Balears","125",5
"YAMAHA","TRICITY 125","Madrid","125",8
"YAMAHA","TRICITY 125","Málaga","125",4
"YAMAHA","TRICITY 125","Murcia","125",2
"YAMAHA","TRICITY 125","Navarra","125",1
"YAMAHA","TRICITY 125","Pontevedra","125",1
"YAMAHA","TRICITY 125","Salamanca","125",1
"YAMAHA","TRICITY 125","Sevilla","125",2
"YAMAHA","TRICITY 125","Tarragona","125",2
"YAMAHA","TRICITY 125","Valencia/València","125",3
"YAMAHA","XMAX 300","Albacete","292",2
"YAMAHA","XMAX 300","Alicante/Alacant","292",14
"YAMAHA","XMAX 300","Almería","292",3
"YAMAHA","XMAX 300","Asturias","292",2
"YAMAHA","XMAX 300","Badajoz","292",3
"YAMAHA","XMAX 300","Barcelona","292",96
"YAMAHA","XMAX 300","Bizkaia","292",4
"YAMAHA","XMAX 300","Burgos","292",1
"YAMAHA","XMAX 300","Cádiz","292",13
"YAMAHA","XMAX 300","Cantabria","292",6
"YAMAHA","XMAX 300","Castellón/Castelló","292",2
"YAMAHA","XMAX 300","Ceuta","292",4
"YAMAHA","XMAX 300","Córdoba","292",4
"YAMAHA","XMAX 300","Coruña (A)","292",1
"YAMAHA","XMAX 300","Cuenca","292",3
"YAMAHA","XMAX 300","Gipuzkoa","292",4
"YAMAHA","XMAX 300","Girona","292",13
"YAMAHA","XMAX 300","Granada","292",6
"YAMAHA","XMAX 300","Huelva","292",1
"YAMAHA","XMAX 300","Huesca","292",1
"YAMAHA","XMAX 300","Illes Balears","292",28
"YAMAHA","XMAX 300","Jaén","292",1
"YAMAHA","XMAX 300","León","292",2
"YAMAHA","XMAX 300","Madrid","292",32
"YAMAHA","XMAX 300","Málaga","292",19
"YAMAHA","XMAX 300","Murcia","292",9
"YAMAHA","XMAX 300","Palmas (Las)","292",2
"YAMAHA","XMAX 300","Pontevedra","292",6
"YAMAHA","XMAX 300","Rioja (La)","292",1
"YAMAHA","XMAX 300","Salamanca","292",1
"YAMAHA","XMAX 300","Santa Cruz de Tenerife","292",5
"YAMAHA","XMAX 300","Sevilla","292",12
"YAMAHA","XMAX 300","Tarragona","292",6
"YAMAHA","XMAX 300","Teruel","292",1
"YAMAHA","XMAX 300","Toledo","292",3
"YAMAHA","XMAX 300","Valencia/València","292",29
"YAMAHA","XMAX 300","Valladolid","292",1
"YAMAHA","XMAX125","Albacete","125",5
"YAMAHA","XMAX125","Alicante/Alacant","125",25
"YAMAHA","XMAX125","Almería","125",2
"YAMAHA","XMAX125","Asturias","125",5
"YAMAHA","XMAX125","Badajoz","125",4
"YAMAHA","XMAX125","Barcelona","125",106
"YAMAHA","XMAX125","Bizkaia","125",7
"YAMAHA","XMAX125","Burgos","125",1
"YAMAHA","XMAX125","Cáceres","125",1
"YAMAHA","XMAX125","Cádiz","125",24
"YAMAHA","XMAX125","Cantabria","125",12
"YAMAHA","XMAX125","Castellón/Castelló","125",5
"YAMAHA","XMAX125","Ceuta","125",2
"YAMAHA","XMAX125","Córdoba","125",12
"YAMAHA","XMAX125","Coruña (A)","125",6
"YAMAHA","XMAX125","Cuenca","125",3
"YAMAHA","XMAX125","Gipuzkoa","125",6
"YAMAHA","XMAX125","Girona","125",14
"YAMAHA","XMAX125","Granada","125",10
"YAMAHA","XMAX125","Guadalajara","125",2
"YAMAHA","XMAX125","Huelva","125",7
"YAMAHA","XMAX125","Illes Balears","125",30
"YAMAHA","XMAX125","Jaén","125",2
"YAMAHA","XMAX125","León","125",1
"YAMAHA","XMAX125","Lleida","125",1
"YAMAHA","XMAX125","Lugo","125",1
"YAMAHA","XMAX125","Madrid","125",55
"YAMAHA","XMAX125","Málaga","125",43
"YAMAHA","XMAX125","Melilla","125",3
"YAMAHA","XMAX125","Murcia","125",9
"YAMAHA","XMAX125","Navarra","125",2
"YAMAHA","XMAX125","Ourense","125",3
"YAMAHA","XMAX125","Palmas (Las)","125",14
"YAMAHA","XMAX125","Pontevedra","125",12
"YAMAHA","XMAX125","Rioja (La)","125",3
"YAMAHA","XMAX125","Santa Cruz de Tenerife","125",5
"YAMAHA","XMAX125","Sevilla","125",32
"YAMAHA","XMAX125","Tarragona","125",7
"YAMAHA","XMAX125","Toledo","125",1
"YAMAHA","XMAX125","Valencia/València","125",44
"YAMAHA","XMAX125","Valladolid","125",4
"YAMAHA","XMAX125","Zaragoza","125",7
"YAMAHA","XSR-900","Barcelona","890",1
"YAMAHA","XSR-900","Bizkaia","890",2
"YAMAHA","XSR-900","Coruña (A)","890",1
"YAMAHA","XSR-900","Gipuzkoa","890",1
"YAMAHA","XSR-900","Girona","890",1
"YAMAHA","XSR-900","Illes Balears","890",3
"YAMAHA","XSR-900","Madrid","890",4
"YAMAHA","XSR-900","Málaga","890",1
"YAMAHA","XSR-900","Santa Cruz de Tenerife","890",3
"YAMAHA","XSR-900","Sevilla","890",1
"YAMAHA","XSR-900","Valencia/València","890",3
"YAMAHA","XSR700","Alicante/Alacant","689",1
"YAMAHA","XSR700","Barcelona","689",2
"YAMAHA","XSR700","Cádiz","689",1
"YAMAHA","XSR700","Castellón/Castelló","689",1
"YAMAHA","XSR700","Huesca","689",1
"YAMAHA","XSR700","Illes Balears","689",2
"YAMAHA","XSR700","Málaga","689",1
"YAMAHA","XSR700","Navarra","689",1
"YAMAHA","XSR700","Pontevedra","689",1
"YAMAHA","XSR700","Salamanca","689",1
"YAMAHA","XSR700","Santa Cruz de Tenerife","689",3
"YAMAHA","XSR700","Valencia/València","689",1
"YAMAHA","XTZ 700 Tenere","Álava/Araba","689",1
"YAMAHA","XTZ 700 Tenere","Albacete","689",2
"YAMAHA","XTZ 700 Tenere","Alicante/Alacant","689",8
"YAMAHA","XTZ 700 Tenere","Almería","689",3
"YAMAHA","XTZ 700 Tenere","Asturias","689",2
"YAMAHA","XTZ 700 Tenere","Badajoz","689",5
"YAMAHA","XTZ 700 Tenere","Barcelona","689",30
"YAMAHA","XTZ 700 Tenere","Burgos","689",2
"YAMAHA","XTZ 700 Tenere","Cádiz","689",15
"YAMAHA","XTZ 700 Tenere","Cantabria","689",5
"YAMAHA","XTZ 700 Tenere","Castellón/Castelló","689",2
"YAMAHA","XTZ 700 Tenere","Ceuta","689",2
"YAMAHA","XTZ 700 Tenere","Ciudad Real","689",1
"YAMAHA","XTZ 700 Tenere","Córdoba","689",3
"YAMAHA","XTZ 700 Tenere","Cuenca","689",2
"YAMAHA","XTZ 700 Tenere","Gipuzkoa","689",4
"YAMAHA","XTZ 700 Tenere","Girona","689",10
"YAMAHA","XTZ 700 Tenere","Granada","689",12
"YAMAHA","XTZ 700 Tenere","Guadalajara","689",2
"YAMAHA","XTZ 700 Tenere","Huelva","689",5
"YAMAHA","XTZ 700 Tenere","Huesca","689",2
"YAMAHA","XTZ 700 Tenere","Illes Balears","689",9
"YAMAHA","XTZ 700 Tenere","Jaén","689",4
"YAMAHA","XTZ 700 Tenere","León","689",2
"YAMAHA","XTZ 700 Tenere","Lleida","689",2
"YAMAHA","XTZ 700 Tenere","Lugo","689",2
"YAMAHA","XTZ 700 Tenere","Madrid","689",20
"YAMAHA","XTZ 700 Tenere","Málaga","689",25
"YAMAHA","XTZ 700 Tenere","Murcia","689",4
"YAMAHA","XTZ 700 Tenere","Navarra","689",3
"YAMAHA","XTZ 700 Tenere","Palencia","689",1
"YAMAHA","XTZ 700 Tenere","Palmas (Las)","689",5
"YAMAHA","XTZ 700 Tenere","Pontevedra","689",7
"YAMAHA","XTZ 700 Tenere","Santa Cruz de Tenerife","689",4
"YAMAHA","XTZ 700 Tenere","Sevilla","689",21
"YAMAHA","XTZ 700 Tenere","Tarragona","689",2
"YAMAHA","XTZ 700 Tenere","Toledo","689",1
"YAMAHA","XTZ 700 Tenere","Valencia/València","689",6
"YAMAHA","XTZ 700 Tenere","Valladolid","689",2
"YAMAHA","XTZ 700 Tenere","Zaragoza","689",4
"YAMAHA","YZF-R3","Barcelona","321",3
"YAMAHA","YZF-R3","Cantabria","321",1
"YAMAHA","YZF-R3","Ciudad Real","321",1
"YAMAHA","YZF-R3","Granada","321",1
"YAMAHA","YZF-R3","León","321",1
"YAMAHA","YZF-R3","Madrid","321",6
"YAMAHA","YZF-R3","Pontevedra","321",1
"YAMAHA","YZF-R3","Soria","321",1
"YAMAHA","YZF-R3","Toledo","321",1
"YAMAHA","YZF-R3","Valencia/València","321",1
"YAMAHA","YZF-R9","Alicante/Alacant","890",2
"YAMAHA","YZF-R9","Barcelona","890",9
"YAMAHA","YZF-R9","Bizkaia","890",1
"YAMAHA","YZF-R9","Castellón/Castelló","890",1
"YAMAHA","YZF-R9","Granada","890",1
"YAMAHA","YZF-R9","Illes Balears","890",1
"YAMAHA","YZF-R9","Jaén","890",1
"YAMAHA","YZF-R9","Madrid","890",6
"YAMAHA","YZF-R9","Málaga","890",1
"YAMAHA","YZF-R9","Murcia","890",1
"YAMAHA","YZF-R9","Palmas (Las)","890",1
"YAMAHA","YZF-R9","Sevilla","890",1
"YAMAHA","YZF-R9","Tarragona","890",1
"YAMAHA","YZF-R9","Toledo","890",1
"YAMAHA","YZF-R9","Valencia/València","890",3
"YAMAHA","YZF1000D","Granada","998",1
"YAMAHA","YZF690","Barcelona","689",1
"YAMAHA","YZF690","Granada","689",1
"YAMAHA","YZF690-U","Barcelona","689",1
"YAMAHA","YZF690-U","Cáceres","689",1
"ZONTES","125C","Albacete","125",1
"ZONTES","125C","Alicante/Alacant","125",6
"ZONTES","125C","Asturias","125",1
"ZONTES","125C","Barcelona","125",12
"ZONTES","125C","Bizkaia","125",2
"ZONTES","125C","Burgos","125",1
"ZONTES","125C","Cádiz","125",6
"ZONTES","125C","Cantabria","125",1
"ZONTES","125C","Castellón/Castelló","125",3
"ZONTES","125C","Ciudad Real","125",1
"ZONTES","125C","Córdoba","125",2
"ZONTES","125C","Girona","125",1
"ZONTES","125C","Guadalajara","125",1
"ZONTES","125C","Huelva","125",1
"ZONTES","125C","Illes Balears","125",4
"ZONTES","125C","Lleida","125",2
"ZONTES","125C","Madrid","125",5
"ZONTES","125C","Málaga","125",4
"ZONTES","125C","Murcia","125",4
"ZONTES","125C","Palmas (Las)","125",3
"ZONTES","125C","Pontevedra","125",1
"ZONTES","125C","Sevilla","125",2
"ZONTES","125C","Tarragona","125",1
"ZONTES","125C","Valencia/València","125",13
"ZONTES","125C","Zamora","125",1
"ZONTES","125C","Zaragoza","125",1
"ZONTES","125D","Álava/Araba","125",1
"ZONTES","125D","Albacete","125",1
"ZONTES","125D","Alicante/Alacant","125",7
"ZONTES","125D","Asturias","125",1
"ZONTES","125D","Barcelona","125",21
"ZONTES","125D","Bizkaia","125",3
"ZONTES","125D","Burgos","125",1
"ZONTES","125D","Cádiz","125",2
"ZONTES","125D","Cantabria","125",1
"ZONTES","125D","Castellón/Castelló","125",1
"ZONTES","125D","Gipuzkoa","125",2
"ZONTES","125D","Girona","125",3
"ZONTES","125D","Granada","125",7
"ZONTES","125D","Huelva","125",2
"ZONTES","125D","Huesca","125",1
"ZONTES","125D","Illes Balears","125",7
"ZONTES","125D","Madrid","125",11
"ZONTES","125D","Málaga","125",8
"ZONTES","125D","Melilla","125",2
"ZONTES","125D","Murcia","125",3
"ZONTES","125D","Navarra","125",1
"ZONTES","125D","Ourense","125",1
"ZONTES","125D","Palmas (Las)","125",1
"ZONTES","125D","Pontevedra","125",2
"ZONTES","125D","Santa Cruz de Tenerife","125",2
"ZONTES","125D","Sevilla","125",2
"ZONTES","125D","Tarragona","125",5
"ZONTES","125D","Toledo","125",1
"ZONTES","125D","Valencia/València","125",12
"ZONTES","125D","Zaragoza","125",3
"ZONTES","125E","Álava/Araba","125",1
"ZONTES","125E","Alicante/Alacant","125",5
"ZONTES","125E","Asturias","125",2
"ZONTES","125E","Barcelona","125",14
"ZONTES","125E","Bizkaia","125",1
"ZONTES","125E","Cáceres","125",1
"ZONTES","125E","Cádiz","125",4
"ZONTES","125E","Ceuta","125",1
"ZONTES","125E","Ciudad Real","125",2
"ZONTES","125E","Córdoba","125",1
"ZONTES","125E","Coruña (A)","125",2
"ZONTES","125E","Girona","125",2
"ZONTES","125E","Granada","125",2
"ZONTES","125E","Guadalajara","125",2
"ZONTES","125E","Huelva","125",1
"ZONTES","125E","Illes Balears","125",13
"ZONTES","125E","Madrid","125",4
"ZONTES","125E","Málaga","125",3
"ZONTES","125E","Murcia","125",4
"ZONTES","125E","Navarra","125",2
"ZONTES","125E","Ourense","125",1
"ZONTES","125E","Palmas (Las)","125",3
"ZONTES","125E","Pontevedra","125",3
"ZONTES","125E","Santa Cruz de Tenerife","125",1
"ZONTES","125E","Tarragona","125",3
"ZONTES","125E","Toledo","125",2
"ZONTES","125E","Valencia/València","125",10
"ZONTES","125E","Zaragoza","125",2
"ZONTES","125M","Albacete","125",1
"ZONTES","125M","Alicante/Alacant","125",2
"ZONTES","125M","Barcelona","125",14
"ZONTES","125M","Granada","125",3
"ZONTES","125M","Guadalajara","125",2
"ZONTES","125M","Illes Balears","125",2
"ZONTES","125M","León","125",1
"ZONTES","125M","Lleida","125",1
"ZONTES","125M","Madrid","125",3
"ZONTES","125M","Málaga","125",3
"ZONTES","125M","Murcia","125",1
"ZONTES","125M","Palmas (Las)","125",1
"ZONTES","125M","Santa Cruz de Tenerife","125",1
"ZONTES","125M","Sevilla","125",1
"ZONTES","125M","Tarragona","125",2
"ZONTES","125M","Valencia/València","125",4
"ZONTES","350D","Barcelona","349",4
"ZONTES","350D","Illes Balears","349",1
"ZONTES","350D","Málaga","349",3
"ZONTES","350D","Murcia","349",1
"ZONTES","350D","Santa Cruz de Tenerife","349",2
"ZONTES","350D","Sevilla","349",1
"ZONTES","350D","Valencia/València","349",1
"ZONTES","350E","Alicante/Alacant","349",1
"ZONTES","350E","Asturias","349",1
"ZONTES","350E","Barcelona","349",7
"ZONTES","350E","Madrid","349",1
"ZONTES","350E","Santa Cruz de Tenerife","349",2
"ZONTES","350E","Valencia/València","349",1
"ZONTES","350E","Valladolid","349",1
"ZONTES","350M","Barcelona","349",1
"ZONTES","350M","Granada","349",1
"ZONTES","350M","Lleida","349",1
"ZONTES","350M","Madrid","349",1
"ZONTES","350R","Alicante/Alacant","348",1
"ZONTES","350R","Almería","348",1
"ZONTES","350R","Barcelona","348",2
"ZONTES","350R","Cantabria","348",1
"ZONTES","350R","Córdoba","348",1
"ZONTES","350R","Cuenca","348",1
"ZONTES","350R","Gipuzkoa","348",1
"ZONTES","350R","Girona","348",2
"ZONTES","350R","Illes Balears","348",1
"ZONTES","350R","Jaén","348",1
"ZONTES","350R","Lleida","348",1
"ZONTES","350R","Madrid","348",4
"ZONTES","350R","Málaga","348",1
"ZONTES","350R","Melilla","348",1
"ZONTES","350R","Pontevedra","348",1
"ZONTES","350R","Tarragona","348",1
"ZONTES","350R","Valencia/València","348",3
"ZONTES","350S","Barcelona","348",1
"ZONTES","350S","Ceuta","348",1
"ZONTES","350S","Córdoba","348",1
"ZONTES","350S","Huelva","348",1
"ZONTES","350S","Illes Balears","348",1
"ZONTES","350S","Navarra","348",1
"ZONTES","350S","Palmas (Las)","348",1
"ZONTES","350X","Barcelona","348",1
"ZONTES","350X","Bizkaia","348",1
"ZONTES","350X","Madrid","348",2
"ZONTES","350X","Palmas (Las)","348",1
"ZONTES","350X","Valencia/València","348",1
"ZONTES","368D","Almería","368",1
"ZONTES","368D","Badajoz","368",1
"ZONTES","368D","Barcelona","368",7
"ZONTES","368D","Cantabria","368",1
"ZONTES","368D","Córdoba","368",3
"ZONTES","368D","Coruña (A)","368",1
"ZONTES","368D","Girona","368",1
"ZONTES","368D","Granada","368",1
"ZONTES","368D","Illes Balears","368",2
"ZONTES","368D","Madrid","368",1
"ZONTES","368D","Málaga","368",2
"ZONTES","368D","Ourense","368",1
"ZONTES","368D","Palmas (Las)","368",1
"ZONTES","368D","Pontevedra","368",1
"ZONTES","368D","Santa Cruz de Tenerife","368",1
"ZONTES","368D","Tarragona","368",1
"ZONTES","368D","Toledo","368",1
"ZONTES","368D","Valencia/València","368",2
"ZONTES","368D","Valladolid","368",1
"ZONTES","368D","Zaragoza","368",1
"ZONTES","368E","Alicante/Alacant","368",3
"ZONTES","368E","Asturias","368",1
"ZONTES","368E","Barcelona","368",26
"ZONTES","368E","Bizkaia","368",2
"ZONTES","368E","Cádiz","368",1
"ZONTES","368E","Cantabria","368",1
"ZONTES","368E","Castellón/Castelló","368",1
"ZONTES","368E","Girona","368",2
"ZONTES","368E","Granada","368",3
"ZONTES","368E","Guadalajara","368",1
"ZONTES","368E","Huelva","368",1
"ZONTES","368E","Illes Balears","368",8
"ZONTES","368E","Jaén","368",2
"ZONTES","368E","Madrid","368",7
"ZONTES","368E","Málaga","368",4
"ZONTES","368E","Murcia","368",3
"ZONTES","368E","Pontevedra","368",7
"ZONTES","368E","Santa Cruz de Tenerife","368",1
"ZONTES","368E","Sevilla","368",1
"ZONTES","368E","Toledo","368",2
"ZONTES","368E","Valencia/València","368",11
"ZONTES","368E","Zaragoza","368",1
"ZONTES","368G","Álava/Araba","368",2
"ZONTES","368G","Albacete","368",2
"ZONTES","368G","Alicante/Alacant","368",46
"ZONTES","368G","Almería","368",6
"ZONTES","368G","Asturias","368",11
"ZONTES","368G","Badajoz","368",4
"ZONTES","368G","Barcelona","368",162
"ZONTES","368G","Bizkaia","368",15
"ZONTES","368G","Cáceres","368",10
"ZONTES","368G","Cádiz","368",33
"ZONTES","368G","Cantabria","368",4
"ZONTES","368G","Castellón/Castelló","368",8
"ZONTES","368G","Ceuta","368",11
"ZONTES","368G","Ciudad Real","368",4
"ZONTES","368G","Córdoba","368",5
"ZONTES","368G","Coruña (A)","368",4
"ZONTES","368G","Gipuzkoa","368",12
"ZONTES","368G","Girona","368",21
"ZONTES","368G","Granada","368",27
"ZONTES","368G","Guadalajara","368",5
"ZONTES","368G","Huelva","368",16
"ZONTES","368G","Illes Balears","368",24
"ZONTES","368G","Jaén","368",2
"ZONTES","368G","León","368",3
"ZONTES","368G","Lleida","368",7
"ZONTES","368G","Lugo","368",1
"ZONTES","368G","Madrid","368",70
"ZONTES","368G","Málaga","368",48
"ZONTES","368G","Melilla","368",13
"ZONTES","368G","Murcia","368",17
"ZONTES","368G","Navarra","368",3
"ZONTES","368G","Palencia","368",2
"ZONTES","368G","Palmas (Las)","368",30
"ZONTES","368G","Pontevedra","368",7
"ZONTES","368G","Rioja (La)","368",2
"ZONTES","368G","Salamanca","368",2
"ZONTES","368G","Santa Cruz de Tenerife","368",11
"ZONTES","368G","Sevilla","368",29
"ZONTES","368G","Tarragona","368",14
"ZONTES","368G","Toledo","368",3
"ZONTES","368G","Valencia/València","368",28
"ZONTES","368G","Valladolid","368",3
"ZONTES","368G","Zamora","368",1
"ZONTES","368G","Zaragoza","368",5
"ZONTES","368K","Álava/Araba","368",1
"ZONTES","368K","Albacete","368",1
"ZONTES","368K","Alicante/Alacant","368",3
"ZONTES","368K","Asturias","368",1
"ZONTES","368K","Ávila","368",1
"ZONTES","368K","Barcelona","368",19
"ZONTES","368K","Bizkaia","368",1
"ZONTES","368K","Cáceres","368",1
"ZONTES","368K","Cádiz","368",1
"ZONTES","368K","Coruña (A)","368",2
"ZONTES","368K","Gipuzkoa","368",1
"ZONTES","368K","Granada","368",5
"ZONTES","368K","Huelva","368",2
"ZONTES","368K","Illes Balears","368",5
"ZONTES","368K","Jaén","368",1
"ZONTES","368K","Lleida","368",1
"ZONTES","368K","Madrid","368",7
"ZONTES","368K","Málaga","368",2
"ZONTES","368K","Murcia","368",2
"ZONTES","368K","Palmas (Las)","368",2
"ZONTES","368K","Pontevedra","368",6
"ZONTES","368K","Rioja (La)","368",1
"ZONTES","368K","Santa Cruz de Tenerife","368",3
"ZONTES","368K","Sevilla","368",1
"ZONTES","368K","Tarragona","368",1
"ZONTES","368K","Teruel","368",1
"ZONTES","368K","Toledo","368",1
"ZONTES","368K","Valencia/València","368",16
"ZONTES","368K","Zaragoza","368",2
"ZONTES","368M","Alicante/Alacant","368",2
"ZONTES","368M","Asturias","368",1
"ZONTES","368M","Barcelona","368",5
"ZONTES","368M","Castellón/Castelló","368",1
"ZONTES","368M","Girona","368",1
"ZONTES","368M","Jaén","368",1
"ZONTES","368M","Madrid","368",1
"ZONTES","368M","Málaga","368",2
"ZONTES","368M","Murcia","368",1
"ZONTES","368M","Palmas (Las)","368",2
"ZONTES","368M","Santa Cruz de Tenerife","368",2
"ZONTES","368M","Tarragona","368",2
"ZONTES","368M","Toledo","368",1
"ZONTES","368M","Valencia/València","368",2
"ZONTES","368M","Zaragoza","368",1
"ZONTES","703F","Alicante/Alacant","699",11
"ZONTES","703F","Almería","699",3
"ZONTES","703F","Asturias","699",6
"ZONTES","703F","Ávila","699",3
"ZONTES","703F","Badajoz","699",2
"ZONTES","703F","Barcelona","699",38
"ZONTES","703F","Bizkaia","699",6
"ZONTES","703F","Burgos","699",2
"ZONTES","703F","Cáceres","699",2
"ZONTES","703F","Cádiz","699",6
"ZONTES","703F","Cantabria","699",4
"ZONTES","703F","Castellón/Castelló","699",2
"ZONTES","703F","Ceuta","699",1
"ZONTES","703F","Córdoba","699",4
"ZONTES","703F","Coruña (A)","699",3
"ZONTES","703F","Cuenca","699",1
"ZONTES","703F","Gipuzkoa","699",3
"ZONTES","703F","Girona","699",4
"ZONTES","703F","Granada","699",2
"ZONTES","703F","Guadalajara","699",2
"ZONTES","703F","Huelva","699",2
"ZONTES","703F","Huesca","699",1
"ZONTES","703F","Illes Balears","699",5
"ZONTES","703F","Jaén","699",5
"ZONTES","703F","León","699",2
"ZONTES","703F","Lleida","699",3
"ZONTES","703F","Lugo","699",4
"ZONTES","703F","Madrid","699",22
"ZONTES","703F","Málaga","699",12
"ZONTES","703F","Murcia","699",8
"ZONTES","703F","Navarra","699",2
"ZONTES","703F","Palmas (Las)","699",4
"ZONTES","703F","Pontevedra","699",4
"ZONTES","703F","Rioja (La)","699",1
"ZONTES","703F","Salamanca","699",1
"ZONTES","703F","Segovia","699",1
"ZONTES","703F","Sevilla","699",11
"ZONTES","703F","Tarragona","699",6
"ZONTES","703F","Toledo","699",4
"ZONTES","703F","Valencia/València","699",19
"ZONTES","703F","Valladolid","699",3
"ZONTES","703F","Zaragoza","699",1
"ZONTES","703RR","Albacete","699",1
"ZONTES","703RR","Alicante/Alacant","699",10
"ZONTES","703RR","Almería","699",2
"ZONTES","703RR","Asturias","699",1
"ZONTES","703RR","Barcelona","699",19
"ZONTES","703RR","Bizkaia","699",3
"ZONTES","703RR","Burgos","699",2
"ZONTES","703RR","Cáceres","699",1
"ZONTES","703RR","Cádiz","699",2
"ZONTES","703RR","Cantabria","699",2
"ZONTES","703RR","Castellón/Castelló","699",3
"ZONTES","703RR","Córdoba","699",2
"ZONTES","703RR","Coruña (A)","699",1
"ZONTES","703RR","Gipuzkoa","699",1
"ZONTES","703RR","Girona","699",1
"ZONTES","703RR","Granada","699",1
"ZONTES","703RR","Huelva","699",1
"ZONTES","703RR","Illes Balears","699",3
"ZONTES","703RR","Jaén","699",2
"ZONTES","703RR","León","699",1
"ZONTES","703RR","Lleida","699",7
"ZONTES","703RR","Madrid","699",11
"ZONTES","703RR","Málaga","699",5
"ZONTES","703RR","Murcia","699",7
"ZONTES","703RR","Navarra","699",1
"ZONTES","703RR","Palmas (Las)","699",1
"ZONTES","703RR","Pontevedra","699",1
"ZONTES","703RR","Rioja (La)","699",1
"ZONTES","703RR","Salamanca","699",1
"ZONTES","703RR","Santa Cruz de Tenerife","699",2
"ZONTES","703RR","Sevilla","699",1
"ZONTES","703RR","Tarragona","699",2
"ZONTES","703RR","Toledo","699",2
"ZONTES","703RR","Valencia/València","699",5
"ZONTES","703RR","Valladolid","699",1
"ZONTES","703RR","Zaragoza","699",3
"ZONTES","D125","Álava/Araba","125",1
"ZONTES","D350","Murcia","349",1
"ZONTES","E125","Almería","125",1
"ZONTES","E125","Granada","125",1
"ZONTES","E125","Valencia/València","125",1
"ZONTES","E350","Cádiz","349",1
"ZONTES","E350","Navarra","349",1
"ZONTES","E350","Valladolid","349",1
"ZONTES","GK350","Badajoz","348",1
"ZONTES","GK350","Castellón/Castelló","348",1
"ZONTES","M125","Badajoz","125",1
"ZONTES","M310","León","309",1
"ZONTES","M350","Córdoba","349",1
"ZONTES","M350","Zaragoza","349",1
"ZONTES","S350","Alicante/Alacant","348",1
"ZONTES","S350","Guadalajara","348",1
"ZONTES","ZT125-G1","Álava/Araba","125",3
"ZONTES","ZT125-G1","Albacete","125",1
"ZONTES","ZT125-G1","Alicante/Alacant","125",5
"ZONTES","ZT125-G1","Asturias","125",1
"ZONTES","ZT125-G1","Barcelona","125",10
"ZONTES","ZT125-G1","Bizkaia","125",1
"ZONTES","ZT125-G1","Burgos","125",1
"ZONTES","ZT125-G1","Cáceres","125",1
"ZONTES","ZT125-G1","Castellón/Castelló","125",5
"ZONTES","ZT125-G1","Ciudad Real","125",1
"ZONTES","ZT125-G1","Coruña (A)","125",2
"ZONTES","ZT125-G1","Granada","125",5
"ZONTES","ZT125-G1","Huelva","125",1
"ZONTES","ZT125-G1","Illes Balears","125",3
"ZONTES","ZT125-G1","Jaén","125",1
"ZONTES","ZT125-G1","Lleida","125",2
"ZONTES","ZT125-G1","Madrid","125",12
"ZONTES","ZT125-G1","Málaga","125",4
"ZONTES","ZT125-G1","Murcia","125",4
"ZONTES","ZT125-G1","Palmas (Las)","125",3
"ZONTES","ZT125-G1","Salamanca","125",1
"ZONTES","ZT125-G1","Sevilla","125",1
"ZONTES","ZT125-G1","Tarragona","125",4
"ZONTES","ZT125-G1","Toledo","125",3
"ZONTES","ZT125-G1","Valencia/València","125",6
"ZONTES","ZT125-G1","Zaragoza","125",1
"ZONTES","ZT125-GK","Badajoz","125",1
"ZONTES","ZT125-GK","Barcelona","125",1
"ZONTES","ZT125-GK","Granada","125",1
"ZONTES","ZT125-GK","Jaén","125",1
"ZONTES","ZT125-GK","Madrid","125",2
"ZONTES","ZT125-GK","Málaga","125",1
"ZONTES","ZT125-GK","Murcia","125",1
"ZONTES","ZT125-U","Alicante/Alacant","125",3
"ZONTES","ZT125-U","Almería","125",1
"ZONTES","ZT125-U","Barcelona","125",4
"ZONTES","ZT125-U","Bizkaia","125",1
"ZONTES","ZT125-U","Cádiz","125",1
"ZONTES","ZT125-U","Ciudad Real","125",1
"ZONTES","ZT125-U","Coruña (A)","125",1
"ZONTES","ZT125-U","Cuenca","125",1
"ZONTES","ZT125-U","Girona","125",1
"ZONTES","ZT125-U","Granada","125",1
"ZONTES","ZT125-U","Illes Balears","125",2
"ZONTES","ZT125-U","Madrid","125",3
"ZONTES","ZT125-U","Málaga","125",1
"ZONTES","ZT125-U","Murcia","125",2
"ZONTES","ZT125-U","Navarra","125",1
"ZONTES","ZT125-U","Pontevedra","125",3
"ZONTES","ZT125-U","Rioja (La)","125",1
"ZONTES","ZT125-U","Salamanca","125",1
"ZONTES","ZT125-U","Santa Cruz de Tenerife","125",3
"ZONTES","ZT125-U","Sevilla","125",1
"ZONTES","ZT125-U","Tarragona","125",1
"ZONTES","ZT125-U","Valencia/València","125",2
"ZONTES","ZT125-U","Valladolid","125",1
"ZONTES","ZT125-U1","Almería","125",3
"ZONTES","ZT125-U1","Asturias","125",1
"ZONTES","ZT125-U1","Badajoz","125",1
"ZONTES","ZT125-U1","Barcelona","125",6
"ZONTES","ZT125-U1","Bizkaia","125",1
"ZONTES","ZT125-U1","Cádiz","125",2
"ZONTES","ZT125-U1","Cantabria","125",2
"ZONTES","ZT125-U1","Castellón/Castelló","125",1
"ZONTES","ZT125-U1","Cuenca","125",2
"ZONTES","ZT125-U1","Granada","125",2
"ZONTES","ZT125-U1","Huelva","125",3
"ZONTES","ZT125-U1","Illes Balears","125",1
"ZONTES","ZT125-U1","Lleida","125",4
"ZONTES","ZT125-U1","Madrid","125",5
"ZONTES","ZT125-U1","Málaga","125",1
"ZONTES","ZT125-U1","Melilla","125",1
"ZONTES","ZT125-U1","Murcia","125",1
"ZONTES","ZT125-U1","Navarra","125",1
"ZONTES","ZT125-U1","Ourense","125",1
"ZONTES","ZT125-U1","Pontevedra","125",3
"ZONTES","ZT125-U1","Rioja (La)","125",1
"ZONTES","ZT125-U1","Salamanca","125",1
"ZONTES","ZT125-U1","Segovia","125",1
"ZONTES","ZT125-U1","Tarragona","125",2
"ZONTES","ZT125-U1","Toledo","125",3
"ZONTES","ZT125-U1","Valencia/València","125",4
"ZONTES","ZT125-U1","Valladolid","125",4
"ZONTES","ZT125-U1","Zamora","125",1
"ZONTES","ZT125-U1","Zaragoza","125",1
"ZONTES","ZT125-Z2","Albacete","125",1
"ZONTES","ZT125-Z2","Alicante/Alacant","125",6
"ZONTES","ZT125-Z2","Asturias","125",1
"ZONTES","ZT125-Z2","Ávila","125",1
"ZONTES","ZT125-Z2","Badajoz","125",1
"ZONTES","ZT125-Z2","Barcelona","125",13
"ZONTES","ZT125-Z2","Bizkaia","125",3
"ZONTES","ZT125-Z2","Cáceres","125",1
"ZONTES","ZT125-Z2","Cádiz","125",2
"ZONTES","ZT125-Z2","Cantabria","125",2
"ZONTES","ZT125-Z2","Ciudad Real","125",1
"ZONTES","ZT125-Z2","Córdoba","125",3
"ZONTES","ZT125-Z2","Granada","125",4
"ZONTES","ZT125-Z2","Guadalajara","125",3
"ZONTES","ZT125-Z2","Huelva","125",2
"ZONTES","ZT125-Z2","Illes Balears","125",8
"ZONTES","ZT125-Z2","León","125",1
"ZONTES","ZT125-Z2","Lleida","125",1
"ZONTES","ZT125-Z2","Madrid","125",4
"ZONTES","ZT125-Z2","Málaga","125",5
"ZONTES","ZT125-Z2","Murcia","125",1
"ZONTES","ZT125-Z2","Navarra","125",3
"ZONTES","ZT125-Z2","Ourense","125",2
"ZONTES","ZT125-Z2","Palmas (Las)","125",2
"ZONTES","ZT125-Z2","Pontevedra","125",1
"ZONTES","ZT125-Z2","Salamanca","125",1
"ZONTES","ZT125-Z2","Santa Cruz de Tenerife","125",3
"ZONTES","ZT125-Z2","Sevilla","125",1
"ZONTES","ZT125-Z2","Tarragona","125",3
"ZONTES","ZT125-Z2","Toledo","125",2
"ZONTES","ZT125-Z2","Valencia/València","125",8
"ZONTES","ZT125-Z2","Zaragoza","125",2
