FEC_MATRICULA,COD_CLASE_MAT,FEC_TRAMITACION,MARCA_ITV,MODELO_ITV,PROVINCIA_VEH,COMUNIDAD_AUTONOMA,CILINDRADA_ITV
"28042026","0","","SHERCO","125 SE-R","Madrid","Comunidad de Madrid","125"
"28042026","0","","HONDA","XL750 Transalp","Granada","Andalucía","755"
"28042026","0","","BMW","F 800 GS","Girona","Cataluña","895"
"28042026","0","","CFMOTO","450MT","Bizkaia","País Vasco","449"
"28042026","0","","YAMAHA","XMAX 125","Castellón/Castelló","Comunidad Valenciana","125"
"28042026","0","","YAMAHA","R7","Barcelona","Cataluña","689"
"28042026","0","","CFMOTO","450MT","Alicante/Alacant","Comunidad Valenciana","449"
"28042026","0","","PEUGEOT","TWEET FL 125 CC","Lugo","Galicia","125"
"28042026","0","","HONDA","ADV 750","Madrid","Comunidad de Madrid","745"
"28042026","0","","TRIUMPH","TIGER SPORT 800 TOURIN","Málaga","Andalucía","798"
"28042026","0","","RIEJU","RALLY 307","Jaén","Andalucía","292"
"28042026","0","","YAMAHA","MT-07","Barcelona","Cataluña","689"
"28042026","0","","MOTO MORINI","ALLTRHIKE","Bizkaia","País Vasco","449"
"28042026","0","","SYM","SYMPHONY 125","Barcelona","Cataluña","125"
"28042026","0","","HONDA","SH125i","Málaga","Andalucía","125"
"28042026","0","","SYM","SYMPHONY 125","Málaga","Andalucía","125"
"28042026","0","","BMW","M 1000 XR","Madrid","Comunidad de Madrid","999"
"28042026","0","","MITT","TY125T-26G","Cádiz","Andalucía","125"
"28042026","0","","HONDA","ADV 350","Málaga","Andalucía","330"
"28042026","0","","RIEJU","NOT APPLICABLE","Girona","Cataluña","124"
"28042026","0","","KOVE","KOVE 800 X GT","Madrid","Comunidad de Madrid","799"
"28042026","0","","VOGE","DS800X RALLY","Jaén","Andalucía","798"
"28042026","0","","ZONTES","368G","Santa Cruz de Tenerife","Canarias","368"
"28042026","0","","VOGE","DS800X RALLY","Valladolid","Castilla y León","798"
"28042026","0","","SYM","JOYMAX Z 300 E5+","Tarragona","Cataluña","278"
"28042026","0","","TRIUMPH","TIGER SPORT 660","Sevilla","Andalucía","660"
"28042026","0","","RIEJU","RALLY 307","Huelva","Andalucía","292"
"28042026","0","","SYM","SYMPHONY 125","Ourense","Galicia","125"
"28042026","0","","KYMCO","AGILITY S","Tarragona","Cataluña","125"
"28042026","0","","HONDA","CB650RA","Asturias","Principado de Asturias","649"
"28042026","0","","BMW","R 1300 GS ADVENTURE","Pontevedra","Galicia","1300"
"28042026","0","","ZONTES","703RR","Badajoz","Extremadura","699"
"28042026","0","","HONDA","SH125i","Barcelona","Cataluña","125"
"28042026","0","","YAMAHA","XMAX 125","Valencia/València","Comunidad Valenciana","125"
"28042026","0","","RIEJU","RALLY 307","Girona","Cataluña","292"
"28042026","0","","MH MOTORCYCLES","TRAY","Cádiz","Andalucía","125"
"28042026","0","","VOGE","DS800X RALLY","Cantabria","Cantabria","798"
"28042026","0","","ZONTES","368G","Málaga","Andalucía","368"
"28042026","0","","PEUGEOT","KISBEE M","Málaga","Andalucía","125"
"28042026","0","","ZONTES","ZT125-U","Madrid","Comunidad de Madrid","125"
"28042026","0","","HONDA","FORZA125","Madrid","Comunidad de Madrid","125"
"28042026","0","","BMW","R 1300 RT","Girona","Cataluña","1300"
"28042026","0","","PEUGEOT","PULSION EVO","Illes Balears","Illes Balears","125"
"28042026","0","","NEXT","NX2 125I","Zaragoza","Aragón","125"
"28042026","0","","ZONTES","368M","Santa Cruz de Tenerife","Canarias","368"
"28042026","0","","SYM","JET 14","Pontevedra","Galicia","125"
"28042026","0","","EFUN","LION","Asturias","Principado de Asturias","125"
"28042026","0","","PIAGGIO","LIBERTY 125 ABS","Illes Balears","Illes Balears","124"
"28042026","0","","HONDA","VISION 110","Barcelona","Cataluña","109"
"28042026","0","","KYMCO","SUPER DINK GT","Valencia/València","Comunidad Valenciana","321"
"28042026","0","","KYMCO","SUPER DINK GT","Alicante/Alacant","Comunidad Valenciana","321"
"28042026","0","","TRIUMPH","TRIDENT 660","Alicante/Alacant","Comunidad Valenciana","660"
"28042026","0","","VOGE","SR3","Valencia/València","Comunidad Valenciana","244"
"28042026","0","","KYMCO","SKYTOWN 125","Cádiz","Andalucía","125"
"28042026","0","","SUZUKI","V-Strom 800","Madrid","Comunidad de Madrid","776"
"28042026","0","","CFMOTO","450MT","Bizkaia","País Vasco","449"
"28042026","0","","HONDA","ADV 350","Málaga","Andalucía","330"
"28042026","0","","HONDA","SH125i","Málaga","Andalucía","125"
"28042026","0","","VOGE","DS900X","Toledo","Castilla-La Mancha","895"
"28042026","0","","KYMCO","SKYTOWN 125","Barcelona","Cataluña","125"
"28042026","0","","SYM","SYMPHONY 125","Girona","Cataluña","125"
"28042026","0","","YAMAHA","WR125","Madrid","Comunidad de Madrid","125"
"28042026","0","","HONDA","ADV 750","Alicante/Alacant","Comunidad Valenciana","745"
"28042026","0","","SYM","SYMPHONY 125","Valencia/València","Comunidad Valenciana","125"
"28042026","0","","ZONTES","368G","Barcelona","Cataluña","368"
"28042026","0","","HONDA","PCX 125","Coruña (A)","Galicia","125"
"28042026","0","","KYMCO","AGILITY S","Murcia","Región de Murcia","125"
"28042026","0","","YAMAHA","NMAX 125","Alicante/Alacant","Comunidad Valenciana","125"
"28042026","0","","KYMCO","AGILITY S","Girona","Cataluña","125"
"28042026","0","","HONDA","VISION 110","Barcelona","Cataluña","109"
"28042026","0","","SYM","SYMPHONY 125","Illes Balears","Illes Balears","125"
"28042026","0","","MITT","125 DESERT","Barcelona","Cataluña","125"
"28042026","0","","QJMOTOR","SRT 900 SX","Barcelona","Cataluña","904"
"28042026","0","","HONDA","ST125A","Murcia","Región de Murcia","124"
"28042026","0","","ZONTES","368G","Valladolid","Castilla y León","368"
"28042026","0","","HONDA","SH125i","Málaga","Andalucía","125"
"28042026","0","","YAMAHA","XMAX 125","Valencia/València","Comunidad Valenciana","125"
"28042026","0","","VOGE","R125","Illes Balears","Illes Balears","125"
"28042026","0","","HONDA","SH Mode 125","Málaga","Andalucía","125"
"28042026","0","","KYMCO","DTX","Albacete","Castilla-La Mancha","124"
"28042026","0","","SYM","JET 14","Barcelona","Cataluña","125"
"28042026","0","","HONDA","SH350i","Madrid","Comunidad de Madrid","330"
"28042026","0","","BAJAJ","PULSAR NS 125","Illes Balears","Illes Balears","124"
"28042026","0","","APRILIA","SR GT 125","Ourense","Galicia","125"
"28042026","0","","HONDA","PCX 125","Málaga","Andalucía","125"
"28042026","0","","ZONTES","703RR","Granada","Andalucía","699"
"28042026","0","","YAMAHA","XMAX 125","Illes Balears","Illes Balears","125"
"28042026","0","","BENELLI","BKX 125","Granada","Andalucía","125"
"28042026","0","","YAMAHA","NMAX 125","Murcia","Región de Murcia","125"
"28042026","0","","ZONTES","125C","Santa Cruz de Tenerife","Canarias","125"
"28042026","0","","ZONTES","125C","Barcelona","Cataluña","125"
"28042026","0","","HONDA","XL750 Transalp","Barcelona","Cataluña","755"
"28042026","0","","KYMCO","DTX","Barcelona","Cataluña","321"
"28042026","0","","VOGE","DS900X","Madrid","Comunidad de Madrid","895"
"28042026","0","","HONDA","NT1100","Alicante/Alacant","Comunidad Valenciana","1084"
"28042026","0","","KYMCO","DTX","Cádiz","Andalucía","124"
"28042026","0","","KYMCO","AGILITY S","Granada","Andalucía","125"
"28042026","0","","BMW","S 1000 R","Santa Cruz de Tenerife","Canarias","999"
"28042026","0","","PIAGGIO","VESPA PRIMAVERA 125","Alicante/Alacant","Comunidad Valenciana","124"
"28042026","0","","ZONTES","368K","Asturias","Principado de Asturias","368"
"28042026","0","","VOGE","625DSX","Madrid","Comunidad de Madrid","581"
"28042026","0","","MITT","GT-S","Madrid","Comunidad de Madrid","125"
"28042026","0","","KTM","KTM 125 SMC R","Madrid","Comunidad de Madrid","125"
"28042026","0","","YAMAHA","NMAX 125","Almería","Andalucía","125"
"28042026","0","","YAMAHA","NMAX 125","Málaga","Andalucía","125"
"28042026","0","","SYM","SYMPHONY 125","Barcelona","Cataluña","125"
"28042026","0","","KAWASAKI","NINJA ZX-6R","Málaga","Andalucía","636"
"28042026","0","","BMW","C 400 X","Ciudad Real","Castilla-La Mancha","350"
"28042026","0","","KEEWAY","VERSILIA 125","Alicante/Alacant","Comunidad Valenciana","125"
"28042026","0","","EFUN","LION","Granada","Andalucía","125"
"28042026","0","","PIAGGIO","VESPA GTS 125","Illes Balears","Illes Balears","125"
"28042026","0","","KTM","KTM 125 DUKE","Burgos","Castilla y León","125"
"28042026","0","","HONDA","SH350i","Málaga","Andalucía","330"
"28042026","0","","SYM","JET X","Valencia/València","Comunidad Valenciana","125"
"28042026","0","","YAMAHA","R7","Lleida","Cataluña","689"
"28042026","0","","YAMAHA","XMAX 300","Tarragona","Cataluña","292"
"28042026","0","","VOGE","DS900X","Coruña (A)","Galicia","895"
"28042026","0","","HONDA","NX500","Badajoz","Extremadura","471"
"28042026","0","","APRILIA","SR GT 125","Málaga","Andalucía","125"
"28042026","0","","RIEJU","RALLY 307","Murcia","Región de Murcia","292"
"28042026","0","","HONDA","PCX 125","Sevilla","Andalucía","125"
"28042026","0","","APRILIA","SR GT 125","Alicante/Alacant","Comunidad Valenciana","125"
"28042026","0","","ZONTES","125E","Barcelona","Cataluña","125"
"28042026","0","","VOGE","625DSX","Madrid","Comunidad de Madrid","581"
"28042026","0","","APRILIA","RS 660","Barcelona","Cataluña","659"
"28042026","0","","KEEWAY","VIESTE 125","Ourense","Galicia","125"
"28042026","0","","KAWASAKI","ELIMINATOR","Madrid","Comunidad de Madrid","451"
"28042026","0","","ZONTES","125D","Barcelona","Cataluña","125"
"28042026","0","","QJMOTOR","SRV 125 E5+","Valencia/València","Comunidad Valenciana","125"
"28042026","0","","CYCLONE","LS-Z","León","Castilla y León","124"
"28042026","0","","QJMOTOR","MTX 125 E5+","Barcelona","Cataluña","125"
"28042026","0","","HONDA","PCX 125","Santa Cruz de Tenerife","Canarias","125"
"28042026","0","","HONDA","PCX 125","Santa Cruz de Tenerife","Canarias","125"
"28042026","0","","VOGE","SR1ADV","Málaga","Andalucía","125"
"28042026","0","","ZONTES","368G","Málaga","Andalucía","368"
"28042026","0","","HONDA","ADV 350","Santa Cruz de Tenerife","Canarias","330"
"28042026","0","","YAMAHA","XMAX 300","Barcelona","Cataluña","292"
"28042026","0","","TRIUMPH","TIGER 900 ALPINE EDITI","Zaragoza","Aragón","888"
"28042026","0","","HONDA","VISION 110","Barcelona","Cataluña","109"
"28042026","0","","HONDA","FORZA 750","Madrid","Comunidad de Madrid","745"
"28042026","0","","KAWASAKI","NINJA ZX-10R","Barcelona","Cataluña","998"
"28042026","0","","CYCLONE","RX1 PRO","León","Castilla y León","124"
"28042026","0","","HONDA","CB650RA","Barcelona","Cataluña","649"
"28042026","0","","YAMAHA","Tracer 9 GT","Palmas (Las)","Canarias","890"
"28042026","0","","ZONTES","ZT125-G1","Madrid","Comunidad de Madrid","125"
"28042026","0","","BMW","R 1300 GS ADVENTURE","Barcelona","Cataluña","1300"
"28042026","0","","HONDA","VISION 110","Barcelona","Cataluña","109"
"28042026","0","","VOGE","DS800X RALLY","Barcelona","Cataluña","798"
"28042026","0","","YAMAHA","NMAX 125","Ciudad Real","Castilla-La Mancha","125"
"28042026","0","","RIEJU","RALLY 307","Cantabria","Cantabria","292"
"28042026","0","","TRIUMPH","TRIDENT 660 - TRIPLE T","Alicante/Alacant","Comunidad Valenciana","660"
"28042026","0","","CYCLONE","RX1 PRO","Madrid","Comunidad de Madrid","124"
"28042026","0","","VOGE","SR1ADV","Alicante/Alacant","Comunidad Valenciana","125"
"28042026","0","","YAMAHA","XMAX 125","Barcelona","Cataluña","125"
"28042026","0","","YAMAHA","XMAX 125","Málaga","Andalucía","125"
"28042026","0","","SYM","SYMPHONY 125","Illes Balears","Illes Balears","125"
"28042026","0","","SHERCO","125 SE-R","Badajoz","Extremadura","125"
"28042026","0","","HONDA","PCX 125","Badajoz","Extremadura","125"
"28042026","0","","VOGE","SR1ADV","Murcia","Región de Murcia","125"
"28042026","0","","HONDA","CRF1100L Africa Twin","Barcelona","Cataluña","1084"
"28042026","0","","ZONTES","ZT125-G1","Toledo","Castilla-La Mancha","125"
"28042026","0","","CFMOTO","450MT","Asturias","Principado de Asturias","449"
"28042026","0","","RIEJU","RALLY 307","Sevilla","Andalucía","292"
"28042026","0","","SYM","JET X","Barcelona","Cataluña","125"
"28042026","0","","HONDA","GB350S","Cantabria","Cantabria","348"
"28042026","0","","BMW","F 900 XR","León","Castilla y León","895"
"28042026","0","","KAWASAKI","Z900","Almería","Andalucía","948"
"28042026","0","","VOGE","DS800X RALLY","Madrid","Comunidad de Madrid","798"
"28042026","0","","KOVE","KOVE 800 X PRO 2026","Navarra","Comunidad Foral de Navarra","799"
"28042026","0","","KOVE","KOVE 800 X GT","Barcelona","Cataluña","799"
"28042026","0","","BMW","R 1300 GS ADVENTURE","Madrid","Comunidad de Madrid","1300"
"28042026","0","","VOGE","DS800X RALLY","Badajoz","Extremadura","798"
"28042026","0","","HONDA","PCX 125","Sevilla","Andalucía","125"
"28042026","0","","ZONTES","368E","Coruña (A)","Galicia","368"
"28042026","0","","YAMAHA","NMAX 125","Sevilla","Andalucía","125"
"28042026","0","","QJMOTOR","SQ 16 E5+","Barcelona","Cataluña","125"
"28042026","0","","BENELLI","BN125","Alicante/Alacant","Comunidad Valenciana","125"
"28042026","0","","CYCLONE","RA125 PLUS","Madrid","Comunidad de Madrid","124"
"28042026","0","","KEEWAY","VIESTE 125XDV","Jaén","Andalucía","125"
"28042026","0","","VOGE","DS525X","Cádiz","Andalucía","494"
"28042026","0","","ZONTES","125C","Guadalajara","Castilla-La Mancha","125"
"28042026","0","","HONDA","NT1100","Cádiz","Andalucía","1084"
"28042026","0","","YAMAHA","NMAX 125","Málaga","Andalucía","125"
"28042026","0","","HONDA","ADV 350","Madrid","Comunidad de Madrid","330"
"28042026","0","","KEEWAY","RKS 125","Asturias","Principado de Asturias","124"
"28042026","0","","HONDA","VISION 110","Cádiz","Andalucía","109"
"28042026","0","","HONDA","ADV 350","Barcelona","Cataluña","330"
"28042026","0","","BMW","C 400 X","Ciudad Real","Castilla-La Mancha","350"
"28042026","0","","KAWASAKI","ELIMINATOR","Valladolid","Castilla y León","451"
"28042026","0","","HONDA","PCX 125","Valencia/València","Comunidad Valenciana","125"
"28042026","0","","VOGE","DS800X RALLY","Bizkaia","País Vasco","798"
"28042026","0","","INDIAN","JACK DANIEL S LIMITED","Barcelona","Cataluña","1890"
"28042026","0","","HONDA","ADV 350","Barcelona","Cataluña","330"
"28042026","0","","HONDA","GB350S","Valencia/València","Comunidad Valenciana","348"
"28042026","0","","VOGE","DS800X RALLY","Badajoz","Extremadura","798"
"28042026","0","","YAMAHA","XMAX 300","Barcelona","Cataluña","292"
"28042026","0","","YAMAHA","XTZ 700 Tenere","Granada","Andalucía","689"
"28042026","0","","MACBOR","MONTANA XR5 510 E5+","Sevilla","Andalucía","498"
"28042026","0","","HONDA","ADV 350","Illes Balears","Illes Balears","330"
"28042026","0","","KYMCO","XCITING VS 400","Cádiz","Andalucía","400"
"28042026","0","","KYMCO","AGILITY S","Málaga","Andalucía","125"
"28042026","0","","HONDA","CL500","Huesca","Aragón","471"
"28042026","0","","SYM","JET X","Huesca","Aragón","125"
"28042026","0","","HONDA","SH125i","Barcelona","Cataluña","125"
"28042026","0","","QJMOTOR","FORT 125 N E5+","Córdoba","Andalucía","125"
"28042026","0","","QJMOTOR","SRT 900 SX","Ourense","Galicia","904"
"28042026","0","","KYMCO","AGILITY S","Granada","Andalucía","125"
"28042026","0","","QJMOTOR","SRK 125 R E5+","Alicante/Alacant","Comunidad Valenciana","125"
"28042026","0","","HONDA","PCX 125","Asturias","Principado de Asturias","125"
"28042026","0","","SUZUKI","GSX-S 1000","Illes Balears","Illes Balears","999"
"28042026","0","","YAMAHA","TRACER 700","Barcelona","Cataluña","689"
"28042026","0","","RIEJU","RALLY 307","Barcelona","Cataluña","292"
"28042026","0","","VOGE","DS525X","Asturias","Principado de Asturias","494"
"28042026","0","","RIEJU","RALLY 307","Burgos","Castilla y León","292"
"28042026","0","","APRILIA","SR GT 125","Illes Balears","Illes Balears","125"
"28042026","0","","MORBIDELLI","NR125X","Asturias","Principado de Asturias","125"
"28042026","0","","KYMCO","AGILITY S","Murcia","Región de Murcia","125"
"28042026","0","","ZONTES","125D","Tarragona","Cataluña","125"
"28042026","0","","KAWASAKI","Z900","Madrid","Comunidad de Madrid","948"
"28042026","0","","VOGE","DS900X","Granada","Andalucía","895"
"28042026","0","","KTM","KTM 1390 SUPER ADVENTU","Bizkaia","País Vasco","1350"
"28042026","0","","QJMOTOR","MTX 125 E5+","Madrid","Comunidad de Madrid","125"
"28042026","0","","SUZUKI","V-Strom 1050","Málaga","Andalucía","1037"
"28042026","0","","HONDA","ADV 350","Barcelona","Cataluña","330"
"28042026","0","","HONDA","SH125i","Alicante/Alacant","Comunidad Valenciana","125"
"28042026","0","","HONDA","FORZA125","Madrid","Comunidad de Madrid","125"
"28042026","0","","QJMOTOR","MTX 125 E5+","Córdoba","Andalucía","125"
"28042026","0","","HONDA","VISION 110","Sevilla","Andalucía","109"
"28042026","0","","VOGE","DS800X RALLY","Madrid","Comunidad de Madrid","798"
"28042026","0","","KAWASAKI","Z650","Madrid","Comunidad de Madrid","649"
"28042026","0","","PIAGGIO","VESPA GTS","Málaga","Andalucía","310"
"28042026","0","","BMW","C 400 X","Ciudad Real","Castilla-La Mancha","350"
"28042026","0","","VOGE","SR16","Barcelona","Cataluña","125"
"28042026","0","","YAMAHA","NMAX 125","Barcelona","Cataluña","125"
"28042026","0","","HONDA","SH125i","Málaga","Andalucía","125"
"28042026","0","","HONDA","VISION 110","Granada","Andalucía","109"
"28042026","0","","HONDA","PCX 125","Asturias","Principado de Asturias","125"
"28042026","0","","HONDA","C125A","Málaga","Andalucía","124"
"28042026","0","","ROYAL ENFIELD","HIMALAYAN 452","Soria","Castilla y León","452"
"28042026","0","","KYMCO","SUPER DINK GT 125 E5+","Girona","Cataluña","124"
"28042026","0","","HONDA","SH Mode 125","Barcelona","Cataluña","125"
"28042026","0","","HONDA","PCX 125","Illes Balears","Illes Balears","125"
"28042026","0","","YAMAHA","XSR-125","Navarra","Comunidad Foral de Navarra","125"
"28042026","0","","NEXT","NX2 125I","Granada","Andalucía","125"
"28042026","0","","QJMOTOR","SRV 12 E5+","León","Castilla y León","125"
"28042026","0","","SYM","SYMPHONY 125","Girona","Cataluña","125"
"28042026","0","","YAMAHA","XMAX 125","Cantabria","Cantabria","125"
"28042026","0","","YAMAHA","NMAX 125","Girona","Cataluña","125"
"28042026","0","","SUZUKI","AVENIS 125","Alicante/Alacant","Comunidad Valenciana","124"
"28042026","0","","SYM","SYMPHONY 125","Gipuzkoa","País Vasco","125"
"28042026","0","","YAMAHA","NMAX 125","Madrid","Comunidad de Madrid","125"
"28042026","0","","YAMAHA","MT-09","Palmas (Las)","Canarias","890"
"28042026","0","","VOGE","DS900X","Asturias","Principado de Asturias","895"
"28042026","0","","MITT","125GP","Girona","Cataluña","124"
"28042026","0","","KAWASAKI","Z125","Málaga","Andalucía","125"
"28042026","0","","KAWASAKI","NINJA ZX-6R","Zaragoza","Aragón","636"
"28042026","0","","SYM","SYMPHONY 125","Madrid","Comunidad de Madrid","125"
"28042026","0","","VOGE","SR4 MAX","Illes Balears","Illes Balears","350"
"28042026","0","","KYMCO","AGILITY S","Málaga","Andalucía","125"
"28042026","0","","ZONTES","368G","Lleida","Cataluña","368"
"28042026","0","","YAMAHA","NMAX 125","Madrid","Comunidad de Madrid","125"
"28042026","0","","KTM","KTM 690 SMC R","Albacete","Castilla-La Mancha","693"
"28042026","0","","YAMAHA","NMAX 125","Barcelona","Cataluña","125"
"28042026","0","","RIEJU","NKD 125","Girona","Cataluña","124"
"28042026","0","","HUSQVARNA","HUSQVARNA SVARTPILEN12","Ávila","Castilla y León","125"
"28042026","0","","MITT","125 DESERT","Asturias","Principado de Asturias","125"
"28042026","0","","VENT S.R.L.","---","Tarragona","Cataluña","125"
"28042026","0","","TRIUMPH","TRIDENT 800","Zaragoza","Aragón","798"
"28042026","0","","KTM","KTM 790 ADVENTURE","Burgos","Castilla y León","799"
"28042026","0","","QJMOTOR","SRT 900 SX","Burgos","Castilla y León","904"
"28042026","0","","VOGE","DS800X RALLY","Zamora","Castilla y León","798"
"28042026","0","","MORBIDELLI","T125 X","Cáceres","Extremadura","124"
"28042026","0","","YAMAHA","TRACER 700","Barcelona","Cataluña","689"
"28042026","0","","YAMAHA","XTZ 700 Tenere","Barcelona","Cataluña","689"
"28042026","0","","KEEWAY","GEMMA","Jaén","Andalucía","117"
"28042026","0","","APRILIA","SX 125","Sevilla","Andalucía","124"
"28042026","0","","YAMAHA","NMAX 125","Murcia","Región de Murcia","125"
"28042026","0","","KYMCO","SUPER DINK GT 125 E5+","Valencia/València","Comunidad Valenciana","124"
"28042026","0","","VOGE","DS800X RALLY","Cádiz","Andalucía","798"
"28042026","0","","KAWASAKI","Z900","Toledo","Castilla-La Mancha","948"
"28042026","0","","YAMAHA","R125","Barcelona","Cataluña","125"
"28042026","0","","QJMOTOR","LTR 125 E5+","Girona","Cataluña","125"
"28042026","0","","HONDA","CBR 650 R","Barcelona","Cataluña","649"
"28042026","0","","HONDA","ADV 350","Granada","Andalucía","330"
"28042026","0","","KAWASAKI","NINJA 1100SX","Pontevedra","Galicia","1099"
"28042026","0","","RIEJU","RALLY 307","Sevilla","Andalucía","292"
"28042026","0","","ZONTES","703RR","Asturias","Principado de Asturias","699"
"28042026","0","","YAMAHA","NMAX 125","Madrid","Comunidad de Madrid","125"
"28042026","0","","MV AGUSTA","DRAGSTER RR","Valencia/València","Comunidad Valenciana","801"
"28042026","0","","HONDA","SH125i","Madrid","Comunidad de Madrid","125"
"28042026","0","","VOGE","DS800X RALLY","Castellón/Castelló","Comunidad Valenciana","798"
"28042026","0","","KYMCO","SKYTOWN 125","Granada","Andalucía","125"
"28042026","0","","ZONTES","ZT125-U","Asturias","Principado de Asturias","125"
"28042026","0","","KAWASAKI","NINJA 650","Zamora","Castilla y León","649"
"28042026","0","","YAMAHA","MT-09","Málaga","Andalucía","890"
"28042026","0","","PIAGGIO","BEVERLY 310 HPE","Madrid","Comunidad de Madrid","310"
"28042026","0","","CFMOTO","700MT","Asturias","Principado de Asturias","693"
"28042026","0","","KOVE","KOVE 800 X RALLY","Girona","Cataluña","799"
"28042026","0","","ZONTES","125C","Badajoz","Extremadura","125"
"28042026","0","","HONDA","CB650RA","Ávila","Castilla y León","649"
"28042026","0","","HONDA","PCX 125","Valencia/València","Comunidad Valenciana","125"
"28042026","0","","YAMAHA","XMAX 300","Barcelona","Cataluña","292"
"28042026","0","","YAMAHA","NMAX 125","Girona","Cataluña","125"
"28042026","0","","VOGE","SR1ADV","Barcelona","Cataluña","125"
"28042026","0","","HONDA","PCX 125","Málaga","Andalucía","125"
"28042026","0","","SYM","SYMPHONY 125","Barcelona","Cataluña","125"
"28042026","0","","YAMAHA","NMAX 125","Barcelona","Cataluña","125"
"28042026","0","","YAMAHA","RayZR 125","Badajoz","Extremadura","125"
"28042026","0","","HONDA","FORZA 350","Santa Cruz de Tenerife","Canarias","330"
"28042026","0","","VOGE","625R","Cantabria","Cantabria","581"
"28042026","0","","VOGE","DS525X","Santa Cruz de Tenerife","Canarias","494"
"28042026","0","","ZONTES","368G","Málaga","Andalucía","368"
"28042026","0","","VOGE","DS800X RALLY","Murcia","Región de Murcia","798"
"28042026","0","","ZONTES","703F","Valladolid","Castilla y León","699"
"28042026","0","","MH MOTORCYCLES","VR10","Sevilla","Andalucía","124"
"28042026","0","","HONDA","PCX 125","Málaga","Andalucía","125"
"28042026","0","","YAMAHA","RayZR 125","Navarra","Comunidad Foral de Navarra","125"
"28042026","0","","HONDA","SH125i","Málaga","Andalucía","125"
"28042026","0","","TRIUMPH","STREET TRIPLE R","Zaragoza","Aragón","765"
"28042026","0","","YAMAHA","XMAX 125","Valencia/València","Comunidad Valenciana","125"
"28042026","0","","DUCATI","STREETFIGHTER","Alicante/Alacant","Comunidad Valenciana","890"
"28042026","0","","YAMAHA","XMAX 125","Barcelona","Cataluña","125"
"28042026","0","","MOTO GUZZI","V7 STONE","Córdoba","Andalucía","853"
"28042026","0","","KYMCO","SUPER DINK GT 125 E5+","Tarragona","Cataluña","124"
"28042026","0","","KAWASAKI","Z125","Castellón/Castelló","Comunidad Valenciana","125"
"28042026","0","","YAMAHA","XTZ 700 Tenere","Bizkaia","País Vasco","689"
"28042026","0","","PIAGGIO","VESPA GTS","Granada","Andalucía","310"
"28042026","0","","VOGE","R125","Málaga","Andalucía","125"
"28042026","0","","VOGE","DS800X RALLY","Girona","Cataluña","798"
"28042026","0","","YAMAHA","XMAX 300","Castellón/Castelló","Comunidad Valenciana","292"
"28042026","0","","VOGE","DS800X RALLY","Granada","Andalucía","798"
"28042026","0","","HONDA","CB650RA","Pontevedra","Galicia","649"
"28042026","0","","HONDA","ADV 350","Madrid","Comunidad de Madrid","330"
"28042026","0","","BMW","F 900 R","Pontevedra","Galicia","895"
"28042026","0","","KYMCO","AGILITY S","Madrid","Comunidad de Madrid","125"
"28042026","0","","BMW","F 900 R","Barcelona","Cataluña","895"
"28042026","0","","HONDA","FORZA125","Málaga","Andalucía","125"
"28042026","0","","APRILIA","SR GT 400","Barcelona","Cataluña","399"
"28042026","0","","HONDA","SH Mode 125","Barcelona","Cataluña","125"
"28042026","0","","HONDA","FORZA125","Sevilla","Andalucía","125"
"28042026","0","","HONDA","ADV 350","Palmas (Las)","Canarias","330"
"28042026","0","","HONDA","ADV 750","Barcelona","Cataluña","745"
"28042026","0","","YAMAHA","NMAX 125","Madrid","Comunidad de Madrid","125"
"28042026","0","","PIAGGIO","VESPA PRIMAVERA 125","Madrid","Comunidad de Madrid","124"
"28042026","0","","HONDA","CRF1100L Africa Twin","Madrid","Comunidad de Madrid","1084"
"28042026","0","","HONDA","CRF1100L Africa Twin","Granada","Andalucía","1084"
"28042026","0","","HONDA","SH Mode 125","Barcelona","Cataluña","125"
"28042026","0","","CYCLONE","RA125 PLUS","Almería","Andalucía","124"
"28042026","0","","HONDA","SH350i","Málaga","Andalucía","330"
"28042026","0","","VOGE","SR1","Illes Balears","Illes Balears","125"
"28042026","0","","BENDA","CHINCHILLA","Lleida","Cataluña","476"
"28042026","0","","TRIUMPH","TF450-E","Barcelona","Cataluña","450"
"28042026","0","","BMW","F 900 R","Alicante/Alacant","Comunidad Valenciana","895"
"28042026","0","","HONDA","PCX 125","Madrid","Comunidad de Madrid","125"
"28042026","0","","HONDA","PCX 125","Valencia/València","Comunidad Valenciana","125"
"28042026","0","","ZONTES","350R","Málaga","Andalucía","348"
"28042026","0","","CYCLONE","RA125 PLUS","Burgos","Castilla y León","124"
"28042026","0","","HONDA","PCX 125","Málaga","Andalucía","125"
"28042026","0","","RIEJU","RALLY 307","Ciudad Real","Castilla-La Mancha","292"
"28042026","0","","PEUGEOT","KISBEE M","Madrid","Comunidad de Madrid","125"
"28042026","0","","VOGE","DS800X RALLY","Almería","Andalucía","798"
"28042026","0","","HONDA","PCX 125","Cádiz","Andalucía","125"
"28042026","0","","HONDA","PCX 125","Málaga","Andalucía","125"
"28042026","0","","BMW","F 900 XR","Madrid","Comunidad de Madrid","895"
"28042026","0","","HONDA","PCX 125","Illes Balears","Illes Balears","125"
"28042026","0","","SYM","SYMPHONY 125","Barcelona","Cataluña","125"
"28042026","0","","KYMCO","PEOPLE S 125 E5+","Alicante/Alacant","Comunidad Valenciana","125"
"28042026","0","","HONDA","PCX 125","Illes Balears","Illes Balears","125"
"28042026","0","","PIAGGIO","LIBERTY 125 ABS","Sevilla","Andalucía","124"
"28042026","0","","BMW","F 900 R","Gipuzkoa","País Vasco","895"
"28042026","0","","BMW","R 1300 RT","Madrid","Comunidad de Madrid","1300"
"28042026","0","","CYCLONE","CARRERA 125","Madrid","Comunidad de Madrid","125"
"28042026","0","","APRILIA","TUONO 125","Madrid","Comunidad de Madrid","124"
"28042026","0","","HUSQVARNA","HUSQVARNA 801 VITPILEN","Barcelona","Cataluña","799"
"28042026","0","","APRILIA","SR GT 125","Almería","Andalucía","125"
"28042026","0","","BMW","F 900 GS ADVENTURE","Barcelona","Cataluña","895"
"28042026","0","","KYMCO","SUPER DINK GT 125 E5+","Madrid","Comunidad de Madrid","124"
"28042026","0","","MITT","125 DESERT","Coruña (A)","Galicia","125"
"28042026","0","","YAMAHA","XTZ 700 Tenere","Pontevedra","Galicia","689"
"28042026","0","","YAMAHA","XTZ 700 Tenere","Granada","Andalucía","689"
"28042026","0","","YAMAHA","TRACER 700","Burgos","Castilla y León","689"
"28042026","0","","KAWASAKI","KLE500","Castellón/Castelló","Comunidad Valenciana","451"
"28042026","0","","BMW","C 400 GT","Girona","Cataluña","350"
"28042026","0","","YAMAHA","RayZR 125","Tarragona","Cataluña","125"
"28042026","0","","YAMAHA","MT-07","Barcelona","Cataluña","689"
"28042026","0","","HONDA","SH Mode 125","Córdoba","Andalucía","125"
"28042026","0","","YAMAHA","RayZR 125","Barcelona","Cataluña","125"
"28042026","0","","SUZUKI","ADDRESS 125","Asturias","Principado de Asturias","124"
"28042026","0","","QJMOTOR","MTX 125 E5+","Madrid","Comunidad de Madrid","125"
"28042026","0","","SYM","CRUISYM 125 TCS E5+","Córdoba","Andalucía","124"
"28042026","0","","HONDA","FORZA 750","Santa Cruz de Tenerife","Canarias","745"
"28042026","0","","HONDA","CB 125 F","Málaga","Andalucía","124"
"28042026","0","","VOGE","DS800X RALLY","Tarragona","Cataluña","798"
"28042026","0","","YAMAHA","XMAX 300","Barcelona","Cataluña","292"
"28042026","0","","HONDA","PCX 125","Illes Balears","Illes Balears","125"
"28042026","0","","HONDA","FORZA 350","Illes Balears","Illes Balears","330"
"28042026","0","","ZONTES","368G","Santa Cruz de Tenerife","Canarias","368"
"28042026","0","","MOTO MORINI","X-CAPE 1200","Barcelona","Cataluña","1187"
"28042026","0","","YAMAHA","MT-125","Toledo","Castilla-La Mancha","125"
"28042026","0","","KYMCO","DTX","Tarragona","Cataluña","321"
"28042026","0","","APRILIA","SR GT 200","Ceuta","Ceuta","174"
"28042026","0","","ZONTES","ZT125-U","Madrid","Comunidad de Madrid","125"
"28042026","0","","HONDA","CB650RA","Madrid","Comunidad de Madrid","649"
"28042026","0","","PIAGGIO","VESPA PRIMAVERA 125","Barcelona","Cataluña","124"
"28042026","0","","MOTO MORINI","X-CAPE 1200","Barcelona","Cataluña","1187"
"28042026","0","","YAMAHA","XSR-900","Barcelona","Cataluña","890"
"28042026","0","","PIAGGIO","VESPA GTS SUPERTECH","Girona","Cataluña","310"
"28042026","0","","HONDA","SH Mode 125","Barcelona","Cataluña","125"
"28042026","0","","ZONTES","368G","Illes Balears","Illes Balears","368"
"28042026","0","","HONDA","VISION 110","Gipuzkoa","País Vasco","109"
"28042026","0","","HONDA","NC 750 X","Barcelona","Cataluña","745"
"28042026","0","","TRIUMPH","SPEED TWIN 1200 RS","Zaragoza","Aragón","1200"
"28042026","0","","RIEJU","NKD 125","Alicante/Alacant","Comunidad Valenciana","124"
"28042026","0","","BMW","C 400 GT","Barcelona","Cataluña","350"
"28042026","0","","CYCLONE","SR600-3A","Madrid","Comunidad de Madrid","549"
"28042026","0","","ZONTES","125E","Asturias","Principado de Asturias","125"
"28042026","0","","HONDA","XL750 Transalp","Granada","Andalucía","755"
"28042026","0","","ZONTES","ZT125-Z2","Santa Cruz de Tenerife","Canarias","125"
"28042026","0","","ZONTES","125M","Valencia/València","Comunidad Valenciana","125"
"28042026","0","","BMW","R 1300 RT","Alicante/Alacant","Comunidad Valenciana","1300"
"28042026","0","","BAJAJ","PULSAR NS 400 Z","Alicante/Alacant","Comunidad Valenciana","373"
"28042026","0","","HONDA","PCX 125","Cádiz","Andalucía","125"
"28042026","0","","PIAGGIO","LIBERTY 125 ABS","Illes Balears","Illes Balears","124"
"28042026","0","","PEUGEOT","KISBEE M","Madrid","Comunidad de Madrid","125"
"28042026","0","","MH MOTORCYCLES","VIRO","Palmas (Las)","Canarias","333"
"28042026","0","","HONDA","ADV 350","Barcelona","Cataluña","330"
"28042026","0","","YAMAHA","WR125","Toledo","Castilla-La Mancha","125"
"28042026","0","","HONDA","NC 750 X","Alicante/Alacant","Comunidad Valenciana","745"
"28042026","0","","ZONTES","368E","Coruña (A)","Galicia","368"
"28042026","0","","RIEJU","NOT APPLICABLE","Huesca","Aragón","124"
"28042026","0","","ZONTES","368G","Valencia/València","Comunidad Valenciana","368"
"28042026","0","","SCORPA","CITY CORP 125","Illes Balears","Illes Balears","125"
"28042026","0","","ZONTES","368K","Madrid","Comunidad de Madrid","368"
"28042026","0","","DUCATI","PANIGALE V4","Ourense","Galicia","1103"
"28042026","0","","BMW","C 400 GT","Madrid","Comunidad de Madrid","350"
"28042026","0","","CFMOTO","450MT","Madrid","Comunidad de Madrid","449"
"28042026","0","","KAWASAKI","NINJA 125","Lleida","Cataluña","125"
"28042026","0","","HONDA","ADV 750","Málaga","Andalucía","745"
"28042026","0","","YAMAHA","XSR-125","Barcelona","Cataluña","125"
"28042026","0","","ITALJET","DRAGSTER125","Madrid","Comunidad de Madrid","124"
"28042026","0","","ZONTES","ZT125-G1","Asturias","Principado de Asturias","125"
"28042026","0","","ZONTES","368G","Cádiz","Andalucía","368"
"28042026","0","","YAMAHA","NMAX 125","Barcelona","Cataluña","125"
"28042026","0","","HONDA","SH125i","Barcelona","Cataluña","125"
"28042026","0","","YAMAHA","XMAX 300","Alicante/Alacant","Comunidad Valenciana","292"
"28042026","0","","ZONTES","125E","Valencia/València","Comunidad Valenciana","125"
"28042026","0","","SYM","JET 14","Murcia","Región de Murcia","125"
"28042026","0","","HONDA","PCX 125","Alicante/Alacant","Comunidad Valenciana","125"
"28042026","0","","HONDA","PCX 125","Pontevedra","Galicia","125"
"28042026","0","","VOGE","625DSX","Madrid","Comunidad de Madrid","581"
"28042026","0","","QJMOTOR","SRT 900 S","Valencia/València","Comunidad Valenciana","904"
"28042026","0","","YAMAHA","NMAX 125","Málaga","Andalucía","125"
"28042026","0","","SYM","SYMPHONY 125","Barcelona","Cataluña","125"
"28042026","0","","RIEJU","X-OVER 357","Girona","Cataluña","330"
"28042026","0","","HONDA","FORZA125","Illes Balears","Illes Balears","125"
"28042026","0","","BENDA","NAPOLEON","Illes Balears","Illes Balears","476"
"28042026","0","","KAWASAKI","Z900","Pontevedra","Galicia","948"
"28042026","0","","KYMCO","SUPER DINK GT 125 E5+","Alicante/Alacant","Comunidad Valenciana","124"
"28042026","0","","HONDA","FORZA 350","Barcelona","Cataluña","330"
"28042026","0","","YAMAHA","NMAX 125","Alicante/Alacant","Comunidad Valenciana","125"
"28042026","0","","KEEWAY","XDV 125 EVO PRO","Granada","Andalucía","125"
"28042026","0","","VOGE","DS900X","Barcelona","Cataluña","895"
"28042026","0","","HONDA","VISION 110","Barcelona","Cataluña","109"
"28042026","0","","KYMCO","SKYTOWN 125","Zamora","Castilla y León","125"
"28042026","0","","HONDA","CB750AC","Castellón/Castelló","Comunidad Valenciana","755"
"28042026","0","","YAMAHA","NMAX 125","Barcelona","Cataluña","125"
"28042026","0","","VOGE","DS800X RALLY","Málaga","Andalucía","798"
"28042026","0","","MACBOR","MONTANA XR1 125 EVO","León","Castilla y León","124"
"28042026","0","","KYMCO","AGILITY S","Cantabria","Cantabria","125"
"28042026","0","","ZONTES","368G","Tarragona","Cataluña","368"
"28042026","0","","HONDA","NC 750 X","Santa Cruz de Tenerife","Canarias","745"
"28042026","0","","QJMOTOR","SRT 900 S","Girona","Cataluña","904"
"28042026","0","","NEXT","NX CROSS 125I","Illes Balears","Illes Balears","125"
"28042026","0","","HONDA","PCX 125","Madrid","Comunidad de Madrid","125"
"28042026","0","","RIEJU","NKD 125","Barcelona","Cataluña","124"
"28042026","0","","TRIUMPH","SPEED TWIN 900","Zaragoza","Aragón","900"
"28042026","0","","BAJAJ","PULSAR NS 400 Z","Madrid","Comunidad de Madrid","373"
"28042026","0","","PEUGEOT","PULSION EVO","Cádiz","Andalucía","125"
"28042026","0","","HONDA","PCX 125","Málaga","Andalucía","125"
"28042026","0","","HONDA","CRF1100L Africa Twin","Salamanca","Castilla y León","1084"
"28042026","0","","SYM","SYMPHONY 125","Gipuzkoa","País Vasco","125"
"28042026","0","","YAMAHA","NMAX 125","Illes Balears","Illes Balears","125"
"28042026","0","","YAMAHA","NMAX 125","Granada","Andalucía","125"
"28042026","0","","ZONTES","368G","Murcia","Región de Murcia","368"
"28042026","0","","YAMAHA","NMAX 125","Alicante/Alacant","Comunidad Valenciana","125"
"28042026","0","","VOGE","SR16","Lugo","Galicia","125"
"28042026","0","","SYM","SYMPHONY 125","Barcelona","Cataluña","125"
"28042026","0","","HONDA","VISION 110","Illes Balears","Illes Balears","109"
"28042026","0","","VOGE","DS900X","Almería","Andalucía","895"
"28042026","0","","ZONTES","350X","Madrid","Comunidad de Madrid","348"
"28042026","0","","YAMAHA","WR125","Barcelona","Cataluña","125"
"28042026","0","","VOGE","DS800X RALLY","Santa Cruz de Tenerife","Canarias","798"
"28042026","0","","HONDA","FORZA125","Cantabria","Cantabria","125"
"28042026","0","","VOGE","DS800X RALLY","Pontevedra","Galicia","798"
"28042026","0","","HONDA","PCX 125","Barcelona","Cataluña","125"
"28042026","0","","KAWASAKI","NINJA ZX-4R","Madrid","Comunidad de Madrid","399"
"28042026","0","","VOGE","R125","Málaga","Andalucía","125"
"28042026","0","","VOGE","625DSX","Santa Cruz de Tenerife","Canarias","581"
"28042026","0","","LAMBRETTA","V125 SPECIAL FLEX","Cádiz","Andalucía","125"
"28042026","0","","RIEJU","X-OVER 357","Girona","Cataluña","330"
"28042026","0","","ZONTES","368D","Córdoba","Andalucía","368"
"28042026","0","","HONDA","FORZA 350","Barcelona","Cataluña","330"
"28042026","0","","YAMAHA","XMAX 300","Barcelona","Cataluña","292"
"28042026","0","","RIEJU","RALLY 307","Bizkaia","País Vasco","292"
"28042026","0","","HONDA","ADV 750","Madrid","Comunidad de Madrid","745"
"28042026","0","","HONDA","FORZA125","Madrid","Comunidad de Madrid","125"
"28042026","0","","QJMOTOR","SRT 700 X E5+","Cuenca","Castilla-La Mancha","698"
"28042026","0","","TRIUMPH","TIGER 900 GT PRO","Huelva","Andalucía","888"
"28042026","0","","VOGE","DS800X RALLY","Madrid","Comunidad de Madrid","798"
"28042026","0","","TRIUMPH","TRIDENT 660","Coruña (A)","Galicia","660"
"28042026","0","","VOGE","DS525X","Badajoz","Extremadura","494"
"28042026","0","","HONDA","PCX 125","Cádiz","Andalucía","125"
"28042026","0","","QJMOTOR","SRT 900 S","Barcelona","Cataluña","904"
"28042026","0","","VOGE","SR1ADV","Cádiz","Andalucía","125"
"28042026","0","","HONDA","FORZA125","Alicante/Alacant","Comunidad Valenciana","125"
"28042026","0","","BMW","F 900 R","Girona","Cataluña","895"
"28042026","0","","HONDA","CB 125 F","Valencia/València","Comunidad Valenciana","124"
"28042026","0","","QJMOTOR","SRT 900 S","Illes Balears","Illes Balears","904"
"28042026","0","","MITT","125 DESERT","Madrid","Comunidad de Madrid","125"
"28042026","0","","MITT","GT-S","Cádiz","Andalucía","125"
"28042026","0","","SYM","JET 14","Córdoba","Andalucía","125"
"28042026","0","","APRILIA","SR GT 125","Castellón/Castelló","Comunidad Valenciana","125"
"28042026","0","","HONDA","FORZA125","Barcelona","Cataluña","125"
"28042026","0","","ZONTES","703F","Asturias","Principado de Asturias","699"
"28042026","0","","HONDA","ADV 750","Cádiz","Andalucía","745"
"28042026","0","","ZONTES","368G","Pontevedra","Galicia","368"
"28042026","0","","HONDA","CL500","Santa Cruz de Tenerife","Canarias","471"
"28042026","0","","APRILIA","SR GT 125","Madrid","Comunidad de Madrid","125"
"28042026","0","","SYM","SYMPHONY 125","Valencia/València","Comunidad Valenciana","125"
"28042026","0","","QJMOTOR","ATR 125 E5+","Valladolid","Castilla y León","125"
"28042026","0","","BMW","F 900 GS ADVENTURE","Valencia/València","Comunidad Valenciana","895"
"28042026","0","","RIEJU","NOT APPLICABLE","Valencia/València","Comunidad Valenciana","124"
"28042026","0","","SYM","JET 14","Córdoba","Andalucía","125"
"28042026","0","","QJMOTOR","SRT 900 SX","Alicante/Alacant","Comunidad Valenciana","904"
"28042026","0","","VOGE","R125","Illes Balears","Illes Balears","125"
"28042026","0","","HONDA","ADV 350","Barcelona","Cataluña","330"
"28042026","0","","ZONTES","703F","Madrid","Comunidad de Madrid","699"
"28042026","0","","TRIUMPH","SCRAMBLER 400 X","Málaga","Andalucía","398"
"28042026","0","","KAWASAKI","Z900","Málaga","Andalucía","948"
"28042026","0","","YAMAHA","XMAX 125","Alicante/Alacant","Comunidad Valenciana","125"
"28042026","0","","YAMAHA","XMAX 125","Illes Balears","Illes Balears","125"
"28042026","0","","VOGE","R125","Castellón/Castelló","Comunidad Valenciana","125"
"28042026","0","","ZONTES","368G","Barcelona","Cataluña","368"
"28042026","0","","HONDA","PCX 125","Barcelona","Cataluña","125"
"28042026","0","","YAMAHA","NMAX 125","Barcelona","Cataluña","125"
"28042026","0","","QJMOTOR","ATR 125 E5+","Girona","Cataluña","125"
"28042026","0","","ZONTES","368G","Murcia","Región de Murcia","368"
"28042026","0","","HONDA","ADV 350","Valladolid","Castilla y León","330"
"28042026","0","","SYM","SYMPHONY 125","Illes Balears","Illes Balears","125"
"28042026","0","","KEEWAY","V-CRUISE","Málaga","Andalucía","125"
"28042026","0","","APRILIA","SR GT 125","Murcia","Región de Murcia","125"
"28042026","0","","KEEWAY","VIESTE 125","Barcelona","Cataluña","125"
"28042026","0","","HONDA","SH125i","Gipuzkoa","País Vasco","125"
"28042026","0","","VOGE","DS800X RALLY","Zaragoza","Aragón","798"
"28042026","0","","YAMAHA","XMAX 125","Barcelona","Cataluña","125"
"28042026","0","","SUZUKI","DR-Z400","Barcelona","Cataluña","398"
"28042026","0","","VOGE","SR1","Málaga","Andalucía","125"
"28042026","0","","ZONTES","125C","Málaga","Andalucía","125"
"28042026","0","","YAMAHA","XTZ 700 Tenere","Palmas (Las)","Canarias","689"
"28042026","0","","HONDA","ADV 350","Barcelona","Cataluña","330"
"28042026","0","","ZONTES","125C","Illes Balears","Illes Balears","125"
"28042026","0","","HONDA","FORZA125","Sevilla","Andalucía","125"
"28042026","0","","SYM","CRUISYM 125 TCS E5+","Alicante/Alacant","Comunidad Valenciana","124"
"28042026","0","","HONDA","PCX 125","Almería","Andalucía","125"
"28042026","0","","YAMAHA","NMAX 125","Cantabria","Cantabria","125"
"28042026","0","","KYMCO","AGILITY S","Valencia/València","Comunidad Valenciana","125"
"28042026","0","","FANTIC MOTOR","---","Barcelona","Cataluña","125"
"28042026","0","","TRIUMPH","STREET TRIPLE RS","Barcelona","Cataluña","765"
"28042026","0","","HONDA","ADV 750","Girona","Cataluña","745"
"28042026","0","","VOGE","DS525X","Cádiz","Andalucía","494"
"28042026","0","","ZONTES","368G","Barcelona","Cataluña","368"
"28042026","0","","APRILIA","SR GT 125","Almería","Andalucía","125"
"28042026","0","","KTM","KTM 390 ADVENTURE R","Málaga","Andalucía","399"
"28042026","0","","KAWASAKI","KLE500","Barcelona","Cataluña","451"
"28042026","0","","HONDA","VISION 110","Granada","Andalucía","109"
"28042026","0","","VOGE","DS900X","Barcelona","Cataluña","895"
"28042026","0","","YAMAHA","MT-125","Santa Cruz de Tenerife","Canarias","125"
"28042026","0","","HONDA","FORZA125","Sevilla","Andalucía","125"
"28042026","0","","VOGE","SR16","Gipuzkoa","País Vasco","125"
"28042026","0","","YAMAHA","XSR-900","Barcelona","Cataluña","890"
"28042026","0","","TRIUMPH","BONNEVILLE T120 BLACK","Barcelona","Cataluña","1200"
"28042026","0","","ZONTES","368G","Córdoba","Andalucía","368"
"28042026","0","","KYMCO","AGILITY S","Cádiz","Andalucía","125"
"28042026","0","","YAMAHA","NMAX 125","Barcelona","Cataluña","125"
"28042026","0","","ZONTES","703RR","Palmas (Las)","Canarias","699"
"28042026","0","","ZONTES","368K","Barcelona","Cataluña","368"
"28042026","0","","BENDA","LFC700","Bizkaia","País Vasco","680"
"28042026","0","","HONDA","PCX 125","Cádiz","Andalucía","125"
"28042026","0","","YAMAHA","MT-07","Málaga","Andalucía","689"
"28042026","0","","YAMAHA","NMAX 125","Palmas (Las)","Canarias","125"
"28042026","0","","ZONTES","368K","Madrid","Comunidad de Madrid","368"
"28042026","0","","BMW","F 800 GS","Barcelona","Cataluña","895"
"28042026","0","","YAMAHA","NMAX 125","Málaga","Andalucía","125"
"28042026","0","","YAMAHA","NMAX 125","Barcelona","Cataluña","125"
"28042026","0","","YAMAHA","NMAX 125","Huesca","Aragón","125"
"28042026","0","","ZONTES","125E","Barcelona","Cataluña","125"
"28042026","0","","YAMAHA","NMAX 125","Málaga","Andalucía","125"
"28042026","0","","TRS","TR1 300I","Barcelona","Cataluña","294"
"28042026","0","","HONDA","CRF1100L Africa Twin","Cádiz","Andalucía","1084"
"28042026","0","","YAMAHA","XMAX 300","Girona","Cataluña","292"
"28042026","0","","BENDA","NAPOLEON 125","Alicante/Alacant","Comunidad Valenciana","125"
"28042026","0","","BENDA","CHINCHILLA 350","Barcelona","Cataluña","343"
"28042026","0","","HONDA","PCX 125","Gipuzkoa","País Vasco","125"
"28042026","0","","YAMAHA","XMAX 125","Málaga","Andalucía","125"
"28042026","0","","CFMOTO","450MT","Cantabria","Cantabria","449"
"28042026","0","","KTM","KTM 390 ADVENTURE R","Madrid","Comunidad de Madrid","399"
"28042026","0","","HONDA","PCX 125","Illes Balears","Illes Balears","125"
"28042026","0","","ZONTES","125D","Tarragona","Cataluña","125"
"28042026","0","","HONDA","PCX 125","Madrid","Comunidad de Madrid","125"
"28042026","0","","SYM","SYMPHONY 125","Sevilla","Andalucía","125"
"28042026","0","","HONDA","ADV 750","Valencia/València","Comunidad Valenciana","745"
"28042026","0","","BMW","M 1000 XR","Almería","Andalucía","999"
"28042026","0","","YAMAHA","XMAX 125","Alicante/Alacant","Comunidad Valenciana","125"
"28042026","0","","MITT","125GP","Coruña (A)","Galicia","124"
"28042026","0","","QJMOTOR","SRT 900 SX","Girona","Cataluña","904"
"28042026","0","","SYM","JET 14","Barcelona","Cataluña","125"
"28042026","0","","HONDA","CB750 Hornet","Málaga","Andalucía","755"
"28042026","0","","APRILIA","SR GT 125","Madrid","Comunidad de Madrid","125"
"28042026","0","","ZONTES","368G","Jaén","Andalucía","368"
"28042026","0","","KTM","KTM 690 ENDURO R","Alicante/Alacant","Comunidad Valenciana","693"
"28042026","0","","KYMCO","AGILITY S","Cantabria","Cantabria","125"
"28042026","0","","APRILIA","SR GT 125","Valencia/València","Comunidad Valenciana","125"
"28042026","0","","KEEWAY","XDV 125 EVO PRO","Castellón/Castelló","Comunidad Valenciana","125"
"28042026","0","","MITT","125 DESERT","Valencia/València","Comunidad Valenciana","125"
"28042026","0","","KAWASAKI","KLE500","Málaga","Andalucía","451"
"28042026","0","","TRIUMPH","STREET TRIPLE MOTO2 TM","Palmas (Las)","Canarias","765"
"28042026","0","","YAMAHA","TRACER 700","Cuenca","Castilla-La Mancha","689"
"28042026","0","","SYM","JET 14","Barcelona","Cataluña","125"
"28042026","0","","YAMAHA","NMAX 125","Illes Balears","Illes Balears","125"
"28042026","0","","HONDA","PCX 125","Málaga","Andalucía","125"
"28042026","0","","SYM","SYMPHONY 125","Zamora","Castilla y León","125"
"28042026","0","","KYMCO","AGILITY S","Illes Balears","Illes Balears","125"
"28042026","0","","HONDA","FORZA125","Barcelona","Cataluña","125"
"28042026","0","","YAMAHA","RayZR 125","Murcia","Región de Murcia","125"
"28042026","0","","BMW","F 900 GS ADVENTURE","Madrid","Comunidad de Madrid","895"
"28042026","0","","VOGE","DS800X RALLY","Granada","Andalucía","798"
"28042026","0","","ZONTES","368E","Barcelona","Cataluña","368"
"28042026","0","","KYMCO","AGILITY S","Gipuzkoa","País Vasco","125"
"28042026","0","","YAMAHA","NMAX 125","Jaén","Andalucía","125"
"28042026","0","","YAMAHA","MT-125","Almería","Andalucía","125"
"28042026","0","","KYMCO","DTX","Tarragona","Cataluña","124"
"28042026","0","","MITT","EMPEROR","Barcelona","Cataluña","125"
"28042026","0","","VOGE","DS900X","Guadalajara","Castilla-La Mancha","895"
"28042026","0","","HONDA","PCX 125","Sevilla","Andalucía","125"
"28042026","0","","HONDA","ADV 350","Madrid","Comunidad de Madrid","330"
"28042026","0","","YAMAHA","NMAX 125","Málaga","Andalucía","125"
"28042026","0","","KEEWAY","VIESTE 125XDV","Tarragona","Cataluña","125"
"28042026","0","","KOVE","NK 125 R","Barcelona","Cataluña","125"
"28042026","0","","KAWASAKI","NINJA 125","Almería","Andalucía","125"
"28042026","0","","VOGE","SR1","Madrid","Comunidad de Madrid","125"
"28042026","0","","RIEJU","RALLY 307","Córdoba","Andalucía","292"
"28042026","0","","SUZUKI","ADDRESS 125","Illes Balears","Illes Balears","124"
"28042026","0","","APRILIA","SR GT 125","Illes Balears","Illes Balears","125"
"28042026","0","","CFMOTO","675NK","Santa Cruz de Tenerife","Canarias","674"
"28042026","0","","HONDA","PCX 125","Barcelona","Cataluña","125"
"28042026","0","","YAMAHA","TRICITY 125","Málaga","Andalucía","125"
"28042026","0","","YAMAHA","Tracer 9 GT","Córdoba","Andalucía","890"
"28042026","0","","MONTESA","COTA 4RT 260","Madrid","Comunidad de Madrid","259"
"28042026","0","","SYM","SYMPHONY 125","Cádiz","Andalucía","125"
"28042026","0","","YAMAHA","XMAX 300","Valencia/València","Comunidad Valenciana","292"
"28042026","0","","QJMOTOR","SRT 900 S","Barcelona","Cataluña","904"
"28042026","0","","MORBIDELLI","SC300","Tarragona","Cataluña","278"
"28042026","0","","KYMCO","DTX","Málaga","Andalucía","321"
"28042026","0","","HONDA","VISION 110","Madrid","Comunidad de Madrid","109"
"28042026","0","","BMW","F 900 GS ADVENTURE","Barcelona","Cataluña","895"
"28042026","0","","PIAGGIO","LIBERTY 125 ABS","Illes Balears","Illes Balears","124"
"28042026","0","","HONDA","CL500","Bizkaia","País Vasco","471"
"28042026","0","","YAMAHA","XMAX 300","Cantabria","Cantabria","292"
"28042026","0","","SYM","SYMPHONY 125","Barcelona","Cataluña","125"
"28042026","0","","BENELLI","BN125","Alicante/Alacant","Comunidad Valenciana","125"
"28042026","0","","KYMCO","AGILITY S","Sevilla","Andalucía","125"
"28042026","0","","ZONTES","368G","Coruña (A)","Galicia","368"
"28042026","0","","DUCATI","MONSTER","Girona","Cataluña","890"
"28042026","0","","YAMAHA","NMAX 125","Córdoba","Andalucía","125"
"28042026","0","","KAWASAKI","Z650","Córdoba","Andalucía","649"
"28042026","0","","HONDA","NX500","Castellón/Castelló","Comunidad Valenciana","471"
"28042026","0","","ZONTES","ZT125-G1","Madrid","Comunidad de Madrid","125"
"28042026","0","","SYM","JET 14","Santa Cruz de Tenerife","Canarias","125"
"28042026","0","","HONDA","CB 500 F","Barcelona","Cataluña","471"
"28042026","0","","YAMAHA","XMAX 125","Palmas (Las)","Canarias","125"
"28042026","0","","KYMCO","DTX","Gipuzkoa","País Vasco","124"
"28042026","0","","HONDA","NC 750 X","Pontevedra","Galicia","745"
"28042026","0","","YAMAHA","XSR-125","Santa Cruz de Tenerife","Canarias","125"
"28042026","0","","HONDA","CRF300LRA","Barcelona","Cataluña","286"
"28042026","0","","LETBE","MECHA","Illes Balears","Illes Balears","125"
"28042026","0","","KYMCO","SUPER DINK GT","Tarragona","Cataluña","321"
"28042026","0","","YAMAHA","NMAX 125","Cádiz","Andalucía","125"
"28042026","0","","TRIUMPH","SCRAMBLER 900","Zaragoza","Aragón","900"
"28042026","0","","BAJAJ","PULSAR NS 125","Zaragoza","Aragón","124"
"28042026","0","","HONDA","PCX 125","Toledo","Castilla-La Mancha","125"
"28042026","0","","SYM","JET X","Cádiz","Andalucía","125"
"28042026","0","","HONDA","FORZA125","Illes Balears","Illes Balears","125"
"28042026","0","","YAMAHA","NMAX 125","Tarragona","Cataluña","125"
"28042026","0","","QJMOTOR","SRT 600 SX E5+","Almería","Andalucía","554"
"28042026","0","","HONDA","GB350S","Gipuzkoa","País Vasco","348"
"28042026","0","","TRIUMPH","TF250-E","Almería","Andalucía","250"
"28042026","0","","VOGE","DS525X","Cádiz","Andalucía","494"
"28042026","0","","SYM","MAXSYM TL 508 E5+","Cádiz","Andalucía","508"
"28042026","0","","PIAGGIO","VESPA GTS 125","Barcelona","Cataluña","125"
"28042026","0","","HONDA","FORZA125","Illes Balears","Illes Balears","125"
"28042026","0","","YAMAHA","XTZ 700 Tenere","Barcelona","Cataluña","689"
"28042026","0","","YAMAHA","TRACER 700","Córdoba","Andalucía","689"
"28042026","0","","SYM","JET 14","Girona","Cataluña","125"
"28042026","0","","CYCLONE","RX600","Pontevedra","Galicia","550"
"28042026","0","","SCORPA","CITY CORP 125","Coruña (A)","Galicia","125"
"28042026","0","","MOTO MORINI","X-CAPE 1200","Huelva","Andalucía","1187"
"28042026","0","","BENELLI","TRK 702","Zaragoza","Aragón","698"
"28042026","0","","HONDA","ADV 750","Granada","Andalucía","745"
"28042026","0","","ZONTES","368E","Málaga","Andalucía","368"
"28042026","0","","SYM","SYMPHONY 125","Santa Cruz de Tenerife","Canarias","125"
"28042026","0","","YAMAHA","TRICITY 125","Madrid","Comunidad de Madrid","125"
"28042026","0","","HONDA","ADV 750","Granada","Andalucía","745"
"28042026","0","","YAMAHA","R7","Valencia/València","Comunidad Valenciana","689"
"28042026","0","","SYM","JET 14","Alicante/Alacant","Comunidad Valenciana","125"
"28042026","0","","SUZUKI","BURGMAN 400","Alicante/Alacant","Comunidad Valenciana","400"
"28042026","0","","QJMOTOR","FORT 125 N E5+","Madrid","Comunidad de Madrid","125"
"28042026","0","","SYM","SYMPHONY 125","Barcelona","Cataluña","125"
"28042026","0","","VOGE","DS900X","Madrid","Comunidad de Madrid","895"
"28042026","0","","YAMAHA","NMAX 125","Córdoba","Andalucía","125"
"28042026","0","","HONDA","PCX 125","Málaga","Andalucía","125"
"28042026","0","","HONDA","ADV 350","Málaga","Andalucía","330"
"28042026","0","","HONDA","SH Mode 125","Barcelona","Cataluña","125"
"28042026","0","","UM","DSR SM 125","Zamora","Castilla y León","124"
"28042026","0","","HONDA","CB 500 F","Barcelona","Cataluña","471"
"28042026","0","","BMW","S 1000 RR","Barcelona","Cataluña","999"
"28042026","0","","YAMAHA","XMAX 125","Illes Balears","Illes Balears","125"
"28042026","0","","YAMAHA","XMAX 300","Pontevedra","Galicia","292"
"28042026","0","","ANDES","U3(125)","Alicante/Alacant","Comunidad Valenciana","124"
"28042026","0","","YAMAHA","MT-125","Málaga","Andalucía","125"
"28042026","0","","YAMAHA","NMAX 125","Barcelona","Cataluña","125"
"28042026","0","","KEEWAY","XDV 125 EVO PRO","Toledo","Castilla-La Mancha","125"
"28042026","0","","MORBIDELLI","SC125LX","Madrid","Comunidad de Madrid","125"
"28042026","0","","ZONTES","ZT125-U","Murcia","Región de Murcia","125"
"28042026","0","","KYMCO","SKYTOWN 125","Illes Balears","Illes Balears","125"
"28042026","0","","YAMAHA","NMAX 125","Cádiz","Andalucía","125"
"28042026","0","","HONDA","SH125i","Barcelona","Cataluña","125"
"28042026","0","","HONDA","C125A","Granada","Andalucía","124"
"28042026","0","","HONDA","SH125i","Madrid","Comunidad de Madrid","125"
"28042026","0","","HONDA","SH125i","Valencia/València","Comunidad Valenciana","125"
"28042026","0","","YAMAHA","WR125","Guadalajara","Castilla-La Mancha","125"
"28042026","0","","KAWASAKI","NINJA 125","Madrid","Comunidad de Madrid","125"
"28042026","0","","MORBIDELLI","T125 X","Málaga","Andalucía","124"
"28042026","0","","PIAGGIO","MEDLEY 125","Ceuta","Ceuta","125"
"28042026","0","","VOGE","SR3","Madrid","Comunidad de Madrid","244"
"28042026","0","","BENDA","NAPOLEON 250","Madrid","Comunidad de Madrid","249"
"28042026","0","","MACBOR","EIGHT MILE 125 LC","Granada","Andalucía","124"
"28042026","0","","BAJAJ","PULSAR NS 400 Z","Coruña (A)","Galicia","373"
"28042026","0","","YAMAHA","XTZ 700 Tenere","Pontevedra","Galicia","689"
"28042026","0","","HONDA","Rebel 500","Cuenca","Castilla-La Mancha","471"
"28042026","0","","KYMCO","SKYTOWN 125","Valencia/València","Comunidad Valenciana","125"
"28042026","0","","CFMOTO","125 NK","Madrid","Comunidad de Madrid","124"
"28042026","0","","SYM","SYMPHONY 125","Santa Cruz de Tenerife","Canarias","125"
"28042026","0","","QJMOTOR","SQ 16 E5+","Barcelona","Cataluña","125"
"28042026","0","","YAMAHA","XMAX 300","Cádiz","Andalucía","292"
"28042026","0","","VOGE","DS900X","Valencia/València","Comunidad Valenciana","895"
"28042026","0","","QJMOTOR","MTX 125 E5+","Barcelona","Cataluña","125"
"28042026","0","","BMW","F 900 GS","Illes Balears","Illes Balears","895"
"28042026","0","","BMW","R 1300 GS","Valencia/València","Comunidad Valenciana","1300"
"28042026","0","","MOTO MORINI","SEIEMMEZZO","Granada","Andalucía","649"
"28042026","0","","BAJAJ","PULSAR NS 125","Coruña (A)","Galicia","124"
"28042026","0","","MITT","125GP","Madrid","Comunidad de Madrid","124"
"28042026","0","","VOGE","DS525X","Granada","Andalucía","494"
"28042026","0","","VOGE","625DSX","Barcelona","Cataluña","581"
"28042026","0","","CFMOTO","125 NK","Bizkaia","País Vasco","124"
"28042026","0","","CFMOTO","450MT","Barcelona","Cataluña","449"
"28042026","0","","HONDA","SH125i","Gipuzkoa","País Vasco","125"
"28042026","0","","KAWASAKI","Z1100","Barcelona","Cataluña","1099"
"28042026","0","","ZONTES","368M","Barcelona","Cataluña","368"
"28042026","0","","YAMAHA","RayZR 125","Sevilla","Andalucía","125"
"28042026","0","","YAMAHA","RayZR 125","Málaga","Andalucía","125"
"28042026","0","","ZONTES","125C","Cádiz","Andalucía","125"
"28042026","0","","KAWASAKI","Z125","Madrid","Comunidad de Madrid","125"
"28042026","0","","VOGE","SR1","Zaragoza","Aragón","125"
"28042026","0","","BMW","S 1000 RR","Madrid","Comunidad de Madrid","999"
"28042026","0","","HONDA","PCX 125","Córdoba","Andalucía","125"
"28042026","0","","HONDA","CBR 650 R","Cádiz","Andalucía","649"
"28042026","0","","YAMAHA","NMAX 125","Madrid","Comunidad de Madrid","125"
"28042026","0","","KEEWAY","V-CRUISE","Gipuzkoa","País Vasco","125"
"28042026","0","","BMW","R 1300 RT","Madrid","Comunidad de Madrid","1300"
"28042026","0","","HONDA","FORZA 350","Valencia/València","Comunidad Valenciana","330"
"28042026","0","","ZONTES","368G","Málaga","Andalucía","368"
"28042026","0","","YAMAHA","NMAX 125","Gipuzkoa","País Vasco","125"
"28042026","0","","PEUGEOT","KISBEE M","Tarragona","Cataluña","125"
"28042026","0","","SYM","SYMPHONY 125","Barcelona","Cataluña","125"
"28042026","0","","RIEJU","RALLY 307","Rioja (La)","La Rioja","292"
"28042026","0","","PIAGGIO","MEDLEY 125","Tarragona","Cataluña","125"
"28042026","0","","VOGE","SR3","Córdoba","Andalucía","244"
"28042026","0","","HONDA","ADV 350","Zaragoza","Aragón","330"
"28042026","0","","CFMOTO","675SR-R","Lugo","Galicia","674"
"28042026","0","","TRIUMPH","TIGER SPORT 660","Málaga","Andalucía","660"
"28042026","0","","VOGE","DS800X RALLY","Alicante/Alacant","Comunidad Valenciana","798"
"28042026","0","","KYMCO","SUPER DINK GT 125 E5+","Madrid","Comunidad de Madrid","124"
"28042026","0","","VOGE","DS800X RALLY","Madrid","Comunidad de Madrid","798"
"28042026","0","","HONDA","PCX 125","Albacete","Castilla-La Mancha","125"
"28042026","0","","YAMAHA","XMAX 300","Málaga","Andalucía","292"
"28042026","0","","YAMAHA","WR125","Sevilla","Andalucía","125"
"28042026","0","","KYMCO","DTX","Almería","Andalucía","124"
"28042026","0","","BSA","BANTAM","Valencia/València","Comunidad Valenciana","334"
"28042026","0","","ZONTES","125M","Cádiz","Andalucía","125"
"28042026","0","","ZONTES","368G","Cáceres","Extremadura","368"
"28042026","0","","KEEWAY","XDV 125 EVO PRO","Ceuta","Ceuta","125"
"28042026","0","","YAMAHA","XMAX 300","Madrid","Comunidad de Madrid","292"
"28042026","0","","HONDA","PCX 125","Gipuzkoa","País Vasco","125"
"28042026","0","","VOGE","DS800X RALLY","Melilla","Melilla","798"
"28042026","0","","SUZUKI","ADDRESS 125","Alicante/Alacant","Comunidad Valenciana","124"
"28042026","0","","MITT","OGAR LEGEND","Zaragoza","Aragón","125"
"28042026","0","","YAMAHA","RayZR 125","Girona","Cataluña","125"
"28042026","0","","HONDA","CBR 650 R","Barcelona","Cataluña","649"
"28042026","0","","KYMCO","AGILITY S","Alicante/Alacant","Comunidad Valenciana","125"
"28042026","0","","PIAGGIO","MEDLEY 125","Bizkaia","País Vasco","125"
"28042026","0","","SYM","JET 14","Murcia","Región de Murcia","125"
"28042026","0","","PIAGGIO","LIBERTY 125 ABS","Illes Balears","Illes Balears","124"
"28042026","0","","ZONTES","125D","Cuenca","Castilla-La Mancha","125"
"28042026","0","","BMW","M 1000 XR","Barcelona","Cataluña","999"
"28042026","0","","PEUGEOT","KISBEE M","Madrid","Comunidad de Madrid","125"
"28042026","0","","HONDA","FORZA125","Sevilla","Andalucía","125"
"28042026","0","","QJMOTOR","FORT 125 N E5+","Girona","Cataluña","125"
"28042026","0","","BMW","C 400 GT","Barcelona","Cataluña","350"
"28042026","0","","TRIUMPH","SPEED TWIN 900","Valladolid","Castilla y León","900"
"28042026","0","","MH MOTORCYCLES","VRT","Madrid","Comunidad de Madrid","124"
"28042026","0","","HONDA","NX500","Córdoba","Andalucía","471"
"28042026","0","","VOGE","DS800X RALLY","Cáceres","Extremadura","798"
"28042026","0","","YAMAHA","MT-125","Asturias","Principado de Asturias","125"
"28042026","0","","KYMCO","SUPER DINK GT","Burgos","Castilla y León","321"
"28042026","0","","HONDA","SH Mode 125","Barcelona","Cataluña","125"
"28042026","0","","QJMOTOR","SRT 900 S","Girona","Cataluña","904"
"28042026","0","","VOGE","625DSX","Toledo","Castilla-La Mancha","581"
"28042026","0","","HONDA","NX500","Cantabria","Cantabria","471"
"28042026","0","","HONDA","NX500","Málaga","Andalucía","471"
"28042026","0","","VOGE","DS800X RALLY","Ciudad Real","Castilla-La Mancha","798"
"28042026","0","","YAMAHA","NMAX 125","Córdoba","Andalucía","125"
"28042026","0","","VOGE","DS800X RALLY","Navarra","Comunidad Foral de Navarra","798"
"28042026","0","","ZONTES","368G","Sevilla","Andalucía","368"
"28042026","0","","YAMAHA","NMAX 125","Alicante/Alacant","Comunidad Valenciana","125"
"28042026","0","","KYMCO","AGILITY S","Barcelona","Cataluña","125"
"28042026","0","","HONDA","PCX 125","Córdoba","Andalucía","125"
"28042026","0","","RIEJU","RALLY 307","Sevilla","Andalucía","292"
"28042026","0","","KEEWAY","ICON 125 S","Badajoz","Extremadura","124"
"28042026","0","","APRILIA","SR GT 125","Granada","Andalucía","125"
"28042026","0","","SYM","SYMPHONY 125","Santa Cruz de Tenerife","Canarias","125"
"28042026","0","","ZONTES","ZT125-U","Jaén","Andalucía","125"
"28042026","0","","BENDA","LFC700","Tarragona","Cataluña","677"
"28042026","0","","ZONTES","125C","Huesca","Aragón","125"
"28042026","0","","HONDA","PCX 125","Murcia","Región de Murcia","125"
"28042026","0","","KYMCO","AGILITY S","Valencia/València","Comunidad Valenciana","125"
"28042026","0","","HONDA","ADV 750","Santa Cruz de Tenerife","Canarias","745"
"28042026","0","","YAMAHA","XMAX 300","Madrid","Comunidad de Madrid","292"
"28042026","0","","HONDA","FORZA 350","Gipuzkoa","País Vasco","330"
"28042026","0","","MH MOTORCYCLES","VRS","Granada","Andalucía","124"
"28042026","0","","KAWASAKI","VERSYS 1100","Granada","Andalucía","1099"
"28042026","0","","KEEWAY","VIESTE 125","Barcelona","Cataluña","125"
"28042026","0","","BMW","R 1300 GS","Barcelona","Cataluña","1300"
"28042026","0","","ZONTES","125D","Málaga","Andalucía","125"
"28042026","0","","HONDA","SH125i","Barcelona","Cataluña","125"
"28042026","0","","HONDA","PCX 125","Sevilla","Andalucía","125"
"28042026","0","","HONDA","GB350S","Madrid","Comunidad de Madrid","348"
"28042026","0","","VOGE","300RALLY","Palencia","Castilla y León","292"
"28042026","0","","LETBE","ISLAND","Málaga","Andalucía","125"
"28042026","0","","ZONTES","368G","Tarragona","Cataluña","368"
"28042026","0","","HONDA","SH125i","Palmas (Las)","Canarias","125"
"28042026","0","","VOGE","R125","Barcelona","Cataluña","125"
"28042026","0","","RIEJU","RALLY 307","Burgos","Castilla y León","292"
"28042026","0","","ZONTES","ZT125-U","Coruña (A)","Galicia","125"
"28042026","0","","KYMCO","DTX","Tarragona","Cataluña","124"
"28042026","0","","KEEWAY","X-LIGHT 125","Alicante/Alacant","Comunidad Valenciana","125"
"28042026","0","","VOGE","625R","Girona","Cataluña","581"
"28042026","0","","ZONTES","368G","Barcelona","Cataluña","368"
"28042026","0","","YAMAHA","XMAX 300","Illes Balears","Illes Balears","292"
"28042026","0","","SYM","JET 14","Granada","Andalucía","125"
"28042026","0","","QJMOTOR","MTX 125 E5+","Córdoba","Andalucía","125"
"28042026","0","","YAMAHA","NMAX 125","Madrid","Comunidad de Madrid","125"
"28042026","0","","VOGE","DS900X","Barcelona","Cataluña","895"
"28042026","0","","BAJAJ","PULSAR NS 125","Madrid","Comunidad de Madrid","124"
"28042026","0","","BAJAJ","PULSAR NS 400 Z","Zaragoza","Aragón","373"
"28042026","0","","SUZUKI","ADDRESS 125","Illes Balears","Illes Balears","124"
"28042026","0","","RIEJU","RALLY 307","Madrid","Comunidad de Madrid","292"
"28042026","0","","HONDA","SH125i","Tarragona","Cataluña","125"
"28042026","0","","YAMAHA","Tracer 9 GT","Valencia/València","Comunidad Valenciana","890"
"28042026","0","","KEEWAY","RKS 125","Jaén","Andalucía","124"
"28042026","0","","KTM","KTM 890 ADVENTURE R","Valladolid","Castilla y León","889"
"28042026","0","","YAMAHA","TRACER 700","Barcelona","Cataluña","689"
"28042026","0","","QJMOTOR","SRT 700 X E5+","Valencia/València","Comunidad Valenciana","698"
"28042026","0","","VOGE","DS900X","Sevilla","Andalucía","895"
"28042026","0","","CFMOTO","800NK","Valencia/València","Comunidad Valenciana","799"
"28042026","0","","HONDA","CBR 650 R","Pontevedra","Galicia","649"
"28042026","0","","HONDA","CB650RA","Palmas (Las)","Canarias","649"
"28042026","0","","CYCLONE","RA125 PLUS","Palmas (Las)","Canarias","124"
"28042026","0","","PEUGEOT","TWEET FL 125 CC","Tarragona","Cataluña","125"
"28042026","0","","VOGE","DS900X","Madrid","Comunidad de Madrid","895"
"28042026","0","","APRILIA","SR GT 400","Cádiz","Andalucía","399"
"28042026","0","","CYCLONE","LS-Z","Jaén","Andalucía","124"
"28042026","0","","HONDA","SH Mode 125","Gipuzkoa","País Vasco","125"
"28042026","0","","TRIUMPH","BONNEVILLE T100","Málaga","Andalucía","900"
"28042026","0","","BMW","R 1300 RT","Madrid","Comunidad de Madrid","1300"
"28042026","0","","HONDA","PCX 125","Santa Cruz de Tenerife","Canarias","125"
"28042026","0","","YAMAHA","NMAX 125","Madrid","Comunidad de Madrid","125"
"28042026","0","","VOGE","DS900X","Girona","Cataluña","895"
"28042026","0","","YAMAHA","XMAX 125","Girona","Cataluña","125"
"28042026","0","","PIAGGIO","MEDLEY 200","Girona","Cataluña","174"
"28042026","0","","HONDA","VISION 110","Illes Balears","Illes Balears","109"
"28042026","0","","QJMOTOR","FORT 125 N E5+","Madrid","Comunidad de Madrid","125"
"28042026","0","","SUZUKI","GSX1300R","Rioja (La)","La Rioja","1340"
"28042026","0","","HONDA","CRF1100L Africa Twin","Granada","Andalucía","1084"
"28042026","0","","HONDA","GB350S","Castellón/Castelló","Comunidad Valenciana","348"
"28042026","0","","UM","DSR EX 125","Zamora","Castilla y León","124"
"28042026","0","","YAMAHA","XMAX 125","Madrid","Comunidad de Madrid","125"
"28042026","0","","HONDA","PCX 125","Illes Balears","Illes Balears","125"
"28042026","0","","EFUN","LION","Madrid","Comunidad de Madrid","125"
"28042026","0","","QJMOTOR","TRX 125 E5+","Barcelona","Cataluña","125"
"28042026","0","","ZONTES","368M","Santa Cruz de Tenerife","Canarias","368"
"28042026","0","","CFMOTO","450MT","Valencia/València","Comunidad Valenciana","449"
"28042026","0","","HONDA","FORZA 750","Illes Balears","Illes Balears","745"
"28042026","0","","LETBE","LB150T-2A","Almería","Andalucía","150"
"28042026","0","","BENDA","CHINCHILLA","Pontevedra","Galicia","476"
"28042026","0","","HONDA","PCX 125","Barcelona","Cataluña","125"
"28042026","0","","BMW","R 1300 RT","Palmas (Las)","Canarias","1300"
"28042026","0","","MOTO MORINI","SEIEMMEZZO","Pontevedra","Galicia","649"
"28042026","0","","RIEJU","X-OVER 357","Girona","Cataluña","330"
"28042026","0","","YAMAHA","NMAX 125","Barcelona","Cataluña","125"
"28042026","0","","PIAGGIO","LIBERTY 125 ABS","Illes Balears","Illes Balears","124"
"28042026","0","","HONDA","ADV 350","Castellón/Castelló","Comunidad Valenciana","330"
"28042026","0","","YAMAHA","NMAX 125","Valladolid","Castilla y León","125"
"28042026","0","","BENELLI","BKX 125","Barcelona","Cataluña","125"
"28042026","0","","KYMCO","AGILITY S","Melilla","Melilla","125"
"28042026","0","","SYM","SYMPHONY 125","Girona","Cataluña","125"
"28042026","0","","QJMOTOR","MTX 125 E5+","Madrid","Comunidad de Madrid","125"
"28042026","0","","VOGE","DS800X RALLY","Girona","Cataluña","798"
"28042026","0","","KAWASAKI","KLE500","Huesca","Aragón","451"
"28042026","0","","SUZUKI","GSX-8S","Illes Balears","Illes Balears","776"
"28042026","0","","VOGE","DS900X","Navarra","Comunidad Foral de Navarra","895"
"28042026","0","","PIAGGIO","VESPA GTS","Illes Balears","Illes Balears","310"
"28042026","0","","HONDA","SH125i","Málaga","Andalucía","125"
"28042026","0","","ZONTES","368G","Tarragona","Cataluña","368"
"28042026","0","","ZONTES","ZT125-Z2","Cantabria","Cantabria","125"
"28042026","0","","YAMAHA","Tracer 9 GT","Cáceres","Extremadura","890"
"28042026","0","","CFMOTO","700MT","Valencia/València","Comunidad Valenciana","693"
"28042026","0","","GASGAS","TXT 300","Cantabria","Cantabria","294"
"28042026","0","","KTM","KTM 390 ADVENTURE R","Valencia/València","Comunidad Valenciana","399"
"28042026","0","","KYMCO","SKYTOWN 125","Murcia","Región de Murcia","125"
"28042026","0","","QJMOTOR","SRK 125 S E5+","Madrid","Comunidad de Madrid","125"
"28042026","0","","CFMOTO","450MT","Jaén","Andalucía","449"
"28042026","0","","HONDA","ADV 750","Ceuta","Ceuta","745"
"28042026","0","","BMW","C 400 X","Illes Balears","Illes Balears","350"
"28042026","0","","RIEJU","N/A","Sevilla","Andalucía","125"
"28042026","0","","ZONTES","703F","Valencia/València","Comunidad Valenciana","699"
"28042026","0","","YAMAHA","NMAX 125","Bizkaia","País Vasco","125"
"28042026","0","","MOTO GUZZI","V7 SPORT","Barcelona","Cataluña","853"
"28042026","0","","HONDA","PCX 125","Bizkaia","País Vasco","125"
"28042026","0","","KYMCO","AGILITY S","Barcelona","Cataluña","125"
"28042026","0","","VOGE","625DSX","Barcelona","Cataluña","581"
"28042026","0","","YAMAHA","NMAX 125","Asturias","Principado de Asturias","125"
"28042026","0","","ZONTES","125C","Navarra","Comunidad Foral de Navarra","125"
"28042026","0","","YAMAHA","NMAX 125","Badajoz","Extremadura","125"
"28042026","0","","ZONTES","368G","Jaén","Andalucía","368"
"28042026","0","","QJMOTOR","ATR 125 E5+","Barcelona","Cataluña","125"
"28042026","0","","VOGE","DS900X","Sevilla","Andalucía","895"
"28042026","0","","HONDA","FORZA 750","Madrid","Comunidad de Madrid","745"
"28042026","0","","RIEJU","RALLY 307","Toledo","Castilla-La Mancha","292"
"28042026","0","","ZONTES","368G","Almería","Andalucía","368"
"28042026","0","","RIEJU","N/A","Almería","Andalucía","297"
"28042026","0","","ZONTES","368G","Palmas (Las)","Canarias","368"
"28042026","0","","YAMAHA","NMAX 125","Pontevedra","Galicia","125"
"28042026","0","","KAWASAKI","Z650","Asturias","Principado de Asturias","649"
"28042026","0","","YAMAHA","XMAX 125","Málaga","Andalucía","125"
"28042026","0","","YAMAHA","XMAX 125","Illes Balears","Illes Balears","125"
"28042026","0","","SYM","ADX 300 TCS","Barcelona","Cataluña","278"
"28042026","0","","KOVE","KOVE 800 X GT","Girona","Cataluña","799"
"28042026","0","","HONDA","NC 750 X","Madrid","Comunidad de Madrid","745"
"28042026","0","","HONDA","C125A","Tarragona","Cataluña","124"
"28042026","0","","HONDA","NT1100","Alicante/Alacant","Comunidad Valenciana","1084"
"28042026","0","","YAMAHA","XMAX 125","Barcelona","Cataluña","125"
"28042026","0","","MITT","125GP","Valencia/València","Comunidad Valenciana","124"
"28042026","0","","PIAGGIO","VESPA GTS 125","Ceuta","Ceuta","125"
"28042026","0","","YAMAHA","XMAX 300","Barcelona","Cataluña","292"
"28042026","0","","SYM","SYMPHONY 125","Illes Balears","Illes Balears","125"
"28042026","0","","ZONTES","125C","Ourense","Galicia","125"
"28042026","0","","YAMAHA","MT-125","Asturias","Principado de Asturias","125"
"28042026","0","","HONDA","VISION 110","Barcelona","Cataluña","109"
"28042026","0","","VOGE","SR1ADV","Málaga","Andalucía","125"
"28042026","0","","HONDA","VISION 110","Barcelona","Cataluña","109"
"28042026","0","","QJMOTOR","SRT 700 X E5+","Toledo","Castilla-La Mancha","698"
"28042026","0","","YAMAHA","Tracer 9 GT","Madrid","Comunidad de Madrid","890"
"28042026","0","","KYMCO","AGILITY S","Bizkaia","País Vasco","125"
"28042026","0","","MITT","125 DESERT","Albacete","Castilla-La Mancha","125"
"28042026","0","","BENDA","NAPOLEON 125","Navarra","Comunidad Foral de Navarra","125"
"28042026","0","","BENELLI","BN125","Illes Balears","Illes Balears","125"
"28042026","0","","VOGE","SR16","Barcelona","Cataluña","125"
"28042026","0","","YAMAHA","TMAX 560","Girona","Cataluña","562"
"28042026","0","","YAMAHA","Tracer 9 GT","Barcelona","Cataluña","890"
"28042026","0","","HONDA","SH125i","Málaga","Andalucía","125"
"28042026","0","","HONDA","SH350i","Barcelona","Cataluña","330"
"28042026","0","","SYM","JET 14","Jaén","Andalucía","125"
"28042026","0","","KAWASAKI","Z900","Madrid","Comunidad de Madrid","948"
"28042026","0","","ZONTES","703RR","Barcelona","Cataluña","699"
"28042026","0","","HONDA","PCX 125","Sevilla","Andalucía","125"
"28042026","0","","YAMAHA","NMAX 125","Pontevedra","Galicia","125"
"28042026","0","","VOGE","625DSX","Barcelona","Cataluña","581"
"28042026","0","","KYMCO","AGILITY S","Cádiz","Andalucía","125"
"28042026","0","","VOGE","DS800X RALLY","Melilla","Melilla","798"
"28042026","0","","HONDA","SH Mode 125","Barcelona","Cataluña","125"
"28042026","0","","SYM","SYMPHONY 125","Barcelona","Cataluña","125"
"28042026","0","","VOGE","SR1ADV","Navarra","Comunidad Foral de Navarra","125"
"28042026","0","","VOGE","R125","Alicante/Alacant","Comunidad Valenciana","125"
"28042026","0","","KTM","KTM 790 ADVENTURE","Madrid","Comunidad de Madrid","799"
"28042026","0","","KAWASAKI","KLE500","Burgos","Castilla y León","451"
"28042026","0","","SYM","SYMPHONY 125","Santa Cruz de Tenerife","Canarias","125"
"28042026","0","","ZONTES","368G","Huelva","Andalucía","368"
"28042026","0","","KAWASAKI","Z7 HYBRID","Barcelona","Cataluña","451"
"28042026","0","","KTM","KTM 350 EXC-F","Palmas (Las)","Canarias","350"
"28042026","0","","MACBOR","EIGHT MILE 125 LC","Almería","Andalucía","124"
"28042026","0","","PEUGEOT","XP","Almería","Andalucía","399"
"28042026","0","","VOGE","SR1","Zaragoza","Aragón","125"
"28042026","0","","BMW","C 400 X","Palencia","Castilla y León","350"
"28042026","0","","INDIAN","CHIEF DARK HORSE","Barcelona","Cataluña","1890"
"28042026","0","","KAWASAKI","NINJA ZX-6R","Asturias","Principado de Asturias","636"
"28042026","0","","YAMAHA","NMAX 125","Madrid","Comunidad de Madrid","125"
"28042026","0","","KTM","KTM 300 EXC","Gipuzkoa","País Vasco","293"
"28042026","0","","YAMAHA","MT-07","Barcelona","Cataluña","689"
"28042026","0","","QJMOTOR","MTX 125 E5+","Barcelona","Cataluña","125"
"28042026","0","","VOGE","DS900X","Barcelona","Cataluña","895"
"28042026","0","","VOGE","DS900X","Barcelona","Cataluña","895"
"28042026","0","","SYM","JET 14","Santa Cruz de Tenerife","Canarias","125"
"28042026","0","","VOGE","DS800X RALLY","Alicante/Alacant","Comunidad Valenciana","798"
"28042026","0","","YAMAHA","XMAX 125","Cádiz","Andalucía","125"
"28042026","0","","SYM","SYMPHONY 125","Illes Balears","Illes Balears","125"
"28042026","0","","SYM","JET 14","Girona","Cataluña","125"
"28042026","0","","YAMAHA","MT-10","Almería","Andalucía","998"
"28042026","0","","ZONTES","368G","Málaga","Andalucía","368"
"28042026","0","","ZONTES","125E","Illes Balears","Illes Balears","125"
"28042026","0","","BMW","R 12 NINET","Madrid","Comunidad de Madrid","1170"
"28042026","0","","QJMOTOR","SRV 125 E5+","Murcia","Región de Murcia","125"
"28042026","0","","KAWASAKI","NINJA ZX-6R","Zaragoza","Aragón","636"
"28042026","0","","KYMCO","SUPER DINK GT","Cádiz","Andalucía","321"
"28042026","0","","ZONTES","368D","Melilla","Melilla","368"
"28042026","0","","BMW","R 1300 GS","Barcelona","Cataluña","1300"
"28042026","0","","HONDA","ADV 350","Cantabria","Cantabria","330"
"28042026","0","","HONDA","ADV 350","Coruña (A)","Galicia","330"
"28042026","0","","VOGE","625DSX","Murcia","Región de Murcia","581"
"28042026","0","","YAMAHA","MT-03","Valencia/València","Comunidad Valenciana","321"
"28042026","0","","KYMCO","AGILITY S","Granada","Andalucía","125"
"28042026","0","","ZONTES","368E","Huesca","Aragón","368"
"28042026","0","","CYCLONE","CARRERA 125","Toledo","Castilla-La Mancha","125"
"28042026","0","","CFMOTO","450MT","Jaén","Andalucía","449"
"28042026","0","","ZONTES","368G","Illes Balears","Illes Balears","368"
"28042026","0","","HONDA","NC 750 X","Salamanca","Castilla y León","745"
"28042026","0","","ZONTES","368E","Cantabria","Cantabria","368"
"28042026","0","","PIAGGIO","VESPA PRIMAVERA 125","Barcelona","Cataluña","124"
"28042026","0","","KYMCO","PEOPLE S 125 E5+","Huelva","Andalucía","125"
"28042026","0","","HONDA","CRF1100L Africa Twin","Palmas (Las)","Canarias","1084"
"28042026","0","","TRIUMPH","TIGER SPORT","Zaragoza","Aragón","660"
"28042026","0","","SYM","JET 14","Sevilla","Andalucía","125"
"28042026","0","","KYMCO","DTX","Tarragona","Cataluña","124"
"28042026","0","","YAMAHA","XTZ 700 Tenere","Málaga","Andalucía","689"
"28042026","0","","ZONTES","125C","Valencia/València","Comunidad Valenciana","125"
"28042026","0","","KAWASAKI","VERSYS 1100","Pontevedra","Galicia","1099"
"28042026","0","","ZONTES","368G","Almería","Andalucía","368"
"28042026","0","","VOGE","625DSX","Pontevedra","Galicia","581"
"28042026","0","","VOGE","DS800X RALLY","Madrid","Comunidad de Madrid","798"
"28042026","0","","HONDA","FORZA 750","Almería","Andalucía","745"
"28042026","0","","HONDA","CB 500 F","Madrid","Comunidad de Madrid","471"
"28042026","0","","SYM","SYMPHONY 125","Gipuzkoa","País Vasco","125"
"28042026","0","","VOGE","DS800X RALLY","Melilla","Melilla","798"
"28042026","0","","INDIAN","CHIEFTAIN POWERPLUS LI","Valencia/València","Comunidad Valenciana","1834"
"28042026","0","","HONDA","PCX 125","Cádiz","Andalucía","125"
"28042026","0","","HONDA","SH125i","Girona","Cataluña","125"
"28042026","0","","YAMAHA","RayZR 125","Málaga","Andalucía","125"
"28042026","0","","YAMAHA","XMAX 300","Barcelona","Cataluña","292"
"28042026","0","","HONDA","SH350i","Barcelona","Cataluña","330"
"28042026","0","","QJMOTOR","FORT 125 N E5+","Valencia/València","Comunidad Valenciana","125"
"28042026","0","","BENELLI","BKX 125","Lleida","Cataluña","125"
"28042026","0","","YAMAHA","MT-07","Barcelona","Cataluña","689"
"28042026","0","","YAMAHA","XMAX 125","Valencia/València","Comunidad Valenciana","125"
"28042026","0","","PEUGEOT","PM-03","Murcia","Región de Murcia","292"
"28042026","0","","HONDA","CMX1100","Alicante/Alacant","Comunidad Valenciana","1084"
"28042026","0","","HUSQVARNA","HUSQVARNA 901 NORDEN","Girona","Cataluña","889"
"28042026","0","","MH MOTORCYCLES","VR10","Alicante/Alacant","Comunidad Valenciana","124"
"28042026","0","","HONDA","VISION 110","Barcelona","Cataluña","109"
"28042026","0","","HONDA","VISION 110","Illes Balears","Illes Balears","109"
"28042026","0","","TRIUMPH","TIGER SPORT 800","Málaga","Andalucía","798"
"28042026","0","","DUCATI","PANIGALE V2","Sevilla","Andalucía","890"
"28042026","0","","QJMOTOR","MTX 125 E5+","Barcelona","Cataluña","125"
"28042026","0","","VOGE","DS900X","Barcelona","Cataluña","895"
"28042026","0","","SYM","SYMPHONY 125","Girona","Cataluña","125"
"28042026","0","","VOGE","DS525X","Cádiz","Andalucía","494"
"28042026","0","","HONDA","C125A","Granada","Andalucía","124"
"28042026","0","","YAMAHA","XMAX 125","Bizkaia","País Vasco","125"
"28042026","0","","ZONTES","125C","Coruña (A)","Galicia","125"
"28042026","0","","ZONTES","ZT125-Z2","Alicante/Alacant","Comunidad Valenciana","125"
"28042026","0","","KEEWAY","VIESTE 125","Madrid","Comunidad de Madrid","125"
"28042026","0","","APRILIA","RX 125","Girona","Cataluña","124"
"28042026","0","","KAWASAKI","ELIMINATOR","Cádiz","Andalucía","451"
"28042026","0","","YAMAHA","TRACER 700","Barcelona","Cataluña","689"
"28042026","0","","QJMOTOR","SRV 125 E5+","Madrid","Comunidad de Madrid","125"
"28042026","0","","TRIUMPH","SPEED 400","Cádiz","Andalucía","398"
"28042026","0","","HONDA","PCX 125","Lleida","Cataluña","125"
"28042026","0","","APRILIA","SR GT 125","Barcelona","Cataluña","125"
"28042026","0","","HONDA","ADV 350","Palmas (Las)","Canarias","330"
"28042026","0","","MH MOTORCYCLES","TRAY","Málaga","Andalucía","125"
"28042026","0","","MH MOTORCYCLES","VRT","Asturias","Principado de Asturias","124"
"28042026","0","","SYM","SYMPHONY 125","Girona","Cataluña","125"
"28042026","0","","HONDA","ADV 350","Palmas (Las)","Canarias","330"
"28042026","0","","HONDA","SH125i","Gipuzkoa","País Vasco","125"
"28042026","0","","BMW","R 1300 GS","Alicante/Alacant","Comunidad Valenciana","1300"
"28042026","0","","YAMAHA","XMAX 300","Granada","Andalucía","292"
"28042026","0","","YAMAHA","XMAX 125","Segovia","Castilla y León","125"
"28042026","0","","BMW","F 900 GS ADVENTURE","Madrid","Comunidad de Madrid","895"
"28042026","0","","ZONTES","125C","Rioja (La)","La Rioja","125"
"28042026","0","","KOVE","KOVE 800 X PRO 2026","Barcelona","Cataluña","799"
"28042026","0","","HARLEY-DAVIDSON","NIGHTSTER","Madrid","Comunidad de Madrid","975"
"28042026","0","","VOGE","SR16","Málaga","Andalucía","125"
"28042026","0","","VOGE","DS525X","Teruel","Aragón","494"
"28042026","0","","HONDA","CRF1100L Africa Twin","Santa Cruz de Tenerife","Canarias","1084"
"28042026","0","","SYM","ADX 125 LC TCS E5+","Alicante/Alacant","Comunidad Valenciana","125"
"28042026","0","","APRILIA","SR GT 400","Barcelona","Cataluña","399"
"28042026","0","","PIAGGIO","LIBERTY 125 ABS","Illes Balears","Illes Balears","124"
"28042026","0","","HONDA","FORZA125","Madrid","Comunidad de Madrid","125"
"28042026","0","","DUCATI","PANIGALE V2","Castellón/Castelló","Comunidad Valenciana","890"
"28042026","0","","HONDA","SH Mode 125","Navarra","Comunidad Foral de Navarra","125"
"28042026","0","","TRS","TR1 125","Barcelona","Cataluña","125"
"28042026","0","","KYMCO","DTX","Illes Balears","Illes Balears","124"
"28042026","0","","VOGE","DS800X RALLY","Cádiz","Andalucía","798"
"28042026","0","","KYMCO","DTX","Guadalajara","Castilla-La Mancha","124"
"28042026","0","","YAMAHA","NMAX 125","Cádiz","Andalucía","125"
"28042026","0","","HUSQVARNA","HUSQVARNA VITPILEN 125","Madrid","Comunidad de Madrid","125"
"28042026","0","","MORBIDELLI","T352X","Girona","Cataluña","349"
"28042026","0","","KAWASAKI","Z650","Málaga","Andalucía","649"
"28042026","0","","HONDA","ADV 350","Barcelona","Cataluña","330"
"28042026","0","","KYMCO","AGILITY S","Cádiz","Andalucía","125"
"28042026","0","","ZONTES","125C","Tarragona","Cataluña","125"
"28042026","0","","MITT","125GTS","Illes Balears","Illes Balears","125"
"28042026","0","","YAMAHA","XMAX 125","Barcelona","Cataluña","125"
"28042026","0","","ZONTES","368G","Girona","Cataluña","368"
"28042026","0","","TRIUMPH","TRIDENT 660","Sevilla","Andalucía","660"
"28042026","0","","ZONTES","125C","Asturias","Principado de Asturias","125"
"28042026","0","","KAWASAKI","NINJA ZX-6R","Coruña (A)","Galicia","636"
"28042026","0","","HONDA","PCX 125","Valencia/València","Comunidad Valenciana","125"
"28042026","0","","VOGE","625DSX","Sevilla","Andalucía","581"
"28042026","0","","ZONTES","125E","Valencia/València","Comunidad Valenciana","125"
"28042026","0","","ZONTES","368G","Valladolid","Castilla y León","368"
"28042026","0","","KEEWAY","VIESTE300 XDV","Tarragona","Cataluña","278"
"28042026","0","","YAMAHA","NMAX 125","Huelva","Andalucía","125"
"28042026","0","","YAMAHA","XTZ 700 Tenere","Cádiz","Andalucía","689"
"28042026","0","","BMW","S 1000 XR","Málaga","Andalucía","999"
"28042026","0","","MONTESA","4RIDE","Ávila","Castilla y León","259"
"28042026","0","","RIEJU","RALLY 307","Palencia","Castilla y León","292"
"28042026","0","","HONDA","FORZA125","Madrid","Comunidad de Madrid","125"
"28042026","0","","YAMAHA","TMAX 560","Tarragona","Cataluña","562"
"28042026","0","","YAMAHA","XMAX 125","Tarragona","Cataluña","125"
"28042026","0","","HONDA","FORZA125","Murcia","Región de Murcia","125"
"28042026","0","","HONDA","PCX 125","Madrid","Comunidad de Madrid","125"
"28042026","0","","BRIXTON","CROSSFIRE125XS","Sevilla","Andalucía","125"
"28042026","0","","VOGE","DS800X RALLY","Almería","Andalucía","798"
"28042026","0","","HONDA","FORZA125","Cádiz","Andalucía","125"
"28042026","0","","HONDA","FORZA 350","Málaga","Andalucía","330"
"28042026","0","","YAMAHA","XMAX 125","Málaga","Andalucía","125"
"28042026","0","","HONDA","ADV 350","Cádiz","Andalucía","330"
"28042026","0","","ZONTES","368G","Barcelona","Cataluña","368"
"28042026","0","","PEUGEOT","TWEET FL 125 CC","Asturias","Principado de Asturias","125"
"28042026","0","","HONDA","SH125i","Málaga","Andalucía","125"
"28042026","0","","YAMAHA","RayZR 125","Almería","Andalucía","125"
"28042026","0","","HONDA","CB750 Hornet","Barcelona","Cataluña","755"
"28042026","0","","APRILIA","SX 125","Granada","Andalucía","124"
"28042026","0","","HONDA","NC 750 X","Barcelona","Cataluña","745"
"28042026","0","","VOGE","DS900X","Navarra","Comunidad Foral de Navarra","895"
"28042026","0","","HONDA","FORZA 350","Barcelona","Cataluña","330"
"28042026","0","","SYM","SYMPHONY 125","Barcelona","Cataluña","125"
"28042026","0","","YAMAHA","XTZ 700 Tenere","Valladolid","Castilla y León","689"
"28042026","0","","YAMAHA","NMAX 125","Murcia","Región de Murcia","125"
"28042026","0","","SYM","JET 14","Valencia/València","Comunidad Valenciana","125"
"28042026","0","","YAMAHA","MT-125","Valencia/València","Comunidad Valenciana","125"
"28042026","0","","HONDA","ADV 350","Cádiz","Andalucía","330"
"28042026","0","","KAWASAKI","Z1100","Granada","Andalucía","1099"
"28042026","0","","VOGE","R125","Madrid","Comunidad de Madrid","125"
"28042026","0","","VOGE","SR1ADV","Santa Cruz de Tenerife","Canarias","125"
"28042026","0","","HONDA","ADV 750","Barcelona","Cataluña","745"
"28042026","0","","APRILIA","SX 125","Madrid","Comunidad de Madrid","124"
"28042026","0","","HONDA","ADV 750","Barcelona","Cataluña","745"
"28042026","0","","HONDA","SH125i","Cádiz","Andalucía","125"
"28042026","0","","SYM","JET 14","Valencia/València","Comunidad Valenciana","125"
"28042026","0","","HONDA","PCX 125","Coruña (A)","Galicia","125"
"28042026","0","","VOGE","DS800X RALLY","Jaén","Andalucía","798"
"28042026","0","","HONDA","Rebel 500","Palmas (Las)","Canarias","471"
"28042026","0","","HONDA","Rebel 500","Murcia","Región de Murcia","471"
"28042026","0","","HONDA","ADV 350","Gipuzkoa","País Vasco","330"
"28042026","0","","HONDA","NC 750 X","Valladolid","Castilla y León","745"
"28042026","0","","PIAGGIO","LIBERTY 125 ABS","Illes Balears","Illes Balears","124"
"28042026","0","","QJMOTOR","FORT 125 N E5+","Girona","Cataluña","125"
"28042026","0","","YAMAHA","TMAX 560","Barcelona","Cataluña","562"
"28042026","0","","YAMAHA","RayZR 125","Sevilla","Andalucía","125"
"28042026","0","","DUCATI","MONSTER RED","Cádiz","Andalucía","890"
"28042026","0","","HONDA","SH125i","Madrid","Comunidad de Madrid","125"
"28042026","0","","MACBOR","MONTANA XR1 125 EVO","Lleida","Cataluña","124"
"28042026","0","","KYMCO","PEOPLE S 125 E5+","Girona","Cataluña","125"
"28042026","0","","SHERCO","125 SE-R","Murcia","Región de Murcia","125"
"28042026","0","","HONDA","SH125i","Málaga","Andalucía","125"
"28042026","0","","MACBOR","MONTANA XR1 125 EVO","Valencia/València","Comunidad Valenciana","124"
"28042026","0","","VOGE","DS900X","Barcelona","Cataluña","895"
"28042026","0","","APRILIA","RS 457","Madrid","Comunidad de Madrid","457"
"28042026","0","","HONDA","SH350i","Ceuta","Ceuta","330"
"28042026","0","","YAMAHA","XTZ 700 Tenere","Barcelona","Cataluña","689"
"28042026","0","","QJMOTOR","SRK 125 S E5+","Ourense","Galicia","125"
"28042026","0","","VOGE","DS525X","Sevilla","Andalucía","494"
"28042026","0","","KYMCO","SUPER DINK GT 125 E5+","Almería","Andalucía","124"
"28042026","0","","KTM","KTM 300 EXC","Barcelona","Cataluña","293"
"28042026","0","","DUCATI","MULTISTRADA V4","Tarragona","Cataluña","1158"
"28042026","0","","VOGE","R125","Sevilla","Andalucía","125"
"28042026","0","","KYMCO","SUPER DINK GT","Córdoba","Andalucía","321"
"28042026","0","","RIEJU","NKD 125","Córdoba","Andalucía","124"
"28042026","0","","VOGE","DS900X","Madrid","Comunidad de Madrid","895"
"28042026","0","","HONDA","ADV 350","Málaga","Andalucía","330"
"28042026","0","","HARLEY-DAVIDSON","STREET BOB","Santa Cruz de Tenerife","Canarias","1923"
"28042026","0","","HONDA","ADV 350","Valencia/València","Comunidad Valenciana","330"
"28042026","0","","KAWASAKI","KLE500","Pontevedra","Galicia","451"
"28042026","0","","MOTO MORINI","X-CAPE 1200","León","Castilla y León","1187"
"28042026","0","","TRIUMPH","TIGER 1200 GT PRO","Navarra","Comunidad Foral de Navarra","1160"
"28042026","0","","YAMAHA","NMAX 125","Granada","Andalucía","125"
"28042026","0","","VOGE","625DSX","Madrid","Comunidad de Madrid","581"
"28042026","0","","HONDA","Rebel 500","Albacete","Castilla-La Mancha","471"
"28042026","0","","HONDA","CRF1100L Africa Twin","Barcelona","Cataluña","1084"
"28042026","0","","ZONTES","ZT125-G1","Madrid","Comunidad de Madrid","125"
"28042026","0","","HONDA","PCX 125","Barcelona","Cataluña","125"
"28042026","0","","APRILIA","SR GT 400","Málaga","Andalucía","399"
"28042026","0","","QJMOTOR","SRK 125 S E5+","Barcelona","Cataluña","125"
"28042026","0","","VOGE","DS800X RALLY","Tarragona","Cataluña","798"
"28042026","0","","MOTO MORINI","X-CAPE 1200","Barcelona","Cataluña","1187"
"28042026","0","","CFMOTO","800NK","Barcelona","Cataluña","799"
"28042026","0","","ZONTES","ZT125-G1","Tarragona","Cataluña","125"
"28042026","0","","SYM","SYMPHONY 125","Barcelona","Cataluña","125"
"28042026","0","","YAMAHA","XMAX 125","Málaga","Andalucía","125"
"28042026","0","","ZONTES","368G","Alicante/Alacant","Comunidad Valenciana","368"
"28042026","0","","CYCLONE","LS-Z","Coruña (A)","Galicia","124"
"28042026","0","","KTM","KTM 890 SM T","Madrid","Comunidad de Madrid","889"
"28042026","0","","YAMAHA","R125","Málaga","Andalucía","125"
"28042026","0","","ZONTES","368G","Barcelona","Cataluña","368"
"28042026","0","","SYM","JOYMAX Z 300 E5+","Sevilla","Andalucía","278"
"28042026","0","","VOGE","DS800X RALLY","Badajoz","Extremadura","798"
"28042026","0","","INDIAN","SUPER SCOUT LIMITED +","Barcelona","Cataluña","1250"
"28042026","0","","PIAGGIO","LIBERTY 125 ABS","Illes Balears","Illes Balears","124"
"28042026","0","","KTM","KTM 300 EXC","Málaga","Andalucía","293"
"28042026","0","","KEEWAY","XDV 125 EVO PRO","Alicante/Alacant","Comunidad Valenciana","125"
"28042026","0","","TRIUMPH","TRIDENT","Asturias","Principado de Asturias","660"
"28042026","0","","YAMAHA","NMAX 125","Illes Balears","Illes Balears","125"
"28042026","0","","YAMAHA","NMAX 125","Cádiz","Andalucía","125"
"28042026","0","","CFMOTO","700MT","Asturias","Principado de Asturias","693"
"28042026","0","","VOGE","DS900X","Barcelona","Cataluña","895"
"28042026","0","","VOGE","DS900X","Madrid","Comunidad de Madrid","895"
"28042026","0","","ZONTES","368G","Barcelona","Cataluña","368"
"28042026","0","","YAMAHA","NMAX 125","Sevilla","Andalucía","125"
"28042026","0","","YAMAHA","MT-09","Santa Cruz de Tenerife","Canarias","890"
"28042026","0","","KEEWAY","VERSILIA 125","Alicante/Alacant","Comunidad Valenciana","125"
"28042026","0","","YAMAHA","TMAX 560","Málaga","Andalucía","562"
"28042026","0","","RIEJU","RALLY 307","Madrid","Comunidad de Madrid","292"
"28042026","0","","ZONTES","368G","Bizkaia","País Vasco","368"
"28042026","0","","BMW","R 1300 R","Pontevedra","Galicia","1300"
"28042026","0","","RIEJU","RALLY 307","Barcelona","Cataluña","292"
"28042026","0","","KEEWAY","XDV 125 EVO PRO","Badajoz","Extremadura","125"
"28042026","0","","HONDA","ADV 750","Málaga","Andalucía","745"
"28042026","0","","PEUGEOT","KISBEE M","Zaragoza","Aragón","125"
"28042026","0","","CFMOTO","800MT-X","Alicante/Alacant","Comunidad Valenciana","799"
"28042026","0","","PIAGGIO","LIBERTY 125 ABS","Cáceres","Extremadura","124"
"28042026","0","","CFMOTO","800MT-X","Girona","Cataluña","799"
"28042026","0","","TRIUMPH","BONNEVILLE SPEEDMASTER","Cádiz","Andalucía","1200"
"28042026","0","","VOGE","DS800X RALLY","Ourense","Galicia","798"
"28042026","0","","YAMAHA","NMAX 125","Sevilla","Andalucía","125"
"28042026","0","","YAMAHA","XSR-900","Barcelona","Cataluña","890"
"28042026","0","","KYMCO","SKYTOWN 125","Huelva","Andalucía","125"
"28042026","0","","HONDA","ADV 350","Barcelona","Cataluña","330"
"28042026","0","","VOGE","625R","Madrid","Comunidad de Madrid","581"
"28042026","0","","YAMAHA","XSR-125","Madrid","Comunidad de Madrid","125"
"28042026","0","","ZONTES","368G","Alicante/Alacant","Comunidad Valenciana","368"
"28042026","0","","BAJAJ","PULSAR NS 125","Almería","Andalucía","124"
"28042026","0","","RIEJU","RALLY 307","Burgos","Castilla y León","292"
"28042026","0","","MACBOR","MONTANA XR1 125 EVO","Zaragoza","Aragón","124"
"28042026","0","","ZONTES","368G","Barcelona","Cataluña","368"
"28042026","0","","KTM","KTM 990 DUKE","Madrid","Comunidad de Madrid","947"
"28042026","0","","BMW","R 1300 RS","Bizkaia","País Vasco","1300"
"28042026","0","","APRILIA","SR GT 200","Madrid","Comunidad de Madrid","174"
"28042026","0","","BMW","R 1300 GS","Madrid","Comunidad de Madrid","1300"
"28042026","0","","YAMAHA","RayZR 125","Alicante/Alacant","Comunidad Valenciana","125"
"28042026","0","","CFMOTO","450MT","Jaén","Andalucía","449"
"28042026","0","","ZONTES","125E","Cádiz","Andalucía","125"
"28042026","0","","HONDA","PCX 125","Castellón/Castelló","Comunidad Valenciana","125"
"28042026","0","","PIAGGIO","VESPA PRIMAVERA 125","Girona","Cataluña","124"
"28042026","0","","QJMOTOR","MTX 125 E5+","Cádiz","Andalucía","125"
"28042026","0","","APRILIA","SR GT 125","Cuenca","Castilla-La Mancha","125"
"28042026","0","","HONDA","SH Mode 125","Alicante/Alacant","Comunidad Valenciana","125"
"28042026","0","","QJMOTOR","FORT 125 N E5+","Illes Balears","Illes Balears","125"
"28042026","0","","VOGE","DS900X","Cantabria","Cantabria","895"
"28042026","0","","HUSQVARNA","HUSQVARNA VITPILEN 401","Madrid","Comunidad de Madrid","399"
"28042026","0","","QJMOTOR","TRX 125 E5+","Alicante/Alacant","Comunidad Valenciana","125"
"28042026","0","","HONDA","PCX 125","Málaga","Andalucía","125"
"28042026","0","","HONDA","PCX 125","Santa Cruz de Tenerife","Canarias","125"
"28042026","0","","LETBE","VELOCITY","Barcelona","Cataluña","125"
"28042026","0","","HONDA","NT1100","Valencia/València","Comunidad Valenciana","1084"
"28042026","0","","HONDA","ADV 350","Sevilla","Andalucía","330"
"28042026","0","","HONDA","CBR 650 R","Barcelona","Cataluña","649"
"28042026","0","","QJMOTOR","SRT 900 S","Madrid","Comunidad de Madrid","904"
"28042026","0","","HONDA","CB650RA","Barcelona","Cataluña","649"
"28042026","0","","HONDA","FORZA 750","Valencia/València","Comunidad Valenciana","745"
"28042026","0","","HONDA","FORZA 350","Badajoz","Extremadura","330"
"28042026","0","","VOGE","R125","Jaén","Andalucía","125"
"28042026","0","","YAMAHA","NMAX 125","Coruña (A)","Galicia","125"
"28042026","0","","APRILIA","SR GT 125","Tarragona","Cataluña","125"
"28042026","0","","YAMAHA","TRACER 700","Barcelona","Cataluña","689"
"28042026","0","","BENDA","NAPOLEON 250","Almería","Andalucía","249"
"28042026","0","","ZONTES","125C","Coruña (A)","Galicia","125"
"28042026","0","","HONDA","ADV 350","Murcia","Región de Murcia","330"
"28042026","0","","BMW","R 1300 GS ADVENTURE","Barcelona","Cataluña","1300"
"28042026","0","","MITT","TY125T-26F","Madrid","Comunidad de Madrid","125"
"28042026","0","","KOVE","KOVE 800 X PRO 2026","Almería","Andalucía","799"
"28042026","0","","APRILIA","RX 125","Toledo","Castilla-La Mancha","124"
"28042026","0","","HONDA","ADV 350","Cádiz","Andalucía","330"
"28042026","0","","KYMCO","DTX","Tarragona","Cataluña","124"
"28042026","0","","KYMCO","DTX","Badajoz","Extremadura","124"
"28042026","0","","YAMAHA","NMAX 125","Barcelona","Cataluña","125"
"28042026","0","","BAJAJ","DOMINAR D 400","Alicante/Alacant","Comunidad Valenciana","373"
"28042026","0","","HONDA","PCX 125","Sevilla","Andalucía","125"
"28042026","0","","ZONTES","703RR","Ourense","Galicia","699"
"28042026","0","","HONDA","CB 125 F","Cádiz","Andalucía","124"
"28042026","0","","ZONTES","368E","Barcelona","Cataluña","368"
"28042026","0","","HONDA","PCX 125","Tarragona","Cataluña","125"
"28042026","0","","HONDA","FORZA125","Palmas (Las)","Canarias","125"
"28042026","0","","HONDA","FORZA125","Málaga","Andalucía","125"
"28042026","0","","SYM","JET X","Sevilla","Andalucía","125"
"28042026","0","","KYMCO","SUPER DINK GT 125 E5+","Gipuzkoa","País Vasco","124"
"28042026","0","","KYMCO","SUPER DINK GT 125 E5+","Tarragona","Cataluña","124"
"28042026","0","","ZONTES","368E","Sevilla","Andalucía","368"
"28042026","0","","ZONTES","125E","Madrid","Comunidad de Madrid","125"
"28042026","0","","SUZUKI","V-Strom 800","Bizkaia","País Vasco","776"
"28042026","0","","MITT","125GP","Madrid","Comunidad de Madrid","124"
"28042026","0","","KYMCO","SKYTOWN 125","Alicante/Alacant","Comunidad Valenciana","125"
"28042026","0","","HONDA","SH125i","Málaga","Andalucía","125"
"28042026","0","","BAJAJ","PULSAR NS 125","Madrid","Comunidad de Madrid","124"
"28042026","0","","HONDA","VISION 110","Cádiz","Andalucía","109"
"28042026","0","","MITT","125 DESERT","Valladolid","Castilla y León","125"
"28042026","0","","MOTO MORINI","CALIBRO","Granada","Andalucía","693"
"28042026","0","","YAMAHA","Tracer 9 GT","Madrid","Comunidad de Madrid","890"
"28042026","0","","HONDA","ADV 350","Illes Balears","Illes Balears","330"
"28042026","0","","SYM","SYMPHONY 125","Illes Balears","Illes Balears","125"
"28042026","0","","ZONTES","703F","Murcia","Región de Murcia","699"
"28042026","0","","KTM","KTM 125 DUKE","Toledo","Castilla-La Mancha","125"
"28042026","0","","YAMAHA","NMAX 125","Málaga","Andalucía","125"
"28042026","0","","MORBIDELLI","NR125X","Barcelona","Cataluña","125"
"28042026","0","","YAMAHA","NMAX 125","Cádiz","Andalucía","125"
"28042026","0","","HONDA","ADV 750","Barcelona","Cataluña","745"
"28042026","0","","ZONTES","125D","Bizkaia","País Vasco","125"
"28042026","0","","HONDA","FORZA 350","Madrid","Comunidad de Madrid","330"
"28042026","0","","HONDA","GB350S","Barcelona","Cataluña","348"
"28042026","0","","YAMAHA","XTZ 700 Tenere","Málaga","Andalucía","689"
"28042026","0","","SYM","JET X","Sevilla","Andalucía","125"
"28042026","0","","YAMAHA","XMAX 300","Girona","Cataluña","292"
"28042026","0","","YAMAHA","Tracer 9 GT","Madrid","Comunidad de Madrid","890"
"28042026","0","","YAMAHA","MT-07","Bizkaia","País Vasco","689"
"28042026","0","","ZONTES","ZT125-U1","Illes Balears","Illes Balears","125"
"28042026","0","","RIEJU","NOT APPLICABLE","Badajoz","Extremadura","124"
"28042026","0","","KAWASAKI","Z650","Barcelona","Cataluña","649"
"28042026","0","","BMW","C 400 GT","Barcelona","Cataluña","350"
"28042026","0","","HONDA","FORZA 350","Sevilla","Andalucía","330"
"28042026","0","","MITT","TY125T-26G","Málaga","Andalucía","125"
"28042026","0","","YAMAHA","MT-07","Zaragoza","Aragón","689"
"28042026","0","","KAWASAKI","NINJA 650","Málaga","Andalucía","649"
"28042026","0","","DUCATI","MONSTER","Santa Cruz de Tenerife","Canarias","890"
"28042026","0","","CFMOTO","700MT","Córdoba","Andalucía","693"
"28042026","0","","VOGE","DS800X RALLY","Sevilla","Andalucía","798"
"28042026","0","","SYM","SYMPHONY 125","Cádiz","Andalucía","125"
"28042026","0","","CFMOTO","700MT","Cádiz","Andalucía","693"
"28042026","0","","MH MOTORCYCLES","VRS","Granada","Andalucía","124"
"28042026","0","","VOGE","SR4 MAX","Madrid","Comunidad de Madrid","350"
"28042026","0","","YAMAHA","XMAX 125","Barcelona","Cataluña","125"
"28042026","0","","VOGE","DS800X RALLY","Santa Cruz de Tenerife","Canarias","798"
"28042026","0","","QJMOTOR","MTX 125 E5+","Granada","Andalucía","125"
"28042026","0","","KAWASAKI","NINJA 125","Barcelona","Cataluña","125"
"28042026","0","","SUZUKI","ADDRESS 125","Valencia/València","Comunidad Valenciana","124"
"28042026","0","","ZONTES","703F","Tarragona","Cataluña","699"
"28042026","0","","HONDA","MSX125A","Tarragona","Cataluña","124"
"28042026","0","","BENELLI","BN125","Tarragona","Cataluña","125"
"28042026","0","","HONDA","ADV 350","Valencia/València","Comunidad Valenciana","330"
"28042026","0","","MITT","GT-S","Ciudad Real","Castilla-La Mancha","125"
"28042026","0","","SYM","JET X","Cantabria","Cantabria","125"
"28042026","0","","BAJAJ","DOMINAR D 400","Barcelona","Cataluña","373"
"28042026","0","","HONDA","GB350S","Pontevedra","Galicia","348"
"28042026","0","","DUCATI","MULTISTRADA V2","Gipuzkoa","País Vasco","890"
"28042026","0","","HONDA","ADV 350","Valencia/València","Comunidad Valenciana","330"
"28042026","0","","YAMAHA","NMAX 125","Córdoba","Andalucía","125"
"28042026","0","","BMW","R 1300 RT","Pontevedra","Galicia","1300"
"28042026","0","","KAWASAKI","ELIMINATOR","Coruña (A)","Galicia","451"
"28042026","0","","ZONTES","368E","Alicante/Alacant","Comunidad Valenciana","368"
"28042026","0","","KOVE","450 RALLY 2026","Barcelona","Cataluña","449"
"28042026","0","","KYMCO","AGILITY S","Granada","Andalucía","125"
"28042026","0","","EFUN","LION","Valencia/València","Comunidad Valenciana","125"
"28042026","0","","HONDA","NC 750 X","Almería","Andalucía","745"
"28042026","0","","KYMCO","SUPER DINK GT 125 E5+","Barcelona","Cataluña","124"
"28042026","0","","VOGE","DS800X RALLY","Barcelona","Cataluña","798"
"28042026","0","","RIEJU","N/A","Sevilla","Andalucía","297"
"28042026","0","","QJMOTOR","ATR 125 E5+","Burgos","Castilla y León","125"
"28042026","0","","HONDA","SH125i","Málaga","Andalucía","125"
"28042026","0","","SUZUKI","ADDRESS 125","Sevilla","Andalucía","124"
"28042026","0","","PIAGGIO","MEDLEY 125","Ceuta","Ceuta","125"
"28042026","0","","PIAGGIO","LIBERTY 125 ABS","Ourense","Galicia","124"
"28042026","0","","SYM","JET 14","Illes Balears","Illes Balears","125"
"28042026","0","","YAMAHA","YZF-R9","Valencia/València","Comunidad Valenciana","890"
"28042026","0","","MH MOTORCYCLES","VR10","Sevilla","Andalucía","124"
"28042026","0","","ZONTES","ZT125-U","Ourense","Galicia","125"
"28042026","0","","QJMOTOR","SRT 900 S","Girona","Cataluña","904"
"28042026","0","","VOGE","SR16","Girona","Cataluña","125"
"28042026","0","","YAMAHA","NMAX 125","Córdoba","Andalucía","125"
"28042026","0","","VOGE","625DSX","Asturias","Principado de Asturias","581"
"28042026","0","","KYMCO","SUPER DINK GT 125 E5+","Barcelona","Cataluña","124"
"28042026","0","","KOVE","KOVE 800 X RALLY","Gipuzkoa","País Vasco","799"
"28042026","0","","KYMCO","AGILITY S","Barcelona","Cataluña","125"
"28042026","0","","BAJAJ","PULSAR NS 400 Z","Madrid","Comunidad de Madrid","373"
"28042026","0","","VOGE","SR1ADV","Zaragoza","Aragón","125"
"28042026","0","","HONDA","ADV 750","Madrid","Comunidad de Madrid","745"
"28042026","0","","CYCLONE","RA125 PLUS","Barcelona","Cataluña","124"
"28042026","0","","BMW","R 1300 GS","Valencia/València","Comunidad Valenciana","1300"
"28042026","0","","YAMAHA","NMAX 125","Zaragoza","Aragón","125"
"28042026","0","","KYMCO","SKYTOWN 125","Valencia/València","Comunidad Valenciana","125"
"28042026","0","","HONDA","NC 750 X","Huesca","Aragón","745"
"28042026","0","","ZONTES","368G","Alicante/Alacant","Comunidad Valenciana","368"
"28042026","0","","LEONART","PILDER 125","Barcelona","Cataluña","125"
"28042026","0","","YAMAHA","NMAX 125","Málaga","Andalucía","125"
"28042026","0","","VOGE","DS800X RALLY","Toledo","Castilla-La Mancha","798"
"28042026","0","","MOTO MORINI","X-CAPE 1200","Málaga","Andalucía","1187"
"28042026","0","","VOGE","R125","Huesca","Aragón","125"
"28042026","0","","HONDA","SH125i","Málaga","Andalucía","125"
"28042026","0","","SUZUKI","GSX-S125","Barcelona","Cataluña","124"
"28042026","0","","QJMOTOR","SRK 125 R E5+","Navarra","Comunidad Foral de Navarra","125"
"28042026","0","","PIAGGIO","LIBERTY 125 ABS","Illes Balears","Illes Balears","124"
"28042026","0","","HONDA","PCX 125","Madrid","Comunidad de Madrid","125"
"28042026","0","","QJMOTOR","SRV 125 E5+","Madrid","Comunidad de Madrid","125"
"28042026","0","","HONDA","CB 125 F","Madrid","Comunidad de Madrid","124"
"28042026","0","","PEUGEOT","KISBEE M","Madrid","Comunidad de Madrid","125"
"28042026","0","","YAMAHA","NMAX 125","Girona","Cataluña","125"
"28042026","0","","SYM","SYMPHONY 125","Tarragona","Cataluña","125"
"28042026","0","","YAMAHA","XMAX 125","Madrid","Comunidad de Madrid","125"
"28042026","0","","SYM","SYMPHONY 125","Barcelona","Cataluña","125"
"28042026","0","","HONDA","FORZA125","Cádiz","Andalucía","125"
"28042026","0","","VOGE","DS800X RALLY","Cádiz","Andalucía","798"
"28042026","0","","WOTTAN","GP-1","Alicante/Alacant","Comunidad Valenciana","124"
"28042026","0","","ZONTES","368G","Barcelona","Cataluña","368"
"28042026","0","","CFMOTO","450MT","Ávila","Castilla y León","449"
"28042026","0","","KYMCO","PEOPLE S 125 E5+","Tarragona","Cataluña","125"
"28042026","0","","HUSQVARNA","HUSQVARNA SVARTPILEN12","Madrid","Comunidad de Madrid","125"
"28042026","0","","VOGE","DS900X","Castellón/Castelló","Comunidad Valenciana","895"
"28042026","0","","KAWASAKI","Z650","Pontevedra","Galicia","649"
"28042026","0","","MH MOTORCYCLES","VRT","Tarragona","Cataluña","124"
"28042026","0","","TRIUMPH","TRIDENT 660 - TRIPLE T","Jaén","Andalucía","660"
"28042026","0","","MITT","TY125T-26G","Cádiz","Andalucía","125"
"28042026","0","","HUSQVARNA","HUSQVARNA 901 NORDEN E","Asturias","Principado de Asturias","889"
"28042026","0","","SYM","JET 14","Sevilla","Andalucía","125"
"28042026","0","","SYM","JET 14","Girona","Cataluña","125"
"28042026","0","","KAWASAKI","Z500","Barcelona","Cataluña","451"
"28042026","0","","YAMAHA","RayZR 125","Santa Cruz de Tenerife","Canarias","125"
"28042026","0","","QJMOTOR","MTX 125 E5+","Pontevedra","Galicia","125"
"28042026","0","","RIEJU","RALLY 307","Cádiz","Andalucía","292"
"28042026","0","","YAMAHA","XMAX 125","Barcelona","Cataluña","125"
"28042026","0","","VOGE","DS800X RALLY","Ciudad Real","Castilla-La Mancha","798"
"28042026","0","","HONDA","SH350i","Ceuta","Ceuta","330"
"28042026","0","","PIAGGIO","VESPA PRIMAVERA 125","Valencia/València","Comunidad Valenciana","124"
"28042026","0","","ZONTES","125D","Valencia/València","Comunidad Valenciana","125"
"28042026","0","","VOGE","625DSX","Murcia","Región de Murcia","581"
"28042026","0","","MITT","125GP","Valencia/València","Comunidad Valenciana","124"
"28042026","0","","KTM","KTM 125 DUKE","Guadalajara","Castilla-La Mancha","125"
"28042026","0","","TRIUMPH","TIGER 900 DESERT EDITI","Zaragoza","Aragón","888"
"28042026","0","","RIEJU","X-OVER 357","Girona","Cataluña","330"
"28042026","0","","PIAGGIO","VESPA PRIMAVERA 125","Bizkaia","País Vasco","124"
"28042026","0","","HONDA","PCX 125","Valencia/València","Comunidad Valenciana","125"
"28042026","0","","HONDA","VISION 110","Málaga","Andalucía","109"
"28042026","0","","YAMAHA","NMAX 125","Murcia","Región de Murcia","125"
"28042026","0","","YAMAHA","XTZ 700 Tenere","Toledo","Castilla-La Mancha","689"
"28042026","0","","ZONTES","ZT125-G1","Madrid","Comunidad de Madrid","125"
"28042026","0","","HONDA","CB650RA","Santa Cruz de Tenerife","Canarias","649"
"28042026","0","","PIAGGIO","LIBERTY 125 ABS","Illes Balears","Illes Balears","124"
"28042026","0","","VOGE","DS900X","Murcia","Región de Murcia","895"
"28042026","0","","YAMAHA","NMAX 125","Zaragoza","Aragón","125"
"28042026","0","","HONDA","ADV 350","Granada","Andalucía","330"
"28042026","0","","APRILIA","SX 125","Murcia","Región de Murcia","124"
"28042026","0","","APRILIA","SR GT 125","Alicante/Alacant","Comunidad Valenciana","125"
"28042026","0","","SUZUKI","ADDRESS 125","Cantabria","Cantabria","124"
"28042026","0","","HONDA","PCX 125","Almería","Andalucía","125"
"28042026","0","","HONDA","ADV 750","Ciudad Real","Castilla-La Mancha","745"
"28042026","0","","YAMAHA","NMAX 125","Alicante/Alacant","Comunidad Valenciana","125"
"28042026","0","","RIEJU","NKD 125","Cádiz","Andalucía","124"
"28042026","0","","MOTO MORINI","X-CAPE 700","Santa Cruz de Tenerife","Canarias","693"
"28042026","0","","YAMAHA","MT-07","Madrid","Comunidad de Madrid","689"
"28042026","0","","HONDA","GB350S","Alicante/Alacant","Comunidad Valenciana","348"
"28042026","0","","YAMAHA","NMAX 125","Illes Balears","Illes Balears","125"
"28042026","0","","HONDA","NT1100","Barcelona","Cataluña","1084"
"28042026","0","","KYMCO","SKYTOWN 125","Girona","Cataluña","125"
"28042026","0","","YAMAHA","XMAX 125","Badajoz","Extremadura","125"
"28042026","0","","SUZUKI","ADDRESS 125","Alicante/Alacant","Comunidad Valenciana","124"
"28042026","0","","SYM","ADX 300 TCS","Barcelona","Cataluña","278"
"28042026","0","","ZONTES","368G","Badajoz","Extremadura","368"
"28042026","0","","HONDA","PCX 125","Alicante/Alacant","Comunidad Valenciana","125"
"28042026","0","","HONDA","PCX 125","Barcelona","Cataluña","125"
