FEC_MATRICULA,COD_CLASE_MAT,FEC_TRAMITACION,MARCA_ITV,MODELO_ITV,PROVINCIA_VEH,COMUNIDAD_AUTONOMA,CILINDRADA_ITV
"29042026","0","","HUSQVARNA","HUSQVARNA 701 ENDURO","Madrid","Comunidad de Madrid","693"
"29042026","0","","BENELLI","BN125","Coruña (A)","Galicia","125"
"29042026","0","","YAMAHA","MT-125","Illes Balears","Illes Balears","125"
"29042026","0","","YAMAHA","NMAX 125","Pontevedra","Galicia","125"
"29042026","0","","CFMOTO","800MT-X","Valencia/València","Comunidad Valenciana","799"
"29042026","0","","YAMAHA","XMAX 125","Navarra","Comunidad Foral de Navarra","125"
"29042026","0","","KYMCO","DTX","Valencia/València","Comunidad Valenciana","124"
"29042026","0","","PIAGGIO","LIBERTY 125 ABS","Cádiz","Andalucía","124"
"29042026","0","","ZONTES","368G","Málaga","Andalucía","368"
"29042026","0","","SYM","SYMPHONY  NEW 125 SR C","Burgos","Castilla y León","125"
"29042026","0","","PIAGGIO","LIBERTY 125 ABS","Sevilla","Andalucía","124"
"29042026","0","","PEUGEOT","KISBEE M","Barcelona","Cataluña","125"
"29042026","0","","SYM","SYMPHONY  NEW 125 SR C","Málaga","Andalucía","125"
"29042026","0","","TRIUMPH","STREET TRIPLE 765 RX","Girona","Cataluña","765"
"29042026","0","","ZONTES","368G","Sevilla","Andalucía","368"
"29042026","0","","KAWASAKI","NINJA ZX-6R","Barcelona","Cataluña","636"
"29042026","0","","YAMAHA","XTZ 700 Tenere","Badajoz","Extremadura","689"
"29042026","0","","QJMOTOR","SRT 600 SX E5+","Tarragona","Cataluña","554"
"29042026","0","","KYMCO","DTX","Murcia","Región de Murcia","321"
"29042026","0","","HONDA","ADV 350","Granada","Andalucía","330"
"29042026","0","","RIEJU","RALLY 307","Soria","Castilla y León","292"
"29042026","0","","HONDA","PCX 125","Málaga","Andalucía","125"
"29042026","0","","YAMAHA","XTZ 700 Tenere","Cádiz","Andalucía","689"
"29042026","0","","PIAGGIO","VESPA PRIMAVERA 125","Illes Balears","Illes Balears","124"
"29042026","0","","MH MOTORCYCLES","TRAY","Illes Balears","Illes Balears","125"
"29042026","0","","VOGE","DS900X","Cáceres","Extremadura","895"
"29042026","0","","BMW","R 1300 GS ADVENTURE","Alicante/Alacant","Comunidad Valenciana","1300"
"29042026","0","","HONDA","CB650RA","Málaga","Andalucía","649"
"29042026","0","","YAMAHA","RayZR 125","Girona","Cataluña","125"
"29042026","0","","HARLEY-DAVIDSON","SPORT GLIDE","Valladolid","Castilla y León","1745"
"29042026","0","","HONDA","SH125i","Málaga","Andalucía","125"
"29042026","0","","PIAGGIO","LIBERTY 125 ABS","Illes Balears","Illes Balears","124"
"29042026","0","","CFMOTO","450MT","Jaén","Andalucía","449"
"29042026","0","","HONDA","ADV 350","Palmas (Las)","Canarias","330"
"29042026","0","","KAWASAKI","Z1100","Alicante/Alacant","Comunidad Valenciana","1099"
"29042026","0","","RIEJU","RALLY 307","Castellón/Castelló","Comunidad Valenciana","292"
"29042026","0","","PIAGGIO","LIBERTY 125 ABS","Illes Balears","Illes Balears","124"
"29042026","0","","SYM","SYMPHONY  NEW 125 SR C","Illes Balears","Illes Balears","125"
"29042026","0","","PEUGEOT","KISBEE M","Barcelona","Cataluña","125"
"29042026","0","","YAMAHA","XMAX 300","Cáceres","Extremadura","292"
"29042026","0","","SUZUKI","ADDRESS 125","Barcelona","Cataluña","124"
"29042026","0","","KOVE","KOVE 800 X PRO 2026","Madrid","Comunidad de Madrid","799"
"29042026","0","","YAMAHA","XTZ 700 Tenere","Navarra","Comunidad Foral de Navarra","689"
"29042026","0","","HONDA","SH350i","Barcelona","Cataluña","330"
"29042026","0","","YAMAHA","Tracer 9 GT","Madrid","Comunidad de Madrid","890"
"29042026","0","","KEEWAY","VIESTE 125XDV","Madrid","Comunidad de Madrid","125"
"29042026","0","","HONDA","ADV 750","Málaga","Andalucía","745"
"29042026","0","","PIAGGIO","MEDLEY 200","Barcelona","Cataluña","174"
"29042026","0","","HONDA","FORZA125","Girona","Cataluña","125"
"29042026","0","","BMW","R 1300 GS ADVENTURE","Madrid","Comunidad de Madrid","1300"
"29042026","0","","ZONTES","368G","Palmas (Las)","Canarias","368"
"29042026","0","","BMW","F 900 R","Madrid","Comunidad de Madrid","895"
"29042026","0","","MACBOR","ROCKSTER FLAT 125 EVO","Sevilla","Andalucía","125"
"29042026","0","","HONDA","SH125i","Málaga","Andalucía","125"
"29042026","0","","ZONTES","368G","Cádiz","Andalucía","368"
"29042026","0","","PIAGGIO","LIBERTY 125 ABS","Illes Balears","Illes Balears","124"
"29042026","0","","YAMAHA","XMAX 300","Valencia/València","Comunidad Valenciana","292"
"29042026","0","","YAMAHA","NMAX 125","Asturias","Principado de Asturias","125"
"29042026","0","","PIAGGIO","LIBERTY 125 ABS","Illes Balears","Illes Balears","124"
"29042026","0","","PEUGEOT","KISBEE M","Barcelona","Cataluña","125"
"29042026","0","","HONDA","SH350i","Málaga","Andalucía","330"
"29042026","0","","SYM","SYMPHONY  NEW 125 SR C","Girona","Cataluña","125"
"29042026","0","","KEEWAY","XDV 125 EVO PRO","Málaga","Andalucía","125"
"29042026","0","","PIAGGIO","LIBERTY 125 ABS","Illes Balears","Illes Balears","124"
"29042026","0","","KYMCO","AGILITY S","Illes Balears","Illes Balears","125"
"29042026","0","","CYCLONE","SR600-3B","Barcelona","Cataluña","549"
"29042026","0","","YAMAHA","TMAX 560","Madrid","Comunidad de Madrid","562"
"29042026","0","","KAWASAKI","Z500","Badajoz","Extremadura","451"
"29042026","0","","VOGE","DS800X RALLY","Cádiz","Andalucía","798"
"29042026","0","","ZONTES","368G","Valencia/València","Comunidad Valenciana","368"
"29042026","0","","YAMAHA","XMAX 125","Madrid","Comunidad de Madrid","125"
"29042026","0","","KOVE","KOVE 800 X GT","Lleida","Cataluña","799"
"29042026","0","","HONDA","SH350i","Barcelona","Cataluña","330"
"29042026","0","","HONDA","FORZA 350","Barcelona","Cataluña","330"
"29042026","0","","HONDA","SH125i","Barcelona","Cataluña","125"
"29042026","0","","CYCLONE","RT1","Bizkaia","País Vasco","125"
"29042026","0","","HONDA","Rebel 500","Asturias","Principado de Asturias","471"
"29042026","0","","HONDA","CB750AC","Illes Balears","Illes Balears","755"
"29042026","0","","MORBIDELLI","T502X","Valencia/València","Comunidad Valenciana","486"
"29042026","0","","YAMAHA","NMAX 125","Madrid","Comunidad de Madrid","125"
"29042026","0","","ZONTES","ZT125-U","Valencia/València","Comunidad Valenciana","125"
"29042026","0","","PIAGGIO","LIBERTY 125 ABS","Illes Balears","Illes Balears","124"
"29042026","0","","VOGE","SR16","Barcelona","Cataluña","125"
"29042026","0","","HONDA","ADV 750","Madrid","Comunidad de Madrid","745"
"29042026","0","","HONDA","ADV 750","Barcelona","Cataluña","745"
"29042026","0","","YAMAHA","MT-07","Barcelona","Cataluña","689"
"29042026","0","","SYM","SYMPHONY  NEW 125 SR C","Girona","Cataluña","125"
"29042026","0","","VOGE","DS800X RALLY","Santa Cruz de Tenerife","Canarias","798"
"29042026","0","","VOGE","DS900X","Barcelona","Cataluña","895"
"29042026","0","","LETBE","ISLAND","Palmas (Las)","Canarias","125"
"29042026","0","","FANTIC MOTOR","---","Palmas (Las)","Canarias","125"
"29042026","0","","BMW","F 900 XR","Alicante/Alacant","Comunidad Valenciana","895"
"29042026","0","","SYM","SYMPHONY 125","Murcia","Región de Murcia","125"
"29042026","0","","YAMAHA","NMAX 125","Cádiz","Andalucía","125"
"29042026","0","","HONDA","FORZA125","Sevilla","Andalucía","125"
"29042026","0","","YAMAHA","XMAX 125","Cádiz","Andalucía","125"
"29042026","0","","ZONTES","703F","Cáceres","Extremadura","699"
"29042026","0","","APRILIA","RS 125","Barcelona","Cataluña","124"
"29042026","0","","KAWASAKI","Z125","Cuenca","Castilla-La Mancha","125"
"29042026","0","","VOGE","DS900X","Barcelona","Cataluña","895"
"29042026","0","","ZONTES","368D","Barcelona","Cataluña","368"
"29042026","0","","ZONTES","368G","Alicante/Alacant","Comunidad Valenciana","368"
"29042026","0","","BMW","M 1000 XR","Málaga","Andalucía","999"
"29042026","0","","ZONTES","368G","Cádiz","Andalucía","368"
"29042026","0","","LETBE","LB150T-2A","Córdoba","Andalucía","150"
"29042026","0","","HONDA","SH Mode 125","Gipuzkoa","País Vasco","125"
"29042026","0","","APRILIA","SR GT 125","Barcelona","Cataluña","125"
"29042026","0","","HONDA","PCX 125","Cáceres","Extremadura","125"
"29042026","0","","KAWASAKI","ELIMINATOR","Valencia/València","Comunidad Valenciana","451"
"29042026","0","","VOGE","DS525X","Illes Balears","Illes Balears","494"
"29042026","0","","KAWASAKI","Z900","Girona","Cataluña","948"
"29042026","0","","HONDA","FORZA 350","Barcelona","Cataluña","330"
"29042026","0","","HONDA","PCX 125","Salamanca","Castilla y León","125"
"29042026","0","","HONDA","ADV 350","Madrid","Comunidad de Madrid","330"
"29042026","0","","HONDA","PCX 125","Sevilla","Andalucía","125"
"29042026","0","","HONDA","ADV 750","Cádiz","Andalucía","745"
"29042026","0","","ZONTES","368G","Murcia","Región de Murcia","368"
"29042026","0","","HONDA","SH Mode 125","Málaga","Andalucía","125"
"29042026","0","","CFMOTO","800MT","Córdoba","Andalucía","799"
"29042026","0","","HONDA","CB750AC","Palmas (Las)","Canarias","755"
"29042026","0","","BMW","C 400 X","Castellón/Castelló","Comunidad Valenciana","350"
"29042026","0","","BMW","C 400 GT","Barcelona","Cataluña","350"
"29042026","0","","BMW","C 400 GT","Teruel","Aragón","350"
"29042026","0","","YAMAHA","NMAX 125","Pontevedra","Galicia","125"
"29042026","0","","VOGE","SR1ADV","Barcelona","Cataluña","125"
"29042026","0","","YAMAHA","NMAX 125","Girona","Cataluña","125"
"29042026","0","","KAWASAKI","Z650RS","Navarra","Comunidad Foral de Navarra","649"
"29042026","0","","PEUGEOT","KISBEE M","Barcelona","Cataluña","125"
"29042026","0","","DUCATI","PANIGALE V2","Murcia","Región de Murcia","890"
"29042026","0","","YAMAHA","XMAX 125","Tarragona","Cataluña","125"
"29042026","0","","MITT","GT-S","Cádiz","Andalucía","125"
"29042026","0","","PIAGGIO","LIBERTY 125 ABS","Illes Balears","Illes Balears","124"
"29042026","0","","CFMOTO","1000MT-X","Almería","Andalucía","946"
"29042026","0","","PEUGEOT","KISBEE M","Barcelona","Cataluña","125"
"29042026","0","","QJMOTOR","SRV 125","Barcelona","Cataluña","125"
"29042026","0","","PIAGGIO","LIBERTY 125 ABS","Illes Balears","Illes Balears","124"
"29042026","0","","VOGE","DS800X RALLY","Palmas (Las)","Canarias","798"
"29042026","0","","HONDA","ADV 350","Murcia","Región de Murcia","330"
"29042026","0","","PEUGEOT","KISBEE M","Barcelona","Cataluña","125"
"29042026","0","","RIEJU","NOT APPLICABLE","Alicante/Alacant","Comunidad Valenciana","124"
"29042026","0","","HONDA","PCX 125","Málaga","Andalucía","125"
"29042026","0","","KYMCO","SUPER DINK GT 125 E5+","Barcelona","Cataluña","124"
"29042026","0","","CYCLONE","RT1","Madrid","Comunidad de Madrid","125"
"29042026","0","","LETBE","HJ125T-5B","Pontevedra","Galicia","125"
"29042026","0","","KAWASAKI","VERSYS 650","Toledo","Castilla-La Mancha","649"
"29042026","0","","BAJAJ","PULSAR NS 125","Tarragona","Cataluña","124"
"29042026","0","","VOGE","625R","Zaragoza","Aragón","581"
"29042026","0","","YAMAHA","RayZR 125","Madrid","Comunidad de Madrid","125"
"29042026","0","","APRILIA","SR GT 125","Cáceres","Extremadura","125"
"29042026","0","","YAMAHA","NMAX 125","Barcelona","Cataluña","125"
"29042026","0","","YAMAHA","NMAX 125","Bizkaia","País Vasco","125"
"29042026","0","","HONDA","FORZA125","Granada","Andalucía","125"
"29042026","0","","VOGE","300RALLY","Madrid","Comunidad de Madrid","292"
"29042026","0","","HONDA","SH350i","Málaga","Andalucía","330"
"29042026","0","","VOGE","DS800X RALLY","Barcelona","Cataluña","798"
"29042026","0","","PIAGGIO","VESPA GTS","Alicante/Alacant","Comunidad Valenciana","310"
"29042026","0","","VOGE","DS800X RALLY","Granada","Andalucía","798"
"29042026","0","","PIAGGIO","LIBERTY 125 ABS","Illes Balears","Illes Balears","124"
"29042026","0","","YAMAHA","RayZR 125","Girona","Cataluña","125"
"29042026","0","","HUSQVARNA","HUSQVARNA 701 ENDURO","Barcelona","Cataluña","693"
"29042026","0","","VOGE","DS900X","Barcelona","Cataluña","895"
"29042026","0","","VOGE","SR1ADV","Palmas (Las)","Canarias","125"
"29042026","0","","VOGE","DS800X RALLY","Cádiz","Andalucía","798"
"29042026","0","","APRILIA","RX 125","Toledo","Castilla-La Mancha","124"
"29042026","0","","YAMAHA","YZF690-U","Valencia/València","Comunidad Valenciana","689"
"29042026","0","","KYMCO","SUPER DINK GT 125 E5+","Cádiz","Andalucía","124"
"29042026","0","","CFMOTO","700MT","Córdoba","Andalucía","693"
"29042026","0","","HONDA","PCX 125","Illes Balears","Illes Balears","125"
"29042026","0","","YAMAHA","NMAX 125","Madrid","Comunidad de Madrid","125"
"29042026","0","","ZONTES","368G","Santa Cruz de Tenerife","Canarias","368"
"29042026","0","","YAMAHA","TMAX 560","Santa Cruz de Tenerife","Canarias","562"
"29042026","0","","SYM","JOYMAX Z 300 E5+","Madrid","Comunidad de Madrid","278"
"29042026","0","","KYMCO","SKYTOWN 125","Madrid","Comunidad de Madrid","125"
"29042026","0","","HONDA","GB350S","Valladolid","Castilla y León","348"
"29042026","0","","YAMAHA","NMAX 125","Madrid","Comunidad de Madrid","125"
"29042026","0","","YAMAHA","Tracer 9 GT","Cáceres","Extremadura","890"
"29042026","0","","CFMOTO","450MT","Barcelona","Cataluña","449"
"29042026","0","","HONDA","CB 500 F","Valencia/València","Comunidad Valenciana","471"
"29042026","0","","HONDA","NT1100","Valladolid","Castilla y León","1084"
"29042026","0","","RIEJU","RALLY 307","Valencia/València","Comunidad Valenciana","292"
"29042026","0","","HONDA","ADV 750","Palmas (Las)","Canarias","745"
"29042026","0","","YAMAHA","XMAX 125","Sevilla","Andalucía","125"
"29042026","0","","SYM","JET X","Madrid","Comunidad de Madrid","125"
"29042026","0","","YAMAHA","XMAX 125","Gipuzkoa","País Vasco","125"
"29042026","0","","VOGE","SR1ADV","Murcia","Región de Murcia","125"
"29042026","0","","SUZUKI","ADDRESS 125","Madrid","Comunidad de Madrid","124"
"29042026","0","","HONDA","ADV 750","Girona","Cataluña","745"
"29042026","0","","FANTIC MOTOR","---","Madrid","Comunidad de Madrid","125"
"29042026","0","","KYMCO","AGILITY S","Barcelona","Cataluña","125"
"29042026","0","","YAMAHA","NMAX 125","Girona","Cataluña","125"
"29042026","0","","YAMAHA","XMAX 300","Cantabria","Cantabria","292"
"29042026","0","","VOGE","DS800X RALLY","Badajoz","Extremadura","798"
"29042026","0","","MITT","125 DESERT","Ciudad Real","Castilla-La Mancha","125"
"29042026","0","","YAMAHA","RayZR 125","Girona","Cataluña","125"
"29042026","0","","VOGE","DS800X RALLY","Murcia","Región de Murcia","798"
"29042026","0","","HONDA","PCX 125","Asturias","Principado de Asturias","125"
"29042026","0","","APRILIA","SR GT 125","Sevilla","Andalucía","125"
"29042026","0","","VOGE","DS900X","Barcelona","Cataluña","895"
"29042026","0","","VOGE","625DSX","Barcelona","Cataluña","581"
"29042026","0","","YAMAHA","XTZ 700 Tenere","Navarra","Comunidad Foral de Navarra","689"
"29042026","0","","MOTO MORINI","X-CAPE 1200","Guadalajara","Castilla-La Mancha","1187"
"29042026","0","","KYMCO","DTX","Alicante/Alacant","Comunidad Valenciana","321"
"29042026","0","","KAWASAKI","NINJA 650","Barcelona","Cataluña","649"
"29042026","0","","ZONTES","368G","Madrid","Comunidad de Madrid","368"
"29042026","0","","YAMAHA","MT-125","Castellón/Castelló","Comunidad Valenciana","125"
"29042026","0","","HONDA","PCX 125","Santa Cruz de Tenerife","Canarias","125"
"29042026","0","","YAMAHA","TMAX 560","Málaga","Andalucía","562"
"29042026","0","","YAMAHA","TRACER 700","Valencia/València","Comunidad Valenciana","689"
"29042026","0","","PIAGGIO","LIBERTY 125 ABS","Málaga","Andalucía","124"
"29042026","0","","KAWASAKI","NINJA 650","Guadalajara","Castilla-La Mancha","649"
"29042026","0","","SYM","JET X","Tarragona","Cataluña","125"
"29042026","0","","QJMOTOR","SRK 125 S E5+","León","Castilla y León","125"
"29042026","0","","YAMAHA","NMAX 125","Sevilla","Andalucía","125"
"29042026","0","","HONDA","FORZA125","Santa Cruz de Tenerife","Canarias","125"
"29042026","0","","HONDA","CB750AC","Madrid","Comunidad de Madrid","755"
"29042026","0","","APRILIA","RS 457","Madrid","Comunidad de Madrid","457"
"29042026","0","","SYM","SYMPHONY 125","Barcelona","Cataluña","125"
"29042026","0","","VOGE","DS800X RALLY","Valencia/València","Comunidad Valenciana","798"
"29042026","0","","YAMAHA","NMAX 125","Bizkaia","País Vasco","125"
"29042026","0","","BMW","F 900 R","Sevilla","Andalucía","895"
"29042026","0","","MITT","URBAN","Zaragoza","Aragón","125"
"29042026","0","","YAMAHA","XMAX 300","Girona","Cataluña","292"
"29042026","0","","PEUGEOT","KISBEE M","Barcelona","Cataluña","125"
"29042026","0","","HONDA","CB750 Hornet","Madrid","Comunidad de Madrid","755"
"29042026","0","","QJMOTOR","LTR 125 E5+","Palmas (Las)","Canarias","125"
"29042026","0","","BENELLI","TRK 702","Madrid","Comunidad de Madrid","698"
"29042026","0","","ZONTES","125C","Madrid","Comunidad de Madrid","125"
"29042026","0","","TRIUMPH","TRIDENT 660 - TRIPLE T","Málaga","Andalucía","660"
"29042026","0","","CFMOTO","700MT","Alicante/Alacant","Comunidad Valenciana","693"
"29042026","0","","MOTO MORINI","X-CAPE 1200","Barcelona","Cataluña","1187"
"29042026","0","","BMW","F 900 R","Santa Cruz de Tenerife","Canarias","895"
"29042026","0","","VOGE","DS800X RALLY","Lleida","Cataluña","798"
"29042026","0","","PIAGGIO","VESPA PRIMAVERA 125","Barcelona","Cataluña","124"
"29042026","0","","KYMCO","AGILITY S","Madrid","Comunidad de Madrid","125"
"29042026","0","","KEEWAY","XDV 125 EVO PRO","Málaga","Andalucía","125"
"29042026","0","","TRIUMPH","BONNEVILLE T100","Barcelona","Cataluña","900"
"29042026","0","","HONDA","FORZA125","Barcelona","Cataluña","125"
"29042026","0","","YAMAHA","TRACER 700","Valencia/València","Comunidad Valenciana","689"
"29042026","0","","QJMOTOR","MTX 125 E5+","Pontevedra","Galicia","125"
"29042026","0","","ZONTES","368E","Sevilla","Andalucía","368"
"29042026","0","","BMW","R 1300 GS ADVENTURE","Barcelona","Cataluña","1300"
"29042026","0","","HONDA","PCX 125","Albacete","Castilla-La Mancha","125"
"29042026","0","","PIAGGIO","LIBERTY 125 ABS","Illes Balears","Illes Balears","124"
"29042026","0","","KYMCO","SKYTOWN 125","Valencia/València","Comunidad Valenciana","125"
"29042026","0","","YAMAHA","NMAX 125","Illes Balears","Illes Balears","125"
"29042026","0","","HONDA","CRF 300 L","Huesca","Aragón","286"
"29042026","0","","HONDA","FORZA125","Alicante/Alacant","Comunidad Valenciana","125"
"29042026","0","","TRIUMPH","BONNEVILLE SPEEDMASTER","Valencia/València","Comunidad Valenciana","1200"
"29042026","0","","YAMAHA","MT-07","Castellón/Castelló","Comunidad Valenciana","689"
"29042026","0","","RIEJU","RALLY 307","Illes Balears","Illes Balears","292"
"29042026","0","","HONDA","NC 750 X","Córdoba","Andalucía","745"
"29042026","0","","KAWASAKI","Z900","Burgos","Castilla y León","948"
"29042026","0","","LETBE","HJ125T-5B","Alicante/Alacant","Comunidad Valenciana","125"
"29042026","0","","YAMAHA","WR125","Badajoz","Extremadura","125"
"29042026","0","","HONDA","NC 750 X","Almería","Andalucía","745"
"29042026","0","","YAMAHA","XMAX 125","Barcelona","Cataluña","125"
"29042026","0","","HONDA","CB750AC","Illes Balears","Illes Balears","755"
"29042026","0","","ZONTES","ZT125-Z2","Illes Balears","Illes Balears","125"
"29042026","0","","TRIUMPH","SCRAMBLER 400 X","Valencia/València","Comunidad Valenciana","398"
"29042026","0","","VOGE","DS525X","Lleida","Cataluña","494"
"29042026","0","","VOGE","DS800X RALLY","Alicante/Alacant","Comunidad Valenciana","798"
"29042026","0","","ZONTES","368G","Barcelona","Cataluña","368"
"29042026","0","","HUSQVARNA","HUSQVARNA 701 ENDURO","Barcelona","Cataluña","693"
"29042026","0","","CFMOTO","675SR-R","Zaragoza","Aragón","674"
"29042026","0","","HONDA","FORZA125","Alicante/Alacant","Comunidad Valenciana","125"
"29042026","0","","HONDA","FORZA 750","Barcelona","Cataluña","745"
"29042026","0","","VOGE","625R","Badajoz","Extremadura","581"
"29042026","0","","KYMCO","SUPER DINK GT","Murcia","Región de Murcia","321"
"29042026","0","","PIAGGIO","MEDLEY 125","Illes Balears","Illes Balears","125"
"29042026","0","","ZONTES","125E","Zaragoza","Aragón","125"
"29042026","0","","YAMAHA","XMAX 300","Barcelona","Cataluña","292"
"29042026","0","","SHERCO","300 SEF-R","Sevilla","Andalucía","304"
"29042026","0","","TRIUMPH","BONNEVILLE T120 BLACK","Zaragoza","Aragón","1200"
"29042026","0","","HONDA","PCX 125","Huelva","Andalucía","125"
"29042026","0","","HONDA","SH Mode 125","Málaga","Andalucía","125"
"29042026","0","","PIAGGIO","LIBERTY 125 ABS","Illes Balears","Illes Balears","124"
"29042026","0","","VOGE","625DSX","Madrid","Comunidad de Madrid","581"
"29042026","0","","TRIUMPH","TRIDENT 660 - TRIPLE T","Madrid","Comunidad de Madrid","660"
"29042026","0","","HONDA","FORZA125","Málaga","Andalucía","125"
"29042026","0","","KYMCO","SKYTOWN 125","Palmas (Las)","Canarias","125"
"29042026","0","","HONDA","ADV 350","Valencia/València","Comunidad Valenciana","330"
"29042026","0","","HONDA","SH125i","Alicante/Alacant","Comunidad Valenciana","125"
"29042026","0","","KYMCO","SUPER DINK GT","Illes Balears","Illes Balears","321"
"29042026","0","","BMW","R 1300 GS ADVENTURE","Madrid","Comunidad de Madrid","1300"
"29042026","0","","PEUGEOT","KISBEE M","Alicante/Alacant","Comunidad Valenciana","125"
"29042026","0","","VOGE","DS525X","Barcelona","Cataluña","494"
"29042026","0","","KAWASAKI","KLE500","Murcia","Región de Murcia","451"
"29042026","0","","QJMOTOR","ATR 125 E5+","Barcelona","Cataluña","125"
"29042026","0","","HONDA","FORZA125","Álava/Araba","País Vasco","125"
"29042026","0","","SUZUKI","DR-Z400","Barcelona","Cataluña","398"
"29042026","0","","SYM","SYMPHONY 125","Santa Cruz de Tenerife","Canarias","125"
"29042026","0","","BMW","S 1000 XR","Barcelona","Cataluña","999"
"29042026","0","","HONDA","FORZA125","Granada","Andalucía","125"
"29042026","0","","TRIUMPH","TIGER SPORT 660","Madrid","Comunidad de Madrid","660"
"29042026","0","","VOGE","625DSX","Bizkaia","País Vasco","581"
"29042026","0","","PIAGGIO","LIBERTY 125 ABS","Illes Balears","Illes Balears","124"
"29042026","0","","SYM","SYMPHONY  NEW 125 SR C","Barcelona","Cataluña","125"
"29042026","0","","HONDA","PCX 125","Barcelona","Cataluña","125"
"29042026","0","","VOGE","DS525X","Tarragona","Cataluña","494"
"29042026","0","","HONDA","PCX 125","Illes Balears","Illes Balears","125"
"29042026","0","","MITT","TY125T-26F","Sevilla","Andalucía","125"
"29042026","0","","KYMCO","AGILITY S","Barcelona","Cataluña","125"
"29042026","0","","KOVE","450 RALLY 2026","Granada","Andalucía","449"
"29042026","0","","LETBE","S125","Tarragona","Cataluña","125"
"29042026","0","","CYCLONE","RA125 PLUS","Navarra","Comunidad Foral de Navarra","124"
"29042026","0","","LAMBRETTA","V125 SPECIAL FLEX","Murcia","Región de Murcia","125"
"29042026","0","","YAMAHA","NMAX 125","Málaga","Andalucía","125"
"29042026","0","","HONDA","FORZA125","Santa Cruz de Tenerife","Canarias","125"
"29042026","0","","ROYAL ENFIELD","INTERCEPTOR 650","Madrid","Comunidad de Madrid","648"
"29042026","0","","QJMOTOR","SRT 700 X E5+","Cádiz","Andalucía","698"
"29042026","0","","YAMAHA","WR125","Cantabria","Cantabria","125"
"29042026","0","","BMW","F 900 GS ADVENTURE","Badajoz","Extremadura","895"
"29042026","0","","YAMAHA","NMAX 125","Santa Cruz de Tenerife","Canarias","125"
"29042026","0","","PIAGGIO","LIBERTY 125 ABS","Illes Balears","Illes Balears","124"
"29042026","0","","YAMAHA","XMAX 125","Almería","Andalucía","125"
"29042026","0","","YAMAHA","NMAX 125","Badajoz","Extremadura","125"
"29042026","0","","SUZUKI","AVENIS 125","Barcelona","Cataluña","124"
"29042026","0","","HONDA","ADV 350","Madrid","Comunidad de Madrid","330"
"29042026","0","","ZONTES","703F","Barcelona","Cataluña","699"
"29042026","0","","YAMAHA","NMAX 125","Illes Balears","Illes Balears","125"
"29042026","0","","VOGE","DS800X RALLY","Tarragona","Cataluña","798"
"29042026","0","","HONDA","NT1100","Girona","Cataluña","1084"
"29042026","0","","ZONTES","368G","Tarragona","Cataluña","368"
"29042026","0","","SYM","SYMPHONY 125","Valencia/València","Comunidad Valenciana","125"
"29042026","0","","YAMAHA","XTZ 700 Tenere","Barcelona","Cataluña","689"
"29042026","0","","EFUN","LION","Cantabria","Cantabria","125"
"29042026","0","","BMW","C 400 GT","Madrid","Comunidad de Madrid","350"
"29042026","0","","BMW","R 1300 RT","Alicante/Alacant","Comunidad Valenciana","1300"
"29042026","0","","CYCLONE","RX1 PRO","Valencia/València","Comunidad Valenciana","124"
"29042026","0","","SYM","JET 14","Valencia/València","Comunidad Valenciana","125"
"29042026","0","","VOGE","SR1ADV","Cádiz","Andalucía","125"
"29042026","0","","PIAGGIO","VESPA PRIMAVERA 125","Cádiz","Andalucía","124"
"29042026","0","","VOGE","DS800X RALLY","Lleida","Cataluña","798"
"29042026","0","","VOGE","DS900X","Barcelona","Cataluña","895"
"29042026","0","","SYM","ADX 300 TCS","Barcelona","Cataluña","278"
"29042026","0","","HONDA","PCX 125","Alicante/Alacant","Comunidad Valenciana","125"
"29042026","0","","ZONTES","368G","Barcelona","Cataluña","368"
"29042026","0","","BMW","R 1300 GS","Murcia","Región de Murcia","1300"
"29042026","0","","ZONTES","368G","Sevilla","Andalucía","368"
"29042026","0","","KYMCO","SUPER DINK GT 125 E5+","Zaragoza","Aragón","124"
"29042026","0","","HONDA","XL750 Transalp","Girona","Cataluña","755"
"29042026","0","","SYM","JET 14","Sevilla","Andalucía","125"
"29042026","0","","HONDA","SH Mode 125","Barcelona","Cataluña","125"
"29042026","0","","VOGE","DS800X RALLY","Huesca","Aragón","798"
"29042026","0","","RIEJU","RALLY 307","Guadalajara","Castilla-La Mancha","292"
"29042026","0","","HONDA","PCX 125","Valencia/València","Comunidad Valenciana","125"
"29042026","0","","PEUGEOT","KISBEE M","Barcelona","Cataluña","125"
"29042026","0","","PIAGGIO","VESPA PRIMAVERA 125","Lleida","Cataluña","124"
"29042026","0","","YAMAHA","XMAX 300","Valencia/València","Comunidad Valenciana","292"
"29042026","0","","YAMAHA","XMAX 300","Illes Balears","Illes Balears","292"
"29042026","0","","YAMAHA","NMAX 125","Madrid","Comunidad de Madrid","125"
"29042026","0","","PEUGEOT","KISBEE M","Barcelona","Cataluña","125"
"29042026","0","","YAMAHA","YZF690-U","Barcelona","Cataluña","689"
"29042026","0","","VOGE","DS800X RALLY","Cádiz","Andalucía","798"
"29042026","0","","BENELLI","BN125","Tarragona","Cataluña","125"
"29042026","0","","HONDA","SH Mode 125","Alicante/Alacant","Comunidad Valenciana","125"
"29042026","0","","ZONTES","125C","Salamanca","Castilla y León","125"
"29042026","0","","ZONTES","ZT125-Z2","Valencia/València","Comunidad Valenciana","125"
"29042026","0","","YAMAHA","XMAX 300","Almería","Andalucía","292"
"29042026","0","","KYMCO","SUPER DINK GT 125 E5+","Bizkaia","País Vasco","124"
"29042026","0","","BMW","C 400 X","Valladolid","Castilla y León","350"
"29042026","0","","VOGE","DS800X RALLY","Asturias","Principado de Asturias","798"
"29042026","0","","QJMOTOR","LTR 125 E5+","Illes Balears","Illes Balears","125"
"29042026","0","","ZONTES","368G","Asturias","Principado de Asturias","368"
"29042026","0","","BMW","R 1300 GS","Gipuzkoa","País Vasco","1300"
"29042026","0","","YAMAHA","RayZR 125","Girona","Cataluña","125"
"29042026","0","","SYM","SYMPHONY  NEW 125 SR C","Illes Balears","Illes Balears","125"
"29042026","0","","BMW","F 800 GS","Santa Cruz de Tenerife","Canarias","895"
"29042026","0","","YAMAHA","MT-07","Madrid","Comunidad de Madrid","689"
"29042026","0","","ZONTES","ZT125-U","Valencia/València","Comunidad Valenciana","125"
"29042026","0","","SYM","SYMPHONY  NEW 125 SR C","Illes Balears","Illes Balears","125"
"29042026","0","","VOGE","SR16","Murcia","Región de Murcia","125"
"29042026","0","","KYMCO","SUPER DINK GT","Madrid","Comunidad de Madrid","321"
"29042026","0","","KEEWAY","VIESTE 125XDV","Ceuta","Ceuta","125"
"29042026","0","","KAWASAKI","Z500","Cáceres","Extremadura","451"
"29042026","0","","BMW","R 1300 GS","Barcelona","Cataluña","1300"
"29042026","0","","YAMAHA","NMAX 125","Madrid","Comunidad de Madrid","125"
"29042026","0","","BMW","F 900 R A2","Madrid","Comunidad de Madrid","895"
"29042026","0","","SYM","SYMPHONY 125","Cádiz","Andalucía","125"
"29042026","0","","RIEJU","RALLY 307","Barcelona","Cataluña","292"
"29042026","0","","KYMCO","SKYTOWN 125","Ciudad Real","Castilla-La Mancha","125"
"29042026","0","","SYM","SYMPHONY  NEW 125 SR C","Barcelona","Cataluña","125"
"29042026","0","","YAMAHA","NMAX 125","Valladolid","Castilla y León","125"
"29042026","0","","SYM","SYMPHONY  NEW 125 SR C","Castellón/Castelló","Comunidad Valenciana","125"
"29042026","0","","KAWASAKI","Z900","Álava/Araba","País Vasco","948"
"29042026","0","","HONDA","SH350i","Ceuta","Ceuta","330"
"29042026","0","","KAWASAKI","KLE500","Málaga","Andalucía","451"
"29042026","0","","TRIUMPH","SPEED 400","Málaga","Andalucía","398"
"29042026","0","","MITT","URBAN","Málaga","Andalucía","125"
"29042026","0","","YAMAHA","TMAX 560","Valencia/València","Comunidad Valenciana","562"
"29042026","0","","KEEWAY","ICON 125 S","Illes Balears","Illes Balears","124"
"29042026","0","","VOGE","DS800X RALLY","Ávila","Castilla y León","798"
"29042026","0","","BMW","F 800 GS","Madrid","Comunidad de Madrid","895"
"29042026","0","","SUZUKI","ADDRESS 125","Palmas (Las)","Canarias","124"
"29042026","0","","BMW","R 1300 GS","Barcelona","Cataluña","1300"
"29042026","0","","PIAGGIO","MEDLEY 125","Barcelona","Cataluña","125"
"29042026","0","","ZONTES","350X","Cádiz","Andalucía","348"
"29042026","0","","ZONTES","368G","Ceuta","Ceuta","368"
"29042026","0","","LETBE","VELOCITY","Teruel","Aragón","125"
"29042026","0","","HONDA","ADV 750","Sevilla","Andalucía","745"
"29042026","0","","QJMOTOR","FORT 125 N E5+","Santa Cruz de Tenerife","Canarias","125"
"29042026","0","","BMW","R 1300 GS","Barcelona","Cataluña","1300"
"29042026","0","","ROYAL ENFIELD","HIMALAYAN 452","Madrid","Comunidad de Madrid","452"
"29042026","0","","KAWASAKI","Z900","Murcia","Región de Murcia","948"
"29042026","0","","VOGE","R125","Barcelona","Cataluña","125"
"29042026","0","","ZONTES","368E","Madrid","Comunidad de Madrid","368"
"29042026","0","","YAMAHA","XMAX 125","Cádiz","Andalucía","125"
"29042026","0","","HONDA","VISION 110","Pontevedra","Galicia","109"
"29042026","0","","ZONTES","125C","Illes Balears","Illes Balears","125"
"29042026","0","","HONDA","FORZA125","Alicante/Alacant","Comunidad Valenciana","125"
"29042026","0","","HONDA","GB350S","Cádiz","Andalucía","348"
"29042026","0","","YAMAHA","MT-125","Barcelona","Cataluña","125"
"29042026","0","","HONDA","SH125i","Barcelona","Cataluña","125"
"29042026","0","","HONDA","PCX 125","Illes Balears","Illes Balears","125"
"29042026","0","","MITT","GT-S","Alicante/Alacant","Comunidad Valenciana","125"
"29042026","0","","BMW","R 1300 GS","Tarragona","Cataluña","1300"
"29042026","0","","KAWASAKI","NINJA ZX-4R","Cantabria","Cantabria","399"
"29042026","0","","MACBOR","ROCKSTER 410","Salamanca","Castilla y León","401"
"29042026","0","","MITT","125 NK","Málaga","Andalucía","124"
"29042026","0","","HONDA","PCX 125","Murcia","Región de Murcia","125"
"29042026","0","","BMW","F 900 R","Madrid","Comunidad de Madrid","895"
"29042026","0","","YAMAHA","XMAX 300","Santa Cruz de Tenerife","Canarias","292"
"29042026","0","","HONDA","PCX 125","Cantabria","Cantabria","125"
"29042026","0","","HONDA","PCX 125","Illes Balears","Illes Balears","125"
"29042026","0","","YAMAHA","NMAX 125","Zaragoza","Aragón","125"
"29042026","0","","HONDA","FORZA125","Barcelona","Cataluña","125"
"29042026","0","","HONDA","PCX 125","Murcia","Región de Murcia","125"
"29042026","0","","YAMAHA","NMAX 125","Coruña (A)","Galicia","125"
"29042026","0","","DUCATI","MULTISTRADA V2","Sevilla","Andalucía","890"
"29042026","0","","KTM","KTM 1390 SUPER ADVENTU","Valencia/València","Comunidad Valenciana","1350"
"29042026","0","","CYCLONE","RX600","Girona","Cataluña","550"
"29042026","0","","RIEJU","N/A","Córdoba","Andalucía","125"
"29042026","0","","SYM","JET 14","Barcelona","Cataluña","125"
"29042026","0","","PEUGEOT","KISBEE M","Barcelona","Cataluña","125"
"29042026","0","","YAMAHA","NMAX 125","Illes Balears","Illes Balears","125"
"29042026","0","","YAMAHA","NMAX 125","Madrid","Comunidad de Madrid","125"
"29042026","0","","PEUGEOT","KISBEE M","Barcelona","Cataluña","125"
"29042026","0","","HONDA","VISION 110","Barcelona","Cataluña","109"
"29042026","0","","SYM","JET 14","Huelva","Andalucía","125"
"29042026","0","","KOVE","450 RALLY 2026","Madrid","Comunidad de Madrid","449"
"29042026","0","","MACBOR","EIGHT MILE 125 LC","Tarragona","Cataluña","124"
"29042026","0","","ZONTES","125E","Granada","Andalucía","125"
"29042026","0","","APRILIA","SR GT 125","Illes Balears","Illes Balears","125"
"29042026","0","","YAMAHA","XMAX 300","Alicante/Alacant","Comunidad Valenciana","292"
"29042026","0","","YAMAHA","NMAX 125","Cádiz","Andalucía","125"
"29042026","0","","SYM","JET X","Málaga","Andalucía","125"
"29042026","0","","PIAGGIO","MEDLEY 125","Sevilla","Andalucía","125"
"29042026","0","","HUSQVARNA","HUSQVARNA SVARTPILEN12","Madrid","Comunidad de Madrid","125"
"29042026","0","","HONDA","PCX 125","Santa Cruz de Tenerife","Canarias","125"
"29042026","0","","HONDA","PCX 125","Sevilla","Andalucía","125"
"29042026","0","","ROYAL ENFIELD","INTERCEPTOR BEAR 650","Tarragona","Cataluña","648"
"29042026","0","","BMW","C 400 GT","Salamanca","Castilla y León","350"
"29042026","0","","BMW","M 1000 XR","Málaga","Andalucía","999"
"29042026","0","","HARLEY-DAVIDSON","STREET BOB","Albacete","Castilla-La Mancha","1923"
"29042026","0","","KYMCO","AGILITY S","Málaga","Andalucía","125"
"29042026","0","","ZONTES","368D","Cádiz","Andalucía","368"
"29042026","0","","PIAGGIO","LIBERTY 125 ABS","Murcia","Región de Murcia","124"
"29042026","0","","KAWASAKI","ELIMINATOR","Lleida","Cataluña","451"
"29042026","0","","BMW","S 1000 RR","Almería","Andalucía","999"
"29042026","0","","KAWASAKI","Z900","Tarragona","Cataluña","948"
"29042026","0","","KYMCO","AGILITY S","Navarra","Comunidad Foral de Navarra","125"
"29042026","0","","VOGE","625DSX","Cádiz","Andalucía","581"
"29042026","0","","TRS","TR1 300","Alicante/Alacant","Comunidad Valenciana","294"
"29042026","0","","MITT","TY125T-26G","Madrid","Comunidad de Madrid","125"
"29042026","0","","ZONTES","368G","Madrid","Comunidad de Madrid","368"
"29042026","0","","SYM","SYMPHONY  NEW 125 SR C","Sevilla","Andalucía","125"
"29042026","0","","KYMCO","DTX","Barcelona","Cataluña","124"
"29042026","0","","SYM","JET 14","Alicante/Alacant","Comunidad Valenciana","125"
"29042026","0","","HONDA","CBR 650 R","Málaga","Andalucía","649"
"29042026","0","","HONDA","PCX 125","Cádiz","Andalucía","125"
"29042026","0","","HONDA","PCX 125","Madrid","Comunidad de Madrid","125"
"29042026","0","","BMW","R 1300 GS","Málaga","Andalucía","1300"
"29042026","0","","YAMAHA","XMAX 300","Valencia/València","Comunidad Valenciana","292"
"29042026","0","","VOGE","R125","Madrid","Comunidad de Madrid","125"
"29042026","0","","HONDA","GL1800DA","Madrid","Comunidad de Madrid","1833"
"29042026","0","","VOGE","DS800X RALLY","Castellón/Castelló","Comunidad Valenciana","798"
"29042026","0","","BMW","R 1300 GS","Barcelona","Cataluña","1300"
"29042026","0","","HONDA","PCX 125","Illes Balears","Illes Balears","125"
"29042026","0","","BMW","R 1300 GS ADVENTURE","Zaragoza","Aragón","1300"
"29042026","0","","YAMAHA","NMAX 125","Madrid","Comunidad de Madrid","125"
"29042026","0","","YAMAHA","NMAX 125","Huelva","Andalucía","125"
"29042026","0","","KAWASAKI","KLE500","Madrid","Comunidad de Madrid","451"
"29042026","0","","SUZUKI","GSX-S 1000","Valencia/València","Comunidad Valenciana","999"
"29042026","0","","MACBOR","MONTANA XR1 125 EVO","Madrid","Comunidad de Madrid","124"
"29042026","0","","ZONTES","125E","Coruña (A)","Galicia","125"
"29042026","0","","HONDA","PCX 125","Cádiz","Andalucía","125"
"29042026","0","","HONDA","FORZA 350","Valencia/València","Comunidad Valenciana","330"
"29042026","0","","YAMAHA","XTZ 700 Tenere","Pontevedra","Galicia","689"
"29042026","0","","PEUGEOT","KISBEE M","Barcelona","Cataluña","125"
"29042026","0","","KYMCO","SKYTOWN 125","Alicante/Alacant","Comunidad Valenciana","125"
"29042026","0","","KAWASAKI","Z900","Murcia","Región de Murcia","948"
"29042026","0","","KYMCO","AGILITY S","Soria","Castilla y León","125"
"29042026","0","","KTM","KTM 125 DUKE","Illes Balears","Illes Balears","125"
"29042026","0","","ROYAL ENFIELD","GUERRILLA 450","Almería","Andalucía","452"
"29042026","0","","ZONTES","368G","Santa Cruz de Tenerife","Canarias","368"
"29042026","0","","QJMOTOR","SRT 900 SX","Sevilla","Andalucía","904"
"29042026","0","","KOVE","KOVE 800 X PRO 2026","Granada","Andalucía","799"
"29042026","0","","YAMAHA","NMAX 125","Navarra","Comunidad Foral de Navarra","125"
"29042026","0","","TRIUMPH","SPEED 400","Alicante/Alacant","Comunidad Valenciana","398"
"29042026","0","","KYMCO","AGILITY S","Jaén","Andalucía","125"
"29042026","0","","HONDA","NC 750 X","Barcelona","Cataluña","745"
"29042026","0","","KOVE","KOVE 800 X PRO 2026","Madrid","Comunidad de Madrid","799"
"29042026","0","","HONDA","NC 750 X","Girona","Cataluña","745"
"29042026","0","","KTM","KTM 790 DUKE","Santa Cruz de Tenerife","Canarias","799"
"29042026","0","","KTM","KTM 1390 SUPER ADVENTU","Zaragoza","Aragón","1350"
"29042026","0","","HONDA","PCX 125","Granada","Andalucía","125"
"29042026","0","","ZONTES","350T","Alicante/Alacant","Comunidad Valenciana","348"
"29042026","0","","PIAGGIO","VESPA GTS 125","Sevilla","Andalucía","125"
"29042026","0","","PIAGGIO","LIBERTY 125 ABS","Illes Balears","Illes Balears","124"
"29042026","0","","VOGE","625DSX","Ávila","Castilla y León","581"
"29042026","0","","YAMAHA","NMAX 125","Madrid","Comunidad de Madrid","125"
"29042026","0","","BMW","F 800 GS","Asturias","Principado de Asturias","895"
"29042026","0","","HONDA","PCX 125","Valencia/València","Comunidad Valenciana","125"
"29042026","0","","KEEWAY","XDV 125 EVO PRO","Asturias","Principado de Asturias","125"
"29042026","0","","YAMAHA","TRACER 700","Valladolid","Castilla y León","689"
"29042026","0","","CFMOTO","800MT-X","Málaga","Andalucía","799"
"29042026","0","","SYM","SYMPHONY 125","Madrid","Comunidad de Madrid","125"
"29042026","0","","ZONTES","368E","Madrid","Comunidad de Madrid","368"
"29042026","0","","ANDES","U3 (125)","Madrid","Comunidad de Madrid","124"
"29042026","0","","KYMCO","SUPER DINK GT 125 E5+","Bizkaia","País Vasco","124"
"29042026","0","","HONDA","FORZA125","Palmas (Las)","Canarias","125"
"29042026","0","","TRIUMPH","SPEED 400","Valencia/València","Comunidad Valenciana","398"
"29042026","0","","RIEJU","NOT APPLICABLE","Huesca","Aragón","124"
"29042026","0","","YAMAHA","TRACER 700","Madrid","Comunidad de Madrid","689"
"29042026","0","","SYM","JET 14","Barcelona","Cataluña","125"
"29042026","0","","CFMOTO","800MT","Málaga","Andalucía","799"
"29042026","0","","YAMAHA","MT-07","Illes Balears","Illes Balears","689"
"29042026","0","","KYMCO","SUPER DINK GT 125 E5+","Palmas (Las)","Canarias","124"
"29042026","0","","PEUGEOT","KISBEE M","Barcelona","Cataluña","125"
"29042026","0","","HONDA","ADV 350","Barcelona","Cataluña","330"
"29042026","0","","YAMAHA","MT-125","Valencia/València","Comunidad Valenciana","125"
"29042026","0","","HONDA","PCX 125","Málaga","Andalucía","125"
"29042026","0","","YAMAHA","NMAX 125","Sevilla","Andalucía","125"
"29042026","0","","MOTO MORINI","ALLTRHIKE","Barcelona","Cataluña","449"
"29042026","0","","YAMAHA","NMAX 125","Cádiz","Andalucía","125"
"29042026","0","","YAMAHA","Tracer 9 GT","Asturias","Principado de Asturias","890"
"29042026","0","","BMW","C 400 GT","Sevilla","Andalucía","350"
"29042026","0","","HONDA","PCX 125","Cádiz","Andalucía","125"
"29042026","0","","KOVE","KOVE 800 X GT","Valencia/València","Comunidad Valenciana","799"
"29042026","0","","HUSQVARNA","HUSQVARNA VITPILEN 401","Madrid","Comunidad de Madrid","399"
"29042026","0","","KYMCO","SUPER DINK GT 125 E5+","Jaén","Andalucía","124"
"29042026","0","","PIAGGIO","MEDLEY 125","Granada","Andalucía","125"
"29042026","0","","HONDA","PCX 125","Palmas (Las)","Canarias","125"
"29042026","0","","HONDA","SH Mode 125","Illes Balears","Illes Balears","125"
"29042026","0","","SYM","SYMPHONY 125","Guadalajara","Castilla-La Mancha","125"
"29042026","0","","ZONTES","368M","Barcelona","Cataluña","368"
"29042026","0","","YAMAHA","Tracer 9 GT","Madrid","Comunidad de Madrid","890"
"29042026","0","","HUSQVARNA","HUSQVARNA FE 350","Girona","Cataluña","350"
"29042026","0","","KYMCO","SKYTOWN 125","Cádiz","Andalucía","125"
"29042026","0","","ZONTES","703F","Barcelona","Cataluña","699"
"29042026","0","","DUCATI","MULTISTRADA V2","Barcelona","Cataluña","890"
"29042026","0","","ZONTES","368G","Córdoba","Andalucía","368"
"29042026","0","","KOVE","KOVE 800 X GT","Granada","Andalucía","799"
"29042026","0","","VOGE","SR16","Illes Balears","Illes Balears","125"
"29042026","0","","SUZUKI","ADDRESS 125","Palmas (Las)","Canarias","124"
"29042026","0","","KAWASAKI","NINJA 650","Madrid","Comunidad de Madrid","649"
"29042026","0","","ZONTES","368G","Albacete","Castilla-La Mancha","368"
"29042026","0","","ZONTES","368D","Salamanca","Castilla y León","368"
"29042026","0","","YAMAHA","MT-125","Alicante/Alacant","Comunidad Valenciana","125"
"29042026","0","","YAMAHA","YZF-R3","Barcelona","Cataluña","321"
"29042026","0","","CFMOTO","700MT","Castellón/Castelló","Comunidad Valenciana","693"
"29042026","0","","SYM","JET 14","Valencia/València","Comunidad Valenciana","125"
"29042026","0","","BMW","F 900 XR","Madrid","Comunidad de Madrid","895"
"29042026","0","","SUZUKI","AVENIS 125","Cádiz","Andalucía","124"
"29042026","0","","VOGE","SR4 MAX","Cádiz","Andalucía","350"
"29042026","0","","CFMOTO","800MT-X","Alicante/Alacant","Comunidad Valenciana","799"
"29042026","0","","HONDA","ADV 350","Albacete","Castilla-La Mancha","330"
"29042026","0","","LETBE","HJ125T-5B","Tarragona","Cataluña","125"
"29042026","0","","QJMOTOR","SRT 600 SX E5+","Tarragona","Cataluña","554"
"29042026","0","","KTM","KTM 450 EXC-F","Coruña (A)","Galicia","450"
"29042026","0","","PIAGGIO","BEVERLY 310 HPE","Illes Balears","Illes Balears","310"
"29042026","0","","YAMAHA","Tracer 9 GT","Barcelona","Cataluña","890"
"29042026","0","","HONDA","PCX 125","Madrid","Comunidad de Madrid","125"
"29042026","0","","QJMOTOR","SRT 900 SX","Santa Cruz de Tenerife","Canarias","904"
"29042026","0","","HONDA","FORZA125","Palmas (Las)","Canarias","125"
"29042026","0","","PEUGEOT","KISBEE M","Madrid","Comunidad de Madrid","125"
"29042026","0","","KYMCO","DTX","Murcia","Región de Murcia","124"
"29042026","0","","RIEJU","RALLY 307","Barcelona","Cataluña","292"
"29042026","0","","APRILIA","SR GT 400","Alicante/Alacant","Comunidad Valenciana","399"
"29042026","0","","HONDA","GL1800BD","Illes Balears","Illes Balears","1833"
"29042026","0","","SYM","SYMPHONY  NEW 125 SR C","Girona","Cataluña","125"
"29042026","0","","BMW","F 800 GS","Barcelona","Cataluña","895"
"29042026","0","","HONDA","PCX 125","Málaga","Andalucía","125"
"29042026","0","","YAMAHA","TRICITY 125","Barcelona","Cataluña","125"
"29042026","0","","HONDA","SH125i","Barcelona","Cataluña","125"
"29042026","0","","BENDA","NAPOLEON","Zaragoza","Aragón","476"
"29042026","0","","HONDA","Rebel 500","Alicante/Alacant","Comunidad Valenciana","471"
"29042026","0","","DUCATI","SCRAMBLER FULL THROTTL","Ourense","Galicia","803"
"29042026","0","","VOGE","SR16","Barcelona","Cataluña","125"
"29042026","0","","YAMAHA","XMAX 300","Navarra","Comunidad Foral de Navarra","292"
"29042026","0","","RIEJU","RALLY 307","Cádiz","Andalucía","292"
"29042026","0","","SYM","JET 14","Alicante/Alacant","Comunidad Valenciana","125"
"29042026","0","","PEUGEOT","KISBEE M","Barcelona","Cataluña","125"
"29042026","0","","QJMOTOR","FORT 125 N E5+","Tarragona","Cataluña","125"
"29042026","0","","HONDA","Z125MA","Santa Cruz de Tenerife","Canarias","124"
"29042026","0","","HONDA","SH125i","Sevilla","Andalucía","125"
"29042026","0","","YAMAHA","MT-125","Almería","Andalucía","125"
"29042026","0","","HONDA","PCX 125","Salamanca","Castilla y León","125"
"29042026","0","","BENELLI","TRK 702","Sevilla","Andalucía","698"
"29042026","0","","BAJAJ","PULSAR NS 125","Barcelona","Cataluña","124"
"29042026","0","","QJMOTOR","SRT 600 SX E5+","Madrid","Comunidad de Madrid","554"
"29042026","0","","TRIUMPH","SCRAMBLER 400 X","Barcelona","Cataluña","398"
"29042026","0","","BSA","SCRAMBLER","Barcelona","Cataluña","652"
"29042026","0","","KAWASAKI","Z900","Madrid","Comunidad de Madrid","948"
"29042026","0","","BMW","F 900 R","Castellón/Castelló","Comunidad Valenciana","895"
"29042026","0","","HONDA","SH Mode 125","Valencia/València","Comunidad Valenciana","125"
"29042026","0","","YAMAHA","NMAX 125","Pontevedra","Galicia","125"
"29042026","0","","MH MOTORCYCLES","TRAY","Lugo","Galicia","125"
"29042026","0","","VOGE","DS800X RALLY","Málaga","Andalucía","798"
"29042026","0","","MOTO MORINI","SEIEMMEZZO","Cantabria","Cantabria","649"
"29042026","0","","APRILIA","SR GT 125","Palmas (Las)","Canarias","125"
"29042026","0","","BMW","R 12 NINET","Barcelona","Cataluña","1170"
"29042026","0","","HONDA","PCX 125","Madrid","Comunidad de Madrid","125"
"29042026","0","","YAMAHA","NMAX 125","Barcelona","Cataluña","125"
"29042026","0","","CFMOTO","800MT-X","León","Castilla y León","799"
"29042026","0","","HONDA","ADV 350","Cádiz","Andalucía","330"
"29042026","0","","CFMOTO","450MT","Murcia","Región de Murcia","449"
"29042026","0","","YAMAHA","XSR-900","Valladolid","Castilla y León","890"
"29042026","0","","HONDA","ADV 350","Barcelona","Cataluña","330"
"29042026","0","","HONDA","VISION 110","Alicante/Alacant","Comunidad Valenciana","109"
"29042026","0","","HONDA","SH125i","Málaga","Andalucía","125"
"29042026","0","","PIAGGIO","LIBERTY 125 ABS","Illes Balears","Illes Balears","124"
"29042026","0","","TRIUMPH","STREET TRIPLE 765 RS","Barcelona","Cataluña","765"
"29042026","0","","ZONTES","368G","Málaga","Andalucía","368"
"29042026","0","","KTM","KTM 300 EXC","Almería","Andalucía","293"
"29042026","0","","BENELLI","BKX 125","Asturias","Principado de Asturias","125"
"29042026","0","","PIAGGIO","LIBERTY 125 ABS","Illes Balears","Illes Balears","124"
"29042026","0","","HONDA","CB750AC","Granada","Andalucía","755"
"29042026","0","","BMW","R 18 ROCTANE","Barcelona","Cataluña","1802"
"29042026","0","","RIEJU","RALLY 307","Tarragona","Cataluña","292"
"29042026","0","","VOGE","625DSX","Bizkaia","País Vasco","581"
"29042026","0","","KTM","KTM 390 ENDURO R","Alicante/Alacant","Comunidad Valenciana","399"
"29042026","0","","HONDA","FORZA 750","Barcelona","Cataluña","745"
"29042026","0","","VOGE","DS800X RALLY","Málaga","Andalucía","798"
"29042026","0","","HONDA","PCX 125","Cádiz","Andalucía","125"
"29042026","0","","HONDA","ADV 750","Girona","Cataluña","745"
"29042026","0","","BMW","F 800 GS","Valencia/València","Comunidad Valenciana","895"
"29042026","0","","ZONTES","125E","Pontevedra","Galicia","125"
"29042026","0","","VOGE","R125","Tarragona","Cataluña","125"
"29042026","0","","ZONTES","368G","Málaga","Andalucía","368"
"29042026","0","","BMW","R 1300 GS","Madrid","Comunidad de Madrid","1300"
"29042026","0","","KYMCO","AGILITY S","Cantabria","Cantabria","125"
"29042026","0","","YAMAHA","NMAX 125","Madrid","Comunidad de Madrid","125"
"29042026","0","","KAWASAKI","Z7 HYBRID","Castellón/Castelló","Comunidad Valenciana","451"
"29042026","0","","ZONTES","368G","Alicante/Alacant","Comunidad Valenciana","368"
"29042026","0","","PEUGEOT","KISBEE M","Barcelona","Cataluña","125"
"29042026","0","","PEUGEOT","KISBEE M","Alicante/Alacant","Comunidad Valenciana","125"
"29042026","0","","PIAGGIO","VESPA GTS 125","Santa Cruz de Tenerife","Canarias","125"
"29042026","0","","CFMOTO","1000MT-X","Valencia/València","Comunidad Valenciana","946"
"29042026","0","","HONDA","GB350S","Cádiz","Andalucía","348"
"29042026","0","","MOTO MORINI","X-CAPE 1200","Sevilla","Andalucía","1187"
"29042026","0","","ZONTES","368G","Valencia/València","Comunidad Valenciana","368"
"29042026","0","","HONDA","PCX 125","Murcia","Región de Murcia","125"
"29042026","0","","HONDA","ADV 350","Valencia/València","Comunidad Valenciana","330"
"29042026","0","","BMW","S 1000 RR","Jaén","Andalucía","999"
"29042026","0","","KEEWAY","VIESTE 125XDV","Valladolid","Castilla y León","125"
"29042026","0","","BMW","R 1300 GS","Alicante/Alacant","Comunidad Valenciana","1300"
"29042026","0","","KYMCO","DTX","Cádiz","Andalucía","124"
"29042026","0","","YAMAHA","RayZR 125","Sevilla","Andalucía","125"
"29042026","0","","PIAGGIO","LIBERTY 125 ABS","Illes Balears","Illes Balears","124"
"29042026","0","","HONDA","PCX 125","Jaén","Andalucía","125"
"29042026","0","","ZONTES","368G","Barcelona","Cataluña","368"
"29042026","0","","KYMCO","SKYTOWN 125","Barcelona","Cataluña","125"
"29042026","0","","MACBOR","MONTANA XR1 125 EVO","Tarragona","Cataluña","124"
"29042026","0","","SYM","SYMPHONY  NEW 125 SR C","Barcelona","Cataluña","125"
"29042026","0","","ZONTES","368D","Gipuzkoa","País Vasco","368"
"29042026","0","","SUZUKI","GSX-8S","Madrid","Comunidad de Madrid","776"
"29042026","0","","VOGE","DS525X","Illes Balears","Illes Balears","494"
"29042026","0","","ZONTES","125E","Huelva","Andalucía","125"
"29042026","0","","TRIUMPH","TIGER SPORT 660","Zaragoza","Aragón","660"
"29042026","0","","CFMOTO","800MT-X","Zaragoza","Aragón","799"
"29042026","0","","SYM","SYMPHONY  NEW 125 SR C","Girona","Cataluña","125"
"29042026","0","","HONDA","NX500","Ávila","Castilla y León","471"
"29042026","0","","HONDA","PCX 125","Tarragona","Cataluña","125"
"29042026","0","","HONDA","PCX 125","Alicante/Alacant","Comunidad Valenciana","125"
"29042026","0","","KAWASAKI","Z900","Salamanca","Castilla y León","948"
"29042026","0","","ZONTES","125C","Madrid","Comunidad de Madrid","125"
"29042026","0","","BMW","F 900 XR","Tarragona","Cataluña","895"
"29042026","0","","HONDA","FORZA125","Bizkaia","País Vasco","125"
"29042026","0","","VOGE","625DSX","Madrid","Comunidad de Madrid","581"
"29042026","0","","RIEJU","RALLY 307","Barcelona","Cataluña","292"
"29042026","0","","PEUGEOT","KISBEE M","Barcelona","Cataluña","125"
"29042026","0","","ZONTES","368E","Barcelona","Cataluña","368"
"29042026","0","","MACBOR","ROCKSTER FLAT 125 EVO","Cádiz","Andalucía","125"
"29042026","0","","KYMCO","SUPER DINK GT","Cádiz","Andalucía","321"
"29042026","0","","YAMAHA","Tracer 9 GT","Bizkaia","País Vasco","890"
"29042026","0","","PIAGGIO","LIBERTY 125 ABS","Illes Balears","Illes Balears","124"
"29042026","0","","HONDA","FORZA 350","Palmas (Las)","Canarias","330"
"29042026","0","","HONDA","PCX 125","Madrid","Comunidad de Madrid","125"
"29042026","0","","APRILIA","RS 457","Madrid","Comunidad de Madrid","457"
"29042026","0","","ZONTES","125D","Cádiz","Andalucía","125"
"29042026","0","","LETBE","ISLAND","Alicante/Alacant","Comunidad Valenciana","125"
"29042026","0","","PIAGGIO","MEDLEY 125","Sevilla","Andalucía","125"
"29042026","0","","KYMCO","DTX","Albacete","Castilla-La Mancha","124"
"29042026","0","","HONDA","FORZA 350","Valencia/València","Comunidad Valenciana","330"
"29042026","0","","BMW","M 1000 XR","Palmas (Las)","Canarias","999"
"29042026","0","","APRILIA","SR GT 125","Tarragona","Cataluña","125"
"29042026","0","","KEEWAY","VIESTE 125","Cádiz","Andalucía","125"
"29042026","0","","CFMOTO","800MT-X","Málaga","Andalucía","799"
"29042026","0","","ZONTES","350X","Lugo","Galicia","348"
"29042026","0","","YAMAHA","XMAX 125","Madrid","Comunidad de Madrid","125"
"29042026","0","","HONDA","FORZA 350","Málaga","Andalucía","330"
"29042026","0","","HONDA","ADV 350","Barcelona","Cataluña","330"
"29042026","0","","YAMAHA","TRACER 700","Zaragoza","Aragón","689"
"29042026","0","","RIEJU","RALLY 307","Murcia","Región de Murcia","292"
"29042026","0","","BMW","C 400 GT","Málaga","Andalucía","350"
"29042026","0","","CFMOTO","450MT","Madrid","Comunidad de Madrid","449"
"29042026","0","","SYM","SYMPHONY  NEW 125 SR C","Girona","Cataluña","125"
"29042026","0","","HONDA","CBR500","Barcelona","Cataluña","471"
"29042026","0","","YAMAHA","NMAX 125","Girona","Cataluña","125"
"29042026","0","","HONDA","VISION 110","Barcelona","Cataluña","109"
"29042026","0","","CYCLONE","RA125 PLUS","Girona","Cataluña","124"
"29042026","0","","YAMAHA","RayZR 125","Coruña (A)","Galicia","125"
"29042026","0","","KYMCO","SUPER DINK GT 125 E5+","Bizkaia","País Vasco","124"
"29042026","0","","HONDA","CB750 Hornet","Barcelona","Cataluña","755"
"29042026","0","","ZONTES","368G","Barcelona","Cataluña","368"
"29042026","0","","KEEWAY","ICON 125 S","Cantabria","Cantabria","124"
"29042026","0","","BMW","R 1300 GS ADVENTURE","Illes Balears","Illes Balears","1300"
"29042026","0","","HONDA","PCX 125","Santa Cruz de Tenerife","Canarias","125"
"29042026","0","","YAMAHA","MT-125","Illes Balears","Illes Balears","125"
"29042026","0","","BMW","F 900 R A2","Santa Cruz de Tenerife","Canarias","895"
"29042026","0","","HONDA","ADV 750","Pontevedra","Galicia","745"
"29042026","0","","PEUGEOT","KISBEE M","Alicante/Alacant","Comunidad Valenciana","125"
"29042026","0","","PEUGEOT","DJANGO","Madrid","Comunidad de Madrid","125"
"29042026","0","","KAWASAKI","NINJA ZX-10R","Madrid","Comunidad de Madrid","998"
"29042026","0","","QJMOTOR","MTX 125 E5+","Barcelona","Cataluña","125"
"29042026","0","","KYMCO","PEOPLE S 125 E5+","Barcelona","Cataluña","125"
"29042026","0","","HONDA","SH Mode 125","Barcelona","Cataluña","125"
"29042026","0","","VOGE","DS800X RALLY","Castellón/Castelló","Comunidad Valenciana","798"
"29042026","0","","HONDA","CRF1100L Africa Twin","Málaga","Andalucía","1084"
"29042026","0","","HONDA","PCX 125","Murcia","Región de Murcia","125"
"29042026","0","","ZONTES","368G","Málaga","Andalucía","368"
"29042026","0","","PEUGEOT","KISBEE M","Barcelona","Cataluña","125"
"29042026","0","","TRIUMPH","STREET TRIPLE RS","Ourense","Galicia","765"
"29042026","0","","HONDA","PCX 125","Zaragoza","Aragón","125"
"29042026","0","","BAJAJ","DOMINAR D 400","Valencia/València","Comunidad Valenciana","373"
"29042026","0","","ZONTES","703F","Barcelona","Cataluña","699"
"29042026","0","","PIAGGIO","VESPA GTS","Cádiz","Andalucía","310"
"29042026","0","","QJMOTOR","MTX 125","Almería","Andalucía","125"
"29042026","0","","YAMAHA","TMAX 560","Barcelona","Cataluña","562"
"29042026","0","","DUCATI","MULTISTRADA V4","Bizkaia","País Vasco","1158"
"29042026","0","","KAWASAKI","Z650RS","Madrid","Comunidad de Madrid","649"
"29042026","0","","PEUGEOT","KISBEE M","Barcelona","Cataluña","125"
"29042026","0","","YAMAHA","YZF690-U","Barcelona","Cataluña","689"
"29042026","0","","QJMOTOR","MTX 125 E5+","Lleida","Cataluña","125"
"29042026","0","","RIEJU","NOT APPLICABLE","Barcelona","Cataluña","124"
"29042026","0","","SYM","SYMPHONY  NEW 125 SR C","Madrid","Comunidad de Madrid","125"
"29042026","0","","QJMOTOR","MTX 125 E5+","Illes Balears","Illes Balears","125"
"29042026","0","","HONDA","SH125i","Álava/Araba","País Vasco","125"
"29042026","0","","HONDA","PCX 125","Madrid","Comunidad de Madrid","125"
"29042026","0","","BMW","R 1300 R","Sevilla","Andalucía","1300"
"29042026","0","","BMW","S 1000 XR","Madrid","Comunidad de Madrid","999"
"29042026","0","","HONDA","ADV 750","Málaga","Andalucía","745"
"29042026","0","","PEUGEOT","KISBEE M","Barcelona","Cataluña","125"
"29042026","0","","HONDA","NX500","Salamanca","Castilla y León","471"
"29042026","0","","VOGE","DS800X RALLY","Madrid","Comunidad de Madrid","798"
"29042026","0","","ZONTES","368G","Pontevedra","Galicia","368"
"29042026","0","","ZONTES","368K","Barcelona","Cataluña","368"
"29042026","0","","HARLEY-DAVIDSON","LOW RIDER ST","Madrid","Comunidad de Madrid","1923"
"29042026","0","","ZONTES","703RR","Huelva","Andalucía","699"
"29042026","0","","KAWASAKI","Z900","Santa Cruz de Tenerife","Canarias","948"
"29042026","0","","SYM","ADX 300 TCS","Girona","Cataluña","278"
"29042026","0","","SYM","SYMPHONY 125","Illes Balears","Illes Balears","125"
"29042026","0","","KYMCO","SKYTOWN 125","Alicante/Alacant","Comunidad Valenciana","125"
"29042026","0","","HONDA","ADV 350","Castellón/Castelló","Comunidad Valenciana","330"
"29042026","0","","VOGE","DS800X RALLY","Barcelona","Cataluña","798"
"29042026","0","","YAMAHA","XSR-900","Barcelona","Cataluña","890"
"29042026","0","","YAMAHA","RayZR 125","Madrid","Comunidad de Madrid","125"
"29042026","0","","HONDA","PCX 125","Illes Balears","Illes Balears","125"
"29042026","0","","ZONTES","368G","Málaga","Andalucía","368"
"29042026","0","","HONDA","PCX 125","Valencia/València","Comunidad Valenciana","125"
"29042026","0","","YAMAHA","XSR-125","Almería","Andalucía","125"
"29042026","0","","QJMOTOR","SRT 700 X E5+","Salamanca","Castilla y León","698"
"29042026","0","","LETBE","VELOCITY","Madrid","Comunidad de Madrid","125"
"29042026","0","","YAMAHA","NMAX 125","Valladolid","Castilla y León","125"
"29042026","0","","BAJAJ","PULSAR NS 125","Sevilla","Andalucía","124"
"29042026","0","","QJMOTOR","ATR 125 E5+","Cantabria","Cantabria","125"
"29042026","0","","ZONTES","ZT125-Z2","Barcelona","Cataluña","125"
"29042026","0","","ZONTES","368M","Málaga","Andalucía","368"
"29042026","0","","SYM","JET 14","Illes Balears","Illes Balears","125"
"29042026","0","","QJMOTOR","ATR 125 E5+","Valencia/València","Comunidad Valenciana","125"
"29042026","0","","HONDA","ADV 350","Palmas (Las)","Canarias","330"
"29042026","0","","PIAGGIO","LIBERTY 125 ABS","Illes Balears","Illes Balears","124"
"29042026","0","","HONDA","CRF 300 L","Girona","Cataluña","286"
"29042026","0","","BMW","C 400 GT","Madrid","Comunidad de Madrid","350"
"29042026","0","","MH MOTORCYCLES","VR10","Santa Cruz de Tenerife","Canarias","124"
"29042026","0","","CFMOTO","675SR-R","Madrid","Comunidad de Madrid","674"
"29042026","0","","YAMAHA","NMAX 125","Madrid","Comunidad de Madrid","125"
"29042026","0","","QJMOTOR","ATR 125 E5+","Málaga","Andalucía","125"
"29042026","0","","AJP","AJP PR7","Jaén","Andalucía","600"
"29042026","0","","PIAGGIO","BEVERLY 310 HPE","Illes Balears","Illes Balears","310"
"29042026","0","","MITT","TY125T-26G","Guadalajara","Castilla-La Mancha","125"
"29042026","0","","HONDA","ADV 350","Barcelona","Cataluña","330"
"29042026","0","","HONDA","PCX 125","Alicante/Alacant","Comunidad Valenciana","125"
"29042026","0","","HONDA","CRF1100L Africa Twin","Lleida","Cataluña","1084"
"29042026","0","","PIAGGIO","LIBERTY 125 ABS","Illes Balears","Illes Balears","124"
"29042026","0","","SYM","MAXSYM TL 508 E5+","Barcelona","Cataluña","508"
"29042026","0","","HONDA","FORZA125","Alicante/Alacant","Comunidad Valenciana","125"
"29042026","0","","PEUGEOT","KISBEE M","Barcelona","Cataluña","125"
"29042026","0","","PIAGGIO","LIBERTY 125 ABS","Illes Balears","Illes Balears","124"
"29042026","0","","RIEJU","NKD 125","Zaragoza","Aragón","124"
"29042026","0","","YAMAHA","WR125","Cádiz","Andalucía","125"
"29042026","0","","YAMAHA","XTZ 700 Tenere","Barcelona","Cataluña","689"
"29042026","0","","BMW","S 1000 XR","Valencia/València","Comunidad Valenciana","999"
"29042026","0","","HONDA","SH125i","Illes Balears","Illes Balears","125"
"29042026","0","","VOGE","DS525X","Pontevedra","Galicia","494"
"29042026","0","","HONDA","Rebel 500","Madrid","Comunidad de Madrid","471"
"29042026","0","","YAMAHA","XTZ 700 Tenere","Málaga","Andalucía","689"
"29042026","0","","HONDA","NT1100","Valencia/València","Comunidad Valenciana","1084"
"29042026","0","","HONDA","NC 750 X","Valencia/València","Comunidad Valenciana","745"
"29042026","0","","SYM","JET 14","Huelva","Andalucía","125"
"29042026","0","","PEUGEOT","KISBEE M","Barcelona","Cataluña","125"
"29042026","0","","HONDA","PCX 125","Murcia","Región de Murcia","125"
"29042026","0","","BETA","N/A","Asturias","Principado de Asturias","125"
"29042026","0","","YAMAHA","NMAX 125","Valencia/València","Comunidad Valenciana","125"
"29042026","0","","VOGE","DS800X RALLY","Bizkaia","País Vasco","798"
"29042026","0","","TRIUMPH","BONNEVILLE T100","Zaragoza","Aragón","900"
"29042026","0","","PEUGEOT","KISBEE M","Barcelona","Cataluña","125"
"29042026","0","","RIEJU","RALLY 307","Ávila","Castilla y León","292"
"29042026","0","","YAMAHA","NMAX 125","Málaga","Andalucía","125"
"29042026","0","","KAWASAKI","NINJA 7 HYBRID","Murcia","Región de Murcia","451"
"29042026","0","","YAMAHA","TMAX 560","Granada","Andalucía","562"
"29042026","0","","INDIAN","SPORT SCOUT LIMITED","Málaga","Andalucía","1250"
"29042026","0","","HONDA","FORZA125","Tarragona","Cataluña","125"
"29042026","0","","YAMAHA","MT-07","Valencia/València","Comunidad Valenciana","689"
"29042026","0","","BMW","F 900 R","Málaga","Andalucía","895"
"29042026","0","","PIAGGIO","LIBERTY 125 ABS","Sevilla","Andalucía","124"
"29042026","0","","YAMAHA","NMAX 125","Navarra","Comunidad Foral de Navarra","125"
"29042026","0","","ROYAL ENFIELD","SUPER METEOR 650","Tarragona","Cataluña","648"
"29042026","0","","KAWASAKI","Z650","Girona","Cataluña","649"
"29042026","0","","SYM","ADX 125 LC TCS E5+","Barcelona","Cataluña","125"
"29042026","0","","YAMAHA","RayZR 125","Girona","Cataluña","125"
"29042026","0","","BENELLI","BKX 125","Illes Balears","Illes Balears","125"
"29042026","0","","KAWASAKI","ELIMINATOR","Madrid","Comunidad de Madrid","451"
"29042026","0","","HONDA","ADV 750","Gipuzkoa","País Vasco","745"
"29042026","0","","HONDA","CBF 125","Valencia/València","Comunidad Valenciana","125"
"29042026","0","","APRILIA","SR GT 125","Sevilla","Andalucía","125"
"29042026","0","","KOVE","KOVE 800 X PRO 2026","Madrid","Comunidad de Madrid","799"
"29042026","0","","BMW","F 900 R","Madrid","Comunidad de Madrid","895"
"29042026","0","","VOGE","DS800X RALLY","Castellón/Castelló","Comunidad Valenciana","798"
"29042026","0","","KAWASAKI","Z900","Madrid","Comunidad de Madrid","948"
"29042026","0","","VOGE","625DSX","Navarra","Comunidad Foral de Navarra","581"
"29042026","0","","HONDA","FORZA 350","Barcelona","Cataluña","330"
"29042026","0","","PEUGEOT","KISBEE M","Barcelona","Cataluña","125"
"29042026","0","","PEUGEOT","KISBEE M","Barcelona","Cataluña","125"
"29042026","0","","ZONTES","703RR","Barcelona","Cataluña","699"
"29042026","0","","YAMAHA","Tracer 9 GT","Madrid","Comunidad de Madrid","890"
"29042026","0","","KEEWAY","RKF 125 ABS","Alicante/Alacant","Comunidad Valenciana","125"
"29042026","0","","KAWASAKI","NINJA 125","Coruña (A)","Galicia","125"
"29042026","0","","YAMAHA","NMAX 125","Málaga","Andalucía","125"
"29042026","0","","HONDA","ADV 750","Madrid","Comunidad de Madrid","745"
"29042026","0","","HUSQVARNA","HUSQVARNA FE 350","Barcelona","Cataluña","350"
"29042026","0","","KOVE","KOVE 800 X GT","Barcelona","Cataluña","799"
"29042026","0","","QJMOTOR","FORT 125 N E5+","Barcelona","Cataluña","125"
"29042026","0","","RIEJU","NKD 125","Albacete","Castilla-La Mancha","124"
"29042026","0","","SYM","JET X","Barcelona","Cataluña","125"
"29042026","0","","VOGE","625DSX","Barcelona","Cataluña","581"
"29042026","0","","HONDA","SH350i","Barcelona","Cataluña","330"
"29042026","0","","QJMOTOR","SRV 12 E5+","Barcelona","Cataluña","125"
"29042026","0","","HONDA","SH Mode 125","Girona","Cataluña","125"
"29042026","0","","YAMAHA","NMAX 125","Salamanca","Castilla y León","125"
"29042026","0","","YAMAHA","MT-07","Jaén","Andalucía","689"
"29042026","0","","BMW","C 400 X","Barcelona","Cataluña","350"
"29042026","0","","SUZUKI","ADDRESS 125","Santa Cruz de Tenerife","Canarias","124"
"29042026","0","","CFMOTO","125 NK","Madrid","Comunidad de Madrid","124"
"29042026","0","","YAMAHA","MT-07","Sevilla","Andalucía","689"
"29042026","0","","YAMAHA","NMAX 125","Almería","Andalucía","125"
"29042026","0","","ZONTES","ZT125-Z2","Barcelona","Cataluña","125"
"29042026","0","","YAMAHA","NMAX 125","Girona","Cataluña","125"
"29042026","0","","ZONTES","125E","Barcelona","Cataluña","125"
"29042026","0","","QJMOTOR","SRT 900 SX","Palmas (Las)","Canarias","904"
"29042026","0","","ZONTES","368G","Asturias","Principado de Asturias","368"
"29042026","0","","VOGE","SR4 MAX","Cádiz","Andalucía","350"
"29042026","0","","SYM","SYMPHONY 125","Madrid","Comunidad de Madrid","125"
"29042026","0","","VOGE","DS800X RALLY","Coruña (A)","Galicia","798"
"29042026","0","","HONDA","CB750AC","Girona","Cataluña","755"
"29042026","0","","HONDA","PCX 125","Málaga","Andalucía","125"
"29042026","0","","SUZUKI","DR-Z400","Madrid","Comunidad de Madrid","398"
"29042026","0","","YAMAHA","XMAX 125","Sevilla","Andalucía","125"
"29042026","0","","KYMCO","PEOPLE S 125 E5+","Valladolid","Castilla y León","125"
"29042026","0","","PEUGEOT","KISBEE M","Barcelona","Cataluña","125"
"29042026","0","","YAMAHA","MT-07","Castellón/Castelló","Comunidad Valenciana","689"
"29042026","0","","HONDA","SH Mode 125","Girona","Cataluña","125"
"29042026","0","","VOGE","R125","Ciudad Real","Castilla-La Mancha","125"
"29042026","0","","KYMCO","SKYTOWN 125","Bizkaia","País Vasco","125"
"29042026","0","","PIAGGIO","MEDLEY 125","Sevilla","Andalucía","125"
"29042026","0","","HONDA","SH125i","Málaga","Andalucía","125"
"29042026","0","","HONDA","NT1100","Málaga","Andalucía","1084"
"29042026","0","","ZONTES","703RR","Jaén","Andalucía","699"
"29042026","0","","PIAGGIO","LIBERTY 125 ABS","Illes Balears","Illes Balears","124"
"29042026","0","","BENDA","NAPOLEON 125","Tarragona","Cataluña","125"
"29042026","0","","KYMCO","AGILITY S","Valladolid","Castilla y León","125"
"29042026","0","","PIAGGIO","MEDLEY 125","Barcelona","Cataluña","125"
"29042026","0","","BMW","R 1300 GS ADVENTURE","Burgos","Castilla y León","1300"
"29042026","0","","PIAGGIO","VESPA PRIMAVERA 125","Valencia/València","Comunidad Valenciana","124"
"29042026","0","","ZONTES","368G","Coruña (A)","Galicia","368"
"29042026","0","","YAMAHA","XMAX 125","Illes Balears","Illes Balears","125"
"29042026","0","","YAMAHA","MT-07","Ávila","Castilla y León","689"
"29042026","0","","VOGE","R125","Illes Balears","Illes Balears","125"
"29042026","0","","VOGE","625DSX","Castellón/Castelló","Comunidad Valenciana","581"
"29042026","0","","HONDA","PCX 125","Sevilla","Andalucía","125"
"29042026","0","","FANTIC MOTOR","---","Gipuzkoa","País Vasco","125"
"29042026","0","","RIEJU","NOT APPLICABLE","Tarragona","Cataluña","124"
"29042026","0","","ZONTES","368G","Santa Cruz de Tenerife","Canarias","368"
"29042026","0","","KAWASAKI","Z500","Málaga","Andalucía","451"
"29042026","0","","HONDA","CL500","Valencia/València","Comunidad Valenciana","471"
"29042026","0","","VOGE","DS900X","Segovia","Castilla y León","895"
"29042026","0","","HONDA","FORZA125","Castellón/Castelló","Comunidad Valenciana","125"
"29042026","0","","TRIUMPH","TIGER 900 GT PRO","Illes Balears","Illes Balears","888"
"29042026","0","","APRILIA","RX 125","Sevilla","Andalucía","124"
"29042026","0","","PEUGEOT","KISBEE M","Barcelona","Cataluña","125"
"29042026","0","","YAMAHA","RayZR 125","Illes Balears","Illes Balears","125"
"29042026","0","","HONDA","FORZA125","Illes Balears","Illes Balears","125"
"29042026","0","","BETA","N/A","Barcelona","Cataluña","296"
"29042026","0","","HONDA","NT1100","Barcelona","Cataluña","1084"
"29042026","0","","DUCATI","MULTISTRADA V4","Santa Cruz de Tenerife","Canarias","1158"
"29042026","0","","KYMCO","PEOPLE S 125 E5+","Zaragoza","Aragón","125"
"29042026","0","","HONDA","PCX 125","Bizkaia","País Vasco","125"
"29042026","0","","KOVE","KOVE 800 X GT","Granada","Andalucía","799"
"29042026","0","","ZONTES","368G","Santa Cruz de Tenerife","Canarias","368"
"29042026","0","","HONDA","CBF 125","Valencia/València","Comunidad Valenciana","125"
"29042026","0","","SYM","JET 14","Illes Balears","Illes Balears","125"
"29042026","0","","YAMAHA","NMAX 125","Sevilla","Andalucía","125"
"29042026","0","","KAWASAKI","KLE500","Palmas (Las)","Canarias","451"
"29042026","0","","ZONTES","125E","Tarragona","Cataluña","125"
"29042026","0","","YAMAHA","NMAX 125","Girona","Cataluña","125"
"29042026","0","","PIAGGIO","VESPA PRIMAVERA 125","Illes Balears","Illes Balears","124"
"29042026","0","","BMW","S 1000 RR","Valencia/València","Comunidad Valenciana","999"
"29042026","0","","TRIUMPH","SCRAMBLER 1200 X","Barcelona","Cataluña","1200"
"29042026","0","","RIEJU","RALLY 307","Burgos","Castilla y León","292"
"29042026","0","","KYMCO","AGILITY S","Córdoba","Andalucía","125"
"29042026","0","","ZONTES","368M","Barcelona","Cataluña","368"
"29042026","0","","YAMAHA","TRACER 700","Barcelona","Cataluña","689"
"29042026","0","","YAMAHA","NMAX 125","Illes Balears","Illes Balears","125"
"29042026","0","","HONDA","FORZA 350","Barcelona","Cataluña","330"
"29042026","0","","SUZUKI","ADDRESS 125","Murcia","Región de Murcia","124"
"29042026","0","","HONDA","NT1100","Valladolid","Castilla y León","1084"
"29042026","0","","ZONTES","125E","Sevilla","Andalucía","125"
"29042026","0","","HONDA","CB750 Hornet","Barcelona","Cataluña","755"
"29042026","0","","BMW","R 1300 RT","Alicante/Alacant","Comunidad Valenciana","1300"
"29042026","0","","MACBOR","MONTANA XR1 125 EVO","Córdoba","Andalucía","124"
"29042026","0","","QJMOTOR","SRK 125 S E5+","Santa Cruz de Tenerife","Canarias","125"
"29042026","0","","YAMAHA","RayZR 125","Málaga","Andalucía","125"
"29042026","0","","SYM","SYMPHONY  NEW 125 SR C","Barcelona","Cataluña","125"
"29042026","0","","PIAGGIO","LIBERTY 125 ABS","Sevilla","Andalucía","124"
"29042026","0","","SYM","JET 14","Córdoba","Andalucía","125"
"29042026","0","","HONDA","SH125i","Barcelona","Cataluña","125"
"29042026","0","","ROYAL ENFIELD","SUPER METEOR 650","Sevilla","Andalucía","648"
"29042026","0","","MITT","TY125T-26F","Zaragoza","Aragón","125"
"29042026","0","","HONDA","XL750 Transalp","Madrid","Comunidad de Madrid","755"
"29042026","0","","BMW","R 1300 GS","Rioja (La)","La Rioja","1300"
"29042026","0","","HONDA","CB 125 F","Tarragona","Cataluña","124"
"29042026","0","","HONDA","VISION 110","Madrid","Comunidad de Madrid","109"
"29042026","0","","YAMAHA","NMAX 125","Barcelona","Cataluña","125"
"29042026","0","","PEUGEOT","KISBEE M","Barcelona","Cataluña","125"
"29042026","0","","VOGE","DS525X","Huelva","Andalucía","494"
"29042026","0","","MITT","125R1","Valencia/València","Comunidad Valenciana","124"
"29042026","0","","YAMAHA","MT-125","Madrid","Comunidad de Madrid","125"
"29042026","0","","CFMOTO","450MT","Barcelona","Cataluña","449"
"29042026","0","","HONDA","SH Mode 125","Barcelona","Cataluña","125"
"29042026","0","","ZONTES","703F","Cádiz","Andalucía","699"
"29042026","0","","HONDA","VISION 110","Bizkaia","País Vasco","109"
"29042026","0","","VOGE","DS800X RALLY","Madrid","Comunidad de Madrid","798"
"29042026","0","","RIEJU","RALLY 307","Barcelona","Cataluña","292"
"29042026","0","","SYM","SYMPHONY  NEW 125 SR C","Barcelona","Cataluña","125"
"29042026","0","","HONDA","PCX 125","Almería","Andalucía","125"
"29042026","0","","SYM","SYMPHONY  NEW 125 SR C","Barcelona","Cataluña","125"
"29042026","0","","CYCLONE","RA125 PLUS","Valencia/València","Comunidad Valenciana","124"
"29042026","0","","SUZUKI","V-Strom 800","Palmas (Las)","Canarias","776"
"29042026","0","","KTM","KTM 125 DUKE","Salamanca","Castilla y León","125"
"29042026","0","","HONDA","PCX 125","Cádiz","Andalucía","125"
"29042026","0","","ZONTES","125E","Barcelona","Cataluña","125"
"29042026","0","","PEUGEOT","TWEET FL 125 CC","Madrid","Comunidad de Madrid","125"
"29042026","0","","RIEJU","NKD 125","Alicante/Alacant","Comunidad Valenciana","124"
"29042026","0","","BMW","F 900 R A2","Almería","Andalucía","895"
"29042026","0","","KTM","KTM 125 DUKE","Santa Cruz de Tenerife","Canarias","125"
"29042026","0","","SUZUKI","ADDRESS 125","Pontevedra","Galicia","124"
"29042026","0","","VOGE","625DSX","Madrid","Comunidad de Madrid","581"
"29042026","0","","BMW","S 1000 XR","Madrid","Comunidad de Madrid","999"
"29042026","0","","HONDA","ADV 350","Barcelona","Cataluña","330"
"29042026","0","","KEEWAY","RKS 125","Madrid","Comunidad de Madrid","124"
"29042026","0","","KYMCO","SKYTOWN 125","Cádiz","Andalucía","125"
"29042026","0","","YAMAHA","MT-125","Barcelona","Cataluña","125"
"29042026","0","","VOGE","300RALLY","Córdoba","Andalucía","292"
"29042026","0","","KYMCO","DTX","Valencia/València","Comunidad Valenciana","124"
"29042026","0","","KTM","KTM 390 ENDURO R","Granada","Andalucía","399"
"29042026","0","","ZONTES","703RR","Navarra","Comunidad Foral de Navarra","699"
"29042026","0","","VOGE","SR16","Barcelona","Cataluña","125"
"29042026","0","","BMW","R 1300 GS","Cádiz","Andalucía","1300"
"29042026","0","","HONDA","Rebel 500","Alicante/Alacant","Comunidad Valenciana","471"
"29042026","0","","APRILIA","SR GT 125","Santa Cruz de Tenerife","Canarias","125"
"29042026","0","","YAMAHA","NMAX 125","Barcelona","Cataluña","125"
"29042026","0","","BMW","R 1300 GS","Coruña (A)","Galicia","1300"
"29042026","0","","YAMAHA","NMAX 125","Valencia/València","Comunidad Valenciana","125"
"29042026","0","","RIEJU","N/A","Málaga","Andalucía","125"
"29042026","0","","ROYAL ENFIELD","HIMALAYAN 452","Sevilla","Andalucía","452"
"29042026","0","","YAMAHA","XMAX 125","Illes Balears","Illes Balears","125"
"29042026","0","","BAJAJ","PULSAR NS 125","Valencia/València","Comunidad Valenciana","124"
"29042026","0","","MACBOR","MONTANA XR1 125 EVO","Málaga","Andalucía","124"
"29042026","0","","CFMOTO","800MT-X","Valencia/València","Comunidad Valenciana","799"
"29042026","0","","KYMCO","DTX","Valencia/València","Comunidad Valenciana","124"
"29042026","0","","KYMCO","DTX","Navarra","Comunidad Foral de Navarra","321"
"29042026","0","","YAMAHA","XMAX 125","Madrid","Comunidad de Madrid","125"
"29042026","0","","HONDA","NC 750 X","Teruel","Aragón","745"
"29042026","0","","HONDA","CB650RA","Santa Cruz de Tenerife","Canarias","649"
"29042026","0","","ZONTES","ZT125-G1","Madrid","Comunidad de Madrid","125"
"29042026","0","","YAMAHA","MT-125","Barcelona","Cataluña","125"
"29042026","0","","BENELLI","BN125","Cádiz","Andalucía","125"
"29042026","0","","YAMAHA","MT-125","Valencia/València","Comunidad Valenciana","125"
"29042026","0","","BMW","R 12 G/S","Málaga","Andalucía","1170"
"29042026","0","","HONDA","PCX 125","Murcia","Región de Murcia","125"
"29042026","0","","BMW","C 400 GT","Illes Balears","Illes Balears","350"
"29042026","0","","PEUGEOT","KISBEE M","Barcelona","Cataluña","125"
"29042026","0","","VOGE","DS900X","Illes Balears","Illes Balears","895"
"29042026","0","","HONDA","SH350i","Málaga","Andalucía","330"
"29042026","0","","LETBE","HJ125T-5B","Barcelona","Cataluña","125"
"29042026","0","","HONDA","GB350S","Madrid","Comunidad de Madrid","348"
"29042026","0","","YAMAHA","MT-07","Valencia/València","Comunidad Valenciana","689"
"29042026","0","","HONDA","FORZA 750","Palmas (Las)","Canarias","745"
"29042026","0","","HONDA","PCX 125","Sevilla","Andalucía","125"
"29042026","0","","KYMCO","SUPER DINK GT 125 E5+","Barcelona","Cataluña","124"
"29042026","0","","PIAGGIO","LIBERTY 125 ABS","Sevilla","Andalucía","124"
"29042026","0","","YAMAHA","XMAX 125","Illes Balears","Illes Balears","125"
"29042026","0","","ZONTES","125C","Lugo","Galicia","125"
"29042026","0","","HONDA","ADV 350","Illes Balears","Illes Balears","330"
"29042026","0","","SYM","SYMPHONY  NEW 125 SR C","Barcelona","Cataluña","125"
"29042026","0","","SYM","ADX 125 LC TCS E5+","Barcelona","Cataluña","125"
"29042026","0","","HONDA","ADV 350","Málaga","Andalucía","330"
"29042026","0","","ZONTES","368K","León","Castilla y León","368"
"29042026","0","","ZONTES","368G","Cádiz","Andalucía","368"
"29042026","0","","CFMOTO","450MT","Valladolid","Castilla y León","449"
"29042026","0","","CYCLONE","SR600-3A","Barcelona","Cataluña","549"
"29042026","0","","HONDA","VISION 110","Cuenca","Castilla-La Mancha","109"
"29042026","0","","HONDA","CRF 300 L","Murcia","Región de Murcia","286"
"29042026","0","","HONDA","FORZA125","Málaga","Andalucía","125"
"29042026","0","","SUZUKI","BURGMAN 400","Valencia/València","Comunidad Valenciana","400"
"29042026","0","","VOGE","DS900X","Madrid","Comunidad de Madrid","895"
"29042026","0","","HONDA","ADV 350","Málaga","Andalucía","330"
"29042026","0","","VOGE","DS900X","Málaga","Andalucía","895"
"29042026","0","","RIEJU","N/A","Toledo","Castilla-La Mancha","125"
"29042026","0","","PEUGEOT","KISBEE M","Barcelona","Cataluña","125"
"29042026","0","","CFMOTO","450MT","Barcelona","Cataluña","449"
"29042026","0","","KYMCO","DTX","Valladolid","Castilla y León","124"
"29042026","0","","LETBE","HJ125T-5B","Illes Balears","Illes Balears","125"
"29042026","0","","KAWASAKI","NINJA ZX-6R","Pontevedra","Galicia","636"
"29042026","0","","YAMAHA","XTZ 700 Tenere","Toledo","Castilla-La Mancha","689"
"29042026","0","","PIAGGIO","VESPA PRIMAVERA 125","Cáceres","Extremadura","124"
"29042026","0","","HONDA","VISION 110","Zaragoza","Aragón","109"
"29042026","0","","YAMAHA","MT-125","Badajoz","Extremadura","125"
"29042026","0","","HONDA","Rebel 500","Huesca","Aragón","471"
"29042026","0","","KOVE","KOVE 800 X PRO 2026","Zaragoza","Aragón","799"
"29042026","0","","HONDA","PCX 125","Illes Balears","Illes Balears","125"
"29042026","0","","HONDA","ADV 350","Girona","Cataluña","330"
"29042026","0","","PIAGGIO","LIBERTY 125 ABS","Illes Balears","Illes Balears","124"
"29042026","0","","ZONTES","368G","Granada","Andalucía","368"
"29042026","0","","BMW","S 1000 XR","Valladolid","Castilla y León","999"
"29042026","0","","BETA","N/A","Coruña (A)","Galicia","249"
"29042026","0","","MACBOR","MONTANA XR1 125 EVO","Barcelona","Cataluña","124"
"29042026","0","","QJMOTOR","SRK 125 S E5+","Palmas (Las)","Canarias","125"
"29042026","0","","HONDA","PCX 125","Madrid","Comunidad de Madrid","125"
"29042026","0","","ZONTES","703F","Barcelona","Cataluña","699"
"29042026","0","","HONDA","PCX 125","Valencia/València","Comunidad Valenciana","125"
"29042026","0","","KYMCO","AGILITY S","Cádiz","Andalucía","125"
"29042026","0","","YAMAHA","NMAX 125","Murcia","Región de Murcia","125"
"29042026","0","","KYMCO","DTX","Barcelona","Cataluña","321"
"29042026","0","","PEUGEOT","PULSION EVO","Burgos","Castilla y León","125"
"29042026","0","","YAMAHA","MT-125","Sevilla","Andalucía","125"
"29042026","0","","CFMOTO","1000MT-X","Málaga","Andalucía","946"
"29042026","0","","MOTO MORINI","X-CAPE 1200","Tarragona","Cataluña","1187"
"29042026","0","","YAMAHA","XMAX 125","Sevilla","Andalucía","125"
"29042026","0","","HONDA","NT1100","Almería","Andalucía","1084"
"29042026","0","","RIEJU","RALLY 307","Castellón/Castelló","Comunidad Valenciana","292"
"29042026","0","","PEUGEOT","TWEET FL 125 CC","Barcelona","Cataluña","125"
"29042026","0","","VOGE","DS900X","Lleida","Cataluña","895"
"29042026","0","","SYM","SYMPHONY 125","Alicante/Alacant","Comunidad Valenciana","125"
"29042026","0","","HONDA","PCX 125","Granada","Andalucía","125"
"29042026","0","","BMW","M 1000 XR","Madrid","Comunidad de Madrid","999"
"29042026","0","","BMW","F 900 R","Girona","Cataluña","895"
"29042026","0","","CYCLONE","RX1 PRO","Pontevedra","Galicia","124"
"29042026","0","","HONDA","NT1100","Murcia","Región de Murcia","1084"
"29042026","0","","DUCATI","MULTISTRADA V2","Barcelona","Cataluña","890"
"29042026","0","","HONDA","NC 750 X","Badajoz","Extremadura","745"
"29042026","0","","YAMAHA","Tracer 9 GT","Girona","Cataluña","890"
"29042026","0","","YAMAHA","NMAX 125","Madrid","Comunidad de Madrid","125"
"29042026","0","","BMW","S 1000 RR","Bizkaia","País Vasco","999"
"29042026","0","","QJMOTOR","SRT 700 E5+","Murcia","Región de Murcia","698"
"29042026","0","","ZONTES","368G","Sevilla","Andalucía","368"
"29042026","0","","BAJAJ","PULSAR NS 125","Barcelona","Cataluña","124"
"29042026","0","","YAMAHA","NMAX 125","Córdoba","Andalucía","125"
"29042026","0","","SYM","SYMPHONY  NEW 125 SR C","Rioja (La)","La Rioja","125"
"29042026","0","","RIEJU","NKD 125","Barcelona","Cataluña","124"
"29042026","0","","HONDA","XL750 Transalp","Badajoz","Extremadura","755"
"29042026","0","","YAMAHA","RayZR 125","Cádiz","Andalucía","125"
"29042026","0","","MOTO MORINI","X-CAPE 1200","Valencia/València","Comunidad Valenciana","1187"
"29042026","0","","KAWASAKI","Z650RS","Barcelona","Cataluña","649"
"29042026","0","","QJMOTOR","SRT 900 SX","Almería","Andalucía","904"
"29042026","0","","PIAGGIO","LIBERTY 125 ABS","Illes Balears","Illes Balears","124"
"29042026","0","","SYM","SYMPHONY 125","Barcelona","Cataluña","125"
"29042026","0","","MITT","GT-S","Zaragoza","Aragón","125"
"29042026","0","","BMW","R 1300 GS","Cádiz","Andalucía","1300"
"29042026","0","","HONDA","PCX 125","Murcia","Región de Murcia","125"
"29042026","0","","VOGE","DS800X RALLY","Cádiz","Andalucía","798"
"29042026","0","","BMW","R 1300 GS","Barcelona","Cataluña","1300"
"29042026","0","","PEUGEOT","KISBEE M","Alicante/Alacant","Comunidad Valenciana","125"
"29042026","0","","MACBOR","ROCKSTER 125 EVO E5+","Tarragona","Cataluña","125"
"29042026","0","","HONDA","ADV 750","Barcelona","Cataluña","745"
"29042026","0","","BMW","R 1300 GS ADVENTURE","Murcia","Región de Murcia","1300"
"29042026","0","","RIEJU","RALLY 307","Valencia/València","Comunidad Valenciana","292"
"29042026","0","","HONDA","PCX 125","Sevilla","Andalucía","125"
"29042026","0","","PIAGGIO","LIBERTY 125 ABS","Illes Balears","Illes Balears","124"
"29042026","0","","YAMAHA","NMAX 125","Madrid","Comunidad de Madrid","125"
"29042026","0","","HONDA","VISION 110","Madrid","Comunidad de Madrid","109"
"29042026","0","","SYM","ADX 300 TCS","Girona","Cataluña","278"
"29042026","0","","BENELLI","BN125","Ciudad Real","Castilla-La Mancha","125"
"29042026","0","","ZONTES","368G","Badajoz","Extremadura","368"
"29042026","0","","ZONTES","125C","Madrid","Comunidad de Madrid","125"
"29042026","0","","ZONTES","125D","Zaragoza","Aragón","125"
"29042026","0","","HONDA","FORZA125","Madrid","Comunidad de Madrid","125"
"29042026","0","","KYMCO","AGILITY S","Valencia/València","Comunidad Valenciana","125"
"29042026","0","","VOGE","625DSX","Madrid","Comunidad de Madrid","581"
"29042026","0","","HONDA","NT1100","Barcelona","Cataluña","1084"
"29042026","0","","MACBOR","ROCKSTER FLAT 125 EVO","Palmas (Las)","Canarias","125"
"29042026","0","","HONDA","SH350i","Bizkaia","País Vasco","330"
"29042026","0","","BENELLI","BKX 125","Cantabria","Cantabria","125"
"29042026","0","","ZONTES","368E","Murcia","Región de Murcia","368"
"29042026","0","","HONDA","SH125i","Málaga","Andalucía","125"
"29042026","0","","YAMAHA","NMAX 125","Cádiz","Andalucía","125"
"29042026","0","","VOGE","625DSX","Zaragoza","Aragón","581"
"29042026","0","","QJMOTOR","ATR 125 E5+","Madrid","Comunidad de Madrid","125"
"29042026","0","","BMW","C 400 GT","Madrid","Comunidad de Madrid","350"
"29042026","0","","VOGE","DS800X RALLY","Rioja (La)","La Rioja","798"
"29042026","0","","ZONTES","368G","Albacete","Castilla-La Mancha","368"
"29042026","0","","YAMAHA","NMAX 125","Pontevedra","Galicia","125"
"29042026","0","","SYM","SYMPHONY  NEW 125 SR C","Barcelona","Cataluña","125"
"29042026","0","","HARLEY-DAVIDSON","BREAKOUT","Madrid","Comunidad de Madrid","1923"
"29042026","0","","HONDA","VISION 110","Barcelona","Cataluña","109"
"29042026","0","","KYMCO","DTX","Tarragona","Cataluña","124"
"29042026","0","","KYMCO","DTX","Sevilla","Andalucía","124"
"29042026","0","","YAMAHA","XTZ 700 Tenere","Zaragoza","Aragón","689"
"29042026","0","","KYMCO","SKYTOWN 125","Almería","Andalucía","125"
"29042026","0","","BMW","F 900 R A2","Palmas (Las)","Canarias","895"
"29042026","0","","APRILIA","SR GT 125","Cádiz","Andalucía","125"
"29042026","0","","VOGE","DS800X RALLY","Badajoz","Extremadura","798"
"29042026","0","","MOTO MORINI","X-CAPE 1200","Málaga","Andalucía","1187"
"29042026","0","","BMW","R 1300 GS ADVENTURE","Málaga","Andalucía","1300"
"29042026","0","","HONDA","NX500","Barcelona","Cataluña","471"
"29042026","0","","BMW","F 800 GS","Valencia/València","Comunidad Valenciana","895"
"29042026","0","","CFMOTO","1000MT-X","Zaragoza","Aragón","946"
"29042026","0","","HONDA","CRF1100L Africa Twin","Palmas (Las)","Canarias","1084"
"29042026","0","","DUCATI","MULTISTRADA V2","Alicante/Alacant","Comunidad Valenciana","890"
"29042026","0","","HONDA","CB 125 F","Alicante/Alacant","Comunidad Valenciana","124"
"29042026","0","","HONDA","CB650RA","Granada","Andalucía","649"
"29042026","0","","PIAGGIO","LIBERTY 125 ABS","Illes Balears","Illes Balears","124"
"29042026","0","","HONDA","FORZA125","Málaga","Andalucía","125"
"29042026","0","","VOGE","DS800X RALLY","Málaga","Andalucía","798"
"29042026","0","","ZONTES","125C","Valencia/València","Comunidad Valenciana","125"
"29042026","0","","ZONTES","368G","Barcelona","Cataluña","368"
"29042026","0","","DUCATI","MULTISTRADA V2","Zaragoza","Aragón","890"
"29042026","0","","ZONTES","368E","Zaragoza","Aragón","368"
"29042026","0","","SYM","FUGUE 125 ABS TOP CASE","Barcelona","Cataluña","124"
"29042026","0","","PEUGEOT","KISBEE M","Barcelona","Cataluña","125"
"29042026","0","","YAMAHA","NMAX 125","Santa Cruz de Tenerife","Canarias","125"
"29042026","0","","KAWASAKI","Z900","Barcelona","Cataluña","948"
"29042026","0","","SYM","SYMPHONY  NEW 125 SR C","Málaga","Andalucía","125"
"29042026","0","","ROYAL ENFIELD","CLASSIC 650 TWIN","Barcelona","Cataluña","648"
"29042026","0","","KYMCO","PEOPLE S 125 E5+","Barcelona","Cataluña","125"
"29042026","0","","KAWASAKI","ELIMINATOR","Barcelona","Cataluña","451"
"29042026","0","","PEUGEOT","KISBEE M","Barcelona","Cataluña","125"
"29042026","0","","VOGE","DS800X RALLY","Valencia/València","Comunidad Valenciana","798"
"29042026","0","","RIEJU","N/A","Granada","Andalucía","125"
"29042026","0","","SYM","CRUISYM 125 TCS E5+","Barcelona","Cataluña","124"
"29042026","0","","CFMOTO","675NK","Barcelona","Cataluña","674"
"29042026","0","","YAMAHA","MT-09","Madrid","Comunidad de Madrid","890"
"29042026","0","","VOGE","SR1","Barcelona","Cataluña","125"
"29042026","0","","MOTO MORINI","ALLTRHIKE","Barcelona","Cataluña","449"
"29042026","0","","KYMCO","AGILITY S","Granada","Andalucía","125"
"29042026","0","","KAWASAKI","NINJA ZX-6R","Salamanca","Castilla y León","636"
"29042026","0","","DUCATI","PANIGALE V2","Madrid","Comunidad de Madrid","890"
"29042026","0","","HONDA","SH125i","Córdoba","Andalucía","125"
"29042026","0","","KYMCO","AGILITY S","Gipuzkoa","País Vasco","125"
"29042026","0","","CFMOTO","800MT-X","Alicante/Alacant","Comunidad Valenciana","799"
"29042026","0","","VOGE","R125","Girona","Cataluña","125"
"29042026","0","","YAMAHA","NMAX 125","Granada","Andalucía","125"
"29042026","0","","ZONTES","368G","Málaga","Andalucía","368"
"29042026","0","","VOGE","DS800X RALLY","Illes Balears","Illes Balears","798"
"29042026","0","","BMW","F 900 R","Madrid","Comunidad de Madrid","895"
"29042026","0","","HONDA","PCX 125","Cádiz","Andalucía","125"
"29042026","0","","KEEWAY","RKF 125 ABS","Barcelona","Cataluña","125"
"29042026","0","","YAMAHA","NMAX 125","Málaga","Andalucía","125"
"29042026","0","","KTM","KTM 390 ADVENTURE R","Granada","Andalucía","399"
"29042026","0","","YAMAHA","XMAX 300","Granada","Andalucía","292"
"29042026","0","","HONDA","GB350S","Málaga","Andalucía","348"
"29042026","0","","HONDA","SH350i","Barcelona","Cataluña","330"
"29042026","0","","DUCATI","MULTISTRADA V2","Barcelona","Cataluña","890"
"29042026","0","","YAMAHA","NMAX 125","Madrid","Comunidad de Madrid","125"
"29042026","0","","KAWASAKI","Z650","Gipuzkoa","País Vasco","649"
"29042026","0","","KYMCO","SKYTOWN 125","Barcelona","Cataluña","125"
"29042026","0","","HONDA","FORZA125","Girona","Cataluña","125"
"29042026","0","","SYM","SYMPHONY  NEW 125 SR C","Illes Balears","Illes Balears","125"
"29042026","0","","PIAGGIO","LIBERTY 125 ABS","Illes Balears","Illes Balears","124"
"29042026","0","","KEEWAY","ICON 125 S","Albacete","Castilla-La Mancha","124"
"29042026","0","","BENDA","NAPOLEON 125","Málaga","Andalucía","125"
"29042026","0","","VOGE","DS800X RALLY","Madrid","Comunidad de Madrid","798"
"29042026","0","","HONDA","ADV 350","Barcelona","Cataluña","330"
"29042026","0","","VOGE","DS900X","Madrid","Comunidad de Madrid","895"
"29042026","0","","SYM","JET X","Cádiz","Andalucía","125"
"29042026","0","","LETBE","HJ125T-5B","Pontevedra","Galicia","125"
"29042026","0","","YAMAHA","XMAX 300","Albacete","Castilla-La Mancha","292"
"29042026","0","","PEUGEOT","PULSION EVO","Murcia","Región de Murcia","125"
"29042026","0","","HONDA","CB650RA","Zaragoza","Aragón","649"
"29042026","0","","KAWASAKI","VULCAN S","Alicante/Alacant","Comunidad Valenciana","649"
"29042026","0","","ZONTES","ZT125-G1","Cáceres","Extremadura","125"
"29042026","0","","ZONTES","368G","Cáceres","Extremadura","368"
"29042026","0","","ZONTES","368D","Barcelona","Cataluña","368"
"29042026","0","","YAMAHA","NMAX 125","Illes Balears","Illes Balears","125"
"29042026","0","","EFUN","LION","Barcelona","Cataluña","125"
"29042026","0","","HONDA","C125A","Alicante/Alacant","Comunidad Valenciana","124"
"29042026","0","","HONDA","FORZA125","Sevilla","Andalucía","125"
"29042026","0","","BMW","R 1300 RT","Valencia/València","Comunidad Valenciana","1300"
"29042026","0","","YAMAHA","NMAX 125","Madrid","Comunidad de Madrid","125"
"29042026","0","","HONDA","SH125i","Girona","Cataluña","125"
"29042026","0","","MACBOR","ROCKSTER 125 EVO E5+","Alicante/Alacant","Comunidad Valenciana","125"
"29042026","0","","KYMCO","AGILITY S","Badajoz","Extremadura","125"
"29042026","0","","YAMAHA","XMAX 125","Granada","Andalucía","125"
"29042026","0","","CFMOTO","450MT","Coruña (A)","Galicia","449"
"29042026","0","","HONDA","PCX 125","Madrid","Comunidad de Madrid","125"
"29042026","0","","YAMAHA","RayZR 125","Girona","Cataluña","125"
"29042026","0","","YAMAHA","NMAX 125","Coruña (A)","Galicia","125"
"29042026","0","","BMW","R 1300 GS","Valencia/València","Comunidad Valenciana","1300"
"29042026","0","","YAMAHA","XMAX 125","Pontevedra","Galicia","125"
"29042026","0","","VOGE","625DSX","Barcelona","Cataluña","581"
"29042026","0","","YAMAHA","NMAX 125","Girona","Cataluña","125"
"29042026","0","","APRILIA","RS 457","Alicante/Alacant","Comunidad Valenciana","457"
"29042026","0","","PEUGEOT","KISBEE M","Barcelona","Cataluña","125"
"29042026","0","","YAMAHA","NMAX 125","Sevilla","Andalucía","125"
"29042026","0","","VOGE","DS900X","Málaga","Andalucía","895"
"29042026","0","","ZONTES","125C","Murcia","Región de Murcia","125"
"29042026","0","","CFMOTO","800MT-X","Soria","Castilla y León","799"
"29042026","0","","SYM","JET X","Barcelona","Cataluña","125"
"29042026","0","","KYMCO","DTX","Tarragona","Cataluña","321"
"29042026","0","","ZONTES","ZT125-G1","Valladolid","Castilla y León","125"
"29042026","0","","KYMCO","PEOPLE S 125 E5+","Barcelona","Cataluña","125"
"29042026","0","","PEUGEOT","KISBEE M","Barcelona","Cataluña","125"
"29042026","0","","MACBOR","MONTANA XR1 125 EVO","Tarragona","Cataluña","124"
"29042026","0","","ZONTES","368G","Madrid","Comunidad de Madrid","368"
"29042026","0","","CFMOTO","1000MT-X","Ciudad Real","Castilla-La Mancha","946"
"29042026","0","","PIAGGIO","VESPA 946","Santa Cruz de Tenerife","Canarias","124"
"29042026","0","","HONDA","PCX 125","Teruel","Aragón","125"
"29042026","0","","YAMAHA","NMAX 125","Asturias","Principado de Asturias","125"
"29042026","0","","PEUGEOT","KISBEE M","Barcelona","Cataluña","125"
"29042026","0","","ZONTES","368G","Málaga","Andalucía","368"
"29042026","0","","PEUGEOT","PULSION EVO","Madrid","Comunidad de Madrid","125"
"29042026","0","","PEUGEOT","TWEET FL 125 CC","Córdoba","Andalucía","125"
"29042026","0","","QJMOTOR","MTX 125 E5+","Madrid","Comunidad de Madrid","125"
"29042026","0","","ZONTES","125C","Barcelona","Cataluña","125"
"29042026","0","","ZONTES","368G","Barcelona","Cataluña","368"
"29042026","0","","MORBIDELLI","T125 X","Barcelona","Cataluña","124"
"29042026","0","","TRIUMPH","STREET TRIPLE MOTO2 TM","Santa Cruz de Tenerife","Canarias","765"
"29042026","0","","VOGE","SR1ADV","Murcia","Región de Murcia","125"
"29042026","0","","YAMAHA","NMAX 125","Madrid","Comunidad de Madrid","125"
"29042026","0","","CFMOTO","675NK","Cantabria","Cantabria","674"
"29042026","0","","YAMAHA","NMAX 125","Barcelona","Cataluña","125"
"29042026","0","","VOGE","DS800X RALLY","Madrid","Comunidad de Madrid","798"
"29042026","0","","VOGE","SR1","Salamanca","Castilla y León","125"
"29042026","0","","HONDA","SH125i","Girona","Cataluña","125"
"29042026","0","","HONDA","PCX 125","Illes Balears","Illes Balears","125"
"29042026","0","","SYM","JET 14","Huelva","Andalucía","125"
"29042026","0","","YAMAHA","XMAX 125","Valencia/València","Comunidad Valenciana","125"
"29042026","0","","HUSQVARNA","HUSQVARNA SVARTPILEN12","Cádiz","Andalucía","125"
"29042026","0","","MITT","125 DESERT","Lleida","Cataluña","125"
"29042026","0","","APRILIA","SR GT 200","Barcelona","Cataluña","174"
"29042026","0","","ZONTES","125C","Madrid","Comunidad de Madrid","125"
"29042026","0","","QJMOTOR","SRV 12 E5+","Valencia/València","Comunidad Valenciana","125"
"29042026","0","","VOGE","DS800X RALLY","Valencia/València","Comunidad Valenciana","798"
"29042026","0","","SYM","JET X","Madrid","Comunidad de Madrid","125"
"29042026","0","","HONDA","PCX 125","Badajoz","Extremadura","125"
"29042026","0","","YAMAHA","XMAX 300","Barcelona","Cataluña","292"
"29042026","0","","SYM","MAXSYM TL 508 E5+","Cádiz","Andalucía","508"
"29042026","0","","MORBIDELLI","T352X","Girona","Cataluña","349"
"29042026","0","","CFMOTO","450CL-C","Tarragona","Cataluña","449"
"29042026","0","","CFMOTO","125 NK","Girona","Cataluña","124"
"29042026","0","","PEUGEOT","KISBEE M","Almería","Andalucía","125"
"29042026","0","","PEUGEOT","KISBEE M","Madrid","Comunidad de Madrid","125"
"29042026","0","","HONDA","SH125i","Gipuzkoa","País Vasco","125"
"29042026","0","","YAMAHA","NMAX 125","Madrid","Comunidad de Madrid","125"
"29042026","0","","ZONTES","368G","Granada","Andalucía","368"
"29042026","0","","RIEJU","NOT APPLICABLE","Barcelona","Cataluña","124"
"29042026","0","","SYM","SYMPHONY 125","Barcelona","Cataluña","125"
"29042026","0","","BMW","F 800 GS","Barcelona","Cataluña","895"
"29042026","0","","KYMCO","DTX","Badajoz","Extremadura","124"
"29042026","0","","HONDA","ADV 350","Alicante/Alacant","Comunidad Valenciana","330"
"29042026","0","","KYMCO","AGILITY S","Alicante/Alacant","Comunidad Valenciana","125"
"29042026","0","","KEEWAY","VIESTE 125XDV","Tarragona","Cataluña","125"
"29042026","0","","PEUGEOT","KISBEE M","Barcelona","Cataluña","125"
"29042026","0","","HONDA","SH Mode 125","Illes Balears","Illes Balears","125"
"29042026","0","","HONDA","PCX 125","Cádiz","Andalucía","125"
"29042026","0","","MH MOTORCYCLES","VRT","Málaga","Andalucía","124"
"29042026","0","","TRIUMPH","TIGER 900 GT PRO","Zaragoza","Aragón","888"
"29042026","0","","HONDA","NC 750 X","Bizkaia","País Vasco","745"
"29042026","0","","HONDA","NT1100","Barcelona","Cataluña","1084"
"29042026","0","","HONDA","SH Mode 125","Barcelona","Cataluña","125"
"29042026","0","","VOGE","DS900X","Barcelona","Cataluña","895"
"29042026","0","","BMW","K 1600 B","Málaga","Andalucía","1649"
"29042026","0","","SYM","SYMPHONY 125","Girona","Cataluña","125"
"29042026","0","","HONDA","ADV 350","Zaragoza","Aragón","330"
"29042026","0","","BMW","C 400 GT","Girona","Cataluña","350"
"29042026","0","","YAMAHA","NMAX 125","Madrid","Comunidad de Madrid","125"
"29042026","0","","TRIUMPH","STREET TRIPLE RS","Valencia/València","Comunidad Valenciana","765"
"29042026","0","","BMW","M 1000 R","Valencia/València","Comunidad Valenciana","999"
"29042026","0","","YAMAHA","XMAX 300","Madrid","Comunidad de Madrid","292"
"29042026","0","","SYM","SYMPHONY 125","Sevilla","Andalucía","125"
"29042026","0","","KAWASAKI","VERSYS 650","Valencia/València","Comunidad Valenciana","649"
"29042026","0","","KYMCO","SUPER DINK GT 125 E5+","Cádiz","Andalucía","124"
"29042026","0","","KYMCO","DTX","Valencia/València","Comunidad Valenciana","124"
"29042026","0","","VOGE","R125","Madrid","Comunidad de Madrid","125"
"29042026","0","","SYM","CRUISYM 125 TCS E5+","Sevilla","Andalucía","124"
"29042026","0","","ZONTES","125C","Barcelona","Cataluña","125"
"29042026","0","","SCORPA","CITY CORP 125","Girona","Cataluña","125"
"29042026","0","","YAMAHA","RayZR 125","Santa Cruz de Tenerife","Canarias","125"
"29042026","0","","VOGE","R125","Pontevedra","Galicia","125"
"29042026","0","","APRILIA","SX 125","Málaga","Andalucía","124"
"29042026","0","","BMW","R 1300 GS ADVENTURE","Girona","Cataluña","1300"
"29042026","0","","PEUGEOT","PULSION EVO","Murcia","Región de Murcia","125"
"29042026","0","","HONDA","SH350i","Barcelona","Cataluña","330"
"29042026","0","","KYMCO","DTX","Alicante/Alacant","Comunidad Valenciana","124"
"29042026","0","","VOGE","625DSX","Madrid","Comunidad de Madrid","581"
"29042026","0","","YAMAHA","XMAX 300","Cádiz","Andalucía","292"
"29042026","0","","YAMAHA","NMAX 125","Zaragoza","Aragón","125"
"29042026","0","","PEUGEOT","KISBEE M","Barcelona","Cataluña","125"
"29042026","0","","RIEJU","RALLY 307","Barcelona","Cataluña","292"
"29042026","0","","HONDA","CRF 300 L","Córdoba","Andalucía","286"
"29042026","0","","RIEJU","RALLY 307","Barcelona","Cataluña","292"
"29042026","0","","KYMCO","SUPER DINK GT 125 E5+","Madrid","Comunidad de Madrid","124"
"29042026","0","","PIAGGIO","MEDLEY 125","Granada","Andalucía","125"
"29042026","0","","ZONTES","368G","Ourense","Galicia","368"
"29042026","0","","CFMOTO","450MT","Almería","Andalucía","449"
"29042026","0","","YAMAHA","NMAX 125","Granada","Andalucía","125"
"29042026","0","","MORBIDELLI","SC125 RE","Asturias","Principado de Asturias","125"
"29042026","0","","YAMAHA","RayZR 125","Illes Balears","Illes Balears","125"
"29042026","0","","ZONTES","ZT125-U","Asturias","Principado de Asturias","125"
"29042026","0","","VOGE","DS800X RALLY","Zaragoza","Aragón","798"
"29042026","0","","HONDA","PCX 125","Madrid","Comunidad de Madrid","125"
"29042026","0","","MOTO MORINI","SEIEMMEZZO","Barcelona","Cataluña","649"
"29042026","0","","PIAGGIO","LIBERTY 125 ABS","Illes Balears","Illes Balears","124"
"29042026","0","","HONDA","FORZA125","Álava/Araba","País Vasco","125"
"29042026","0","","PEUGEOT","KISBEE M","Barcelona","Cataluña","125"
"29042026","0","","KYMCO","DTX","Murcia","Región de Murcia","321"
"29042026","0","","VOGE","DS900X","Palmas (Las)","Canarias","895"
"29042026","0","","PEUGEOT","KISBEE M","Barcelona","Cataluña","125"
"29042026","0","","BMW","F 800 GS","Madrid","Comunidad de Madrid","895"
"29042026","0","","SYM","JET X","Ciudad Real","Castilla-La Mancha","125"
"29042026","0","","DUCATI","MULTISTRADA V4","Palmas (Las)","Canarias","1158"
"29042026","0","","PIAGGIO","VESPA PRIMAVERA 125","Illes Balears","Illes Balears","124"
"29042026","0","","YAMAHA","Tracer 9 GT","Navarra","Comunidad Foral de Navarra","890"
"29042026","0","","CFMOTO","125 NK","Álava/Araba","País Vasco","124"
"29042026","0","","PIAGGIO","LIBERTY 125 ABS","Illes Balears","Illes Balears","124"
"29042026","0","","BMW","F 800 GS","Valencia/València","Comunidad Valenciana","895"
"29042026","0","","YAMAHA","NMAX 125","Málaga","Andalucía","125"
"29042026","0","","HONDA","PCX 125","Madrid","Comunidad de Madrid","125"
"29042026","0","","HONDA","FORZA 350","Alicante/Alacant","Comunidad Valenciana","330"
"29042026","0","","KAWASAKI","Z125","Illes Balears","Illes Balears","125"
"29042026","0","","HONDA","MSX125A","Cádiz","Andalucía","124"
"29042026","0","","YAMAHA","NMAX 125","Murcia","Región de Murcia","125"
"29042026","0","","VOGE","DS900X","Granada","Andalucía","895"
"29042026","0","","HUSQVARNA","HUSQVARNA 701 ENDURO","Asturias","Principado de Asturias","693"
"29042026","0","","ZONTES","368G","Barcelona","Cataluña","368"
"29042026","0","","PEUGEOT","KISBEE M","Barcelona","Cataluña","125"
"29042026","0","","HONDA","PCX 125","Málaga","Andalucía","125"
"29042026","0","","KYMCO","SUPER DINK GT 125 E5+","Almería","Andalucía","124"
"29042026","0","","HONDA","FORZA125","Cádiz","Andalucía","125"
"29042026","0","","APRILIA","SR GT 125","Málaga","Andalucía","125"
"29042026","0","","YAMAHA","NMAX 125","Cáceres","Extremadura","125"
"29042026","0","","BMW","R 1300 RT","Granada","Andalucía","1300"
"29042026","0","","BMW","C 400 GT","Ciudad Real","Castilla-La Mancha","350"
"29042026","0","","ZONTES","368K","Sevilla","Andalucía","368"
"29042026","0","","YAMAHA","NMAX 125","Madrid","Comunidad de Madrid","125"
"29042026","0","","RIEJU","RALLY 307","Barcelona","Cataluña","292"
"29042026","0","","SYM","FUGUE 125 ABS TOP CASE","Barcelona","Cataluña","124"
"29042026","0","","HONDA","NT1100","Lleida","Cataluña","1084"
"29042026","0","","VOGE","DS525X","Málaga","Andalucía","494"
"29042026","0","","BMW","R 1300 GS ADVENTURE","Barcelona","Cataluña","1300"
"29042026","0","","KAWASAKI","Z1100","Cádiz","Andalucía","1099"
"29042026","0","","TRIUMPH","STREET TRIPLE R (A2)","Madrid","Comunidad de Madrid","765"
"29042026","0","","CFMOTO","800MT-X","Alicante/Alacant","Comunidad Valenciana","799"
"29042026","0","","KEEWAY","RKS 125","Zaragoza","Aragón","124"
"29042026","0","","CFMOTO","450MT","Barcelona","Cataluña","449"
"29042026","0","","MACBOR","EIGHT MILE 125 LC","Cantabria","Cantabria","124"
"29042026","0","","ZONTES","368G","Málaga","Andalucía","368"
"29042026","0","","CFMOTO","675NK","Illes Balears","Illes Balears","674"
"29042026","0","","VOGE","R125","Murcia","Región de Murcia","125"
"29042026","0","","TRIUMPH","TRIDENT 800","Madrid","Comunidad de Madrid","798"
"29042026","0","","PIAGGIO","BEVERLY 310 HPE","Granada","Andalucía","310"
"29042026","0","","YAMAHA","XMAX 125","Alicante/Alacant","Comunidad Valenciana","125"
"29042026","0","","HONDA","FORZA125","Valencia/València","Comunidad Valenciana","125"
"29042026","0","","KTM","KTM 390 ADVENTURE R","Córdoba","Andalucía","399"
"29042026","0","","ZONTES","703F","Barcelona","Cataluña","699"
"29042026","0","","SYM","SYMPHONY  NEW 125 SR C","Barcelona","Cataluña","125"
"29042026","0","","KAWASAKI","KLE500","Burgos","Castilla y León","451"
"29042026","0","","VOGE","DS800X RALLY","Huelva","Andalucía","798"
"29042026","0","","ZONTES","368E","Málaga","Andalucía","368"
"29042026","0","","PEUGEOT","KISBEE M","Barcelona","Cataluña","125"
"29042026","0","","HONDA","FORZA125","Illes Balears","Illes Balears","125"
"29042026","0","","KYMCO","DTX","Santa Cruz de Tenerife","Canarias","321"
"29042026","0","","CFMOTO","1000MT-X","Sevilla","Andalucía","946"
"29042026","0","","HONDA","SH125i","Barcelona","Cataluña","125"
"29042026","0","","KAWASAKI","Z900","Granada","Andalucía","948"
"29042026","0","","PEUGEOT","KISBEE M","Barcelona","Cataluña","125"
"29042026","0","","SYM","SYMPHONY 125","Santa Cruz de Tenerife","Canarias","125"
"29042026","0","","HONDA","PCX 125","Cádiz","Andalucía","125"
"29042026","0","","KYMCO","AGILITY S","Sevilla","Andalucía","125"
"29042026","0","","ZONTES","703F","Alicante/Alacant","Comunidad Valenciana","699"
"29042026","0","","MITT","125GP","Madrid","Comunidad de Madrid","124"
"29042026","0","","QJMOTOR","MTX 125 E5+","Barcelona","Cataluña","125"
"29042026","0","","PIAGGIO","LIBERTY 125 ABS","Illes Balears","Illes Balears","124"
"29042026","0","","BMW","R 1300 RT","León","Castilla y León","1300"
"29042026","0","","HONDA","PCX 125","Cádiz","Andalucía","125"
"29042026","0","","ZONTES","703RR","Alicante/Alacant","Comunidad Valenciana","699"
"29042026","0","","YAMAHA","XMAX 125","Salamanca","Castilla y León","125"
"29042026","0","","VOGE","625DSX","Jaén","Andalucía","581"
"29042026","0","","SYM","SYMPHONY  NEW 125 SR C","Barcelona","Cataluña","125"
"29042026","0","","HONDA","PCX 125","Alicante/Alacant","Comunidad Valenciana","125"
"29042026","0","","YAMAHA","NMAX 125","Málaga","Andalucía","125"
"29042026","0","","RIEJU","RALLY 307","Santa Cruz de Tenerife","Canarias","292"
"29042026","0","","KTM","KTM 1390 SUPER ADVENTU","Palmas (Las)","Canarias","1350"
"29042026","0","","QJMOTOR","SQ 16 E5+","Valencia/València","Comunidad Valenciana","125"
"29042026","0","","ZONTES","350T","Albacete","Castilla-La Mancha","348"
"29042026","0","","ZONTES","368G","Málaga","Andalucía","368"
"29042026","0","","KYMCO","SKYTOWN 125","Madrid","Comunidad de Madrid","125"
"29042026","0","","BMW","F 900 R","Murcia","Región de Murcia","895"
"29042026","0","","VOGE","DS900X","Coruña (A)","Galicia","895"
"29042026","0","","MITT","EMPEROR","Sevilla","Andalucía","125"
"29042026","0","","HONDA","PCX 125","Albacete","Castilla-La Mancha","125"
"29042026","0","","KTM","KTM 390 ADVENTURE R","Burgos","Castilla y León","399"
"29042026","0","","YAMAHA","R125","Sevilla","Andalucía","125"
"29042026","0","","ZONTES","368E","Barcelona","Cataluña","368"
"29042026","0","","HONDA","FORZA 350","Málaga","Andalucía","330"
"29042026","0","","RIEJU","RALLY 307","Palmas (Las)","Canarias","292"
"29042026","0","","KEEWAY","VIESTE 125","Castellón/Castelló","Comunidad Valenciana","125"
"29042026","0","","HONDA","ADV 350","Madrid","Comunidad de Madrid","330"
"29042026","0","","HONDA","PCX 125","Asturias","Principado de Asturias","125"
"29042026","0","","ZONTES","368D","Granada","Andalucía","368"
"29042026","0","","HONDA","PCX 125","Cádiz","Andalucía","125"
"29042026","0","","YAMAHA","NMAX 125","Pontevedra","Galicia","125"
"29042026","0","","ZONTES","368G","Barcelona","Cataluña","368"
"29042026","0","","VOGE","DS800X RALLY","Bizkaia","País Vasco","798"
"29042026","0","","YAMAHA","NMAX 125","Alicante/Alacant","Comunidad Valenciana","125"
"29042026","0","","YAMAHA","NMAX 125","Barcelona","Cataluña","125"
"29042026","0","","QJMOTOR","FORT 125 N E5+","Alicante/Alacant","Comunidad Valenciana","125"
"29042026","0","","HONDA","FORZA 350","Murcia","Región de Murcia","330"
"29042026","0","","VOGE","DS800X RALLY","Toledo","Castilla-La Mancha","798"
"29042026","0","","VOGE","SR1ADV","Navarra","Comunidad Foral de Navarra","125"
"29042026","0","","ZONTES","368G","Málaga","Andalucía","368"
"29042026","0","","APRILIA","SR GT 125","Sevilla","Andalucía","125"
"29042026","0","","YAMAHA","XMAX 300","Albacete","Castilla-La Mancha","292"
"29042026","0","","YAMAHA","NMAX 125","Sevilla","Andalucía","125"
"29042026","0","","KYMCO","SUPER DINK GT 125 E5+","Cádiz","Andalucía","124"
"29042026","0","","HONDA","PCX 125","Santa Cruz de Tenerife","Canarias","125"
"29042026","0","","BMW","F 900 R","Granada","Andalucía","895"
"29042026","0","","PIAGGIO","VESPA PRIMAVERA 125","Barcelona","Cataluña","124"
"29042026","0","","DUCATI","PANIGALE V2","Valladolid","Castilla y León","890"
"29042026","0","","BMW","R 1300 GS","Lugo","Galicia","1300"
"29042026","0","","VOGE","625DSX","Barcelona","Cataluña","581"
"29042026","0","","PIAGGIO","MEDLEY 125","Illes Balears","Illes Balears","125"
"29042026","0","","YAMAHA","XMAX 125","Barcelona","Cataluña","125"
"29042026","0","","ZONTES","ZT125-U1","Álava/Araba","País Vasco","125"
"29042026","0","","ZONTES","703F","Valencia/València","Comunidad Valenciana","699"
"29042026","0","","VOGE","DS900X","Granada","Andalucía","895"
"29042026","0","","HONDA","SH Mode 125","Ceuta","Ceuta","125"
"29042026","0","","PEUGEOT","PULSION EVO","Illes Balears","Illes Balears","125"
"29042026","0","","HONDA","PCX 125","Córdoba","Andalucía","125"
"29042026","0","","KEEWAY","VIESTE 125XDV","Huesca","Aragón","125"
"29042026","0","","APRILIA","RS 457","Alicante/Alacant","Comunidad Valenciana","457"
"29042026","0","","ZONTES","125E","Granada","Andalucía","125"
"29042026","0","","SYM","CRUISYM 125 TCS E5+","Barcelona","Cataluña","124"
"29042026","0","","LETBE","VELOCITY","Gipuzkoa","País Vasco","125"
"29042026","0","","VOGE","DS800X RALLY","Zaragoza","Aragón","798"
"29042026","0","","ZONTES","703F","Álava/Araba","País Vasco","699"
"29042026","0","","SYM","SYMPHONY 125","Gipuzkoa","País Vasco","125"
"29042026","0","","KYMCO","DTX","Alicante/Alacant","Comunidad Valenciana","124"
"29042026","0","","VOGE","DS900X","Barcelona","Cataluña","895"
"29042026","0","","APRILIA","SR GT 125","Alicante/Alacant","Comunidad Valenciana","125"
"29042026","0","","SYM","FUGUE 125 ABS TOP CASE","Girona","Cataluña","124"
"29042026","0","","CYCLONE","RA125 PLUS","Illes Balears","Illes Balears","124"
"29042026","0","","YAMAHA","NMAX 125","Asturias","Principado de Asturias","125"
"29042026","0","","PIAGGIO","VESPA PRIMAVERA 125","Barcelona","Cataluña","124"
"29042026","0","","PIAGGIO","VESPA GTS SUPERTECH","Illes Balears","Illes Balears","310"
"29042026","0","","HONDA","SH125i","Málaga","Andalucía","125"
"29042026","0","","YAMAHA","NMAX 125","Bizkaia","País Vasco","125"
"29042026","0","","PIAGGIO","VESPA PRIMAVERA 125","Tarragona","Cataluña","124"
"29042026","0","","HONDA","PCX 125","Coruña (A)","Galicia","125"
"29042026","0","","SYM","SYMPHONY 125","Alicante/Alacant","Comunidad Valenciana","125"
"29042026","0","","MACBOR","MONTANA XR1 125 EVO","Toledo","Castilla-La Mancha","124"
"29042026","0","","KAWASAKI","VERSYS 650","Madrid","Comunidad de Madrid","649"
"29042026","0","","BENDA","DARKFLAG 500","Alicante/Alacant","Comunidad Valenciana","496"
"29042026","0","","RIEJU","NKD 125","Murcia","Región de Murcia","124"
"29042026","0","","BAJAJ","PULSAR NS 125","Barcelona","Cataluña","124"
"29042026","0","","VOGE","DS525X","Valencia/València","Comunidad Valenciana","494"
"29042026","0","","VOGE","DS900X","Sevilla","Andalucía","895"
"29042026","0","","PEUGEOT","KISBEE M","Barcelona","Cataluña","125"
"29042026","0","","BMW","R 1300 GS","Madrid","Comunidad de Madrid","1300"
"29042026","0","","YAMAHA","MT-07","Badajoz","Extremadura","689"
"29042026","0","","APRILIA","RX 125","Sevilla","Andalucía","124"
"29042026","0","","EFUN","LION","Sevilla","Andalucía","125"
"29042026","0","","KEEWAY","VIESTE 125LX","Alicante/Alacant","Comunidad Valenciana","125"
"29042026","0","","SYM","JET 14","Huelva","Andalucía","125"
"29042026","0","","YAMAHA","XMAX 125","Cádiz","Andalucía","125"
"29042026","0","","HONDA","FORZA125","Madrid","Comunidad de Madrid","125"
"29042026","0","","HONDA","PCX 125","Coruña (A)","Galicia","125"
"29042026","0","","YAMAHA","XTZ 700 Tenere","Cáceres","Extremadura","689"
"29042026","0","","BMW","F 900 GS ADVENTURE","Málaga","Andalucía","895"
"29042026","0","","YAMAHA","RayZR 125","Valencia/València","Comunidad Valenciana","125"
"29042026","0","","KYMCO","SKYTOWN 125","Asturias","Principado de Asturias","125"
"29042026","0","","RIEJU","NOT APPLICABLE","Tarragona","Cataluña","124"
"29042026","0","","SYM","JET X","Cádiz","Andalucía","125"
"29042026","0","","PIAGGIO","LIBERTY 125 ABS","Illes Balears","Illes Balears","124"
"29042026","0","","ZONTES","ZT125-U","Coruña (A)","Galicia","125"
"29042026","0","","HONDA","CBR 650 R","Madrid","Comunidad de Madrid","649"
"29042026","0","","ZONTES","350R","Asturias","Principado de Asturias","348"
"29042026","0","","YAMAHA","YZF690","Barcelona","Cataluña","689"
"29042026","0","","MITT","125GP","Castellón/Castelló","Comunidad Valenciana","124"
"29042026","0","","YAMAHA","NMAX 125","Sevilla","Andalucía","125"
"29042026","0","","RIEJU","RALLY 307","Jaén","Andalucía","292"
"29042026","0","","KAWASAKI","NINJA 125","Cuenca","Castilla-La Mancha","125"
"29042026","0","","BMW","C 400 X","Murcia","Región de Murcia","350"
"29042026","0","","HONDA","PCX 125","Salamanca","Castilla y León","125"
"29042026","0","","QJMOTOR","FORT 125 N E5+","Castellón/Castelló","Comunidad Valenciana","125"
"29042026","0","","ZONTES","125E","Sevilla","Andalucía","125"
"29042026","0","","YAMAHA","TMAX 560","Almería","Andalucía","562"
"29042026","0","","TRIUMPH","SPEED TWIN 900","Barcelona","Cataluña","900"
"29042026","0","","HONDA","CB 125 F","Illes Balears","Illes Balears","124"
"29042026","0","","HONDA","NT1100","Valencia/València","Comunidad Valenciana","1084"
"29042026","0","","YAMAHA","NMAX 125","Córdoba","Andalucía","125"
"29042026","0","","HONDA","GB350S","Alicante/Alacant","Comunidad Valenciana","348"
"29042026","0","","TRIUMPH","SCRAMBLER 400 X","Lugo","Galicia","398"
"29042026","0","","CFMOTO","450MT","Tarragona","Cataluña","449"
"29042026","0","","HONDA","CB650RA","Málaga","Andalucía","649"
"29042026","0","","KAWASAKI","NINJA 125","Murcia","Región de Murcia","125"
"29042026","0","","HONDA","ADV 350","Girona","Cataluña","330"
"29042026","0","","HONDA","CRF 300 L","Girona","Cataluña","286"
"29042026","0","","YAMAHA","NMAX 125","Girona","Cataluña","125"
"29042026","0","","HONDA","ADV 350","Madrid","Comunidad de Madrid","330"
"29042026","0","","HONDA","SH350i","Barcelona","Cataluña","330"
"29042026","0","","KYMCO","DTX","Málaga","Andalucía","124"
"29042026","0","","BMW","R 1300 GS","Tarragona","Cataluña","1300"
"29042026","0","","BMW","R 1300 RT","Cuenca","Castilla-La Mancha","1300"
"29042026","0","","ZONTES","703RR","Illes Balears","Illes Balears","699"
"29042026","0","","SYM","SYMPHONY  NEW 125 SR C","Gipuzkoa","País Vasco","125"
"29042026","0","","SYM","SYMPHONY  NEW 125 SR C","Barcelona","Cataluña","125"
"29042026","0","","KYMCO","AGILITY S","Murcia","Región de Murcia","125"
"29042026","0","","PEUGEOT","KISBEE M","Barcelona","Cataluña","125"
"29042026","0","","BMW","R 1300 GS","Barcelona","Cataluña","1300"
"29042026","0","","HONDA","PCX 125","Málaga","Andalucía","125"
"29042026","0","","HONDA","VISION 110","Valencia/València","Comunidad Valenciana","109"
"29042026","0","","HONDA","ADV 350","Sevilla","Andalucía","330"
"29042026","0","","PEUGEOT","KISBEE M","Barcelona","Cataluña","125"
"29042026","0","","KAWASAKI","VERSYS 650","Murcia","Región de Murcia","649"
"29042026","0","","KYMCO","SUPER DINK GT","Cádiz","Andalucía","321"
"29042026","0","","TRIUMPH","SPEED 400","Lleida","Cataluña","398"
"29042026","0","","SUZUKI","GSX-R125","Coruña (A)","Galicia","124"
"29042026","0","","KAWASAKI","Z900","Valencia/València","Comunidad Valenciana","948"
"29042026","0","","VOGE","DS525X","Alicante/Alacant","Comunidad Valenciana","494"
"29042026","0","","BMW","F 900 XR","Ciudad Real","Castilla-La Mancha","895"
"29042026","0","","APRILIA","SR GT 125","Santa Cruz de Tenerife","Canarias","125"
"29042026","0","","SYM","JET 14","Girona","Cataluña","125"
"29042026","0","","BMW","S 1000 XR","Barcelona","Cataluña","999"
"29042026","0","","KYMCO","DTX","Tarragona","Cataluña","124"
"29042026","0","","ZONTES","703RR","Cádiz","Andalucía","699"
"29042026","0","","ZONTES","368G","Cádiz","Andalucía","368"
"29042026","0","","KYMCO","AGILITY S","Madrid","Comunidad de Madrid","125"
"29042026","0","","BENELLI","BN125","Illes Balears","Illes Balears","125"
"29042026","0","","PIAGGIO","LIBERTY 125 ABS","Illes Balears","Illes Balears","124"
"29042026","0","","YAMAHA","MT-09","Illes Balears","Illes Balears","890"
"29042026","0","","SYM","SYMPHONY 125","Barcelona","Cataluña","125"
"29042026","0","","HONDA","CB 125 F","Madrid","Comunidad de Madrid","124"
"29042026","0","","BAJAJ","PULSAR NS 125","Valencia/València","Comunidad Valenciana","124"
"29042026","0","","YAMAHA","NMAX 125","Barcelona","Cataluña","125"
"29042026","0","","PEUGEOT","TWEET FL 125 CC","Alicante/Alacant","Comunidad Valenciana","125"
"29042026","0","","DUCATI","PANIGALE V2","Valencia/València","Comunidad Valenciana","890"
"29042026","0","","YAMAHA","NMAX 125","Cádiz","Andalucía","125"
"29042026","0","","PIAGGIO","VESPA PRIMAVERA 125","Illes Balears","Illes Balears","124"
"29042026","0","","HONDA","ADV 750","Madrid","Comunidad de Madrid","745"
"29042026","0","","YAMAHA","MT-125","Girona","Cataluña","125"
"29042026","0","","BMW","S 1000 XR","Sevilla","Andalucía","999"
"29042026","0","","BMW","F 900 GS ADVENTURE","Málaga","Andalucía","895"
"29042026","0","","ZONTES","125E","Cádiz","Andalucía","125"
"29042026","0","","HONDA","PCX 125","Barcelona","Cataluña","125"
"29042026","0","","VOGE","DS900X","Granada","Andalucía","895"
"29042026","0","","KOVE","KOVE 800 X GT","Granada","Andalucía","799"
"29042026","0","","PEUGEOT","PULSION EVO","Barcelona","Cataluña","125"
"29042026","0","","HONDA","NX500","Málaga","Andalucía","471"
"29042026","0","","YAMAHA","RayZR 125","Girona","Cataluña","125"
"29042026","0","","BMW","S 1000 XR","Málaga","Andalucía","999"
"29042026","0","","BMW","R 12 G/S","Illes Balears","Illes Balears","1170"
"29042026","0","","ZONTES","368G","Málaga","Andalucía","368"
"29042026","0","","BMW","F 900 R","Tarragona","Cataluña","895"
"29042026","0","","SYM","ADX 300 TCS","Madrid","Comunidad de Madrid","278"
"29042026","0","","YAMAHA","NMAX 125","Ourense","Galicia","125"
"29042026","0","","LETBE","HJ125T-5B","Murcia","Región de Murcia","125"
"29042026","0","","KAWASAKI","KLE500","Alicante/Alacant","Comunidad Valenciana","451"
"29042026","0","","HONDA","SH125i","Barcelona","Cataluña","125"
"29042026","0","","SUZUKI","ADDRESS 125","Alicante/Alacant","Comunidad Valenciana","124"
"29042026","0","","HONDA","PCX 125","Cádiz","Andalucía","125"
"29042026","0","","VOGE","DS800X RALLY","Cádiz","Andalucía","798"
"29042026","0","","DUCATI","MONSTER SPORT LIVERY","Granada","Andalucía","890"
"29042026","0","","CFMOTO","450MT","Lugo","Galicia","449"
"29042026","0","","HONDA","CL500","Alicante/Alacant","Comunidad Valenciana","471"
"29042026","0","","YAMAHA","XMAX 125","Pontevedra","Galicia","125"
"29042026","0","","CFMOTO","450MT","Castellón/Castelló","Comunidad Valenciana","449"
"29042026","0","","DUCATI","MULTISTRADA V2","Barcelona","Cataluña","890"
"29042026","0","","MOTO MORINI","SEIEMMEZZO","Valencia/València","Comunidad Valenciana","649"
"29042026","0","","KOVE","KOVE 800 X GT","Barcelona","Cataluña","799"
"29042026","0","","YAMAHA","TRICITY 125","Valencia/València","Comunidad Valenciana","125"
"29042026","0","","LETBE","S125","Alicante/Alacant","Comunidad Valenciana","125"
"29042026","0","","VOGE","DS900X","Illes Balears","Illes Balears","895"
"29042026","0","","YAMAHA","XMAX 300","Palmas (Las)","Canarias","292"
"29042026","0","","ZONTES","368G","Málaga","Andalucía","368"
"29042026","0","","VOGE","DS900X","Cádiz","Andalucía","895"
"29042026","0","","HONDA","CB750 Hornet","Bizkaia","País Vasco","755"
"29042026","0","","SYM","SYMPHONY 125","Madrid","Comunidad de Madrid","125"
"29042026","0","","SYM","JOYMAX Z 300 E5+","Madrid","Comunidad de Madrid","278"
"29042026","0","","VOGE","SR1ADV","Badajoz","Extremadura","125"
"29042026","0","","QJMOTOR","FORT 4.0 E5+","Tarragona","Cataluña","350"
"29042026","0","","YAMAHA","XSR-125","Alicante/Alacant","Comunidad Valenciana","125"
"29042026","0","","TRIUMPH","BONNEVILLE T120","Santa Cruz de Tenerife","Canarias","1200"
"29042026","0","","BMW","R 1300 GS","Lleida","Cataluña","1300"
"29042026","0","","KAWASAKI","VERSYS 1100","Murcia","Región de Murcia","1099"
"29042026","0","","ZONTES","368G","Málaga","Andalucía","368"
"29042026","0","","YAMAHA","MT-125","Valladolid","Castilla y León","125"
"29042026","0","","HONDA","SH125i","Barcelona","Cataluña","125"
"29042026","0","","HONDA","PCX 125","Huelva","Andalucía","125"
"29042026","0","","KAWASAKI","Z900","Barcelona","Cataluña","948"
"29042026","0","","BMW","R 1300 GS","Pontevedra","Galicia","1300"
"29042026","0","","HONDA","PCX 125","Málaga","Andalucía","125"
"29042026","0","","HONDA","SH125i","Barcelona","Cataluña","125"
"29042026","0","","VOGE","DS800X RALLY","Cádiz","Andalucía","798"
"29042026","0","","ZONTES","125C","Málaga","Andalucía","125"
"29042026","0","","HONDA","CL500","Cádiz","Andalucía","471"
"29042026","0","","RIEJU","RALLY 307","Barcelona","Cataluña","292"
"29042026","0","","BMW","C 400 GT","Barcelona","Cataluña","350"
"29042026","0","","RIEJU","NKD 125","Córdoba","Andalucía","124"
"29042026","0","","YAMAHA","TRACER 700","Barcelona","Cataluña","689"
"29042026","0","","KTM","KTM 390 ENDURO R","Illes Balears","Illes Balears","399"
"29042026","0","","HONDA","SH Mode 125","Barcelona","Cataluña","125"
"29042026","0","","HUSQVARNA","HUSQVARNA 701 ENDURO","Madrid","Comunidad de Madrid","693"
"29042026","0","","ZONTES","ZT125-U1","Girona","Cataluña","125"
"29042026","0","","YAMAHA","XMAX 300","Cádiz","Andalucía","292"
"29042026","0","","ZONTES","ZT125-G1","Madrid","Comunidad de Madrid","125"
"29042026","0","","ZONTES","368G","Málaga","Andalucía","368"
"29042026","0","","VOGE","DS800X RALLY","Madrid","Comunidad de Madrid","798"
"29042026","0","","VOGE","DS800X RALLY","Cuenca","Castilla-La Mancha","798"
"29042026","0","","HONDA","FORZA125","Madrid","Comunidad de Madrid","125"
"29042026","0","","HONDA","FORZA125","Barcelona","Cataluña","125"
"29042026","0","","CYCLONE","RA125 PLUS","Madrid","Comunidad de Madrid","124"
"29042026","0","","VOGE","SR1ADV","Navarra","Comunidad Foral de Navarra","125"
"29042026","0","","ZONTES","368M","Alicante/Alacant","Comunidad Valenciana","368"
"29042026","0","","QJMOTOR","ATR 125 E5+","Illes Balears","Illes Balears","125"
"29042026","0","","YAMAHA","NMAX 125","Málaga","Andalucía","125"
"29042026","0","","HONDA","PCX 125","Barcelona","Cataluña","125"
"29042026","0","","HONDA","SH350i","Barcelona","Cataluña","330"
"29042026","0","","KYMCO","DTX","Albacete","Castilla-La Mancha","124"
"29042026","0","","RIEJU","RALLY 307","Santa Cruz de Tenerife","Canarias","292"
"29042026","0","","YAMAHA","NMAX 125","Madrid","Comunidad de Madrid","125"
"29042026","0","","ZONTES","368G","Bizkaia","País Vasco","368"
"29042026","0","","CYCLONE","LS-Z","Madrid","Comunidad de Madrid","124"
"29042026","0","","VOGE","DS900X","Málaga","Andalucía","895"
"29042026","0","","YAMAHA","XMAX 300","Barcelona","Cataluña","292"
"29042026","0","","HONDA","PCX 125","Barcelona","Cataluña","125"
"29042026","0","","HONDA","SH Mode 125","Málaga","Andalucía","125"
"29042026","0","","LETBE","MECHA","Barcelona","Cataluña","125"
"29042026","0","","HONDA","FORZA125","Barcelona","Cataluña","125"
"29042026","0","","HONDA","PCX 125","Barcelona","Cataluña","125"
"29042026","0","","VOGE","DS800X RALLY","Almería","Andalucía","798"
"29042026","0","","SYM","JET 14","Illes Balears","Illes Balears","125"
"29042026","0","","HONDA","XL750 Transalp","Santa Cruz de Tenerife","Canarias","755"
"29042026","0","","PEUGEOT","KISBEE M","Barcelona","Cataluña","125"
"29042026","0","","HONDA","CB 500 F","Valencia/València","Comunidad Valenciana","471"
"29042026","0","","VOGE","DS800X RALLY","Granada","Andalucía","798"
"29042026","0","","RIEJU","NKD 125","Barcelona","Cataluña","124"
