FEC_MATRICULA,COD_CLASE_MAT,FEC_TRAMITACION,MARCA_ITV,MODELO_ITV,PROVINCIA_VEH,COMUNIDAD_AUTONOMA,CILINDRADA_ITV
"30042026","0","","KAWASAKI","Z1100","Huelva","Andalucía","1099"
"30042026","0","","RIEJU","RALLY 307","Lleida","Cataluña","292"
"30042026","0","","YAMAHA","RayZR 125","Melilla","Melilla","125"
"30042026","0","","HONDA","SH Mode 125","Madrid","Comunidad de Madrid","125"
"30042026","0","","HONDA","FORZA125","Palmas (Las)","Canarias","125"
"30042026","0","","SYM","SYMPHONY 125","Málaga","Andalucía","125"
"30042026","0","","VOGE","625DSX","Cádiz","Andalucía","581"
"30042026","0","","RIEJU","RALLY 307","Asturias","Principado de Asturias","292"
"30042026","0","","HONDA","PCX 125","Asturias","Principado de Asturias","125"
"30042026","0","","KAWASAKI","Z125","Granada","Andalucía","125"
"30042026","0","","DUCATI","PANIGALE V2","Madrid","Comunidad de Madrid","890"
"30042026","0","","VOGE","625DSX","Sevilla","Andalucía","581"
"30042026","0","","VOGE","DS800X RALLY","Cádiz","Andalucía","798"
"30042026","0","","BMW","C 400 X","Córdoba","Andalucía","350"
"30042026","0","","BMW","F 900 GS","Barcelona","Cataluña","895"
"30042026","0","","DUCATI","MULTISTRADA RALLY TRAV","Madrid","Comunidad de Madrid","1158"
"30042026","0","","KYMCO","DTX","Málaga","Andalucía","124"
"30042026","0","","QJMOTOR","SRV 125 E5+","Girona","Cataluña","125"
"30042026","0","","YAMAHA","XSR-900","Córdoba","Andalucía","890"
"30042026","0","","HONDA","CB750 Hornet","Valencia/València","Comunidad Valenciana","755"
"30042026","0","","QJMOTOR","ATR 125 E5+","Zaragoza","Aragón","125"
"30042026","0","","BMW","F 900 R","Tarragona","Cataluña","895"
"30042026","0","","VOGE","DS800X RALLY","Palmas (Las)","Canarias","798"
"30042026","0","","APRILIA","RX 125","Málaga","Andalucía","124"
"30042026","0","","SYM","ADX 300 TCS","Málaga","Andalucía","278"
"30042026","0","","YAMAHA","NMAX 125","Madrid","Comunidad de Madrid","125"
"30042026","0","","CFMOTO","125 NK","Málaga","Andalucía","124"
"30042026","0","","YAMAHA","YZF-R9","Madrid","Comunidad de Madrid","890"
"30042026","0","","HONDA","SH350i","Barcelona","Cataluña","330"
"30042026","0","","HONDA","ST125A","Palmas (Las)","Canarias","124"
"30042026","0","","KYMCO","AGILITY S","Tarragona","Cataluña","125"
"30042026","0","","KYMCO","AGILITY S","Málaga","Andalucía","125"
"30042026","0","","HONDA","CB750 Hornet","Santa Cruz de Tenerife","Canarias","755"
"30042026","0","","DUCATI","PANIGALE V2","Coruña (A)","Galicia","890"
"30042026","0","","HONDA","PCX 125","Málaga","Andalucía","125"
"30042026","0","","NEXT","NX CROSS 125I","Cáceres","Extremadura","125"
"30042026","0","","KAWASAKI","Z125","Madrid","Comunidad de Madrid","125"
"30042026","0","","HONDA","PCX 125","Alicante/Alacant","Comunidad Valenciana","125"
"30042026","0","","YAMAHA","MT-125","Santa Cruz de Tenerife","Canarias","125"
"30042026","0","","KYMCO","SUPER DINK GT","Madrid","Comunidad de Madrid","321"
"30042026","0","","HONDA","PCX 125","Illes Balears","Illes Balears","125"
"30042026","0","","KEEWAY","XDV 125 EVO PRO","Cádiz","Andalucía","125"
"30042026","0","","VOGE","DS800X RALLY","Granada","Andalucía","798"
"30042026","0","","SYM","JOYMAX Z 300 E5+","Barcelona","Cataluña","278"
"30042026","0","","PIAGGIO","LIBERTY 125 ABS","Illes Balears","Illes Balears","124"
"30042026","0","","SUZUKI","ADDRESS 125","Alicante/Alacant","Comunidad Valenciana","124"
"30042026","0","","PIAGGIO","LIBERTY 125 ABS","Illes Balears","Illes Balears","124"
"30042026","0","","QJMOTOR","SRK 125 S E5+","Barcelona","Cataluña","125"
"30042026","0","","HONDA","PCX 125","Cádiz","Andalucía","125"
"30042026","0","","KOVE","KOVE 800 X PRO 2026","Valencia/València","Comunidad Valenciana","799"
"30042026","0","","YAMAHA","WR125","Almería","Andalucía","125"
"30042026","0","","KTM","KTM 390 ADVENTURE X","Cantabria","Cantabria","399"
"30042026","0","","PIAGGIO","LIBERTY 125 ABS","Illes Balears","Illes Balears","124"
"30042026","0","","YAMAHA","XMAX 125","Valencia/València","Comunidad Valenciana","125"
"30042026","0","","YAMAHA","XMAX 300","Illes Balears","Illes Balears","292"
"30042026","0","","HONDA","CRF1100L Africa Twin","Valencia/València","Comunidad Valenciana","1084"
"30042026","0","","HONDA","VISION 110","Barcelona","Cataluña","109"
"30042026","0","","ZONTES","703F","Girona","Cataluña","699"
"30042026","0","","HONDA","FORZA125","Cádiz","Andalucía","125"
"30042026","0","","SUZUKI","ADDRESS 125","Alicante/Alacant","Comunidad Valenciana","124"
"30042026","0","","KOVE","KOVE 800 X GT","Madrid","Comunidad de Madrid","799"
"30042026","0","","HONDA","Rebel 500","Jaén","Andalucía","471"
"30042026","0","","YAMAHA","XTZ 700 Tenere","Málaga","Andalucía","689"
"30042026","0","","HONDA","PCX 125","Málaga","Andalucía","125"
"30042026","0","","HONDA","PCX 125","Santa Cruz de Tenerife","Canarias","125"
"30042026","0","","KYMCO","SKYTOWN 125","Alicante/Alacant","Comunidad Valenciana","125"
"30042026","0","","HONDA","PCX 125","Tarragona","Cataluña","125"
"30042026","0","","MOTO MORINI","CALIBRO","Tarragona","Cataluña","693"
"30042026","0","","YAMAHA","TRACER 700","Illes Balears","Illes Balears","689"
"30042026","0","","MITT","TY125T-58E","Cádiz","Andalucía","125"
"30042026","0","","VOGE","625DSX","Bizkaia","País Vasco","581"
"30042026","0","","ZONTES","ZT125-Z2","Asturias","Principado de Asturias","125"
"30042026","0","","YAMAHA","TRACER 700","Madrid","Comunidad de Madrid","689"
"30042026","0","","VOGE","DS900X","Málaga","Andalucía","895"
"30042026","0","","HONDA","CB650RA","Valencia/València","Comunidad Valenciana","649"
"30042026","0","","YAMAHA","NMAX 125","Valencia/València","Comunidad Valenciana","125"
"30042026","0","","DUCATI","MULTISTRADA V2","Barcelona","Cataluña","890"
"30042026","0","","APRILIA","RS 457","Bizkaia","País Vasco","457"
"30042026","0","","MITT","KYLIN 750","Asturias","Principado de Asturias","730"
"30042026","0","","LETBE","FLYGON","Málaga","Andalucía","219"
"30042026","0","","HONDA","NC 750 X","Palmas (Las)","Canarias","745"
"30042026","0","","PEUGEOT","PULSION EVO","Madrid","Comunidad de Madrid","125"
"30042026","0","","YAMAHA","MT-09","Ourense","Galicia","890"
"30042026","0","","HONDA","NT1100","Barcelona","Cataluña","1084"
"30042026","0","","HONDA","ADV 750","Palmas (Las)","Canarias","745"
"30042026","0","","ZONTES","368K","Guadalajara","Castilla-La Mancha","368"
"30042026","0","","SYM","SYMPHONY 125","Málaga","Andalucía","125"
"30042026","0","","VOGE","DS900X","Granada","Andalucía","895"
"30042026","0","","HONDA","ADV 350","Barcelona","Cataluña","330"
"30042026","0","","ZONTES","368G","Barcelona","Cataluña","368"
"30042026","0","","SUZUKI","ADDRESS 125","Alicante/Alacant","Comunidad Valenciana","124"
"30042026","0","","HONDA","PCX 125","Cádiz","Andalucía","125"
"30042026","0","","YAMAHA","XMAX 300","Alicante/Alacant","Comunidad Valenciana","292"
"30042026","0","","SYM","SYMPHONY 125","Madrid","Comunidad de Madrid","125"
"30042026","0","","HONDA","SH125i","Córdoba","Andalucía","125"
"30042026","0","","VOGE","DS900X","Girona","Cataluña","895"
"30042026","0","","HONDA","PCX 125","Córdoba","Andalucía","125"
"30042026","0","","RIEJU","RALLY 307","Soria","Castilla y León","292"
"30042026","0","","BMW","C 400 X","Zaragoza","Aragón","350"
"30042026","0","","APRILIA","RS 660","Madrid","Comunidad de Madrid","659"
"30042026","0","","ZONTES","368D","Palmas (Las)","Canarias","368"
"30042026","0","","PIAGGIO","MEDLEY 125","Cádiz","Andalucía","125"
"30042026","0","","PEUGEOT","DJANGO","Cádiz","Andalucía","125"
"30042026","0","","HONDA","ADV 350","Palmas (Las)","Canarias","330"
"30042026","0","","BMW","C 400 GT","Barcelona","Cataluña","350"
"30042026","0","","APRILIA","SR GT 125","Málaga","Andalucía","125"
"30042026","0","","MITT","125 DESERT","Cádiz","Andalucía","125"
"30042026","0","","KTM","KTM 390 ADVENTURE X","Toledo","Castilla-La Mancha","399"
"30042026","0","","YAMAHA","NMAX 125","Bizkaia","País Vasco","125"
"30042026","0","","PIAGGIO","LIBERTY 125 ABS","Illes Balears","Illes Balears","124"
"30042026","0","","HONDA","PCX 125","Illes Balears","Illes Balears","125"
"30042026","0","","KEEWAY","XDV 125 EVO PRO","León","Castilla y León","125"
"30042026","0","","HONDA","CB750AC","Granada","Andalucía","755"
"30042026","0","","ZONTES","368K","Barcelona","Cataluña","368"
"30042026","0","","KYMCO","AGILITY S","Málaga","Andalucía","125"
"30042026","0","","ZONTES","368G","Girona","Cataluña","368"
"30042026","0","","YAMAHA","NMAX 125","Barcelona","Cataluña","125"
"30042026","0","","KYMCO","SUPER DINK GT","Barcelona","Cataluña","321"
"30042026","0","","VOGE","R125","Santa Cruz de Tenerife","Canarias","125"
"30042026","0","","HONDA","SH Mode 125","Barcelona","Cataluña","125"
"30042026","0","","SYM","ADX 125 LC TCS E5+","Santa Cruz de Tenerife","Canarias","125"
"30042026","0","","SYM","JOYMAX Z 300 E5+","Barcelona","Cataluña","278"
"30042026","0","","HONDA","SH350i","Cádiz","Andalucía","330"
"30042026","0","","YAMAHA","R125","Barcelona","Cataluña","125"
"30042026","0","","CFMOTO","1000MT-X","Madrid","Comunidad de Madrid","946"
"30042026","0","","SUZUKI","ADDRESS 125","Alicante/Alacant","Comunidad Valenciana","124"
"30042026","0","","RIEJU","RALLY 307","Sevilla","Andalucía","292"
"30042026","0","","QJMOTOR","ATR 125 E5+","Pontevedra","Galicia","125"
"30042026","0","","YAMAHA","NMAX 125","Málaga","Andalucía","125"
"30042026","0","","HONDA","PCX 125","Madrid","Comunidad de Madrid","125"
"30042026","0","","BMW","S 1000 XR","Barcelona","Cataluña","999"
"30042026","0","","HONDA","PCX 125","Madrid","Comunidad de Madrid","125"
"30042026","0","","VOGE","R125","Santa Cruz de Tenerife","Canarias","125"
"30042026","0","","HONDA","ADV 350","Bizkaia","País Vasco","330"
"30042026","0","","YAMAHA","XTZ 700 Tenere","Santa Cruz de Tenerife","Canarias","689"
"30042026","0","","YAMAHA","R7","Málaga","Andalucía","689"
"30042026","0","","CYCLONE","RT1","Castellón/Castelló","Comunidad Valenciana","125"
"30042026","0","","HONDA","CBR600R3","Barcelona","Cataluña","599"
"30042026","0","","KAWASAKI","Z900","Santa Cruz de Tenerife","Canarias","948"
"30042026","0","","PIAGGIO","BEVERLY 400 HPE","Madrid","Comunidad de Madrid","399"
"30042026","0","","YAMAHA","NMAX 125","Madrid","Comunidad de Madrid","125"
"30042026","0","","KEEWAY","VERSILIA 125","Ceuta","Ceuta","125"
"30042026","0","","HONDA","GB350S","Barcelona","Cataluña","348"
"30042026","0","","BETA","N/A","Barcelona","Cataluña","349"
"30042026","0","","SUZUKI","GSX-S 1000","Gipuzkoa","País Vasco","999"
"30042026","0","","YAMAHA","NMAX 125","Rioja (La)","La Rioja","125"
"30042026","0","","HONDA","ADV 750","Sevilla","Andalucía","745"
"30042026","0","","QJMOTOR","SRT 700 X E5+","Zamora","Castilla y León","698"
"30042026","0","","HONDA","PCX 125","Zaragoza","Aragón","125"
"30042026","0","","HONDA","PCX 125","Cádiz","Andalucía","125"
"30042026","0","","VOGE","DS800X RALLY","Jaén","Andalucía","798"
"30042026","0","","YAMAHA","NMAX 125","Barcelona","Cataluña","125"
"30042026","0","","HONDA","PCX 125","Málaga","Andalucía","125"
"30042026","0","","BMW","C 400 GT","Madrid","Comunidad de Madrid","350"
"30042026","0","","RIEJU","RALLY 307","Barcelona","Cataluña","292"
"30042026","0","","TRIUMPH","SPEED 400","Valencia/València","Comunidad Valenciana","398"
"30042026","0","","HONDA","CB750AC","Bizkaia","País Vasco","755"
"30042026","0","","HONDA","PCX 125","Málaga","Andalucía","125"
"30042026","0","","SYM","SYMPHONY 125","Alicante/Alacant","Comunidad Valenciana","125"
"30042026","0","","BMW","R 1300 GS","Alicante/Alacant","Comunidad Valenciana","1300"
"30042026","0","","ZONTES","368M","Albacete","Castilla-La Mancha","368"
"30042026","0","","HONDA","CB650RA","Lleida","Cataluña","649"
"30042026","0","","KYMCO","SKYTOWN 125","Alicante/Alacant","Comunidad Valenciana","125"
"30042026","0","","VOGE","DS900X","Zaragoza","Aragón","895"
"30042026","0","","YAMAHA","XTZ 700 Tenere","Valladolid","Castilla y León","689"
"30042026","0","","HONDA","PCX 125","Málaga","Andalucía","125"
"30042026","0","","RIEJU","RALLY 307","Valencia/València","Comunidad Valenciana","292"
"30042026","0","","HONDA","FORZA 750","Madrid","Comunidad de Madrid","745"
"30042026","0","","PIAGGIO","VESPA PRIMAVERA 125","Melilla","Melilla","124"
"30042026","0","","PEUGEOT","KISBEE M","Illes Balears","Illes Balears","125"
"30042026","0","","TRIUMPH","TRIDENT 660","Madrid","Comunidad de Madrid","660"
"30042026","0","","ZONTES","703F","Barcelona","Cataluña","699"
"30042026","0","","BMW","F 800 GS","Barcelona","Cataluña","895"
"30042026","0","","HONDA","CB650RA","Alicante/Alacant","Comunidad Valenciana","649"
"30042026","0","","HONDA","PCX 125","Cádiz","Andalucía","125"
"30042026","0","","HONDA","SH125i","Barcelona","Cataluña","125"
"30042026","0","","RIEJU","RALLY 307","Illes Balears","Illes Balears","292"
"30042026","0","","VOGE","SR16","Valencia/València","Comunidad Valenciana","125"
"30042026","0","","YAMAHA","RayZR 125","Málaga","Andalucía","125"
"30042026","0","","HONDA","ADV 750","Santa Cruz de Tenerife","Canarias","745"
"30042026","0","","SUZUKI","ADDRESS 125","León","Castilla y León","124"
"30042026","0","","HONDA","SH Mode 125","Murcia","Región de Murcia","125"
"30042026","0","","HARLEY-DAVIDSON","STREET BOB","Barcelona","Cataluña","1923"
"30042026","0","","VOGE","SR16","Barcelona","Cataluña","125"
"30042026","0","","TRIUMPH","SCRAMBLER 400 X","Pontevedra","Galicia","398"
"30042026","0","","HONDA","SH125i","Málaga","Andalucía","125"
"30042026","0","","MH MOTORCYCLES","VRT","Illes Balears","Illes Balears","124"
"30042026","0","","QJMOTOR","SRK 125 R E5+","Teruel","Aragón","125"
"30042026","0","","VOGE","R125","Barcelona","Cataluña","125"
"30042026","0","","HONDA","ADV 350","Zaragoza","Aragón","330"
"30042026","0","","HONDA","ADV 750","Palmas (Las)","Canarias","745"
"30042026","0","","KYMCO","SUPER DINK GT","Álava/Araba","País Vasco","321"
"30042026","0","","KAWASAKI","KLE500","Zaragoza","Aragón","451"
"30042026","0","","VOGE","R125","Lugo","Galicia","125"
"30042026","0","","APRILIA","TUONO 125","Coruña (A)","Galicia","124"
"30042026","0","","HONDA","PCX 125","Almería","Andalucía","125"
"30042026","0","","HONDA","SH350i","Palmas (Las)","Canarias","330"
"30042026","0","","PIAGGIO","VESPA GTS 125","Madrid","Comunidad de Madrid","125"
"30042026","0","","KOVE","KOVE 800 X RALLY","Huesca","Aragón","799"
"30042026","0","","ZONTES","ZT125-U1","Huelva","Andalucía","125"
"30042026","0","","NEXT","NX2 125I","Valencia/València","Comunidad Valenciana","125"
"30042026","0","","YAMAHA","NMAX 125","Illes Balears","Illes Balears","125"
"30042026","0","","HUSQVARNA","HUSQVARNA 701 ENDURO","Pontevedra","Galicia","693"
"30042026","0","","YAMAHA","XTZ 700 Tenere","Alicante/Alacant","Comunidad Valenciana","689"
"30042026","0","","HONDA","CB750 Hornet","Santa Cruz de Tenerife","Canarias","755"
"30042026","0","","QJMOTOR","SRT 700 E5+","Huesca","Aragón","698"
"30042026","0","","MITT","TY125T-58E","Sevilla","Andalucía","125"
"30042026","0","","NEXT","NX2 125I","Almería","Andalucía","125"
"30042026","0","","HONDA","PCX 125","Castellón/Castelló","Comunidad Valenciana","125"
"30042026","0","","YAMAHA","XMAX 300","Barcelona","Cataluña","292"
"30042026","0","","HONDA","CB650RA","Palmas (Las)","Canarias","649"
"30042026","0","","APRILIA","SR GT 125","Sevilla","Andalucía","125"
"30042026","0","","HONDA","VISION 110","Granada","Andalucía","109"
"30042026","0","","NEXT","NX CROSS 125I","Murcia","Región de Murcia","125"
"30042026","0","","KAWASAKI","Z900","Palmas (Las)","Canarias","948"
"30042026","0","","HONDA","FORZA125","Gipuzkoa","País Vasco","125"
"30042026","0","","MORBIDELLI","T125","Alicante/Alacant","Comunidad Valenciana","124"
"30042026","0","","HONDA","FORZA 750","Barcelona","Cataluña","745"
"30042026","0","","BMW","F 900 XR","Valladolid","Castilla y León","895"
"30042026","0","","VOGE","DS900X","Coruña (A)","Galicia","895"
"30042026","0","","KEEWAY","RKF 125 ABS","Tarragona","Cataluña","125"
"30042026","0","","HONDA","XL750 Transalp","Zaragoza","Aragón","755"
"30042026","0","","HONDA","PCX 125","Sevilla","Andalucía","125"
"30042026","0","","MITT","125GP","Córdoba","Andalucía","124"
"30042026","0","","BMW","R 1300 GS","Barcelona","Cataluña","1300"
"30042026","0","","MITT","125GP","Madrid","Comunidad de Madrid","124"
"30042026","0","","SUZUKI","GSX-8S","Granada","Andalucía","776"
"30042026","0","","SYM","ADX 300 TCS","Barcelona","Cataluña","278"
"30042026","0","","HONDA","ADV 350","Málaga","Andalucía","330"
"30042026","0","","QJMOTOR","SRK 125 S E5+","Girona","Cataluña","125"
"30042026","0","","ZONTES","125M","Tarragona","Cataluña","125"
"30042026","0","","ZONTES","125C","Barcelona","Cataluña","125"
"30042026","0","","QJMOTOR","SRV 12 E5+","Madrid","Comunidad de Madrid","125"
"30042026","0","","CFMOTO","450MT","Madrid","Comunidad de Madrid","449"
"30042026","0","","YAMAHA","TMAX 560","Madrid","Comunidad de Madrid","562"
"30042026","0","","BMW","C 400 X","Madrid","Comunidad de Madrid","350"
"30042026","0","","VOGE","R125","Murcia","Región de Murcia","125"
"30042026","0","","CFMOTO","450MT","Madrid","Comunidad de Madrid","449"
"30042026","0","","VOGE","DS525X","Málaga","Andalucía","494"
"30042026","0","","DUCATI","MULTISTRADA V2","Barcelona","Cataluña","890"
"30042026","0","","BMW","F 800 GS","Tarragona","Cataluña","895"
"30042026","0","","KTM","KTM 1390 SUPER ADVENTU","Tarragona","Cataluña","1350"
"30042026","0","","HONDA","PCX 125","Gipuzkoa","País Vasco","125"
"30042026","0","","KYMCO","SKYTOWN 125","Albacete","Castilla-La Mancha","125"
"30042026","0","","YAMAHA","NMAX 125","Barcelona","Cataluña","125"
"30042026","0","","HONDA","CBF 125","Madrid","Comunidad de Madrid","125"
"30042026","0","","KAWASAKI","NINJA ZX-6R","Madrid","Comunidad de Madrid","636"
"30042026","0","","YAMAHA","NMAX 125","Santa Cruz de Tenerife","Canarias","125"
"30042026","0","","YAMAHA","NMAX 125","Madrid","Comunidad de Madrid","125"
"30042026","0","","YAMAHA","XMAX 300","Madrid","Comunidad de Madrid","292"
"30042026","0","","APRILIA","TUAREG 660","Madrid","Comunidad de Madrid","659"
"30042026","0","","KAWASAKI","VERSYS 1100","Zaragoza","Aragón","1099"
"30042026","0","","MOTO MORINI","SEIEMMEZZO","Tarragona","Cataluña","649"
"30042026","0","","VOGE","DS900X","Madrid","Comunidad de Madrid","895"
"30042026","0","","MORBIDELLI","C1002V","Valencia/València","Comunidad Valenciana","997"
"30042026","0","","BMW","F 900 GS","Valencia/València","Comunidad Valenciana","895"
"30042026","0","","KYMCO","AGILITY S","Málaga","Andalucía","125"
"30042026","0","","ZONTES","368K","León","Castilla y León","368"
"30042026","0","","KYMCO","SKYTOWN 125","Barcelona","Cataluña","125"
"30042026","0","","HONDA","NC 750 X","Málaga","Andalucía","745"
"30042026","0","","YAMAHA","XMAX 125","Madrid","Comunidad de Madrid","125"
"30042026","0","","SYM","JET 14","Girona","Cataluña","125"
"30042026","0","","HONDA","PCX 125","Valencia/València","Comunidad Valenciana","125"
"30042026","0","","HONDA","CB750AC","Cantabria","Cantabria","755"
"30042026","0","","MACBOR","EIGHT MILE 125 LC","Cádiz","Andalucía","124"
"30042026","0","","KYMCO","AGILITY S","Tarragona","Cataluña","125"
"30042026","0","","SYM","SYMPHONY 125","Barcelona","Cataluña","125"
"30042026","0","","BMW","S 1000 XR","Tarragona","Cataluña","999"
"30042026","0","","ZONTES","703F","Girona","Cataluña","699"
"30042026","0","","HONDA","Z125MA","Santa Cruz de Tenerife","Canarias","124"
"30042026","0","","RIEJU","RALLY 307","Girona","Cataluña","292"
"30042026","0","","YAMAHA","NMAX 125","Barcelona","Cataluña","125"
"30042026","0","","CFMOTO","800MT-X","Málaga","Andalucía","799"
"30042026","0","","QJMOTOR","SRK 125 R E5+","Alicante/Alacant","Comunidad Valenciana","125"
"30042026","0","","BMW","R 1300 GS ADVENTURE","Pontevedra","Galicia","1300"
"30042026","0","","ZONTES","368G","Madrid","Comunidad de Madrid","368"
"30042026","0","","YAMAHA","NMAX 125","Illes Balears","Illes Balears","125"
"30042026","0","","VOGE","R125","Madrid","Comunidad de Madrid","125"
"30042026","0","","YAMAHA","TRICITY 125","Alicante/Alacant","Comunidad Valenciana","125"
"30042026","0","","LETBE","VELOCITY","Jaén","Andalucía","125"
"30042026","0","","HONDA","PCX 125","Barcelona","Cataluña","125"
"30042026","0","","ZONTES","125C","Santa Cruz de Tenerife","Canarias","125"
"30042026","0","","SYM","JET 14","Palmas (Las)","Canarias","125"
"30042026","0","","MACBOR","MONTANA XR1 125 EVO","Sevilla","Andalucía","124"
"30042026","0","","HONDA","NT1100","Valencia/València","Comunidad Valenciana","1084"
"30042026","0","","YAMAHA","TMAX 560","Madrid","Comunidad de Madrid","562"
"30042026","0","","QJMOTOR","ATR 125 E5+","Girona","Cataluña","125"
"30042026","0","","HONDA","GB350S","Valencia/València","Comunidad Valenciana","348"
"30042026","0","","BENDA","LFC700","Barcelona","Cataluña","680"
"30042026","0","","YAMAHA","NMAX 125","Cádiz","Andalucía","125"
"30042026","0","","QJMOTOR","ATR 125 E5+","Madrid","Comunidad de Madrid","125"
"30042026","0","","ZONTES","368K","Valencia/València","Comunidad Valenciana","368"
"30042026","0","","YAMAHA","MT-125","Málaga","Andalucía","125"
"30042026","0","","KAWASAKI","KLE500","Guadalajara","Castilla-La Mancha","451"
"30042026","0","","PEUGEOT","KISBEE M","Illes Balears","Illes Balears","125"
"30042026","0","","QJMOTOR","ATR 125 E5+","Murcia","Región de Murcia","125"
"30042026","0","","RIEJU","RALLY 307","Madrid","Comunidad de Madrid","292"
"30042026","0","","ZONTES","368K","Cuenca","Castilla-La Mancha","368"
"30042026","0","","HARLEY-DAVIDSON","HERITAGE CLASSIC","Barcelona","Cataluña","1923"
"30042026","0","","KAWASAKI","Z900","Bizkaia","País Vasco","948"
"30042026","0","","RIEJU","N/A","Palmas (Las)","Canarias","297"
"30042026","0","","ZONTES","125D","Ciudad Real","Castilla-La Mancha","125"
"30042026","0","","KYMCO","SKYTOWN 125","Illes Balears","Illes Balears","125"
"30042026","0","","HERO MOTOCORP","X PULSE 200 4V","León","Castilla y León","200"
"30042026","0","","SUZUKI","GSX-S 1000","Madrid","Comunidad de Madrid","999"
"30042026","0","","CYCLONE","RX1 PRO","Toledo","Castilla-La Mancha","124"
"30042026","0","","HONDA","FORZA125","Sevilla","Andalucía","125"
"30042026","0","","SYM","SYMPHONY 125","Alicante/Alacant","Comunidad Valenciana","125"
"30042026","0","","YAMAHA","NMAX 125","Álava/Araba","País Vasco","125"
"30042026","0","","PEUGEOT","PULSION","Santa Cruz de Tenerife","Canarias","125"
"30042026","0","","ZONTES","125C","Valencia/València","Comunidad Valenciana","125"
"30042026","0","","RIEJU","RALLY 307","Madrid","Comunidad de Madrid","292"
"30042026","0","","YAMAHA","TRACER 700","Granada","Andalucía","689"
"30042026","0","","YAMAHA","NMAX 125","Girona","Cataluña","125"
"30042026","0","","YAMAHA","R7","Granada","Andalucía","689"
"30042026","0","","QJMOTOR","SRT 900 SX","Sevilla","Andalucía","904"
"30042026","0","","HONDA","GB350S","Valencia/València","Comunidad Valenciana","348"
"30042026","0","","YAMAHA","XMAX 125","Madrid","Comunidad de Madrid","125"
"30042026","0","","PIAGGIO","LIBERTY 125 ABS","Illes Balears","Illes Balears","124"
"30042026","0","","APRILIA","SR GT 125","Málaga","Andalucía","125"
"30042026","0","","YAMAHA","NMAX 125","Madrid","Comunidad de Madrid","125"
"30042026","0","","YAMAHA","XMAX 125","Barcelona","Cataluña","125"
"30042026","0","","BMW","C 400 GT","Málaga","Andalucía","350"
"30042026","0","","ZONTES","368G","Cádiz","Andalucía","368"
"30042026","0","","KAWASAKI","VERSYS 650","Zaragoza","Aragón","649"
"30042026","0","","MH MOTORCYCLES","BOGGA ROCKER","Badajoz","Extremadura","125"
"30042026","0","","HONDA","SH125i","Barcelona","Cataluña","125"
"30042026","0","","HONDA","PCX 125","Barcelona","Cataluña","125"
"30042026","0","","HONDA","ADV 750","Barcelona","Cataluña","745"
"30042026","0","","KAWASAKI","KLE500","Córdoba","Andalucía","451"
"30042026","0","","VOGE","DS900X","Toledo","Castilla-La Mancha","895"
"30042026","0","","YAMAHA","TMAX 560","Granada","Andalucía","562"
"30042026","0","","KTM","KTM 790 DUKE","Córdoba","Andalucía","799"
"30042026","0","","HONDA","SH125i","Granada","Andalucía","125"
"30042026","0","","HONDA","CBF 125","Valencia/València","Comunidad Valenciana","125"
"30042026","0","","HONDA","GB350S","Badajoz","Extremadura","348"
"30042026","0","","ZONTES","368G","Barcelona","Cataluña","368"
"30042026","0","","ZONTES","125C","Gipuzkoa","País Vasco","125"
"30042026","0","","VOGE","625R","Tarragona","Cataluña","581"
"30042026","0","","HARLEY-DAVIDSON","ROAD GLIDE","Málaga","Andalucía","1923"
"30042026","0","","HONDA","ADV 750","Valencia/València","Comunidad Valenciana","745"
"30042026","0","","ZONTES","703F","Madrid","Comunidad de Madrid","699"
"30042026","0","","HONDA","FORZA 350","Granada","Andalucía","330"
"30042026","0","","KYMCO","AGILITY S","Almería","Andalucía","125"
"30042026","0","","KYMCO","AGILITY S","Valencia/València","Comunidad Valenciana","125"
"30042026","0","","PIAGGIO","LIBERTY 125 ABS","Illes Balears","Illes Balears","124"
"30042026","0","","BMW","R 1300 GS ADVENTURE","Barcelona","Cataluña","1300"
"30042026","0","","HONDA","SH350i","Illes Balears","Illes Balears","330"
"30042026","0","","KYMCO","AGILITY S","Madrid","Comunidad de Madrid","125"
"30042026","0","","ZONTES","368G","Zamora","Castilla y León","368"
"30042026","0","","VOGE","SR16","Valencia/València","Comunidad Valenciana","125"
"30042026","0","","MITT","IBIZA","Madrid","Comunidad de Madrid","125"
"30042026","0","","SUZUKI","AVENIS 125","Murcia","Región de Murcia","124"
"30042026","0","","BSA","BANTAM","Valencia/València","Comunidad Valenciana","334"
"30042026","0","","BMW","C 400 GT","Albacete","Castilla-La Mancha","350"
"30042026","0","","YAMAHA","XMAX 125","Palmas (Las)","Canarias","125"
"30042026","0","","KAWASAKI","Z900","Álava/Araba","País Vasco","948"
"30042026","0","","VOGE","625R","Navarra","Comunidad Foral de Navarra","581"
"30042026","0","","BMW","F 900 R A2","Madrid","Comunidad de Madrid","895"
"30042026","0","","KTM","KTM 390 SMC R","Granada","Andalucía","399"
"30042026","0","","HONDA","CB650RA","Santa Cruz de Tenerife","Canarias","649"
"30042026","0","","KAWASAKI","Z900","Palmas (Las)","Canarias","948"
"30042026","0","","HONDA","FORZA 750","Salamanca","Castilla y León","745"
"30042026","0","","CYCLONE","RT1","Castellón/Castelló","Comunidad Valenciana","125"
"30042026","0","","SYM","SYMPHONY 125","Tarragona","Cataluña","125"
"30042026","0","","KEEWAY","ICON 125 S","Cantabria","Cantabria","124"
"30042026","0","","PIAGGIO","LIBERTY 125 ABS","Valencia/València","Comunidad Valenciana","124"
"30042026","0","","ZONTES","368G","Barcelona","Cataluña","368"
"30042026","0","","HONDA","VISION 110","Cádiz","Andalucía","109"
"30042026","0","","HONDA","ADV 350","Valencia/València","Comunidad Valenciana","330"
"30042026","0","","HONDA","NC 750 X","Santa Cruz de Tenerife","Canarias","745"
"30042026","0","","HONDA","PCX 125","Sevilla","Andalucía","125"
"30042026","0","","HONDA","ADV 350","Navarra","Comunidad Foral de Navarra","330"
"30042026","0","","YAMAHA","NMAX 125","Alicante/Alacant","Comunidad Valenciana","125"
"30042026","0","","KAWASAKI","Z900","Cádiz","Andalucía","948"
"30042026","0","","PIAGGIO","LIBERTY 125 ABS","Illes Balears","Illes Balears","124"
"30042026","0","","YAMAHA","XTZ 700 Tenere","Illes Balears","Illes Balears","689"
"30042026","0","","YAMAHA","NMAX 125","Illes Balears","Illes Balears","125"
"30042026","0","","BMW","C 400 GT","Sevilla","Andalucía","350"
"30042026","0","","BMW","C 400 GT","Coruña (A)","Galicia","350"
"30042026","0","","SYM","SYMPHONY 125","Santa Cruz de Tenerife","Canarias","125"
"30042026","0","","VOGE","SR1","León","Castilla y León","125"
"30042026","0","","KYMCO","DTX","Cádiz","Andalucía","124"
"30042026","0","","KAWASAKI","Z900","Alicante/Alacant","Comunidad Valenciana","948"
"30042026","0","","SYM","JET 14","Cádiz","Andalucía","125"
"30042026","0","","BMW","R 12","Madrid","Comunidad de Madrid","1170"
"30042026","0","","ZONTES","368G","Cádiz","Andalucía","368"
"30042026","0","","YAMAHA","TMAX 560","Barcelona","Cataluña","562"
"30042026","0","","ZONTES","368G","Málaga","Andalucía","368"
"30042026","0","","YAMAHA","NMAX 125","Cádiz","Andalucía","125"
"30042026","0","","ZONTES","125D","Coruña (A)","Galicia","125"
"30042026","0","","ZONTES","368E","Barcelona","Cataluña","368"
"30042026","0","","VOGE","300RALLY","Madrid","Comunidad de Madrid","292"
"30042026","0","","HONDA","CB 125 F","Cádiz","Andalucía","124"
"30042026","0","","BMW","S 1000 XR","Albacete","Castilla-La Mancha","999"
"30042026","0","","HONDA","VISION 110","Cantabria","Cantabria","109"
"30042026","0","","SYM","ADX 125 LC TCS E5+","Palmas (Las)","Canarias","125"
"30042026","0","","HONDA","GL1800BD","Madrid","Comunidad de Madrid","1833"
"30042026","0","","KYMCO","AGILITY S","Barcelona","Cataluña","125"
"30042026","0","","KOVE","KOVE 800 X RALLY","Madrid","Comunidad de Madrid","799"
"30042026","0","","HONDA","ADV 750","Palmas (Las)","Canarias","745"
"30042026","0","","YAMAHA","R7","Barcelona","Cataluña","689"
"30042026","0","","HONDA","CRF1100L Africa Twin","Santa Cruz de Tenerife","Canarias","1084"
"30042026","0","","CFMOTO","450MT","Almería","Andalucía","449"
"30042026","0","","HONDA","ADV 750","Palmas (Las)","Canarias","745"
"30042026","0","","VOGE","625DSX","Zaragoza","Aragón","581"
"30042026","0","","VOGE","DS800X RALLY","Jaén","Andalucía","798"
"30042026","0","","HONDA","CB650RA","Palmas (Las)","Canarias","649"
"30042026","0","","HONDA","SH Mode 125","Madrid","Comunidad de Madrid","125"
"30042026","0","","HONDA","SH125i","Barcelona","Cataluña","125"
"30042026","0","","KYMCO","AGILITY S","Barcelona","Cataluña","125"
"30042026","0","","BMW","R 1300 GS","Madrid","Comunidad de Madrid","1300"
"30042026","0","","MORBIDELLI","F352","Cáceres","Extremadura","349"
"30042026","0","","HONDA","PCX 125","Illes Balears","Illes Balears","125"
"30042026","0","","HONDA","PCX 125","Madrid","Comunidad de Madrid","125"
"30042026","0","","QJMOTOR","SRK 600","Tarragona","Cataluña","554"
"30042026","0","","YAMAHA","NMAX 125","Illes Balears","Illes Balears","125"
"30042026","0","","HONDA","PCX 125","Almería","Andalucía","125"
"30042026","0","","ZONTES","125C","Santa Cruz de Tenerife","Canarias","125"
"30042026","0","","VOGE","DS800X RALLY","Granada","Andalucía","798"
"30042026","0","","RIEJU","N/A","Segovia","Castilla y León","125"
"30042026","0","","LETBE","FLYGON","Madrid","Comunidad de Madrid","219"
"30042026","0","","SYM","JET 14","Barcelona","Cataluña","125"
"30042026","0","","QJMOTOR","SRT 900 S","Alicante/Alacant","Comunidad Valenciana","904"
"30042026","0","","PEUGEOT","PULSION EVO","Palmas (Las)","Canarias","125"
"30042026","0","","MITT","GT-S","Madrid","Comunidad de Madrid","125"
"30042026","0","","HONDA","FORZA125","Santa Cruz de Tenerife","Canarias","125"
"30042026","0","","ZONTES","368E","Madrid","Comunidad de Madrid","368"
"30042026","0","","HONDA","FORZA125","Zaragoza","Aragón","125"
"30042026","0","","RIEJU","NKD 125","Tarragona","Cataluña","124"
"30042026","0","","KAWASAKI","NINJA 7 HYBRID","Salamanca","Castilla y León","451"
"30042026","0","","BMW","R 1300 GS","Málaga","Andalucía","1300"
"30042026","0","","BMW","F 800 GS","Barcelona","Cataluña","895"
"30042026","0","","YAMAHA","TMAX 560","Bizkaia","País Vasco","562"
"30042026","0","","ZONTES","ZT125-Z2","Barcelona","Cataluña","125"
"30042026","0","","KAWASAKI","NINJA 500","Illes Balears","Illes Balears","451"
"30042026","0","","YAMAHA","MT-09","Alicante/Alacant","Comunidad Valenciana","890"
"30042026","0","","HONDA","SH125i","Málaga","Andalucía","125"
"30042026","0","","VOGE","DS900X","Madrid","Comunidad de Madrid","895"
"30042026","0","","HONDA","ADV 750","Santa Cruz de Tenerife","Canarias","745"
"30042026","0","","WOTTAN","STORM-T","Granada","Andalucía","125"
"30042026","0","","YAMAHA","XMAX 300","Pontevedra","Galicia","292"
"30042026","0","","YAMAHA","XTZ 700 Tenere","Illes Balears","Illes Balears","689"
"30042026","0","","ROYAL ENFIELD","INTERCEPTOR BEAR 650","Sevilla","Andalucía","648"
"30042026","0","","YAMAHA","XMAX 125","Barcelona","Cataluña","125"
"30042026","0","","YAMAHA","XMAX 300","Barcelona","Cataluña","292"
"30042026","0","","KAWASAKI","Z650RS","Zaragoza","Aragón","649"
"30042026","0","","YAMAHA","R125","Barcelona","Cataluña","125"
"30042026","0","","HONDA","FORZA125","Málaga","Andalucía","125"
"30042026","0","","HONDA","CRF1100L Africa Twin","Palmas (Las)","Canarias","1084"
"30042026","0","","GASGAS","EC 500F","Murcia","Región de Murcia","510"
"30042026","0","","HONDA","FORZA125","Madrid","Comunidad de Madrid","125"
"30042026","0","","YAMAHA","MT-125","Córdoba","Andalucía","125"
"30042026","0","","DUCATI","MULTISTRADA V2","Palmas (Las)","Canarias","890"
"30042026","0","","ZONTES","125E","Murcia","Región de Murcia","125"
"30042026","0","","HONDA","SH Mode 125","Barcelona","Cataluña","125"
"30042026","0","","KAWASAKI","KLE500","Zaragoza","Aragón","451"
"30042026","0","","VOGE","DS800X RALLY","Cádiz","Andalucía","798"
"30042026","0","","HONDA","NT1100","Barcelona","Cataluña","1084"
"30042026","0","","MITT","125GTS","Cádiz","Andalucía","125"
"30042026","0","","YAMAHA","R125","Madrid","Comunidad de Madrid","125"
"30042026","0","","PIAGGIO","VESPA PRIMAVERA 125","Alicante/Alacant","Comunidad Valenciana","124"
"30042026","0","","HONDA","PCX 125","Málaga","Andalucía","125"
"30042026","0","","HONDA","FORZA 350","Alicante/Alacant","Comunidad Valenciana","330"
"30042026","0","","KYMCO","SKYTOWN 125","Zaragoza","Aragón","125"
"30042026","0","","HONDA","VISION 110","Cádiz","Andalucía","109"
"30042026","0","","HONDA","PCX 125","Córdoba","Andalucía","125"
"30042026","0","","HONDA","ADV 350","Sevilla","Andalucía","330"
"30042026","0","","PIAGGIO","LIBERTY 125 ABS","Madrid","Comunidad de Madrid","124"
"30042026","0","","MH MOTORCYCLES","VR10","Cádiz","Andalucía","124"
"30042026","0","","ZONTES","125E","Málaga","Andalucía","125"
"30042026","0","","YAMAHA","R7","Madrid","Comunidad de Madrid","689"
"30042026","0","","ZONTES","125C","Alicante/Alacant","Comunidad Valenciana","125"
"30042026","0","","HONDA","FORZA 350","Cantabria","Cantabria","330"
"30042026","0","","HONDA","PCX 125","Madrid","Comunidad de Madrid","125"
"30042026","0","","YAMAHA","TRACER 700","Granada","Andalucía","689"
"30042026","0","","HONDA","CBR500","Lleida","Cataluña","471"
"30042026","0","","KOVE","KOVE 800 X RALLY","Granada","Andalucía","799"
"30042026","0","","SHERCO","125 SE-R","Badajoz","Extremadura","125"
"30042026","0","","BMW","C 400 GT","Alicante/Alacant","Comunidad Valenciana","350"
"30042026","0","","YAMAHA","TRACER 700","Girona","Cataluña","689"
"30042026","0","","BENELLI","502C CRUISER","Barcelona","Cataluña","500"
"30042026","0","","QJMOTOR","ATR 125 E5+","Almería","Andalucía","125"
"30042026","0","","YAMAHA","R7","Málaga","Andalucía","689"
"30042026","0","","ZONTES","703F","Alicante/Alacant","Comunidad Valenciana","699"
"30042026","0","","PIAGGIO","LIBERTY 125 ABS","Lleida","Cataluña","124"
"30042026","0","","BMW","F 900 R","Navarra","Comunidad Foral de Navarra","895"
"30042026","0","","HONDA","ADV 750","Santa Cruz de Tenerife","Canarias","745"
"30042026","0","","KAWASAKI","Z900","Almería","Andalucía","948"
"30042026","0","","YAMAHA","MT-09","Bizkaia","País Vasco","890"
"30042026","0","","ZONTES","368G","Málaga","Andalucía","368"
"30042026","0","","HONDA","ST125A","Santa Cruz de Tenerife","Canarias","124"
"30042026","0","","LAMBRETTA","V125 SPECIAL FLEX","Zaragoza","Aragón","125"
"30042026","0","","RIEJU","RALLY 307","Barcelona","Cataluña","292"
"30042026","0","","VOGE","R125","Murcia","Región de Murcia","125"
"30042026","0","","PIAGGIO","LIBERTY 125 ABS","Gipuzkoa","País Vasco","124"
"30042026","0","","SHERCO","300 ST","Girona","Cataluña","294"
"30042026","0","","ZONTES","125D","Madrid","Comunidad de Madrid","125"
"30042026","0","","QJMOTOR","SRV 125 E5+","Madrid","Comunidad de Madrid","125"
"30042026","0","","YAMAHA","NMAX 125","Madrid","Comunidad de Madrid","125"
"30042026","0","","MOTO GUZZI","STELVIO (A.R.A.S.)","Bizkaia","País Vasco","1042"
"30042026","0","","MH MOTORCYCLES","VRT","Cádiz","Andalucía","124"
"30042026","0","","KTM","KTM 1390 SUPER ADVENTU","Valladolid","Castilla y León","1350"
"30042026","0","","HONDA","FORZA 350","Santa Cruz de Tenerife","Canarias","330"
"30042026","0","","KAWASAKI","Z650RS","Sevilla","Andalucía","649"
"30042026","0","","YAMAHA","MT-07","Valencia/València","Comunidad Valenciana","689"
"30042026","0","","VOGE","SR16","Valencia/València","Comunidad Valenciana","125"
"30042026","0","","YAMAHA","NMAX 125","Málaga","Andalucía","125"
"30042026","0","","SYM","SYMPHONY 125","Granada","Andalucía","125"
"30042026","0","","HONDA","CRF1100L Africa Twin","Cuenca","Castilla-La Mancha","1084"
"30042026","0","","YAMAHA","R7","Madrid","Comunidad de Madrid","689"
"30042026","0","","ZONTES","368E","Navarra","Comunidad Foral de Navarra","368"
"30042026","0","","YAMAHA","XMAX 300","Barcelona","Cataluña","292"
"30042026","0","","BMW","R 1300 GS","Málaga","Andalucía","1300"
"30042026","0","","KAWASAKI","Z900","Badajoz","Extremadura","948"
"30042026","0","","BMW","R 1300 GS","Jaén","Andalucía","1300"
"30042026","0","","SYM","SYMPHONY 125","Barcelona","Cataluña","125"
"30042026","0","","KYMCO","AGILITY S","Madrid","Comunidad de Madrid","125"
"30042026","0","","VOGE","DS800X RALLY","Cantabria","Cantabria","798"
"30042026","0","","ZONTES","368G","Girona","Cataluña","368"
"30042026","0","","HONDA","SH125i","Barcelona","Cataluña","125"
"30042026","0","","BENELLI","BKX 300","Barcelona","Cataluña","292"
"30042026","0","","SUZUKI","GSX-R125","Girona","Cataluña","124"
"30042026","0","","BMW","F 900 GS","Granada","Andalucía","895"
"30042026","0","","SYM","JET 14","Alicante/Alacant","Comunidad Valenciana","125"
"30042026","0","","HONDA","ADV 750","Cádiz","Andalucía","745"
"30042026","0","","VOGE","DS800X RALLY","Granada","Andalucía","798"
"30042026","0","","BMW","S 1000 XR","Lleida","Cataluña","999"
"30042026","0","","BMW","R 1300 RT","Albacete","Castilla-La Mancha","1300"
"30042026","0","","HONDA","ADV 750","Granada","Andalucía","745"
"30042026","0","","HONDA","NC 750 X","Valencia/València","Comunidad Valenciana","745"
"30042026","0","","CFMOTO","1000MT-X","Valladolid","Castilla y León","946"
"30042026","0","","YAMAHA","NMAX 125","Illes Balears","Illes Balears","125"
"30042026","0","","MH MOTORCYCLES","TRAY","Murcia","Región de Murcia","125"
"30042026","0","","SUZUKI","GSX-R125","Madrid","Comunidad de Madrid","124"
"30042026","0","","YAMAHA","XMAX 300","Córdoba","Andalucía","292"
"30042026","0","","YAMAHA","MT-125","Madrid","Comunidad de Madrid","125"
"30042026","0","","PIAGGIO","LIBERTY 125 ABS","Alicante/Alacant","Comunidad Valenciana","124"
"30042026","0","","CYCLONE","RT1","Gipuzkoa","País Vasco","125"
"30042026","0","","ZONTES","368G","Girona","Cataluña","368"
"30042026","0","","VOGE","625R","Asturias","Principado de Asturias","581"
"30042026","0","","ZONTES","ZT125-U1","Pontevedra","Galicia","125"
"30042026","0","","HONDA","CB750AC","Sevilla","Andalucía","755"
"30042026","0","","HONDA","CRF1100L Africa Twin","Córdoba","Andalucía","1084"
"30042026","0","","UM","RENEGADE SPORT Z 125","Valencia/València","Comunidad Valenciana","125"
"30042026","0","","ZONTES","368G","Málaga","Andalucía","368"
"30042026","0","","QJMOTOR","SRV 125 E5+","Murcia","Región de Murcia","125"
"30042026","0","","HONDA","ADV 350","Lleida","Cataluña","330"
"30042026","0","","VOGE","DS525X","Huesca","Aragón","494"
"30042026","0","","BAJAJ","DOMINAR D 400","Alicante/Alacant","Comunidad Valenciana","373"
"30042026","0","","YAMAHA","RayZR 125","Málaga","Andalucía","125"
"30042026","0","","YAMAHA","NMAX 125","Alicante/Alacant","Comunidad Valenciana","125"
"30042026","0","","VOGE","DS800X RALLY","Tarragona","Cataluña","798"
"30042026","0","","LINHAI","---","Barcelona","Cataluña","125"
"30042026","0","","VOGE","DS900X","Zamora","Castilla y León","895"
"30042026","0","","HONDA","XL750 Transalp","Palmas (Las)","Canarias","755"
"30042026","0","","KEEWAY","ICON 125 S","Toledo","Castilla-La Mancha","124"
"30042026","0","","SUZUKI","ADDRESS 125","Alicante/Alacant","Comunidad Valenciana","124"
"30042026","0","","MOTO MORINI","X-CAPE 1200","Valencia/València","Comunidad Valenciana","1187"
"30042026","0","","SYM","ADX 300 TCS","Gipuzkoa","País Vasco","278"
"30042026","0","","HONDA","PCX 125","Granada","Andalucía","125"
"30042026","0","","HONDA","PCX 125","Alicante/Alacant","Comunidad Valenciana","125"
"30042026","0","","KEEWAY","VIESTE 125","Madrid","Comunidad de Madrid","125"
"30042026","0","","VOGE","625DSX","Granada","Andalucía","581"
"30042026","0","","KYMCO","AGILITY S","Cádiz","Andalucía","125"
"30042026","0","","HONDA","SH125i","Valencia/València","Comunidad Valenciana","125"
"30042026","0","","HONDA","PCX 125","Barcelona","Cataluña","125"
"30042026","0","","MH MOTORCYCLES","VRS","Granada","Andalucía","124"
"30042026","0","","VOGE","DS800X RALLY","Madrid","Comunidad de Madrid","798"
"30042026","0","","HONDA","ADV 350","Valencia/València","Comunidad Valenciana","330"
"30042026","0","","KYMCO","PEOPLE S 125 E5+","Barcelona","Cataluña","125"
"30042026","0","","HONDA","PCX 125","Alicante/Alacant","Comunidad Valenciana","125"
"30042026","0","","YAMAHA","MT-07","Barcelona","Cataluña","689"
"30042026","0","","YAMAHA","MT-09","Guadalajara","Castilla-La Mancha","890"
"30042026","0","","HONDA","CB650RA","Valencia/València","Comunidad Valenciana","649"
"30042026","0","","HONDA","CMX1100","Alicante/Alacant","Comunidad Valenciana","1084"
"30042026","0","","PIAGGIO","VESPA PRIMAVERA 125","Barcelona","Cataluña","124"
"30042026","0","","YAMAHA","Tracer 9 GT","Sevilla","Andalucía","890"
"30042026","0","","TRIUMPH","SPEED TWIN 1200 RS","Madrid","Comunidad de Madrid","1200"
"30042026","0","","HONDA","ADV 350","Cádiz","Andalucía","330"
"30042026","0","","ZONTES","ZT125-G1","Girona","Cataluña","125"
"30042026","0","","QJMOTOR","SRK 125 S E5+","Málaga","Andalucía","125"
"30042026","0","","MORBIDELLI","T1002VX","Barcelona","Cataluña","997"
"30042026","0","","BMW","S 1000 RR","Pontevedra","Galicia","999"
"30042026","0","","YAMAHA","XMAX 300","Barcelona","Cataluña","292"
"30042026","0","","BMW","R 1300 GS","Barcelona","Cataluña","1300"
"30042026","0","","MITT","125 DESERT","Coruña (A)","Galicia","125"
"30042026","0","","ZONTES","368G","Barcelona","Cataluña","368"
"30042026","0","","HONDA","SH125i","Gipuzkoa","País Vasco","125"
"30042026","0","","KYMCO","AGILITY S","Albacete","Castilla-La Mancha","125"
"30042026","0","","LETBE","S125","Illes Balears","Illes Balears","125"
"30042026","0","","YAMAHA","XMAX 300","Barcelona","Cataluña","292"
"30042026","0","","HONDA","PCX 125","Melilla","Melilla","125"
"30042026","0","","HONDA","VISION 110","Gipuzkoa","País Vasco","109"
"30042026","0","","KAWASAKI","ELIMINATOR","Almería","Andalucía","451"
"30042026","0","","HONDA","ADV 350","Valencia/València","Comunidad Valenciana","330"
"30042026","0","","VOGE","625DSX","Córdoba","Andalucía","581"
"30042026","0","","HONDA","CB750AC","Lleida","Cataluña","755"
"30042026","0","","RIEJU","RALLY 307","Lleida","Cataluña","292"
"30042026","0","","VOGE","DS900X","Badajoz","Extremadura","895"
"30042026","0","","HONDA","ADV 350","Sevilla","Andalucía","330"
"30042026","0","","YAMAHA","MT-09","Madrid","Comunidad de Madrid","890"
"30042026","0","","HONDA","PCX 125","Illes Balears","Illes Balears","125"
"30042026","0","","VOGE","R125","Málaga","Andalucía","125"
"30042026","0","","HONDA","FORZA 750","Palmas (Las)","Canarias","745"
"30042026","0","","SUZUKI","V-Strom 800","Madrid","Comunidad de Madrid","776"
"30042026","0","","QJMOTOR","TRX 125 E5+","Tarragona","Cataluña","125"
"30042026","0","","VOGE","DS900X","Madrid","Comunidad de Madrid","895"
"30042026","0","","HONDA","FORZA125","Santa Cruz de Tenerife","Canarias","125"
"30042026","0","","YAMAHA","RayZR 125","Gipuzkoa","País Vasco","125"
"30042026","0","","YAMAHA","XMAX 125","Córdoba","Andalucía","125"
"30042026","0","","VOGE","625DSX","Coruña (A)","Galicia","581"
"30042026","0","","HARLEY-DAVIDSON","ROAD KING SPECIAL","Pontevedra","Galicia","1868"
"30042026","0","","QJMOTOR","ATR 125 E5+","Sevilla","Andalucía","125"
"30042026","0","","YAMAHA","XMAX 125","Málaga","Andalucía","125"
"30042026","0","","HONDA","FORZA125","Bizkaia","País Vasco","125"
"30042026","0","","BMW","R 1300 R","Illes Balears","Illes Balears","1300"
"30042026","0","","TRIUMPH","TRIDENT 800","Madrid","Comunidad de Madrid","798"
"30042026","0","","HONDA","ADV 750","Santa Cruz de Tenerife","Canarias","745"
"30042026","0","","YAMAHA","NMAX 125","Cádiz","Andalucía","125"
"30042026","0","","DUCATI","PANIGALE V2","Madrid","Comunidad de Madrid","890"
"30042026","0","","PIAGGIO","LIBERTY 125 ABS","Illes Balears","Illes Balears","124"
"30042026","0","","YAMAHA","NMAX 125","Illes Balears","Illes Balears","125"
"30042026","0","","YAMAHA","XTZ 700 Tenere","Madrid","Comunidad de Madrid","689"
"30042026","0","","KYMCO","SKYTOWN 125","Alicante/Alacant","Comunidad Valenciana","125"
"30042026","0","","YAMAHA","NMAX 125","Valencia/València","Comunidad Valenciana","125"
"30042026","0","","TRIUMPH","SPEED TWIN 900","Barcelona","Cataluña","900"
"30042026","0","","KAWASAKI","NINJA ZX-6R","Madrid","Comunidad de Madrid","636"
"30042026","0","","PEUGEOT","XP","Santa Cruz de Tenerife","Canarias","399"
"30042026","0","","DUCATI","PANIGALE V2","Madrid","Comunidad de Madrid","890"
"30042026","0","","HONDA","ADV 750","Málaga","Andalucía","745"
"30042026","0","","LEONART","PILDER 125","Alicante/Alacant","Comunidad Valenciana","125"
"30042026","0","","HONDA","GB350S","Castellón/Castelló","Comunidad Valenciana","348"
"30042026","0","","KYMCO","DTX","Illes Balears","Illes Balears","124"
"30042026","0","","RIEJU","RALLY 307","Málaga","Andalucía","292"
"30042026","0","","QJMOTOR","ATR 125 E5+","Badajoz","Extremadura","125"
"30042026","0","","HONDA","SH Mode 125","Barcelona","Cataluña","125"
"30042026","0","","QJMOTOR","MTX 125 E5+","Barcelona","Cataluña","125"
"30042026","0","","YAMAHA","TRACER 700","Girona","Cataluña","689"
"30042026","0","","SYM","ADX 300 TCS","Girona","Cataluña","278"
"30042026","0","","CYCLONE","LS-Z","Tarragona","Cataluña","124"
"30042026","0","","CFMOTO","675SR-R","Badajoz","Extremadura","674"
"30042026","0","","YAMAHA","R7","Granada","Andalucía","689"
"30042026","0","","DUCATI","PANIGALE V2","Madrid","Comunidad de Madrid","890"
"30042026","0","","PIAGGIO","LIBERTY 125 ABS","Illes Balears","Illes Balears","124"
"30042026","0","","BMW","R 1300 RS","Barcelona","Cataluña","1300"
"30042026","0","","RIEJU","RALLY 307","Valencia/València","Comunidad Valenciana","292"
"30042026","0","","HONDA","SH125i","Barcelona","Cataluña","125"
"30042026","0","","HONDA","ADV 350","Albacete","Castilla-La Mancha","330"
"30042026","0","","HONDA","ADV 350","Málaga","Andalucía","330"
"30042026","0","","YAMAHA","XMAX 300","Madrid","Comunidad de Madrid","292"
"30042026","0","","BMW","C 400 GT","Coruña (A)","Galicia","350"
"30042026","0","","ZONTES","368G","Cádiz","Andalucía","368"
"30042026","0","","DUCATI","MULTISTRADA V2","Palmas (Las)","Canarias","890"
"30042026","0","","YAMAHA","Tracer 9 GT","Madrid","Comunidad de Madrid","890"
"30042026","0","","KAWASAKI","VERSYS 1100","Barcelona","Cataluña","1099"
"30042026","0","","MOTO GUZZI","STELVIO (A.R.A.S.)","Barcelona","Cataluña","1042"
"30042026","0","","DUCATI","MULTISTRADA V4","Badajoz","Extremadura","1103"
"30042026","0","","HONDA","SH125i","Málaga","Andalucía","125"
"30042026","0","","ZONTES","125E","Barcelona","Cataluña","125"
"30042026","0","","KAWASAKI","NINJA ZX-10R","Barcelona","Cataluña","998"
"30042026","0","","TRIUMPH","SPEED 400","Valencia/València","Comunidad Valenciana","398"
"30042026","0","","BMW","F 900 R A2","Sevilla","Andalucía","895"
"30042026","0","","VOGE","R125","Girona","Cataluña","125"
"30042026","0","","VOGE","625R","Girona","Cataluña","581"
"30042026","0","","KYMCO","AGILITY S","Illes Balears","Illes Balears","125"
"30042026","0","","YAMAHA","TRACER 700","Madrid","Comunidad de Madrid","689"
"30042026","0","","HONDA","CB750 Hornet","Gipuzkoa","País Vasco","755"
"30042026","0","","MITT","K750","Málaga","Andalucía","730"
"30042026","0","","KYMCO","AGILITY S","Murcia","Región de Murcia","125"
"30042026","0","","HONDA","FORZA125","Palmas (Las)","Canarias","125"
"30042026","0","","HONDA","Rebel 500","Zaragoza","Aragón","471"
"30042026","0","","MOTO MORINI","X-CAPE 1200","Burgos","Castilla y León","1187"
"30042026","0","","YAMAHA","NMAX 125","Barcelona","Cataluña","125"
"30042026","0","","KYMCO","AGILITY S","Murcia","Región de Murcia","125"
"30042026","0","","YAMAHA","NMAX 125","Alicante/Alacant","Comunidad Valenciana","125"
"30042026","0","","VOGE","625DSX","Cádiz","Andalucía","581"
"30042026","0","","TRIUMPH","SCRAMBLER 400 X","Huelva","Andalucía","398"
"30042026","0","","VOGE","DS900X","Illes Balears","Illes Balears","895"
"30042026","0","","VOGE","DS800X RALLY","Valencia/València","Comunidad Valenciana","798"
"30042026","0","","ZONTES","ZT125-Z2","Valencia/València","Comunidad Valenciana","125"
"30042026","0","","PIAGGIO","LIBERTY 125 ABS","Illes Balears","Illes Balears","124"
"30042026","0","","KYMCO","SKYTOWN 125","Bizkaia","País Vasco","125"
"30042026","0","","HONDA","PCX 125","Barcelona","Cataluña","125"
"30042026","0","","BMW","C 400 GT","Zamora","Castilla y León","350"
"30042026","0","","MITT","125GTS","Huelva","Andalucía","125"
"30042026","0","","VOGE","SR1ADV","Melilla","Melilla","125"
"30042026","0","","VOGE","625DSX","Madrid","Comunidad de Madrid","581"
"30042026","0","","VOGE","SR1","Santa Cruz de Tenerife","Canarias","125"
"30042026","0","","VOGE","DS900X","Málaga","Andalucía","895"
"30042026","0","","KYMCO","AGILITY S","Málaga","Andalucía","125"
"30042026","0","","KYMCO","AGILITY S","Málaga","Andalucía","125"
"30042026","0","","BMW","F 900 GS","Barcelona","Cataluña","895"
"30042026","0","","DUCATI","MULTISTRADA V4","Barcelona","Cataluña","1158"
"30042026","0","","ZONTES","ZT125-U","Cádiz","Andalucía","125"
"30042026","0","","SYM","ADX 300 TCS","Valencia/València","Comunidad Valenciana","278"
"30042026","0","","BMW","R 1300 RS","Gipuzkoa","País Vasco","1300"
"30042026","0","","BMW","R 1300 GS","Castellón/Castelló","Comunidad Valenciana","1300"
"30042026","0","","VOGE","R125","Málaga","Andalucía","125"
"30042026","0","","YAMAHA","TMAX 560","Barcelona","Cataluña","562"
"30042026","0","","RIEJU","N/A","Badajoz","Extremadura","125"
"30042026","0","","BMW","R 1300 GS","Cáceres","Extremadura","1300"
"30042026","0","","RIEJU","RALLY 307","Barcelona","Cataluña","292"
"30042026","0","","YAMAHA","MT-07","Bizkaia","País Vasco","689"
"30042026","0","","VOGE","DS525X","Navarra","Comunidad Foral de Navarra","494"
"30042026","0","","KEEWAY","V-CRUISE","Murcia","Región de Murcia","125"
"30042026","0","","ZONTES","125M","Palmas (Las)","Canarias","125"
"30042026","0","","DUCATI","MULTISTRADA V2","Zaragoza","Aragón","890"
"30042026","0","","HONDA","FORZA125","Barcelona","Cataluña","125"
"30042026","0","","HONDA","FORZA 750","Palmas (Las)","Canarias","745"
"30042026","0","","VOGE","DS800X RALLY","Pontevedra","Galicia","798"
"30042026","0","","HONDA","SH125i","Álava/Araba","País Vasco","125"
"30042026","0","","HONDA","XL750 Transalp","Barcelona","Cataluña","755"
"30042026","0","","HONDA","XL750 Transalp","Castellón/Castelló","Comunidad Valenciana","755"
"30042026","0","","VOGE","625DSX","Salamanca","Castilla y León","581"
"30042026","0","","ZONTES","350S","Barcelona","Cataluña","348"
"30042026","0","","MORBIDELLI","SC125LX","Tarragona","Cataluña","125"
"30042026","0","","HONDA","FORZA125","Murcia","Región de Murcia","125"
"30042026","0","","HONDA","FORZA125","Alicante/Alacant","Comunidad Valenciana","125"
"30042026","0","","KAWASAKI","Z650","Bizkaia","País Vasco","649"
"30042026","0","","HONDA","CBR 650 R","Valencia/València","Comunidad Valenciana","649"
"30042026","0","","KTM","KTM 125 DUKE","Illes Balears","Illes Balears","125"
"30042026","0","","ZONTES","368G","Málaga","Andalucía","368"
"30042026","0","","HARLEY-DAVIDSON","STREET BOB","Madrid","Comunidad de Madrid","1923"
"30042026","0","","YAMAHA","RayZR 125","Barcelona","Cataluña","125"
"30042026","0","","ZONTES","368G","Valencia/València","Comunidad Valenciana","368"
"30042026","0","","PIAGGIO","LIBERTY 125 ABS","Illes Balears","Illes Balears","124"
"30042026","0","","QJMOTOR","ATR 125 E5+","Alicante/Alacant","Comunidad Valenciana","125"
"30042026","0","","BMW","F 900 XR","Barcelona","Cataluña","895"
"30042026","0","","ZONTES","368G","Girona","Cataluña","368"
"30042026","0","","BENDA","NAPOLEON 125","Sevilla","Andalucía","125"
"30042026","0","","VOGE","SR16","Barcelona","Cataluña","125"
"30042026","0","","KYMCO","DTX","Bizkaia","País Vasco","124"
"30042026","0","","HONDA","CB750AC","Santa Cruz de Tenerife","Canarias","755"
"30042026","0","","SYM","ADX 125 LC TCS E5+","Barcelona","Cataluña","125"
"30042026","0","","KTM","KTM 790 ADVENTURE","Córdoba","Andalucía","799"
"30042026","0","","VOGE","DS800X RALLY","Cádiz","Andalucía","798"
"30042026","0","","YAMAHA","NMAX 125","Santa Cruz de Tenerife","Canarias","125"
"30042026","0","","KYMCO","DTX","Granada","Andalucía","321"
"30042026","0","","ZONTES","368G","Valencia/València","Comunidad Valenciana","368"
"30042026","0","","HONDA","PCX 125","Cádiz","Andalucía","125"
"30042026","0","","VOGE","R125","Barcelona","Cataluña","125"
"30042026","0","","YAMAHA","MT-07","Madrid","Comunidad de Madrid","689"
"30042026","0","","KYMCO","PEOPLE S 125 E5+","León","Castilla y León","125"
"30042026","0","","KYMCO","SKYTOWN 125","Valencia/València","Comunidad Valenciana","125"
"30042026","0","","HONDA","PCX 125","Cantabria","Cantabria","125"
"30042026","0","","HONDA","PCX 125","Valencia/València","Comunidad Valenciana","125"
"30042026","0","","HONDA","FORZA125","Madrid","Comunidad de Madrid","125"
"30042026","0","","YAMAHA","NMAX 125","Madrid","Comunidad de Madrid","125"
"30042026","0","","ZONTES","125E","Almería","Andalucía","125"
"30042026","0","","HONDA","VISION 110","Alicante/Alacant","Comunidad Valenciana","109"
"30042026","0","","ZONTES","368G","Barcelona","Cataluña","368"
"30042026","0","","YAMAHA","TMAX 560","Málaga","Andalucía","562"
"30042026","0","","MITT","KYLIN 750","Badajoz","Extremadura","730"
"30042026","0","","YAMAHA","RayZR 125","Illes Balears","Illes Balears","125"
"30042026","0","","MACBOR","ROCKSTER FLAT 125 EVO","Málaga","Andalucía","125"
"30042026","0","","LETBE","LB150T-2A","Palmas (Las)","Canarias","150"
"30042026","0","","MOTO GUZZI","V9 BOBBER","Pontevedra","Galicia","853"
"30042026","0","","HONDA","ADV 350","Barcelona","Cataluña","330"
"30042026","0","","ZONTES","368G","Barcelona","Cataluña","368"
"30042026","0","","VOGE","DS900X","Palmas (Las)","Canarias","895"
"30042026","0","","HONDA","SH350i","Ceuta","Ceuta","330"
"30042026","0","","RIEJU","RALLY 307","Girona","Cataluña","292"
"30042026","0","","VOGE","625DSX","Madrid","Comunidad de Madrid","581"
"30042026","0","","HONDA","CRF1100L Africa Twin","Málaga","Andalucía","1084"
"30042026","0","","QJMOTOR","SRK 125 S E5+","Valencia/València","Comunidad Valenciana","125"
"30042026","0","","PEUGEOT","KISBEE M","Madrid","Comunidad de Madrid","125"
"30042026","0","","QJMOTOR","FORT 4.0 E5+","Sevilla","Andalucía","350"
"30042026","0","","YAMAHA","XTZ 700 Tenere","Barcelona","Cataluña","689"
"30042026","0","","SYM","JET 14","Rioja (La)","La Rioja","125"
"30042026","0","","MOTO GUZZI","STELVIO (A.R.A.S.)","Barcelona","Cataluña","1042"
"30042026","0","","HONDA","SH125i","Barcelona","Cataluña","125"
"30042026","0","","CYCLONE","RA125 PLUS","Illes Balears","Illes Balears","124"
"30042026","0","","HONDA","PCX 125","Madrid","Comunidad de Madrid","125"
"30042026","0","","HONDA","PCX 125","Cádiz","Andalucía","125"
"30042026","0","","SYM","SYMPHONY 125","Alicante/Alacant","Comunidad Valenciana","125"
"30042026","0","","KAWASAKI","Z900","Almería","Andalucía","948"
"30042026","0","","ZONTES","125D","Barcelona","Cataluña","125"
"30042026","0","","BENDA","NAPOLEON 125","Girona","Cataluña","125"
"30042026","0","","CFMOTO","800MT-X","Alicante/Alacant","Comunidad Valenciana","799"
"30042026","0","","HARLEY-DAVIDSON","ROAD GLIDE LIMITED","Córdoba","Andalucía","1923"
"30042026","0","","LINHAI","BUCK ADV","Huesca","Aragón","124"
"30042026","0","","KTM","KTM 390 DUKE","Madrid","Comunidad de Madrid","399"
"30042026","0","","SUZUKI","ADDRESS 125","Ceuta","Ceuta","124"
"30042026","0","","NEXT","NX CROSS 125I","Huelva","Andalucía","125"
"30042026","0","","HONDA","NX500","Murcia","Región de Murcia","471"
"30042026","0","","HONDA","CB 125 F","Lleida","Cataluña","124"
"30042026","0","","VOGE","DS900X","Barcelona","Cataluña","895"
"30042026","0","","MH MOTORCYCLES","TRAY","Palmas (Las)","Canarias","125"
"30042026","0","","KYMCO","SKYTOWN 125","Alicante/Alacant","Comunidad Valenciana","125"
"30042026","0","","HONDA","SH125i","Melilla","Melilla","125"
"30042026","0","","HONDA","SH125i","Gipuzkoa","País Vasco","125"
"30042026","0","","VOGE","625DSX","Madrid","Comunidad de Madrid","581"
"30042026","0","","BMW","F 900 GS","Albacete","Castilla-La Mancha","895"
"30042026","0","","APRILIA","SR GT 125","Barcelona","Cataluña","125"
"30042026","0","","HONDA","PCX 125","Valencia/València","Comunidad Valenciana","125"
"30042026","0","","YAMAHA","NMAX 125","Santa Cruz de Tenerife","Canarias","125"
"30042026","0","","BENELLI","TRK 702","Valencia/València","Comunidad Valenciana","698"
"30042026","0","","HONDA","PCX 125","Navarra","Comunidad Foral de Navarra","125"
"30042026","0","","HONDA","ADV 750","Navarra","Comunidad Foral de Navarra","745"
"30042026","0","","KOVE","KOVE 800 X GT","Málaga","Andalucía","799"
"30042026","0","","KYMCO","SUPER DINK GT","Lleida","Cataluña","321"
"30042026","0","","HONDA","CB650RA","Cantabria","Cantabria","649"
"30042026","0","","PEUGEOT","KISBEE M","Illes Balears","Illes Balears","125"
"30042026","0","","YAMAHA","NMAX 125","Málaga","Andalucía","125"
"30042026","0","","KTM","KTM 125 SMC R","Barcelona","Cataluña","125"
"30042026","0","","HONDA","SH125i","Barcelona","Cataluña","125"
"30042026","0","","YAMAHA","MT-07","Santa Cruz de Tenerife","Canarias","689"
"30042026","0","","BMW","F 900 XR","Tarragona","Cataluña","895"
"30042026","0","","ZONTES","368G","Rioja (La)","La Rioja","368"
"30042026","0","","ZONTES","ZT125-Z2","Navarra","Comunidad Foral de Navarra","125"
"30042026","0","","HONDA","ADV 350","Málaga","Andalucía","330"
"30042026","0","","BMW","R 1300 GS","Rioja (La)","La Rioja","1300"
"30042026","0","","BMW","F 900 R","Bizkaia","País Vasco","895"
"30042026","0","","SYM","SYMPHONY 125","Burgos","Castilla y León","125"
"30042026","0","","HONDA","ADV 750","Palmas (Las)","Canarias","745"
"30042026","0","","YAMAHA","MT-07","Barcelona","Cataluña","689"
"30042026","0","","SWM","SUPERDUAL T","Murcia","Región de Murcia","600"
"30042026","0","","KTM","KTM 390 ENDURO R","Barcelona","Cataluña","399"
"30042026","0","","PIAGGIO","LIBERTY 125 ABS","Illes Balears","Illes Balears","124"
"30042026","0","","BMW","F 800 GS","Madrid","Comunidad de Madrid","895"
"30042026","0","","YAMAHA","NMAX 125","Murcia","Región de Murcia","125"
"30042026","0","","BMW","R 1300 RT","Tarragona","Cataluña","1300"
"30042026","0","","ZONTES","368G","Tarragona","Cataluña","368"
"30042026","0","","SHERCO","300 SE-R","Zamora","Castilla y León","293"
"30042026","0","","SYM","JET 14","Málaga","Andalucía","125"
"30042026","0","","HONDA","PCX 125","Barcelona","Cataluña","125"
"30042026","0","","HONDA","SH125i","Barcelona","Cataluña","125"
"30042026","0","","ZONTES","125C","Valencia/València","Comunidad Valenciana","125"
"30042026","0","","SYM","SYMPHONY 125","Valencia/València","Comunidad Valenciana","125"
"30042026","0","","PIAGGIO","VESPA PRIMAVERA 125","Alicante/Alacant","Comunidad Valenciana","124"
"30042026","0","","VOGE","SR1ADV","Palmas (Las)","Canarias","125"
"30042026","0","","VOGE","DS800X RALLY","Jaén","Andalucía","798"
"30042026","0","","HONDA","GB350S","Málaga","Andalucía","348"
"30042026","0","","KTM","KTM 390 DUKE","Toledo","Castilla-La Mancha","399"
"30042026","0","","BENELLI","TRK 702","Huelva","Andalucía","698"
"30042026","0","","HONDA","CB750AC","Gipuzkoa","País Vasco","755"
"30042026","0","","VOGE","625DSX","Coruña (A)","Galicia","581"
"30042026","0","","HONDA","ADV 750","Málaga","Andalucía","745"
"30042026","0","","PIAGGIO","LIBERTY 125 ABS","Madrid","Comunidad de Madrid","124"
"30042026","0","","ZNEN","FALCON 125","Valencia/València","Comunidad Valenciana","125"
"30042026","0","","PIAGGIO","LIBERTY 125 ABS","Illes Balears","Illes Balears","124"
"30042026","0","","QJMOTOR","SRV 12 E5+","Cádiz","Andalucía","125"
"30042026","0","","DUCATI","STREETFIGHTER","Barcelona","Cataluña","1103"
"30042026","0","","BMW","R 1300 GS","Madrid","Comunidad de Madrid","1300"
"30042026","0","","HONDA","PCX 125","Almería","Andalucía","125"
"30042026","0","","CFMOTO","800MT-X","Madrid","Comunidad de Madrid","799"
"30042026","0","","KAWASAKI","VULCAN S","Palmas (Las)","Canarias","649"
"30042026","0","","ZONTES","368E","Tarragona","Cataluña","368"
"30042026","0","","ROYAL ENFIELD","CLASSIC 650 TWIN","Sevilla","Andalucía","648"
"30042026","0","","HONDA","PCX 125","Madrid","Comunidad de Madrid","125"
"30042026","0","","YAMAHA","NMAX 125","Illes Balears","Illes Balears","125"
"30042026","0","","BMW","C 400 GT","Barcelona","Cataluña","350"
"30042026","0","","APRILIA","TUONO 457","Madrid","Comunidad de Madrid","457"
"30042026","0","","YAMAHA","RayZR 125","Córdoba","Andalucía","125"
"30042026","0","","YAMAHA","NMAX 125","Cádiz","Andalucía","125"
"30042026","0","","BMW","F 900 XR","Barcelona","Cataluña","895"
"30042026","0","","KOVE","KOVE 800 X RALLY","Valencia/València","Comunidad Valenciana","799"
"30042026","0","","YAMAHA","MT-09","Granada","Andalucía","890"
"30042026","0","","YAMAHA","XMAX 125","Sevilla","Andalucía","125"
"30042026","0","","KYMCO","DTX","Almería","Andalucía","124"
"30042026","0","","HONDA","PCX 125","Murcia","Región de Murcia","125"
"30042026","0","","SYM","SYMPHONY 125","Alicante/Alacant","Comunidad Valenciana","125"
"30042026","0","","HONDA","FORZA125","Barcelona","Cataluña","125"
"30042026","0","","MH MOTORCYCLES","TRAY","Cádiz","Andalucía","125"
"30042026","0","","KAWASAKI","Z900","Ourense","Galicia","948"
"30042026","0","","KAWASAKI","VULCAN S","Madrid","Comunidad de Madrid","649"
"30042026","0","","KAWASAKI","KLE500","Toledo","Castilla-La Mancha","451"
"30042026","0","","YAMAHA","XMAX 125","Valencia/València","Comunidad Valenciana","125"
"30042026","0","","YAMAHA","NMAX 125","Madrid","Comunidad de Madrid","125"
"30042026","0","","HONDA","SH125i","Málaga","Andalucía","125"
"30042026","0","","HONDA","CRF1100L Africa Twin","Palmas (Las)","Canarias","1084"
"30042026","0","","QJMOTOR","SRV 12 E5+","Girona","Cataluña","125"
"30042026","0","","TRIUMPH","TRIDENT 660","Madrid","Comunidad de Madrid","660"
"30042026","0","","HONDA","CB750AC","Madrid","Comunidad de Madrid","755"
"30042026","0","","SYM","JET X","Barcelona","Cataluña","125"
"30042026","0","","BMW","R 1300 GS ADVENTURE","Albacete","Castilla-La Mancha","1300"
"30042026","0","","PIAGGIO","VESPA SPRINT 125","Barcelona","Cataluña","124"
"30042026","0","","KTM","KTM 450 EXC-F","Asturias","Principado de Asturias","450"
"30042026","0","","PIAGGIO","VESPA GTS 125 SUPERTEC","Cádiz","Andalucía","125"
"30042026","0","","PIAGGIO","LIBERTY 125 ABS","Illes Balears","Illes Balears","124"
"30042026","0","","WOTTAN","STORM-T","Granada","Andalucía","125"
"30042026","0","","VOGE","SR1","Jaén","Andalucía","125"
"30042026","0","","HONDA","FORZA 750","Barcelona","Cataluña","745"
"30042026","0","","VOGE","DS800X RALLY","Sevilla","Andalucía","798"
"30042026","0","","KAWASAKI","NINJA ZX-4R","Coruña (A)","Galicia","399"
"30042026","0","","ZONTES","125C","Coruña (A)","Galicia","125"
"30042026","0","","KYMCO","DTX","Valencia/València","Comunidad Valenciana","321"
"30042026","0","","KTM","KTM 690 SMC R","Barcelona","Cataluña","693"
"30042026","0","","VOGE","625R","Barcelona","Cataluña","581"
"30042026","0","","HONDA","CBR 650 R","Toledo","Castilla-La Mancha","649"
"30042026","0","","HONDA","FORZA125","Madrid","Comunidad de Madrid","125"
"30042026","0","","VOGE","DS800X RALLY","Valencia/València","Comunidad Valenciana","798"
"30042026","0","","HONDA","FORZA 750","Illes Balears","Illes Balears","745"
"30042026","0","","KOVE","KOVE 800 X PRO 2026","Madrid","Comunidad de Madrid","799"
"30042026","0","","SYM","SYMPHONY 125","Cádiz","Andalucía","125"
"30042026","0","","ZONTES","125M","Alicante/Alacant","Comunidad Valenciana","125"
"30042026","0","","TRIUMPH","TIGER 1200 GT PRO","Lleida","Cataluña","1160"
"30042026","0","","VOGE","625R","León","Castilla y León","581"
"30042026","0","","KAWASAKI","NINJA 650","Tarragona","Cataluña","649"
"30042026","0","","HONDA","ADV 750","Álava/Araba","País Vasco","745"
"30042026","0","","SUZUKI","AVENIS 125","Illes Balears","Illes Balears","124"
"30042026","0","","YAMAHA","XMAX 125","Alicante/Alacant","Comunidad Valenciana","125"
"30042026","0","","QJMOTOR","ATR 125 E5+","Madrid","Comunidad de Madrid","125"
"30042026","0","","SYM","JET X","Burgos","Castilla y León","125"
"30042026","0","","BMW","R 1300 GS","Sevilla","Andalucía","1300"
"30042026","0","","RIEJU","NKD 125","Huelva","Andalucía","124"
"30042026","0","","HONDA","PCX 125","Alicante/Alacant","Comunidad Valenciana","125"
"30042026","0","","BMW","C 400 GT","Málaga","Andalucía","350"
"30042026","0","","BMW","F 900 R A2","Girona","Cataluña","895"
"30042026","0","","YAMAHA","TRACER 700","Córdoba","Andalucía","689"
"30042026","0","","HONDA","CB750AC","Barcelona","Cataluña","755"
"30042026","0","","HONDA","CB750AC","Madrid","Comunidad de Madrid","755"
"30042026","0","","HONDA","NC 750 X","Santa Cruz de Tenerife","Canarias","745"
"30042026","0","","HONDA","VISION 110","Barcelona","Cataluña","109"
"30042026","0","","ZONTES","368G","Girona","Cataluña","368"
"30042026","0","","HONDA","FORZA125","Santa Cruz de Tenerife","Canarias","125"
"30042026","0","","ZONTES","703RR","Granada","Andalucía","699"
"30042026","0","","VOGE","SR1","Barcelona","Cataluña","125"
"30042026","0","","HONDA","CBR 650 R","Santa Cruz de Tenerife","Canarias","649"
"30042026","0","","PIAGGIO","VESPA GTV","Alicante/Alacant","Comunidad Valenciana","310"
"30042026","0","","YAMAHA","WR125","Málaga","Andalucía","125"
"30042026","0","","HUSQVARNA","HUSQVARNA TE 300","Barcelona","Cataluña","293"
"30042026","0","","SYM","JET 14","Illes Balears","Illes Balears","125"
"30042026","0","","ZONTES","ZT125-G1","Teruel","Aragón","125"
"30042026","0","","BENDA","NAPOLEON 250","Alicante/Alacant","Comunidad Valenciana","249"
"30042026","0","","RIEJU","NOT APPLICABLE","Córdoba","Andalucía","124"
"30042026","0","","HONDA","VISION 110","Bizkaia","País Vasco","109"
"30042026","0","","CYCLONE","RX600","Málaga","Andalucía","550"
"30042026","0","","HONDA","ADV 350","Illes Balears","Illes Balears","330"
"30042026","0","","QJMOTOR","MTX 125","Pontevedra","Galicia","125"
"30042026","0","","SYM","SYMPHONY 125","Tarragona","Cataluña","125"
"30042026","0","","BMW","F 900 XR","Gipuzkoa","País Vasco","895"
"30042026","0","","MACBOR","EIGHT MILE 125 LC","Granada","Andalucía","124"
"30042026","0","","KYMCO","AGILITY S","Salamanca","Castilla y León","125"
"30042026","0","","MACBOR","EIGHT MILE 125 LC","Málaga","Andalucía","124"
"30042026","0","","SHERCO","125 SE-R","Córdoba","Andalucía","125"
"30042026","0","","KAWASAKI","Z500","Santa Cruz de Tenerife","Canarias","451"
"30042026","0","","KAWASAKI","VULCAN S","Zaragoza","Aragón","649"
"30042026","0","","ZONTES","368M","Barcelona","Cataluña","368"
"30042026","0","","HONDA","FORZA125","Barcelona","Cataluña","125"
"30042026","0","","YAMAHA","XMAX 125","Alicante/Alacant","Comunidad Valenciana","125"
"30042026","0","","VOGE","DS800X RALLY","Palmas (Las)","Canarias","798"
"30042026","0","","YAMAHA","Tracer 9 GT","Murcia","Región de Murcia","890"
"30042026","0","","YAMAHA","TRACER 700","Barcelona","Cataluña","689"
"30042026","0","","YAMAHA","TMAX 560","Albacete","Castilla-La Mancha","562"
"30042026","0","","YAMAHA","TMAX 560","Illes Balears","Illes Balears","562"
"30042026","0","","KAWASAKI","Z900","Córdoba","Andalucía","948"
"30042026","0","","WOTTAN","SIXTEEN","Barcelona","Cataluña","125"
"30042026","0","","YAMAHA","R7","Madrid","Comunidad de Madrid","689"
"30042026","0","","QJMOTOR","SRV 125 E5+","Barcelona","Cataluña","125"
"30042026","0","","QJMOTOR","SRV 125 E5+","Huesca","Aragón","125"
"30042026","0","","KAWASAKI","NINJA 650","Salamanca","Castilla y León","649"
"30042026","0","","YAMAHA","NMAX 125","Illes Balears","Illes Balears","125"
"30042026","0","","CFMOTO","675NK","Madrid","Comunidad de Madrid","674"
"30042026","0","","VOGE","625R","Coruña (A)","Galicia","581"
"30042026","0","","YAMAHA","XMAX 125","Ceuta","Ceuta","125"
"30042026","0","","ZONTES","ZT125-U","Granada","Andalucía","125"
"30042026","0","","ZONTES","703RR","Murcia","Región de Murcia","699"
"30042026","0","","KEEWAY","X-LIGHT 125","Illes Balears","Illes Balears","125"
"30042026","0","","QJMOTOR","ATR 125 E5+","Alicante/Alacant","Comunidad Valenciana","125"
"30042026","0","","SUZUKI","V-Strom 800","Guadalajara","Castilla-La Mancha","776"
"30042026","0","","YAMAHA","NMAX 125","Valencia/València","Comunidad Valenciana","125"
"30042026","0","","ZONTES","368D","Illes Balears","Illes Balears","368"
"30042026","0","","HONDA","SH Mode 125","Illes Balears","Illes Balears","125"
"30042026","0","","SYM","SYMPHONY 125","Gipuzkoa","País Vasco","125"
"30042026","0","","KYMCO","DTX","Madrid","Comunidad de Madrid","321"
"30042026","0","","YAMAHA","XMAX 300","Barcelona","Cataluña","292"
"30042026","0","","BMW","R 1300 GS","León","Castilla y León","1300"
"30042026","0","","HONDA","PCX 125","Palmas (Las)","Canarias","125"
"30042026","0","","NEXT","NX2 125I","Murcia","Región de Murcia","125"
"30042026","0","","VOGE","SR16","Barcelona","Cataluña","125"
"30042026","0","","HONDA","ADV 750","Girona","Cataluña","745"
"30042026","0","","MACBOR","ROCKSTER FLAT 125 EVO","Tarragona","Cataluña","125"
"30042026","0","","VOGE","DS900X","Badajoz","Extremadura","895"
"30042026","0","","MOTO GUZZI","V100 MANDELLO S","Cádiz","Andalucía","1042"
"30042026","0","","MORBIDELLI","SC125 RE","Madrid","Comunidad de Madrid","125"
"30042026","0","","QJMOTOR","SRV 12 E5+","Palmas (Las)","Canarias","125"
"30042026","0","","HONDA","CB750 Hornet","Valencia/València","Comunidad Valenciana","755"
"30042026","0","","HONDA","CB750AC","Valencia/València","Comunidad Valenciana","755"
"30042026","0","","ZONTES","703RR","Toledo","Castilla-La Mancha","699"
"30042026","0","","YAMAHA","R125","Barcelona","Cataluña","125"
"30042026","0","","YAMAHA","R7","Alicante/Alacant","Comunidad Valenciana","689"
"30042026","0","","YAMAHA","XMAX 125","Bizkaia","País Vasco","125"
"30042026","0","","HONDA","ADV 350","Madrid","Comunidad de Madrid","330"
"30042026","0","","SYM","SYMPHONY 125","Sevilla","Andalucía","125"
"30042026","0","","HONDA","PCX 125","Cantabria","Cantabria","125"
"30042026","0","","DUCATI","STREETFIGHTER","Santa Cruz de Tenerife","Canarias","890"
"30042026","0","","MITT","125 DESERT","Lleida","Cataluña","125"
"30042026","0","","YAMAHA","NMAX 125","Cáceres","Extremadura","125"
"30042026","0","","MOTO GUZZI","STELVIO (A.R.A.S.)","Barcelona","Cataluña","1042"
"30042026","0","","CYCLONE","RA125 PLUS","Málaga","Andalucía","124"
"30042026","0","","BMW","R 1300 RT","Alicante/Alacant","Comunidad Valenciana","1300"
"30042026","0","","HONDA","FORZA125","Barcelona","Cataluña","125"
"30042026","0","","KAWASAKI","ELIMINATOR","Málaga","Andalucía","451"
"30042026","0","","KTM","KTM 890 SM T","Girona","Cataluña","889"
"30042026","0","","HONDA","FORZA 350","Alicante/Alacant","Comunidad Valenciana","330"
"30042026","0","","KAWASAKI","Z650","Jaén","Andalucía","649"
"30042026","0","","HONDA","XL750 Transalp","Huesca","Aragón","755"
"30042026","0","","MONTESA","COTA 4RT 301RR","Barcelona","Cataluña","298"
"30042026","0","","CFMOTO","450MT","Valencia/València","Comunidad Valenciana","449"
"30042026","0","","HONDA","PCX 125","Santa Cruz de Tenerife","Canarias","125"
"30042026","0","","SYM","SYMPHONY 125","Barcelona","Cataluña","125"
"30042026","0","","HONDA","ADV 750","Madrid","Comunidad de Madrid","745"
"30042026","0","","HONDA","PCX 125","Valencia/València","Comunidad Valenciana","125"
"30042026","0","","YAMAHA","XMAX 300","Barcelona","Cataluña","292"
"30042026","0","","KYMCO","SUPER DINK GT","Barcelona","Cataluña","321"
"30042026","0","","YAMAHA","WR125","Illes Balears","Illes Balears","125"
"30042026","0","","BMW","R 1300 GS","Barcelona","Cataluña","1300"
"30042026","0","","MH MOTORCYCLES","TRAY","Santa Cruz de Tenerife","Canarias","125"
"30042026","0","","ZONTES","125D","Barcelona","Cataluña","125"
"30042026","0","","HONDA","CL500","Barcelona","Cataluña","471"
"30042026","0","","VOGE","625DSX","Ourense","Galicia","581"
"30042026","0","","VOGE","DS900X","Palencia","Castilla y León","895"
"30042026","0","","BMW","R 1300 GS","Barcelona","Cataluña","1300"
"30042026","0","","HONDA","CB750AC","Valencia/València","Comunidad Valenciana","755"
"30042026","0","","VOGE","DS800X RALLY","Cádiz","Andalucía","798"
"30042026","0","","HONDA","FORZA125","Illes Balears","Illes Balears","125"
"30042026","0","","APRILIA","SR GT 125","Girona","Cataluña","125"
"30042026","0","","SUZUKI","V-Strom 800","Palmas (Las)","Canarias","776"
"30042026","0","","VOGE","DS800X RALLY","Cantabria","Cantabria","798"
"30042026","0","","LETBE","LB150T-2A","Almería","Andalucía","150"
"30042026","0","","BMW","R 1300 RT","Cádiz","Andalucía","1300"
"30042026","0","","HONDA","ADV 350","Málaga","Andalucía","330"
"30042026","0","","HONDA","PCX 125","Santa Cruz de Tenerife","Canarias","125"
"30042026","0","","BMW","S 1000 RR","Madrid","Comunidad de Madrid","999"
"30042026","0","","PIAGGIO","VESPA PRIMAVERA 125","Sevilla","Andalucía","124"
"30042026","0","","VOGE","SR16","Valencia/València","Comunidad Valenciana","125"
"30042026","0","","CFMOTO","1000MT-X","Madrid","Comunidad de Madrid","946"
"30042026","0","","RIEJU","RALLY 307","Ciudad Real","Castilla-La Mancha","292"
"30042026","0","","KYMCO","AGILITY S","Asturias","Principado de Asturias","125"
"30042026","0","","APRILIA","RS 457","Barcelona","Cataluña","457"
"30042026","0","","HONDA","NC 750 X","Santa Cruz de Tenerife","Canarias","745"
"30042026","0","","KAWASAKI","Z650","Sevilla","Andalucía","649"
"30042026","0","","HONDA","Rebel 500","Asturias","Principado de Asturias","471"
"30042026","0","","ROYAL ENFIELD","CLASSIC 350","Madrid","Comunidad de Madrid","349"
"30042026","0","","ITALJET","DRAGSTER200","Asturias","Principado de Asturias","181"
"30042026","0","","HONDA","MSX125A","Santa Cruz de Tenerife","Canarias","124"
"30042026","0","","YAMAHA","MT-07","Illes Balears","Illes Balears","689"
"30042026","0","","SYM","SYMPHONY 125","Cádiz","Andalucía","125"
"30042026","0","","HONDA","PCX 125","Palencia","Castilla y León","125"
"30042026","0","","HONDA","FORZA 350","Valencia/València","Comunidad Valenciana","330"
"30042026","0","","PEUGEOT","KISBEE M","Illes Balears","Illes Balears","125"
"30042026","0","","PIAGGIO","LIBERTY 125 ABS","Illes Balears","Illes Balears","124"
"30042026","0","","BAJAJ","PULSAR NS 125","Madrid","Comunidad de Madrid","124"
"30042026","0","","BMW","F 900 R","Málaga","Andalucía","895"
"30042026","0","","MOTO GUZZI","V85 TT TRAVEL","Madrid","Comunidad de Madrid","853"
"30042026","0","","ZONTES","ZT125-U1","Guadalajara","Castilla-La Mancha","125"
"30042026","0","","KTM","KTM 390 SMC R","Castellón/Castelló","Comunidad Valenciana","399"
"30042026","0","","BMW","R 1300 GS ADVENTURE","León","Castilla y León","1300"
"30042026","0","","HONDA","FORZA 350","Huesca","Aragón","330"
"30042026","0","","KYMCO","SUPER DINK GT","Castellón/Castelló","Comunidad Valenciana","321"
"30042026","0","","BMW","F 900 XR","Albacete","Castilla-La Mancha","895"
"30042026","0","","DUCATI","MULTISTRADA V2","Illes Balears","Illes Balears","890"
"30042026","0","","KAWASAKI","ELIMINATOR","Barcelona","Cataluña","451"
"30042026","0","","SHERCO","300 SE-R","Tarragona","Cataluña","293"
"30042026","0","","HONDA","PCX 125","Valladolid","Castilla y León","125"
"30042026","0","","HONDA","SH125i","Málaga","Andalucía","125"
"30042026","0","","BMW","S 1000 XR","Illes Balears","Illes Balears","999"
"30042026","0","","SYM","JET X","Santa Cruz de Tenerife","Canarias","125"
"30042026","0","","KOVE","KOVE 800 X GT","Palmas (Las)","Canarias","799"
"30042026","0","","YAMAHA","XMAX 125","Valencia/València","Comunidad Valenciana","125"
"30042026","0","","VOGE","625DSX","Sevilla","Andalucía","581"
"30042026","0","","YAMAHA","Tracer 9 GT","Madrid","Comunidad de Madrid","890"
"30042026","0","","PIAGGIO","LIBERTY 125 ABS","Illes Balears","Illes Balears","124"
"30042026","0","","KYMCO","SKYTOWN 125","Madrid","Comunidad de Madrid","125"
"30042026","0","","HONDA","SH125i","Barcelona","Cataluña","125"
"30042026","0","","QJMOTOR","MTX 125 E5+","Barcelona","Cataluña","125"
"30042026","0","","LAMBRETTA","V125 SPECIAL FLEX","Alicante/Alacant","Comunidad Valenciana","125"
"30042026","0","","HONDA","CRF1100L Africa Twin","Madrid","Comunidad de Madrid","1084"
"30042026","0","","VOGE","625R","Cádiz","Andalucía","581"
"30042026","0","","MITT","GT-S","Asturias","Principado de Asturias","125"
"30042026","0","","HONDA","SH125i","Gipuzkoa","País Vasco","125"
"30042026","0","","HONDA","ADV 350","Illes Balears","Illes Balears","330"
"30042026","0","","VOGE","625DSX","Granada","Andalucía","581"
"30042026","0","","QJMOTOR","ATR 125 E5+","Murcia","Región de Murcia","125"
"30042026","0","","VOGE","SR1ADV","Palmas (Las)","Canarias","125"
"30042026","0","","VOGE","DS900X","Palmas (Las)","Canarias","895"
"30042026","0","","LETBE","S125","Málaga","Andalucía","125"
"30042026","0","","HONDA","CBF 125","Barcelona","Cataluña","125"
"30042026","0","","HONDA","PCX 125","Cádiz","Andalucía","125"
"30042026","0","","HONDA","FORZA125","Barcelona","Cataluña","125"
"30042026","0","","BAJAJ","DOMINAR D 400","Guadalajara","Castilla-La Mancha","373"
"30042026","0","","BRIXTON","SUNRAY 125 ABS","Barcelona","Cataluña","125"
"30042026","0","","HONDA","PCX 125","Madrid","Comunidad de Madrid","125"
"30042026","0","","HONDA","PCX 125","Santa Cruz de Tenerife","Canarias","125"
"30042026","0","","KYMCO","DTX","Castellón/Castelló","Comunidad Valenciana","321"
"30042026","0","","YAMAHA","TRACER 700","Córdoba","Andalucía","689"
"30042026","0","","ZONTES","ZT125-U","Alicante/Alacant","Comunidad Valenciana","125"
"30042026","0","","HONDA","PCX 125","Málaga","Andalucía","125"
"30042026","0","","PIAGGIO","VESPA PRIMAVERA 125","Illes Balears","Illes Balears","124"
"30042026","0","","CFMOTO","450MT","Málaga","Andalucía","449"
"30042026","0","","HONDA","FORZA125","Málaga","Andalucía","125"
"30042026","0","","KAWASAKI","NINJA 500","Barcelona","Cataluña","451"
"30042026","0","","ZONTES","125E","Cádiz","Andalucía","125"
"30042026","0","","ZONTES","ZT125-Z2","Asturias","Principado de Asturias","125"
"30042026","0","","VOGE","625DSX","Ceuta","Ceuta","581"
"30042026","0","","HONDA","FORZA 350","Valencia/València","Comunidad Valenciana","330"
"30042026","0","","PIAGGIO","MEDLEY 125","Madrid","Comunidad de Madrid","125"
"30042026","0","","VOGE","SR16","Navarra","Comunidad Foral de Navarra","125"
"30042026","0","","ZONTES","368G","Barcelona","Cataluña","368"
"30042026","0","","PIAGGIO","LIBERTY 125 ABS","Cádiz","Andalucía","124"
"30042026","0","","ZONTES","125E","Lleida","Cataluña","125"
"30042026","0","","MONTESA","4RIDE","Palmas (Las)","Canarias","259"
"30042026","0","","ZONTES","125C","Barcelona","Cataluña","125"
"30042026","0","","HONDA","PCX 125","Cádiz","Andalucía","125"
"30042026","0","","KEEWAY","V-CRUISE","Coruña (A)","Galicia","125"
"30042026","0","","ZONTES","368G","Málaga","Andalucía","368"
"30042026","0","","APRILIA","RS 457","Madrid","Comunidad de Madrid","457"
"30042026","0","","HONDA","CRF1100L Africa Twin","Palmas (Las)","Canarias","1084"
"30042026","0","","KAWASAKI","VERSYS 650","Palmas (Las)","Canarias","649"
"30042026","0","","YAMAHA","TRACER 700","León","Castilla y León","689"
"30042026","0","","KYMCO","DTX","Santa Cruz de Tenerife","Canarias","321"
"30042026","0","","PIAGGIO","LIBERTY 125 ABS","Jaén","Andalucía","124"
"30042026","0","","SUZUKI","ADDRESS 125","Asturias","Principado de Asturias","124"
"30042026","0","","VOGE","625DSX","Guadalajara","Castilla-La Mancha","581"
"30042026","0","","ZONTES","125E","Madrid","Comunidad de Madrid","125"
"30042026","0","","YAMAHA","XMAX 300","Valencia/València","Comunidad Valenciana","292"
"30042026","0","","SUZUKI","ADDRESS 125","Alicante/Alacant","Comunidad Valenciana","124"
"30042026","0","","MITT","300GT MAX","Navarra","Comunidad Foral de Navarra","276"
"30042026","0","","MOTO GUZZI","STELVIO (A.R.A.S.)","Barcelona","Cataluña","1042"
"30042026","0","","KOVE","KOVE 800 X GT","Rioja (La)","La Rioja","799"
"30042026","0","","YAMAHA","MT-07","Valencia/València","Comunidad Valenciana","689"
"30042026","0","","HONDA","FORZA125","Palmas (Las)","Canarias","125"
"30042026","0","","ZONTES","125D","Madrid","Comunidad de Madrid","125"
"30042026","0","","HONDA","PCX 125","Alicante/Alacant","Comunidad Valenciana","125"
"30042026","0","","BENELLI","BN125","Málaga","Andalucía","125"
"30042026","0","","YAMAHA","NMAX 125","Illes Balears","Illes Balears","125"
"30042026","0","","RIEJU","RALLY 307","Málaga","Andalucía","292"
"30042026","0","","APRILIA","RS 660","Barcelona","Cataluña","659"
"30042026","0","","BMW","F 900 XR","Alicante/Alacant","Comunidad Valenciana","895"
"30042026","0","","HONDA","PCX 125","Granada","Andalucía","125"
"30042026","0","","KAWASAKI","VERSYS 1100","Córdoba","Andalucía","1099"
"30042026","0","","CFMOTO","700MT","Cádiz","Andalucía","693"
"30042026","0","","YAMAHA","MT-125","Málaga","Andalucía","125"
"30042026","0","","KYMCO","AGILITY S","Valencia/València","Comunidad Valenciana","125"
"30042026","0","","ZONTES","125D","Santa Cruz de Tenerife","Canarias","125"
"30042026","0","","BMW","S 1000 R","Valencia/València","Comunidad Valenciana","999"
"30042026","0","","HONDA","PCX 125","Illes Balears","Illes Balears","125"
"30042026","0","","HONDA","CBR 650 R","Almería","Andalucía","649"
"30042026","0","","HONDA","VISION 110","Illes Balears","Illes Balears","109"
"30042026","0","","DUCATI","MULTISTRADA V2","Girona","Cataluña","890"
"30042026","0","","SYM","SYMPHONY 125","Barcelona","Cataluña","125"
"30042026","0","","CYCLONE","RT1","Tarragona","Cataluña","125"
"30042026","0","","HONDA","C125A","Álava/Araba","País Vasco","124"
"30042026","0","","SUZUKI","GSX-8S","Murcia","Región de Murcia","776"
"30042026","0","","BMW","F 900 R","Zaragoza","Aragón","895"
"30042026","0","","KYMCO","AGILITY S","Málaga","Andalucía","125"
"30042026","0","","YAMAHA","RayZR 125","Santa Cruz de Tenerife","Canarias","125"
"30042026","0","","HONDA","SH125i","Málaga","Andalucía","125"
"30042026","0","","HONDA","PCX 125","Madrid","Comunidad de Madrid","125"
"30042026","0","","HONDA","SH125i","Tarragona","Cataluña","125"
"30042026","0","","CFMOTO","1000MT-X","Madrid","Comunidad de Madrid","946"
"30042026","0","","ZONTES","368K","Valencia/València","Comunidad Valenciana","368"
"30042026","0","","ZONTES","368G","Málaga","Andalucía","368"
"30042026","0","","TRIUMPH","STREET TRIPLE RS","Girona","Cataluña","765"
"30042026","0","","HONDA","CRF1100L Africa Twin","Valencia/València","Comunidad Valenciana","1084"
"30042026","0","","KTM","KTM 125 DUKE","Valladolid","Castilla y León","125"
"30042026","0","","YAMAHA","XMAX 300","Barcelona","Cataluña","292"
"30042026","0","","KYMCO","AGILITY S","Tarragona","Cataluña","125"
"30042026","0","","ZONTES","368G","Valladolid","Castilla y León","368"
"30042026","0","","SYM","JET 14","Tarragona","Cataluña","125"
"30042026","0","","MITT","TY125T-26F","Madrid","Comunidad de Madrid","125"
"30042026","0","","YAMAHA","NMAX 125","Illes Balears","Illes Balears","125"
"30042026","0","","KYMCO","SKYTOWN 125","Madrid","Comunidad de Madrid","125"
"30042026","0","","YAMAHA","TMAX 560","Palmas (Las)","Canarias","562"
"30042026","0","","HONDA","ADV 350","Madrid","Comunidad de Madrid","330"
"30042026","0","","HONDA","ADV 350","Valencia/València","Comunidad Valenciana","330"
"30042026","0","","KYMCO","AGILITY S","Illes Balears","Illes Balears","125"
"30042026","0","","HONDA","PCX 125","Santa Cruz de Tenerife","Canarias","125"
"30042026","0","","ZONTES","125C","Asturias","Principado de Asturias","125"
"30042026","0","","ZONTES","ZT125-G1","Almería","Andalucía","125"
"30042026","0","","KEEWAY","V-CRUISE","Murcia","Región de Murcia","125"
"30042026","0","","YAMAHA","MT-09","Barcelona","Cataluña","890"
"30042026","0","","YAMAHA","NMAX 125","Sevilla","Andalucía","125"
"30042026","0","","YAMAHA","NMAX 125","Valladolid","Castilla y León","125"
"30042026","0","","HONDA","FORZA 350","Valencia/València","Comunidad Valenciana","330"
"30042026","0","","VOGE","DS800X RALLY","Madrid","Comunidad de Madrid","798"
"30042026","0","","TRIUMPH","BONNEVILLE BOBBER","Cádiz","Andalucía","1200"
"30042026","0","","YAMAHA","NMAX 125","Murcia","Región de Murcia","125"
"30042026","0","","HONDA","CB650RA","Cádiz","Andalucía","649"
"30042026","0","","HONDA","ADV 750","Madrid","Comunidad de Madrid","745"
"30042026","0","","DUCATI","MULTISTRADA V2","Zaragoza","Aragón","890"
"30042026","0","","BMW","F 900 R","Barcelona","Cataluña","895"
"30042026","0","","BMW","C 400 X","Madrid","Comunidad de Madrid","350"
"30042026","0","","APRILIA","RS 660","Madrid","Comunidad de Madrid","659"
"30042026","0","","BMW","F 800 GS","Jaén","Andalucía","895"
"30042026","0","","PIAGGIO","LIBERTY 125 ABS","Jaén","Andalucía","124"
"30042026","0","","KAWASAKI","Z1100","Valencia/València","Comunidad Valenciana","1099"
"30042026","0","","PIAGGIO","MEDLEY 125","Santa Cruz de Tenerife","Canarias","125"
"30042026","0","","SYM","JET 14","Navarra","Comunidad Foral de Navarra","125"
"30042026","0","","ZONTES","368G","Jaén","Andalucía","368"
"30042026","0","","YAMAHA","MT-125","Valencia/València","Comunidad Valenciana","125"
"30042026","0","","CFMOTO","450MT","Madrid","Comunidad de Madrid","449"
"30042026","0","","HONDA","FORZA125","Cantabria","Cantabria","125"
"30042026","0","","PIAGGIO","LIBERTY 125 ABS","Málaga","Andalucía","124"
"30042026","0","","VOGE","SR1ADV","Santa Cruz de Tenerife","Canarias","125"
"30042026","0","","MORBIDELLI","T1002VX","Albacete","Castilla-La Mancha","997"
"30042026","0","","QJMOTOR","SRK 125 R E5+","Madrid","Comunidad de Madrid","125"
"30042026","0","","ZONTES","368E","Cádiz","Andalucía","368"
"30042026","0","","HONDA","SH125i","Castellón/Castelló","Comunidad Valenciana","125"
"30042026","0","","HONDA","CBF 125","Tarragona","Cataluña","125"
"30042026","0","","HONDA","PCX 125","Gipuzkoa","País Vasco","125"
"30042026","0","","PIAGGIO","BEVERLY 310 HPE","Barcelona","Cataluña","310"
"30042026","0","","ZONTES","368G","Madrid","Comunidad de Madrid","368"
"30042026","0","","BMW","F 800 GS","Barcelona","Cataluña","895"
"30042026","0","","ZONTES","368G","Barcelona","Cataluña","368"
"30042026","0","","CYCLONE","RX1 PRO","Toledo","Castilla-La Mancha","124"
"30042026","0","","KTM","KTM 125 DUKE","Madrid","Comunidad de Madrid","125"
"30042026","0","","HONDA","VISION 110","Barcelona","Cataluña","109"
"30042026","0","","RIEJU","RALLY 307","Tarragona","Cataluña","292"
"30042026","0","","MACBOR","MONTANA XR1 125 EVO","Teruel","Aragón","124"
"30042026","0","","ZONTES","368G","Álava/Araba","País Vasco","368"
"30042026","0","","SYM","SYMPHONY 125","Jaén","Andalucía","125"
"30042026","0","","BENELLI","BN125","Alicante/Alacant","Comunidad Valenciana","125"
"30042026","0","","RIEJU","RALLY 307","Barcelona","Cataluña","292"
"30042026","0","","VOGE","625DSX","Sevilla","Andalucía","581"
"30042026","0","","SUZUKI","ADDRESS 125","Barcelona","Cataluña","124"
"30042026","0","","VOGE","SR4 MAX","Barcelona","Cataluña","350"
"30042026","0","","YAMAHA","MT-125","Santa Cruz de Tenerife","Canarias","125"
"30042026","0","","HONDA","SH Mode 125","Granada","Andalucía","125"
"30042026","0","","KYMCO","SKYTOWN 125","Málaga","Andalucía","125"
"30042026","0","","HONDA","ADV 350","Madrid","Comunidad de Madrid","330"
"30042026","0","","PIAGGIO","MEDLEY 125","Santa Cruz de Tenerife","Canarias","125"
"30042026","0","","YAMAHA","TRACER 700","Alicante/Alacant","Comunidad Valenciana","689"
"30042026","0","","ZONTES","703RR","Almería","Andalucía","699"
"30042026","0","","BMW","R 12 NINET","Barcelona","Cataluña","1170"
"30042026","0","","KAWASAKI","NINJA ZX-6R","Barcelona","Cataluña","636"
"30042026","0","","HONDA","CRF1100L Africa Twin","Palmas (Las)","Canarias","1084"
"30042026","0","","KTM","KTM 125 DUKE","Zaragoza","Aragón","125"
"30042026","0","","HONDA","PCX 125","Valencia/València","Comunidad Valenciana","125"
"30042026","0","","HONDA","CB 125 F","Badajoz","Extremadura","124"
"30042026","0","","BMW","R 12 G/S","Girona","Cataluña","1170"
"30042026","0","","KYMCO","AGILITY S","Girona","Cataluña","125"
"30042026","0","","YAMAHA","XMAX 125","Cádiz","Andalucía","125"
"30042026","0","","CYCLONE","RT1","Pontevedra","Galicia","125"
"30042026","0","","APRILIA","SR GT 125","Murcia","Región de Murcia","125"
"30042026","0","","ZONTES","368G","Madrid","Comunidad de Madrid","368"
"30042026","0","","KTM","KTM 390 ADVENTURE X","Alicante/Alacant","Comunidad Valenciana","399"
"30042026","0","","BMW","F 900 R","Illes Balears","Illes Balears","895"
"30042026","0","","HONDA","SH125i","Barcelona","Cataluña","125"
"30042026","0","","ZONTES","368K","Murcia","Región de Murcia","368"
"30042026","0","","SYM","SYMPHONY 125","Barcelona","Cataluña","125"
"30042026","0","","HONDA","CBR 650 R","Teruel","Aragón","649"
"30042026","0","","BMW","R 1300 RS","Palmas (Las)","Canarias","1300"
"30042026","0","","RIEJU","NOT APPLICABLE","Granada","Andalucía","124"
"30042026","0","","YAMAHA","NMAX 125","Illes Balears","Illes Balears","125"
"30042026","0","","YAMAHA","XMAX 125","Illes Balears","Illes Balears","125"
"30042026","0","","YAMAHA","NMAX 125","Barcelona","Cataluña","125"
"30042026","0","","KYMCO","DTX","Valencia/València","Comunidad Valenciana","321"
"30042026","0","","KTM","KTM 890 ADVENTURE R RA","Lleida","Cataluña","889"
"30042026","0","","ZONTES","125E","Valencia/València","Comunidad Valenciana","125"
"30042026","0","","SYM","JET X","Girona","Cataluña","125"
"30042026","0","","CFMOTO","450MT","Cádiz","Andalucía","449"
"30042026","0","","QJMOTOR","SRT 900 SX","Madrid","Comunidad de Madrid","904"
"30042026","0","","YAMAHA","NMAX 125","Illes Balears","Illes Balears","125"
"30042026","0","","BMW","F 900 R","Barcelona","Cataluña","895"
"30042026","0","","BETA","N/A","Madrid","Comunidad de Madrid","125"
"30042026","0","","PIAGGIO","LIBERTY 125 ABS","Cantabria","Cantabria","124"
"30042026","0","","BMW","F 900 XR","Ciudad Real","Castilla-La Mancha","895"
"30042026","0","","BMW","F 900 XR","Tarragona","Cataluña","895"
"30042026","0","","BETA","N/A","Madrid","Comunidad de Madrid","293"
"30042026","0","","QJMOTOR","ATR 125 E5+","Madrid","Comunidad de Madrid","125"
"30042026","0","","SUZUKI","V-Strom 800","Madrid","Comunidad de Madrid","776"
"30042026","0","","HARLEY-DAVIDSON","BREAKOUT","Madrid","Comunidad de Madrid","1923"
"30042026","0","","BMW","R 1300 GS ADVENTURE","Asturias","Principado de Asturias","1300"
"30042026","0","","SYM","SYMPHONY 125","Cádiz","Andalucía","125"
"30042026","0","","VOGE","DS900X","Granada","Andalucía","895"
"30042026","0","","HONDA","FORZA125","Castellón/Castelló","Comunidad Valenciana","125"
"30042026","0","","VOGE","DS800X RALLY","Zamora","Castilla y León","798"
"30042026","0","","PIAGGIO","LIBERTY 125 ABS","Illes Balears","Illes Balears","124"
"30042026","0","","HONDA","CL500","Barcelona","Cataluña","471"
"30042026","0","","HONDA","PCX 125","Málaga","Andalucía","125"
"30042026","0","","ZONTES","368G","Tarragona","Cataluña","368"
"30042026","0","","SYM","JET 14","Barcelona","Cataluña","125"
"30042026","0","","HONDA","PCX 125","Valencia/València","Comunidad Valenciana","125"
"30042026","0","","HONDA","CMX1100","Málaga","Andalucía","1084"
"30042026","0","","VOGE","300RALLY","Madrid","Comunidad de Madrid","292"
"30042026","0","","SUZUKI","GSX-S125","Girona","Cataluña","124"
"30042026","0","","HONDA","XL750 Transalp","Santa Cruz de Tenerife","Canarias","755"
"30042026","0","","BMW","C 400 GT","Castellón/Castelló","Comunidad Valenciana","350"
"30042026","0","","ZONTES","ZT125-Z2","Lleida","Cataluña","125"
"30042026","0","","HONDA","SH Mode 125","Illes Balears","Illes Balears","125"
"30042026","0","","KYMCO","SUPER DINK GT 125 E5+","Tarragona","Cataluña","124"
"30042026","0","","HONDA","CB750 Hornet","Cádiz","Andalucía","755"
"30042026","0","","HONDA","ADV 350","Cantabria","Cantabria","330"
"30042026","0","","KAWASAKI","KLE500","Zaragoza","Aragón","451"
"30042026","0","","ZONTES","368G","Teruel","Aragón","368"
"30042026","0","","HONDA","SH125i","Málaga","Andalucía","125"
"30042026","0","","SYM","JET 14","Jaén","Andalucía","125"
"30042026","0","","ZONTES","703RR","Valladolid","Castilla y León","699"
"30042026","0","","VOGE","R125","Asturias","Principado de Asturias","125"
"30042026","0","","YAMAHA","XMAX 125","Valencia/València","Comunidad Valenciana","125"
"30042026","0","","HONDA","NT1100","Valladolid","Castilla y León","1084"
"30042026","0","","YAMAHA","NMAX 125","Málaga","Andalucía","125"
"30042026","0","","KTM","KTM 1390 SUPER ADVENTU","Madrid","Comunidad de Madrid","1350"
"30042026","0","","HONDA","CB 125 F","Valencia/València","Comunidad Valenciana","124"
"30042026","0","","APRILIA","RS 125","Asturias","Principado de Asturias","124"
"30042026","0","","VOGE","625DSX","Almería","Andalucía","581"
"30042026","0","","ZONTES","703F","Cádiz","Andalucía","699"
"30042026","0","","KAWASAKI","Z1100","Córdoba","Andalucía","1099"
"30042026","0","","KAWASAKI","NINJA 650","Valladolid","Castilla y León","649"
"30042026","0","","HONDA","ADV 350","Palmas (Las)","Canarias","330"
"30042026","0","","YAMAHA","NMAX 125","Málaga","Andalucía","125"
"30042026","0","","YAMAHA","XMAX 300","Illes Balears","Illes Balears","292"
"30042026","0","","HARLEY-DAVIDSON","LOW RIDER ST","Sevilla","Andalucía","1923"
"30042026","0","","LETBE","FLYGON","Palmas (Las)","Canarias","219"
"30042026","0","","PIAGGIO","VESPA PRIMAVERA 125","Madrid","Comunidad de Madrid","124"
"30042026","0","","QJMOTOR","SRV 125 E5+","Valencia/València","Comunidad Valenciana","125"
"30042026","0","","YAMAHA","XMAX 300","Pontevedra","Galicia","292"
"30042026","0","","BMW","R 1300 GS","Valencia/València","Comunidad Valenciana","1300"
"30042026","0","","HONDA","SH125i","Barcelona","Cataluña","125"
"30042026","0","","KAWASAKI","NINJA 500","Madrid","Comunidad de Madrid","451"
"30042026","0","","YAMAHA","XMAX 125","Cádiz","Andalucía","125"
"30042026","0","","VOGE","SR3","Palmas (Las)","Canarias","244"
"30042026","0","","BMW","R 1300 GS","Gipuzkoa","País Vasco","1300"
"30042026","0","","YAMAHA","XMAX 125","Málaga","Andalucía","125"
"30042026","0","","HONDA","PCX 125","Córdoba","Andalucía","125"
"30042026","0","","KAWASAKI","Z650","Sevilla","Andalucía","649"
"30042026","0","","ZONTES","703F","Granada","Andalucía","699"
"30042026","0","","SYM","SYMPHONY 125","Barcelona","Cataluña","125"
"30042026","0","","YAMAHA","MT-09","Santa Cruz de Tenerife","Canarias","890"
"30042026","0","","YAMAHA","R125","Girona","Cataluña","125"
"30042026","0","","KYMCO","AGILITY S","Barcelona","Cataluña","125"
"30042026","0","","TRIUMPH","SPEED 400","Valencia/València","Comunidad Valenciana","398"
"30042026","0","","HONDA","CB750AC","Huelva","Andalucía","755"
"30042026","0","","BMW","S 1000 RR","Alicante/Alacant","Comunidad Valenciana","999"
"30042026","0","","VOGE","DS900X","Pontevedra","Galicia","895"
"30042026","0","","HONDA","PCX 125","Madrid","Comunidad de Madrid","125"
"30042026","0","","ZONTES","368G","Madrid","Comunidad de Madrid","368"
"30042026","0","","YAMAHA","XMAX 125","Málaga","Andalucía","125"
"30042026","0","","KYMCO","DTX","Barcelona","Cataluña","321"
"30042026","0","","BMW","F 800 GS","Málaga","Andalucía","895"
"30042026","0","","YAMAHA","XMAX 125","Málaga","Andalucía","125"
"30042026","0","","SYM","JET 14","Málaga","Andalucía","125"
"30042026","0","","VOGE","DS800X RALLY","Zaragoza","Aragón","798"
"30042026","0","","ZONTES","368G","Huelva","Andalucía","368"
"30042026","0","","YAMAHA","RayZR 125","Santa Cruz de Tenerife","Canarias","125"
"30042026","0","","PIAGGIO","VESPA SPRINT 125 ABS","Málaga","Andalucía","124"
"30042026","0","","BMW","C 400 GT","Illes Balears","Illes Balears","350"
"30042026","0","","HONDA","CB 500 F","Madrid","Comunidad de Madrid","471"
"30042026","0","","INDIAN","SCOUT SIXTY BOBBER","Barcelona","Cataluña","1000"
"30042026","0","","KAWASAKI","Z900RS","Santa Cruz de Tenerife","Canarias","948"
"30042026","0","","RIEJU","RALLY 307","Tarragona","Cataluña","292"
"30042026","0","","MH MOTORCYCLES","VR10","Cádiz","Andalucía","124"
"30042026","0","","MACBOR","ROCKSTER 125 EVO E5+","Palmas (Las)","Canarias","125"
"30042026","0","","SYM","CRUISYM 300 E5 TCS","Barcelona","Cataluña","278"
"30042026","0","","MACBOR","MONTANA XR1 125 EVO","Barcelona","Cataluña","124"
"30042026","0","","YAMAHA","WR125","Sevilla","Andalucía","125"
"30042026","0","","YAMAHA","RayZR 125","Cádiz","Andalucía","125"
"30042026","0","","BMW","C 400 GT","Illes Balears","Illes Balears","350"
"30042026","0","","CFMOTO","675SR-R","Cádiz","Andalucía","674"
"30042026","0","","KTM","KTM 390 ENDURO R","Valencia/València","Comunidad Valenciana","399"
"30042026","0","","VOGE","DS525X","Madrid","Comunidad de Madrid","494"
"30042026","0","","KTM","KTM 1390 SUPER ADVENTU","Valencia/València","Comunidad Valenciana","1350"
"30042026","0","","TRIUMPH","SPEED 400","Valencia/València","Comunidad Valenciana","398"
"30042026","0","","HONDA","CBR 650 R","Cádiz","Andalucía","649"
"30042026","0","","BMW","R 1300 GS ADVENTURE","Valladolid","Castilla y León","1300"
"30042026","0","","HONDA","PCX 125","Barcelona","Cataluña","125"
"30042026","0","","VOGE","DS900X","Barcelona","Cataluña","895"
"30042026","0","","MITT","125 DESERT","Valladolid","Castilla y León","125"
"30042026","0","","HONDA","PCX 125","Granada","Andalucía","125"
"30042026","0","","HONDA","PCX 125","Huelva","Andalucía","125"
"30042026","0","","KYMCO","AGILITY S","Málaga","Andalucía","125"
"30042026","0","","BMW","M 1000 XR","Valencia/València","Comunidad Valenciana","999"
"30042026","0","","YAMAHA","NMAX 125","Madrid","Comunidad de Madrid","125"
"30042026","0","","APRILIA","SR GT 125","Alicante/Alacant","Comunidad Valenciana","125"
"30042026","0","","PIAGGIO","LIBERTY 125 ABS","Illes Balears","Illes Balears","124"
"30042026","0","","HONDA","SH125i","Málaga","Andalucía","125"
"30042026","0","","ZONTES","368G","Girona","Cataluña","368"
"30042026","0","","VOGE","DS800X RALLY","Granada","Andalucía","798"
"30042026","0","","BMW","C 400 X","Girona","Cataluña","350"
"30042026","0","","MITT","TY125T-26F","Almería","Andalucía","125"
"30042026","0","","RIEJU","RALLY 307","Córdoba","Andalucía","292"
"30042026","0","","MORBIDELLI","F125","Madrid","Comunidad de Madrid","125"
"30042026","0","","HONDA","ADV 350","Gipuzkoa","País Vasco","330"
"30042026","0","","YAMAHA","XMAX 300","Pontevedra","Galicia","292"
"30042026","0","","ZONTES","368G","Málaga","Andalucía","368"
"30042026","0","","PIAGGIO","BEVERLY 400 HPE","Murcia","Región de Murcia","399"
"30042026","0","","KTM","KTM 450 EXC-F","Bizkaia","País Vasco","450"
"30042026","0","","KAWASAKI","Z900","Murcia","Región de Murcia","948"
"30042026","0","","KYMCO","AGILITY S","Cádiz","Andalucía","125"
"30042026","0","","YAMAHA","XTZ 700 Tenere","Bizkaia","País Vasco","689"
"30042026","0","","QJMOTOR","ATR 125 E5+","Sevilla","Andalucía","125"
"30042026","0","","SYM","JOYMAX Z 300 E5+","Murcia","Región de Murcia","278"
"30042026","0","","HONDA","PCX 125","Sevilla","Andalucía","125"
"30042026","0","","KAWASAKI","KLE500","Córdoba","Andalucía","451"
"30042026","0","","YAMAHA","XTZ 700 Tenere","Girona","Cataluña","689"
"30042026","0","","KAWASAKI","NINJA ZX-6R","Madrid","Comunidad de Madrid","636"
"30042026","0","","KTM","KTM 125 DUKE","Cádiz","Andalucía","125"
"30042026","0","","BMW","R 1300 GS","Murcia","Región de Murcia","1300"
"30042026","0","","HONDA","PCX 125","Valencia/València","Comunidad Valenciana","125"
"30042026","0","","KTM","KTM 125 DUKE","Murcia","Región de Murcia","125"
"30042026","0","","HONDA","FORZA125","Almería","Andalucía","125"
"30042026","0","","HONDA","FORZA 750","Alicante/Alacant","Comunidad Valenciana","745"
"30042026","0","","APRILIA","SR GT 125","Madrid","Comunidad de Madrid","125"
"30042026","0","","PIAGGIO","LIBERTY 125 ABS","Illes Balears","Illes Balears","124"
"30042026","0","","BMW","C 400 GT","Madrid","Comunidad de Madrid","350"
"30042026","0","","HONDA","CBF 125","Granada","Andalucía","125"
"30042026","0","","SYM","SYMPHONY 125","Barcelona","Cataluña","125"
"30042026","0","","KYMCO","DTX","Almería","Andalucía","124"
"30042026","0","","CYCLONE","RX1","Castellón/Castelló","Comunidad Valenciana","124"
"30042026","0","","HONDA","NT1100","Madrid","Comunidad de Madrid","1084"
"30042026","0","","CYCLONE","CARRERA 125","Navarra","Comunidad Foral de Navarra","125"
"30042026","0","","YAMAHA","XMAX 300","Murcia","Región de Murcia","292"
"30042026","0","","KAWASAKI","NINJA ZX-10R","Sevilla","Andalucía","998"
"30042026","0","","QJMOTOR","FORT 125 N E5+","Alicante/Alacant","Comunidad Valenciana","125"
"30042026","0","","RIEJU","RALLY 307","Barcelona","Cataluña","292"
"30042026","0","","PIAGGIO","LIBERTY 125 ABS","Illes Balears","Illes Balears","124"
"30042026","0","","SYM","SYMPHONY 125","Gipuzkoa","País Vasco","125"
"30042026","0","","YAMAHA","RayZR 125","Cádiz","Andalucía","125"
"30042026","0","","BAJAJ","PULSAR NS 400 Z","Tarragona","Cataluña","373"
"30042026","0","","BETA","N/A","Murcia","Región de Murcia","293"
"30042026","0","","ZONTES","ZT125-U","Castellón/Castelló","Comunidad Valenciana","125"
"30042026","0","","HONDA","NT1100","Madrid","Comunidad de Madrid","1084"
"30042026","0","","BMW","F 900 GS","Illes Balears","Illes Balears","895"
"30042026","0","","YAMAHA","TRICITY 125","Málaga","Andalucía","125"
"30042026","0","","KYMCO","DTX","Sevilla","Andalucía","124"
"30042026","0","","BMW","R 1300 GS","Málaga","Andalucía","1300"
"30042026","0","","YAMAHA","TRICITY 125","Madrid","Comunidad de Madrid","125"
"30042026","0","","SUZUKI","DR-Z400","Illes Balears","Illes Balears","398"
"30042026","0","","SUZUKI","GSX-8S","Illes Balears","Illes Balears","776"
"30042026","0","","VOGE","DS525X","Madrid","Comunidad de Madrid","494"
"30042026","0","","SYM","JET X","Valencia/València","Comunidad Valenciana","125"
"30042026","0","","KAWASAKI","NINJA ZX-10R","Salamanca","Castilla y León","998"
"30042026","0","","YAMAHA","MT-07","Madrid","Comunidad de Madrid","689"
"30042026","0","","TRIUMPH","TIGER SPORT","Santa Cruz de Tenerife","Canarias","660"
"30042026","0","","YAMAHA","RayZR 125","Barcelona","Cataluña","125"
"30042026","0","","VOGE","R125","Málaga","Andalucía","125"
"30042026","0","","KYMCO","DTX","Valencia/València","Comunidad Valenciana","124"
"30042026","0","","CYCLONE","RT1","Zaragoza","Aragón","125"
"30042026","0","","SYM","ADX 300 TCS","Girona","Cataluña","278"
"30042026","0","","PIAGGIO","VESPA PRIMAVERA 125","Barcelona","Cataluña","124"
"30042026","0","","YAMAHA","WR125","Alicante/Alacant","Comunidad Valenciana","125"
"30042026","0","","SYM","SYMPHONY 125","Girona","Cataluña","125"
"30042026","0","","APRILIA","SR GT 125","Sevilla","Andalucía","125"
"30042026","0","","ZONTES","368G","Madrid","Comunidad de Madrid","368"
"30042026","0","","PIAGGIO","LIBERTY 125 ABS","Illes Balears","Illes Balears","124"
"30042026","0","","HONDA","GB350S","Barcelona","Cataluña","348"
"30042026","0","","VOGE","625R","Zamora","Castilla y León","581"
"30042026","0","","CYCLONE","LS-Z","Toledo","Castilla-La Mancha","124"
"30042026","0","","QJMOTOR","SRV 12 E5+","Tarragona","Cataluña","125"
"30042026","0","","RIEJU","NKD 125","Barcelona","Cataluña","124"
"30042026","0","","APRILIA","SR GT 125","Alicante/Alacant","Comunidad Valenciana","125"
"30042026","0","","YAMAHA","XMAX 125","Madrid","Comunidad de Madrid","125"
"30042026","0","","VOGE","DS800X RALLY","Álava/Araba","País Vasco","798"
"30042026","0","","HONDA","VISION 110","Barcelona","Cataluña","109"
"30042026","0","","KEEWAY","RKS 125","Madrid","Comunidad de Madrid","124"
"30042026","0","","YAMAHA","NMAX 125","Málaga","Andalucía","125"
"30042026","0","","VOGE","DS800X RALLY","Murcia","Región de Murcia","798"
"30042026","0","","KYMCO","AGILITY S","Zaragoza","Aragón","125"
"30042026","0","","BMW","R 1300 GS ADVENTURE","Valencia/València","Comunidad Valenciana","1300"
"30042026","0","","HONDA","NT1100","Alicante/Alacant","Comunidad Valenciana","1084"
"30042026","0","","VOGE","R125","Illes Balears","Illes Balears","125"
"30042026","0","","QJMOTOR","SRK 125 R E5+","Tarragona","Cataluña","125"
"30042026","0","","MORBIDELLI","SC125 RE","Madrid","Comunidad de Madrid","125"
"30042026","0","","MORBIDELLI","SC125LX","Murcia","Región de Murcia","125"
"30042026","0","","BMW","F 900 R","Castellón/Castelló","Comunidad Valenciana","895"
"30042026","0","","HONDA","C125A","Albacete","Castilla-La Mancha","124"
"30042026","0","","BMW","S 1000 RR","Alicante/Alacant","Comunidad Valenciana","999"
"30042026","0","","BMW","R 1300 RT","Almería","Andalucía","1300"
"30042026","0","","CFMOTO","450MT","Illes Balears","Illes Balears","449"
"30042026","0","","ZONTES","125E","Salamanca","Castilla y León","125"
"30042026","0","","HONDA","PCX 125","Huelva","Andalucía","125"
"30042026","0","","BMW","C 400 GT","Madrid","Comunidad de Madrid","350"
"30042026","0","","YAMAHA","NMAX 125","Cádiz","Andalucía","125"
"30042026","0","","ZONTES","125D","Asturias","Principado de Asturias","125"
"30042026","0","","KAWASAKI","Z900","Gipuzkoa","País Vasco","948"
"30042026","0","","KAWASAKI","Z650","Illes Balears","Illes Balears","649"
"30042026","0","","YAMAHA","XTZ 700 Tenere","Barcelona","Cataluña","689"
"30042026","0","","LETBE","FLYGON","Asturias","Principado de Asturias","219"
"30042026","0","","YAMAHA","TMAX 560","Málaga","Andalucía","562"
"30042026","0","","SYM","SYMPHONY 125","Rioja (La)","La Rioja","125"
"30042026","0","","HONDA","CBF 125","Santa Cruz de Tenerife","Canarias","125"
"30042026","0","","BMW","R 1300 GS ADVENTURE","Sevilla","Andalucía","1300"
"30042026","0","","RIEJU","RALLY 307","Madrid","Comunidad de Madrid","292"
"30042026","0","","RIEJU","NKD 125","Murcia","Región de Murcia","124"
"30042026","0","","CFMOTO","700MT","Burgos","Castilla y León","693"
"30042026","0","","PIAGGIO","VESPA GTS","Asturias","Principado de Asturias","310"
"30042026","0","","HONDA","CB750 Hornet","Palmas (Las)","Canarias","755"
"30042026","0","","INDIAN","SCOUT SIXTY BOBBER","Cáceres","Extremadura","1000"
"30042026","0","","VOGE","DS800X RALLY","Granada","Andalucía","798"
"30042026","0","","RIEJU","RALLY 307","Girona","Cataluña","292"
"30042026","0","","CYCLONE","CARRERA 125","Girona","Cataluña","125"
"30042026","0","","PEUGEOT","KISBEE M","Illes Balears","Illes Balears","125"
"30042026","0","","BMW","S 1000 XR","Salamanca","Castilla y León","999"
"30042026","0","","PEUGEOT","PULSION EVO","Alicante/Alacant","Comunidad Valenciana","125"
"30042026","0","","KAWASAKI","Z900","Burgos","Castilla y León","948"
"30042026","0","","VOGE","DS800X RALLY","Málaga","Andalucía","798"
"30042026","0","","YAMAHA","RayZR 125","Barcelona","Cataluña","125"
"30042026","0","","VOGE","DS525X","Granada","Andalucía","494"
"30042026","0","","YAMAHA","TRICITY 125","Sevilla","Andalucía","125"
"30042026","0","","HONDA","NC 750 X","Sevilla","Andalucía","745"
"30042026","0","","VOGE","DS800X RALLY","León","Castilla y León","798"
"30042026","0","","PIAGGIO","LIBERTY 125 ABS","Illes Balears","Illes Balears","124"
"30042026","0","","HONDA","ADV 350","Málaga","Andalucía","330"
"30042026","0","","YAMAHA","MT-07","Pontevedra","Galicia","689"
"30042026","0","","YAMAHA","YZF-R9","Asturias","Principado de Asturias","890"
"30042026","0","","KTM","KTM 125 SMC R","Valencia/València","Comunidad Valenciana","125"
"30042026","0","","TRIUMPH","SPEED 400","Valencia/València","Comunidad Valenciana","398"
"30042026","0","","YAMAHA","XMAX 125","Barcelona","Cataluña","125"
"30042026","0","","APRILIA","SR GT 400","Madrid","Comunidad de Madrid","399"
"30042026","0","","KYMCO","SKYTOWN 125","Valencia/València","Comunidad Valenciana","125"
"30042026","0","","TRIUMPH","SCRAMBLER 1200 XE","Madrid","Comunidad de Madrid","1200"
"30042026","0","","HONDA","ADV 350","Madrid","Comunidad de Madrid","330"
"30042026","0","","HONDA","ADV 750","Barcelona","Cataluña","745"
"30042026","0","","HONDA","NT1100","Tarragona","Cataluña","1084"
"30042026","0","","SYM","JET 14","Barcelona","Cataluña","125"
