FEC_MATRICULA,COD_CLASE_MAT,FEC_TRAMITACION,MARCA_ITV,MODELO_ITV,PROVINCIA_VEH,COMUNIDAD_AUTONOMA,CILINDRADA_ITV
"29092026","0","","ZONTES","368D","Madrid","Comunidad de Madrid","368"
"29092026","0","","MITT","TY125T-26G","Málaga","Andalucía","125"
"29092026","0","","VOGE","DS800X RALLY","Granada","Andalucía","798"
"29092026","0","","HONDA","Rebel 500","Santa Cruz de Tenerife","Canarias","471"
"29092026","0","","HONDA","SH350i","Barcelona","Cataluña","330"
"29092026","0","","KAWASAKI","Z900","Alicante/Alacant","Comunidad Valenciana","948"
"29092026","0","","KAWASAKI","ELIMINATOR","Barcelona","Cataluña","451"
"29092026","0","","KYMCO","AGILITY NX 125","Málaga","Andalucía","125"
"29092026","0","","VOGE","SR450X","Albacete","Castilla-La Mancha","398"
"29092026","0","","ZONTES","368G","Barcelona","Cataluña","368"
"29092026","0","","ZONTES","125V","Valencia/València","Comunidad Valenciana","125"
"29092026","0","","VOGE","DS800X RALLY","Jaén","Andalucía","798"
"29092026","0","","PIAGGIO","LIBERTY 125 ABS","Barcelona","Cataluña","124"
"29092026","0","","ZONTES","368G","Madrid","Comunidad de Madrid","368"
"29092026","0","","ZONTES","125X","Barcelona","Cataluña","125"
"29092026","0","","SYM","SYMPHONY 125","Girona","Cataluña","125"
"29092026","0","","YAMAHA","NMAX 125","Málaga","Andalucía","125"
"29092026","0","","KYMCO","SUPER DINK GT","Málaga","Andalucía","321"
"29092026","0","","SYM","JET 14","Sevilla","Andalucía","125"
"29092026","0","","KOVE","KOVE 800 X PRO 2026","Navarra","Comunidad Foral de Navarra","799"
"29092026","0","","YAMAHA","NMAX 125","Sevilla","Andalucía","125"
"29092026","0","","CFMOTO","675NK","Zaragoza","Aragón","674"
"29092026","0","","HONDA","NX500","Barcelona","Cataluña","471"
"29092026","0","","VOGE","SR450X","Madrid","Comunidad de Madrid","398"
"29092026","0","","HONDA","FORZA125","Madrid","Comunidad de Madrid","125"
"29092026","0","","VOGE","625DSX","Córdoba","Andalucía","581"
"29092026","0","","GASGAS","EC 300","Burgos","Castilla y León","293"
"29092026","0","","ZONTES","368M","Madrid","Comunidad de Madrid","368"
"29092026","0","","HONDA","SH350i","Barcelona","Cataluña","330"
"29092026","0","","HONDA","ADV 750","Barcelona","Cataluña","745"
"29092026","0","","HONDA","SH125i","Barcelona","Cataluña","125"
"29092026","0","","MITT","ALTO 125","Málaga","Andalucía","125"
"29092026","0","","VOGE","DS900X","Sevilla","Andalucía","895"
"29092026","0","","HONDA","FORZA 750","Santa Cruz de Tenerife","Canarias","745"
"29092026","0","","HONDA","SH350i","Palmas (Las)","Canarias","330"
"29092026","0","","QJMOTOR","MTX 125","Alicante/Alacant","Comunidad Valenciana","125"
"29092026","0","","YAMAHA","MT-09","Tarragona","Cataluña","890"
"29092026","0","","HONDA","ADV 750","Ceuta","Ceuta","745"
"29092026","0","","VOGE","R125","Alicante/Alacant","Comunidad Valenciana","125"
"29092026","0","","KYMCO","PEOPLE S 125 E5+","Illes Balears","Illes Balears","125"
"29092026","0","","SHERCO","N.A","Badajoz","Extremadura","125"
"29092026","0","","HONDA","ADV 350","Madrid","Comunidad de Madrid","330"
"29092026","0","","HONDA","VISION 110","Alicante/Alacant","Comunidad Valenciana","109"
"29092026","0","","HONDA","PCX 125","Cádiz","Andalucía","125"
"29092026","0","","ZONTES","125X","Madrid","Comunidad de Madrid","125"
"29092026","0","","YAMAHA","WR125","Málaga","Andalucía","125"
"29092026","0","","ZONTES","125V","Castellón/Castelló","Comunidad Valenciana","125"
"29092026","0","","ZONTES","125V","Madrid","Comunidad de Madrid","125"
"29092026","0","","HONDA","CBR 650 R","Cádiz","Andalucía","649"
"29092026","0","","HONDA","PCX 125","Palmas (Las)","Canarias","125"
"29092026","0","","YAMAHA","MT-09","Castellón/Castelló","Comunidad Valenciana","890"
"29092026","0","","HONDA","PCX 125","Illes Balears","Illes Balears","125"
"29092026","0","","HONDA","CB1000GT","Badajoz","Extremadura","1000"
"29092026","0","","SYM","SYMPHONY 125","Ourense","Galicia","125"
"29092026","0","","MH MOTORCYCLES","VRT","Granada","Andalucía","124"
"29092026","0","","ZONTES","125E","Valencia/València","Comunidad Valenciana","125"
"29092026","0","","NEXT","NX2 125I","Rioja (La)","La Rioja","125"
"29092026","0","","ROYAL ENFIELD","GUERRILLA 450","Madrid","Comunidad de Madrid","452"
"29092026","0","","PEUGEOT","TWEET FL 125 CC","Toledo","Castilla-La Mancha","125"
"29092026","0","","YIBEN","YB125T-8B","Murcia","Región de Murcia","124"
"29092026","0","","HONDA","FORZA 750","Cantabria","Cantabria","745"
"29092026","0","","SYM","SYMPHONY 125","Barcelona","Cataluña","125"
"29092026","0","","ZONTES","125X","Barcelona","Cataluña","125"
"29092026","0","","HONDA","PCX 125","Barcelona","Cataluña","125"
"29092026","0","","SYM","SYMPHONY 125","Tarragona","Cataluña","125"
"29092026","0","","QJMOTOR","ATR 125 E5+","Palmas (Las)","Canarias","125"
"29092026","0","","BMW","F 800 GS","Cádiz","Andalucía","895"
"29092026","0","","MH MOTORCYCLES","VRT","Málaga","Andalucía","124"
"29092026","0","","YAMAHA","MT-07","Granada","Andalucía","689"
"29092026","0","","APRILIA","SR GT 400","Zaragoza","Aragón","399"
"29092026","0","","HONDA","NC 750 X","Palmas (Las)","Canarias","745"
"29092026","0","","PIAGGIO","VESPA GTS 125","Alicante/Alacant","Comunidad Valenciana","125"
"29092026","0","","ZONTES","125X","Murcia","Región de Murcia","125"
"29092026","0","","KTM","KTM 790 ADVENTURE","Alicante/Alacant","Comunidad Valenciana","799"
"29092026","0","","BMW","M 1000 R","Zaragoza","Aragón","999"
"29092026","0","","MOTO GUZZI","STELVIO","Sevilla","Andalucía","1042"
"29092026","0","","ZONTES","368G","Pontevedra","Galicia","368"
"29092026","0","","VOGE","SR450X","Bizkaia","País Vasco","398"
"29092026","0","","HONDA","PCX 125","Santa Cruz de Tenerife","Canarias","125"
"29092026","0","","ZONTES","125V","Valencia/València","Comunidad Valenciana","125"
"29092026","0","","QJMOTOR","SRT 600 SX E5+","Palmas (Las)","Canarias","554"
"29092026","0","","HUSQVARNA","HUSQVARNA VITPILEN 125","Madrid","Comunidad de Madrid","125"
"29092026","0","","MACBOR","MONTANA XR1 125 EVO","Cantabria","Cantabria","124"
"29092026","0","","YAMAHA","NMAX 125","Guadalajara","Castilla-La Mancha","125"
"29092026","0","","PEUGEOT","KISBEE M","Málaga","Andalucía","125"
"29092026","0","","ZONTES","125C","Albacete","Castilla-La Mancha","125"
"29092026","0","","KYMCO","AGILITY NX 125","Madrid","Comunidad de Madrid","125"
"29092026","0","","ZONTES","125X","Madrid","Comunidad de Madrid","125"
"29092026","0","","YAMAHA","TRACER 700","Barcelona","Cataluña","689"
"29092026","0","","SYM","JET 14","Valencia/València","Comunidad Valenciana","125"
"29092026","0","","KOVE","KOVE 800 X PRO 2026","Barcelona","Cataluña","799"
"29092026","0","","VOGE","DS525X","Valencia/València","Comunidad Valenciana","494"
"29092026","0","","KEEWAY","VIESTE 125LX","Sevilla","Andalucía","125"
"29092026","0","","HONDA","PCX 125","Madrid","Comunidad de Madrid","125"
"29092026","0","","APRILIA","RS 457","Girona","Cataluña","457"
"29092026","0","","ZONTES","368K","Barcelona","Cataluña","368"
"29092026","0","","HONDA","ADV 350","Huelva","Andalucía","330"
"29092026","0","","BMW","M 1000 R","Girona","Cataluña","999"
"29092026","0","","KOVE","KOVE 800 X GT","Madrid","Comunidad de Madrid","799"
"29092026","0","","CFMOTO","DUAL250","Madrid","Comunidad de Madrid","249"
"29092026","0","","HONDA","VISION 110","Barcelona","Cataluña","109"
"29092026","0","","KYMCO","DTX 350","Barcelona","Cataluña","321"
"29092026","0","","HONDA","XL750 Transalp","Pontevedra","Galicia","755"
"29092026","0","","YAMAHA","RayZR 125","Bizkaia","País Vasco","125"
"29092026","0","","HONDA","PCX 125","Murcia","Región de Murcia","125"
"29092026","0","","HUSQVARNA","HUSQVARNA 701 ENDURO","Girona","Cataluña","693"
"29092026","0","","HONDA","SH Mode 125","Málaga","Andalucía","125"
"29092026","0","","KYMCO","SUPER DINK GT 125 E5+","Madrid","Comunidad de Madrid","124"
"29092026","0","","BMW","F 800 GS","Coruña (A)","Galicia","895"
"29092026","0","","KAWASAKI","Z900RS","Barcelona","Cataluña","948"
"29092026","0","","MOTO GUZZI","V85 TT","Sevilla","Andalucía","853"
"29092026","0","","APRILIA","SX 125","Tarragona","Cataluña","124"
"29092026","0","","MITT","125GP","Valencia/València","Comunidad Valenciana","124"
"29092026","0","","HONDA","NT1100","Madrid","Comunidad de Madrid","1084"
"29092026","0","","SYM","JET 14","Valencia/València","Comunidad Valenciana","125"
"29092026","0","","HONDA","CBR 650 R","Sevilla","Andalucía","649"
"29092026","0","","HONDA","ADV 350","Alicante/Alacant","Comunidad Valenciana","330"
"29092026","0","","YAMAHA","XMAX 125","Málaga","Andalucía","125"
"29092026","0","","HONDA","ADV 350","Barcelona","Cataluña","330"
"29092026","0","","ZONTES","125X","Córdoba","Andalucía","125"
"29092026","0","","BMW","F 900 XR","Zaragoza","Aragón","895"
"29092026","0","","ZONTES","125X","Albacete","Castilla-La Mancha","125"
"29092026","0","","BAJAJ","PULSAR NS 125","Barcelona","Cataluña","124"
"29092026","0","","BMW","R 1300 GS","Ciudad Real","Castilla-La Mancha","1300"
"29092026","0","","BMW","S 1000 RR","Granada","Andalucía","999"
"29092026","0","","ZONTES","368G","Barcelona","Cataluña","368"
"29092026","0","","HONDA","PCX 125","Santa Cruz de Tenerife","Canarias","125"
"29092026","0","","HONDA","PCX 125","Tarragona","Cataluña","125"
"29092026","0","","ZONTES","ZT125-G1","Santa Cruz de Tenerife","Canarias","125"
"29092026","0","","ZONTES","368G","Santa Cruz de Tenerife","Canarias","368"
"29092026","0","","YAMAHA","XTZ 700 Tenere","Valencia/València","Comunidad Valenciana","689"
"29092026","0","","SYM","FUGUE 125 ABS TOP CASE","Valencia/València","Comunidad Valenciana","124"
"29092026","0","","HONDA","PCX 125","Santa Cruz de Tenerife","Canarias","125"
"29092026","0","","HONDA","SH Mode 125","Barcelona","Cataluña","125"
"29092026","0","","ZONTES","125V","Jaén","Andalucía","125"
"29092026","0","","BMW","R 1300 RT","Madrid","Comunidad de Madrid","1300"
"29092026","0","","SYM","BWT 125","Illes Balears","Illes Balears","124"
"29092026","0","","MITT","TY125T-26G","Málaga","Andalucía","125"
"29092026","0","","SYM","SYMPHONY 125","Teruel","Aragón","125"
"29092026","0","","MACBOR","ROCKSTER 410 E5+","Barcelona","Cataluña","401"
"29092026","0","","KTM","KTM 390 ENDURO R","Rioja (La)","La Rioja","399"
"29092026","0","","YAMAHA","TRACER 700","Asturias","Principado de Asturias","689"
"29092026","0","","HONDA","SH125i","Valencia/València","Comunidad Valenciana","125"
"29092026","0","","YAMAHA","NMAX 125","Toledo","Castilla-La Mancha","125"
"29092026","0","","BMW","F 800 GS","Granada","Andalucía","895"
"29092026","0","","HONDA","NC 750 X","Palmas (Las)","Canarias","745"
"29092026","0","","QJMOTOR","SRT 900 S","Barcelona","Cataluña","904"
"29092026","0","","ROYAL ENFIELD","HIMALAYAN 452","Barcelona","Cataluña","452"
"29092026","0","","VOGE","DS800X RALLY","Rioja (La)","La Rioja","798"
"29092026","0","","KYMCO","AGILITY NX 125","Barcelona","Cataluña","125"
"29092026","0","","HONDA","PCX 125","Málaga","Andalucía","125"
"29092026","0","","YAMAHA","MT-09","Madrid","Comunidad de Madrid","890"
"29092026","0","","LETBE","VELOCITY","Gipuzkoa","País Vasco","125"
"29092026","0","","HONDA","CBR500","Girona","Cataluña","471"
"29092026","0","","HONDA","VISION 110","Zaragoza","Aragón","109"
"29092026","0","","HONDA","FORZA125","Gipuzkoa","País Vasco","125"
"29092026","0","","ZONTES","125C","Málaga","Andalucía","125"
"29092026","0","","CFMOTO","125 NK","Sevilla","Andalucía","124"
"29092026","0","","HUSQVARNA","HUSQVARNA FE 350","Madrid","Comunidad de Madrid","350"
"29092026","0","","MOTO MORINI","X-CAPE 700","Murcia","Región de Murcia","693"
"29092026","0","","HONDA","ADV 350","Illes Balears","Illes Balears","330"
"29092026","0","","HONDA","PCX 125","Madrid","Comunidad de Madrid","125"
"29092026","0","","SYM","ADX 125 LC TCS E5+","Cádiz","Andalucía","125"
"29092026","0","","BMW","S 1000 RR","Madrid","Comunidad de Madrid","999"
"29092026","0","","BMW","F 450 GS","Barcelona","Cataluña","420"
"29092026","0","","HONDA","FORZA 350","Valencia/València","Comunidad Valenciana","330"
"29092026","0","","YAMAHA","NMAX 125","Granada","Andalucía","125"
"29092026","0","","HONDA","NC 750 X","Santa Cruz de Tenerife","Canarias","745"
"29092026","0","","VOGE","625DSX","Asturias","Principado de Asturias","581"
"29092026","0","","PIAGGIO","LIBERTY 125 ABS","Cádiz","Andalucía","124"
"29092026","0","","HONDA","CB750 Hornet","Sevilla","Andalucía","755"
"29092026","0","","BMW","F 450 GS","Madrid","Comunidad de Madrid","420"
"29092026","0","","HONDA","FORZA125","Illes Balears","Illes Balears","125"
"29092026","0","","YAMAHA","TMAX 560","Pontevedra","Galicia","562"
"29092026","0","","HONDA","SH350i","Barcelona","Cataluña","330"
"29092026","0","","KTM","KTM 390 ADVENTURE R","Madrid","Comunidad de Madrid","399"
"29092026","0","","HONDA","VISION 110","Murcia","Región de Murcia","109"
"29092026","0","","SYM","CRUISYM 125 TCS E5+","Barcelona","Cataluña","124"
"29092026","0","","MITT","TY125T-26G","Málaga","Andalucía","125"
"29092026","0","","ZONTES","125E","Gipuzkoa","País Vasco","125"
"29092026","0","","SYM","SYMPHONY 125","Barcelona","Cataluña","125"
"29092026","0","","SYM","SYMPHONY 125","Barcelona","Cataluña","125"
"29092026","0","","SUZUKI","GSX-S 1000","Barcelona","Cataluña","999"
"29092026","0","","MACBOR","EIGHT MILE 125 LC","Castellón/Castelló","Comunidad Valenciana","124"
"29092026","0","","HERO MOTOCORP","HUNK 440","Valencia/València","Comunidad Valenciana","440"
"29092026","0","","YAMAHA","NMAX 125","Barcelona","Cataluña","125"
"29092026","0","","HONDA","Z125MA","Madrid","Comunidad de Madrid","124"
"29092026","0","","HONDA","SH125i","Barcelona","Cataluña","125"
"29092026","0","","PIAGGIO","MEDLEY 125","Barcelona","Cataluña","125"
"29092026","0","","VOGE","SR450X","Jaén","Andalucía","398"
"29092026","0","","HONDA","PCX 125","Granada","Andalucía","125"
"29092026","0","","ZONTES","125V","Alicante/Alacant","Comunidad Valenciana","125"
"29092026","0","","ZONTES","125V","Pontevedra","Galicia","125"
"29092026","0","","HONDA","PCX 125","Valencia/València","Comunidad Valenciana","125"
"29092026","0","","YAMAHA","XMAX 300","Tarragona","Cataluña","292"
"29092026","0","","ZONTES","125V","Alicante/Alacant","Comunidad Valenciana","125"
"29092026","0","","VOGE","DS900X","Alicante/Alacant","Comunidad Valenciana","895"
"29092026","0","","DUCATI","MULTISTRADA V4","Granada","Andalucía","1158"
"29092026","0","","ZONTES","125V","Madrid","Comunidad de Madrid","125"
"29092026","0","","YAMAHA","MT-07","Zaragoza","Aragón","689"
"29092026","0","","QJMOTOR","ATR 125 E5+","Alicante/Alacant","Comunidad Valenciana","125"
"29092026","0","","KAWASAKI","Z125","Madrid","Comunidad de Madrid","125"
"29092026","0","","HONDA","ADV 750","Santa Cruz de Tenerife","Canarias","745"
"29092026","0","","HONDA","PCX 125","Castellón/Castelló","Comunidad Valenciana","125"
"29092026","0","","HONDA","PCX 125","Barcelona","Cataluña","125"
"29092026","0","","ZONTES","125X","Madrid","Comunidad de Madrid","125"
"29092026","0","","KAWASAKI","Z900","Valencia/València","Comunidad Valenciana","948"
"29092026","0","","HONDA","ADV 350","Granada","Andalucía","330"
"29092026","0","","HONDA","ADV 350","Burgos","Castilla y León","330"
"29092026","0","","HONDA","SH Mode 125","Barcelona","Cataluña","125"
"29092026","0","","VOGE","DS800X RALLY","Cantabria","Cantabria","798"
"29092026","0","","KAWASAKI","NINJA 1100SX","Salamanca","Castilla y León","1099"
"29092026","0","","HONDA","PCX 125","Santa Cruz de Tenerife","Canarias","125"
"29092026","0","","HONDA","ADV 750","Cádiz","Andalucía","745"
"29092026","0","","MORBIDELLI","SC 125","Tarragona","Cataluña","125"
"29092026","0","","ZONTES","368G","Cádiz","Andalucía","368"
"29092026","0","","HONDA","PCX 125","Cádiz","Andalucía","125"
"29092026","0","","BAJAJ","PULSAR NS 200","Málaga","Andalucía","200"
"29092026","0","","HONDA","ADV 350","Girona","Cataluña","330"
"29092026","0","","HONDA","PCX 125","Zaragoza","Aragón","125"
"29092026","0","","YAMAHA","RayZR 125","Pontevedra","Galicia","125"
"29092026","0","","HARLEY-DAVIDSON","NIGHTSTER","Málaga","Andalucía","975"
"29092026","0","","BMW","R 18 TRANSCONTINENTAL","Pontevedra","Galicia","1802"
"29092026","0","","VOGE","DS800X RALLY","Alicante/Alacant","Comunidad Valenciana","798"
"29092026","0","","RIEJU","NKD 125","Alicante/Alacant","Comunidad Valenciana","124"
"29092026","0","","HONDA","CB1000GT","Madrid","Comunidad de Madrid","1000"
"29092026","0","","HONDA","PCX 125","Barcelona","Cataluña","125"
"29092026","0","","BMW","F 800 GS","Albacete","Castilla-La Mancha","895"
"29092026","0","","ZONTES","125V","Madrid","Comunidad de Madrid","125"
"29092026","0","","YAMAHA","NMAX 125","Palmas (Las)","Canarias","125"
"29092026","0","","ZONTES","125V","Murcia","Región de Murcia","125"
"29092026","0","","KEEWAY","GEMMA","Cádiz","Andalucía","117"
"29092026","0","","YAMAHA","XMAX 300","Pontevedra","Galicia","292"
"29092026","0","","HONDA","VISION 110","Illes Balears","Illes Balears","109"
"29092026","0","","HONDA","VISION 110","Barcelona","Cataluña","109"
"29092026","0","","SYM","JET 14","Barcelona","Cataluña","125"
"29092026","0","","SUZUKI","ADDRESS 125","Burgos","Castilla y León","124"
"29092026","0","","ZONTES","125V","Valencia/València","Comunidad Valenciana","125"
"29092026","0","","HONDA","NX500","Tarragona","Cataluña","471"
"29092026","0","","KAWASAKI","NINJA ZX-6R","Málaga","Andalucía","636"
"29092026","0","","RIEJU","XPLORA 707 S","Málaga","Andalucía","698"
"29092026","0","","KYMCO","SKYTOWN 125","Granada","Andalucía","125"
"29092026","0","","BMW","F 450 GS","Gipuzkoa","País Vasco","420"
"29092026","0","","HONDA","FORZA 350","Granada","Andalucía","330"
"29092026","0","","YAMAHA","NMAX 125","Cádiz","Andalucía","125"
"29092026","0","","KEEWAY","AVENTERRA 125","Tarragona","Cataluña","125"
"29092026","0","","MH MOTORCYCLES","DUXTER","Sevilla","Andalucía","438"
"29092026","0","","YAMAHA","XTZ 700 Tenere","Illes Balears","Illes Balears","689"
"29092026","0","","ZONTES","125V","Madrid","Comunidad de Madrid","125"
"29092026","0","","KYMCO","SKYTOWN 125","Cantabria","Cantabria","125"
"29092026","0","","ZONTES","125X","Barcelona","Cataluña","125"
"29092026","0","","ZONTES","368D","Santa Cruz de Tenerife","Canarias","368"
"29092026","0","","YAMAHA","TRACER 700","Almería","Andalucía","689"
"29092026","0","","VOGE","DS800X RALLY","Málaga","Andalucía","798"
"29092026","0","","HONDA","ADV 350","Barcelona","Cataluña","330"
"29092026","0","","HONDA","NT1100","Málaga","Andalucía","1084"
"29092026","0","","HONDA","NX500","Barcelona","Cataluña","471"
"29092026","0","","ZONTES","125X","Salamanca","Castilla y León","125"
"29092026","0","","CFMOTO","450MT","Girona","Cataluña","449"
"29092026","0","","HONDA","SH125i","Valencia/València","Comunidad Valenciana","125"
"29092026","0","","QJMOTOR","ATR 125 E5+","Barcelona","Cataluña","125"
"29092026","0","","ZONTES","368D","Barcelona","Cataluña","368"
"29092026","0","","ZONTES","703F","Salamanca","Castilla y León","699"
"29092026","0","","MITT","TY125T-26F","Illes Balears","Illes Balears","125"
"29092026","0","","HONDA","PCX 125","Cádiz","Andalucía","125"
"29092026","0","","VOGE","SR450X","Barcelona","Cataluña","398"
"29092026","0","","HONDA","PCX 125","Valencia/València","Comunidad Valenciana","125"
"29092026","0","","YAMAHA","XMAX 300","Granada","Andalucía","292"
"29092026","0","","ROYAL ENFIELD","INTERCEPTOR 650","Girona","Cataluña","648"
"29092026","0","","YAMAHA","XTZ 700 Tenere","Lleida","Cataluña","689"
"29092026","0","","HONDA","ADV 350","Barcelona","Cataluña","330"
"29092026","0","","HONDA","PCX 125","Santa Cruz de Tenerife","Canarias","125"
"29092026","0","","QJMOTOR","SQ 16 E5+","Palmas (Las)","Canarias","125"
"29092026","0","","VOGE","DS900X","Barcelona","Cataluña","895"
"29092026","0","","SUZUKI","V-Strom 800","Bizkaia","País Vasco","776"
"29092026","0","","YAMAHA","TMAX 560","Madrid","Comunidad de Madrid","562"
"29092026","0","","HONDA","SH Mode 125","Cádiz","Andalucía","125"
"29092026","0","","BMW","F 800 GS","Bizkaia","País Vasco","895"
"29092026","0","","KTM","KTM 300 EXC","Granada","Andalucía","293"
"29092026","0","","KAWASAKI","Z1100","Málaga","Andalucía","1099"
"29092026","0","","HONDA","CB650RA","Murcia","Región de Murcia","649"
"29092026","0","","VOGE","SR450X","Navarra","Comunidad Foral de Navarra","398"
"29092026","0","","VOGE","625DSX","Illes Balears","Illes Balears","581"
"29092026","0","","ZONTES","368G","Barcelona","Cataluña","368"
"29092026","0","","RIEJU","NKD 125","Madrid","Comunidad de Madrid","124"
"29092026","0","","ZONTES","368E","Coruña (A)","Galicia","368"
"29092026","0","","KOVE","KOVE 800 X RALLY","Alicante/Alacant","Comunidad Valenciana","799"
"29092026","0","","QJMOTOR","ATR 125 E5+","Cantabria","Cantabria","125"
"29092026","0","","VOGE","DS900X","Asturias","Principado de Asturias","895"
"29092026","0","","ZONTES","368G","Rioja (La)","La Rioja","368"
"29092026","0","","YAMAHA","NMAX 125","Palmas (Las)","Canarias","125"
"29092026","0","","BMW","F 900 XR","Valencia/València","Comunidad Valenciana","895"
"29092026","0","","HONDA","PCX 125","Valencia/València","Comunidad Valenciana","125"
"29092026","0","","ZONTES","ZT125-U1","Alicante/Alacant","Comunidad Valenciana","125"
"29092026","0","","KYMCO","AGILITY S","Alicante/Alacant","Comunidad Valenciana","125"
"29092026","0","","KOVE","KOVE 800 X GT","Palmas (Las)","Canarias","799"
"29092026","0","","YAMAHA","WR125","Toledo","Castilla-La Mancha","125"
"29092026","0","","HONDA","FORZA 750","Alicante/Alacant","Comunidad Valenciana","745"
"29092026","0","","HONDA","NX500","Santa Cruz de Tenerife","Canarias","471"
"29092026","0","","BMW","F 800 GS","Madrid","Comunidad de Madrid","895"
"29092026","0","","VOGE","SR450X","Barcelona","Cataluña","398"
"29092026","0","","APRILIA","SR GT 400","Madrid","Comunidad de Madrid","399"
"29092026","0","","KYMCO","SKYTOWN 125","Cantabria","Cantabria","125"
"29092026","0","","BMW","R 1300 GS ADVENTURE","Navarra","Comunidad Foral de Navarra","1300"
"29092026","0","","ZONTES","125X","Cádiz","Andalucía","125"
"29092026","0","","ZONTES","125V","Madrid","Comunidad de Madrid","125"
"29092026","0","","BMW","F 800 GS","Barcelona","Cataluña","895"
"29092026","0","","BMW","F 450 GS","Málaga","Andalucía","420"
"29092026","0","","HONDA","VISION 110","Gipuzkoa","País Vasco","109"
"29092026","0","","ZONTES","125V","Murcia","Región de Murcia","125"
"29092026","0","","YAMAHA","XMAX 300","Granada","Andalucía","292"
"29092026","0","","KYMCO","AGILITY NX 125","Coruña (A)","Galicia","125"
"29092026","0","","HONDA","PCX 125","Zaragoza","Aragón","125"
"29092026","0","","VOGE","DS900X","Girona","Cataluña","895"
"29092026","0","","YIBEN","YB125T-8B","Murcia","Región de Murcia","124"
"29092026","0","","KAWASAKI","Z900","Barcelona","Cataluña","948"
"29092026","0","","HONDA","ADV 750","Palmas (Las)","Canarias","745"
"29092026","0","","VOGE","SR450X","Jaén","Andalucía","398"
"29092026","0","","HONDA","PCX 125","Barcelona","Cataluña","125"
"29092026","0","","KYMCO","AK 550","Madrid","Comunidad de Madrid","550"
"29092026","0","","ZONTES","125X","Murcia","Región de Murcia","125"
"29092026","0","","KYMCO","AGILITY NX 125","Zaragoza","Aragón","125"
"29092026","0","","HONDA","ADV 350","Barcelona","Cataluña","330"
"29092026","0","","YAMAHA","NMAX 125","Valencia/València","Comunidad Valenciana","125"
"29092026","0","","QJMOTOR","SRT 900 S","Murcia","Región de Murcia","904"
"29092026","0","","ZONTES","368G","Coruña (A)","Galicia","368"
"29092026","0","","ZONTES","125V","Navarra","Comunidad Foral de Navarra","125"
"29092026","0","","BMW","F 800 GS","Cádiz","Andalucía","895"
"29092026","0","","BAJAJ","PULSAR NS 200","Castellón/Castelló","Comunidad Valenciana","200"
"29092026","0","","SYM","ADX 125 LC TCS E5+","Barcelona","Cataluña","125"
"29092026","0","","SYM","JOYMAX Z 300 E5+","Barcelona","Cataluña","278"
"29092026","0","","HONDA","SH350i","Málaga","Andalucía","330"
"29092026","0","","KTM","KTM 300 EXC","León","Castilla y León","293"
"29092026","0","","YAMAHA","NMAX 125","Málaga","Andalucía","125"
"29092026","0","","MOTO GUZZI","V85 TT","Almería","Andalucía","853"
"29092026","0","","APRILIA","SR GT 125","Granada","Andalucía","125"
"29092026","0","","BENDA","NAPOLEON 125","Huesca","Aragón","125"
"29092026","0","","ZONTES","125C","Málaga","Andalucía","125"
"29092026","0","","YAMAHA","NMAX 125","Cádiz","Andalucía","125"
"29092026","0","","VOGE","R125","Málaga","Andalucía","125"
"29092026","0","","HONDA","XL750 Transalp","Madrid","Comunidad de Madrid","755"
"29092026","0","","KAWASAKI","KLE500","Huesca","Aragón","451"
"29092026","0","","VOGE","625DSX","Barcelona","Cataluña","581"
"29092026","0","","KOVE","KOVE 800 X PRO 2026","Barcelona","Cataluña","799"
"29092026","0","","KYMCO","SKYTOWN 125","Zaragoza","Aragón","125"
"29092026","0","","HONDA","ADV 350","Zaragoza","Aragón","330"
"29092026","0","","ZONTES","125X","Madrid","Comunidad de Madrid","125"
"29092026","0","","BMW","F 450 GS","Jaén","Andalucía","420"
"29092026","0","","HONDA","PCX 125","Jaén","Andalucía","125"
"29092026","0","","HONDA","PCX 125","Cádiz","Andalucía","125"
"29092026","0","","YAMAHA","MT-07","Madrid","Comunidad de Madrid","689"
"29092026","0","","ZONTES","125X","Alicante/Alacant","Comunidad Valenciana","125"
"29092026","0","","BMW","S 1000 RR","Madrid","Comunidad de Madrid","999"
"29092026","0","","YAMAHA","XMAX 125","Málaga","Andalucía","125"
"29092026","0","","YAMAHA","MT-07","Valencia/València","Comunidad Valenciana","689"
"29092026","0","","BMW","F 450 GS","León","Castilla y León","420"
"29092026","0","","VOGE","DS800X RALLY","Jaén","Andalucía","798"
"29092026","0","","ZONTES","125C","Madrid","Comunidad de Madrid","125"
"29092026","0","","ZONTES","125V","Murcia","Región de Murcia","125"
"29092026","0","","HONDA","CB 125 F","Madrid","Comunidad de Madrid","124"
"29092026","0","","ZONTES","368G","Madrid","Comunidad de Madrid","368"
"29092026","0","","PIAGGIO","LIBERTY 125 ABS","Barcelona","Cataluña","124"
"29092026","0","","VOGE","DS800X RALLY","Valencia/València","Comunidad Valenciana","798"
"29092026","0","","VOGE","SR450X","Madrid","Comunidad de Madrid","398"
"29092026","0","","KYMCO","AGILITY NX 125","Badajoz","Extremadura","125"
"29092026","0","","MACBOR","MONTANA XR5 510 E5+","Barcelona","Cataluña","498"
"29092026","0","","MITT","TY125T-26G","Madrid","Comunidad de Madrid","125"
"29092026","0","","KYMCO","AGILITY S","Álava/Araba","País Vasco","125"
"29092026","0","","HONDA","FORZA125","Madrid","Comunidad de Madrid","125"
"29092026","0","","HONDA","FORZA125","Málaga","Andalucía","125"
"29092026","0","","ZONTES","125V","Barcelona","Cataluña","125"
"29092026","0","","HONDA","PCX 125","Madrid","Comunidad de Madrid","125"
"29092026","0","","ZONTES","125X","Barcelona","Cataluña","125"
"29092026","0","","YAMAHA","XTZ 700 Tenere","Valencia/València","Comunidad Valenciana","689"
"29092026","0","","HONDA","PCX 125","Barcelona","Cataluña","125"
"29092026","0","","YAMAHA","NMAX 125","Barcelona","Cataluña","125"
"29092026","0","","YAMAHA","NMAX 125","Alicante/Alacant","Comunidad Valenciana","125"
"29092026","0","","QJMOTOR","ATR 125 E5+","Madrid","Comunidad de Madrid","125"
"29092026","0","","PIAGGIO","BEVERLY 400 HPE","Málaga","Andalucía","399"
"29092026","0","","HONDA","PCX 125","Castellón/Castelló","Comunidad Valenciana","125"
"29092026","0","","YAMAHA","TRACER 700","Granada","Andalucía","689"
"29092026","0","","CFMOTO","675SR-R","Barcelona","Cataluña","674"
"29092026","0","","SYM","SYMPHONY 125","Navarra","Comunidad Foral de Navarra","125"
"29092026","0","","KYMCO","AGILITY S","Jaén","Andalucía","125"
"29092026","0","","KYMCO","AGILITY S","Madrid","Comunidad de Madrid","125"
"29092026","0","","HONDA","PCX 125","Alicante/Alacant","Comunidad Valenciana","125"
"29092026","0","","VOGE","300RALLY","Barcelona","Cataluña","292"
"29092026","0","","HONDA","ADV 350","Valencia/València","Comunidad Valenciana","330"
"29092026","0","","SUZUKI","GSX-R125","Ourense","Galicia","124"
"29092026","0","","ZONTES","368E","Barcelona","Cataluña","368"
"29092026","0","","VOGE","625DSX","Palmas (Las)","Canarias","581"
"29092026","0","","KAWASAKI","Z650","Valencia/València","Comunidad Valenciana","649"
"29092026","0","","ZONTES","125V","Barcelona","Cataluña","125"
"29092026","0","","ZONTES","125E","Málaga","Andalucía","125"
"29092026","0","","KYMCO","SUPER DINK GT 125 E5+","Valencia/València","Comunidad Valenciana","124"
"29092026","0","","HONDA","ADV 750","Santa Cruz de Tenerife","Canarias","745"
"29092026","0","","KOVE","KOVE 800 X GT","Madrid","Comunidad de Madrid","799"
"29092026","0","","YAMAHA","XMAX 125","Valencia/València","Comunidad Valenciana","125"
"29092026","0","","ZONTES","125X","Madrid","Comunidad de Madrid","125"
"29092026","0","","VOGE","DS900X","Ourense","Galicia","895"
"29092026","0","","PIAGGIO","LIBERTY 125 ABS","Madrid","Comunidad de Madrid","124"
"29092026","0","","KAWASAKI","Z650","Barcelona","Cataluña","649"
"29092026","0","","HONDA","ADV 350","Gipuzkoa","País Vasco","330"
"29092026","0","","SYM","MAXSYM TL 508 E5+","Barcelona","Cataluña","508"
"29092026","0","","SYM","SYMPHONY 125","Barcelona","Cataluña","125"
"29092026","0","","HONDA","CL500","Navarra","Comunidad Foral de Navarra","471"
"29092026","0","","KYMCO","SKYTOWN 125","Sevilla","Andalucía","125"
"29092026","0","","APRILIA","RS 125","Illes Balears","Illes Balears","124"
"29092026","0","","TRIUMPH","TIGER 900 DESERT EDITI","Girona","Cataluña","888"
"29092026","0","","HONDA","SH125i","Illes Balears","Illes Balears","125"
"29092026","0","","YAMAHA","MT-125","Santa Cruz de Tenerife","Canarias","125"
"29092026","0","","ZONTES","703F","Barcelona","Cataluña","699"
"29092026","0","","KEEWAY","XDV 125 EVO PRO","Málaga","Andalucía","125"
"29092026","0","","HONDA","ADV 350","Barcelona","Cataluña","330"
"29092026","0","","HONDA","MSX125A","Málaga","Andalucía","124"
"29092026","0","","HONDA","PCX 125","Málaga","Andalucía","125"
"29092026","0","","HONDA","VISION 110","Badajoz","Extremadura","109"
"29092026","0","","VOGE","SR450X","Barcelona","Cataluña","398"
"29092026","0","","PIAGGIO","MEDLEY 125","Granada","Andalucía","125"
"29092026","0","","VOGE","DS525X","Valencia/València","Comunidad Valenciana","494"
"29092026","0","","KEEWAY","AVENTERRA 125","Huelva","Andalucía","125"
"29092026","0","","HONDA","PCX 125","Valencia/València","Comunidad Valenciana","125"
"29092026","0","","BMW","R 12 NINET","Sevilla","Andalucía","1170"
"29092026","0","","QJMOTOR","SRT 300 DX","Barcelona","Cataluña","292"
"29092026","0","","BMW","F 900 GS","Málaga","Andalucía","895"
"29092026","0","","KYMCO","SUPER DINK GT 125 E5+","Barcelona","Cataluña","124"
"29092026","0","","KYMCO","SUPER DINK GT 125 E5+","Granada","Andalucía","124"
"29092026","0","","ZONTES","125V","Navarra","Comunidad Foral de Navarra","125"
"29092026","0","","ZONTES","125X","Madrid","Comunidad de Madrid","125"
"29092026","0","","SUZUKI","BURGMAN 400","Barcelona","Cataluña","400"
"29092026","0","","BMW","F 900 GS","Murcia","Región de Murcia","895"
"29092026","0","","KYMCO","AGILITY NX 125","León","Castilla y León","125"
"29092026","0","","PIAGGIO","MEDLEY 125","Málaga","Andalucía","125"
"29092026","0","","YAMAHA","RayZR 125","Castellón/Castelló","Comunidad Valenciana","125"
"29092026","0","","CFMOTO","675SR-R","Barcelona","Cataluña","674"
"29092026","0","","TRIUMPH","SCRAMBLER 900","Pontevedra","Galicia","900"
"29092026","0","","KEEWAY","VIESTE 125LX","Sevilla","Andalucía","125"
"29092026","0","","VOGE","DS800X RALLY","Sevilla","Andalucía","798"
"29092026","0","","ZONTES","125X","Madrid","Comunidad de Madrid","125"
"29092026","0","","HONDA","PCX 125","Córdoba","Andalucía","125"
"29092026","0","","BMW","F 800 GS","Madrid","Comunidad de Madrid","895"
"29092026","0","","ZONTES","125X","Madrid","Comunidad de Madrid","125"
"29092026","0","","HONDA","PCX 125","Sevilla","Andalucía","125"
"29092026","0","","VOGE","625DSX","Valencia/València","Comunidad Valenciana","581"
"29092026","0","","BMW","R 1300 GS ADVENTURE","Barcelona","Cataluña","1300"
"29092026","0","","KEEWAY","M502N","Barcelona","Cataluña","486"
"29092026","0","","KAWASAKI","Z1100","Salamanca","Castilla y León","1099"
"29092026","0","","ZONTES","125V","Córdoba","Andalucía","125"
"29092026","0","","ZONTES","125V","Barcelona","Cataluña","125"
"29092026","0","","HONDA","SH125i","Alicante/Alacant","Comunidad Valenciana","125"
"29092026","0","","KOVE","KOVE 625 X","Navarra","Comunidad Foral de Navarra","581"
"29092026","0","","YAMAHA","XSR-900","Granada","Andalucía","890"
"29092026","0","","KEEWAY","AVENTERRA 125","Tarragona","Cataluña","125"
"29092026","0","","BMW","F 900 GS","Málaga","Andalucía","895"
"29092026","0","","KYMCO","AGILITY NX 125","Huesca","Aragón","125"
"29092026","0","","ZONTES","ZT125-U","Valencia/València","Comunidad Valenciana","125"
"29092026","0","","KEEWAY","ICON 125 S","Tarragona","Cataluña","124"
"29092026","0","","SYM","JET X","Madrid","Comunidad de Madrid","125"
"29092026","0","","ZONTES","368G","Madrid","Comunidad de Madrid","368"
"29092026","0","","CFMOTO","125 NK","Zaragoza","Aragón","124"
"29092026","0","","HONDA","VISION 110","Madrid","Comunidad de Madrid","109"
"29092026","0","","ZONTES","368M","Cantabria","Cantabria","368"
"29092026","0","","YAMAHA","NMAX 125","Coruña (A)","Galicia","125"
"29092026","0","","BMW","F 800 GS","Murcia","Región de Murcia","895"
"29092026","0","","HONDA","ADV 350","Málaga","Andalucía","330"
"29092026","0","","SYM","SYMPHONY 125","Girona","Cataluña","125"
"29092026","0","","SYM","SYMPHONY 125","Barcelona","Cataluña","125"
"29092026","0","","ZONTES","125C","Madrid","Comunidad de Madrid","125"
"29092026","0","","HONDA","GB350S","Barcelona","Cataluña","348"
"29092026","0","","HONDA","FORZA125","Cádiz","Andalucía","125"
"29092026","0","","YAMAHA","MT-07","Córdoba","Andalucía","689"
"29092026","0","","YAMAHA","NMAX 125","Alicante/Alacant","Comunidad Valenciana","125"
"29092026","0","","ZONTES","ZT125-G1","Granada","Andalucía","125"
"29092026","0","","KTM","KTM 390 SMC R","Santa Cruz de Tenerife","Canarias","399"
"29092026","0","","YAMAHA","MT-07","Málaga","Andalucía","689"
"29092026","0","","KAWASAKI","KLE500","Zaragoza","Aragón","451"
"29092026","0","","HARLEY-DAVIDSON","STREET GLIDE LIMITED","Málaga","Andalucía","1923"
"29092026","0","","BMW","F 900 GS","Santa Cruz de Tenerife","Canarias","895"
"29092026","0","","ZONTES","368D","Alicante/Alacant","Comunidad Valenciana","368"
"29092026","0","","ZONTES","368G","Castellón/Castelló","Comunidad Valenciana","368"
"29092026","0","","VOGE","SR450X","Madrid","Comunidad de Madrid","398"
"29092026","0","","YAMAHA","TMAX 560","Granada","Andalucía","562"
"29092026","0","","YAMAHA","R125","Málaga","Andalucía","125"
"29092026","0","","HONDA","NC 750 X","Illes Balears","Illes Balears","745"
"29092026","0","","PIAGGIO","VESPA GTS 125","Barcelona","Cataluña","125"
"29092026","0","","QJMOTOR","SQ 16 E5+","Barcelona","Cataluña","125"
"29092026","0","","VOGE","DS800X RALLY","Illes Balears","Illes Balears","798"
"29092026","0","","HONDA","PCX 125","Castellón/Castelló","Comunidad Valenciana","125"
"29092026","0","","BAJAJ","DOMINAR D 400","Valencia/València","Comunidad Valenciana","373"
"29092026","0","","ZONTES","125C","Castellón/Castelló","Comunidad Valenciana","125"
"29092026","0","","HONDA","NT1100","Barcelona","Cataluña","1084"
"29092026","0","","ZONTES","125X","Barcelona","Cataluña","125"
"29092026","0","","BENELLI","BKX 125","Cádiz","Andalucía","125"
"29092026","0","","SUZUKI","V-Strom 800","Rioja (La)","La Rioja","776"
"29092026","0","","HONDA","FORZA 750","Madrid","Comunidad de Madrid","745"
"29092026","0","","SUZUKI","V-Strom 800","Girona","Cataluña","776"
"29092026","0","","HONDA","SH350i","Girona","Cataluña","330"
"29092026","0","","MORBIDELLI","SC 125","Tarragona","Cataluña","125"
"29092026","0","","BMW","R 1300 RT","Barcelona","Cataluña","1300"
"29092026","0","","HONDA","XL750 Transalp","Valencia/València","Comunidad Valenciana","755"
"29092026","0","","HONDA","ADV 350","Málaga","Andalucía","330"
"29092026","0","","MITT","TY125T-26G","Madrid","Comunidad de Madrid","125"
"29092026","0","","YAMAHA","NMAX 125","Sevilla","Andalucía","125"
"29092026","0","","MH MOTORCYCLES","XRT","Illes Balears","Illes Balears","125"
"29092026","0","","HONDA","GB350S","Barcelona","Cataluña","348"
"29092026","0","","ZONTES","125X","Málaga","Andalucía","125"
"29092026","0","","KAWASAKI","NINJA 7 HYBRID","Gipuzkoa","País Vasco","451"
"29092026","0","","APRILIA","SR GT 400","Madrid","Comunidad de Madrid","399"
"29092026","0","","QJMOTOR","SRT 900 S","Barcelona","Cataluña","904"
"29092026","0","","ZONTES","ZT125-U1","Cantabria","Cantabria","125"
"29092026","0","","VOGE","DS800X RALLY","Cantabria","Cantabria","798"
"29092026","0","","CYCLONE","RX600","Madrid","Comunidad de Madrid","550"
"29092026","0","","VOGE","R125","Rioja (La)","La Rioja","125"
"29092026","0","","HONDA","PCX 125","Jaén","Andalucía","125"
"29092026","0","","BENDA","DARKFLAG 500","Valencia/València","Comunidad Valenciana","496"
"29092026","0","","ZONTES","125V","Jaén","Andalucía","125"
"29092026","0","","BMW","C 400 GT","Barcelona","Cataluña","350"
"29092026","0","","ZONTES","368K","Madrid","Comunidad de Madrid","368"
"29092026","0","","BAJAJ","PULSAR N 125","Barcelona","Cataluña","125"
"29092026","0","","MOTO MORINI","X-CAPE 700","Ourense","Galicia","693"
"29092026","0","","ZONTES","125E","Barcelona","Cataluña","125"
"29092026","0","","HONDA","PCX 125","Sevilla","Andalucía","125"
"29092026","0","","LAMBRETTA","V125 SPECIAL FLEX","Alicante/Alacant","Comunidad Valenciana","125"
"29092026","0","","KOVE","KOVE 800 X PRO 2026","Barcelona","Cataluña","799"
"29092026","0","","YAMAHA","RayZR 125","Cádiz","Andalucía","125"
"29092026","0","","ZONTES","368G","Illes Balears","Illes Balears","368"
"29092026","0","","MOTO MORINI","SEIEMMEZZO","Almería","Andalucía","649"
"29092026","0","","ZONTES","125V","Illes Balears","Illes Balears","125"
"29092026","0","","HONDA","SH350i","Girona","Cataluña","330"
"29092026","0","","HONDA","FORZA125","Cádiz","Andalucía","125"
"29092026","0","","YAMAHA","RayZR 125","Málaga","Andalucía","125"
"29092026","0","","YAMAHA","TMAX 560","Illes Balears","Illes Balears","562"
"29092026","0","","HONDA","ADV 350","Cantabria","Cantabria","330"
"29092026","0","","ZONTES","125X","Valencia/València","Comunidad Valenciana","125"
"29092026","0","","ZONTES","125V","Barcelona","Cataluña","125"
"29092026","0","","KAWASAKI","NINJA ZX-4R","Madrid","Comunidad de Madrid","399"
"29092026","0","","ZONTES","125E","Huelva","Andalucía","125"
"29092026","0","","SYM","SYMPHONY 125","Illes Balears","Illes Balears","125"
"29092026","0","","ZONTES","125V","Palmas (Las)","Canarias","125"
"29092026","0","","HONDA","XL750 Transalp","Cádiz","Andalucía","755"
"29092026","0","","KYMCO","AGILITY S","Madrid","Comunidad de Madrid","125"
"29092026","0","","HARLEY-DAVIDSON","LOW RIDER S","Málaga","Andalucía","1923"
"29092026","0","","MH MOTORCYCLES","VRS","Cádiz","Andalucía","124"
"29092026","0","","KOVE","KOVE 800 X GT","Rioja (La)","La Rioja","799"
"29092026","0","","VOGE","DS900X","Toledo","Castilla-La Mancha","895"
"29092026","0","","KYMCO","DTX 350","Cáceres","Extremadura","321"
"29092026","0","","SUZUKI","V-Strom 800","Murcia","Región de Murcia","776"
"29092026","0","","YAMAHA","XTZ 700 Tenere","Málaga","Andalucía","689"
"29092026","0","","YAMAHA","XTZ 700 Tenere","Palmas (Las)","Canarias","689"
"29092026","0","","HONDA","SH Mode 125","Barcelona","Cataluña","125"
"29092026","0","","YAMAHA","XMAX 300","Illes Balears","Illes Balears","292"
"29092026","0","","SYM","SYMPHONY 125","Valencia/València","Comunidad Valenciana","125"
"29092026","0","","VOGE","DS800X RALLY","Melilla","Melilla","798"
"29092026","0","","BMW","R 1300 GS","Barcelona","Cataluña","1300"
"29092026","0","","YAMAHA","NMAX 125","Madrid","Comunidad de Madrid","125"
"29092026","0","","KTM","KTM 125 SMC R","Burgos","Castilla y León","125"
"29092026","0","","BMW","F 900 XR A2","Barcelona","Cataluña","895"
"29092026","0","","HONDA","ADV 350","Barcelona","Cataluña","330"
"29092026","0","","KEEWAY","VIESTE 125","Málaga","Andalucía","125"
"29092026","0","","YAMAHA","NMAX 125","Valladolid","Castilla y León","125"
"29092026","0","","HONDA","VISION 110","Málaga","Andalucía","109"
"29092026","0","","YAMAHA","NMAX 125","Barcelona","Cataluña","125"
"29092026","0","","ZONTES","125X","Madrid","Comunidad de Madrid","125"
"29092026","0","","HUSQVARNA","HUSQVARNA TE 300","Málaga","Andalucía","293"
"29092026","0","","HONDA","CRF 300 L","Barcelona","Cataluña","286"
"29092026","0","","MOTO GUZZI","STELVIO (A.R.A.S.)","Sevilla","Andalucía","1042"
"29092026","0","","BMW","F 900 R","Barcelona","Cataluña","895"
"29092026","0","","VOGE","DS800X RALLY","Córdoba","Andalucía","798"
"29092026","0","","RIEJU","COASTER 407","Barcelona","Cataluña","385"
"29092026","0","","KYMCO","SKYTOWN 125","Illes Balears","Illes Balears","125"
"29092026","0","","SYM","SYMPHONY 125","Palmas (Las)","Canarias","125"
"29092026","0","","BMW","F 900 GS ADVENTURE","Sevilla","Andalucía","895"
"29092026","0","","KYMCO","DTX 350","Alicante/Alacant","Comunidad Valenciana","321"
"29092026","0","","KOVE","KOVE 800 X PRO 2026","Madrid","Comunidad de Madrid","799"
"29092026","0","","ZONTES","125X","Granada","Andalucía","125"
"29092026","0","","YAMAHA","NMAX 125","Cádiz","Andalucía","125"
"29092026","0","","BMW","F 800 GS","Córdoba","Andalucía","895"
"29092026","0","","DUCATI","DIAVEL V4","Alicante/Alacant","Comunidad Valenciana","1158"
"29092026","0","","PIAGGIO","MEDLEY 125","Granada","Andalucía","125"
"29092026","0","","ZONTES","368E","Burgos","Castilla y León","368"
"29092026","0","","HONDA","CB1000GT","Barcelona","Cataluña","1000"
"29092026","0","","ZONTES","125C","Tarragona","Cataluña","125"
"29092026","0","","YAMAHA","RayZR 125","Madrid","Comunidad de Madrid","125"
"29092026","0","","VOGE","DS900X","Pontevedra","Galicia","895"
"29092026","0","","KTM","KTM 300 EXC","Zamora","Castilla y León","293"
"29092026","0","","ZONTES","125V","Murcia","Región de Murcia","125"
"29092026","0","","ZONTES","125X","Málaga","Andalucía","125"
"29092026","0","","YAMAHA","RayZR 125","Salamanca","Castilla y León","125"
"29092026","0","","KTM","KTM 300 EXC","Zamora","Castilla y León","293"
"29092026","0","","YAMAHA","MT-07","Cádiz","Andalucía","689"
"29092026","0","","HONDA","CB 125 F","Alicante/Alacant","Comunidad Valenciana","124"
"29092026","0","","KYMCO","AGILITY NX 125","Cádiz","Andalucía","125"
"29092026","0","","BMW","S 1000 R","Alicante/Alacant","Comunidad Valenciana","999"
"29092026","0","","ZONTES","125V","Castellón/Castelló","Comunidad Valenciana","125"
"29092026","0","","HONDA","PCX 125","Cádiz","Andalucía","125"
"29092026","0","","YAMAHA","NMAX 125","Barcelona","Cataluña","125"
"29092026","0","","KYMCO","SUPER DINK GT 125 E5+","Barcelona","Cataluña","124"
"29092026","0","","MORBIDELLI","C1002V","Barcelona","Cataluña","997"
"29092026","0","","HONDA","PCX 125","Granada","Andalucía","125"
"29092026","0","","ZONTES","125X","Murcia","Región de Murcia","125"
"29092026","0","","PIAGGIO","VESPA PRIMAVERA TECH 1","Murcia","Región de Murcia","124"
"29092026","0","","HONDA","SH125i","Málaga","Andalucía","125"
"29092026","0","","HONDA","Rebel 500","León","Castilla y León","471"
"29092026","0","","YAMAHA","NMAX 125","Coruña (A)","Galicia","125"
"29092026","0","","BMW","F 450 GS","Barcelona","Cataluña","420"
"29092026","0","","ZONTES","125X","Madrid","Comunidad de Madrid","125"
"29092026","0","","BMW","F 900 XR","Málaga","Andalucía","895"
"29092026","0","","HONDA","ADV 350","Barcelona","Cataluña","330"
"29092026","0","","HONDA","Z125MA","Cádiz","Andalucía","124"
"29092026","0","","ZONTES","368G","Madrid","Comunidad de Madrid","368"
"29092026","0","","HONDA","PCX 125","Cádiz","Andalucía","125"
"29092026","0","","BMW","F 900 GS","Girona","Cataluña","895"
"29092026","0","","BMW","R 1300 GS","Valencia/València","Comunidad Valenciana","1300"
"29092026","0","","YAMAHA","XTZ 700 Tenere","Málaga","Andalucía","689"
"29092026","0","","HONDA","PCX 125","Santa Cruz de Tenerife","Canarias","125"
"29092026","0","","BAJAJ","PULSAR N 125","Madrid","Comunidad de Madrid","125"
"29092026","0","","HONDA","PCX 125","Granada","Andalucía","125"
"29092026","0","","BMW","R 1300 RS","Girona","Cataluña","1300"
"29092026","0","","KEEWAY","XDV 125 EVO PRO","Huelva","Andalucía","125"
"29092026","0","","ZONTES","ZT125-U","Málaga","Andalucía","125"
"29092026","0","","APRILIA","SR GT 125","Valencia/València","Comunidad Valenciana","125"
"29092026","0","","HONDA","PCX 125","Córdoba","Andalucía","125"
"29092026","0","","HONDA","ADV 350","Barcelona","Cataluña","330"
"29092026","0","","HERO MOTOCORP","HUNK 440","Sevilla","Andalucía","440"
"29092026","0","","QJMOTOR","SQ 16 E5+","Barcelona","Cataluña","125"
"29092026","0","","VOGE","SR3","Barcelona","Cataluña","244"
"29092026","0","","BMW","F 450 GS","Álava/Araba","País Vasco","420"
"29092026","0","","YAMAHA","XMAX 125","Barcelona","Cataluña","125"
"29092026","0","","ZONTES","125V","Madrid","Comunidad de Madrid","125"
"29092026","0","","KYMCO","AGILITY NX 125","Cantabria","Cantabria","125"
"29092026","0","","YAMAHA","NMAX 125","Málaga","Andalucía","125"
"29092026","0","","YAMAHA","XMAX 125","Jaén","Andalucía","125"
"29092026","0","","SUZUKI","DR-Z400","Bizkaia","País Vasco","398"
"29092026","0","","KYMCO","AGILITY NX 125","Illes Balears","Illes Balears","125"
"29092026","0","","BENDA","CHINCHILLA 500","Barcelona","Cataluña","476"
"29092026","0","","ROYAL ENFIELD","INTERCEPTOR BEAR 650","Barcelona","Cataluña","648"
"29092026","0","","VOGE","625DSX","Asturias","Principado de Asturias","581"
"29092026","0","","MOTO GUZZI","V85 STRADA","Sevilla","Andalucía","853"
"29092026","0","","ZONTES","125V","Sevilla","Andalucía","125"
"29092026","0","","KYMCO","AGILITY NX 125","Huelva","Andalucía","125"
"29092026","0","","HONDA","SH125i","Barcelona","Cataluña","125"
"29092026","0","","BMW","S 1000 XR","Valencia/València","Comunidad Valenciana","999"
"29092026","0","","ZONTES","368G","Santa Cruz de Tenerife","Canarias","368"
"29092026","0","","MACBOR","ROCKSTER 125 EVO E5+","Valencia/València","Comunidad Valenciana","125"
"29092026","0","","BMW","F 800 GS","Almería","Andalucía","895"
"29092026","0","","SYM","SYMPHONY 125","Barcelona","Cataluña","125"
"29092026","0","","RIEJU","NKD 125","Sevilla","Andalucía","124"
"29092026","0","","BMW","R 1300 GS","Bizkaia","País Vasco","1300"
"29092026","0","","PEUGEOT","PULSION","Barcelona","Cataluña","125"
"29092026","0","","YAMAHA","NMAX 125","Barcelona","Cataluña","125"
"29092026","0","","MITT","TY125T-26G","Málaga","Andalucía","125"
"29092026","0","","HONDA","FORZA125","Alicante/Alacant","Comunidad Valenciana","125"
"29092026","0","","SYM","SYMPHONY 125","Barcelona","Cataluña","125"
"29092026","0","","HONDA","FORZA125","Barcelona","Cataluña","125"
"29092026","0","","KTM","KTM 790 DUKE","Girona","Cataluña","799"
"29092026","0","","VOGE","DS800X RALLY","Málaga","Andalucía","798"
"29092026","0","","KOVE","KOVE 800 X PRO 2026","Toledo","Castilla-La Mancha","799"
"29092026","0","","SYM","JET 14","Sevilla","Andalucía","125"
"29092026","0","","SYM","SYMPHONY 125","Alicante/Alacant","Comunidad Valenciana","125"
"29092026","0","","BENDA","V302C","Murcia","Región de Murcia","298"
"29092026","0","","HONDA","CB650RA","Sevilla","Andalucía","649"
"29092026","0","","BMW","F 800 GS","Barcelona","Cataluña","895"
"29092026","0","","HONDA","ADV 750","Palmas (Las)","Canarias","745"
"29092026","0","","HONDA","SH125i","Barcelona","Cataluña","125"
"29092026","0","","ZONTES","368G","Barcelona","Cataluña","368"
"29092026","0","","SYM","SYMPHONY 125","Gipuzkoa","País Vasco","125"
"29092026","0","","HONDA","ADV 750","Málaga","Andalucía","745"
"29092026","0","","HONDA","GB350S","Alicante/Alacant","Comunidad Valenciana","348"
"29092026","0","","YAMAHA","MT-03","Toledo","Castilla-La Mancha","321"
"29092026","0","","BMW","F 450 GS","Badajoz","Extremadura","420"
"29092026","0","","HERO MOTOCORP","X PULSE 200 4V","Granada","Andalucía","200"
"29092026","0","","SYM","SYMPHONY 125","Málaga","Andalucía","125"
"29092026","0","","HONDA","NX500","Valencia/València","Comunidad Valenciana","471"
"29092026","0","","YAMAHA","R125","Tarragona","Cataluña","125"
"29092026","0","","HUSQVARNA","HUSQVARNA SVARTPILEN12","Madrid","Comunidad de Madrid","125"
"29092026","0","","KTM","KTM 990 RC R","Cantabria","Cantabria","947"
"29092026","0","","YAMAHA","NMAX 125","Cádiz","Andalucía","125"
"29092026","0","","QJMOTOR","ATR 125 E5+","Madrid","Comunidad de Madrid","125"
"29092026","0","","KEEWAY","RKF 125 ABS","Tarragona","Cataluña","125"
"29092026","0","","VOGE","DS800X RALLY","Málaga","Andalucía","798"
"29092026","0","","BAJAJ","PULSAR NS 125","Málaga","Andalucía","124"
"29092026","0","","ZONTES","368K","Madrid","Comunidad de Madrid","368"
"29092026","0","","ZONTES","703F","Murcia","Región de Murcia","699"
"29092026","0","","ZONTES","368G","Sevilla","Andalucía","368"
"29092026","0","","HERO MOTOCORP","X PULSE 200 4V","Alicante/Alacant","Comunidad Valenciana","200"
"29092026","0","","YAMAHA","NMAX 125","Málaga","Andalucía","125"
"29092026","0","","ZAIRON","ZS1","Granada","Andalucía","125"
"29092026","0","","HONDA","SH125i","Girona","Cataluña","125"
"29092026","0","","HONDA","SH125i","Barcelona","Cataluña","125"
"29092026","0","","BMW","F 450 GS","Barcelona","Cataluña","420"
"29092026","0","","HONDA","VISION 110","Cádiz","Andalucía","109"
"29092026","0","","ZONTES","125X","Granada","Andalucía","125"
"29092026","0","","ZONTES","368G","Navarra","Comunidad Foral de Navarra","368"
"29092026","0","","BMW","F 900 GS ADVENTURE","Alicante/Alacant","Comunidad Valenciana","895"
"29092026","0","","HONDA","SH125i","Barcelona","Cataluña","125"
"29092026","0","","YAMAHA","NMAX 125","Girona","Cataluña","125"
"29092026","0","","ZONTES","125X","Madrid","Comunidad de Madrid","125"
"29092026","0","","YAMAHA","MT-07","Coruña (A)","Galicia","689"
"29092026","0","","QJMOTOR","MTX 125 E5+","Pontevedra","Galicia","125"
"29092026","0","","ZONTES","125V","Almería","Andalucía","125"
"29092026","0","","HONDA","PCX 125","Madrid","Comunidad de Madrid","125"
"29092026","0","","SUZUKI","GSX-S125","Madrid","Comunidad de Madrid","124"
"29092026","0","","VOGE","SR450X","Illes Balears","Illes Balears","398"
"29092026","0","","KYMCO","AGILITY S","Alicante/Alacant","Comunidad Valenciana","125"
"29092026","0","","VOGE","300RALLY","Palmas (Las)","Canarias","292"
"29092026","0","","ZONTES","125V","Asturias","Principado de Asturias","125"
"29092026","0","","ZONTES","368K","Sevilla","Andalucía","368"
"29092026","0","","HONDA","ADV 350","Madrid","Comunidad de Madrid","330"
"29092026","0","","HONDA","ADV 350","Cádiz","Andalucía","330"
"29092026","0","","KYMCO","DTX 350","Alicante/Alacant","Comunidad Valenciana","321"
"29092026","0","","ZONTES","368K","Barcelona","Cataluña","368"
"29092026","0","","HONDA","VISION 110","Málaga","Andalucía","109"
"29092026","0","","VOGE","SR450X","Barcelona","Cataluña","398"
"29092026","0","","BMW","F 900 XR","Segovia","Castilla y León","895"
"29092026","0","","ZONTES","125X","Girona","Cataluña","125"
"29092026","0","","SYM","JET 14","Cádiz","Andalucía","125"
"29092026","0","","ZONTES","125V","Almería","Andalucía","125"
"29092026","0","","SYM","SYMPHONY 125","Cádiz","Andalucía","125"
"29092026","0","","BMW","R 1300 GS ADVENTURE","Barcelona","Cataluña","1300"
"29092026","0","","ZONTES","125V","Madrid","Comunidad de Madrid","125"
"29092026","0","","HONDA","XL750 Transalp","Murcia","Región de Murcia","755"
"29092026","0","","HONDA","MSX125A","Málaga","Andalucía","124"
"29092026","0","","SYM","SYMPHONY 125","Palmas (Las)","Canarias","125"
"29092026","0","","BMW","F 900 GS","Lleida","Cataluña","895"
"29092026","0","","ZONTES","125C","Granada","Andalucía","125"
"29092026","0","","ZONTES","125C","Alicante/Alacant","Comunidad Valenciana","125"
"29092026","0","","HONDA","CBF 125","Coruña (A)","Galicia","125"
"29092026","0","","VOGE","SR450X","Sevilla","Andalucía","398"
"29092026","0","","SYM","SYMPHONY 125","Girona","Cataluña","125"
"29092026","0","","KYMCO","AGILITY S","Alicante/Alacant","Comunidad Valenciana","125"
"29092026","0","","MITT","TY125T-26G","Málaga","Andalucía","125"
"29092026","0","","HONDA","Rebel 500","Bizkaia","País Vasco","471"
"29092026","0","","SYM","SYMPHONY 125","Barcelona","Cataluña","125"
"29092026","0","","VOGE","SR1","Santa Cruz de Tenerife","Canarias","125"
"29092026","0","","YAMAHA","MT-07","Valencia/València","Comunidad Valenciana","689"
"29092026","0","","YAMAHA","RayZR 125","Madrid","Comunidad de Madrid","125"
"29092026","0","","YAMAHA","RayZR 125","Alicante/Alacant","Comunidad Valenciana","125"
"29092026","0","","ROYAL ENFIELD","GUERRILLA 450","Málaga","Andalucía","452"
"29092026","0","","ZONTES","125C","Madrid","Comunidad de Madrid","125"
"29092026","0","","HONDA","ADV 750","Alicante/Alacant","Comunidad Valenciana","745"
"29092026","0","","PIAGGIO","MEDLEY 125","Palmas (Las)","Canarias","125"
"29092026","0","","YAMAHA","NMAX 125","Palmas (Las)","Canarias","125"
"29092026","0","","SUZUKI","GSX-S 1000","Alicante/Alacant","Comunidad Valenciana","999"
"29092026","0","","MACBOR","SHIFTER 125 EVO","Valencia/València","Comunidad Valenciana","125"
"29092026","0","","VOGE","DS900X","Sevilla","Andalucía","895"
"29092026","0","","RIEJU","NKD 125","Huelva","Andalucía","124"
"29092026","0","","ZONTES","125C","Valencia/València","Comunidad Valenciana","125"
"29092026","0","","ZONTES","125X","Coruña (A)","Galicia","125"
"29092026","0","","SYM","SYMPHONY 125","Barcelona","Cataluña","125"
"29092026","0","","MH MOTORCYCLES","TRAY","Alicante/Alacant","Comunidad Valenciana","125"
"29092026","0","","HONDA","PCX 125","Santa Cruz de Tenerife","Canarias","125"
"29092026","0","","BMW","R 1300 GS ADVENTURE","Madrid","Comunidad de Madrid","1300"
"29092026","0","","ZONTES","368D","Salamanca","Castilla y León","368"
"29092026","0","","KOVE","KOVE 800 X PRO 2026","Girona","Cataluña","799"
"29092026","0","","MORBIDELLI","SC125 RE","Alicante/Alacant","Comunidad Valenciana","125"
"29092026","0","","HONDA","PCX 125","Palmas (Las)","Canarias","125"
"29092026","0","","VOGE","DS900X","Málaga","Andalucía","895"
"29092026","0","","VOGE","625DSX","Illes Balears","Illes Balears","581"
"29092026","0","","SHERCO","125 SE-R","Huelva","Andalucía","125"
"29092026","0","","HONDA","NC 750 X","Valencia/València","Comunidad Valenciana","745"
"29092026","0","","HONDA","PCX 125","Barcelona","Cataluña","125"
"29092026","0","","KYMCO","AGILITY NX 125","Tarragona","Cataluña","125"
"29092026","0","","HONDA","NX500","Málaga","Andalucía","471"
"29092026","0","","SUZUKI","SV650GX","Sevilla","Andalucía","645"
"29092026","0","","KYMCO","SKYTOWN 125","Barcelona","Cataluña","125"
"29092026","0","","QJMOTOR","FORT 125 N E5+","Alicante/Alacant","Comunidad Valenciana","125"
"29092026","0","","HONDA","FORZA125","Barcelona","Cataluña","125"
"29092026","0","","ZONTES","ZT125-Z2","Illes Balears","Illes Balears","125"
"29092026","0","","YAMAHA","NMAX 125","Zaragoza","Aragón","125"
"29092026","0","","HONDA","FORZA125","Barcelona","Cataluña","125"
"29092026","0","","HONDA","VISION 110","Illes Balears","Illes Balears","109"
"29092026","0","","HONDA","NX500","Cádiz","Andalucía","471"
"29092026","0","","BMW","F 900 GS ADVENTURE","Madrid","Comunidad de Madrid","895"
"29092026","0","","YAMAHA","RayZR 125","Guadalajara","Castilla-La Mancha","125"
"29092026","0","","ZONTES","125X","Gipuzkoa","País Vasco","125"
"29092026","0","","YAMAHA","NMAX 125","Jaén","Andalucía","125"
"29092026","0","","HONDA","XL750 Transalp","Valencia/València","Comunidad Valenciana","755"
"29092026","0","","LAMBRETTA","V125 SPECIAL FLEX","Huelva","Andalucía","125"
"29092026","0","","BMW","S 1000 RR","Palmas (Las)","Canarias","999"
"29092026","0","","MONKEY BIKES","DAX 125","Madrid","Comunidad de Madrid","124"
"29092026","0","","VOGE","SR450X","Pontevedra","Galicia","398"
"29092026","0","","ZONTES","368G","Málaga","Andalucía","368"
"29092026","0","","KOVE","KOVE 800 X RALLY","Lleida","Cataluña","799"
"29092026","0","","BMW","F 900 R","Sevilla","Andalucía","895"
"29092026","0","","ZONTES","125V","Barcelona","Cataluña","125"
"29092026","0","","MITT","TY125T-26G","Málaga","Andalucía","125"
"29092026","0","","MACBOR","EIGHT MILE 125 LC","Santa Cruz de Tenerife","Canarias","124"
"29092026","0","","QJMOTOR","SRT 125 DX","Santa Cruz de Tenerife","Canarias","125"
"29092026","0","","SYM","CRUISYM 125 TCS E5+","Valencia/València","Comunidad Valenciana","124"
"29092026","0","","NEXT","NX CROSS 125I","Illes Balears","Illes Balears","125"
"29092026","0","","VOGE","DS900X","Cádiz","Andalucía","895"
"29092026","0","","APRILIA","SR GT 400","Palmas (Las)","Canarias","399"
"29092026","0","","BMW","F 450 GS","Ávila","Castilla y León","420"
"29092026","0","","VOGE","SR1","Murcia","Región de Murcia","125"
"29092026","0","","HONDA","SH Mode 125","Barcelona","Cataluña","125"
"29092026","0","","HONDA","VISION 110","Girona","Cataluña","109"
"29092026","0","","HONDA","FORZA 350","Sevilla","Andalucía","330"
"29092026","0","","KAWASAKI","NINJA 650","Valencia/València","Comunidad Valenciana","649"
"29092026","0","","ZONTES","125V","Granada","Andalucía","125"
"29092026","0","","MITT","IBIZA","Santa Cruz de Tenerife","Canarias","125"
"29092026","0","","ZONTES","ZT125-U","Zaragoza","Aragón","125"
"29092026","0","","QJMOTOR","SRT 600 SX E5+","Palmas (Las)","Canarias","554"
"29092026","0","","VOGE","SR1","Alicante/Alacant","Comunidad Valenciana","125"
"29092026","0","","PEUGEOT","KISBEE M","Almería","Andalucía","125"
"29092026","0","","YAMAHA","MT-09","Valencia/València","Comunidad Valenciana","890"
"29092026","0","","BMW","F 800 GS","León","Castilla y León","895"
"29092026","0","","HONDA","CB 500 F","Cáceres","Extremadura","471"
"29092026","0","","HONDA","FORZA 350","Huelva","Andalucía","330"
"29092026","0","","HONDA","ADV 750","Madrid","Comunidad de Madrid","745"
"29092026","0","","HONDA","CB750 Hornet","Bizkaia","País Vasco","755"
"29092026","0","","DUCATI","HYPERMOTARD 698 MONO D","Málaga","Andalucía","659"
"29092026","0","","HONDA","SH125i","Sevilla","Andalucía","125"
"29092026","0","","ZONTES","368G","Cantabria","Cantabria","368"
"29092026","0","","HONDA","FORZA125","Málaga","Andalucía","125"
"29092026","0","","YAMAHA","WR125","Illes Balears","Illes Balears","125"
"29092026","0","","HONDA","PCX 125","Tarragona","Cataluña","125"
"29092026","0","","BMW","F 450 GS","Ourense","Galicia","420"
"29092026","0","","HONDA","PCX 125","Badajoz","Extremadura","125"
"29092026","0","","HONDA","CBR600R3","Valencia/València","Comunidad Valenciana","599"
"29092026","0","","ZONTES","125X","Madrid","Comunidad de Madrid","125"
"29092026","0","","KYMCO","DTX 350","Alicante/Alacant","Comunidad Valenciana","321"
"29092026","0","","VOGE","SR450X","Illes Balears","Illes Balears","398"
"29092026","0","","HARLEY-DAVIDSON","HERITAGE CLASSIC","Murcia","Región de Murcia","1923"
"29092026","0","","VOGE","DS900X","Asturias","Principado de Asturias","895"
"29092026","0","","BMW","F 800 GS","Madrid","Comunidad de Madrid","895"
"29092026","0","","VOGE","R125","Málaga","Andalucía","125"
"29092026","0","","DUCATI","SCRAMBLER ICON DARK","Castellón/Castelló","Comunidad Valenciana","803"
"29092026","0","","MH MOTORCYCLES","TRAY","Murcia","Región de Murcia","125"
"29092026","0","","SYM","JET 14","Madrid","Comunidad de Madrid","125"
"29092026","0","","KYMCO","SKYTOWN 125","Bizkaia","País Vasco","125"
"29092026","0","","VOGE","SR450X","Barcelona","Cataluña","398"
"29092026","0","","ZONTES","368G","Granada","Andalucía","368"
"29092026","0","","HONDA","FORZA125","Bizkaia","País Vasco","125"
"29092026","0","","ZONTES","ZT125-G1","Palmas (Las)","Canarias","125"
"29092026","0","","KAWASAKI","Z1100","Coruña (A)","Galicia","1099"
"29092026","0","","VOGE","SR450X","Barcelona","Cataluña","398"
"29092026","0","","ZONTES","368G","Madrid","Comunidad de Madrid","368"
"29092026","0","","PIAGGIO","LIBERTY 125 ABS","Cantabria","Cantabria","124"
"29092026","0","","BMW","C 400 X","Barcelona","Cataluña","350"
"29092026","0","","ZONTES","368G","Granada","Andalucía","368"
"29092026","0","","BMW","F 450 GS","Ourense","Galicia","420"
"29092026","0","","HONDA","FORZA125","Santa Cruz de Tenerife","Canarias","125"
"29092026","0","","ZONTES","125X","Illes Balears","Illes Balears","125"
"29092026","0","","HONDA","NX500","Córdoba","Andalucía","471"
"29092026","0","","SYM","SYMPHONY 125","Barcelona","Cataluña","125"
"29092026","0","","YAMAHA","NMAX 125","Cádiz","Andalucía","125"
"29092026","0","","KYMCO","DTX 350","Málaga","Andalucía","321"
"29092026","0","","ZONTES","125V","Barcelona","Cataluña","125"
"29092026","0","","YAMAHA","NMAX 125","Alicante/Alacant","Comunidad Valenciana","125"
"29092026","0","","HONDA","ADV 750","Palmas (Las)","Canarias","745"
"29092026","0","","HONDA","XL750 Transalp","Barcelona","Cataluña","755"
"29092026","0","","HONDA","PCX 125","Alicante/Alacant","Comunidad Valenciana","125"
"29092026","0","","BMW","R 1300 GS","Lleida","Cataluña","1300"
"29092026","0","","SYM","SYMPHONY 125","Girona","Cataluña","125"
"29092026","0","","HONDA","CB650RA","Barcelona","Cataluña","649"
"29092026","0","","YAMAHA","NMAX 125","Illes Balears","Illes Balears","125"
"29092026","0","","HONDA","SH125i","Barcelona","Cataluña","125"
"29092026","0","","ZONTES","368G","Sevilla","Andalucía","368"
"29092026","0","","SUZUKI","V-Strom 800","Cantabria","Cantabria","776"
"29092026","0","","KYMCO","AGILITY S","Murcia","Región de Murcia","125"
"29092026","0","","KYMCO","AGILITY S","Tarragona","Cataluña","125"
"29092026","0","","SYM","CRUISYM 125 TCS E5+","Lugo","Galicia","124"
"29092026","0","","MITT","TY125T-26G","Valladolid","Castilla y León","125"
"29092026","0","","SYM","SYMPHONY 125","Granada","Andalucía","125"
"29092026","0","","ZONTES","125V","Barcelona","Cataluña","125"
"29092026","0","","ZONTES","125X","Castellón/Castelló","Comunidad Valenciana","125"
"29092026","0","","KAWASAKI","KLE500","Guadalajara","Castilla-La Mancha","451"
"29092026","0","","PEUGEOT","TWEET FL 125 CC","Málaga","Andalucía","125"
"29092026","0","","HONDA","SH Mode 125","Barcelona","Cataluña","125"
"29092026","0","","HONDA","VISION 110","Barcelona","Cataluña","109"
"29092026","0","","CFMOTO","450MT","Segovia","Castilla y León","449"
"29092026","0","","VOGE","DS800X RALLY","Valencia/València","Comunidad Valenciana","798"
"29092026","0","","ZONTES","125V","Jaén","Andalucía","125"
"29092026","0","","BMW","R 1300 GS ADVENTURE","Barcelona","Cataluña","1300"
"29092026","0","","SUZUKI","V-Strom 800","Cantabria","Cantabria","776"
"29092026","0","","HONDA","SH125i","Castellón/Castelló","Comunidad Valenciana","125"
"29092026","0","","ZONTES","125V","Granada","Andalucía","125"
"29092026","0","","BMW","R 1300 GS ADVENTURE","Valencia/València","Comunidad Valenciana","1300"
"29092026","0","","ZONTES","368G","Palmas (Las)","Canarias","368"
"29092026","0","","HONDA","SH125i","Cádiz","Andalucía","125"
"29092026","0","","HONDA","NX500","Coruña (A)","Galicia","471"
"29092026","0","","RIEJU","RALLY 307","Murcia","Región de Murcia","292"
"29092026","0","","BMW","R 1300 GS","Madrid","Comunidad de Madrid","1300"
"29092026","0","","PEUGEOT","KISBEE M","Alicante/Alacant","Comunidad Valenciana","125"
"29092026","0","","MACBOR","ROCKSTER 125 EVO E5+","Sevilla","Andalucía","125"
"29092026","0","","PIAGGIO","LIBERTY 125 ABS","Valencia/València","Comunidad Valenciana","124"
"29092026","0","","VOGE","625DSX","Madrid","Comunidad de Madrid","581"
"29092026","0","","HONDA","SH125i","Barcelona","Cataluña","125"
"29092026","0","","HONDA","FORZA 350","Madrid","Comunidad de Madrid","330"
"29092026","0","","PIAGGIO","VESPA PRIMAVERA 125","Cádiz","Andalucía","124"
"29092026","0","","SYM","FUGUE 125 ABS TOP CASE","Murcia","Región de Murcia","124"
"29092026","0","","SYM","JET X","Sevilla","Andalucía","125"
"29092026","0","","SYM","SYMPHONY 125","Sevilla","Andalucía","125"
"29092026","0","","KOVE","KOVE 800 X PRO 2026","Lleida","Cataluña","799"
"29092026","0","","QJMOTOR","MTX 125 E5+","Barcelona","Cataluña","125"
"29092026","0","","HONDA","PCX 125","Madrid","Comunidad de Madrid","125"
"29092026","0","","ZONTES","125V","Barcelona","Cataluña","125"
"29092026","0","","CFMOTO","700MT","Cádiz","Andalucía","693"
"29092026","0","","ZONTES","368G","Madrid","Comunidad de Madrid","368"
"29092026","0","","MOTO GUZZI","STELVIO","Sevilla","Andalucía","1042"
"29092026","0","","YAMAHA","XMAX 125","Barcelona","Cataluña","125"
"29092026","0","","BMW","C 400 GT","Málaga","Andalucía","350"
"29092026","0","","KAWASAKI","Z900","Sevilla","Andalucía","948"
"29092026","0","","VOGE","DS800X RALLY","Murcia","Región de Murcia","798"
"29092026","0","","SUZUKI","GSX-S 1000","Madrid","Comunidad de Madrid","999"
"29092026","0","","ZONTES","125X","Málaga","Andalucía","125"
"29092026","0","","QJMOTOR","SRK 600","Palmas (Las)","Canarias","554"
"29092026","0","","KYMCO","DTX 350","Barcelona","Cataluña","321"
"29092026","0","","ZONTES","368G","Alicante/Alacant","Comunidad Valenciana","368"
"29092026","0","","PIAGGIO","MEDLEY 125","Málaga","Andalucía","125"
"29092026","0","","KEEWAY","RKS 125","Madrid","Comunidad de Madrid","124"
"29092026","0","","HONDA","SH125i","Barcelona","Cataluña","125"
"29092026","0","","BMW","R 1300 GS ADVENTURE","Málaga","Andalucía","1300"
"29092026","0","","VOGE","DS900X","Málaga","Andalucía","895"
"29092026","0","","HONDA","FORZA125","Rioja (La)","La Rioja","125"
"29092026","0","","HONDA","SH125i","Barcelona","Cataluña","125"
"29092026","0","","HONDA","NC 750 X","Cádiz","Andalucía","745"
"29092026","0","","INDIAN","SUPER CHIEF DARK HORSE","Madrid","Comunidad de Madrid","1890"
"29092026","0","","YAMAHA","TMAX 560","Barcelona","Cataluña","562"
"29092026","0","","ZONTES","368G","Pontevedra","Galicia","368"
"29092026","0","","HONDA","NX500","Santa Cruz de Tenerife","Canarias","471"
"29092026","0","","HONDA","PCX 125","Santa Cruz de Tenerife","Canarias","125"
"29092026","0","","YAMAHA","MT-125","Madrid","Comunidad de Madrid","125"
"29092026","0","","VOGE","SR450X","Barcelona","Cataluña","398"
"29092026","0","","HONDA","ADV 350","Barcelona","Cataluña","330"
"29092026","0","","ROYAL ENFIELD","GUERRILLA 450","Málaga","Andalucía","452"
"29092026","0","","BAJAJ","PULSAR NS 125","Barcelona","Cataluña","124"
"29092026","0","","SYM","JET 14","Girona","Cataluña","125"
"29092026","0","","BMW","R 1300 RT","Tarragona","Cataluña","1300"
"29092026","0","","KEEWAY","RKS 125","Murcia","Región de Murcia","124"
"29092026","0","","SUZUKI","ADDRESS 125","Madrid","Comunidad de Madrid","124"
"29092026","0","","ZONTES","368G","Valencia/València","Comunidad Valenciana","368"
"29092026","0","","MITT","125GP","Madrid","Comunidad de Madrid","124"
"29092026","0","","HONDA","ADV 350","Sevilla","Andalucía","330"
"29092026","0","","KAWASAKI","Z650","Cádiz","Andalucía","649"
"29092026","0","","BAJAJ","PULSAR NS 125","Madrid","Comunidad de Madrid","124"
"29092026","0","","SYM","JET 14","Alicante/Alacant","Comunidad Valenciana","125"
"29092026","0","","YAMAHA","NMAX 125","Barcelona","Cataluña","125"
"29092026","0","","YAMAHA","NMAX 125","Valencia/València","Comunidad Valenciana","125"
"29092026","0","","KTM","KTM 300 EXC","Álava/Araba","País Vasco","293"
"29092026","0","","BMW","F 900 R A2","Alicante/Alacant","Comunidad Valenciana","895"
"29092026","0","","ZONTES","125E","Barcelona","Cataluña","125"
"29092026","0","","HONDA","PCX 125","Santa Cruz de Tenerife","Canarias","125"
"29092026","0","","YAMAHA","NMAX 125","Valencia/València","Comunidad Valenciana","125"
"29092026","0","","BMW","R 1300 RT","Valladolid","Castilla y León","1300"
"29092026","0","","HONDA","FORZA 750","Barcelona","Cataluña","745"
"29092026","0","","VOGE","625R","Illes Balears","Illes Balears","581"
"29092026","0","","YAMAHA","XMAX 125","Sevilla","Andalucía","125"
"29092026","0","","YAMAHA","NMAX 125","Valencia/València","Comunidad Valenciana","125"
"29092026","0","","YAMAHA","XMAX 125","Palmas (Las)","Canarias","125"
"29092026","0","","KOVE","KOVE 625 X","Córdoba","Andalucía","581"
"29092026","0","","LETBE","S125","Cádiz","Andalucía","125"
"29092026","0","","ZONTES","125X","Madrid","Comunidad de Madrid","125"
"29092026","0","","VOGE","DS900X","Asturias","Principado de Asturias","895"
"29092026","0","","BMW","C 400 X","Murcia","Región de Murcia","350"
"29092026","0","","SYM","SYMPHONY 125","Tarragona","Cataluña","125"
"29092026","0","","CFMOTO","800MT-X","Barcelona","Cataluña","799"
"29092026","0","","HONDA","PCX 125","Illes Balears","Illes Balears","125"
"29092026","0","","MITT","125 DESERT","Cádiz","Andalucía","125"
"29092026","0","","HONDA","PCX 125","Cádiz","Andalucía","125"
"29092026","0","","SYM","SYMPHONY 125","Girona","Cataluña","125"
"29092026","0","","YAMAHA","TMAX 560","Madrid","Comunidad de Madrid","562"
"29092026","0","","YAMAHA","MT-07","Toledo","Castilla-La Mancha","689"
"29092026","0","","YAMAHA","NMAX 125","Alicante/Alacant","Comunidad Valenciana","125"
"29092026","0","","VOGE","625DSX","Asturias","Principado de Asturias","581"
"29092026","0","","VOGE","DS800X RALLY","Málaga","Andalucía","798"
"29092026","0","","HONDA","CB 125 F","Illes Balears","Illes Balears","124"
"29092026","0","","YAMAHA","NMAX 125","Barcelona","Cataluña","125"
"29092026","0","","YAMAHA","R125","Madrid","Comunidad de Madrid","125"
"29092026","0","","VOGE","DS525X","Alicante/Alacant","Comunidad Valenciana","494"
"29092026","0","","VOGE","DS800X RALLY","Málaga","Andalucía","798"
"29092026","0","","VOGE","SR16","Madrid","Comunidad de Madrid","125"
"29092026","0","","SHERCO","N.A","Santa Cruz de Tenerife","Canarias","125"
"29092026","0","","ZONTES","125X","Málaga","Andalucía","125"
"29092026","0","","HONDA","ADV 350","Valencia/València","Comunidad Valenciana","330"
"29092026","0","","KYMCO","AGILITY S","Barcelona","Cataluña","125"
"29092026","0","","HONDA","NC 750 X","Palmas (Las)","Canarias","745"
"29092026","0","","HONDA","ADV 350","Asturias","Principado de Asturias","330"
"29092026","0","","ZONTES","125V","Málaga","Andalucía","125"
"29092026","0","","HONDA","PCX 125","Cádiz","Andalucía","125"
"29092026","0","","QJMOTOR","SRT 125 DX","Valencia/València","Comunidad Valenciana","125"
"29092026","0","","KYMCO","DTX 350","Alicante/Alacant","Comunidad Valenciana","321"
"29092026","0","","SYM","SYMPHONY 125","Santa Cruz de Tenerife","Canarias","125"
"29092026","0","","QJMOTOR","LTR 125 E5+","Barcelona","Cataluña","125"
"29092026","0","","HONDA","PCX 125","Sevilla","Andalucía","125"
"29092026","0","","RIEJU","NOT APPLICABLE","Alicante/Alacant","Comunidad Valenciana","124"
"29092026","0","","YAMAHA","NMAX 125","Málaga","Andalucía","125"
"29092026","0","","ZONTES","125C","Murcia","Región de Murcia","125"
"29092026","0","","YAMAHA","RayZR 125","Cádiz","Andalucía","125"
"29092026","0","","HONDA","ADV 350","Barcelona","Cataluña","330"
"29092026","0","","YAMAHA","MT-125","Tarragona","Cataluña","125"
"29092026","0","","ZONTES","125V","Murcia","Región de Murcia","125"
"29092026","0","","MACBOR","ROCKSTER FLAT 125 EVO","Madrid","Comunidad de Madrid","125"
"29092026","0","","SUZUKI","ADDRESS 125","Alicante/Alacant","Comunidad Valenciana","124"
"29092026","0","","KOVE","KOVE 800 X PRO 2026","Cantabria","Cantabria","799"
"29092026","0","","ZONTES","125X","Valencia/València","Comunidad Valenciana","125"
"29092026","0","","HONDA","PCX 125","Illes Balears","Illes Balears","125"
"29092026","0","","KTM","KTM 1390 SUPER ADVENTU","Valencia/València","Comunidad Valenciana","1350"
"29092026","0","","ZONTES","125X","Valencia/València","Comunidad Valenciana","125"
"29092026","0","","YAMAHA","NMAX 125","Cádiz","Andalucía","125"
"29092026","0","","SYM","JET X","Coruña (A)","Galicia","125"
"29092026","0","","HONDA","CBF 125","Palmas (Las)","Canarias","125"
"29092026","0","","KTM","KTM 300 EXC","Cádiz","Andalucía","293"
"29092026","0","","ZAIRON","ZS3","Murcia","Región de Murcia","124"
"29092026","0","","QJMOTOR","SRV 125 E5+","Madrid","Comunidad de Madrid","125"
"29092026","0","","ZONTES","125V","Granada","Andalucía","125"
"29092026","0","","HONDA","SH125i","Gipuzkoa","País Vasco","125"
"29092026","0","","YAMAHA","NMAX 125","Barcelona","Cataluña","125"
"29092026","0","","MITT","TY125T-26G","Málaga","Andalucía","125"
"29092026","0","","HONDA","CB 500 F","Madrid","Comunidad de Madrid","471"
"29092026","0","","QJMOTOR","SRT 900 SX","Córdoba","Andalucía","904"
"29092026","0","","MITT","TY125T-26G","Málaga","Andalucía","125"
"29092026","0","","ZONTES","125X","Alicante/Alacant","Comunidad Valenciana","125"
"29092026","0","","ZONTES","368G","Alicante/Alacant","Comunidad Valenciana","368"
"29092026","0","","ZONTES","368G","Madrid","Comunidad de Madrid","368"
"29092026","0","","ZONTES","125V","Cáceres","Extremadura","125"
"29092026","0","","KYMCO","SKYTOWN 125","Zaragoza","Aragón","125"
"29092026","0","","HONDA","CBF 125","Barcelona","Cataluña","125"
"29092026","0","","YAMAHA","NMAX 125","Málaga","Andalucía","125"
"29092026","0","","YAMAHA","NMAX 125","Málaga","Andalucía","125"
"29092026","0","","ZONTES","368G","Málaga","Andalucía","368"
"29092026","0","","BENELLI","TRK 902","Toledo","Castilla-La Mancha","904"
"29092026","0","","ZONTES","368M","Sevilla","Andalucía","368"
"29092026","0","","ZONTES","125X","Madrid","Comunidad de Madrid","125"
"29092026","0","","HONDA","CB650RA","León","Castilla y León","649"
"29092026","0","","YAMAHA","NMAX 125","Málaga","Andalucía","125"
"29092026","0","","DUCATI","STREETFIGHTER","Barcelona","Cataluña","890"
"29092026","0","","SYM","SYMPHONY 125","Barcelona","Cataluña","125"
"29092026","0","","ZONTES","125V","Granada","Andalucía","125"
"29092026","0","","GASGAS","EC 300","Girona","Cataluña","293"
"29092026","0","","ZONTES","368G","Alicante/Alacant","Comunidad Valenciana","368"
"29092026","0","","ZONTES","125X","Madrid","Comunidad de Madrid","125"
"29092026","0","","HONDA","FORZA 350","Madrid","Comunidad de Madrid","330"
"29092026","0","","KEEWAY","VIESTE 125LX","Alicante/Alacant","Comunidad Valenciana","125"
"29092026","0","","HONDA","PCX 125","Madrid","Comunidad de Madrid","125"
"29092026","0","","HONDA","FORZA125","Santa Cruz de Tenerife","Canarias","125"
"29092026","0","","HONDA","ADV 750","Madrid","Comunidad de Madrid","745"
"29092026","0","","ZONTES","125V","Almería","Andalucía","125"
"29092026","0","","ZONTES","125V","Barcelona","Cataluña","125"
"29092026","0","","BMW","R 1300 GS","Murcia","Región de Murcia","1300"
"29092026","0","","KYMCO","SUPER DINK GT","Barcelona","Cataluña","321"
"29092026","0","","SYM","SYMPHONY 125","Navarra","Comunidad Foral de Navarra","125"
"29092026","0","","KAWASAKI","Z650RS","Valladolid","Castilla y León","649"
"29092026","0","","SYM","SYMPHONY 125","Sevilla","Andalucía","125"
"29092026","0","","KYMCO","AGILITY S","Alicante/Alacant","Comunidad Valenciana","125"
"29092026","0","","BMW","R 1300 GS","Madrid","Comunidad de Madrid","1300"
"29092026","0","","KYMCO","DTX 350","Zaragoza","Aragón","321"
"29092026","0","","HONDA","CBR 650 R","Murcia","Región de Murcia","649"
"29092026","0","","BMW","S 1000 XR","Gipuzkoa","País Vasco","999"
"29092026","0","","HONDA","CL500","Tarragona","Cataluña","471"
"29092026","0","","SYM","JET X","Cádiz","Andalucía","125"
"29092026","0","","ZONTES","125X","Sevilla","Andalucía","125"
"29092026","0","","HONDA","SH Mode 125","Barcelona","Cataluña","125"
"29092026","0","","ZONTES","125X","Madrid","Comunidad de Madrid","125"
"29092026","0","","HONDA","CRF1100L Africa Twin","Madrid","Comunidad de Madrid","1084"
"29092026","0","","ROYAL ENFIELD","HIMALAYAN 452","Barcelona","Cataluña","452"
"29092026","0","","MOTO GUZZI","V7 SPORT","Murcia","Región de Murcia","853"
"29092026","0","","HONDA","CBR 650 R","León","Castilla y León","649"
"29092026","0","","YAMAHA","TMAX 560","Madrid","Comunidad de Madrid","562"
"29092026","0","","HONDA","NT1100","Córdoba","Andalucía","1084"
"29092026","0","","ZONTES","368K","Barcelona","Cataluña","368"
"29092026","0","","SYM","ADX 300 TCS","Sevilla","Andalucía","278"
"29092026","0","","ZONTES","125X","Madrid","Comunidad de Madrid","125"
"29092026","0","","KYMCO","AGILITY S","Pontevedra","Galicia","125"
"29092026","0","","BMW","F 900 GS","Murcia","Región de Murcia","895"
"29092026","0","","BMW","F 450 GS","Alicante/Alacant","Comunidad Valenciana","420"
"29092026","0","","HONDA","PCX 125","Cádiz","Andalucía","125"
"29092026","0","","SYM","SYMPHONY 125","Barcelona","Cataluña","125"
"29092026","0","","LETBE","HJ125T-5B","Alicante/Alacant","Comunidad Valenciana","125"
"29092026","0","","BMW","F 900 GS ADVENTURE","Madrid","Comunidad de Madrid","895"
"29092026","0","","VOGE","SR450X","Illes Balears","Illes Balears","398"
"29092026","0","","VOGE","DS800X RALLY","Huelva","Andalucía","798"
"29092026","0","","KTM","KTM 125 DUKE","Málaga","Andalucía","125"
"29092026","0","","ZONTES","368G","Asturias","Principado de Asturias","368"
"29092026","0","","RIEJU","X-OVER 357","Zaragoza","Aragón","330"
"29092026","0","","ZONTES","125E","Alicante/Alacant","Comunidad Valenciana","125"
"29092026","0","","VOGE","SR450X","Álava/Araba","País Vasco","398"
"29092026","0","","BMW","R 1300 GS","Girona","Cataluña","1300"
"29092026","0","","YAMAHA","NMAX 125","Málaga","Andalucía","125"
"29092026","0","","ZONTES","125V","Jaén","Andalucía","125"
"29092026","0","","SYM","JET 14","Barcelona","Cataluña","125"
"29092026","0","","HONDA","CBF 125","Cádiz","Andalucía","125"
"29092026","0","","YAMAHA","Tracer 9 GT","Alicante/Alacant","Comunidad Valenciana","890"
"29092026","0","","YAMAHA","XTZ 700 Tenere","Málaga","Andalucía","689"
"29092026","0","","HONDA","ADV 750","Alicante/Alacant","Comunidad Valenciana","745"
"29092026","0","","PIAGGIO","MEDLEY 125","Madrid","Comunidad de Madrid","125"
"29092026","0","","BMW","F 900 GS","Madrid","Comunidad de Madrid","895"
"29092026","0","","HONDA","SH Mode 125","Barcelona","Cataluña","125"
"29092026","0","","HONDA","VISION 110","Valencia/València","Comunidad Valenciana","109"
"29092026","0","","HONDA","VISION 110","Illes Balears","Illes Balears","109"
"29092026","0","","PIAGGIO","LIBERTY 125 ABS","Bizkaia","País Vasco","124"
"29092026","0","","HONDA","FORZA125","Sevilla","Andalucía","125"
"29092026","0","","QJMOTOR","FORT 350 EVO","Alicante/Alacant","Comunidad Valenciana","330"
"29092026","0","","YAMAHA","Tracer 9 GT","Málaga","Andalucía","890"
"29092026","0","","YAMAHA","MT-07","Cádiz","Andalucía","689"
"29092026","0","","HONDA","FORZA 750","Melilla","Melilla","745"
"29092026","0","","YAMAHA","XTZ 700 Tenere","Álava/Araba","País Vasco","689"
"29092026","0","","HONDA","CBR 650 R","Barcelona","Cataluña","649"
"29092026","0","","MOTO MORINI","X-CAPE 1200","Pontevedra","Galicia","1187"
"29092026","0","","BMW","R 1300 GS","Palmas (Las)","Canarias","1300"
"29092026","0","","KYMCO","AGILITY NX 125","Ceuta","Ceuta","125"
"29092026","0","","HONDA","VISION 110","Girona","Cataluña","109"
"29092026","0","","VOGE","DS900X","Álava/Araba","País Vasco","895"
"29092026","0","","VOGE","DS900X","Málaga","Andalucía","895"
"29092026","0","","HONDA","ADV 750","Palmas (Las)","Canarias","745"
"29092026","0","","YAMAHA","NMAX 125","Madrid","Comunidad de Madrid","125"
"29092026","0","","APRILIA","SR GT 400","Palmas (Las)","Canarias","399"
"29092026","0","","ZONTES","125V","Valencia/València","Comunidad Valenciana","125"
"29092026","0","","ZONTES","368E","Santa Cruz de Tenerife","Canarias","368"
"29092026","0","","YAMAHA","MT-07","Valencia/València","Comunidad Valenciana","689"
"29092026","0","","KYMCO","AGILITY NX 125","Tarragona","Cataluña","125"
"29092026","0","","KYMCO","AGILITY NX 125","Sevilla","Andalucía","125"
"29092026","0","","APRILIA","RS 457","Palmas (Las)","Canarias","457"
"29092026","0","","HONDA","ADV 350","Palmas (Las)","Canarias","330"
"29092026","0","","ZONTES","125V","Barcelona","Cataluña","125"
"29092026","0","","QJMOTOR","SRK 125 S E5+","Palmas (Las)","Canarias","125"
"29092026","0","","HONDA","VISION 110","Badajoz","Extremadura","109"
"29092026","0","","ZONTES","125X","Barcelona","Cataluña","125"
"29092026","0","","HARLEY-DAVIDSON","SPORTSTER S","Santa Cruz de Tenerife","Canarias","1252"
"29092026","0","","SYM","SYMPHONY 125","Barcelona","Cataluña","125"
"29092026","0","","ZONTES","125C","Castellón/Castelló","Comunidad Valenciana","125"
"29092026","0","","ZONTES","125X","Barcelona","Cataluña","125"
"29092026","0","","PIAGGIO","MEDLEY 125","Melilla","Melilla","125"
"29092026","0","","HONDA","SH Mode 125","Tarragona","Cataluña","125"
"29092026","0","","QJMOTOR","MTX 125 E5+","Sevilla","Andalucía","125"
"29092026","0","","ZONTES","125V","Valencia/València","Comunidad Valenciana","125"
"29092026","0","","SYM","SYMPHONY 125","Illes Balears","Illes Balears","125"
"29092026","0","","HONDA","SH Mode 125","Málaga","Andalucía","125"
"29092026","0","","SUZUKI","GSX-S 1000","Palmas (Las)","Canarias","999"
"29092026","0","","HONDA","PCX 125","Palmas (Las)","Canarias","125"
"29092026","0","","PIAGGIO","MEDLEY 125","Madrid","Comunidad de Madrid","125"
"29092026","0","","HONDA","FORZA 750","Valencia/València","Comunidad Valenciana","745"
"29092026","0","","ZONTES","368G","Zaragoza","Aragón","368"
"29092026","0","","SYM","SYMPHONY 125","Cádiz","Andalucía","125"
"29092026","0","","ZONTES","125X","Castellón/Castelló","Comunidad Valenciana","125"
"29092026","0","","ZONTES","125C","Málaga","Andalucía","125"
"29092026","0","","HONDA","VISION 110","Barcelona","Cataluña","109"
"29092026","0","","YAMAHA","RayZR 125","Barcelona","Cataluña","125"
"29092026","0","","BMW","R 1300 GS","Barcelona","Cataluña","1300"
"29092026","0","","SUZUKI","V-Strom 800","Sevilla","Andalucía","776"
"29092026","0","","VOGE","SR1","Barcelona","Cataluña","125"
"29092026","0","","ZONTES","368G","Asturias","Principado de Asturias","368"
"29092026","0","","YAMAHA","XMAX 300","Barcelona","Cataluña","292"
"29092026","0","","YAMAHA","XMAX 125","Jaén","Andalucía","125"
"29092026","0","","HONDA","NC 750 X","Palmas (Las)","Canarias","745"
"29092026","0","","YAMAHA","NMAX 125","Valencia/València","Comunidad Valenciana","125"
"29092026","0","","HONDA","CBR 650 R","Valladolid","Castilla y León","649"
"29092026","0","","TRIUMPH","TIGER SPORT","Sevilla","Andalucía","660"
"29092026","0","","ZONTES","125V","Valencia/València","Comunidad Valenciana","125"
"29092026","0","","BMW","R 1300 RS","Albacete","Castilla-La Mancha","1300"
"29092026","0","","KEEWAY","XDV 125 EVO PRO","Barcelona","Cataluña","125"
"29092026","0","","PIAGGIO","VESPA GTS","Granada","Andalucía","310"
"29092026","0","","BMW","F 900 GS","Santa Cruz de Tenerife","Canarias","895"
"29092026","0","","ZONTES","368G","Coruña (A)","Galicia","368"
"29092026","0","","KOVE","KOVE 800 X PRO 2026","Barcelona","Cataluña","799"
"29092026","0","","GASGAS","EC 300","Burgos","Castilla y León","293"
"29092026","0","","ZONTES","125V","Barcelona","Cataluña","125"
"29092026","0","","YAMAHA","TMAX 560","Salamanca","Castilla y León","562"
"29092026","0","","ZONTES","125X","Illes Balears","Illes Balears","125"
"29092026","0","","HONDA","NC 750 X","Huelva","Andalucía","745"
"29092026","0","","VOGE","DS900X","Madrid","Comunidad de Madrid","895"
"29092026","0","","MOTO GUZZI","V85 STRADA","Sevilla","Andalucía","853"
"29092026","0","","VOGE","SR450X","Sevilla","Andalucía","398"
"29092026","0","","MORBIDELLI","SC 125","Asturias","Principado de Asturias","125"
"29092026","0","","SYM","SYMPHONY 125","Málaga","Andalucía","125"
"29092026","0","","PIAGGIO","LIBERTY 125 ABS","Barcelona","Cataluña","124"
"29092026","0","","HONDA","PCX 125","Málaga","Andalucía","125"
"29092026","0","","MITT","TY125T-26G","Málaga","Andalucía","125"
"29092026","0","","HONDA","VISION 110","Tarragona","Cataluña","109"
"29092026","0","","ZONTES","125X","Madrid","Comunidad de Madrid","125"
"29092026","0","","TRIUMPH","TIGER SPORT","Barcelona","Cataluña","660"
"29092026","0","","BMW","F 900 R","Tarragona","Cataluña","895"
"29092026","0","","YAMAHA","MT-125","Girona","Cataluña","125"
"29092026","0","","BMW","F 900 XR","Zaragoza","Aragón","895"
"29092026","0","","PIAGGIO","VESPA PRIMAVERA 125","Illes Balears","Illes Balears","124"
"29092026","0","","SYM","JOYMAX Z 300 E5+","Madrid","Comunidad de Madrid","278"
"29092026","0","","ZONTES","125V","Zaragoza","Aragón","125"
"29092026","0","","HONDA","CB1000S","Santa Cruz de Tenerife","Canarias","1000"
"29092026","0","","PIAGGIO","VESPA PRIMAVERA 125","Illes Balears","Illes Balears","124"
"29092026","0","","ZONTES","125X","Asturias","Principado de Asturias","125"
"29092026","0","","HONDA","CBF 125","Madrid","Comunidad de Madrid","125"
"29092026","0","","SYM","SYMPHONY 125","Barcelona","Cataluña","125"
"29092026","0","","SYM","ADX 300 TCS","Gipuzkoa","País Vasco","278"
"29092026","0","","VOGE","SR450X","Alicante/Alacant","Comunidad Valenciana","398"
"29092026","0","","YAMAHA","NMAX 125","Valencia/València","Comunidad Valenciana","125"
"29092026","0","","ZONTES","125V","Alicante/Alacant","Comunidad Valenciana","125"
"29092026","0","","QJMOTOR","SRT 125 DX","Barcelona","Cataluña","125"
"29092026","0","","YAMAHA","MT-07","Madrid","Comunidad de Madrid","689"
"29092026","0","","HONDA","NX500","Cádiz","Andalucía","471"
"29092026","0","","BMW","F 800 GS","Barcelona","Cataluña","895"
"29092026","0","","VOGE","R125S","Cantabria","Cantabria","125"
"29092026","0","","VOGE","DS900X","Tarragona","Cataluña","895"
"29092026","0","","HONDA","CBR 650 R","Madrid","Comunidad de Madrid","649"
"29092026","0","","HONDA","PCX 125","Valencia/València","Comunidad Valenciana","125"
"29092026","0","","SUZUKI","V-Strom 1050","Rioja (La)","La Rioja","1037"
"29092026","0","","YAMAHA","NMAX 125","Barcelona","Cataluña","125"
"29092026","0","","YAMAHA","XSR-125","Valencia/València","Comunidad Valenciana","125"
"29092026","0","","HONDA","XL750 Transalp","Málaga","Andalucía","755"
"29092026","0","","KEEWAY","VERSILIA 125","Alicante/Alacant","Comunidad Valenciana","125"
"29092026","0","","HONDA","PCX 125","Cáceres","Extremadura","125"
"29092026","0","","ZONTES","ZT125-G1","Illes Balears","Illes Balears","125"
"29092026","0","","ZONTES","125X","Gipuzkoa","País Vasco","125"
"29092026","0","","ZONTES","703F","Ciudad Real","Castilla-La Mancha","699"
"29092026","0","","HONDA","CRF1100L Africa Twin","Málaga","Andalucía","1084"
"29092026","0","","HONDA","PCX 125","Castellón/Castelló","Comunidad Valenciana","125"
"29092026","0","","SYM","SYMPHONY 125","Sevilla","Andalucía","125"
"29092026","0","","HONDA","FORZA 750","Barcelona","Cataluña","745"
"29092026","0","","ZONTES","125X","Madrid","Comunidad de Madrid","125"
"29092026","0","","SYM","JET 14","Barcelona","Cataluña","125"
"29092026","0","","HONDA","CBR 650 R","Barcelona","Cataluña","649"
"29092026","0","","BMW","R 1300 GS","Cádiz","Andalucía","1300"
"29092026","0","","HONDA","PCX 125","Cádiz","Andalucía","125"
"29092026","0","","QJMOTOR","SQ 16 E5+","Córdoba","Andalucía","125"
"29092026","0","","HONDA","PCX 125","Barcelona","Cataluña","125"
"29092026","0","","YAMAHA","XMAX 300","Barcelona","Cataluña","292"
"29092026","0","","ZONTES","125X","Córdoba","Andalucía","125"
"29092026","0","","BMW","F 800 GS","Valencia/València","Comunidad Valenciana","895"
"29092026","0","","YAMAHA","NMAX 125","Santa Cruz de Tenerife","Canarias","125"
"29092026","0","","ZONTES","ZT125-U1","Córdoba","Andalucía","125"
"29092026","0","","KYMCO","AGILITY S","Salamanca","Castilla y León","125"
"29092026","0","","YAMAHA","NMAX 125","Málaga","Andalucía","125"
"29092026","0","","SUZUKI","AVENIS 125","Barcelona","Cataluña","124"
"29092026","0","","VOGE","SR4 MAX","Málaga","Andalucía","350"
"29092026","0","","HONDA","ADV 750","Almería","Andalucía","745"
"29092026","0","","ZONTES","368G","Granada","Andalucía","368"
"29092026","0","","CFMOTO","675SR-R","Madrid","Comunidad de Madrid","674"
"29092026","0","","BMW","R 1300 GS ADVENTURE","Sevilla","Andalucía","1300"
"29092026","0","","BMW","F 900 XR","Lleida","Cataluña","895"
"29092026","0","","HONDA","ADV 750","Palmas (Las)","Canarias","745"
"29092026","0","","ZONTES","ZT125-G1","Ourense","Galicia","125"
"29092026","0","","SYM","JET 14","Cádiz","Andalucía","125"
"29092026","0","","ZONTES","125E","Barcelona","Cataluña","125"
"29092026","0","","HONDA","PCX 125","Cáceres","Extremadura","125"
"29092026","0","","HONDA","CBR 650 R","Cádiz","Andalucía","649"
"29092026","0","","ZONTES","368G","Córdoba","Andalucía","368"
"29092026","0","","HONDA","C125A","Alicante/Alacant","Comunidad Valenciana","124"
"29092026","0","","ZONTES","125X","Illes Balears","Illes Balears","125"
"29092026","0","","APRILIA","RSV4","Sevilla","Andalucía","1099"
"29092026","0","","BMW","F 900 GS ADVENTURE","Madrid","Comunidad de Madrid","895"
"29092026","0","","SYM","ADX 300 TCS","Sevilla","Andalucía","278"
"29092026","0","","BMW","F 900 GS","Madrid","Comunidad de Madrid","895"
"29092026","0","","HONDA","XL750 Transalp","Coruña (A)","Galicia","755"
"29092026","0","","VOGE","DS900X","Málaga","Andalucía","895"
"29092026","0","","HONDA","SH125i","Barcelona","Cataluña","125"
"29092026","0","","BMW","F 900 GS ADVENTURE","Madrid","Comunidad de Madrid","895"
"29092026","0","","TRIUMPH","STREET TRIPLE 765 RS","Madrid","Comunidad de Madrid","765"
"29092026","0","","VOGE","625DSX","Madrid","Comunidad de Madrid","581"
"29092026","0","","HONDA","PCX 125","Alicante/Alacant","Comunidad Valenciana","125"
"29092026","0","","HONDA","NC 750 X","Valencia/València","Comunidad Valenciana","745"
"29092026","0","","TRIUMPH","TIGER 900 DESERT EDITI","Huesca","Aragón","888"
"29092026","0","","ZONTES","125V","Granada","Andalucía","125"
"29092026","0","","ROYAL ENFIELD","CLASSIC 350","Málaga","Andalucía","349"
"29092026","0","","HONDA","SH Mode 125","Girona","Cataluña","125"
"29092026","0","","YAMAHA","XSR-125","Valencia/València","Comunidad Valenciana","125"
"29092026","0","","YAMAHA","MT-07","Alicante/Alacant","Comunidad Valenciana","689"
"29092026","0","","ZONTES","125V","Barcelona","Cataluña","125"
"29092026","0","","HONDA","NT1100","Barcelona","Cataluña","1084"
"29092026","0","","ROYAL ENFIELD","HIMALAYAN 452","Barcelona","Cataluña","452"
"29092026","0","","ZONTES","125V","Málaga","Andalucía","125"
"29092026","0","","ZONTES","125X","Madrid","Comunidad de Madrid","125"
"29092026","0","","KOVE","KOVE 800 X PRO 2026","Barcelona","Cataluña","799"
"29092026","0","","MACBOR","MONTANA XR1 125 EVO","Gipuzkoa","País Vasco","124"
"29092026","0","","APRILIA","SR GT 125","Valencia/València","Comunidad Valenciana","125"
"29092026","0","","ZONTES","125V","Asturias","Principado de Asturias","125"
"29092026","0","","QJMOTOR","MTX 125 E5+","Málaga","Andalucía","125"
"29092026","0","","CYCLONE","RA2","Barcelona","Cataluña","125"
"29092026","0","","HONDA","CRF1100L Africa Twin","Barcelona","Cataluña","1084"
"29092026","0","","KYMCO","SUPER DINK GT 125 E5+","Cádiz","Andalucía","124"
"29092026","0","","KOVE","KOVE 800 X GT","Badajoz","Extremadura","799"
"29092026","0","","BMW","R 1300 GS","Madrid","Comunidad de Madrid","1300"
"29092026","0","","BMW","C 400 GT","Palmas (Las)","Canarias","350"
"29092026","0","","HONDA","FORZA 350","Madrid","Comunidad de Madrid","330"
"29092026","0","","QJMOTOR","ATR 125 E5+","Granada","Andalucía","125"
"29092026","0","","ZONTES","125V","Guadalajara","Castilla-La Mancha","125"
"29092026","0","","ZONTES","350X","Madrid","Comunidad de Madrid","348"
"29092026","0","","ZONTES","125V","Palmas (Las)","Canarias","125"
"29092026","0","","PIAGGIO","VESPA PRIMAVERA 125","Málaga","Andalucía","124"
"29092026","0","","SUZUKI","DL650","Coruña (A)","Galicia","645"
"29092026","0","","HONDA","PCX 125","Málaga","Andalucía","125"
"29092026","0","","YAMAHA","MT-07","Ourense","Galicia","689"
"29092026","0","","QJMOTOR","ATR 125 E5+","Coruña (A)","Galicia","125"
"29092026","0","","HONDA","CB1000GT","Madrid","Comunidad de Madrid","1000"
"29092026","0","","YAMAHA","TRICITY 125","Navarra","Comunidad Foral de Navarra","125"
"29092026","0","","KYMCO","SKYTOWN 125","Barcelona","Cataluña","125"
"29092026","0","","KYMCO","AGILITY S","Albacete","Castilla-La Mancha","125"
"29092026","0","","HONDA","FORZA125","Málaga","Andalucía","125"
"29092026","0","","YAMAHA","NMAX 125","Cádiz","Andalucía","125"
"29092026","0","","SYM","JET 14","Palmas (Las)","Canarias","125"
"29092026","0","","BMW","R 1300 GS ADVENTURE","Gipuzkoa","País Vasco","1300"
"29092026","0","","HONDA","ADV 750","Santa Cruz de Tenerife","Canarias","745"
"29092026","0","","DUCATI","PANIGALE V2","Almería","Andalucía","890"
"29092026","0","","HONDA","XL750 Transalp","Cádiz","Andalucía","755"
"29092026","0","","SYM","FUGUE 125 ABS TOP CASE","Madrid","Comunidad de Madrid","124"
"29092026","0","","BMW","S 1000 XR","Bizkaia","País Vasco","999"
"29092026","0","","APRILIA","RS 457","Madrid","Comunidad de Madrid","457"
"29092026","0","","HONDA","PCX 125","Barcelona","Cataluña","125"
"29092026","0","","HONDA","ADV 350","Barcelona","Cataluña","330"
"29092026","0","","SYM","SYMPHONY 125","Alicante/Alacant","Comunidad Valenciana","125"
"29092026","0","","KTM","KTM 350 EXC-F","Málaga","Andalucía","350"
"29092026","0","","VOGE","DS525X","Madrid","Comunidad de Madrid","494"
"29092026","0","","MOTO GUZZI","STELVIO","Madrid","Comunidad de Madrid","1042"
"29092026","0","","ZONTES","368D","Barcelona","Cataluña","368"
"29092026","0","","TRIUMPH","TIGER 1200 GT PRO","Valladolid","Castilla y León","1160"
"29092026","0","","HONDA","SH125i","Gipuzkoa","País Vasco","125"
"29092026","0","","BMW","F 450 GS","Gipuzkoa","País Vasco","420"
"29092026","0","","HONDA","PCX 125","Málaga","Andalucía","125"
"29092026","0","","CFMOTO","1000MT-X","Barcelona","Cataluña","946"
"29092026","0","","VOGE","DS900X","Bizkaia","País Vasco","895"
"29092026","0","","HONDA","CBR 650 R","Cádiz","Andalucía","649"
"29092026","0","","ZONTES","125V","Cantabria","Cantabria","125"
"29092026","0","","VOGE","625DSX","Valencia/València","Comunidad Valenciana","581"
"29092026","0","","SYM","SYMPHONY 125","Málaga","Andalucía","125"
"29092026","0","","ZONTES","125V","Barcelona","Cataluña","125"
"29092026","0","","SYM","CRUISYM 400","Barcelona","Cataluña","399"
"29092026","0","","HONDA","CBR600R3","Bizkaia","País Vasco","599"
"29092026","0","","ZONTES","125V","Rioja (La)","La Rioja","125"
"29092026","0","","BMW","F 800 GS","Asturias","Principado de Asturias","895"
"29092026","0","","HONDA","XL750 Transalp","Valencia/València","Comunidad Valenciana","755"
"29092026","0","","ZONTES","125V","Madrid","Comunidad de Madrid","125"
"29092026","0","","CFMOTO","450MT","Granada","Andalucía","449"
"29092026","0","","BMW","F 900 R","Cádiz","Andalucía","895"
"29092026","0","","SYM","ADX 300 TCS","Sevilla","Andalucía","278"
"29092026","0","","ZONTES","125V","Madrid","Comunidad de Madrid","125"
"29092026","0","","MACBOR","ROCKSTER 125 EVO E5+","Santa Cruz de Tenerife","Canarias","125"
"29092026","0","","HONDA","FORZA125","Barcelona","Cataluña","125"
"29092026","0","","HONDA","FORZA 350","Barcelona","Cataluña","330"
"29092026","0","","BMW","F 800 GS","Granada","Andalucía","895"
"29092026","0","","QJMOTOR","ATR 125 E5+","Murcia","Región de Murcia","125"
"29092026","0","","ZONTES","ZT125-U","Valencia/València","Comunidad Valenciana","125"
"29092026","0","","KOVE","KOVE 800 X PRO 2026","Illes Balears","Illes Balears","799"
"29092026","0","","HONDA","ADV 750","Badajoz","Extremadura","745"
"29092026","0","","KYMCO","AGILITY NX 125","Barcelona","Cataluña","125"
"29092026","0","","YAMAHA","NMAX 125","Zaragoza","Aragón","125"
"29092026","0","","HONDA","CB 125 F","Barcelona","Cataluña","124"
"29092026","0","","KYMCO","PEOPLE S 125 E5+","Cádiz","Andalucía","125"
"29092026","0","","SUZUKI","ADDRESS 125","Barcelona","Cataluña","124"
"29092026","0","","ZONTES","125V","Murcia","Región de Murcia","125"
"29092026","0","","BMW","F 450 GS","Jaén","Andalucía","420"
"29092026","0","","ZONTES","125C","Asturias","Principado de Asturias","125"
"29092026","0","","ZONTES","125X","Sevilla","Andalucía","125"
"29092026","0","","VOGE","SR1","Pontevedra","Galicia","125"
"29092026","0","","ZONTES","ZT125-U","Alicante/Alacant","Comunidad Valenciana","125"
"29092026","0","","SUZUKI","ADDRESS 125","Palmas (Las)","Canarias","124"
"29092026","0","","BMW","R 1300 GS","Barcelona","Cataluña","1300"
"29092026","0","","SYM","JET 14","Barcelona","Cataluña","125"
"29092026","0","","HUSQVARNA","HUSQVARNA TE 300","Valencia/València","Comunidad Valenciana","293"
"29092026","0","","ZONTES","125V","Palmas (Las)","Canarias","125"
"29092026","0","","PEUGEOT","KISBEE M","Málaga","Andalucía","125"
"29092026","0","","TRIUMPH","STREET TRIPLE RS","Málaga","Andalucía","765"
"29092026","0","","VOGE","SR450X","Córdoba","Andalucía","398"
"29092026","0","","MH MOTORCYCLES","VRT","Illes Balears","Illes Balears","124"
"29092026","0","","HONDA","PCX 125","Castellón/Castelló","Comunidad Valenciana","125"
"29092026","0","","HONDA","PCX 125","Alicante/Alacant","Comunidad Valenciana","125"
"29092026","0","","HONDA","PCX 125","Bizkaia","País Vasco","125"
"29092026","0","","HONDA","FORZA125","Barcelona","Cataluña","125"
"29092026","0","","KYMCO","AGILITY NX 125","Cádiz","Andalucía","125"
"29092026","0","","KYMCO","AGILITY NX 125","Málaga","Andalucía","125"
"29092026","0","","HONDA","SH125i","Barcelona","Cataluña","125"
"29092026","0","","HONDA","SH125i","Barcelona","Cataluña","125"
"29092026","0","","BMW","R 1300 GS","Madrid","Comunidad de Madrid","1300"
"29092026","0","","SYM","JET 14","Cádiz","Andalucía","125"
"29092026","0","","MITT","EMPEROR","Huelva","Andalucía","125"
"29092026","0","","BMW","F 900 R","Santa Cruz de Tenerife","Canarias","895"
"29092026","0","","BMW","S 1000 XR","Navarra","Comunidad Foral de Navarra","999"
"29092026","0","","YAMAHA","XTZ 700 Tenere","Cantabria","Cantabria","689"
"29092026","0","","PIAGGIO","VESPA GTS","Barcelona","Cataluña","310"
"29092026","0","","HONDA","ADV 750","Ceuta","Ceuta","745"
"29092026","0","","HONDA","ADV 350","Tarragona","Cataluña","330"
"29092026","0","","HONDA","SH Mode 125","Barcelona","Cataluña","125"
"29092026","0","","KYMCO","AGILITY NX 125","Granada","Andalucía","125"
"29092026","0","","HONDA","NX500","Barcelona","Cataluña","471"
"29092026","0","","BMW","F 900 R A2","Bizkaia","País Vasco","895"
"29092026","0","","ZONTES","368G","Málaga","Andalucía","368"
"29092026","0","","HONDA","CBF 125","Ourense","Galicia","125"
"29092026","0","","KYMCO","SKYTOWN 125","Murcia","Región de Murcia","125"
"29092026","0","","MOTO GUZZI","STELVIO (A.R.A.S.)","Sevilla","Andalucía","1042"
"29092026","0","","ZONTES","125V","Valencia/València","Comunidad Valenciana","125"
"29092026","0","","ROYAL ENFIELD","HIMALAYAN 452","Almería","Andalucía","452"
"29092026","0","","HONDA","PCX 125","Huelva","Andalucía","125"
"29092026","0","","ZONTES","125X","Madrid","Comunidad de Madrid","125"
"29092026","0","","HONDA","ADV 350","Málaga","Andalucía","330"
"29092026","0","","KEEWAY","V-CRUISE","Madrid","Comunidad de Madrid","125"
"29092026","0","","BMW","F 900 GS","Bizkaia","País Vasco","895"
"29092026","0","","HONDA","PCX 125","Cáceres","Extremadura","125"
"29092026","0","","ZONTES","368G","Barcelona","Cataluña","368"
"29092026","0","","HONDA","SH125i","Barcelona","Cataluña","125"
"29092026","0","","ZONTES","125X","Málaga","Andalucía","125"
"29092026","0","","YAMAHA","NMAX 125","Cádiz","Andalucía","125"
"29092026","0","","SYM","CRUISYM 125 TCS E5+","Coruña (A)","Galicia","124"
"29092026","0","","ZONTES","125X","Illes Balears","Illes Balears","125"
"29092026","0","","ZONTES","125X","Jaén","Andalucía","125"
"29092026","0","","HONDA","VISION 110","Málaga","Andalucía","109"
"29092026","0","","YAMAHA","XMAX 125","Cádiz","Andalucía","125"
"29092026","0","","HONDA","SH350i","Barcelona","Cataluña","330"
"29092026","0","","VOGE","SR450X","Málaga","Andalucía","398"
"29092026","0","","BMW","F 800 GS","Madrid","Comunidad de Madrid","895"
"29092026","0","","ZONTES","ZT125-G1","Coruña (A)","Galicia","125"
"29092026","0","","SYM","SYMPHONY 125","Barcelona","Cataluña","125"
"29092026","0","","VOGE","R125","Valencia/València","Comunidad Valenciana","125"
"29092026","0","","HONDA","SH125i","Barcelona","Cataluña","125"
"29092026","0","","VOGE","DS800X RALLY","Toledo","Castilla-La Mancha","798"
"29092026","0","","YAMAHA","XMAX 125","Bizkaia","País Vasco","125"
"29092026","0","","HONDA","VISION 110","Barcelona","Cataluña","109"
"29092026","0","","ZONTES","125V","Zaragoza","Aragón","125"
"29092026","0","","SUZUKI","SV650GX","Pontevedra","Galicia","645"
"29092026","0","","HONDA","SH125i","Madrid","Comunidad de Madrid","125"
"29092026","0","","HONDA","CB 125 F","Bizkaia","País Vasco","124"
"29092026","0","","SUZUKI","SV650GX","Ourense","Galicia","645"
"29092026","0","","VOGE","SR450X","Santa Cruz de Tenerife","Canarias","398"
"29092026","0","","MORBIDELLI","F125","Coruña (A)","Galicia","125"
"29092026","0","","YAMAHA","NMAX 125","Cádiz","Andalucía","125"
"29092026","0","","HONDA","PCX 125","Madrid","Comunidad de Madrid","125"
"29092026","0","","BMW","F 900 XR","Salamanca","Castilla y León","895"
"29092026","0","","HONDA","PCX 125","Badajoz","Extremadura","125"
"29092026","0","","TRIUMPH","SCRAMBLER 400 XC","Lleida","Cataluña","398"
"29092026","0","","TRIUMPH","DAYTONA 660","Madrid","Comunidad de Madrid","660"
"29092026","0","","HUSQVARNA","HUSQVARNA 901 NORDEN E","Zaragoza","Aragón","889"
"29092026","0","","KEEWAY","RKS 125","Murcia","Región de Murcia","124"
"29092026","0","","HERO MOTOCORP","X PULSE 200 4V","Girona","Cataluña","200"
"29092026","0","","YAMAHA","WR125","Sevilla","Andalucía","125"
"29092026","0","","HONDA","PCX 125","Madrid","Comunidad de Madrid","125"
"29092026","0","","KEEWAY","XDV 125 EVO PRO","Málaga","Andalucía","125"
"29092026","0","","TVS","RONIN","Illes Balears","Illes Balears","226"
"29092026","0","","SYM","JET 14","Valencia/València","Comunidad Valenciana","125"
"29092026","0","","ZONTES","368M","Madrid","Comunidad de Madrid","368"
"29092026","0","","ZONTES","ZT125-G1","Barcelona","Cataluña","125"
"29092026","0","","YAMAHA","NMAX 125","Girona","Cataluña","125"
"29092026","0","","ROYAL ENFIELD","HIMALAYAN 452","Toledo","Castilla-La Mancha","452"
"29092026","0","","HONDA","Rebel 500","Palmas (Las)","Canarias","471"
"29092026","0","","KOVE","KOVE 800 X RALLY","Barcelona","Cataluña","799"
"29092026","0","","MITT","TY125T-58E","Cantabria","Cantabria","125"
"29092026","0","","ZONTES","125C","Asturias","Principado de Asturias","125"
"29092026","0","","BMW","R 1300 GS","Barcelona","Cataluña","1300"
"29092026","0","","RIEJU","NKD 125","Coruña (A)","Galicia","124"
"29092026","0","","HONDA","MSX125A","Santa Cruz de Tenerife","Canarias","124"
"29092026","0","","SYM","JET 14","Córdoba","Andalucía","125"
"29092026","0","","ZONTES","368E","Barcelona","Cataluña","368"
"29092026","0","","HONDA","NC 750 X","Barcelona","Cataluña","745"
"29092026","0","","YAMAHA","NMAX 125","Barcelona","Cataluña","125"
"29092026","0","","HONDA","CBF 125","Almería","Andalucía","125"
"29092026","0","","HONDA","XL750 Transalp","Girona","Cataluña","755"
"29092026","0","","KTM","KTM 300 EXC","Madrid","Comunidad de Madrid","293"
"29092026","0","","HONDA","SH125i","Barcelona","Cataluña","125"
"29092026","0","","ZONTES","125X","Madrid","Comunidad de Madrid","125"
"29092026","0","","ZONTES","125V","Barcelona","Cataluña","125"
"29092026","0","","ZONTES","368G","Pontevedra","Galicia","368"
"29092026","0","","HONDA","FORZA 350","Barcelona","Cataluña","330"
"29092026","0","","MH MOTORCYCLES","VIRO","Granada","Andalucía","333"
"29092026","0","","KEEWAY","VERSILIA 125","Badajoz","Extremadura","125"
"29092026","0","","KAWASAKI","KLE500","Cádiz","Andalucía","451"
"29092026","0","","TRIUMPH","TRIDENT 660","Cantabria","Cantabria","660"
"29092026","0","","ZONTES","125V","Málaga","Andalucía","125"
"29092026","0","","MACBOR","MONTANA XR5 510 E5+","Barcelona","Cataluña","498"
"29092026","0","","BMW","S 1000 XR","Barcelona","Cataluña","999"
"29092026","0","","ZONTES","125V","Pontevedra","Galicia","125"
"29092026","0","","HONDA","FORZA 750","Valladolid","Castilla y León","745"
"29092026","0","","KTM","KTM 390 ADVENTURE R","Barcelona","Cataluña","399"
"29092026","0","","RIEJU","NKD 125","Murcia","Región de Murcia","124"
"29092026","0","","YAMAHA","NMAX 125","Madrid","Comunidad de Madrid","125"
"29092026","0","","ZONTES","125E","Barcelona","Cataluña","125"
"29092026","0","","HONDA","CB1000GT","Asturias","Principado de Asturias","1000"
"29092026","0","","ZONTES","125X","Madrid","Comunidad de Madrid","125"
"29092026","0","","VOGE","R125","Barcelona","Cataluña","125"
"29092026","0","","HONDA","NT1100","Castellón/Castelló","Comunidad Valenciana","1084"
"29092026","0","","BMW","R 1300 GS","Girona","Cataluña","1300"
"29092026","0","","HONDA","SH Mode 125","Barcelona","Cataluña","125"
"29092026","0","","HONDA","PCX 125","Cádiz","Andalucía","125"
"29092026","0","","TRIUMPH","TRIDENT 800","Coruña (A)","Galicia","798"
"29092026","0","","HONDA","ADV 350","Illes Balears","Illes Balears","330"
"29092026","0","","HONDA","NC 750 X","Madrid","Comunidad de Madrid","745"
"29092026","0","","YAMAHA","MT-07","Barcelona","Cataluña","689"
"29092026","0","","BMW","R 1300 GS","Barcelona","Cataluña","1300"
"29092026","0","","VOGE","DS900X","Lugo","Galicia","895"
"29092026","0","","ZONTES","ZT125-U","Alicante/Alacant","Comunidad Valenciana","125"
"29092026","0","","VOGE","300RALLY","Málaga","Andalucía","292"
"29092026","0","","BMW","C 400 GT","Pontevedra","Galicia","350"
"29092026","0","","YAMAHA","XTZ 700 Tenere","Girona","Cataluña","689"
"29092026","0","","HONDA","FORZA125","Alicante/Alacant","Comunidad Valenciana","125"
"29092026","0","","BMW","M 1000 R","Girona","Cataluña","999"
"29092026","0","","ZONTES","368G","Alicante/Alacant","Comunidad Valenciana","368"
"29092026","0","","YAMAHA","XMAX 300","Barcelona","Cataluña","292"
"29092026","0","","PIAGGIO","VESPA PRIMAVERA 125","Asturias","Principado de Asturias","124"
"29092026","0","","SYM","SYMPHONY 125","Barcelona","Cataluña","125"
"29092026","0","","YAMAHA","XMAX 125","Valencia/València","Comunidad Valenciana","125"
"29092026","0","","HONDA","ADV 750","Cádiz","Andalucía","745"
"29092026","0","","HONDA","FORZA125","Santa Cruz de Tenerife","Canarias","125"
"29092026","0","","ZONTES","368G","Madrid","Comunidad de Madrid","368"
"29092026","0","","DUCATI","DESMO 450 EDS","Madrid","Comunidad de Madrid","450"
"29092026","0","","BENELLI","BN125","Tarragona","Cataluña","125"
"29092026","0","","YAMAHA","RayZR 125","Sevilla","Andalucía","125"
"29092026","0","","KYMCO","SKYTOWN 125","Sevilla","Andalucía","125"
"29092026","0","","HONDA","CB 125 F","Illes Balears","Illes Balears","124"
"29092026","0","","NEXT","NX2 125I","Illes Balears","Illes Balears","125"
"29092026","0","","QJMOTOR","SRV 12 E5+","Barcelona","Cataluña","125"
"29092026","0","","ZONTES","125V","Granada","Andalucía","125"
"29092026","0","","SYM","BWT 125","Valencia/València","Comunidad Valenciana","124"
"29092026","0","","YAMAHA","XMAX 300","Córdoba","Andalucía","292"
"29092026","0","","ZONTES","368G","Barcelona","Cataluña","368"
"29092026","0","","HONDA","SH Mode 125","Barcelona","Cataluña","125"
"29092026","0","","HARLEY-DAVIDSON","STREET GLIDE LIMITED","Málaga","Andalucía","1923"
"29092026","0","","HONDA","VISION 110","Málaga","Andalucía","109"
"29092026","0","","SYM","JET 14","Illes Balears","Illes Balears","125"
"29092026","0","","YAMAHA","RayZR 125","Barcelona","Cataluña","125"
"29092026","0","","MOTO GUZZI","V85 TT","Sevilla","Andalucía","853"
"29092026","0","","KYMCO","SKYTOWN 125","Cádiz","Andalucía","125"
"29092026","0","","HONDA","PCX 125","Cádiz","Andalucía","125"
"29092026","0","","MH MOTORCYCLES","VRT","Alicante/Alacant","Comunidad Valenciana","124"
"29092026","0","","ZONTES","703F","Valencia/València","Comunidad Valenciana","699"
"29092026","0","","HONDA","SH125i","Cantabria","Cantabria","125"
"29092026","0","","SYM","CRUISYM 400","Córdoba","Andalucía","399"
"29092026","0","","YAMAHA","NMAX 125","Illes Balears","Illes Balears","125"
"29092026","0","","HONDA","PCX 125","Badajoz","Extremadura","125"
"29092026","0","","YAMAHA","Tracer 9 GT","Barcelona","Cataluña","890"
"29092026","0","","BMW","R 1300 GS","Illes Balears","Illes Balears","1300"
"29092026","0","","ZONTES","125V","Barcelona","Cataluña","125"
"29092026","0","","VOGE","625DSX","Málaga","Andalucía","581"
"29092026","0","","MITT","TY125T-26G","Málaga","Andalucía","125"
"29092026","0","","HONDA","PCX 125","Sevilla","Andalucía","125"
"29092026","0","","HONDA","CBR500","Alicante/Alacant","Comunidad Valenciana","471"
"29092026","0","","YAMAHA","NMAX 125","Gipuzkoa","País Vasco","125"
"29092026","0","","HONDA","ADV 750","Sevilla","Andalucía","745"
"29092026","0","","KYMCO","AGILITY NX 125","Ceuta","Ceuta","125"
"29092026","0","","HONDA","NX500","Rioja (La)","La Rioja","471"
"29092026","0","","ZONTES","125C","Barcelona","Cataluña","125"
"29092026","0","","HONDA","SH Mode 125","Badajoz","Extremadura","125"
"29092026","0","","BMW","F 800 GS","Barcelona","Cataluña","895"
"29092026","0","","ZONTES","368D","Murcia","Región de Murcia","368"
"29092026","0","","ZONTES","125V","Málaga","Andalucía","125"
"29092026","0","","BMW","R 1300 GS ADVENTURE","Salamanca","Castilla y León","1300"
"29092026","0","","ZONTES","125E","Madrid","Comunidad de Madrid","125"
"29092026","0","","ZONTES","125X","Castellón/Castelló","Comunidad Valenciana","125"
"29092026","0","","YAMAHA","NMAX 125","Tarragona","Cataluña","125"
"29092026","0","","HONDA","FORZA125","Illes Balears","Illes Balears","125"
"29092026","0","","SUZUKI","GSX-S125","Barcelona","Cataluña","124"
"29092026","0","","YAMAHA","XMAX 125","Barcelona","Cataluña","125"
"29092026","0","","BMW","F 800 GS","Illes Balears","Illes Balears","895"
"29092026","0","","BMW","F 450 GS","Málaga","Andalucía","420"
"29092026","0","","ZONTES","125V","Castellón/Castelló","Comunidad Valenciana","125"
"29092026","0","","ZONTES","125V","Sevilla","Andalucía","125"
"29092026","0","","MOTO GUZZI","V85 TT","Sevilla","Andalucía","853"
"29092026","0","","MITT","IBIZA","Madrid","Comunidad de Madrid","125"
"29092026","0","","HONDA","CB1000S","Madrid","Comunidad de Madrid","1000"
"29092026","0","","HONDA","FORZA 350","Barcelona","Cataluña","330"
"29092026","0","","HONDA","CRF 300 L","Málaga","Andalucía","286"
"29092026","0","","SYM","SYMPHONY 125","Barcelona","Cataluña","125"
"29092026","0","","HONDA","PCX 125","Alicante/Alacant","Comunidad Valenciana","125"
"29092026","0","","RIEJU","RALLY 307","Barcelona","Cataluña","292"
"29092026","0","","MACBOR","EIGHT MILE 125 LC","Barcelona","Cataluña","124"
"29092026","0","","HONDA","ADV 750","Melilla","Melilla","745"
"29092026","0","","YAMAHA","R7","Sevilla","Andalucía","689"
"29092026","0","","KAWASAKI","KLE500","Alicante/Alacant","Comunidad Valenciana","451"
"29092026","0","","BMW","R 12","Madrid","Comunidad de Madrid","1170"
"29092026","0","","HONDA","ADV 750","Madrid","Comunidad de Madrid","745"
"29092026","0","","SYM","SYMPHONY 125","Madrid","Comunidad de Madrid","125"
"29092026","0","","KYMCO","AGILITY NX 125","Sevilla","Andalucía","125"
"29092026","0","","YAMAHA","NMAX 125","Valencia/València","Comunidad Valenciana","125"
"29092026","0","","HONDA","FORZA125","Sevilla","Andalucía","125"
"29092026","0","","YAMAHA","R7","Cádiz","Andalucía","689"
"29092026","0","","YAMAHA","XMAX 300","Barcelona","Cataluña","292"
"29092026","0","","HONDA","VISION 110","Cádiz","Andalucía","109"
"29092026","0","","ZONTES","125V","Alicante/Alacant","Comunidad Valenciana","125"
"29092026","0","","RIEJU","COASTER 407","Barcelona","Cataluña","385"
"29092026","0","","PIAGGIO","LIBERTY 125 ABS","Gipuzkoa","País Vasco","124"
"29092026","0","","HONDA","ADV 350","Teruel","Aragón","330"
"29092026","0","","KYMCO","SUPER DINK GT 125 E5+","Cádiz","Andalucía","124"
"29092026","0","","QJMOTOR","MTX 125 E5+","Valencia/València","Comunidad Valenciana","125"
"29092026","0","","HONDA","PCX 125","Alicante/Alacant","Comunidad Valenciana","125"
"29092026","0","","VOGE","625DSX","Huelva","Andalucía","581"
"29092026","0","","APRILIA","RS 660","Sevilla","Andalucía","659"
"29092026","0","","SUZUKI","AVENIS 125","Jaén","Andalucía","124"
"29092026","0","","HONDA","CBR1000","Ourense","Galicia","1000"
"29092026","0","","TRIUMPH","SCRAMBLER 1200 XE","Granada","Andalucía","1200"
"29092026","0","","HONDA","MSX125A","Palmas (Las)","Canarias","124"
"29092026","0","","YAMAHA","XMAX 125","Palmas (Las)","Canarias","125"
"29092026","0","","HONDA","VISION 110","Granada","Andalucía","109"
"29092026","0","","HONDA","XL750 Transalp","Barcelona","Cataluña","755"
"29092026","0","","HONDA","PCX 125","Madrid","Comunidad de Madrid","125"
"29092026","0","","HONDA","PCX 125","Alicante/Alacant","Comunidad Valenciana","125"
"29092026","0","","BMW","F 800 GS","Granada","Andalucía","895"
"29092026","0","","HONDA","FORZA 350","Santa Cruz de Tenerife","Canarias","330"
"29092026","0","","TRIUMPH","TRIDENT 660","Madrid","Comunidad de Madrid","660"
"29092026","0","","RIEJU","NKD 125","Barcelona","Cataluña","124"
"29092026","0","","ZONTES","125X","Sevilla","Andalucía","125"
"29092026","0","","HONDA","ADV 750","Palmas (Las)","Canarias","745"
"29092026","0","","SUZUKI","GSX-8S","Rioja (La)","La Rioja","776"
"29092026","0","","BMW","F 800 GS","Valencia/València","Comunidad Valenciana","895"
"29092026","0","","HONDA","PCX 125","Murcia","Región de Murcia","125"
"29092026","0","","ZONTES","125V","Madrid","Comunidad de Madrid","125"
"29092026","0","","HONDA","CB1000SP","Madrid","Comunidad de Madrid","1000"
"29092026","0","","BMW","R 1300 GS ADVENTURE","Santa Cruz de Tenerife","Canarias","1300"
"29092026","0","","BMW","R 1300 GS","Barcelona","Cataluña","1300"
"29092026","0","","PIAGGIO","BEVERLY 400 HPE","Castellón/Castelló","Comunidad Valenciana","399"
"29092026","0","","BMW","F 900 R","Madrid","Comunidad de Madrid","895"
"29092026","0","","VOGE","SR4 MAX","Illes Balears","Illes Balears","350"
"29092026","0","","KAWASAKI","Z900","Cádiz","Andalucía","948"
"29092026","0","","BMW","R 1300 RT","Córdoba","Andalucía","1300"
"29092026","0","","HONDA","FORZA 350","Madrid","Comunidad de Madrid","330"
"29092026","0","","MITT","TY125T-26G","Málaga","Andalucía","125"
"29092026","0","","BMW","F 800 GS","Palmas (Las)","Canarias","895"
"29092026","0","","HONDA","FORZA125","Valencia/València","Comunidad Valenciana","125"
"29092026","0","","HONDA","FORZA125","Valencia/València","Comunidad Valenciana","125"
"29092026","0","","ZONTES","125V","Sevilla","Andalucía","125"
"29092026","0","","ZONTES","125X","Salamanca","Castilla y León","125"
"29092026","0","","ZONTES","125X","Sevilla","Andalucía","125"
"29092026","0","","VOGE","625DSX","Jaén","Andalucía","581"
"29092026","0","","SYM","ADXTG 400","Barcelona","Cataluña","399"
"29092026","0","","HONDA","ADV 350","Barcelona","Cataluña","330"
"29092026","0","","BMW","F 900 XR","Barcelona","Cataluña","895"
"29092026","0","","BMW","F 900 GS","Almería","Andalucía","895"
"29092026","0","","ZONTES","368G","Cantabria","Cantabria","368"
