FEC_MATRICULA,COD_CLASE_MAT,FEC_TRAMITACION,MARCA_ITV,MODELO_ITV,PROVINCIA_VEH,COMUNIDAD_AUTONOMA,CILINDRADA_ITV
"30092026","0","","YAMAHA","MT-07","Girona","Cataluña","689"
"30092026","0","","MORBIDELLI","SC 125","Tarragona","Cataluña","125"
"30092026","0","","CFMOTO","1000MT-X","Barcelona","Cataluña","946"
"30092026","0","","ZONTES","125E","Alicante/Alacant","Comunidad Valenciana","125"
"30092026","0","","NEXT","NX2 125I","Illes Balears","Illes Balears","125"
"30092026","0","","SUZUKI","SV650GX","Alicante/Alacant","Comunidad Valenciana","645"
"30092026","0","","BMW","R 1300 GS ADVENTURE","Barcelona","Cataluña","1300"
"30092026","0","","YAMAHA","TRACER 700","Almería","Andalucía","689"
"30092026","0","","ZONTES","125X","Segovia","Castilla y León","125"
"30092026","0","","MACBOR","ROCKSTER 125 EVO E5+","Barcelona","Cataluña","125"
"30092026","0","","ZONTES","125X","Zaragoza","Aragón","125"
"30092026","0","","SYM","SYMPHONY 125","Zaragoza","Aragón","125"
"30092026","0","","ZONTES","125C","Madrid","Comunidad de Madrid","125"
"30092026","0","","PIAGGIO","VESPA PRIMAVERA 125","Barcelona","Cataluña","124"
"30092026","0","","ZONTES","368K","Barcelona","Cataluña","368"
"30092026","0","","BMW","S 1000 RR","Madrid","Comunidad de Madrid","999"
"30092026","0","","HONDA","PCX 125","Valencia/València","Comunidad Valenciana","125"
"30092026","0","","HONDA","VISION 110","Barcelona","Cataluña","109"
"30092026","0","","ZONTES","368G","Barcelona","Cataluña","368"
"30092026","0","","HONDA","ADV 750","Madrid","Comunidad de Madrid","745"
"30092026","0","","KYMCO","AGILITY NX 125","Granada","Andalucía","125"
"30092026","0","","ZONTES","703RR","Lleida","Cataluña","699"
"30092026","0","","HONDA","PCX 125","Illes Balears","Illes Balears","125"
"30092026","0","","HONDA","SH Mode 125","Barcelona","Cataluña","125"
"30092026","0","","ZONTES","125V","Murcia","Región de Murcia","125"
"30092026","0","","ZONTES","125X","Valencia/València","Comunidad Valenciana","125"
"30092026","0","","VOGE","DS900X","Asturias","Principado de Asturias","895"
"30092026","0","","ZONTES","ZT125-U1","Zamora","Castilla y León","125"
"30092026","0","","ZONTES","368G","Alicante/Alacant","Comunidad Valenciana","368"
"30092026","0","","HONDA","SH125i","Málaga","Andalucía","125"
"30092026","0","","PIAGGIO","VESPA PRIMAVERA 125","Cádiz","Andalucía","124"
"30092026","0","","MOTO GUZZI","V85 TT","Barcelona","Cataluña","853"
"30092026","0","","KYMCO","AGILITY NX 125","Illes Balears","Illes Balears","125"
"30092026","0","","QJMOTOR","SRK 600","Coruña (A)","Galicia","554"
"30092026","0","","HONDA","NC 750 X","Málaga","Andalucía","745"
"30092026","0","","PIAGGIO","LIBERTY 125 ABS","Valencia/València","Comunidad Valenciana","124"
"30092026","0","","ZONTES","125X","Madrid","Comunidad de Madrid","125"
"30092026","0","","VOGE","SR450X","Barcelona","Cataluña","398"
"30092026","0","","QJMOTOR","SRT 900 S","Álava/Araba","País Vasco","904"
"30092026","0","","KYMCO","DTX 350","Cantabria","Cantabria","321"
"30092026","0","","BENDA","NAPOLEON 500","Córdoba","Andalucía","476"
"30092026","0","","ZONTES","125V","Málaga","Andalucía","125"
"30092026","0","","RIEJU","NKD 125","Murcia","Región de Murcia","124"
"30092026","0","","DUCATI","MONSTER SPORT LIVERY","Ourense","Galicia","890"
"30092026","0","","ZONTES","ZT125-U","Murcia","Región de Murcia","125"
"30092026","0","","DUCATI","SCRAMBLER ICON DARK","Zaragoza","Aragón","803"
"30092026","0","","YAMAHA","NMAX 125","Salamanca","Castilla y León","125"
"30092026","0","","HONDA","FORZA 750","Madrid","Comunidad de Madrid","745"
"30092026","0","","KAWASAKI","Z900","Girona","Cataluña","948"
"30092026","0","","BMW","K 1600 GTL","Valladolid","Castilla y León","1649"
"30092026","0","","BMW","F 900 R","Cádiz","Andalucía","895"
"30092026","0","","BMW","S 1000 RR","Madrid","Comunidad de Madrid","999"
"30092026","0","","BMW","R 1300 GS ADVENTURE","Barcelona","Cataluña","1300"
"30092026","0","","ZONTES","125V","Barcelona","Cataluña","125"
"30092026","0","","MORBIDELLI","T502X","Badajoz","Extremadura","486"
"30092026","0","","YAMAHA","NMAX 125","Rioja (La)","La Rioja","125"
"30092026","0","","HONDA","FORZA125","Barcelona","Cataluña","125"
"30092026","0","","VOGE","DS900X","Lleida","Cataluña","895"
"30092026","0","","HONDA","PCX 125","Santa Cruz de Tenerife","Canarias","125"
"30092026","0","","PIAGGIO","VESPA PRIMAVERA 125","Granada","Andalucía","124"
"30092026","0","","HONDA","NX500","Asturias","Principado de Asturias","471"
"30092026","0","","BMW","C 400 X","Barcelona","Cataluña","350"
"30092026","0","","KYMCO","AGILITY NX 125","Barcelona","Cataluña","125"
"30092026","0","","YAMAHA","XTZ 700 Tenere","Alicante/Alacant","Comunidad Valenciana","689"
"30092026","0","","VOGE","DS900X","Madrid","Comunidad de Madrid","895"
"30092026","0","","VOGE","DS800X RALLY","Málaga","Andalucía","798"
"30092026","0","","PIAGGIO","VESPA PRIMAVERA 125","Valencia/València","Comunidad Valenciana","124"
"30092026","0","","BENDA","NAPOLEON 125","Barcelona","Cataluña","125"
"30092026","0","","BMW","F 450 GS","Barcelona","Cataluña","420"
"30092026","0","","ZONTES","125V","Murcia","Región de Murcia","125"
"30092026","0","","APRILIA","SR GT 125","Santa Cruz de Tenerife","Canarias","125"
"30092026","0","","ZONTES","703F","Lleida","Cataluña","699"
"30092026","0","","ZONTES","125X","Barcelona","Cataluña","125"
"30092026","0","","ZONTES","125X","Madrid","Comunidad de Madrid","125"
"30092026","0","","BMW","C 400 GT","Madrid","Comunidad de Madrid","350"
"30092026","0","","HONDA","PCX 125","Murcia","Región de Murcia","125"
"30092026","0","","HONDA","VISION 110","Barcelona","Cataluña","109"
"30092026","0","","QJMOTOR","SRK 125 J","Burgos","Castilla y León","125"
"30092026","0","","ZONTES","368G","Rioja (La)","La Rioja","368"
"30092026","0","","BMW","F 450 GS","Pontevedra","Galicia","420"
"30092026","0","","BMW","R 1300 GS ADVENTURE","Toledo","Castilla-La Mancha","1300"
"30092026","0","","HONDA","PCX 125","Barcelona","Cataluña","125"
"30092026","0","","BMW","R 1300 GS ADVENTURE","Madrid","Comunidad de Madrid","1300"
"30092026","0","","ZONTES","368G","Barcelona","Cataluña","368"
"30092026","0","","QJMOTOR","SRK 125 J","Madrid","Comunidad de Madrid","125"
"30092026","0","","VOGE","SR3","Zaragoza","Aragón","244"
"30092026","0","","SYM","JOYMAX Z 300 E5+","Madrid","Comunidad de Madrid","278"
"30092026","0","","HONDA","ADV 750","Palmas (Las)","Canarias","745"
"30092026","0","","HARLEY-DAVIDSON","LOW RIDER S","Tarragona","Cataluña","1923"
"30092026","0","","ZONTES","125V","Cádiz","Andalucía","125"
"30092026","0","","KOVE","KOVE 800 X GT","Madrid","Comunidad de Madrid","799"
"30092026","0","","PIAGGIO","VESPA PRIMAVERA 125","Asturias","Principado de Asturias","124"
"30092026","0","","ZONTES","125X","Sevilla","Andalucía","125"
"30092026","0","","BMW","C 400 GT","Madrid","Comunidad de Madrid","350"
"30092026","0","","YAMAHA","Tracer 9 GT","Álava/Araba","País Vasco","890"
"30092026","0","","ZONTES","125X","Valencia/València","Comunidad Valenciana","125"
"30092026","0","","ZONTES","125C","Salamanca","Castilla y León","125"
"30092026","0","","KEEWAY","XDV 125 EVO PRO","Segovia","Castilla y León","125"
"30092026","0","","YAMAHA","NMAX 125","Cádiz","Andalucía","125"
"30092026","0","","HONDA","SH Mode 125","Alicante/Alacant","Comunidad Valenciana","125"
"30092026","0","","ZONTES","ZT125-G1","Granada","Andalucía","125"
"30092026","0","","SYM","SYMPHONY 125","Málaga","Andalucía","125"
"30092026","0","","ZONTES","125X","Alicante/Alacant","Comunidad Valenciana","125"
"30092026","0","","YAMAHA","XMAX 125","Palmas (Las)","Canarias","125"
"30092026","0","","SYM","ADX 125 LC TCS E5+","Burgos","Castilla y León","125"
"30092026","0","","BMW","S 1000 R","Tarragona","Cataluña","999"
"30092026","0","","BMW","R 1300 GS ADVENTURE","Asturias","Principado de Asturias","1300"
"30092026","0","","HONDA","PCX 125","Madrid","Comunidad de Madrid","125"
"30092026","0","","VOGE","SR16","Huelva","Andalucía","125"
"30092026","0","","ZONTES","125V","Valencia/València","Comunidad Valenciana","125"
"30092026","0","","GASGAS","EC 350F","Barcelona","Cataluña","350"
"30092026","0","","SYM","SYMPHONY 125","Gipuzkoa","País Vasco","125"
"30092026","0","","KYMCO","AGILITY S","Asturias","Principado de Asturias","125"
"30092026","0","","KOVE","KOVE 800 X PRO 2026","Madrid","Comunidad de Madrid","799"
"30092026","0","","BMW","F 900 XR","Alicante/Alacant","Comunidad Valenciana","895"
"30092026","0","","ZONTES","125X","Málaga","Andalucía","125"
"30092026","0","","BMW","M 1000 XR","Illes Balears","Illes Balears","999"
"30092026","0","","SYM","SYMPHONY 125","Barcelona","Cataluña","125"
"30092026","0","","SUZUKI","GSX-S 1000","Palmas (Las)","Canarias","999"
"30092026","0","","SUZUKI","ADDRESS 125","Alicante/Alacant","Comunidad Valenciana","124"
"30092026","0","","BMW","R 1300 GS ADVENTURE","Murcia","Región de Murcia","1300"
"30092026","0","","VOGE","DS900X","Asturias","Principado de Asturias","895"
"30092026","0","","VOGE","SR450X","Jaén","Andalucía","398"
"30092026","0","","ZONTES","125E","Barcelona","Cataluña","125"
"30092026","0","","KYMCO","AGILITY NX 125","Granada","Andalucía","125"
"30092026","0","","HONDA","CB1000SP","Valencia/València","Comunidad Valenciana","1000"
"30092026","0","","ZONTES","125V","Sevilla","Andalucía","125"
"30092026","0","","HONDA","FORZA125","Cantabria","Cantabria","125"
"30092026","0","","SYM","SYMPHONY 125","Cádiz","Andalucía","125"
"30092026","0","","SYM","JET 14","Alicante/Alacant","Comunidad Valenciana","125"
"30092026","0","","KYMCO","AGILITY NX 125","Barcelona","Cataluña","125"
"30092026","0","","KTM","KTM 390 ADVENTURE R","Coruña (A)","Galicia","399"
"30092026","0","","ZONTES","125X","Tarragona","Cataluña","125"
"30092026","0","","PEUGEOT","TWEET FL 125 CC","Asturias","Principado de Asturias","125"
"30092026","0","","ZONTES","125X","Málaga","Andalucía","125"
"30092026","0","","KTM","KTM 300 EXC","Sevilla","Andalucía","293"
"30092026","0","","ZONTES","125X","Asturias","Principado de Asturias","125"
"30092026","0","","HONDA","PCX 125","Illes Balears","Illes Balears","125"
"30092026","0","","PEUGEOT","TWEET FL 125 CC","Illes Balears","Illes Balears","125"
"30092026","0","","KTM","KTM 250 EXC","Cádiz","Andalucía","249"
"30092026","0","","PIAGGIO","VESPA PRIMAVERA 125","Castellón/Castelló","Comunidad Valenciana","124"
"30092026","0","","ZONTES","368G","Madrid","Comunidad de Madrid","368"
"30092026","0","","ZONTES","ZT125-G1","Barcelona","Cataluña","125"
"30092026","0","","MITT","125GTS","Tarragona","Cataluña","125"
"30092026","0","","SYM","CRUISYM 125 TCS E5+","Alicante/Alacant","Comunidad Valenciana","124"
"30092026","0","","YAMAHA","NMAX 125","Valladolid","Castilla y León","125"
"30092026","0","","HONDA","SH125i","Murcia","Región de Murcia","125"
"30092026","0","","YAMAHA","WR125","Alicante/Alacant","Comunidad Valenciana","125"
"30092026","0","","SUZUKI","V-Strom 800","Santa Cruz de Tenerife","Canarias","776"
"30092026","0","","APRILIA","RS 457","Barcelona","Cataluña","457"
"30092026","0","","HONDA","FORZA 750","Santa Cruz de Tenerife","Canarias","745"
"30092026","0","","KYMCO","PEOPLE S 125 E5+","Sevilla","Andalucía","125"
"30092026","0","","BAJAJ","PULSAR NS 400 Z","Barcelona","Cataluña","373"
"30092026","0","","PIAGGIO","MEDLEY 125","Málaga","Andalucía","125"
"30092026","0","","QJMOTOR","SRK 125 S E5+","Coruña (A)","Galicia","125"
"30092026","0","","ZONTES","125X","Madrid","Comunidad de Madrid","125"
"30092026","0","","HONDA","NT1100","Alicante/Alacant","Comunidad Valenciana","1084"
"30092026","0","","DUCATI","PANIGALE V2","Santa Cruz de Tenerife","Canarias","890"
"30092026","0","","ZONTES","125V","Cádiz","Andalucía","125"
"30092026","0","","BMW","F 800 GS","Madrid","Comunidad de Madrid","895"
"30092026","0","","ZONTES","125X","Madrid","Comunidad de Madrid","125"
"30092026","0","","DUCATI","HYPERMOTARD 698 MONO D","Madrid","Comunidad de Madrid","659"
"30092026","0","","VOGE","625DSX","Palmas (Las)","Canarias","581"
"30092026","0","","HONDA","ADV 750","Pontevedra","Galicia","745"
"30092026","0","","HONDA","CB1000GT","Barcelona","Cataluña","1000"
"30092026","0","","ZONTES","368G","Girona","Cataluña","368"
"30092026","0","","YAMAHA","NMAX 125","Córdoba","Andalucía","125"
"30092026","0","","ZONTES","125V","Barcelona","Cataluña","125"
"30092026","0","","YAMAHA","XMAX 125","Alicante/Alacant","Comunidad Valenciana","125"
"30092026","0","","HONDA","GB350S","Alicante/Alacant","Comunidad Valenciana","348"
"30092026","0","","BMW","K 1600 GT","Alicante/Alacant","Comunidad Valenciana","1649"
"30092026","0","","HONDA","NC 750 X","Zaragoza","Aragón","745"
"30092026","0","","BMW","S 1000 RR","Albacete","Castilla-La Mancha","999"
"30092026","0","","BMW","F 900 R","Madrid","Comunidad de Madrid","895"
"30092026","0","","YAMAHA","RayZR 125","Cantabria","Cantabria","125"
"30092026","0","","HONDA","NC 750 X","Valencia/València","Comunidad Valenciana","745"
"30092026","0","","ZONTES","125V","Valencia/València","Comunidad Valenciana","125"
"30092026","0","","KOVE","KOVE 800 X PRO 2026","Barcelona","Cataluña","799"
"30092026","0","","MOTO GUZZI","STELVIO (A.R.A.S.)","Barcelona","Cataluña","1042"
"30092026","0","","HONDA","PCX 125","Asturias","Principado de Asturias","125"
"30092026","0","","PIAGGIO","VESPA PRIMAVERA 125","Valencia/València","Comunidad Valenciana","124"
"30092026","0","","ZONTES","125V","Asturias","Principado de Asturias","125"
"30092026","0","","HONDA","CB 125 F","Guadalajara","Castilla-La Mancha","124"
"30092026","0","","HONDA","ADV 750","Santa Cruz de Tenerife","Canarias","745"
"30092026","0","","HONDA","VISION 110","Barcelona","Cataluña","109"
"30092026","0","","YAMAHA","NMAX 125","Illes Balears","Illes Balears","125"
"30092026","0","","HONDA","PCX 125","Madrid","Comunidad de Madrid","125"
"30092026","0","","DUCATI","PANIGALE V2","Madrid","Comunidad de Madrid","890"
"30092026","0","","HONDA","ADV 350","Illes Balears","Illes Balears","330"
"30092026","0","","SUZUKI","BURGMAN 400","Murcia","Región de Murcia","400"
"30092026","0","","ZONTES","125C","Sevilla","Andalucía","125"
"30092026","0","","MH MOTORCYCLES","VR10","Sevilla","Andalucía","124"
"30092026","0","","QJMOTOR","FORT 125 N E5+","Toledo","Castilla-La Mancha","125"
"30092026","0","","YAMAHA","XTZ 700 Tenere","Málaga","Andalucía","689"
"30092026","0","","SYM","JET X","Almería","Andalucía","125"
"30092026","0","","YAMAHA","XMAX 125","Illes Balears","Illes Balears","125"
"30092026","0","","KYMCO","SUPER DINK GT 125 E5+","Castellón/Castelló","Comunidad Valenciana","124"
"30092026","0","","KTM","KTM 125 DUKE","Zaragoza","Aragón","125"
"30092026","0","","HONDA","ADV 350","Murcia","Región de Murcia","330"
"30092026","0","","SYM","JET 14","Cádiz","Andalucía","125"
"30092026","0","","YAMAHA","NMAX 125","Ávila","Castilla y León","125"
"30092026","0","","YAMAHA","TMAX 560","Valencia/València","Comunidad Valenciana","562"
"30092026","0","","YAMAHA","NMAX 125","Ourense","Galicia","125"
"30092026","0","","MITT","125 NK","Madrid","Comunidad de Madrid","124"
"30092026","0","","HONDA","SH Mode 125","Barcelona","Cataluña","125"
"30092026","0","","ZONTES","125V","Cádiz","Andalucía","125"
"30092026","0","","CFMOTO","1000MT-X","Cádiz","Andalucía","946"
"30092026","0","","YAMAHA","RayZR 125","Illes Balears","Illes Balears","125"
"30092026","0","","SUZUKI","V-Strom 800","Castellón/Castelló","Comunidad Valenciana","776"
"30092026","0","","VOGE","625R","Madrid","Comunidad de Madrid","581"
"30092026","0","","HONDA","SH350i","Barcelona","Cataluña","330"
"30092026","0","","ZONTES","125X","Sevilla","Andalucía","125"
"30092026","0","","BMW","F 800 GS","Málaga","Andalucía","895"
"30092026","0","","BMW","F 900 GS","Valencia/València","Comunidad Valenciana","895"
"30092026","0","","YAMAHA","NMAX 125","Valencia/València","Comunidad Valenciana","125"
"30092026","0","","KTM","KTM 390 ADVENTURE R","Madrid","Comunidad de Madrid","399"
"30092026","0","","BMW","F 450 GS","Barcelona","Cataluña","420"
"30092026","0","","QJMOTOR","SRT 600 SX E5+","Palmas (Las)","Canarias","554"
"30092026","0","","YAMAHA","NMAX 125","Madrid","Comunidad de Madrid","125"
"30092026","0","","ZONTES","125E","Girona","Cataluña","125"
"30092026","0","","ZONTES","125X","Sevilla","Andalucía","125"
"30092026","0","","HARLEY-DAVIDSON","SPORTSTER S","Barcelona","Cataluña","1252"
"30092026","0","","YAMAHA","TMAX 560","Valencia/València","Comunidad Valenciana","562"
"30092026","0","","BMW","F 800 GS","Sevilla","Andalucía","895"
"30092026","0","","HARLEY-DAVIDSON","HYDRA-GLIDE REVIVAL","Illes Balears","Illes Balears","1868"
"30092026","0","","QJMOTOR","FORT 125 N E5+","Ourense","Galicia","125"
"30092026","0","","HONDA","ADV 350","Málaga","Andalucía","330"
"30092026","0","","YAMAHA","XMAX 125","Madrid","Comunidad de Madrid","125"
"30092026","0","","KYMCO","SUPER DINK GT 125 E5+","Madrid","Comunidad de Madrid","124"
"30092026","0","","HONDA","FORZA125","Alicante/Alacant","Comunidad Valenciana","125"
"30092026","0","","YAMAHA","MT-07","Gipuzkoa","País Vasco","689"
"30092026","0","","YAMAHA","XTZ 700 Tenere","Palmas (Las)","Canarias","689"
"30092026","0","","HONDA","SH125i","Málaga","Andalucía","125"
"30092026","0","","HONDA","PCX 125","Illes Balears","Illes Balears","125"
"30092026","0","","HONDA","NC 750 X","Barcelona","Cataluña","745"
"30092026","0","","CFMOTO","800MT","Madrid","Comunidad de Madrid","799"
"30092026","0","","ZONTES","125V","Valencia/València","Comunidad Valenciana","125"
"30092026","0","","BMW","S 1000 RR","Santa Cruz de Tenerife","Canarias","999"
"30092026","0","","MITT","TY125T-26G","Sevilla","Andalucía","125"
"30092026","0","","SYM","SYMPHONY 125","Rioja (La)","La Rioja","125"
"30092026","0","","QJMOTOR","SRT 900 S","Pontevedra","Galicia","904"
"30092026","0","","BMW","R 1300 GS","Madrid","Comunidad de Madrid","1300"
"30092026","0","","YAMAHA","MT-07","Barcelona","Cataluña","689"
"30092026","0","","SYM","SYMPHONY 125","Sevilla","Andalucía","125"
"30092026","0","","VOGE","SR16 AIR","Zaragoza","Aragón","125"
"30092026","0","","SUZUKI","GSX-S 1000","Ciudad Real","Castilla-La Mancha","999"
"30092026","0","","YAMAHA","MT-07","Madrid","Comunidad de Madrid","689"
"30092026","0","","VOGE","625R","Sevilla","Andalucía","581"
"30092026","0","","PIAGGIO","MEDLEY 125","Málaga","Andalucía","125"
"30092026","0","","HONDA","NX500","Barcelona","Cataluña","471"
"30092026","0","","ZONTES","125E","Madrid","Comunidad de Madrid","125"
"30092026","0","","HONDA","FORZA125","Huelva","Andalucía","125"
"30092026","0","","BMW","F 900 GS ADVENTURE","Huelva","Andalucía","895"
"30092026","0","","ZONTES","125X","Cádiz","Andalucía","125"
"30092026","0","","YAMAHA","MT-07","Madrid","Comunidad de Madrid","689"
"30092026","0","","HONDA","CB650RA","Barcelona","Cataluña","649"
"30092026","0","","BMW","M 1000 XR","Badajoz","Extremadura","999"
"30092026","0","","APRILIA","SR GT 400","Navarra","Comunidad Foral de Navarra","399"
"30092026","0","","GASGAS","EC 300","Asturias","Principado de Asturias","293"
"30092026","0","","VOGE","DS800X RALLY","Palmas (Las)","Canarias","798"
"30092026","0","","SYM","SYMPHONY 125","Barcelona","Cataluña","125"
"30092026","0","","HONDA","PCX 125","Valladolid","Castilla y León","125"
"30092026","0","","YAMAHA","TRACER 700","Toledo","Castilla-La Mancha","689"
"30092026","0","","ROYAL ENFIELD","METEOR 350","Asturias","Principado de Asturias","349"
"30092026","0","","HERO MOTOCORP","X PULSE 200 4V","Córdoba","Andalucía","200"
"30092026","0","","ZONTES","125V","Málaga","Andalucía","125"
"30092026","0","","MACBOR","ROCKSTER 125 EVO E5+","Alicante/Alacant","Comunidad Valenciana","125"
"30092026","0","","MH MOTORCYCLES","VR10","Cádiz","Andalucía","124"
"30092026","0","","YAMAHA","RayZR 125","Cantabria","Cantabria","125"
"30092026","0","","HONDA","ADV 350","Palmas (Las)","Canarias","330"
"30092026","0","","KTM","KTM 390 DUKE","Madrid","Comunidad de Madrid","399"
"30092026","0","","APRILIA","RS 125","Barcelona","Cataluña","124"
"30092026","0","","KAWASAKI","Z650","Barcelona","Cataluña","649"
"30092026","0","","SYM","SYMPHONY 125","Málaga","Andalucía","125"
"30092026","0","","VOGE","SR450X","Alicante/Alacant","Comunidad Valenciana","398"
"30092026","0","","VOGE","SR450X","Santa Cruz de Tenerife","Canarias","398"
"30092026","0","","HONDA","FORZA 350","Madrid","Comunidad de Madrid","330"
"30092026","0","","ZONTES","125X","Madrid","Comunidad de Madrid","125"
"30092026","0","","SYM","SYMPHONY 125","Barcelona","Cataluña","125"
"30092026","0","","HONDA","SH350i","Gipuzkoa","País Vasco","330"
"30092026","0","","ZONTES","125X","Alicante/Alacant","Comunidad Valenciana","125"
"30092026","0","","YAMAHA","RayZR 125","Málaga","Andalucía","125"
"30092026","0","","BMW","R 1300 GS","Alicante/Alacant","Comunidad Valenciana","1300"
"30092026","0","","BMW","F 900 GS ADVENTURE","Cádiz","Andalucía","895"
"30092026","0","","HONDA","CB1000GT","Alicante/Alacant","Comunidad Valenciana","1000"
"30092026","0","","ZONTES","125E","Alicante/Alacant","Comunidad Valenciana","125"
"30092026","0","","VOGE","625DSX","Madrid","Comunidad de Madrid","581"
"30092026","0","","HONDA","FORZA 350","Murcia","Región de Murcia","330"
"30092026","0","","HONDA","FORZA125","Albacete","Castilla-La Mancha","125"
"30092026","0","","BMW","R 1300 RT","Coruña (A)","Galicia","1300"
"30092026","0","","HONDA","ADV 350","Madrid","Comunidad de Madrid","330"
"30092026","0","","HONDA","CB1000GT","Barcelona","Cataluña","1000"
"30092026","0","","ZONTES","125X","Zaragoza","Aragón","125"
"30092026","0","","ZONTES","125X","Barcelona","Cataluña","125"
"30092026","0","","KYMCO","AGILITY NX 125","Madrid","Comunidad de Madrid","125"
"30092026","0","","VOGE","DS800X RALLY","Barcelona","Cataluña","798"
"30092026","0","","HONDA","ADV 750","Málaga","Andalucía","745"
"30092026","0","","HONDA","CBR600R3","Lugo","Galicia","599"
"30092026","0","","KYMCO","AGILITY S","Alicante/Alacant","Comunidad Valenciana","125"
"30092026","0","","MACBOR","EIGHT MILE 125 LC","Sevilla","Andalucía","124"
"30092026","0","","VOGE","DS525X","Madrid","Comunidad de Madrid","494"
"30092026","0","","DUCATI","MONSTER","Málaga","Andalucía","890"
"30092026","0","","HONDA","SH125i","Tarragona","Cataluña","125"
"30092026","0","","SYM","JET 14","Navarra","Comunidad Foral de Navarra","125"
"30092026","0","","VOGE","SR450X","Bizkaia","País Vasco","398"
"30092026","0","","YAMAHA","NMAX 125","Valencia/València","Comunidad Valenciana","125"
"30092026","0","","YAMAHA","NMAX 125","Asturias","Principado de Asturias","125"
"30092026","0","","ROYAL ENFIELD","HIMALAYAN 452","Barcelona","Cataluña","452"
"30092026","0","","KAWASAKI","Z900RS","Barcelona","Cataluña","948"
"30092026","0","","HONDA","FORZA 350","Cantabria","Cantabria","330"
"30092026","0","","ZONTES","368G","Málaga","Andalucía","368"
"30092026","0","","ZONTES","368G","Almería","Andalucía","368"
"30092026","0","","KYMCO","AGILITY S","Málaga","Andalucía","125"
"30092026","0","","VOGE","DS800X RALLY","Alicante/Alacant","Comunidad Valenciana","798"
"30092026","0","","HONDA","PCX 125","Santa Cruz de Tenerife","Canarias","125"
"30092026","0","","HONDA","PCX 125","Navarra","Comunidad Foral de Navarra","125"
"30092026","0","","HONDA","PCX 125","Málaga","Andalucía","125"
"30092026","0","","KAWASAKI","Z900","Córdoba","Andalucía","948"
"30092026","0","","CYCLONE","RT3S","Navarra","Comunidad Foral de Navarra","289"
"30092026","0","","KYMCO","AGILITY NX 125","Lleida","Cataluña","125"
"30092026","0","","KYMCO","SUPER DINK GT 125 E5+","Santa Cruz de Tenerife","Canarias","124"
"30092026","0","","BMW","R 1300 GS ADVENTURE","Valencia/València","Comunidad Valenciana","1300"
"30092026","0","","BMW","R 1300 GS ADVENTURE","Barcelona","Cataluña","1300"
"30092026","0","","ZONTES","368G","Asturias","Principado de Asturias","368"
"30092026","0","","ZONTES","125X","Albacete","Castilla-La Mancha","125"
"30092026","0","","VOGE","SR450X","Jaén","Andalucía","398"
"30092026","0","","ZONTES","125X","Málaga","Andalucía","125"
"30092026","0","","TRIUMPH","SPEED TWIN 900","Huelva","Andalucía","900"
"30092026","0","","ZONTES","125V","Castellón/Castelló","Comunidad Valenciana","125"
"30092026","0","","TRIUMPH","SPEED TWIN 1200 RS","Madrid","Comunidad de Madrid","1200"
"30092026","0","","DUCATI","DIAVEL V4 RS","Murcia","Región de Murcia","1103"
"30092026","0","","BMW","C 400 X","Cádiz","Andalucía","350"
"30092026","0","","HONDA","ADV 350","Asturias","Principado de Asturias","330"
"30092026","0","","BMW","F 450 GS","Badajoz","Extremadura","420"
"30092026","0","","BMW","F 900 GS","Bizkaia","País Vasco","895"
"30092026","0","","KTM","KTM 390 ADVENTURE R","Madrid","Comunidad de Madrid","399"
"30092026","0","","ZONTES","125V","Barcelona","Cataluña","125"
"30092026","0","","ZONTES","ZT125-G1","Palmas (Las)","Canarias","125"
"30092026","0","","QJMOTOR","SRK 125 S E5+","Cádiz","Andalucía","125"
"30092026","0","","QJMOTOR","SRV 125 E5+","Valladolid","Castilla y León","125"
"30092026","0","","BMW","R 1300 GS","Barcelona","Cataluña","1300"
"30092026","0","","KYMCO","DTX 350","Barcelona","Cataluña","321"
"30092026","0","","BMW","C 400 GT","Madrid","Comunidad de Madrid","350"
"30092026","0","","HONDA","PCX 125","Illes Balears","Illes Balears","125"
"30092026","0","","SUZUKI","GSX-S 1000","Santa Cruz de Tenerife","Canarias","999"
"30092026","0","","ZONTES","125V","Cádiz","Andalucía","125"
"30092026","0","","APRILIA","SR GT 125","Valencia/València","Comunidad Valenciana","125"
"30092026","0","","KYMCO","PEOPLE S 125 E5+","Alicante/Alacant","Comunidad Valenciana","125"
"30092026","0","","YAMAHA","XMAX 125","Barcelona","Cataluña","125"
"30092026","0","","KAWASAKI","NINJA 650","Toledo","Castilla-La Mancha","649"
"30092026","0","","BMW","F 450 GS","Lleida","Cataluña","420"
"30092026","0","","QJMOTOR","SRK 125 J","Barcelona","Cataluña","125"
"30092026","0","","BMW","F 800 GS","Barcelona","Cataluña","895"
"30092026","0","","DUCATI","HYPERMOTARD 698 MONO R","Alicante/Alacant","Comunidad Valenciana","659"
"30092026","0","","BMW","F 900 GS","Almería","Andalucía","895"
"30092026","0","","YAMAHA","NMAX 125","Madrid","Comunidad de Madrid","125"
"30092026","0","","BMW","F 800 GS","Albacete","Castilla-La Mancha","895"
"30092026","0","","BMW","R 1300 GS ADVENTURE","Sevilla","Andalucía","1300"
"30092026","0","","BMW","F 450 GS","Alicante/Alacant","Comunidad Valenciana","420"
"30092026","0","","KEEWAY","XDV 125 EVO PRO","Almería","Andalucía","125"
"30092026","0","","BMW","F 450 GS","Barcelona","Cataluña","420"
"30092026","0","","RIEJU","COASTER 407","Madrid","Comunidad de Madrid","385"
"30092026","0","","KAWASAKI","NINJA 650","Santa Cruz de Tenerife","Canarias","649"
"30092026","0","","ZONTES","125X","Murcia","Región de Murcia","125"
"30092026","0","","ZONTES","368G","Melilla","Melilla","368"
"30092026","0","","ZONTES","125V","Valencia/València","Comunidad Valenciana","125"
"30092026","0","","HONDA","PCX 125","Zaragoza","Aragón","125"
"30092026","0","","HONDA","PCX 125","Murcia","Región de Murcia","125"
"30092026","0","","RIEJU","RALLY 307","Valencia/València","Comunidad Valenciana","292"
"30092026","0","","ZONTES","368G","Tarragona","Cataluña","368"
"30092026","0","","KAWASAKI","Z1100","Santa Cruz de Tenerife","Canarias","1099"
"30092026","0","","ZONTES","125V","Castellón/Castelló","Comunidad Valenciana","125"
"30092026","0","","BMW","F 450 GS","Málaga","Andalucía","420"
"30092026","0","","BMW","F 900 GS","Barcelona","Cataluña","895"
"30092026","0","","ZXMOTO","500RR","Teruel","Aragón","470"
"30092026","0","","BMW","R 12 NINET","Málaga","Andalucía","1170"
"30092026","0","","ZONTES","125X","Zaragoza","Aragón","125"
"30092026","0","","ZONTES","ZT125-G1","Barcelona","Cataluña","125"
"30092026","0","","HONDA","ADV 750","Palmas (Las)","Canarias","745"
"30092026","0","","APRILIA","RS 457","Barcelona","Cataluña","457"
"30092026","0","","SYM","SYMPHONY 125","Barcelona","Cataluña","125"
"30092026","0","","ZONTES","125X","Jaén","Andalucía","125"
"30092026","0","","PEUGEOT","PM-01","Murcia","Región de Murcia","125"
"30092026","0","","BMW","R 1300 GS ADVENTURE","Barcelona","Cataluña","1300"
"30092026","0","","YAMAHA","NMAX 125","Sevilla","Andalucía","125"
"30092026","0","","APRILIA","RSV4","Barcelona","Cataluña","1099"
"30092026","0","","ZONTES","125V","Palmas (Las)","Canarias","125"
"30092026","0","","MOTO GUZZI","V100 MANDELLO","Burgos","Castilla y León","1042"
"30092026","0","","APRILIA","SR GT 125","Cádiz","Andalucía","125"
"30092026","0","","HONDA","SH Mode 125","Barcelona","Cataluña","125"
"30092026","0","","BMW","R 1300 RS","Valladolid","Castilla y León","1300"
"30092026","0","","HONDA","PCX 125","Illes Balears","Illes Balears","125"
"30092026","0","","HONDA","SH Mode 125","Barcelona","Cataluña","125"
"30092026","0","","HONDA","SH125i","Gipuzkoa","País Vasco","125"
"30092026","0","","DUCATI","PANIGALE V2","Valencia/València","Comunidad Valenciana","890"
"30092026","0","","HONDA","SH125i","Málaga","Andalucía","125"
"30092026","0","","HONDA","PCX 125","Alicante/Alacant","Comunidad Valenciana","125"
"30092026","0","","CFMOTO","675SR-R","Madrid","Comunidad de Madrid","674"
"30092026","0","","KAWASAKI","Z650","Barcelona","Cataluña","649"
"30092026","0","","YAMAHA","MT-125","Alicante/Alacant","Comunidad Valenciana","125"
"30092026","0","","VOGE","DS800X RALLY","Alicante/Alacant","Comunidad Valenciana","798"
"30092026","0","","ZONTES","125X","Málaga","Andalucía","125"
"30092026","0","","MOTO GUZZI","STELVIO","Barcelona","Cataluña","1042"
"30092026","0","","HONDA","CBR 650 R","Huesca","Aragón","649"
"30092026","0","","HONDA","VISION 110","Barcelona","Cataluña","109"
"30092026","0","","HONDA","CB750 Hornet","Madrid","Comunidad de Madrid","755"
"30092026","0","","HONDA","PCX 125","Valencia/València","Comunidad Valenciana","125"
"30092026","0","","SUZUKI","GSX-8S","Santa Cruz de Tenerife","Canarias","776"
"30092026","0","","ZONTES","125V","Barcelona","Cataluña","125"
"30092026","0","","KYMCO","AGILITY NX 125","Barcelona","Cataluña","125"
"30092026","0","","KTM","KTM 125 SMC R","Madrid","Comunidad de Madrid","125"
"30092026","0","","BMW","F 900 GS","Madrid","Comunidad de Madrid","895"
"30092026","0","","ZONTES","125C","Sevilla","Andalucía","125"
"30092026","0","","YAMAHA","XMAX 300","Illes Balears","Illes Balears","292"
"30092026","0","","TRIUMPH","TIGER 1200 GT PRO","Cádiz","Andalucía","1160"
"30092026","0","","CFMOTO","700MT","Coruña (A)","Galicia","693"
"30092026","0","","HONDA","FORZA 750","Barcelona","Cataluña","745"
"30092026","0","","BMW","F 450 GS","León","Castilla y León","420"
"30092026","0","","KEEWAY","RKS 125","Barcelona","Cataluña","124"
"30092026","0","","YAMAHA","XTZ 700 Tenere","Madrid","Comunidad de Madrid","689"
"30092026","0","","YAMAHA","MT-09","Málaga","Andalucía","890"
"30092026","0","","KTM","KTM 390 DUKE","Toledo","Castilla-La Mancha","399"
"30092026","0","","KAWASAKI","Z650","Sevilla","Andalucía","649"
"30092026","0","","CFMOTO","700MT","Valencia/València","Comunidad Valenciana","693"
"30092026","0","","ZONTES","125X","Madrid","Comunidad de Madrid","125"
"30092026","0","","ZONTES","125X","Madrid","Comunidad de Madrid","125"
"30092026","0","","BMW","R 1300 GS","Burgos","Castilla y León","1300"
"30092026","0","","KAWASAKI","Z900","Illes Balears","Illes Balears","948"
"30092026","0","","HONDA","PCX 125","Murcia","Región de Murcia","125"
"30092026","0","","LAMBRETTA","V125 SPECIAL FLEX","Madrid","Comunidad de Madrid","125"
"30092026","0","","PEUGEOT","DJANGO","Barcelona","Cataluña","125"
"30092026","0","","BENELLI","TRK 902","Tarragona","Cataluña","904"
"30092026","0","","PIAGGIO","MEDLEY 125","Alicante/Alacant","Comunidad Valenciana","125"
"30092026","0","","BMW","C 400 GT","Barcelona","Cataluña","350"
"30092026","0","","HONDA","VISION 110","Illes Balears","Illes Balears","109"
"30092026","0","","HONDA","FORZA 350","Barcelona","Cataluña","330"
"30092026","0","","MACBOR","ROCKSTER FLAT 125 EVO","Zamora","Castilla y León","125"
"30092026","0","","BMW","R 1300 GS ADVENTURE","Ciudad Real","Castilla-La Mancha","1300"
"30092026","0","","HONDA","ADV 350","Palmas (Las)","Canarias","330"
"30092026","0","","VOGE","SR3","Málaga","Andalucía","244"
"30092026","0","","HONDA","CB1000GT","Girona","Cataluña","1000"
"30092026","0","","HONDA","FORZA 750","Valencia/València","Comunidad Valenciana","745"
"30092026","0","","YAMAHA","NMAX 125","Tarragona","Cataluña","125"
"30092026","0","","BMW","R 1300 GS ADVENTURE","Huelva","Andalucía","1300"
"30092026","0","","SYM","SYMPHONY 125","Málaga","Andalucía","125"
"30092026","0","","VOGE","R125","Cantabria","Cantabria","125"
"30092026","0","","ZONTES","125X","Córdoba","Andalucía","125"
"30092026","0","","HUSQVARNA","HUSQVARNA TE 300","Málaga","Andalucía","293"
"30092026","0","","BENELLI","TRK 902","Cádiz","Andalucía","904"
"30092026","0","","ZONTES","125V","Valencia/València","Comunidad Valenciana","125"
"30092026","0","","ZONTES","703F","Lleida","Cataluña","699"
"30092026","0","","YAMAHA","MT-07","Asturias","Principado de Asturias","689"
"30092026","0","","HONDA","ADV 750","Palmas (Las)","Canarias","745"
"30092026","0","","ZONTES","125X","Sevilla","Andalucía","125"
"30092026","0","","NEXT","NX CROSS 125I","Murcia","Región de Murcia","125"
"30092026","0","","VOGE","625DSX","Illes Balears","Illes Balears","581"
"30092026","0","","ZONTES","125C","Cádiz","Andalucía","125"
"30092026","0","","BMW","C 400 X","Madrid","Comunidad de Madrid","350"
"30092026","0","","APRILIA","SR GT 125","Murcia","Región de Murcia","125"
"30092026","0","","HONDA","CBR500","Barcelona","Cataluña","471"
"30092026","0","","SUZUKI","GSX-8S","Salamanca","Castilla y León","776"
"30092026","0","","ZONTES","125V","Cádiz","Andalucía","125"
"30092026","0","","ZONTES","125V","Madrid","Comunidad de Madrid","125"
"30092026","0","","ROYAL ENFIELD","GUERRILLA 450","Córdoba","Andalucía","452"
"30092026","0","","HONDA","NX500","Valencia/València","Comunidad Valenciana","471"
"30092026","0","","KAWASAKI","Z900","Gipuzkoa","País Vasco","948"
"30092026","0","","HONDA","FORZA 750","Madrid","Comunidad de Madrid","745"
"30092026","0","","HONDA","PCX 125","Valencia/València","Comunidad Valenciana","125"
"30092026","0","","ZONTES","703F","Barcelona","Cataluña","699"
"30092026","0","","YAMAHA","MT-07","Madrid","Comunidad de Madrid","689"
"30092026","0","","ZONTES","125V","Barcelona","Cataluña","125"
"30092026","0","","PIAGGIO","MEDLEY 125","Girona","Cataluña","125"
"30092026","0","","ZONTES","125X","Asturias","Principado de Asturias","125"
"30092026","0","","MITT","TY125T-26G","Barcelona","Cataluña","125"
"30092026","0","","ZONTES","125V","Tarragona","Cataluña","125"
"30092026","0","","BMW","F 450 GS","Tarragona","Cataluña","420"
"30092026","0","","ZONTES","ZT125-U","Madrid","Comunidad de Madrid","125"
"30092026","0","","ZONTES","125X","Valencia/València","Comunidad Valenciana","125"
"30092026","0","","HONDA","ADV 350","Murcia","Región de Murcia","330"
"30092026","0","","ZONTES","125V","Cádiz","Andalucía","125"
"30092026","0","","APRILIA","TUONO 125","Barcelona","Cataluña","124"
"30092026","0","","BMW","C 400 GT","Zaragoza","Aragón","350"
"30092026","0","","BMW","F 900 GS","Málaga","Andalucía","895"
"30092026","0","","DUCATI","MULTISTRADA V4","Cádiz","Andalucía","1158"
"30092026","0","","HONDA","PCX 125","Cádiz","Andalucía","125"
"30092026","0","","ZONTES","125X","Madrid","Comunidad de Madrid","125"
"30092026","0","","ZONTES","125V","Barcelona","Cataluña","125"
"30092026","0","","KAWASAKI","KLE500","Madrid","Comunidad de Madrid","451"
"30092026","0","","TRIUMPH","ROCKET 3 STORM R","Madrid","Comunidad de Madrid","2458"
"30092026","0","","HONDA","PCX 125","Valencia/València","Comunidad Valenciana","125"
"30092026","0","","YAMAHA","RayZR 125","Salamanca","Castilla y León","125"
"30092026","0","","HONDA","PCX 125","Gipuzkoa","País Vasco","125"
"30092026","0","","HONDA","VISION 110","Valencia/València","Comunidad Valenciana","109"
"30092026","0","","KAWASAKI","KLE500","Almería","Andalucía","451"
"30092026","0","","HONDA","PCX 125","Murcia","Región de Murcia","125"
"30092026","0","","VOGE","DS800X RALLY","Valencia/València","Comunidad Valenciana","798"
"30092026","0","","CFMOTO","450MT","Almería","Andalucía","449"
"30092026","0","","HONDA","SH Mode 125","Barcelona","Cataluña","125"
"30092026","0","","YAMAHA","MT-07","Illes Balears","Illes Balears","689"
"30092026","0","","HONDA","XL750 Transalp","Barcelona","Cataluña","755"
"30092026","0","","MACBOR","SHIFTER 125 EVO","Barcelona","Cataluña","125"
"30092026","0","","PIAGGIO","VESPA PRIMAVERA 125","Valencia/València","Comunidad Valenciana","124"
"30092026","0","","SYM","SYMPHONY 125","Madrid","Comunidad de Madrid","125"
"30092026","0","","ZONTES","125X","Asturias","Principado de Asturias","125"
"30092026","0","","BMW","F 800 GS","Barcelona","Cataluña","895"
"30092026","0","","KAWASAKI","NINJA ZX-4R","Granada","Andalucía","399"
"30092026","0","","ZONTES","125V","Guadalajara","Castilla-La Mancha","125"
"30092026","0","","HONDA","XL750 Transalp","Burgos","Castilla y León","755"
"30092026","0","","HONDA","CBR 650 R","Barcelona","Cataluña","649"
"30092026","0","","YAMAHA","RayZR 125","Valladolid","Castilla y León","125"
"30092026","0","","VOGE","DS900X","Ourense","Galicia","895"
"30092026","0","","HONDA","ADV 350","Alicante/Alacant","Comunidad Valenciana","330"
"30092026","0","","VOGE","SR450X","Barcelona","Cataluña","398"
"30092026","0","","SUZUKI","BURGMAN 400","Santa Cruz de Tenerife","Canarias","400"
"30092026","0","","YAMAHA","NMAX 125","Illes Balears","Illes Balears","125"
"30092026","0","","HONDA","FORZA 350","Albacete","Castilla-La Mancha","330"
"30092026","0","","YIBEN","YB125T-8B","Navarra","Comunidad Foral de Navarra","124"
"30092026","0","","BENELLI","TRK 902","Rioja (La)","La Rioja","904"
"30092026","0","","YAMAHA","Tracer 9 GT","Barcelona","Cataluña","890"
"30092026","0","","BMW","S 1000 XR","Barcelona","Cataluña","999"
"30092026","0","","BMW","F 800 GS","Málaga","Andalucía","895"
"30092026","0","","KYMCO","DTX 350","Murcia","Región de Murcia","321"
"30092026","0","","BMW","R 1300 GS","Madrid","Comunidad de Madrid","1300"
"30092026","0","","ZONTES","125V","Zaragoza","Aragón","125"
"30092026","0","","KAWASAKI","Z900","Barcelona","Cataluña","948"
"30092026","0","","KTM","KTM 390 ADVENTURE R","Sevilla","Andalucía","399"
"30092026","0","","PIAGGIO","BEVERLY 310 HPE","Illes Balears","Illes Balears","310"
"30092026","0","","YAMAHA","NMAX 125","Pontevedra","Galicia","125"
"30092026","0","","HONDA","ADV 350","Santa Cruz de Tenerife","Canarias","330"
"30092026","0","","EFUN","LION","Castellón/Castelló","Comunidad Valenciana","125"
"30092026","0","","HONDA","FORZA125","Palmas (Las)","Canarias","125"
"30092026","0","","BAJAJ","PULSAR NS 400 Z","Tarragona","Cataluña","373"
"30092026","0","","KTM","KTM 125 DUKE","Tarragona","Cataluña","125"
"30092026","0","","BMW","F 450 GS","Madrid","Comunidad de Madrid","420"
"30092026","0","","BMW","S 1000 RR","Zaragoza","Aragón","999"
"30092026","0","","ZONTES","125C","Tarragona","Cataluña","125"
"30092026","0","","YAMAHA","NMAX 125","Sevilla","Andalucía","125"
"30092026","0","","HONDA","CB 125 F","Zaragoza","Aragón","124"
"30092026","0","","HONDA","SH125i","Illes Balears","Illes Balears","125"
"30092026","0","","BMW","R 1300 GS","Barcelona","Cataluña","1300"
"30092026","0","","MH MOTORCYCLES","TRAY","Cádiz","Andalucía","125"
"30092026","0","","YAMAHA","MT-07","Madrid","Comunidad de Madrid","689"
"30092026","0","","HONDA","FORZA 350","Palmas (Las)","Canarias","330"
"30092026","0","","SYM","JET X","Pontevedra","Galicia","125"
"30092026","0","","BMW","R 1300 GS","Barcelona","Cataluña","1300"
"30092026","0","","DUCATI","MONSTER","Santa Cruz de Tenerife","Canarias","890"
"30092026","0","","VOGE","SR450X","Palmas (Las)","Canarias","398"
"30092026","0","","KTM","KTM 125 DUKE","Toledo","Castilla-La Mancha","125"
"30092026","0","","HONDA","NC 750 X","Albacete","Castilla-La Mancha","745"
"30092026","0","","SUZUKI","V-Strom 800","Santa Cruz de Tenerife","Canarias","776"
"30092026","0","","QJMOTOR","FORT 125 N E5+","Barcelona","Cataluña","125"
"30092026","0","","SYM","SYMPHONY 125","Cantabria","Cantabria","125"
"30092026","0","","YAMAHA","NMAX 125","Bizkaia","País Vasco","125"
"30092026","0","","PEUGEOT","KISBEE M","Palmas (Las)","Canarias","125"
"30092026","0","","ZONTES","125E","Málaga","Andalucía","125"
"30092026","0","","BMW","R 1300 GS","Málaga","Andalucía","1300"
"30092026","0","","VOGE","SR16 AIR","Zaragoza","Aragón","125"
"30092026","0","","ZONTES","125X","Ourense","Galicia","125"
"30092026","0","","PIAGGIO","VESPA GTS","Alicante/Alacant","Comunidad Valenciana","310"
"30092026","0","","HONDA","NC 750 X","Illes Balears","Illes Balears","745"
"30092026","0","","SYM","JET 14","Asturias","Principado de Asturias","125"
"30092026","0","","HONDA","FORZA 350","Granada","Andalucía","330"
"30092026","0","","BMW","R 1300 GS ADVENTURE","Málaga","Andalucía","1300"
"30092026","0","","RIEJU","XPLORA 707 S","Barcelona","Cataluña","698"
"30092026","0","","ZONTES","125X","Barcelona","Cataluña","125"
"30092026","0","","SYM","JET 14","Murcia","Región de Murcia","125"
"30092026","0","","QJMOTOR","SRK 125 J","Murcia","Región de Murcia","125"
"30092026","0","","BMW","F 900 GS ADVENTURE","Sevilla","Andalucía","895"
"30092026","0","","SYM","JET 14","Castellón/Castelló","Comunidad Valenciana","125"
"30092026","0","","HONDA","PCX 125","Zaragoza","Aragón","125"
"30092026","0","","SUZUKI","SV650GX","Illes Balears","Illes Balears","645"
"30092026","0","","KAWASAKI","Z900","Santa Cruz de Tenerife","Canarias","948"
"30092026","0","","SYM","JET 14","Navarra","Comunidad Foral de Navarra","125"
"30092026","0","","VOGE","DS900X","Illes Balears","Illes Balears","895"
"30092026","0","","ZONTES","125X","Toledo","Castilla-La Mancha","125"
"30092026","0","","VOGE","DS900X","Murcia","Región de Murcia","895"
"30092026","0","","ZONTES","125V","Sevilla","Andalucía","125"
"30092026","0","","SUZUKI","GSX-8S","Pontevedra","Galicia","776"
"30092026","0","","SYM","CRUISYM 125 TCS E5+","Sevilla","Andalucía","124"
"30092026","0","","MOTO MORINI","CALIBRO","Valladolid","Castilla y León","693"
"30092026","0","","BMW","R 1300 GS","Granada","Andalucía","1300"
"30092026","0","","HONDA","SH125i","Málaga","Andalucía","125"
"30092026","0","","ZONTES","125X","Alicante/Alacant","Comunidad Valenciana","125"
"30092026","0","","PEUGEOT","PULSION EVO","Barcelona","Cataluña","125"
"30092026","0","","YAMAHA","XMAX 125","Girona","Cataluña","125"
"30092026","0","","YAMAHA","XMAX 300","Murcia","Región de Murcia","292"
"30092026","0","","PIAGGIO","VESPA GTS 125","Granada","Andalucía","125"
"30092026","0","","ZONTES","125V","Sevilla","Andalucía","125"
"30092026","0","","PIAGGIO","MEDLEY 125","Cádiz","Andalucía","125"
"30092026","0","","HONDA","SH Mode 125","Barcelona","Cataluña","125"
"30092026","0","","ZONTES","368G","Barcelona","Cataluña","368"
"30092026","0","","YAMAHA","XMAX 300","Granada","Andalucía","292"
"30092026","0","","HONDA","FORZA125","Madrid","Comunidad de Madrid","125"
"30092026","0","","ZONTES","125V","Valencia/València","Comunidad Valenciana","125"
"30092026","0","","ZONTES","ZT125-GK","Málaga","Andalucía","125"
"30092026","0","","HONDA","PCX 125","Almería","Andalucía","125"
"30092026","0","","ZONTES","125X","Zaragoza","Aragón","125"
"30092026","0","","BMW","R 1300 GS","Valladolid","Castilla y León","1300"
"30092026","0","","YAMAHA","R125","Barcelona","Cataluña","125"
"30092026","0","","ZONTES","125V","Zaragoza","Aragón","125"
"30092026","0","","BMW","R 1300 RT","Ciudad Real","Castilla-La Mancha","1300"
"30092026","0","","YAMAHA","RayZR 125","Alicante/Alacant","Comunidad Valenciana","125"
"30092026","0","","ZONTES","125V","Cádiz","Andalucía","125"
"30092026","0","","BMW","R 1300 GS","Barcelona","Cataluña","1300"
"30092026","0","","HONDA","PCX 125","Barcelona","Cataluña","125"
"30092026","0","","KOVE","KOVE 800 X PRO 2026","Rioja (La)","La Rioja","799"
"30092026","0","","CYCLONE","RT1","Illes Balears","Illes Balears","125"
"30092026","0","","ZONTES","125V","Barcelona","Cataluña","125"
"30092026","0","","ZONTES","125C","Madrid","Comunidad de Madrid","125"
"30092026","0","","HONDA","ADV 350","Madrid","Comunidad de Madrid","330"
"30092026","0","","ZONTES","125V","Jaén","Andalucía","125"
"30092026","0","","KAWASAKI","NINJA 650","Madrid","Comunidad de Madrid","649"
"30092026","0","","VOGE","DS900X","Asturias","Principado de Asturias","895"
"30092026","0","","APRILIA","RS 660","Barcelona","Cataluña","659"
"30092026","0","","ZONTES","125V","Murcia","Región de Murcia","125"
"30092026","0","","ROYAL ENFIELD","CLASSIC 650 TWIN","Navarra","Comunidad Foral de Navarra","648"
"30092026","0","","YAMAHA","RayZR 125","Illes Balears","Illes Balears","125"
"30092026","0","","SYM","SYMPHONY 125","Gipuzkoa","País Vasco","125"
"30092026","0","","ZONTES","368M","Valencia/València","Comunidad Valenciana","368"
"30092026","0","","PIAGGIO","VESPA GTS 125","Málaga","Andalucía","125"
"30092026","0","","MITT","TY125T-26G","Coruña (A)","Galicia","125"
"30092026","0","","PEUGEOT","KISBEE M","Murcia","Región de Murcia","125"
"30092026","0","","BMW","F 900 GS","Málaga","Andalucía","895"
"30092026","0","","KYMCO","SUPER DINK GT","Málaga","Andalucía","321"
"30092026","0","","VOGE","SR450X","Palmas (Las)","Canarias","398"
"30092026","0","","HONDA","VISION 110","Málaga","Andalucía","109"
"30092026","0","","BMW","F 900 XR","Alicante/Alacant","Comunidad Valenciana","895"
"30092026","0","","ZONTES","368G","Zaragoza","Aragón","368"
"30092026","0","","HONDA","PCX 125","Barcelona","Cataluña","125"
"30092026","0","","KOVE","KOVE 800 X PRO 2026","Alicante/Alacant","Comunidad Valenciana","799"
"30092026","0","","HONDA","NT1100","Illes Balears","Illes Balears","1084"
"30092026","0","","YAMAHA","MT-07","Navarra","Comunidad Foral de Navarra","689"
"30092026","0","","HONDA","SH Mode 125","Barcelona","Cataluña","125"
"30092026","0","","BMW","R 1300 RS","Valladolid","Castilla y León","1300"
"30092026","0","","HONDA","NX500","Jaén","Andalucía","471"
"30092026","0","","HONDA","ADV 750","Barcelona","Cataluña","745"
"30092026","0","","ZONTES","125X","Cádiz","Andalucía","125"
"30092026","0","","VOGE","R125","Alicante/Alacant","Comunidad Valenciana","125"
"30092026","0","","YAMAHA","RayZR 125","Lugo","Galicia","125"
"30092026","0","","HONDA","CB 500 F","Alicante/Alacant","Comunidad Valenciana","471"
"30092026","0","","SYM","JET 14","Tarragona","Cataluña","125"
"30092026","0","","BMW","F 900 XR A2","Illes Balears","Illes Balears","895"
"30092026","0","","RIEJU","RALLY 307","Barcelona","Cataluña","292"
"30092026","0","","HONDA","SH Mode 125","Cantabria","Cantabria","125"
"30092026","0","","YAMAHA","XTZ 700 Tenere","Almería","Andalucía","689"
"30092026","0","","ZONTES","125V","Barcelona","Cataluña","125"
"30092026","0","","KYMCO","AGILITY NX 125","Málaga","Andalucía","125"
"30092026","0","","BMW","F 450 GS","Málaga","Andalucía","420"
"30092026","0","","KTM","KTM 300 EXC","Málaga","Andalucía","293"
"30092026","0","","KAWASAKI","VULCAN S","Alicante/Alacant","Comunidad Valenciana","649"
"30092026","0","","KAWASAKI","KLE500","Barcelona","Cataluña","451"
"30092026","0","","BMW","C 400 X","Toledo","Castilla-La Mancha","350"
"30092026","0","","VOGE","SR450X","Alicante/Alacant","Comunidad Valenciana","398"
"30092026","0","","HONDA","PCX 125","Coruña (A)","Galicia","125"
"30092026","0","","HONDA","NC 750 X","Murcia","Región de Murcia","745"
"30092026","0","","ZONTES","703F","Girona","Cataluña","699"
"30092026","0","","BMW","F 900 R","Castellón/Castelló","Comunidad Valenciana","895"
"30092026","0","","ZONTES","125X","Madrid","Comunidad de Madrid","125"
"30092026","0","","BAJAJ","PULSAR NS 400 Z","Málaga","Andalucía","373"
"30092026","0","","BMW","S 1000 XR","Barcelona","Cataluña","999"
"30092026","0","","VOGE","DS800X RALLY","Málaga","Andalucía","798"
"30092026","0","","HONDA","XL750 Transalp","Alicante/Alacant","Comunidad Valenciana","755"
"30092026","0","","YAMAHA","Tracer 9 GT","Alicante/Alacant","Comunidad Valenciana","890"
"30092026","0","","HONDA","ADV 350","Palmas (Las)","Canarias","330"
"30092026","0","","YAMAHA","NMAX 125","Albacete","Castilla-La Mancha","125"
"30092026","0","","HONDA","PCX 125","Illes Balears","Illes Balears","125"
"30092026","0","","ZONTES","125V","Coruña (A)","Galicia","125"
"30092026","0","","SYM","JET 14","Cádiz","Andalucía","125"
"30092026","0","","ZONTES","125X","Valencia/València","Comunidad Valenciana","125"
"30092026","0","","KEEWAY","ICON 125 S","Barcelona","Cataluña","124"
"30092026","0","","HONDA","FORZA125","Bizkaia","País Vasco","125"
"30092026","0","","TRIUMPH","TIGER SPORT","Huelva","Andalucía","660"
"30092026","0","","HONDA","CBR 650 R","Valladolid","Castilla y León","649"
"30092026","0","","ZONTES","125C","Alicante/Alacant","Comunidad Valenciana","125"
"30092026","0","","ZONTES","125V","Madrid","Comunidad de Madrid","125"
"30092026","0","","SCORPA","CITY CORP 125","Córdoba","Andalucía","125"
"30092026","0","","HONDA","ADV 750","Santa Cruz de Tenerife","Canarias","745"
"30092026","0","","SHERCO","300 SE-R","Coruña (A)","Galicia","293"
"30092026","0","","HONDA","FORZA 750","Madrid","Comunidad de Madrid","745"
"30092026","0","","HONDA","CB1000GT","Palmas (Las)","Canarias","1000"
"30092026","0","","BMW","R 1300 GS ADVENTURE","Málaga","Andalucía","1300"
"30092026","0","","APRILIA","RS 125","Barcelona","Cataluña","124"
"30092026","0","","KYMCO","PEOPLE S 125 E5+","Barcelona","Cataluña","125"
"30092026","0","","HONDA","PCX 125","Málaga","Andalucía","125"
"30092026","0","","YAMAHA","MT-09","Almería","Andalucía","890"
"30092026","0","","KYMCO","PEOPLE S 125 E5+","Granada","Andalucía","125"
"30092026","0","","HONDA","XL750 Transalp","Alicante/Alacant","Comunidad Valenciana","755"
"30092026","0","","VOGE","DS800X RALLY","Bizkaia","País Vasco","798"
"30092026","0","","BMW","K 1600 GTL","Coruña (A)","Galicia","1649"
"30092026","0","","ZONTES","125E","Coruña (A)","Galicia","125"
"30092026","0","","BMW","R 1300 GS ADVENTURE","Illes Balears","Illes Balears","1300"
"30092026","0","","KEEWAY","XDV 125 EVO PRO","Barcelona","Cataluña","125"
"30092026","0","","BMW","R 1300 GS","Barcelona","Cataluña","1300"
"30092026","0","","ZONTES","125X","Coruña (A)","Galicia","125"
"30092026","0","","ZONTES","125V","Madrid","Comunidad de Madrid","125"
"30092026","0","","KAWASAKI","ELIMINATOR","Valencia/València","Comunidad Valenciana","451"
"30092026","0","","HONDA","PCX 125","Palmas (Las)","Canarias","125"
"30092026","0","","HONDA","PCX 125","Alicante/Alacant","Comunidad Valenciana","125"
"30092026","0","","ZONTES","125V","Cádiz","Andalucía","125"
"30092026","0","","HONDA","NT1100","Valencia/València","Comunidad Valenciana","1084"
"30092026","0","","BMW","R 1300 GS","Málaga","Andalucía","1300"
"30092026","0","","MOTO MORINI","X-CAPE 1200","Alicante/Alacant","Comunidad Valenciana","1187"
"30092026","0","","ZONTES","125X","Bizkaia","País Vasco","125"
"30092026","0","","HONDA","SH125i","Barcelona","Cataluña","125"
"30092026","0","","ZONTES","703F","Murcia","Región de Murcia","699"
"30092026","0","","BMW","F 900 GS ADVENTURE","Alicante/Alacant","Comunidad Valenciana","895"
"30092026","0","","HONDA","CL500","Málaga","Andalucía","471"
"30092026","0","","HONDA","FORZA 750","Madrid","Comunidad de Madrid","745"
"30092026","0","","HONDA","PCX 125","Ciudad Real","Castilla-La Mancha","125"
"30092026","0","","HONDA","PCX 125","Madrid","Comunidad de Madrid","125"
"30092026","0","","HONDA","SH125i","Barcelona","Cataluña","125"
"30092026","0","","BMW","F 800 GS","Madrid","Comunidad de Madrid","895"
"30092026","0","","ROYAL ENFIELD","GUERRILLA 450","Barcelona","Cataluña","452"
"30092026","0","","BMW","F 900 GS","Barcelona","Cataluña","895"
"30092026","0","","SYM","JET X","Jaén","Andalucía","125"
"30092026","0","","MOTO GUZZI","STELVIO (A.R.A.S.)","Barcelona","Cataluña","1042"
"30092026","0","","PEUGEOT","KISBEE M","Valencia/València","Comunidad Valenciana","125"
"30092026","0","","BMW","R 1300 RT","Illes Balears","Illes Balears","1300"
"30092026","0","","ZONTES","125X","Barcelona","Cataluña","125"
"30092026","0","","KTM","KTM 390 ADVENTURE R","Madrid","Comunidad de Madrid","399"
"30092026","0","","LAMBRETTA","V125 SPECIAL FLEX","Málaga","Andalucía","125"
"30092026","0","","VOGE","625DSX","Alicante/Alacant","Comunidad Valenciana","581"
"30092026","0","","ZONTES","125V","Madrid","Comunidad de Madrid","125"
"30092026","0","","YAMAHA","MT-125","Madrid","Comunidad de Madrid","125"
"30092026","0","","ZONTES","125V","Madrid","Comunidad de Madrid","125"
"30092026","0","","ZONTES","125V","Melilla","Melilla","125"
"30092026","0","","PIAGGIO","MEDLEY 125","Bizkaia","País Vasco","125"
"30092026","0","","HONDA","Rebel 500","Illes Balears","Illes Balears","471"
"30092026","0","","YAMAHA","MT-09","Córdoba","Andalucía","890"
"30092026","0","","KYMCO","SKYTOWN 125","Alicante/Alacant","Comunidad Valenciana","125"
"30092026","0","","HONDA","SH125i","Barcelona","Cataluña","125"
"30092026","0","","APRILIA","TUONO 125","Barcelona","Cataluña","124"
"30092026","0","","VOGE","625DSX","Barcelona","Cataluña","581"
"30092026","0","","SYM","JET 14","Alicante/Alacant","Comunidad Valenciana","125"
"30092026","0","","ZONTES","125X","Madrid","Comunidad de Madrid","125"
"30092026","0","","TRIUMPH","BONNEVILLE T100","Illes Balears","Illes Balears","900"
"30092026","0","","VOGE","DS800X RALLY","Valencia/València","Comunidad Valenciana","798"
"30092026","0","","HONDA","CBR 650 R","Madrid","Comunidad de Madrid","649"
"30092026","0","","BMW","R 1300 GS","Tarragona","Cataluña","1300"
"30092026","0","","RIEJU","COASTER 407","Huelva","Andalucía","385"
"30092026","0","","KYMCO","AGILITY S","Alicante/Alacant","Comunidad Valenciana","125"
"30092026","0","","VOGE","SR1","Sevilla","Andalucía","125"
"30092026","0","","ZONTES","125X","Álava/Araba","País Vasco","125"
"30092026","0","","ZONTES","125X","Sevilla","Andalucía","125"
"30092026","0","","SUZUKI","GSX-8S","Alicante/Alacant","Comunidad Valenciana","776"
"30092026","0","","KAWASAKI","Z1100","Córdoba","Andalucía","1099"
"30092026","0","","APRILIA","RX 125","Madrid","Comunidad de Madrid","124"
"30092026","0","","YAMAHA","NMAX 125","Navarra","Comunidad Foral de Navarra","125"
"30092026","0","","ZONTES","125V","Barcelona","Cataluña","125"
"30092026","0","","KAWASAKI","Z900","Salamanca","Castilla y León","948"
"30092026","0","","HONDA","PCX 125","Palmas (Las)","Canarias","125"
"30092026","0","","BMW","R 1300 GS","Bizkaia","País Vasco","1300"
"30092026","0","","MITT","TY125T-26G","Illes Balears","Illes Balears","125"
"30092026","0","","BMW","R 12 NINET","Illes Balears","Illes Balears","1170"
"30092026","0","","BMW","F 900 R A2","Palmas (Las)","Canarias","895"
"30092026","0","","HONDA","VISION 110","Barcelona","Cataluña","109"
"30092026","0","","YAMAHA","MT-125","Madrid","Comunidad de Madrid","125"
"30092026","0","","VOGE","DS900X","Alicante/Alacant","Comunidad Valenciana","895"
"30092026","0","","LETBE","ISLAND","Alicante/Alacant","Comunidad Valenciana","125"
"30092026","0","","KYMCO","SUPER DINK GT 125 E5+","Madrid","Comunidad de Madrid","124"
"30092026","0","","HONDA","GB350S","Barcelona","Cataluña","348"
"30092026","0","","KOVE","KOVE 625 X","Huesca","Aragón","581"
"30092026","0","","SYM","SYMPHONY 125","Cádiz","Andalucía","125"
"30092026","0","","ROYAL ENFIELD","HIMALAYAN 452","Barcelona","Cataluña","452"
"30092026","0","","BMW","F 800 GS","Málaga","Andalucía","895"
"30092026","0","","MH MOTORCYCLES","VRT","Málaga","Andalucía","124"
"30092026","0","","ZONTES","125V","León","Castilla y León","125"
"30092026","0","","YAMAHA","MT-07","Castellón/Castelló","Comunidad Valenciana","689"
"30092026","0","","YAMAHA","NMAX 125","Alicante/Alacant","Comunidad Valenciana","125"
"30092026","0","","HONDA","CBF 125","Madrid","Comunidad de Madrid","125"
"30092026","0","","HONDA","SH125i","Granada","Andalucía","125"
"30092026","0","","ZONTES","125V","Cádiz","Andalucía","125"
"30092026","0","","BMW","F 900 GS","Madrid","Comunidad de Madrid","895"
"30092026","0","","ZONTES","368G","Tarragona","Cataluña","368"
"30092026","0","","VOGE","DS900X","Asturias","Principado de Asturias","895"
"30092026","0","","YAMAHA","R7","Valencia/València","Comunidad Valenciana","689"
"30092026","0","","BMW","F 800 GS","Madrid","Comunidad de Madrid","895"
"30092026","0","","HONDA","CBF 125","Coruña (A)","Galicia","125"
"30092026","0","","AJP","AJP PR7","Illes Balears","Illes Balears","600"
"30092026","0","","VOGE","SR450X","Jaén","Andalucía","398"
"30092026","0","","SYM","SYMPHONY 125","Madrid","Comunidad de Madrid","125"
"30092026","0","","KYMCO","SKYTOWN 125","Barcelona","Cataluña","125"
"30092026","0","","HONDA","VISION 110","Barcelona","Cataluña","109"
"30092026","0","","HONDA","SH350i","Barcelona","Cataluña","330"
"30092026","0","","HERO MOTOCORP","X PULSE 200 4V","Valencia/València","Comunidad Valenciana","200"
"30092026","0","","BMW","R 1300 GS ADVENTURE","Málaga","Andalucía","1300"
"30092026","0","","BENELLI","BKX 125","Cádiz","Andalucía","125"
"30092026","0","","KOVE","450 RALLY 2026","Asturias","Principado de Asturias","449"
"30092026","0","","APRILIA","SR GT 125","Badajoz","Extremadura","125"
"30092026","0","","BMW","S 1000 RR","Badajoz","Extremadura","999"
"30092026","0","","BMW","R 1300 GS","Gipuzkoa","País Vasco","1300"
"30092026","0","","HONDA","SH125i","Barcelona","Cataluña","125"
"30092026","0","","HONDA","PCX 125","Madrid","Comunidad de Madrid","125"
"30092026","0","","BMW","R 1300 GS","Barcelona","Cataluña","1300"
"30092026","0","","KTM","KTM 390 DUKE","Alicante/Alacant","Comunidad Valenciana","399"
"30092026","0","","BMW","R 1300 RT","Barcelona","Cataluña","1300"
"30092026","0","","SYM","SYMPHONY 125","Cádiz","Andalucía","125"
"30092026","0","","QJMOTOR","FORT 125 N E5+","Alicante/Alacant","Comunidad Valenciana","125"
"30092026","0","","YAMAHA","NMAX 125","Barcelona","Cataluña","125"
"30092026","0","","ZONTES","125V","Madrid","Comunidad de Madrid","125"
"30092026","0","","KOVE","KOVE 450 RR","Valladolid","Castilla y León","443"
"30092026","0","","BMW","R 1300 GS","Barcelona","Cataluña","1300"
"30092026","0","","ZONTES","125X","Málaga","Andalucía","125"
"30092026","0","","ZONTES","125V","Granada","Andalucía","125"
"30092026","0","","YAMAHA","XTZ 700 Tenere","Sevilla","Andalucía","689"
"30092026","0","","ZONTES","368G","Alicante/Alacant","Comunidad Valenciana","368"
"30092026","0","","ZONTES","368D","Madrid","Comunidad de Madrid","368"
"30092026","0","","YAMAHA","NMAX 125","Madrid","Comunidad de Madrid","125"
"30092026","0","","SYM","JET X","Almería","Andalucía","125"
"30092026","0","","ZXMOTO","500RR","Rioja (La)","La Rioja","470"
"30092026","0","","HONDA","SH125i","Málaga","Andalucía","125"
"30092026","0","","HONDA","ADV 350","Almería","Andalucía","330"
"30092026","0","","HONDA","CBR500","Málaga","Andalucía","471"
"30092026","0","","ZONTES","125X","Bizkaia","País Vasco","125"
"30092026","0","","PEUGEOT","DJANGO","Murcia","Región de Murcia","125"
"30092026","0","","YAMAHA","NMAX 125","Huelva","Andalucía","125"
"30092026","0","","VOGE","SR450X","Barcelona","Cataluña","398"
"30092026","0","","BENELLI","BN125","Tarragona","Cataluña","125"
"30092026","0","","ZONTES","125V","Sevilla","Andalucía","125"
"30092026","0","","KTM","KTM 125 DUKE","Bizkaia","País Vasco","125"
"30092026","0","","HONDA","CB1000S","Zaragoza","Aragón","1000"
"30092026","0","","YAMAHA","WR125","Badajoz","Extremadura","125"
"30092026","0","","HONDA","ADV 750","Barcelona","Cataluña","745"
"30092026","0","","ZONTES","125V","Cádiz","Andalucía","125"
"30092026","0","","TRIUMPH","BONNEVILLE T100","Almería","Andalucía","900"
"30092026","0","","HONDA","MSX125A","Illes Balears","Illes Balears","124"
"30092026","0","","SYM","SYMPHONY 125","Illes Balears","Illes Balears","125"
"30092026","0","","CFMOTO","800MT","Madrid","Comunidad de Madrid","799"
"30092026","0","","YAMAHA","MT-07","Navarra","Comunidad Foral de Navarra","689"
"30092026","0","","BMW","R 1300 GS","Málaga","Andalucía","1300"
"30092026","0","","KYMCO","PEOPLE S 125 E5+","León","Castilla y León","125"
"30092026","0","","KYMCO","SKYTOWN 125","Barcelona","Cataluña","125"
"30092026","0","","MITT","TY125T-26G","Valencia/València","Comunidad Valenciana","125"
"30092026","0","","SYM","JET 14","Madrid","Comunidad de Madrid","125"
"30092026","0","","HONDA","ADV 350","Barcelona","Cataluña","330"
"30092026","0","","HONDA","SH125i","Barcelona","Cataluña","125"
"30092026","0","","PIAGGIO","VESPA PRIMAVERA 125","Valencia/València","Comunidad Valenciana","124"
"30092026","0","","HONDA","XL750 Transalp","Valencia/València","Comunidad Valenciana","755"
"30092026","0","","HONDA","ADV 750","Granada","Andalucía","745"
"30092026","0","","YAMAHA","MT-125","Madrid","Comunidad de Madrid","125"
"30092026","0","","APRILIA","TUONO 660 FACTORY","Barcelona","Cataluña","659"
"30092026","0","","VOGE","SR1","Castellón/Castelló","Comunidad Valenciana","125"
"30092026","0","","BMW","R 1300 RS","Tarragona","Cataluña","1300"
"30092026","0","","BMW","F 800 GS","Barcelona","Cataluña","895"
"30092026","0","","BMW","S 1000 XR","Madrid","Comunidad de Madrid","999"
"30092026","0","","BMW","R 1300 GS","Madrid","Comunidad de Madrid","1300"
"30092026","0","","SYM","JET X","Tarragona","Cataluña","125"
"30092026","0","","KOVE","KOVE 625 X","Cádiz","Andalucía","581"
"30092026","0","","BMW","C 400 GT","Madrid","Comunidad de Madrid","350"
"30092026","0","","RIEJU","NKD 125","Tarragona","Cataluña","124"
"30092026","0","","APRILIA","SR GT 125","Sevilla","Andalucía","125"
"30092026","0","","YAMAHA","NMAX 125","Sevilla","Andalucía","125"
"30092026","0","","VOGE","DS800X RALLY","Alicante/Alacant","Comunidad Valenciana","798"
"30092026","0","","KTM","KTM 125 DUKE","Barcelona","Cataluña","125"
"30092026","0","","KTM","KTM 390 ENDURO R","Barcelona","Cataluña","399"
"30092026","0","","PEUGEOT","KISBEE M","Illes Balears","Illes Balears","125"
"30092026","0","","DUCATI","PANIGALE V4","Palmas (Las)","Canarias","998"
"30092026","0","","KTM","KTM 125 SMC R","Madrid","Comunidad de Madrid","125"
"30092026","0","","KYMCO","PEOPLE S 125 E5+","Gipuzkoa","País Vasco","125"
"30092026","0","","SYM","CRUISYM 400","Zaragoza","Aragón","399"
"30092026","0","","BMW","F 450 GS","Cádiz","Andalucía","420"
"30092026","0","","QJMOTOR","SRT 125 DX","Álava/Araba","País Vasco","125"
"30092026","0","","YAMAHA","NMAX 125","Córdoba","Andalucía","125"
"30092026","0","","HONDA","SH Mode 125","Murcia","Región de Murcia","125"
"30092026","0","","YAMAHA","XMAX 300","Granada","Andalucía","292"
"30092026","0","","RIEJU","X-OVER 125","Salamanca","Castilla y León","125"
"30092026","0","","HONDA","CB650RA","Palmas (Las)","Canarias","649"
"30092026","0","","KAWASAKI","Z900RS","Gipuzkoa","País Vasco","948"
"30092026","0","","HONDA","NX500","Asturias","Principado de Asturias","471"
"30092026","0","","ZONTES","125X","Madrid","Comunidad de Madrid","125"
"30092026","0","","BMW","R 1300 GS","Málaga","Andalucía","1300"
"30092026","0","","ZONTES","125V","Granada","Andalucía","125"
"30092026","0","","KTM","KTM 1390 SUPER ADVENTU","Burgos","Castilla y León","1350"
"30092026","0","","KOVE","KOVE 800 X GT","Barcelona","Cataluña","799"
"30092026","0","","HONDA","CB750 Hornet","Valencia/València","Comunidad Valenciana","755"
"30092026","0","","KYMCO","SUPER DINK GT","Valencia/València","Comunidad Valenciana","321"
"30092026","0","","HONDA","PCX 125","Santa Cruz de Tenerife","Canarias","125"
"30092026","0","","PIAGGIO","MEDLEY 200","Valencia/València","Comunidad Valenciana","174"
"30092026","0","","HONDA","NX500","Gipuzkoa","País Vasco","471"
"30092026","0","","BMW","R 1300 GS ADVENTURE","Cádiz","Andalucía","1300"
"30092026","0","","BMW","F 800 GS","Barcelona","Cataluña","895"
"30092026","0","","HONDA","ADV 750","Alicante/Alacant","Comunidad Valenciana","745"
"30092026","0","","APRILIA","TUONO 660 FACTORY","Barcelona","Cataluña","659"
"30092026","0","","HONDA","ADV 750","Palmas (Las)","Canarias","745"
"30092026","0","","BENDA","CHINCHILLA 350","Sevilla","Andalucía","343"
"30092026","0","","HONDA","CBF 125","Madrid","Comunidad de Madrid","125"
"30092026","0","","HONDA","PCX 125","Cádiz","Andalucía","125"
"30092026","0","","VOGE","DS800X RALLY","Barcelona","Cataluña","798"
"30092026","0","","ZONTES","125X","Alicante/Alacant","Comunidad Valenciana","125"
"30092026","0","","BMW","R 1300 GS","Sevilla","Andalucía","1300"
"30092026","0","","KTM","KTM 390 ADVENTURE R","Tarragona","Cataluña","399"
"30092026","0","","BMW","F 900 GS","Málaga","Andalucía","895"
"30092026","0","","KYMCO","SUPER DINK GT 125 E5+","Barcelona","Cataluña","124"
"30092026","0","","HONDA","CB750 Hornet","Valencia/València","Comunidad Valenciana","755"
"30092026","0","","HONDA","ADV 350","Barcelona","Cataluña","330"
"30092026","0","","KYMCO","SKYTOWN 125","Barcelona","Cataluña","125"
"30092026","0","","YAMAHA","XMAX 125","Almería","Andalucía","125"
"30092026","0","","BMW","F 800 GS","Barcelona","Cataluña","895"
"30092026","0","","KEEWAY","VIESTE 125","Madrid","Comunidad de Madrid","125"
"30092026","0","","MACBOR","EIGHT MILE 125 LC","Madrid","Comunidad de Madrid","124"
"30092026","0","","SUZUKI","GSX-R125","Lleida","Cataluña","124"
"30092026","0","","CYCLONE","SR600-3A","Barcelona","Cataluña","549"
"30092026","0","","HONDA","FORZA125","Navarra","Comunidad Foral de Navarra","125"
"30092026","0","","ZONTES","125X","Madrid","Comunidad de Madrid","125"
"30092026","0","","DUCATI","DESERT X","Girona","Cataluña","890"
"30092026","0","","APRILIA","RS 125","León","Castilla y León","124"
"30092026","0","","QJMOTOR","FORT 125 N E5+","Valencia/València","Comunidad Valenciana","125"
"30092026","0","","YAMAHA","RayZR 125","Málaga","Andalucía","125"
"30092026","0","","HONDA","PCX 125","Illes Balears","Illes Balears","125"
"30092026","0","","BMW","F 900 GS ADVENTURE","Barcelona","Cataluña","895"
"30092026","0","","PIAGGIO","MEDLEY 125","Santa Cruz de Tenerife","Canarias","125"
"30092026","0","","BMW","F 900 GS","Málaga","Andalucía","895"
"30092026","0","","KYMCO","AGILITY NX 125","Málaga","Andalucía","125"
"30092026","0","","HONDA","PCX 125","Málaga","Andalucía","125"
"30092026","0","","BMW","F 450 GS","Soria","Castilla y León","420"
"30092026","0","","ZONTES","368K","Girona","Cataluña","368"
"30092026","0","","YAMAHA","NMAX 125","Valencia/València","Comunidad Valenciana","125"
"30092026","0","","ZONTES","125X","Sevilla","Andalucía","125"
"30092026","0","","HONDA","ADV 350","Alicante/Alacant","Comunidad Valenciana","330"
"30092026","0","","KOVE","KOVE 800 X GT","Girona","Cataluña","799"
"30092026","0","","YAMAHA","YZF-R9","Granada","Andalucía","890"
"30092026","0","","HONDA","PCX 125","Madrid","Comunidad de Madrid","125"
"30092026","0","","HONDA","PCX 125","Alicante/Alacant","Comunidad Valenciana","125"
"30092026","0","","PIAGGIO","LIBERTY 125 ABS","Barcelona","Cataluña","124"
"30092026","0","","MACBOR","MONTANA XR1 125 EVO","Barcelona","Cataluña","124"
"30092026","0","","PIAGGIO","MEDLEY 125","Valencia/València","Comunidad Valenciana","125"
"30092026","0","","HONDA","PCX 125","Alicante/Alacant","Comunidad Valenciana","125"
"30092026","0","","HONDA","PCX 125","Alicante/Alacant","Comunidad Valenciana","125"
"30092026","0","","BMW","C 400 GT","Málaga","Andalucía","350"
"30092026","0","","DUCATI","DESERT X","Santa Cruz de Tenerife","Canarias","890"
"30092026","0","","HONDA","FORZA125","Palmas (Las)","Canarias","125"
"30092026","0","","KOVE","450 RALLY 2026","Badajoz","Extremadura","449"
"30092026","0","","KAWASAKI","Z500","Palmas (Las)","Canarias","451"
"30092026","0","","HONDA","SH125i","Barcelona","Cataluña","125"
"30092026","0","","BMW","R 12 G/S","Barcelona","Cataluña","1170"
"30092026","0","","BMW","F 800 GS","Zaragoza","Aragón","895"
"30092026","0","","HONDA","FORZA125","Barcelona","Cataluña","125"
"30092026","0","","VOGE","DS900X","Barcelona","Cataluña","895"
"30092026","0","","YAMAHA","XMAX 125","Illes Balears","Illes Balears","125"
"30092026","0","","CYCLONE","LS-Z","Tarragona","Cataluña","124"
"30092026","0","","HONDA","SH Mode 125","Tarragona","Cataluña","125"
"30092026","0","","KOVE","KOVE 800 X GT","Málaga","Andalucía","799"
"30092026","0","","ROYAL ENFIELD","SUPER METEOR 650","Coruña (A)","Galicia","648"
"30092026","0","","HONDA","FORZA125","Barcelona","Cataluña","125"
"30092026","0","","KTM","KTM 300 EXC","Sevilla","Andalucía","293"
"30092026","0","","HONDA","ADV 350","Alicante/Alacant","Comunidad Valenciana","330"
"30092026","0","","BMW","F 450 GS","Girona","Cataluña","420"
"30092026","0","","YAMAHA","XMAX 125","Barcelona","Cataluña","125"
"30092026","0","","VOGE","DS800X RALLY","Málaga","Andalucía","798"
"30092026","0","","HONDA","CB1000GT","Navarra","Comunidad Foral de Navarra","1000"
"30092026","0","","HONDA","NX500","Madrid","Comunidad de Madrid","471"
"30092026","0","","ZONTES","125V","Barcelona","Cataluña","125"
"30092026","0","","YAMAHA","WR125","Sevilla","Andalucía","125"
"30092026","0","","HONDA","NX500","Barcelona","Cataluña","471"
"30092026","0","","ZONTES","368E","Burgos","Castilla y León","368"
"30092026","0","","QJMOTOR","SRT 900 SX","Barcelona","Cataluña","904"
"30092026","0","","PIAGGIO","VESPA PRIMAVERA 125","Granada","Andalucía","124"
"30092026","0","","HONDA","CB750 Hornet","Valencia/València","Comunidad Valenciana","755"
"30092026","0","","VOGE","SR16","Málaga","Andalucía","125"
"30092026","0","","SYM","SYMPHONY 125","Málaga","Andalucía","125"
"30092026","0","","ZONTES","125E","Bizkaia","País Vasco","125"
"30092026","0","","HONDA","PCX 125","Murcia","Región de Murcia","125"
"30092026","0","","ZONTES","125C","Madrid","Comunidad de Madrid","125"
"30092026","0","","ZONTES","125X","Barcelona","Cataluña","125"
"30092026","0","","ZONTES","125X","Valencia/València","Comunidad Valenciana","125"
"30092026","0","","TRIUMPH","STREET TRIPLE 765 RX","Madrid","Comunidad de Madrid","765"
"30092026","0","","YAMAHA","NMAX 125","Málaga","Andalucía","125"
"30092026","0","","SYM","CRUISYM 125 TCS E5+","Girona","Cataluña","124"
"30092026","0","","ZONTES","125V","Córdoba","Andalucía","125"
"30092026","0","","PIAGGIO","VESPA GTS SUPERTECH","Málaga","Andalucía","310"
"30092026","0","","HONDA","SH125i","Girona","Cataluña","125"
"30092026","0","","YAMAHA","MT-125","Bizkaia","País Vasco","125"
"30092026","0","","ZONTES","125V","Cádiz","Andalucía","125"
"30092026","0","","VOGE","DS900X","Salamanca","Castilla y León","895"
"30092026","0","","SYM","ADX 300 TCS","Barcelona","Cataluña","278"
"30092026","0","","HONDA","FORZA 350","Palmas (Las)","Canarias","330"
"30092026","0","","HONDA","PCX 125","Palmas (Las)","Canarias","125"
"30092026","0","","ZONTES","368G","Granada","Andalucía","368"
"30092026","0","","APRILIA","RX 125","Madrid","Comunidad de Madrid","124"
"30092026","0","","QJMOTOR","ATR 125 E5+","Barcelona","Cataluña","125"
"30092026","0","","BMW","R 1300 GS ADVENTURE","Ciudad Real","Castilla-La Mancha","1300"
"30092026","0","","LETBE","ISLAND","Granada","Andalucía","125"
"30092026","0","","HERO MOTOCORP","X PULSE 200 4V","Guadalajara","Castilla-La Mancha","200"
"30092026","0","","ROYAL ENFIELD","CLASSIC 650 TWIN","Illes Balears","Illes Balears","648"
"30092026","0","","VOGE","SR450X","Madrid","Comunidad de Madrid","398"
"30092026","0","","MACBOR","MONTANA XR1 125 EVO","Alicante/Alacant","Comunidad Valenciana","124"
"30092026","0","","HONDA","XL750 Transalp","Valladolid","Castilla y León","755"
"30092026","0","","HONDA","PCX 125","Cádiz","Andalucía","125"
"30092026","0","","BMW","F 800 GS","Barcelona","Cataluña","895"
"30092026","0","","BMW","C 400 X","Tarragona","Cataluña","350"
"30092026","0","","MITT","125GP","Madrid","Comunidad de Madrid","124"
"30092026","0","","BMW","R 1300 RT","Alicante/Alacant","Comunidad Valenciana","1300"
"30092026","0","","BMW","R 1300 GS ADVENTURE","Barcelona","Cataluña","1300"
"30092026","0","","HONDA","ADV 750","Valencia/València","Comunidad Valenciana","745"
"30092026","0","","VOGE","SR450X","Barcelona","Cataluña","398"
"30092026","0","","HONDA","SH350i","Palmas (Las)","Canarias","330"
"30092026","0","","HONDA","FORZA125","Almería","Andalucía","125"
"30092026","0","","VOGE","SR3","Sevilla","Andalucía","244"
"30092026","0","","HONDA","PCX 125","Barcelona","Cataluña","125"
"30092026","0","","HONDA","VISION 110","Illes Balears","Illes Balears","109"
"30092026","0","","BMW","R 1300 GS","Barcelona","Cataluña","1300"
"30092026","0","","APRILIA","TUONO 125","Barcelona","Cataluña","124"
"30092026","0","","BENELLI","TRK 902 X","Murcia","Región de Murcia","904"
"30092026","0","","CFMOTO","1000MT-X","Barcelona","Cataluña","946"
"30092026","0","","ZONTES","125V","Barcelona","Cataluña","125"
"30092026","0","","CFMOTO","1000MT-X","Cantabria","Cantabria","946"
"30092026","0","","HONDA","CB1000GT","Alicante/Alacant","Comunidad Valenciana","1000"
"30092026","0","","APRILIA","SR GT 125","Illes Balears","Illes Balears","125"
"30092026","0","","ZONTES","125C","Gipuzkoa","País Vasco","125"
"30092026","0","","BMW","R 1300 GS ADVENTURE","Valencia/València","Comunidad Valenciana","1300"
"30092026","0","","BMW","F 800 GS","Sevilla","Andalucía","895"
"30092026","0","","ZONTES","125V","Alicante/Alacant","Comunidad Valenciana","125"
"30092026","0","","BMW","S 1000 XR","Málaga","Andalucía","999"
"30092026","0","","HONDA","ADV 350","Valencia/València","Comunidad Valenciana","330"
"30092026","0","","HONDA","ADV 350","Girona","Cataluña","330"
"30092026","0","","MOTO GUZZI","V85 STRADA","Barcelona","Cataluña","853"
"30092026","0","","SYM","ADX 300 TCS","Barcelona","Cataluña","278"
"30092026","0","","VOGE","625DSX","Jaén","Andalucía","581"
"30092026","0","","APRILIA","RS 660","Barcelona","Cataluña","659"
"30092026","0","","ZONTES","ZT125-G1","Cádiz","Andalucía","125"
"30092026","0","","YAMAHA","NMAX 125","Málaga","Andalucía","125"
"30092026","0","","HONDA","VISION 110","Alicante/Alacant","Comunidad Valenciana","109"
"30092026","0","","HONDA","ADV 350","Madrid","Comunidad de Madrid","330"
"30092026","0","","BMW","C 400 GT","Barcelona","Cataluña","350"
"30092026","0","","MOTO GUZZI","V7 SPORT","Barcelona","Cataluña","853"
"30092026","0","","BMW","R 1300 RT","Valencia/València","Comunidad Valenciana","1300"
"30092026","0","","HONDA","PCX 125","Cádiz","Andalucía","125"
"30092026","0","","ZONTES","125V","Madrid","Comunidad de Madrid","125"
"30092026","0","","RIEJU","NKD 125","Bizkaia","País Vasco","124"
"30092026","0","","BMW","R 1300 RT","Toledo","Castilla-La Mancha","1300"
"30092026","0","","BMW","S 1000 XR","Madrid","Comunidad de Madrid","999"
"30092026","0","","CYCLONE","CARRERA","Sevilla","Andalucía","125"
"30092026","0","","YAMAHA","XMAX 125","Córdoba","Andalucía","125"
"30092026","0","","BMW","R 1300 GS","Córdoba","Andalucía","1300"
"30092026","0","","BMW","F 450 GS","Madrid","Comunidad de Madrid","420"
"30092026","0","","YAMAHA","XTZ 700 Tenere","Granada","Andalucía","689"
"30092026","0","","HONDA","SH125i","Málaga","Andalucía","125"
"30092026","0","","VOGE","DS800X RALLY","Alicante/Alacant","Comunidad Valenciana","798"
"30092026","0","","YAMAHA","NMAX 125","Barcelona","Cataluña","125"
"30092026","0","","VOGE","625R","Barcelona","Cataluña","581"
"30092026","0","","APRILIA","RS 125","Sevilla","Andalucía","124"
"30092026","0","","ZONTES","368G","Barcelona","Cataluña","368"
"30092026","0","","KRC","ARCHY 125","Alicante/Alacant","Comunidad Valenciana","125"
"30092026","0","","PIAGGIO","LIBERTY 125 ABS","Barcelona","Cataluña","124"
"30092026","0","","VOGE","R125","Murcia","Región de Murcia","125"
"30092026","0","","VOGE","625DSX","Santa Cruz de Tenerife","Canarias","581"
"30092026","0","","BMW","R 1300 RS","Barcelona","Cataluña","1300"
"30092026","0","","HONDA","ADV 350","Navarra","Comunidad Foral de Navarra","330"
"30092026","0","","YAMAHA","XMAX 125","Granada","Andalucía","125"
"30092026","0","","YAMAHA","XSR-125","Barcelona","Cataluña","125"
"30092026","0","","YAMAHA","NMAX 125","Illes Balears","Illes Balears","125"
"30092026","0","","HONDA","NX500","Palmas (Las)","Canarias","471"
"30092026","0","","HONDA","FORZA 750","Málaga","Andalucía","745"
"30092026","0","","HONDA","XL750 Transalp","Madrid","Comunidad de Madrid","755"
"30092026","0","","MORBIDELLI","T502X","Coruña (A)","Galicia","486"
"30092026","0","","YAMAHA","NMAX 125","Sevilla","Andalucía","125"
"30092026","0","","ZONTES","ZT125-U1","Barcelona","Cataluña","125"
"30092026","0","","ZONTES","125V","Cádiz","Andalucía","125"
"30092026","0","","ZONTES","125X","Barcelona","Cataluña","125"
"30092026","0","","BMW","R 1300 GS","Navarra","Comunidad Foral de Navarra","1300"
"30092026","0","","BMW","F 900 XR A2","Albacete","Castilla-La Mancha","895"
"30092026","0","","HONDA","PCX 125","Jaén","Andalucía","125"
"30092026","0","","HONDA","PCX 125","Alicante/Alacant","Comunidad Valenciana","125"
"30092026","0","","PIAGGIO","LIBERTY 125 ABS","Valencia/València","Comunidad Valenciana","124"
"30092026","0","","MITT","OGAR LEGEND","Cuenca","Castilla-La Mancha","125"
"30092026","0","","HONDA","CBR 650 R","Zaragoza","Aragón","649"
"30092026","0","","BMW","R 1300 GS","Almería","Andalucía","1300"
"30092026","0","","HONDA","FORZA125","Santa Cruz de Tenerife","Canarias","125"
"30092026","0","","KYMCO","AGILITY NX 125","Cádiz","Andalucía","125"
"30092026","0","","HONDA","SH125i","Girona","Cataluña","125"
"30092026","0","","BMW","F 450 GS","Madrid","Comunidad de Madrid","420"
"30092026","0","","HONDA","FORZA125","Barcelona","Cataluña","125"
"30092026","0","","SUZUKI","GSX-8S","Santa Cruz de Tenerife","Canarias","776"
"30092026","0","","KAWASAKI","NINJA ZX-4R","Coruña (A)","Galicia","399"
"30092026","0","","YAMAHA","XMAX 125","Cantabria","Cantabria","125"
"30092026","0","","ZONTES","125X","Madrid","Comunidad de Madrid","125"
"30092026","0","","YAMAHA","NMAX 125","Navarra","Comunidad Foral de Navarra","125"
"30092026","0","","YAMAHA","XMAX 125","Valencia/València","Comunidad Valenciana","125"
"30092026","0","","VOGE","625DSX","Barcelona","Cataluña","581"
"30092026","0","","KTM","KTM 390 ENDURO R","Madrid","Comunidad de Madrid","399"
"30092026","0","","HONDA","FORZA 750","Málaga","Andalucía","745"
"30092026","0","","HONDA","NX500","Gipuzkoa","País Vasco","471"
"30092026","0","","ZONTES","125C","Barcelona","Cataluña","125"
"30092026","0","","HONDA","ADV 350","Palmas (Las)","Canarias","330"
"30092026","0","","ZONTES","368G","Barcelona","Cataluña","368"
"30092026","0","","ZONTES","368G","Illes Balears","Illes Balears","368"
"30092026","0","","BMW","R 1300 RT","Málaga","Andalucía","1300"
"30092026","0","","HONDA","ADV 350","Valencia/València","Comunidad Valenciana","330"
"30092026","0","","HUSQVARNA","HUSQVARNA TE 300","Málaga","Andalucía","293"
"30092026","0","","HONDA","ADV 350","Melilla","Melilla","330"
"30092026","0","","VOGE","SR450X","Alicante/Alacant","Comunidad Valenciana","398"
"30092026","0","","PIAGGIO","MEDLEY 125","Barcelona","Cataluña","125"
"30092026","0","","HONDA","CBR 650 R","Barcelona","Cataluña","649"
"30092026","0","","KYMCO","AGILITY NX 125","Málaga","Andalucía","125"
"30092026","0","","HERO MOTOCORP","XOOM 125R ZX","Murcia","Región de Murcia","125"
"30092026","0","","PIAGGIO","LIBERTY 125 ABS","Granada","Andalucía","124"
"30092026","0","","YAMAHA","XMAX 300","Valencia/València","Comunidad Valenciana","292"
"30092026","0","","KRC","ARCHY 125","Alicante/Alacant","Comunidad Valenciana","125"
"30092026","0","","ZONTES","125X","Huelva","Andalucía","125"
"30092026","0","","HONDA","PCX 125","Badajoz","Extremadura","125"
"30092026","0","","KAWASAKI","Z900","Barcelona","Cataluña","948"
"30092026","0","","ZONTES","125X","Girona","Cataluña","125"
"30092026","0","","HONDA","CMX1100","Granada","Andalucía","1084"
"30092026","0","","KOVE","KOVE 800 X PRO 2026","Murcia","Región de Murcia","799"
"30092026","0","","APRILIA","SR GT 125","Barcelona","Cataluña","125"
"30092026","0","","ZONTES","125X","Murcia","Región de Murcia","125"
"30092026","0","","VOGE","625DSX","Alicante/Alacant","Comunidad Valenciana","581"
"30092026","0","","BMW","M 1000 R","Santa Cruz de Tenerife","Canarias","999"
"30092026","0","","QJMOTOR","SRT 125 DX","Barcelona","Cataluña","125"
"30092026","0","","VOGE","DS900X","Barcelona","Cataluña","895"
"30092026","0","","SHERCO","125 SE-R","Girona","Cataluña","125"
"30092026","0","","ZONTES","125V","Cádiz","Andalucía","125"
"30092026","0","","KAWASAKI","Z1100","Barcelona","Cataluña","1099"
"30092026","0","","HONDA","FORZA125","Alicante/Alacant","Comunidad Valenciana","125"
"30092026","0","","HONDA","PCX 125","Palmas (Las)","Canarias","125"
"30092026","0","","HONDA","ADV 350","Illes Balears","Illes Balears","330"
"30092026","0","","HONDA","PCX 125","Málaga","Andalucía","125"
"30092026","0","","HONDA","PCX 125","Granada","Andalucía","125"
"30092026","0","","KTM","KTM 300 EXC","Rioja (La)","La Rioja","293"
"30092026","0","","ZONTES","368G","Madrid","Comunidad de Madrid","368"
"30092026","0","","SYM","JET 14","Barcelona","Cataluña","125"
"30092026","0","","HONDA","SH350i","Barcelona","Cataluña","330"
"30092026","0","","ZONTES","125V","Palmas (Las)","Canarias","125"
"30092026","0","","BMW","R 12 NINET","Lugo","Galicia","1170"
"30092026","0","","ZONTES","368G","Valencia/València","Comunidad Valenciana","368"
"30092026","0","","BMW","F 900 GS","Alicante/Alacant","Comunidad Valenciana","895"
"30092026","0","","KAWASAKI","Z900","Lugo","Galicia","948"
"30092026","0","","HONDA","VISION 110","Badajoz","Extremadura","109"
"30092026","0","","APRILIA","TUONO 125","Cáceres","Extremadura","124"
"30092026","0","","DUCATI","MULTISTRADA V4","Barcelona","Cataluña","1158"
"30092026","0","","HONDA","PCX 125","Madrid","Comunidad de Madrid","125"
"30092026","0","","YAMAHA","WR125","Valencia/València","Comunidad Valenciana","125"
"30092026","0","","PIAGGIO","MEDLEY 125","Valencia/València","Comunidad Valenciana","125"
"30092026","0","","KEEWAY","VIESTE 300","Girona","Cataluña","278"
"30092026","0","","SUZUKI","SV650U","Palmas (Las)","Canarias","645"
"30092026","0","","HONDA","ADV 750","Illes Balears","Illes Balears","745"
"30092026","0","","SYM","SYMPHONY 125","Girona","Cataluña","125"
"30092026","0","","ZONTES","125V","Zaragoza","Aragón","125"
"30092026","0","","BMW","C 400 GT","Cádiz","Andalucía","350"
"30092026","0","","ZONTES","125V","Barcelona","Cataluña","125"
"30092026","0","","ZONTES","125V","Barcelona","Cataluña","125"
"30092026","0","","BMW","F 900 GS","Madrid","Comunidad de Madrid","895"
"30092026","0","","HONDA","PCX 125","Valencia/València","Comunidad Valenciana","125"
"30092026","0","","HONDA","CB1000GT","Valencia/València","Comunidad Valenciana","1000"
"30092026","0","","HONDA","PCX 125","Valencia/València","Comunidad Valenciana","125"
"30092026","0","","BMW","R 12 NINET","Valladolid","Castilla y León","1170"
"30092026","0","","HONDA","PCX 125","Palmas (Las)","Canarias","125"
"30092026","0","","ZONTES","125X","Coruña (A)","Galicia","125"
"30092026","0","","BMW","F 450 GS","Albacete","Castilla-La Mancha","420"
"30092026","0","","HUSQVARNA","HUSQVARNA 801 SVARTPIL","Zamora","Castilla y León","799"
"30092026","0","","YAMAHA","XMAX 125","Málaga","Andalucía","125"
"30092026","0","","HONDA","XL750 Transalp","Barcelona","Cataluña","755"
"30092026","0","","ZONTES","125X","Ávila","Castilla y León","125"
"30092026","0","","HONDA","ADV 350","Barcelona","Cataluña","330"
"30092026","0","","BMW","R 1300 GS","Barcelona","Cataluña","1300"
"30092026","0","","HONDA","SH125i","Barcelona","Cataluña","125"
"30092026","0","","BMW","R 1300 GS ADVENTURE","Madrid","Comunidad de Madrid","1300"
"30092026","0","","HONDA","CB650RA","Almería","Andalucía","649"
"30092026","0","","YAMAHA","NMAX 125","Badajoz","Extremadura","125"
"30092026","0","","KOVE","KOVE 800 X PRO 2026","Madrid","Comunidad de Madrid","799"
"30092026","0","","BMW","F 800 GS","Málaga","Andalucía","895"
"30092026","0","","HONDA","FORZA125","Barcelona","Cataluña","125"
"30092026","0","","QJMOTOR","MTX 125 E5+","Alicante/Alacant","Comunidad Valenciana","125"
"30092026","0","","ZONTES","368K","Ourense","Galicia","368"
"30092026","0","","YAMAHA","MT-09","Madrid","Comunidad de Madrid","890"
"30092026","0","","KTM","KTM 125 DUKE","Jaén","Andalucía","125"
"30092026","0","","HONDA","CMX1100","Burgos","Castilla y León","1084"
"30092026","0","","BMW","R 1300 GS ADVENTURE","Barcelona","Cataluña","1300"
"30092026","0","","VOGE","DS800X RALLY","Sevilla","Andalucía","798"
"30092026","0","","ZONTES","125D","Barcelona","Cataluña","125"
"30092026","0","","KOVE","KOVE 800 X GT","Barcelona","Cataluña","799"
"30092026","0","","BMW","S 1000 XR","Madrid","Comunidad de Madrid","999"
"30092026","0","","HONDA","ADV 350","Alicante/Alacant","Comunidad Valenciana","330"
"30092026","0","","YAMAHA","NMAX 125","Valencia/València","Comunidad Valenciana","125"
"30092026","0","","KYMCO","SUPER DINK GT 125 E5+","Murcia","Región de Murcia","124"
"30092026","0","","KYMCO","SUPER DINK GT 125 E5+","Murcia","Región de Murcia","124"
"30092026","0","","SUZUKI","V-Strom 800","Badajoz","Extremadura","776"
"30092026","0","","HONDA","CBR 650 R","Illes Balears","Illes Balears","649"
"30092026","0","","HONDA","PCX 125","Cádiz","Andalucía","125"
"30092026","0","","HONDA","PCX 125","Valencia/València","Comunidad Valenciana","125"
"30092026","0","","HONDA","ADV 350","Palmas (Las)","Canarias","330"
"30092026","0","","BSA","BANTAM","Badajoz","Extremadura","334"
"30092026","0","","YAMAHA","XTZ 700 Tenere","Huelva","Andalucía","689"
"30092026","0","","ZONTES","ZT125-U1","Valencia/València","Comunidad Valenciana","125"
"30092026","0","","VOGE","DS525X","Barcelona","Cataluña","494"
"30092026","0","","BMW","R 1300 GS ADVENTURE","Murcia","Región de Murcia","1300"
"30092026","0","","VOGE","SR450X","Málaga","Andalucía","398"
"30092026","0","","BMW","F 900 GS","Santa Cruz de Tenerife","Canarias","895"
"30092026","0","","ZONTES","125V","Madrid","Comunidad de Madrid","125"
"30092026","0","","RIEJU","NKD 125","Valencia/València","Comunidad Valenciana","124"
"30092026","0","","KTM","KTM 300 EXC","Bizkaia","País Vasco","293"
"30092026","0","","QJMOTOR","SRV 125 E5+","Sevilla","Andalucía","125"
"30092026","0","","KTM","KTM 300 EXC","Bizkaia","País Vasco","293"
"30092026","0","","PIAGGIO","LIBERTY 125 ABS","Barcelona","Cataluña","124"
"30092026","0","","HONDA","SH350i","Málaga","Andalucía","330"
"30092026","0","","SUZUKI","V-Strom 800","Santa Cruz de Tenerife","Canarias","776"
"30092026","0","","KAWASAKI","Z900","Valencia/València","Comunidad Valenciana","948"
"30092026","0","","ZXMOTO","500RR","Navarra","Comunidad Foral de Navarra","470"
"30092026","0","","ZXMOTO","500RR","Zaragoza","Aragón","470"
"30092026","0","","ZONTES","ZT125-U1","Alicante/Alacant","Comunidad Valenciana","125"
"30092026","0","","HONDA","CBR 650 R","Madrid","Comunidad de Madrid","649"
"30092026","0","","KYMCO","AGILITY NX 125","Zaragoza","Aragón","125"
"30092026","0","","KOVE","KOVE 800 X PRO 2026","Barcelona","Cataluña","799"
"30092026","0","","HONDA","NT1100","Teruel","Aragón","1084"
"30092026","0","","ZONTES","368G","Alicante/Alacant","Comunidad Valenciana","368"
"30092026","0","","LAMBRETTA","J125","Barcelona","Cataluña","125"
"30092026","0","","BMW","F 900 XR","Málaga","Andalucía","895"
"30092026","0","","ZONTES","125V","Valencia/València","Comunidad Valenciana","125"
"30092026","0","","YAMAHA","NMAX 125","Illes Balears","Illes Balears","125"
"30092026","0","","KYMCO","SUPER DINK GT 125 E5+","Valencia/València","Comunidad Valenciana","124"
"30092026","0","","BMW","R 1300 GS","Albacete","Castilla-La Mancha","1300"
"30092026","0","","HONDA","PCX 125","Valencia/València","Comunidad Valenciana","125"
"30092026","0","","ZONTES","125X","Valencia/València","Comunidad Valenciana","125"
"30092026","0","","HONDA","NT1100","Alicante/Alacant","Comunidad Valenciana","1084"
"30092026","0","","ZONTES","125V","Barcelona","Cataluña","125"
"30092026","0","","TRS","TR1 300","Girona","Cataluña","294"
"30092026","0","","ZONTES","125X","Madrid","Comunidad de Madrid","125"
"30092026","0","","YAMAHA","RayZR 125","Barcelona","Cataluña","125"
"30092026","0","","BMW","R 1300 GS","Bizkaia","País Vasco","1300"
"30092026","0","","MITT","TY125T-26G","Granada","Andalucía","125"
"30092026","0","","SUZUKI","GSX-8S","Málaga","Andalucía","776"
"30092026","0","","BMW","C 400 GT","Madrid","Comunidad de Madrid","350"
"30092026","0","","MOTO GUZZI","V7 SPORT","Coruña (A)","Galicia","853"
"30092026","0","","KAWASAKI","Z900","Madrid","Comunidad de Madrid","948"
"30092026","0","","MOTO GUZZI","STELVIO","Barcelona","Cataluña","1042"
"30092026","0","","HONDA","ADV 350","Málaga","Andalucía","330"
"30092026","0","","BMW","R 1300 GS","Granada","Andalucía","1300"
"30092026","0","","KYMCO","AGILITY NX 125","Valencia/València","Comunidad Valenciana","125"
"30092026","0","","SYM","SYMPHONY 125","Gipuzkoa","País Vasco","125"
"30092026","0","","VOGE","SR1","Barcelona","Cataluña","125"
"30092026","0","","SUZUKI","ADDRESS 125","Alicante/Alacant","Comunidad Valenciana","124"
"30092026","0","","KYMCO","SUPER DINK GT 125 E5+","Madrid","Comunidad de Madrid","124"
"30092026","0","","KYMCO","PEOPLE S 125 E5+","Gipuzkoa","País Vasco","125"
"30092026","0","","BMW","R 1300 GS ADVENTURE","Barcelona","Cataluña","1300"
"30092026","0","","HONDA","ADV 750","Illes Balears","Illes Balears","745"
"30092026","0","","KTM","KTM 390 DUKE","Tarragona","Cataluña","399"
"30092026","0","","HONDA","PCX 125","Almería","Andalucía","125"
"30092026","0","","BMW","F 800 GS","Madrid","Comunidad de Madrid","895"
"30092026","0","","HONDA","PCX 125","Madrid","Comunidad de Madrid","125"
"30092026","0","","HONDA","PCX 125","Madrid","Comunidad de Madrid","125"
"30092026","0","","HONDA","SH Mode 125","Gipuzkoa","País Vasco","125"
"30092026","0","","ZONTES","125X","Girona","Cataluña","125"
"30092026","0","","HONDA","VISION 110","Barcelona","Cataluña","109"
"30092026","0","","HONDA","SH125i","Málaga","Andalucía","125"
"30092026","0","","TRIUMPH","SPEED 400","Zaragoza","Aragón","398"
"30092026","0","","HONDA","CB1000GT","Madrid","Comunidad de Madrid","1000"
"30092026","0","","HONDA","ADV 750","Málaga","Andalucía","745"
"30092026","0","","VOGE","SR450X","Palmas (Las)","Canarias","398"
"30092026","0","","VOGE","SR1ADV","Barcelona","Cataluña","125"
"30092026","0","","KTM","KTM 300 EXC","Huelva","Andalucía","293"
"30092026","0","","VOGE","DS525X","Madrid","Comunidad de Madrid","494"
"30092026","0","","HONDA","SH350i","Málaga","Andalucía","330"
"30092026","0","","ZONTES","125V","Granada","Andalucía","125"
"30092026","0","","ROYAL ENFIELD","GUERRILLA 450","Barcelona","Cataluña","452"
"30092026","0","","SYM","SYMPHONY 125","Barcelona","Cataluña","125"
"30092026","0","","KYMCO","AGILITY S","Girona","Cataluña","125"
"30092026","0","","YAMAHA","XTZ 700 Tenere","Huelva","Andalucía","689"
"30092026","0","","BMW","R 1300 GS ADVENTURE","Córdoba","Andalucía","1300"
"30092026","0","","HONDA","ADV 350","Palmas (Las)","Canarias","330"
"30092026","0","","HARLEY-DAVIDSON","SPORTSTER S","Illes Balears","Illes Balears","1252"
"30092026","0","","VOGE","DS800X RALLY","Santa Cruz de Tenerife","Canarias","798"
"30092026","0","","BMW","C 400 GT","Madrid","Comunidad de Madrid","350"
"30092026","0","","ZONTES","125V","Cantabria","Cantabria","125"
"30092026","0","","YAMAHA","NMAX 125","Guadalajara","Castilla-La Mancha","125"
"30092026","0","","YAMAHA","XTZ 700 Tenere","Cantabria","Cantabria","689"
"30092026","0","","HONDA","PCX 125","Granada","Andalucía","125"
"30092026","0","","ZONTES","368G","Bizkaia","País Vasco","368"
"30092026","0","","DUCATI","MONSTER","Barcelona","Cataluña","890"
"30092026","0","","MOTO GUZZI","V85 TT","Barcelona","Cataluña","853"
"30092026","0","","KYMCO","AGILITY NX 125","Santa Cruz de Tenerife","Canarias","125"
"30092026","0","","BMW","R 1300 GS","Illes Balears","Illes Balears","1300"
"30092026","0","","BMW","R 1300 RT","Alicante/Alacant","Comunidad Valenciana","1300"
"30092026","0","","TRIUMPH","TRIDENT 800","Girona","Cataluña","798"
"30092026","0","","ZONTES","125V","Barcelona","Cataluña","125"
"30092026","0","","HONDA","SH125i","Barcelona","Cataluña","125"
"30092026","0","","ZONTES","ZT125-G1","Coruña (A)","Galicia","125"
"30092026","0","","YAMAHA","NMAX 125","Illes Balears","Illes Balears","125"
"30092026","0","","YAMAHA","MT-09","Granada","Andalucía","890"
"30092026","0","","ZONTES","125V","Barcelona","Cataluña","125"
"30092026","0","","HONDA","SH Mode 125","Gipuzkoa","País Vasco","125"
"30092026","0","","HONDA","PCX 125","Barcelona","Cataluña","125"
"30092026","0","","VOGE","625DSX","Jaén","Andalucía","581"
"30092026","0","","ROYAL ENFIELD","HIMALAYAN 452","Illes Balears","Illes Balears","452"
"30092026","0","","HONDA","FORZA 350","Alicante/Alacant","Comunidad Valenciana","330"
"30092026","0","","ZONTES","125X","Barcelona","Cataluña","125"
"30092026","0","","HONDA","SH125i","Barcelona","Cataluña","125"
"30092026","0","","YAMAHA","NMAX 125","Gipuzkoa","País Vasco","125"
"30092026","0","","BMW","R 1300 GS","Valencia/València","Comunidad Valenciana","1300"
"30092026","0","","HONDA","ADV 350","Barcelona","Cataluña","330"
"30092026","0","","BMW","R 1300 GS ADVENTURE","Pontevedra","Galicia","1300"
"30092026","0","","YAMAHA","WR125","Málaga","Andalucía","125"
"30092026","0","","BMW","F 900 GS","Cádiz","Andalucía","895"
"30092026","0","","HONDA","PCX 125","Huelva","Andalucía","125"
"30092026","0","","HONDA","FORZA 750","Murcia","Región de Murcia","745"
"30092026","0","","YAMAHA","RayZR 125","Sevilla","Andalucía","125"
"30092026","0","","BMW","C 400 GT","Álava/Araba","País Vasco","350"
"30092026","0","","APRILIA","SR GT 125","Alicante/Alacant","Comunidad Valenciana","125"
"30092026","0","","KYMCO","SUPER DINK GT 125 E5+","Illes Balears","Illes Balears","124"
"30092026","0","","BMW","C 400 X","Madrid","Comunidad de Madrid","350"
"30092026","0","","HONDA","CB 500 F","Barcelona","Cataluña","471"
"30092026","0","","HONDA","CBR600R3","Barcelona","Cataluña","599"
"30092026","0","","KYMCO","SKYTOWN 125","Madrid","Comunidad de Madrid","125"
"30092026","0","","VOGE","SR3","Alicante/Alacant","Comunidad Valenciana","244"
"30092026","0","","QJMOTOR","COV 125 X","Murcia","Región de Murcia","125"
"30092026","0","","BMW","C 400 X","Cádiz","Andalucía","350"
"30092026","0","","HONDA","CB 125 F","Málaga","Andalucía","124"
"30092026","0","","HONDA","VISION 110","Tarragona","Cataluña","109"
"30092026","0","","ZONTES","125V","Valencia/València","Comunidad Valenciana","125"
"30092026","0","","BMW","R 1300 GS ADVENTURE","Cuenca","Castilla-La Mancha","1300"
"30092026","0","","BMW","R 1300 GS","Barcelona","Cataluña","1300"
"30092026","0","","KAWASAKI","VULCAN S","Lleida","Cataluña","649"
"30092026","0","","ZONTES","125X","Valencia/València","Comunidad Valenciana","125"
"30092026","0","","ZONTES","125X","Sevilla","Andalucía","125"
"30092026","0","","SYM","JET 14","Huelva","Andalucía","125"
"30092026","0","","BMW","F 900 R","Toledo","Castilla-La Mancha","895"
"30092026","0","","YAMAHA","NMAX 125","Madrid","Comunidad de Madrid","125"
"30092026","0","","KOVE","KOVE 800 X GT","Madrid","Comunidad de Madrid","799"
"30092026","0","","KAWASAKI","VERSYS 650","Cádiz","Andalucía","649"
"30092026","0","","ZXMOTO","500RR","Lleida","Cataluña","470"
"30092026","0","","KYMCO","AGILITY NX 125","Gipuzkoa","País Vasco","125"
"30092026","0","","BMW","F 800 GS","Madrid","Comunidad de Madrid","895"
"30092026","0","","VOGE","SR450X","Málaga","Andalucía","398"
"30092026","0","","YAMAHA","MT-07","Navarra","Comunidad Foral de Navarra","689"
"30092026","0","","ZONTES","125E","Madrid","Comunidad de Madrid","125"
"30092026","0","","BMW","R 1300 GS ADVENTURE","Palmas (Las)","Canarias","1300"
"30092026","0","","KTM","KTM 300 EXC","Jaén","Andalucía","293"
"30092026","0","","HONDA","ADV 350","Palmas (Las)","Canarias","330"
"30092026","0","","ZONTES","125V","Barcelona","Cataluña","125"
"30092026","0","","ZONTES","368D","Cádiz","Andalucía","368"
"30092026","0","","SYM","SYMPHONY 125","Madrid","Comunidad de Madrid","125"
"30092026","0","","BMW","R 1300 GS","Barcelona","Cataluña","1300"
"30092026","0","","ZONTES","ZT125-G1","Barcelona","Cataluña","125"
"30092026","0","","HONDA","PCX 125","Palmas (Las)","Canarias","125"
"30092026","0","","ZONTES","703RR","Girona","Cataluña","699"
"30092026","0","","BMW","F 900 XR","Alicante/Alacant","Comunidad Valenciana","895"
"30092026","0","","SYM","SYMPHONY 125","Barcelona","Cataluña","125"
"30092026","0","","CYCLONE","RA125 PLUS","Coruña (A)","Galicia","124"
"30092026","0","","HONDA","PCX 125","Pontevedra","Galicia","125"
"30092026","0","","HONDA","CBR 650 R","Barcelona","Cataluña","649"
"30092026","0","","VOGE","625DSX","Málaga","Andalucía","581"
"30092026","0","","KAWASAKI","Z650","Barcelona","Cataluña","649"
"30092026","0","","ZONTES","125X","Albacete","Castilla-La Mancha","125"
"30092026","0","","KTM","KTM 350 EXC-F","Tarragona","Cataluña","350"
"30092026","0","","YAMAHA","NMAX 125","Barcelona","Cataluña","125"
"30092026","0","","KTM","KTM 990 RC R","Murcia","Región de Murcia","947"
"30092026","0","","VOGE","DS900X","Asturias","Principado de Asturias","895"
"30092026","0","","BMW","R 1300 GS","Barcelona","Cataluña","1300"
"30092026","0","","VOGE","625R","Asturias","Principado de Asturias","581"
"30092026","0","","HONDA","NC 750 X","Zaragoza","Aragón","745"
"30092026","0","","YAMAHA","YZF-R9","Santa Cruz de Tenerife","Canarias","890"
"30092026","0","","HONDA","CBR600R3","Valencia/València","Comunidad Valenciana","599"
"30092026","0","","APRILIA","SR GT 125","Ourense","Galicia","125"
"30092026","0","","YAMAHA","XMAX 125","Barcelona","Cataluña","125"
"30092026","0","","VOGE","SR450X","Barcelona","Cataluña","398"
"30092026","0","","HONDA","CBR 650 R","Palmas (Las)","Canarias","649"
"30092026","0","","ZONTES","ZT125-G1","Santa Cruz de Tenerife","Canarias","125"
"30092026","0","","BMW","R 1300 R","Madrid","Comunidad de Madrid","1300"
"30092026","0","","SUZUKI","V-Strom 800","Palmas (Las)","Canarias","776"
"30092026","0","","HONDA","CBR 650 R","Madrid","Comunidad de Madrid","649"
"30092026","0","","ZONTES","125X","Castellón/Castelló","Comunidad Valenciana","125"
"30092026","0","","ZONTES","125X","Valencia/València","Comunidad Valenciana","125"
"30092026","0","","PIAGGIO","VESPA GTS 125","Illes Balears","Illes Balears","125"
"30092026","0","","HONDA","GB350S","Alicante/Alacant","Comunidad Valenciana","348"
"30092026","0","","ZONTES","125X","Valencia/València","Comunidad Valenciana","125"
"30092026","0","","BMW","F 450 GS","Málaga","Andalucía","420"
"30092026","0","","ZONTES","125X","Illes Balears","Illes Balears","125"
"30092026","0","","SYM","JET 14","Illes Balears","Illes Balears","125"
"30092026","0","","ZONTES","125V","Alicante/Alacant","Comunidad Valenciana","125"
"30092026","0","","SUZUKI","GSX-S 1000","Illes Balears","Illes Balears","999"
"30092026","0","","ZONTES","125V","Cantabria","Cantabria","125"
"30092026","0","","QJMOTOR","SRK 700","Murcia","Región de Murcia","698"
"30092026","0","","ZONTES","125X","Málaga","Andalucía","125"
"30092026","0","","HONDA","SH125i","Barcelona","Cataluña","125"
"30092026","0","","ZONTES","703F","Madrid","Comunidad de Madrid","699"
"30092026","0","","VOGE","DS800X RALLY","Almería","Andalucía","798"
"30092026","0","","YAMAHA","NMAX 125","Madrid","Comunidad de Madrid","125"
"30092026","0","","PEUGEOT","TWEET FL 125 CC","Palmas (Las)","Canarias","125"
"30092026","0","","BMW","F 450 GS","Álava/Araba","País Vasco","420"
"30092026","0","","HONDA","SH350i","Santa Cruz de Tenerife","Canarias","330"
"30092026","0","","ZONTES","125V","Cádiz","Andalucía","125"
"30092026","0","","YAMAHA","MT-125","Valencia/València","Comunidad Valenciana","125"
"30092026","0","","ZONTES","125V","Asturias","Principado de Asturias","125"
"30092026","0","","MOTO GUZZI","V85 TT","Barcelona","Cataluña","853"
"30092026","0","","ZONTES","125C","Alicante/Alacant","Comunidad Valenciana","125"
"30092026","0","","HYOSUNG","GV300","Palmas (Las)","Canarias","296"
"30092026","0","","HONDA","NC 750 X","Madrid","Comunidad de Madrid","745"
"30092026","0","","SYM","ADX 300 TCS","Burgos","Castilla y León","278"
"30092026","0","","LETBE","VELOCITY","Girona","Cataluña","125"
"30092026","0","","HONDA","Rebel 500","Illes Balears","Illes Balears","471"
"30092026","0","","BMW","F 900 GS ADVENTURE","Barcelona","Cataluña","895"
"30092026","0","","KOVE","KOVE 800 X PRO 2026","Gipuzkoa","País Vasco","799"
"30092026","0","","BENELLI","BKX 125","Tarragona","Cataluña","125"
"30092026","0","","SYM","SYMPHONY 125","Barcelona","Cataluña","125"
"30092026","0","","SYM","JET 14","Ourense","Galicia","125"
"30092026","0","","ZONTES","125E","Barcelona","Cataluña","125"
"30092026","0","","YAMAHA","MT-09","Barcelona","Cataluña","890"
"30092026","0","","ZONTES","125V","Valencia/València","Comunidad Valenciana","125"
"30092026","0","","SUZUKI","SV650GX","Alicante/Alacant","Comunidad Valenciana","645"
"30092026","0","","RIEJU","RALLY 307","Madrid","Comunidad de Madrid","292"
"30092026","0","","APRILIA","SR GT 125","Valencia/València","Comunidad Valenciana","125"
"30092026","0","","HONDA","SH125i","Almería","Andalucía","125"
"30092026","0","","HONDA","VISION 110","Barcelona","Cataluña","109"
"30092026","0","","ZONTES","368G","Girona","Cataluña","368"
"30092026","0","","KYMCO","DTX 350","Santa Cruz de Tenerife","Canarias","321"
"30092026","0","","VOGE","SR3","Bizkaia","País Vasco","244"
"30092026","0","","YAMAHA","XMAX 125","Córdoba","Andalucía","125"
"30092026","0","","HONDA","VISION 110","Alicante/Alacant","Comunidad Valenciana","109"
"30092026","0","","YAMAHA","XMAX 125","Madrid","Comunidad de Madrid","125"
"30092026","0","","BAJAJ","PULSAR N 125","Málaga","Andalucía","125"
"30092026","0","","VOGE","R125S","Cantabria","Cantabria","125"
"30092026","0","","YAMAHA","NMAX 125","Málaga","Andalucía","125"
"30092026","0","","KEEWAY","GEMMA","Cádiz","Andalucía","117"
"30092026","0","","BENELLI","TRK 902","Tarragona","Cataluña","904"
"30092026","0","","SYM","JET 14","Illes Balears","Illes Balears","125"
"30092026","0","","APRILIA","RSV4","Illes Balears","Illes Balears","1099"
"30092026","0","","CYCLONE","SR600-3A","Palmas (Las)","Canarias","549"
"30092026","0","","HONDA","FORZA125","Illes Balears","Illes Balears","125"
"30092026","0","","BMW","R 1300 GS","Barcelona","Cataluña","1300"
"30092026","0","","KYMCO","SKYTOWN 125","Barcelona","Cataluña","125"
"30092026","0","","YAMAHA","NMAX 125","Granada","Andalucía","125"
"30092026","0","","BMW","F 800 GS","Madrid","Comunidad de Madrid","895"
"30092026","0","","SUZUKI","BURGMAN 400","Valencia/València","Comunidad Valenciana","400"
"30092026","0","","ZONTES","125C","Sevilla","Andalucía","125"
"30092026","0","","MH MOTORCYCLES","VRT","Cádiz","Andalucía","124"
"30092026","0","","BMW","R 1300 GS","Barcelona","Cataluña","1300"
"30092026","0","","LETBE","HJ125T-5B","Pontevedra","Galicia","125"
"30092026","0","","VOGE","SR450X","Murcia","Región de Murcia","398"
"30092026","0","","QJMOTOR","SRK 125 J","Valladolid","Castilla y León","125"
"30092026","0","","KYMCO","AGILITY NX 125","Málaga","Andalucía","125"
"30092026","0","","BMW","S 1000 XR","Illes Balears","Illes Balears","999"
"30092026","0","","BMW","R 1300 RT","Valencia/València","Comunidad Valenciana","1300"
"30092026","0","","VOGE","DS800X RALLY","Jaén","Andalucía","798"
"30092026","0","","YAMAHA","NMAX 125","Alicante/Alacant","Comunidad Valenciana","125"
"30092026","0","","VOGE","SR1ADV","Palmas (Las)","Canarias","125"
"30092026","0","","BMW","R 1300 GS","Barcelona","Cataluña","1300"
"30092026","0","","KAWASAKI","NINJA 650","Valencia/València","Comunidad Valenciana","649"
"30092026","0","","SUZUKI","SV650GX","Cádiz","Andalucía","645"
"30092026","0","","BMW","C 400 X","Zaragoza","Aragón","350"
"30092026","0","","BMW","F 800 GS","Illes Balears","Illes Balears","895"
"30092026","0","","VOGE","DS800X RALLY","Madrid","Comunidad de Madrid","798"
"30092026","0","","BMW","F 900 R A2","Asturias","Principado de Asturias","895"
"30092026","0","","YAMAHA","NMAX 125","Córdoba","Andalucía","125"
"30092026","0","","PIAGGIO","VESPA PRIMAVERA 125","Valencia/València","Comunidad Valenciana","124"
"30092026","0","","KYMCO","AGILITY NX 125","Barcelona","Cataluña","125"
"30092026","0","","HUSQVARNA","HUSQVARNA TE 300","Málaga","Andalucía","293"
"30092026","0","","CFMOTO","675SR-R","Barcelona","Cataluña","674"
"30092026","0","","PIAGGIO","LIBERTY 125 ABS","Valencia/València","Comunidad Valenciana","124"
"30092026","0","","SYM","BWT 125","Bizkaia","País Vasco","124"
"30092026","0","","SHERCO","300 SE-R","Álava/Araba","País Vasco","293"
"30092026","0","","HONDA","NC 750 X","Santa Cruz de Tenerife","Canarias","745"
"30092026","0","","KYMCO","DTX 350","Santa Cruz de Tenerife","Canarias","321"
"30092026","0","","YAMAHA","WR125","Girona","Cataluña","125"
"30092026","0","","HONDA","SH125i","Barcelona","Cataluña","125"
"30092026","0","","YAMAHA","NMAX 125","Valencia/València","Comunidad Valenciana","125"
"30092026","0","","KOVE","KOVE 800 X PRO 2026","Barcelona","Cataluña","799"
"30092026","0","","VOGE","DS800X RALLY","Málaga","Andalucía","798"
"30092026","0","","MH MOTORCYCLES","TRAY","Palencia","Castilla y León","125"
"30092026","0","","ZONTES","125X","Madrid","Comunidad de Madrid","125"
"30092026","0","","ZONTES","368G","Girona","Cataluña","368"
"30092026","0","","HONDA","PCX 125","Barcelona","Cataluña","125"
"30092026","0","","MH MOTORCYCLES","VR10","Granada","Andalucía","124"
"30092026","0","","YAMAHA","NMAX 125","Sevilla","Andalucía","125"
"30092026","0","","HONDA","CBR 650 R","Madrid","Comunidad de Madrid","649"
"30092026","0","","HONDA","ADV 350","Barcelona","Cataluña","330"
"30092026","0","","HONDA","FORZA125","Barcelona","Cataluña","125"
"30092026","0","","HONDA","VISION 110","Barcelona","Cataluña","109"
"30092026","0","","ZONTES","125X","Valencia/València","Comunidad Valenciana","125"
"30092026","0","","HONDA","PCX 125","Málaga","Andalucía","125"
"30092026","0","","HONDA","NT1100","Barcelona","Cataluña","1084"
"30092026","0","","HONDA","VISION 110","Bizkaia","País Vasco","109"
"30092026","0","","KAWASAKI","Z125","Valencia/València","Comunidad Valenciana","125"
"30092026","0","","HONDA","PCX 125","Santa Cruz de Tenerife","Canarias","125"
"30092026","0","","HONDA","PCX 125","Zaragoza","Aragón","125"
"30092026","0","","VOGE","SR450X","Madrid","Comunidad de Madrid","398"
"30092026","0","","ZONTES","125X","Córdoba","Andalucía","125"
"30092026","0","","HONDA","XL750 Transalp","Barcelona","Cataluña","755"
"30092026","0","","ZONTES","368E","Barcelona","Cataluña","368"
"30092026","0","","ZONTES","125X","Sevilla","Andalucía","125"
"30092026","0","","YAMAHA","R125","Coruña (A)","Galicia","125"
"30092026","0","","SHERCO","300 SE-R","Gipuzkoa","País Vasco","293"
"30092026","0","","YAMAHA","NMAX 125","Asturias","Principado de Asturias","125"
"30092026","0","","HONDA","FORZA125","Santa Cruz de Tenerife","Canarias","125"
"30092026","0","","ZONTES","125V","Tarragona","Cataluña","125"
"30092026","0","","SWM","HOKU 125","Barcelona","Cataluña","125"
"30092026","0","","BMW","S 1000 XR","Granada","Andalucía","999"
"30092026","0","","ZONTES","125X","Cáceres","Extremadura","125"
"30092026","0","","HONDA","ADV 350","Madrid","Comunidad de Madrid","330"
"30092026","0","","LEONART","PILDER 125","Pontevedra","Galicia","125"
"30092026","0","","KAWASAKI","Z900","Valencia/València","Comunidad Valenciana","948"
"30092026","0","","HONDA","ADV 750","Palmas (Las)","Canarias","745"
"30092026","0","","BMW","F 900 XR","Badajoz","Extremadura","895"
"30092026","0","","YAMAHA","NMAX 125","Valencia/València","Comunidad Valenciana","125"
"30092026","0","","BMW","R 1300 GS","Barcelona","Cataluña","1300"
"30092026","0","","YAMAHA","TMAX 560","Alicante/Alacant","Comunidad Valenciana","562"
"30092026","0","","BENELLI","TRK 902","Almería","Andalucía","904"
"30092026","0","","KYMCO","SUPER DINK GT","Zaragoza","Aragón","321"
"30092026","0","","BMW","C 400 X","Madrid","Comunidad de Madrid","350"
"30092026","0","","MOTO GUZZI","STELVIO (A.R.A.S.)","Barcelona","Cataluña","1042"
"30092026","0","","BMW","C 400 X","Málaga","Andalucía","350"
"30092026","0","","BMW","C 400 GT","Toledo","Castilla-La Mancha","350"
"30092026","0","","BMW","F 900 XR A2","Alicante/Alacant","Comunidad Valenciana","895"
"30092026","0","","HONDA","VISION 110","Girona","Cataluña","109"
"30092026","0","","BMW","R 1300 RT","Córdoba","Andalucía","1300"
"30092026","0","","HONDA","VISION 110","Gipuzkoa","País Vasco","109"
"30092026","0","","ZONTES","125E","Barcelona","Cataluña","125"
"30092026","0","","HONDA","SH Mode 125","Alicante/Alacant","Comunidad Valenciana","125"
"30092026","0","","KAWASAKI","Z650","Santa Cruz de Tenerife","Canarias","649"
"30092026","0","","BMW","R 1300 RT","Toledo","Castilla-La Mancha","1300"
"30092026","0","","ZONTES","125V","Granada","Andalucía","125"
"30092026","0","","KOVE","KOVE 800 X PRO 2026","Asturias","Principado de Asturias","799"
"30092026","0","","ZONTES","125V","Cádiz","Andalucía","125"
"30092026","0","","HONDA","FORZA125","Santa Cruz de Tenerife","Canarias","125"
"30092026","0","","HONDA","FORZA125","Barcelona","Cataluña","125"
"30092026","0","","ZONTES","125V","Cádiz","Andalucía","125"
"30092026","0","","HONDA","ADV 750","Barcelona","Cataluña","745"
"30092026","0","","KYMCO","DTX 125","Bizkaia","País Vasco","124"
"30092026","0","","HONDA","SH125i","Barcelona","Cataluña","125"
"30092026","0","","HONDA","ADV 350","Jaén","Andalucía","330"
"30092026","0","","ZONTES","368G","Coruña (A)","Galicia","368"
"30092026","0","","ZONTES","125X","Tarragona","Cataluña","125"
"30092026","0","","KAWASAKI","NINJA 500","Lleida","Cataluña","451"
"30092026","0","","TRIUMPH","SPEED TWIN 900","Madrid","Comunidad de Madrid","900"
"30092026","0","","BENELLI","BKX 125","Sevilla","Andalucía","125"
"30092026","0","","TRS","TR1 300","Girona","Cataluña","294"
"30092026","0","","ZONTES","125V","Tarragona","Cataluña","125"
"30092026","0","","ZONTES","125X","Palmas (Las)","Canarias","125"
"30092026","0","","YAMAHA","Tracer 9 GT","Málaga","Andalucía","890"
"30092026","0","","KYMCO","AGILITY S","Alicante/Alacant","Comunidad Valenciana","125"
"30092026","0","","HONDA","CBR500","Asturias","Principado de Asturias","471"
"30092026","0","","HONDA","SH125i","Málaga","Andalucía","125"
"30092026","0","","KOVE","KOVE 800 X GT","Tarragona","Cataluña","799"
"30092026","0","","CFMOTO","450MT","Santa Cruz de Tenerife","Canarias","449"
"30092026","0","","ZAIRON","ZS3","Alicante/Alacant","Comunidad Valenciana","124"
"30092026","0","","ZONTES","368G","Cádiz","Andalucía","368"
"30092026","0","","KOVE","KOVE 800 X PRO 2026","Asturias","Principado de Asturias","799"
"30092026","0","","RIEJU","NKD 125","Pontevedra","Galicia","124"
"30092026","0","","SUZUKI","V-Strom 1050","Granada","Andalucía","1037"
"30092026","0","","ZONTES","368G","Álava/Araba","País Vasco","368"
"30092026","0","","BMW","F 800 GS","Málaga","Andalucía","895"
"30092026","0","","VOGE","SR450X","Alicante/Alacant","Comunidad Valenciana","398"
"30092026","0","","ZONTES","ZT125-Z2","Madrid","Comunidad de Madrid","125"
"30092026","0","","HONDA","CBR 650 R","Barcelona","Cataluña","649"
"30092026","0","","KTM","KTM 125 ENDURO","Cádiz","Andalucía","125"
"30092026","0","","ZONTES","125X","Valencia/València","Comunidad Valenciana","125"
"30092026","0","","SYM","SYMPHONY 125","Girona","Cataluña","125"
"30092026","0","","VOGE","DS900X","Girona","Cataluña","895"
"30092026","0","","TRIUMPH","STREET TRIPLE 765 RS","Ciudad Real","Castilla-La Mancha","765"
"30092026","0","","HONDA","SH125i","Gipuzkoa","País Vasco","125"
"30092026","0","","BMW","F 450 GS","Gipuzkoa","País Vasco","420"
"30092026","0","","HONDA","PCX 125","Granada","Andalucía","125"
"30092026","0","","ZONTES","125V","Cádiz","Andalucía","125"
"30092026","0","","QJMOTOR","SRK 800 RR","Pontevedra","Galicia","778"
"30092026","0","","SUZUKI","DR-Z400","Madrid","Comunidad de Madrid","398"
"30092026","0","","MOTO GUZZI","V85 TT","Barcelona","Cataluña","853"
"30092026","0","","HONDA","ADV 750","Lleida","Cataluña","745"
"30092026","0","","YAMAHA","NMAX 125","Córdoba","Andalucía","125"
"30092026","0","","KYMCO","AGILITY S","Coruña (A)","Galicia","125"
"30092026","0","","ZONTES","125X","Madrid","Comunidad de Madrid","125"
"30092026","0","","HONDA","PCX 125","Illes Balears","Illes Balears","125"
"30092026","0","","BMW","R 1300 GS ADVENTURE","Burgos","Castilla y León","1300"
"30092026","0","","YAMAHA","NMAX 125","Madrid","Comunidad de Madrid","125"
"30092026","0","","ZONTES","368G","Barcelona","Cataluña","368"
"30092026","0","","MOTO GUZZI","V85 TT TRAVEL","Barcelona","Cataluña","853"
"30092026","0","","HONDA","ADV 750","Málaga","Andalucía","745"
"30092026","0","","BMW","R 1300 GS","Málaga","Andalucía","1300"
"30092026","0","","BMW","R 1300 GS ADVENTURE","Palmas (Las)","Canarias","1300"
"30092026","0","","YAMAHA","XTZ 700 Tenere","Sevilla","Andalucía","689"
"30092026","0","","HONDA","ADV 750","Palmas (Las)","Canarias","745"
"30092026","0","","VOGE","SR1","Santa Cruz de Tenerife","Canarias","125"
"30092026","0","","MOTO GUZZI","V85 TT TRAVEL","Zaragoza","Aragón","853"
"30092026","0","","APRILIA","SR GT 125","Palmas (Las)","Canarias","125"
"30092026","0","","KAWASAKI","NINJA ZX-4R","Valencia/València","Comunidad Valenciana","399"
"30092026","0","","YAMAHA","NMAX 125","Málaga","Andalucía","125"
"30092026","0","","YAMAHA","NMAX 125","Málaga","Andalucía","125"
"30092026","0","","HONDA","PCX 125","Madrid","Comunidad de Madrid","125"
"30092026","0","","YAMAHA","XMAX 300","Madrid","Comunidad de Madrid","292"
"30092026","0","","VOGE","SR3","Málaga","Andalucía","244"
"30092026","0","","BMW","R 1300 GS","Ciudad Real","Castilla-La Mancha","1300"
"30092026","0","","ZONTES","125X","Córdoba","Andalucía","125"
"30092026","0","","YAMAHA","XTZ 700 Tenere","Salamanca","Castilla y León","689"
"30092026","0","","BMW","F 450 GS","Málaga","Andalucía","420"
"30092026","0","","YAMAHA","RayZR 125","Salamanca","Castilla y León","125"
"30092026","0","","ZONTES","368G","Sevilla","Andalucía","368"
"30092026","0","","YAMAHA","TRACER 700","Cádiz","Andalucía","689"
"30092026","0","","TRIUMPH","TIGER 900 ALPINE EDITI","Alicante/Alacant","Comunidad Valenciana","888"
"30092026","0","","KYMCO","SKYTOWN 125","Zaragoza","Aragón","125"
"30092026","0","","ZONTES","125X","Jaén","Andalucía","125"
"30092026","0","","KTM","KTM 990 RC R","Cáceres","Extremadura","947"
"30092026","0","","ZONTES","368G","Girona","Cataluña","368"
"30092026","0","","SUZUKI","GSX-S 1000","Madrid","Comunidad de Madrid","999"
"30092026","0","","KYMCO","SKYTOWN 125","Girona","Cataluña","125"
"30092026","0","","ZONTES","125V","Barcelona","Cataluña","125"
"30092026","0","","HONDA","NX500","Valencia/València","Comunidad Valenciana","471"
"30092026","0","","HONDA","CB 125 F","Madrid","Comunidad de Madrid","124"
"30092026","0","","PEUGEOT","TWEET FL 125 CC","Madrid","Comunidad de Madrid","125"
"30092026","0","","HONDA","ADV 750","Valencia/València","Comunidad Valenciana","745"
"30092026","0","","HONDA","PCX 125","Almería","Andalucía","125"
"30092026","0","","VOGE","DS800X RALLY","Barcelona","Cataluña","798"
"30092026","0","","ZONTES","125X","Granada","Andalucía","125"
"30092026","0","","MOTO GUZZI","V85 STRADA","Barcelona","Cataluña","853"
"30092026","0","","CFMOTO","800MT-X","Zaragoza","Aragón","799"
"30092026","0","","KYMCO","PEOPLE S 125 E5+","Barcelona","Cataluña","125"
"30092026","0","","PIAGGIO","VESPA PRIMAVERA 125","Castellón/Castelló","Comunidad Valenciana","124"
"30092026","0","","KAWASAKI","Z650","Toledo","Castilla-La Mancha","649"
"30092026","0","","HONDA","PCX 125","Cádiz","Andalucía","125"
"30092026","0","","HONDA","SH125i","Málaga","Andalucía","125"
"30092026","0","","ZONTES","125X","Sevilla","Andalucía","125"
"30092026","0","","KAWASAKI","NINJA 1100SX","Valencia/València","Comunidad Valenciana","1099"
"30092026","0","","ZONTES","125X","Valencia/València","Comunidad Valenciana","125"
"30092026","0","","YAMAHA","NMAX 125","Alicante/Alacant","Comunidad Valenciana","125"
"30092026","0","","BMW","C 400 X","Barcelona","Cataluña","350"
"30092026","0","","VOGE","DS800X RALLY","Madrid","Comunidad de Madrid","798"
"30092026","0","","BMW","R 1300 RT","Barcelona","Cataluña","1300"
"30092026","0","","HUSQVARNA","HUSQVARNA FE 350","Asturias","Principado de Asturias","350"
"30092026","0","","HONDA","PCX 125","Cádiz","Andalucía","125"
"30092026","0","","HONDA","ADV 350","Palmas (Las)","Canarias","330"
"30092026","0","","BMW","R 1300 RS","Cádiz","Andalucía","1300"
"30092026","0","","ZONTES","125V","Madrid","Comunidad de Madrid","125"
"30092026","0","","BMW","F 450 GS","Girona","Cataluña","420"
"30092026","0","","BMW","F 800 GS","Madrid","Comunidad de Madrid","895"
"30092026","0","","ZONTES","125V","Madrid","Comunidad de Madrid","125"
"30092026","0","","DUCATI","DESERT X","Granada","Andalucía","890"
"30092026","0","","YAMAHA","XMAX 125","Barcelona","Cataluña","125"
"30092026","0","","MACBOR","MONTANA XR1 125 EVO","Asturias","Principado de Asturias","124"
"30092026","0","","VOGE","DS800X RALLY","Málaga","Andalucía","798"
"30092026","0","","ZONTES","368G","Cádiz","Andalucía","368"
"30092026","0","","ZONTES","125C","Tarragona","Cataluña","125"
"30092026","0","","YAMAHA","NMAX 125","Illes Balears","Illes Balears","125"
"30092026","0","","BMW","F 800 GS","Barcelona","Cataluña","895"
"30092026","0","","YAMAHA","XMAX 125","Madrid","Comunidad de Madrid","125"
"30092026","0","","ZONTES","368G","Albacete","Castilla-La Mancha","368"
"30092026","0","","ZONTES","125X","Murcia","Región de Murcia","125"
"30092026","0","","KEEWAY","VERSILIA 125","Córdoba","Andalucía","125"
"30092026","0","","MOTO GUZZI","V100 MANDELLO ""WIND TU","Barcelona","Cataluña","1042"
"30092026","0","","BMW","R 1300 RS","Zaragoza","Aragón","1300"
"30092026","0","","BMW","R 1300 GS","Murcia","Región de Murcia","1300"
"30092026","0","","YAMAHA","XMAX 300","Madrid","Comunidad de Madrid","292"
"30092026","0","","PIAGGIO","VESPA PRIMAVERA 125","Málaga","Andalucía","124"
"30092026","0","","BMW","F 450 GS","Barcelona","Cataluña","420"
"30092026","0","","HONDA","PCX 125","Lleida","Cataluña","125"
"30092026","0","","ZONTES","368G","Barcelona","Cataluña","368"
"30092026","0","","BMW","R 1300 GS","Barcelona","Cataluña","1300"
"30092026","0","","PEUGEOT","PULSION EVO","Valencia/València","Comunidad Valenciana","125"
"30092026","0","","BMW","F 450 GS","Barcelona","Cataluña","420"
"30092026","0","","HONDA","ADV 350","Barcelona","Cataluña","330"
"30092026","0","","HONDA","FORZA125","Granada","Andalucía","125"
"30092026","0","","BMW","C 400 GT","Sevilla","Andalucía","350"
"30092026","0","","HONDA","CBR650RA","Santa Cruz de Tenerife","Canarias","649"
"30092026","0","","SYM","JET 14","Albacete","Castilla-La Mancha","125"
"30092026","0","","APRILIA","TUONO 125","Barcelona","Cataluña","124"
"30092026","0","","QJMOTOR","SRK 125 S E5+","Palmas (Las)","Canarias","125"
"30092026","0","","VOGE","DS800X RALLY","Valencia/València","Comunidad Valenciana","798"
"30092026","0","","ZONTES","368G","Cádiz","Andalucía","368"
"30092026","0","","ZONTES","125V","Rioja (La)","La Rioja","125"
"30092026","0","","ZONTES","125V","Asturias","Principado de Asturias","125"
"30092026","0","","SUZUKI","V-Strom 800","Badajoz","Extremadura","776"
"30092026","0","","CFMOTO","1000MT-X","Bizkaia","País Vasco","946"
"30092026","0","","KYMCO","DTX 350","Málaga","Andalucía","321"
"30092026","0","","YAMAHA","XMAX 300","Valencia/València","Comunidad Valenciana","292"
"30092026","0","","BMW","C 400 GT","Sevilla","Andalucía","350"
"30092026","0","","KTM","KTM 125 DUKE","Bizkaia","País Vasco","125"
"30092026","0","","SUZUKI","V-Strom 800","Pontevedra","Galicia","776"
"30092026","0","","YAMAHA","NMAX 125","Coruña (A)","Galicia","125"
"30092026","0","","SUZUKI","V-Strom 800","Cádiz","Andalucía","776"
"30092026","0","","KAWASAKI","NINJA 1100SX","Castellón/Castelló","Comunidad Valenciana","1099"
"30092026","0","","SYM","JET X","Barcelona","Cataluña","125"
"30092026","0","","KAWASAKI","KLE500","Illes Balears","Illes Balears","451"
"30092026","0","","PIAGGIO","VESPA PRIMAVERA 125","Valencia/València","Comunidad Valenciana","124"
"30092026","0","","BMW","S 1000 R","Sevilla","Andalucía","999"
"30092026","0","","KYMCO","DTX 125","Zaragoza","Aragón","124"
"30092026","0","","ROYAL ENFIELD","INTERCEPTOR BEAR 650","Alicante/Alacant","Comunidad Valenciana","648"
"30092026","0","","VOGE","DS800X RALLY","Tarragona","Cataluña","798"
"30092026","0","","HONDA","PCX 125","Almería","Andalucía","125"
"30092026","0","","SUZUKI","V-Strom 800","Alicante/Alacant","Comunidad Valenciana","776"
"30092026","0","","NEXT","NX CROSS 125I","Almería","Andalucía","125"
"30092026","0","","YAMAHA","RayZR 125","Alicante/Alacant","Comunidad Valenciana","125"
"30092026","0","","ZONTES","125X","Madrid","Comunidad de Madrid","125"
"30092026","0","","SUZUKI","SV650GXU","Sevilla","Andalucía","645"
"30092026","0","","SUZUKI","AVENIS 125","Illes Balears","Illes Balears","124"
"30092026","0","","ZONTES","125V","Alicante/Alacant","Comunidad Valenciana","125"
"30092026","0","","KAWASAKI","NINJA ZX-6R","Madrid","Comunidad de Madrid","636"
"30092026","0","","HONDA","CB 125 F","Madrid","Comunidad de Madrid","124"
"30092026","0","","HONDA","CRF 300 L","Huesca","Aragón","286"
"30092026","0","","YAMAHA","XTZ 700 Tenere","Barcelona","Cataluña","689"
"30092026","0","","HONDA","PCX 125","Córdoba","Andalucía","125"
"30092026","0","","HONDA","PCX 125","Cádiz","Andalucía","125"
"30092026","0","","ZONTES","125X","Sevilla","Andalucía","125"
"30092026","0","","KAWASAKI","Z900","Barcelona","Cataluña","948"
"30092026","0","","HONDA","SH Mode 125","Madrid","Comunidad de Madrid","125"
"30092026","0","","YAMAHA","RayZR 125","Zamora","Castilla y León","125"
"30092026","0","","BMW","F 800 GS","Santa Cruz de Tenerife","Canarias","895"
"30092026","0","","PIAGGIO","LIBERTY 125 ABS","Valencia/València","Comunidad Valenciana","124"
"30092026","0","","TRIUMPH","SCRAMBLER 900","Albacete","Castilla-La Mancha","900"
"30092026","0","","VOGE","625DSX","Málaga","Andalucía","581"
"30092026","0","","MOTO GUZZI","V85 TT","Cádiz","Andalucía","853"
"30092026","0","","HONDA","FORZA125","Barcelona","Cataluña","125"
"30092026","0","","HONDA","FORZA125","Barcelona","Cataluña","125"
"30092026","0","","BMW","F 900 XR A2","Málaga","Andalucía","895"
"30092026","0","","HONDA","PCX 125","Barcelona","Cataluña","125"
"30092026","0","","HONDA","ADV 750","Palmas (Las)","Canarias","745"
"30092026","0","","QJMOTOR","MTX 125 E5+","Illes Balears","Illes Balears","125"
"30092026","0","","CFMOTO","1000MT-X","Barcelona","Cataluña","946"
"30092026","0","","YAMAHA","NMAX 125","Sevilla","Andalucía","125"
"30092026","0","","HONDA","SH125i","Málaga","Andalucía","125"
"30092026","0","","BMW","R 1300 RT","Madrid","Comunidad de Madrid","1300"
"30092026","0","","SHERCO","300 SE-R","Coruña (A)","Galicia","293"
"30092026","0","","KYMCO","AGILITY S","Zaragoza","Aragón","125"
"30092026","0","","HONDA","FORZA125","Barcelona","Cataluña","125"
"30092026","0","","ZONTES","368G","Alicante/Alacant","Comunidad Valenciana","368"
"30092026","0","","HONDA","VISION 110","Córdoba","Andalucía","109"
"30092026","0","","YAMAHA","NMAX 125","Santa Cruz de Tenerife","Canarias","125"
"30092026","0","","VOGE","SR450X","Alicante/Alacant","Comunidad Valenciana","398"
"30092026","0","","BMW","F 900 GS ADVENTURE","Barcelona","Cataluña","895"
"30092026","0","","BMW","R 1300 GS","Barcelona","Cataluña","1300"
"30092026","0","","ZONTES","125V","Cádiz","Andalucía","125"
"30092026","0","","QJMOTOR","ATR 125 E5+","Barcelona","Cataluña","125"
"30092026","0","","HONDA","ADV 350","Alicante/Alacant","Comunidad Valenciana","330"
"30092026","0","","KEEWAY","VIESTE 125LX","Sevilla","Andalucía","125"
"30092026","0","","HONDA","FORZA 350","Barcelona","Cataluña","330"
"30092026","0","","ZONTES","368G","Gipuzkoa","País Vasco","368"
"30092026","0","","HONDA","FORZA 350","Illes Balears","Illes Balears","330"
"30092026","0","","VOGE","DS800X RALLY","Almería","Andalucía","798"
"30092026","0","","YAMAHA","RayZR 125","Córdoba","Andalucía","125"
"30092026","0","","SYM","SYMPHONY 125","Burgos","Castilla y León","125"
"30092026","0","","YAMAHA","RayZR 125","Illes Balears","Illes Balears","125"
"30092026","0","","BMW","F 450 GS","Illes Balears","Illes Balears","420"
"30092026","0","","YAMAHA","MT-07","Asturias","Principado de Asturias","689"
"30092026","0","","HONDA","FORZA125","Barcelona","Cataluña","125"
"30092026","0","","HONDA","PCX 125","Málaga","Andalucía","125"
"30092026","0","","SUZUKI","V-Strom 1050","Barcelona","Cataluña","1037"
"30092026","0","","HONDA","SH125i","Almería","Andalucía","125"
"30092026","0","","ZONTES","125V","Alicante/Alacant","Comunidad Valenciana","125"
"30092026","0","","SUZUKI","GSX-R125","Madrid","Comunidad de Madrid","124"
"30092026","0","","YAMAHA","NMAX 125","Barcelona","Cataluña","125"
"30092026","0","","BMW","C 400 X","Málaga","Andalucía","350"
"30092026","0","","YAMAHA","NMAX 125","Cádiz","Andalucía","125"
"30092026","0","","ZONTES","ZT125-U1","Barcelona","Cataluña","125"
"30092026","0","","BMW","R 1300 GS","Barcelona","Cataluña","1300"
"30092026","0","","VOGE","DS900X","Zamora","Castilla y León","895"
"30092026","0","","BMW","F 900 GS","Málaga","Andalucía","895"
"30092026","0","","ZONTES","368G","Sevilla","Andalucía","368"
"30092026","0","","ZONTES","368G","Coruña (A)","Galicia","368"
"30092026","0","","HONDA","PCX 125","Zaragoza","Aragón","125"
"30092026","0","","YAMAHA","NMAX 125","Málaga","Andalucía","125"
"30092026","0","","VOGE","DS900X","Zamora","Castilla y León","895"
"30092026","0","","BMW","C 400 GT","Barcelona","Cataluña","350"
"30092026","0","","HONDA","PCX 125","Valencia/València","Comunidad Valenciana","125"
"30092026","0","","CYCLONE","RT1","Málaga","Andalucía","125"
"30092026","0","","VOGE","DS800X RALLY","Málaga","Andalucía","798"
"30092026","0","","HONDA","PCX 125","Madrid","Comunidad de Madrid","125"
"30092026","0","","HONDA","PCX 125","Málaga","Andalucía","125"
"30092026","0","","BMW","F 900 GS ADVENTURE","Santa Cruz de Tenerife","Canarias","895"
"30092026","0","","MITT","TY125T-26G","Madrid","Comunidad de Madrid","125"
"30092026","0","","BMW","F 800 GS","Barcelona","Cataluña","895"
"30092026","0","","HONDA","PCX 125","Madrid","Comunidad de Madrid","125"
"30092026","0","","KYMCO","SKYTOWN 125","Madrid","Comunidad de Madrid","125"
"30092026","0","","HONDA","VISION 110","Alicante/Alacant","Comunidad Valenciana","109"
"30092026","0","","YAMAHA","NMAX 125","Illes Balears","Illes Balears","125"
"30092026","0","","MITT","TY125T-26G","Ourense","Galicia","125"
"30092026","0","","BMW","R 1300 GS","Santa Cruz de Tenerife","Canarias","1300"
"30092026","0","","ZONTES","125E","Toledo","Castilla-La Mancha","125"
"30092026","0","","HERO MOTOCORP","XOOM 125R ZX","Valencia/València","Comunidad Valenciana","125"
"30092026","0","","HONDA","FORZA 350","Murcia","Región de Murcia","330"
"30092026","0","","YAMAHA","NMAX 125","Madrid","Comunidad de Madrid","125"
"30092026","0","","HONDA","FORZA125","Illes Balears","Illes Balears","125"
"30092026","0","","APRILIA","SR GT 125","Sevilla","Andalucía","125"
"30092026","0","","DUCATI","XDIAVEL V4","Sevilla","Andalucía","1158"
"30092026","0","","HONDA","CBR500","Barcelona","Cataluña","471"
"30092026","0","","BMW","F 900 XR","Ourense","Galicia","895"
"30092026","0","","HARLEY-DAVIDSON","STREET BOB","Granada","Andalucía","1923"
"30092026","0","","BMW","R 1300 GS ADVENTURE","Valencia/València","Comunidad Valenciana","1300"
"30092026","0","","KTM","KTM 790 DUKE","Madrid","Comunidad de Madrid","799"
"30092026","0","","YAMAHA","NMAX 125","Alicante/Alacant","Comunidad Valenciana","125"
"30092026","0","","HONDA","PCX 125","Bizkaia","País Vasco","125"
"30092026","0","","BENDA","NAPOLEON 125","Santa Cruz de Tenerife","Canarias","125"
"30092026","0","","ZONTES","125V","Barcelona","Cataluña","125"
"30092026","0","","HONDA","FORZA125","Valencia/València","Comunidad Valenciana","125"
"30092026","0","","HONDA","NX500","Madrid","Comunidad de Madrid","471"
"30092026","0","","KYMCO","AGILITY NX 125","Jaén","Andalucía","125"
"30092026","0","","YAMAHA","MT-03","Málaga","Andalucía","321"
"30092026","0","","BENELLI","TRK 902","Alicante/Alacant","Comunidad Valenciana","904"
"30092026","0","","VOGE","R125","Sevilla","Andalucía","125"
"30092026","0","","BMW","C 400 GT","Barcelona","Cataluña","350"
"30092026","0","","VOGE","625R","Valladolid","Castilla y León","581"
"30092026","0","","QJMOTOR","ATR 125 E5+","Barcelona","Cataluña","125"
"30092026","0","","KTM","KTM 1390 SUPER DUKE R","Almería","Andalucía","1350"
"30092026","0","","BMW","F 800 GS","Valencia/València","Comunidad Valenciana","895"
"30092026","0","","HONDA","PCX 125","Navarra","Comunidad Foral de Navarra","125"
"30092026","0","","YAMAHA","NMAX 125","Sevilla","Andalucía","125"
"30092026","0","","BMW","F 450 GS","Álava/Araba","País Vasco","420"
"30092026","0","","HONDA","ADV 750","Palmas (Las)","Canarias","745"
"30092026","0","","HONDA","SH Mode 125","Castellón/Castelló","Comunidad Valenciana","125"
"30092026","0","","ZONTES","125V","Melilla","Melilla","125"
"30092026","0","","HONDA","ADV 750","Rioja (La)","La Rioja","745"
"30092026","0","","HONDA","SH125i","Barcelona","Cataluña","125"
"30092026","0","","HONDA","PCX 125","Cádiz","Andalucía","125"
"30092026","0","","HONDA","CB 125 F","Zaragoza","Aragón","124"
"30092026","0","","BMW","S 1000 XR","Málaga","Andalucía","999"
"30092026","0","","KYMCO","SKYTOWN 125","Valencia/València","Comunidad Valenciana","125"
"30092026","0","","BMW","R 1300 GS ADVENTURE","Barcelona","Cataluña","1300"
"30092026","0","","YAMAHA","XTZ 700 Tenere","Jaén","Andalucía","689"
"30092026","0","","HONDA","SH125i","Barcelona","Cataluña","125"
"30092026","0","","DUCATI","HYPERMOTARD 698 MONO R","Albacete","Castilla-La Mancha","659"
"30092026","0","","YAMAHA","NMAX 125","Palmas (Las)","Canarias","125"
"30092026","0","","YAMAHA","NMAX 125","Sevilla","Andalucía","125"
"30092026","0","","ZONTES","125X","Bizkaia","País Vasco","125"
"30092026","0","","ZONTES","368G","Illes Balears","Illes Balears","368"
"30092026","0","","YAMAHA","NMAX 125","Palmas (Las)","Canarias","125"
"30092026","0","","HONDA","CB750 Hornet","Valencia/València","Comunidad Valenciana","755"
"30092026","0","","HONDA","CRF 300 L","Murcia","Región de Murcia","286"
"30092026","0","","BMW","F 800 GS","Alicante/Alacant","Comunidad Valenciana","895"
"30092026","0","","YAMAHA","NMAX 125","Madrid","Comunidad de Madrid","125"
"30092026","0","","ZONTES","125V","Granada","Andalucía","125"
"30092026","0","","ZONTES","125V","Palmas (Las)","Canarias","125"
"30092026","0","","VOGE","SR450X","Alicante/Alacant","Comunidad Valenciana","398"
"30092026","0","","ZONTES","125E","Barcelona","Cataluña","125"
"30092026","0","","ZONTES","125V","Alicante/Alacant","Comunidad Valenciana","125"
"30092026","0","","YAMAHA","NMAX 125","Alicante/Alacant","Comunidad Valenciana","125"
"30092026","0","","BMW","R 1300 GS","Barcelona","Cataluña","1300"
"30092026","0","","YAMAHA","NMAX 125","Almería","Andalucía","125"
"30092026","0","","HONDA","ADV 750","Palmas (Las)","Canarias","745"
"30092026","0","","HONDA","ADV 350","Navarra","Comunidad Foral de Navarra","330"
"30092026","0","","VOGE","DS900X","Cuenca","Castilla-La Mancha","895"
"30092026","0","","VOGE","DS900X","Asturias","Principado de Asturias","895"
"30092026","0","","SUZUKI","GSX-S125","Madrid","Comunidad de Madrid","124"
"30092026","0","","MOTO GUZZI","V100 MANDELLO ""WIND TU","Málaga","Andalucía","1042"
"30092026","0","","SYM","CRUISYM 125 TCS E5+","Córdoba","Andalucía","124"
"30092026","0","","SUZUKI","GSX-8S","Cantabria","Cantabria","776"
"30092026","0","","TRIUMPH","SCRAMBLER 900","Bizkaia","País Vasco","900"
"30092026","0","","BMW","C 400 GT","Palmas (Las)","Canarias","350"
"30092026","0","","BMW","F 450 GS","Toledo","Castilla-La Mancha","420"
"30092026","0","","YAMAHA","XSR-125","Valencia/València","Comunidad Valenciana","125"
"30092026","0","","BMW","F 800 GS","Barcelona","Cataluña","895"
"30092026","0","","ZONTES","125V","Barcelona","Cataluña","125"
"30092026","0","","HONDA","VISION 110","Barcelona","Cataluña","109"
"30092026","0","","BMW","R 1300 RT","Barcelona","Cataluña","1300"
"30092026","0","","ZONTES","368G","Almería","Andalucía","368"
"30092026","0","","LETBE","ISLAND","Barcelona","Cataluña","125"
"30092026","0","","ZONTES","368G","Murcia","Región de Murcia","368"
"30092026","0","","BMW","F 900 GS ADVENTURE","Tarragona","Cataluña","895"
"30092026","0","","KYMCO","AGILITY NX 125","Santa Cruz de Tenerife","Canarias","125"
"30092026","0","","HONDA","FORZA125","Zaragoza","Aragón","125"
"30092026","0","","HONDA","XL750 Transalp","Bizkaia","País Vasco","755"
"30092026","0","","BMW","R 1300 GS","Barcelona","Cataluña","1300"
"30092026","0","","TRIUMPH","TRIDENT 660","Girona","Cataluña","660"
"30092026","0","","BMW","S 1000 XR","Palmas (Las)","Canarias","999"
"30092026","0","","PIAGGIO","VESPA GTS","Valencia/València","Comunidad Valenciana","310"
"30092026","0","","KYMCO","PEOPLE S 125 E5+","Valencia/València","Comunidad Valenciana","125"
"30092026","0","","HONDA","FORZA125","Barcelona","Cataluña","125"
"30092026","0","","HONDA","FORZA125","Málaga","Andalucía","125"
"30092026","0","","BMW","R 1300 GS ADVENTURE","Málaga","Andalucía","1300"
"30092026","0","","ZONTES","125V","Madrid","Comunidad de Madrid","125"
"30092026","0","","RIEJU","COASTER 125","Salamanca","Castilla y León","125"
"30092026","0","","PIAGGIO","MEDLEY 125","Valencia/València","Comunidad Valenciana","125"
"30092026","0","","SYM","SYMPHONY 125","Illes Balears","Illes Balears","125"
"30092026","0","","HONDA","PCX 125","Valencia/València","Comunidad Valenciana","125"
"30092026","0","","HONDA","FORZA 350","Murcia","Región de Murcia","330"
"30092026","0","","BMW","M 1000 R","Jaén","Andalucía","999"
"30092026","0","","YAMAHA","NMAX 125","Jaén","Andalucía","125"
"30092026","0","","BMW","F 450 GS","Barcelona","Cataluña","420"
"30092026","0","","HONDA","FORZA125","Madrid","Comunidad de Madrid","125"
"30092026","0","","LAMBRETTA","J125","Madrid","Comunidad de Madrid","125"
"30092026","0","","BMW","C 400 GT","Málaga","Andalucía","350"
"30092026","0","","ZONTES","125V","Cádiz","Andalucía","125"
"30092026","0","","ZONTES","125V","Valencia/València","Comunidad Valenciana","125"
"30092026","0","","MACBOR","ROCKSTER FLAT 125 EVO","Murcia","Región de Murcia","125"
"30092026","0","","BMW","C 400 X","Valencia/València","Comunidad Valenciana","350"
"30092026","0","","KAWASAKI","Z900","Madrid","Comunidad de Madrid","948"
"30092026","0","","ZONTES","368G","Zaragoza","Aragón","368"
"30092026","0","","HONDA","SH125i","Málaga","Andalucía","125"
"30092026","0","","ZONTES","125V","Valencia/València","Comunidad Valenciana","125"
"30092026","0","","HONDA","CRF1100L Africa Twin","Granada","Andalucía","1084"
"30092026","0","","HONDA","PCX 125","Málaga","Andalucía","125"
"30092026","0","","PIAGGIO","LIBERTY 125 ABS","Ceuta","Ceuta","124"
"30092026","0","","ZONTES","368G","Barcelona","Cataluña","368"
"30092026","0","","BMW","F 800 GS","Barcelona","Cataluña","895"
"30092026","0","","ZONTES","125C","Girona","Cataluña","125"
"30092026","0","","YAMAHA","NMAX 125","Sevilla","Andalucía","125"
"30092026","0","","HONDA","CB 125 F","Bizkaia","País Vasco","124"
"30092026","0","","VOGE","DS900X","Barcelona","Cataluña","895"
"30092026","0","","APRILIA","RS 457","Barcelona","Cataluña","457"
"30092026","0","","HONDA","ADV 350","Cádiz","Andalucía","330"
"30092026","0","","ZONTES","ZT125-G1","Sevilla","Andalucía","125"
"30092026","0","","VOGE","DS800X RALLY","Málaga","Andalucía","798"
"30092026","0","","HONDA","CB1000S","Álava/Araba","País Vasco","1000"
"30092026","0","","KOVE","KOVE 800 X GT","Gipuzkoa","País Vasco","799"
"30092026","0","","HONDA","VISION 110","Barcelona","Cataluña","109"
"30092026","0","","HONDA","PCX 125","Madrid","Comunidad de Madrid","125"
"30092026","0","","BENDA","LFC700","Granada","Andalucía","677"
"30092026","0","","APRILIA","SR GT 400","Illes Balears","Illes Balears","399"
"30092026","0","","BMW","R 1300 GS","Tarragona","Cataluña","1300"
"30092026","0","","YAMAHA","NMAX 125","Valencia/València","Comunidad Valenciana","125"
"30092026","0","","VOGE","625DSX","Jaén","Andalucía","581"
"30092026","0","","SYM","SYMPHONY 125","Córdoba","Andalucía","125"
"30092026","0","","ZONTES","125V","Zaragoza","Aragón","125"
"30092026","0","","HONDA","CBR 650 R","Valencia/València","Comunidad Valenciana","649"
"30092026","0","","HONDA","SH125i","Barcelona","Cataluña","125"
"30092026","0","","YAMAHA","NMAX 125","Granada","Andalucía","125"
"30092026","0","","BMW","R 1300 GS ADVENTURE","Málaga","Andalucía","1300"
"30092026","0","","ZONTES","368G","Málaga","Andalucía","368"
"30092026","0","","ZONTES","125V","Barcelona","Cataluña","125"
"30092026","0","","HONDA","FORZA 750","Albacete","Castilla-La Mancha","745"
"30092026","0","","HONDA","PCX 125","Barcelona","Cataluña","125"
"30092026","0","","HONDA","FORZA 750","Jaén","Andalucía","745"
"30092026","0","","BMW","R 1300 GS ADVENTURE","Barcelona","Cataluña","1300"
"30092026","0","","ZONTES","125E","Madrid","Comunidad de Madrid","125"
"30092026","0","","ZONTES","125X","Barcelona","Cataluña","125"
"30092026","0","","KYMCO","AGILITY NX 125","Cádiz","Andalucía","125"
"30092026","0","","HUSQVARNA","HUSQVARNA FE 350","Barcelona","Cataluña","350"
"30092026","0","","ZONTES","125X","Barcelona","Cataluña","125"
"30092026","0","","APRILIA","TUONO 125","Barcelona","Cataluña","124"
"30092026","0","","BMW","F 450 GS","Cádiz","Andalucía","420"
"30092026","0","","YAMAHA","NMAX 125","Tarragona","Cataluña","125"
"30092026","0","","KTM","KTM 790 ADVENTURE","Illes Balears","Illes Balears","799"
"30092026","0","","DUCATI","MULTISTRADA V2","Bizkaia","País Vasco","890"
"30092026","0","","ZONTES","125X","Sevilla","Andalucía","125"
"30092026","0","","HONDA","SH125i","Barcelona","Cataluña","125"
"30092026","0","","BMW","C 400 X","Barcelona","Cataluña","350"
"30092026","0","","BMW","M 1000 XR","Murcia","Región de Murcia","999"
"30092026","0","","VOGE","625DSX","Girona","Cataluña","581"
"30092026","0","","KAWASAKI","Z650","Bizkaia","País Vasco","649"
"30092026","0","","BMW","F 450 GS","Illes Balears","Illes Balears","420"
"30092026","0","","APRILIA","TUONO 125","Cáceres","Extremadura","124"
"30092026","0","","PIAGGIO","LIBERTY 125 ABS","Córdoba","Andalucía","124"
"30092026","0","","VOGE","DS900X","Cantabria","Cantabria","895"
"30092026","0","","HONDA","PCX 125","Barcelona","Cataluña","125"
"30092026","0","","HONDA","PCX 125","Granada","Andalucía","125"
"30092026","0","","YAMAHA","NMAX 125","Alicante/Alacant","Comunidad Valenciana","125"
"30092026","0","","ZONTES","125V","Madrid","Comunidad de Madrid","125"
"30092026","0","","KYMCO","DTX 125","Murcia","Región de Murcia","124"
"30092026","0","","YAMAHA","RayZR 125","Girona","Cataluña","125"
"30092026","0","","YAMAHA","NMAX 125","Granada","Andalucía","125"
"30092026","0","","KAWASAKI","Z900","Barcelona","Cataluña","948"
"30092026","0","","KAWASAKI","Z900","Madrid","Comunidad de Madrid","948"
"30092026","0","","BMW","R 1300 GS ADVENTURE","Madrid","Comunidad de Madrid","1300"
"30092026","0","","CYCLONE","RA125 PLUS","Barcelona","Cataluña","124"
"30092026","0","","SYM","SYMPHONY 125","Barcelona","Cataluña","125"
"30092026","0","","TRIUMPH","SPEED 400","Barcelona","Cataluña","398"
"30092026","0","","HONDA","FORZA125","Alicante/Alacant","Comunidad Valenciana","125"
"30092026","0","","YAMAHA","XMAX 300","Barcelona","Cataluña","292"
"30092026","0","","HUSQVARNA","HUSQVARNA TE 300","Madrid","Comunidad de Madrid","293"
"30092026","0","","PIAGGIO","VESPA GTS","Illes Balears","Illes Balears","310"
"30092026","0","","ZONTES","125X","Cantabria","Cantabria","125"
"30092026","0","","PIAGGIO","LIBERTY 125 ABS","Sevilla","Andalucía","124"
"30092026","0","","BMW","S 1000 XR","Madrid","Comunidad de Madrid","999"
"30092026","0","","TRIUMPH","STREET TRIPLE 765 RS","Gipuzkoa","País Vasco","765"
"30092026","0","","QJMOTOR","MTX 125 E5+","Palmas (Las)","Canarias","125"
"30092026","0","","ZONTES","125V","Barcelona","Cataluña","125"
"30092026","0","","ROYAL ENFIELD","HIMALAYAN 452","Barcelona","Cataluña","452"
"30092026","0","","BMW","R 1300 GS","Valladolid","Castilla y León","1300"
"30092026","0","","HONDA","PCX 125","Palmas (Las)","Canarias","125"
"30092026","0","","BMW","F 800 GS","Málaga","Andalucía","895"
"30092026","0","","MACBOR","MONTANA XR5 510","Madrid","Comunidad de Madrid","498"
"30092026","0","","ZONTES","125X","Valencia/València","Comunidad Valenciana","125"
"30092026","0","","TRIUMPH","SCRAMBLER 400XC","Huelva","Andalucía","398"
"30092026","0","","MH MOTORCYCLES","VRS","Palmas (Las)","Canarias","124"
"30092026","0","","BMW","F 800 GS","Sevilla","Andalucía","895"
"30092026","0","","HONDA","ADV 750","Zaragoza","Aragón","745"
"30092026","0","","HONDA","FORZA 750","Madrid","Comunidad de Madrid","745"
"30092026","0","","HONDA","PCX 125","Valencia/València","Comunidad Valenciana","125"
"30092026","0","","ZONTES","125X","Barcelona","Cataluña","125"
"30092026","0","","ZONTES","125C","Madrid","Comunidad de Madrid","125"
"30092026","0","","HONDA","CBR 650 R","Cádiz","Andalucía","649"
"30092026","0","","KOVE","KOVE 625 X","Murcia","Región de Murcia","581"
"30092026","0","","HONDA","SH350i","Alicante/Alacant","Comunidad Valenciana","330"
"30092026","0","","BMW","F 800 GS","Madrid","Comunidad de Madrid","895"
"30092026","0","","MITT","ALTO 125","Barcelona","Cataluña","125"
"30092026","0","","ZONTES","368G","Alicante/Alacant","Comunidad Valenciana","368"
"30092026","0","","KAWASAKI","Z900","Palmas (Las)","Canarias","948"
"30092026","0","","ZONTES","125V","Barcelona","Cataluña","125"
"30092026","0","","KYMCO","AGILITY NX 125","Sevilla","Andalucía","125"
"30092026","0","","VOGE","DS525X","Valencia/València","Comunidad Valenciana","494"
"30092026","0","","QJMOTOR","SQ 16 E5+","Barcelona","Cataluña","125"
"30092026","0","","HONDA","FORZA125","Madrid","Comunidad de Madrid","125"
"30092026","0","","ZONTES","125X","Sevilla","Andalucía","125"
"30092026","0","","BAJAJ","PULSAR NS 125","Illes Balears","Illes Balears","124"
"30092026","0","","MOTO MORINI","SEIEMMEZZO","Córdoba","Andalucía","649"
"30092026","0","","APRILIA","RS 125","Barcelona","Cataluña","124"
"30092026","0","","ZONTES","125X","Murcia","Región de Murcia","125"
"30092026","0","","YAMAHA","NMAX 125","Barcelona","Cataluña","125"
"30092026","0","","HARLEY-DAVIDSON","STREET BOB","Madrid","Comunidad de Madrid","1923"
"30092026","0","","BMW","F 900 GS ADVENTURE","Sevilla","Andalucía","895"
"30092026","0","","ZONTES","125X","Coruña (A)","Galicia","125"
"30092026","0","","HONDA","PCX 125","Barcelona","Cataluña","125"
"30092026","0","","BMW","R 1300 GS","Barcelona","Cataluña","1300"
"30092026","0","","ZONTES","125X","Bizkaia","País Vasco","125"
"30092026","0","","VOGE","DS900X","Asturias","Principado de Asturias","895"
"30092026","0","","HONDA","PCX 125","Granada","Andalucía","125"
"30092026","0","","HONDA","Rebel 500","Madrid","Comunidad de Madrid","471"
"30092026","0","","YAMAHA","XMAX 125","Palmas (Las)","Canarias","125"
"30092026","0","","ZONTES","125V","Illes Balears","Illes Balears","125"
"30092026","0","","ZONTES","125V","Cádiz","Andalucía","125"
"30092026","0","","KAWASAKI","Z900","Barcelona","Cataluña","948"
"30092026","0","","ZONTES","125V","Valladolid","Castilla y León","125"
"30092026","0","","BMW","R 12 NINET","Madrid","Comunidad de Madrid","1170"
"30092026","0","","SUZUKI","V-Strom 800","Santa Cruz de Tenerife","Canarias","776"
"30092026","0","","YAMAHA","XMAX 125","Valencia/València","Comunidad Valenciana","125"
"30092026","0","","KTM","KTM 390 ADVENTURE R","Madrid","Comunidad de Madrid","399"
"30092026","0","","SYM","SYMPHONY 125","Barcelona","Cataluña","125"
"30092026","0","","BMW","R 1300 GS ADVENTURE","Coruña (A)","Galicia","1300"
"30092026","0","","KYMCO","SKYTOWN 125","Barcelona","Cataluña","125"
"30092026","0","","BMW","F 450 GS","Cádiz","Andalucía","420"
"30092026","0","","PIAGGIO","LIBERTY 125 ABS","Barcelona","Cataluña","124"
"30092026","0","","MH MOTORCYCLES","VR10","Alicante/Alacant","Comunidad Valenciana","124"
"30092026","0","","BMW","R 1300 GS ADVENTURE","Barcelona","Cataluña","1300"
"30092026","0","","ZONTES","368G","Murcia","Región de Murcia","368"
"30092026","0","","ZONTES","368G","Barcelona","Cataluña","368"
"30092026","0","","BMW","S 1000 XR","Málaga","Andalucía","999"
"30092026","0","","ZONTES","368G","Madrid","Comunidad de Madrid","368"
"30092026","0","","GASGAS","EC 300","Barcelona","Cataluña","293"
"30092026","0","","BMW","R 12 NINET A2","Madrid","Comunidad de Madrid","1170"
"30092026","0","","ROYAL ENFIELD","INTERCEPTOR BEAR 650","Barcelona","Cataluña","648"
"30092026","0","","KOVE","KOVE 800 X GT","Córdoba","Andalucía","799"
"30092026","0","","YAMAHA","NMAX 125","Barcelona","Cataluña","125"
"30092026","0","","CYCLONE","RT1","Lugo","Galicia","125"
"30092026","0","","DUCATI","PANIGALE V2","Santa Cruz de Tenerife","Canarias","890"
"30092026","0","","HONDA","NC 750 X","Madrid","Comunidad de Madrid","745"
"30092026","0","","ZONTES","125V","Cádiz","Andalucía","125"
"30092026","0","","MOTO GUZZI","STELVIO (A.R.A.S.)","Barcelona","Cataluña","1042"
"30092026","0","","BMW","R 12","Cádiz","Andalucía","1170"
"30092026","0","","VOGE","DS900X","Asturias","Principado de Asturias","895"
"30092026","0","","HONDA","PCX 125","Valencia/València","Comunidad Valenciana","125"
"30092026","0","","KAWASAKI","Z900RS","Cádiz","Andalucía","948"
"30092026","0","","YAMAHA","XMAX 125","Santa Cruz de Tenerife","Canarias","125"
"30092026","0","","HONDA","PCX 125","Barcelona","Cataluña","125"
"30092026","0","","HONDA","NC 750 X","Valencia/València","Comunidad Valenciana","745"
"30092026","0","","YAMAHA","NMAX 125","Illes Balears","Illes Balears","125"
"30092026","0","","VOGE","SR1","Alicante/Alacant","Comunidad Valenciana","125"
"30092026","0","","VOGE","DS800X RALLY","Sevilla","Andalucía","798"
"30092026","0","","YAMAHA","TMAX 560","Alicante/Alacant","Comunidad Valenciana","562"
"30092026","0","","YAMAHA","NMAX 125","Granada","Andalucía","125"
"30092026","0","","HONDA","PCX 125","Almería","Andalucía","125"
"30092026","0","","LETBE","FLYGON","Madrid","Comunidad de Madrid","125"
"30092026","0","","ZONTES","125X","Bizkaia","País Vasco","125"
"30092026","0","","MOTO GUZZI","V85 TT","Barcelona","Cataluña","853"
"30092026","0","","BMW","R 1300 GS ADVENTURE","Madrid","Comunidad de Madrid","1300"
"30092026","0","","ZNEN","P45","Madrid","Comunidad de Madrid","125"
"30092026","0","","BMW","R 1300 GS","Barcelona","Cataluña","1300"
