FEC_MATRICULA,COD_CLASE_MAT,FEC_TRAMITACION,MARCA_ITV,MODELO_ITV,PROVINCIA_VEH,COMUNIDAD_AUTONOMA,CILINDRADA_ITV
"09072026","0","","KOVE","450 RALLY 2026","Navarra","Comunidad Foral de Navarra","449"
"09072026","0","","KAWASAKI","NINJA 650","Barcelona","Cataluña","649"
"09072026","0","","HONDA","VISION 110","Barcelona","Cataluña","109"
"09072026","0","","HONDA","CB 500 F","Sevilla","Andalucía","471"
"09072026","0","","HONDA","PCX 125","Castellón/Castelló","Comunidad Valenciana","125"
"09072026","0","","HONDA","NX500","Coruña (A)","Galicia","471"
"09072026","0","","ZONTES","125X","Alicante/Alacant","Comunidad Valenciana","125"
"09072026","0","","YAMAHA","XTZ 700 Tenere","Santa Cruz de Tenerife","Canarias","689"
"09072026","0","","YAMAHA","XMAX 125","Asturias","Principado de Asturias","125"
"09072026","0","","ZONTES","125X","Alicante/Alacant","Comunidad Valenciana","125"
"09072026","0","","ZONTES","368E","Sevilla","Andalucía","368"
"09072026","0","","CFMOTO","450MT","Cádiz","Andalucía","449"
"09072026","0","","ZONTES","125X","Málaga","Andalucía","125"
"09072026","0","","HONDA","VISION 110","Barcelona","Cataluña","109"
"09072026","0","","KYMCO","DTX","Palmas (Las)","Canarias","124"
"09072026","0","","VOGE","DS800X RALLY","Barcelona","Cataluña","798"
"09072026","0","","SYM","SYMPHONY 125","Illes Balears","Illes Balears","125"
"09072026","0","","ZONTES","125X","Madrid","Comunidad de Madrid","125"
"09072026","0","","ZONTES","125X","Madrid","Comunidad de Madrid","125"
"09072026","0","","VOGE","DS525X","Alicante/Alacant","Comunidad Valenciana","494"
"09072026","0","","ZONTES","125C","Granada","Andalucía","125"
"09072026","0","","YAMAHA","NMAX 125","Girona","Cataluña","125"
"09072026","0","","BENDA","V302C","Zaragoza","Aragón","298"
"09072026","0","","NEXT","NX CROSS 125I","Alicante/Alacant","Comunidad Valenciana","125"
"09072026","0","","KYMCO","AGILITY S","Córdoba","Andalucía","125"
"09072026","0","","YAMAHA","NMAX 125","Navarra","Comunidad Foral de Navarra","125"
"09072026","0","","YAMAHA","NMAX 125","Málaga","Andalucía","125"
"09072026","0","","YAMAHA","NMAX 125","Madrid","Comunidad de Madrid","125"
"09072026","0","","RIEJU","NOT APPLICABLE","Gipuzkoa","País Vasco","124"
"09072026","0","","HONDA","ADV 350","Palmas (Las)","Canarias","330"
"09072026","0","","HONDA","FORZA125","Barcelona","Cataluña","125"
"09072026","0","","PIAGGIO","LIBERTY 125 ABS","Málaga","Andalucía","124"
"09072026","0","","HONDA","FORZA 350","Cádiz","Andalucía","330"
"09072026","0","","YAMAHA","MT-03","Granada","Andalucía","321"
"09072026","0","","SYM","JET 14","Cádiz","Andalucía","125"
"09072026","0","","HONDA","ADV 750","Cantabria","Cantabria","745"
"09072026","0","","YAMAHA","NMAX 125","Pontevedra","Galicia","125"
"09072026","0","","HONDA","PCX 125","Alicante/Alacant","Comunidad Valenciana","125"
"09072026","0","","MORBIDELLI","SC125 RE","Asturias","Principado de Asturias","125"
"09072026","0","","KAWASAKI","Z1100","Illes Balears","Illes Balears","1099"
"09072026","0","","KAWASAKI","Z900","Málaga","Andalucía","948"
"09072026","0","","ZONTES","125D","Barcelona","Cataluña","125"
"09072026","0","","VOGE","DS900X","Madrid","Comunidad de Madrid","895"
"09072026","0","","HONDA","FORZA125","Coruña (A)","Galicia","125"
"09072026","0","","HONDA","MSX125A","Madrid","Comunidad de Madrid","124"
"09072026","0","","YAMAHA","XMAX 125","Girona","Cataluña","125"
"09072026","0","","HONDA","FORZA 750","Illes Balears","Illes Balears","745"
"09072026","0","","ZONTES","703F","Madrid","Comunidad de Madrid","699"
"09072026","0","","KEEWAY","XDV 125 EVO PRO","Alicante/Alacant","Comunidad Valenciana","125"
"09072026","0","","PIAGGIO","VESPA PRIMAVERA 125","Illes Balears","Illes Balears","124"
"09072026","0","","ZONTES","368G","Barcelona","Cataluña","368"
"09072026","0","","BENELLI","BN125","Illes Balears","Illes Balears","125"
"09072026","0","","KEEWAY","XDV 125 EVO PRO","Barcelona","Cataluña","125"
"09072026","0","","MORBIDELLI","SC125LX","Girona","Cataluña","125"
"09072026","0","","ZONTES","703RR","Salamanca","Castilla y León","699"
"09072026","0","","VOGE","SR4 MAX","Gipuzkoa","País Vasco","350"
"09072026","0","","HONDA","VISION 110","Gipuzkoa","País Vasco","109"
"09072026","0","","KYMCO","SUPER DINK GT","Cantabria","Cantabria","321"
"09072026","0","","KAWASAKI","KLE500","Barcelona","Cataluña","451"
"09072026","0","","VOGE","DS525X","Barcelona","Cataluña","494"
"09072026","0","","SYM","SYMPHONY 125","Barcelona","Cataluña","125"
"09072026","0","","ZONTES","368G","Cádiz","Andalucía","368"
"09072026","0","","KYMCO","AGILITY S","Madrid","Comunidad de Madrid","125"
"09072026","0","","KEEWAY","X-LIGHT 125","Barcelona","Cataluña","125"
"09072026","0","","YAMAHA","XMAX 125","Málaga","Andalucía","125"
"09072026","0","","VOGE","DS800X RALLY","Tarragona","Cataluña","798"
"09072026","0","","YAMAHA","RayZR 125","Granada","Andalucía","125"
"09072026","0","","HONDA","PCX 125","Granada","Andalucía","125"
"09072026","0","","KYMCO","DTX","Barcelona","Cataluña","124"
"09072026","0","","PIAGGIO","VESPA PRIMAVERA 125","Cantabria","Cantabria","124"
"09072026","0","","PEUGEOT","PULSION EVO","Murcia","Región de Murcia","125"
"09072026","0","","KYMCO","AGILITY S","Madrid","Comunidad de Madrid","125"
"09072026","0","","KYMCO","SKYTOWN 125","Jaén","Andalucía","125"
"09072026","0","","HONDA","PCX 125","Málaga","Andalucía","125"
"09072026","0","","SYM","JET 14","Girona","Cataluña","125"
"09072026","0","","HONDA","CB650RA","Illes Balears","Illes Balears","649"
"09072026","0","","YAMAHA","XMAX 125","Barcelona","Cataluña","125"
"09072026","0","","ZONTES","368G","Huelva","Andalucía","368"
"09072026","0","","PIAGGIO","VESPA GTS 125","Castellón/Castelló","Comunidad Valenciana","125"
"09072026","0","","PEUGEOT","KISBEE M","Illes Balears","Illes Balears","125"
"09072026","0","","ZONTES","125X","Cádiz","Andalucía","125"
"09072026","0","","ZONTES","125E","Barcelona","Cataluña","125"
"09072026","0","","PIAGGIO","MEDLEY 125","Málaga","Andalucía","125"
"09072026","0","","KEEWAY","XDV 125 EVO PRO","Badajoz","Extremadura","125"
"09072026","0","","SUZUKI","GSX-8S","Málaga","Andalucía","776"
"09072026","0","","HONDA","Z125MA","Coruña (A)","Galicia","124"
"09072026","0","","HONDA","SH125i","Valladolid","Castilla y León","125"
"09072026","0","","ZONTES","368G","Barcelona","Cataluña","368"
"09072026","0","","ZONTES","368G","Santa Cruz de Tenerife","Canarias","368"
"09072026","0","","HONDA","SH125i","Barcelona","Cataluña","125"
"09072026","0","","VOGE","DS525X","Valencia/València","Comunidad Valenciana","494"
"09072026","0","","HONDA","VISION 110","Barcelona","Cataluña","109"
"09072026","0","","PIAGGIO","VESPA PRIMAVERA 125","Cádiz","Andalucía","124"
"09072026","0","","KAWASAKI","NINJA 650","Madrid","Comunidad de Madrid","649"
"09072026","0","","HONDA","CBR 650 R","León","Castilla y León","649"
"09072026","0","","HONDA","FORZA125","Bizkaia","País Vasco","125"
"09072026","0","","CYCLONE","RX600","Pontevedra","Galicia","550"
"09072026","0","","YAMAHA","NMAX 125","Madrid","Comunidad de Madrid","125"
"09072026","0","","VOGE","SR1","Alicante/Alacant","Comunidad Valenciana","125"
"09072026","0","","ZONTES","368G","Barcelona","Cataluña","368"
"09072026","0","","KAWASAKI","VERSYS 650","Girona","Cataluña","649"
"09072026","0","","SYM","JET 14","Illes Balears","Illes Balears","125"
"09072026","0","","KYMCO","SKYTOWN 125","Córdoba","Andalucía","125"
"09072026","0","","ZONTES","125X","Girona","Cataluña","125"
"09072026","0","","KEEWAY","XDV 125 EVO PRO","Cádiz","Andalucía","125"
"09072026","0","","QJMOTOR","ATR 125 E5+","Santa Cruz de Tenerife","Canarias","125"
"09072026","0","","ZONTES","125X","Almería","Andalucía","125"
"09072026","0","","BMW","F 800 GS","Jaén","Andalucía","895"
"09072026","0","","CFMOTO","1000MT-X","Murcia","Región de Murcia","946"
"09072026","0","","HERO MOTOCORP","X PULSE 200 4V","Ourense","Galicia","200"
"09072026","0","","SYM","JET 14","Zaragoza","Aragón","125"
"09072026","0","","SYM","JET 14","Valencia/València","Comunidad Valenciana","125"
"09072026","0","","SYM","SYMPHONY 125","Bizkaia","País Vasco","125"
"09072026","0","","ZONTES","368G","Palmas (Las)","Canarias","368"
"09072026","0","","CFMOTO","675SR-R","Madrid","Comunidad de Madrid","674"
"09072026","0","","ZONTES","125X","Madrid","Comunidad de Madrid","125"
"09072026","0","","ZONTES","368G","Albacete","Castilla-La Mancha","368"
"09072026","0","","CFMOTO","450MT","Málaga","Andalucía","449"
"09072026","0","","KYMCO","AGILITY S","Gipuzkoa","País Vasco","125"
"09072026","0","","KEEWAY","ARIIC 125","Córdoba","Andalucía","125"
"09072026","0","","ZONTES","125E","Illes Balears","Illes Balears","125"
"09072026","0","","ZONTES","368G","Rioja (La)","La Rioja","368"
"09072026","0","","SYM","SYMPHONY 125","Illes Balears","Illes Balears","125"
"09072026","0","","YAMAHA","XSR-900","Madrid","Comunidad de Madrid","890"
"09072026","0","","ZONTES","368G","Barcelona","Cataluña","368"
"09072026","0","","MH MOTORCYCLES","TRAY","Huelva","Andalucía","125"
"09072026","0","","HONDA","PCX 125","Illes Balears","Illes Balears","125"
"09072026","0","","YAMAHA","RayZR 125","Illes Balears","Illes Balears","125"
"09072026","0","","VOGE","625DSX","Asturias","Principado de Asturias","581"
"09072026","0","","ZONTES","125X","Cádiz","Andalucía","125"
"09072026","0","","YAMAHA","XTZ 700 Tenere","Málaga","Andalucía","689"
"09072026","0","","ZONTES","368E","Ciudad Real","Castilla-La Mancha","368"
"09072026","0","","ZONTES","368G","Cádiz","Andalucía","368"
"09072026","0","","KAWASAKI","NINJA 500","Madrid","Comunidad de Madrid","451"
"09072026","0","","KAWASAKI","NINJA 500","Illes Balears","Illes Balears","451"
"09072026","0","","PIAGGIO","LIBERTY 125 ABS","Madrid","Comunidad de Madrid","124"
"09072026","0","","HONDA","FORZA125","Barcelona","Cataluña","125"
"09072026","0","","YAMAHA","NMAX 125","Valencia/València","Comunidad Valenciana","125"
"09072026","0","","HONDA","GB350S","León","Castilla y León","348"
"09072026","0","","LAMBRETTA","V125 SPECIAL FLEX","Alicante/Alacant","Comunidad Valenciana","125"
"09072026","0","","VOGE","625DSX","Bizkaia","País Vasco","581"
"09072026","0","","BMW","C 400 GT","Barcelona","Cataluña","350"
"09072026","0","","HONDA","PCX 125","Barcelona","Cataluña","125"
"09072026","0","","HONDA","ADV 750","Málaga","Andalucía","745"
"09072026","0","","ZONTES","125X","Madrid","Comunidad de Madrid","125"
"09072026","0","","BMW","R 1300 GS","Alicante/Alacant","Comunidad Valenciana","1300"
"09072026","0","","QJMOTOR","LTR 125 E5+","Murcia","Región de Murcia","125"
"09072026","0","","MOTO MORINI","X-CAPE 1200","Alicante/Alacant","Comunidad Valenciana","1187"
"09072026","0","","BMW","S 1000 XR","Málaga","Andalucía","999"
"09072026","0","","KYMCO","DTX","Barcelona","Cataluña","124"
"09072026","0","","KEEWAY","XDV 125 EVO PRO","Girona","Cataluña","125"
"09072026","0","","YAMAHA","NMAX 125","Barcelona","Cataluña","125"
"09072026","0","","YAMAHA","MT-07","Lleida","Cataluña","689"
"09072026","0","","VOGE","R125S","Granada","Andalucía","125"
"09072026","0","","VOGE","DS800X RALLY","Alicante/Alacant","Comunidad Valenciana","798"
"09072026","0","","ZAIRON","ZS2","Madrid","Comunidad de Madrid","125"
"09072026","0","","YAMAHA","TRACER 700","Valencia/València","Comunidad Valenciana","689"
"09072026","0","","ZONTES","125X","Barcelona","Cataluña","125"
"09072026","0","","ZONTES","125X","Barcelona","Cataluña","125"
"09072026","0","","ZONTES","368G","Cádiz","Andalucía","368"
"09072026","0","","YAMAHA","TMAX 560","Illes Balears","Illes Balears","562"
"09072026","0","","VOGE","R125","Tarragona","Cataluña","125"
"09072026","0","","SYM","JET 14","Granada","Andalucía","125"
"09072026","0","","KYMCO","SUPER DINK GT","Barcelona","Cataluña","321"
"09072026","0","","CYCLONE","RT1","Cádiz","Andalucía","125"
"09072026","0","","RIEJU","N/A","Valladolid","Castilla y León","125"
"09072026","0","","KEEWAY","RKS 125","Madrid","Comunidad de Madrid","124"
"09072026","0","","KYMCO","AGILITY S","Madrid","Comunidad de Madrid","125"
"09072026","0","","SYM","SYMPHONY 125","Barcelona","Cataluña","125"
"09072026","0","","APRILIA","RS 660","Alicante/Alacant","Comunidad Valenciana","659"
"09072026","0","","VOGE","SR16","Madrid","Comunidad de Madrid","125"
"09072026","0","","KEEWAY","GEMMA","Málaga","Andalucía","117"
"09072026","0","","VOGE","SR3","Granada","Andalucía","244"
"09072026","0","","YAMAHA","RayZR 125","Málaga","Andalucía","125"
"09072026","0","","YAMAHA","MT-125","Cuenca","Castilla-La Mancha","125"
"09072026","0","","CFMOTO","1000MT-X","Valladolid","Castilla y León","946"
"09072026","0","","KAWASAKI","ELIMINATOR","Valencia/València","Comunidad Valenciana","451"
"09072026","0","","SUZUKI","GSX-8S","Cádiz","Andalucía","776"
"09072026","0","","KAWASAKI","Z650","Valladolid","Castilla y León","649"
"09072026","0","","BENDA","NAPOLEON 250","Almería","Andalucía","249"
"09072026","0","","HONDA","ADV 350","Alicante/Alacant","Comunidad Valenciana","330"
"09072026","0","","MITT","125 NK","Murcia","Región de Murcia","124"
"09072026","0","","HUSQVARNA","HUSQVARNA SVARTPILEN12","Madrid","Comunidad de Madrid","125"
"09072026","0","","VOGE","625DSX","Málaga","Andalucía","581"
"09072026","0","","ZONTES","125X","Barcelona","Cataluña","125"
"09072026","0","","CFMOTO","450MT","Barcelona","Cataluña","449"
"09072026","0","","KTM","KTM 390 DUKE","Bizkaia","País Vasco","399"
"09072026","0","","VOGE","625DSX","Madrid","Comunidad de Madrid","581"
"09072026","0","","VOGE","SR1ADV","Barcelona","Cataluña","125"
"09072026","0","","CFMOTO","450MT","Bizkaia","País Vasco","449"
"09072026","0","","HONDA","GB350S","Lugo","Galicia","348"
"09072026","0","","KYMCO","DTX","Cádiz","Andalucía","321"
"09072026","0","","SYM","SYMPHONY 125","Illes Balears","Illes Balears","125"
"09072026","0","","YAMAHA","RayZR 125","Málaga","Andalucía","125"
"09072026","0","","YAMAHA","MT-125","Lleida","Cataluña","125"
"09072026","0","","BENELLI","BN125","Palencia","Castilla y León","125"
"09072026","0","","PEUGEOT","PULSION EVO","Alicante/Alacant","Comunidad Valenciana","125"
"09072026","0","","PEUGEOT","KISBEE M","Illes Balears","Illes Balears","125"
"09072026","0","","HONDA","CB 500 F","Madrid","Comunidad de Madrid","471"
"09072026","0","","YAMAHA","NMAX 125","Barcelona","Cataluña","125"
"09072026","0","","DUCATI","DESERT X","Málaga","Andalucía","890"
"09072026","0","","HONDA","PCX 125","Alicante/Alacant","Comunidad Valenciana","125"
"09072026","0","","VOGE","R125S","Barcelona","Cataluña","125"
"09072026","0","","CFMOTO","450MT","Bizkaia","País Vasco","449"
"09072026","0","","YAMAHA","XMAX 125","Valencia/València","Comunidad Valenciana","125"
"09072026","0","","YAMAHA","MT-07","Barcelona","Cataluña","689"
"09072026","0","","ZONTES","368G","Barcelona","Cataluña","368"
"09072026","0","","HONDA","PCX 125","Madrid","Comunidad de Madrid","125"
"09072026","0","","YAMAHA","NMAX 125","Sevilla","Andalucía","125"
"09072026","0","","HONDA","CB650RA","Gipuzkoa","País Vasco","649"
"09072026","0","","KYMCO","SKYTOWN 125","Valencia/València","Comunidad Valenciana","125"
"09072026","0","","HONDA","PCX 125","Madrid","Comunidad de Madrid","125"
"09072026","0","","YAMAHA","NMAX 125","Cádiz","Andalucía","125"
"09072026","0","","YAMAHA","XMAX 300","Bizkaia","País Vasco","292"
"09072026","0","","ZONTES","125D","Castellón/Castelló","Comunidad Valenciana","125"
"09072026","0","","HONDA","SH125i","Girona","Cataluña","125"
"09072026","0","","ZONTES","368G","Santa Cruz de Tenerife","Canarias","368"
"09072026","0","","KAWASAKI","NINJA ZX-10R","Cantabria","Cantabria","998"
"09072026","0","","KYMCO","AGILITY S","Cádiz","Andalucía","125"
"09072026","0","","HONDA","VISION 110","Alicante/Alacant","Comunidad Valenciana","109"
"09072026","0","","HUSQVARNA","HUSQVARNA SVARTPILEN12","Madrid","Comunidad de Madrid","125"
"09072026","0","","ZONTES","368G","Málaga","Andalucía","368"
"09072026","0","","PIAGGIO","LIBERTY 125 ABS","Cádiz","Andalucía","124"
"09072026","0","","YAMAHA","XMAX 300","Alicante/Alacant","Comunidad Valenciana","292"
"09072026","0","","MTR BIKES","VMAX 125","Burgos","Castilla y León","125"
"09072026","0","","VOGE","SR3","Jaén","Andalucía","244"
"09072026","0","","APRILIA","SR GT 125","Alicante/Alacant","Comunidad Valenciana","125"
"09072026","0","","HONDA","PCX 125","Illes Balears","Illes Balears","125"
"09072026","0","","ZAIRON","ZS1","Madrid","Comunidad de Madrid","125"
"09072026","0","","ZONTES","125X","Barcelona","Cataluña","125"
"09072026","0","","MACBOR","MONTANA XR1 125 EVO","León","Castilla y León","124"
"09072026","0","","KYMCO","DTX","Valencia/València","Comunidad Valenciana","124"
"09072026","0","","HONDA","PCX 125","Valencia/València","Comunidad Valenciana","125"
"09072026","0","","YAMAHA","NMAX 125","Cádiz","Andalucía","125"
"09072026","0","","MORBIDELLI","T125 X","Castellón/Castelló","Comunidad Valenciana","124"
"09072026","0","","VOGE","R125S","Girona","Cataluña","125"
"09072026","0","","VOGE","DS900X","Barcelona","Cataluña","895"
"09072026","0","","YAMAHA","NMAX 125","Barcelona","Cataluña","125"
"09072026","0","","PIAGGIO","LIBERTY 125 ABS","Madrid","Comunidad de Madrid","124"
"09072026","0","","SYM","SYMPHONY 125","Barcelona","Cataluña","125"
"09072026","0","","HONDA","PCX 125","Illes Balears","Illes Balears","125"
"09072026","0","","HONDA","SH125i","Alicante/Alacant","Comunidad Valenciana","125"
"09072026","0","","KEEWAY","ARIIC 125","Córdoba","Andalucía","125"
"09072026","0","","PEUGEOT","KISBEE M","Illes Balears","Illes Balears","125"
"09072026","0","","YAMAHA","XMAX 300","Madrid","Comunidad de Madrid","292"
"09072026","0","","HONDA","SH125i","Barcelona","Cataluña","125"
"09072026","0","","YAMAHA","NMAX 125","Alicante/Alacant","Comunidad Valenciana","125"
"09072026","0","","HONDA","PCX 125","Tarragona","Cataluña","125"
"09072026","0","","YAMAHA","XMAX 125","Zaragoza","Aragón","125"
"09072026","0","","BMW","R 1300 RS","Granada","Andalucía","1300"
"09072026","0","","QJMOTOR","SRK 125 R E5+","Almería","Andalucía","125"
"09072026","0","","KYMCO","DTX","Murcia","Región de Murcia","124"
"09072026","0","","HONDA","FORZA 750","Málaga","Andalucía","745"
"09072026","0","","MH MOTORCYCLES","VRT","Cádiz","Andalucía","124"
"09072026","0","","HONDA","ADV 350","Palmas (Las)","Canarias","330"
"09072026","0","","HONDA","Rebel 500","Cantabria","Cantabria","471"
"09072026","0","","HONDA","SH350i","Barcelona","Cataluña","330"
"09072026","0","","MORBIDELLI","F125","Valencia/València","Comunidad Valenciana","125"
"09072026","0","","HONDA","PCX 125","Santa Cruz de Tenerife","Canarias","125"
"09072026","0","","ZONTES","125X","Huelva","Andalucía","125"
"09072026","0","","VOGE","DS900X","Alicante/Alacant","Comunidad Valenciana","895"
"09072026","0","","ZONTES","703RR","Madrid","Comunidad de Madrid","699"
"09072026","0","","KEEWAY","X-LIGHT 125","Huesca","Aragón","125"
"09072026","0","","KOVE","KOVE 800 X GT","Álava/Araba","País Vasco","799"
"09072026","0","","KYMCO","AGILITY S","Cádiz","Andalucía","125"
"09072026","0","","QJMOTOR","SRT 600 SX E5+","Santa Cruz de Tenerife","Canarias","554"
"09072026","0","","SYM","JET 14","Málaga","Andalucía","125"
"09072026","0","","YAMAHA","NMAX 125","Cádiz","Andalucía","125"
"09072026","0","","SYM","SYMPHONY 125","Barcelona","Cataluña","125"
"09072026","0","","HONDA","SH Mode 125","Barcelona","Cataluña","125"
"09072026","0","","ZONTES","125E","Alicante/Alacant","Comunidad Valenciana","125"
"09072026","0","","KAWASAKI","NINJA ZX-10R","Madrid","Comunidad de Madrid","998"
"09072026","0","","YAMAHA","TMAX 560","Palmas (Las)","Canarias","562"
"09072026","0","","CYCLONE","RX2","Alicante/Alacant","Comunidad Valenciana","124"
"09072026","0","","YAMAHA","XMAX 125","Madrid","Comunidad de Madrid","125"
"09072026","0","","YAMAHA","RayZR 125","Illes Balears","Illes Balears","125"
"09072026","0","","VOGE","SR1ADV","Santa Cruz de Tenerife","Canarias","125"
"09072026","0","","KYMCO","SUPER DINK GT 125 E5+","Huelva","Andalucía","124"
"09072026","0","","ZONTES","125X","Navarra","Comunidad Foral de Navarra","125"
"09072026","0","","HONDA","FORZA125","Barcelona","Cataluña","125"
"09072026","0","","YAMAHA","XMAX 125","Sevilla","Andalucía","125"
"09072026","0","","KEEWAY","AVENTERRA 125","Barcelona","Cataluña","125"
"09072026","0","","LETBE","S125","Bizkaia","País Vasco","125"
"09072026","0","","YAMAHA","TMAX 560","Valencia/València","Comunidad Valenciana","562"
"09072026","0","","YAMAHA","XMAX 300","Madrid","Comunidad de Madrid","292"
"09072026","0","","HONDA","PCX 125","Málaga","Andalucía","125"
"09072026","0","","YAMAHA","RayZR 125","Alicante/Alacant","Comunidad Valenciana","125"
"09072026","0","","KEEWAY","XDV 125 EVO PRO","Cádiz","Andalucía","125"
"09072026","0","","YAMAHA","XMAX 125","Huelva","Andalucía","125"
"09072026","0","","KEEWAY","GEMMA","Málaga","Andalucía","117"
"09072026","0","","BMW","R 1300 GS","Alicante/Alacant","Comunidad Valenciana","1300"
"09072026","0","","ZONTES","703F","Cantabria","Cantabria","699"
"09072026","0","","YAMAHA","RayZR 125","Málaga","Andalucía","125"
"09072026","0","","SYM","SYMPHONY 125","Murcia","Región de Murcia","125"
"09072026","0","","RIEJU","NKD 125","Alicante/Alacant","Comunidad Valenciana","124"
"09072026","0","","SYM","JET 14","Málaga","Andalucía","125"
"09072026","0","","MACBOR","EIGHT MILE 125 LC","Sevilla","Andalucía","124"
"09072026","0","","YAMAHA","NMAX 125","Barcelona","Cataluña","125"
"09072026","0","","KEEWAY","XDV 125 EVO PRO","Cádiz","Andalucía","125"
"09072026","0","","ZONTES","125X","Cádiz","Andalucía","125"
"09072026","0","","YAMAHA","NMAX 125","Málaga","Andalucía","125"
"09072026","0","","HONDA","SH125i","Málaga","Andalucía","125"
"09072026","0","","KAWASAKI","NINJA ZX-10R","Tarragona","Cataluña","998"
"09072026","0","","YAMAHA","MT-09","Illes Balears","Illes Balears","890"
"09072026","0","","HONDA","ADV 350","Barcelona","Cataluña","330"
"09072026","0","","KEEWAY","RKS 125","Asturias","Principado de Asturias","124"
"09072026","0","","YAMAHA","NMAX 125","Illes Balears","Illes Balears","125"
"09072026","0","","ZONTES","ZT125-U","Huelva","Andalucía","125"
"09072026","0","","PEUGEOT","KISBEE M","Málaga","Andalucía","125"
"09072026","0","","HONDA","PCX 125","Madrid","Comunidad de Madrid","125"
"09072026","0","","YAMAHA","NMAX 125","Madrid","Comunidad de Madrid","125"
"09072026","0","","HONDA","ADV 350","Madrid","Comunidad de Madrid","330"
"09072026","0","","KYMCO","AGILITY S","Palmas (Las)","Canarias","125"
"09072026","0","","YAMAHA","MT-07","Castellón/Castelló","Comunidad Valenciana","689"
"09072026","0","","QJMOTOR","SRT 450 RX","Cádiz","Andalucía","450"
"09072026","0","","HONDA","VISION 110","Illes Balears","Illes Balears","109"
"09072026","0","","YAMAHA","MT-125","Illes Balears","Illes Balears","125"
"09072026","0","","KTM","KTM 390 SMC R","Bizkaia","País Vasco","399"
"09072026","0","","HONDA","CBR 650 R","Toledo","Castilla-La Mancha","649"
"09072026","0","","YAMAHA","NMAX 125","Barcelona","Cataluña","125"
"09072026","0","","HONDA","PCX 125","Valladolid","Castilla y León","125"
"09072026","0","","SYM","ADX 125 LC TCS E5+","Girona","Cataluña","125"
"09072026","0","","KYMCO","SKYTOWN 125","Alicante/Alacant","Comunidad Valenciana","125"
"09072026","0","","QJMOTOR","SRT 900 SX","Murcia","Región de Murcia","904"
"09072026","0","","KEEWAY","XDV 125 EVO PRO","Cádiz","Andalucía","125"
"09072026","0","","KTM","KTM 890 ADVENTURE","Barcelona","Cataluña","889"
"09072026","0","","ZONTES","368E","Cádiz","Andalucía","368"
"09072026","0","","YAMAHA","MT-125","Illes Balears","Illes Balears","125"
"09072026","0","","HONDA","PCX 125","Santa Cruz de Tenerife","Canarias","125"
"09072026","0","","YAMAHA","NMAX 125","Barcelona","Cataluña","125"
"09072026","0","","KAWASAKI","Z900","Valencia/València","Comunidad Valenciana","948"
"09072026","0","","ZONTES","125X","Córdoba","Andalucía","125"
"09072026","0","","HONDA","FORZA 350","Barcelona","Cataluña","330"
"09072026","0","","YAMAHA","MT-07","Almería","Andalucía","689"
"09072026","0","","HONDA","PCX 125","Madrid","Comunidad de Madrid","125"
"09072026","0","","BMW","F 450 GS","Salamanca","Castilla y León","420"
"09072026","0","","YAMAHA","TRACER 700","Illes Balears","Illes Balears","689"
"09072026","0","","KAWASAKI","Z1100","Sevilla","Andalucía","1099"
"09072026","0","","PIAGGIO","VESPA GTS 125","Valencia/València","Comunidad Valenciana","125"
"09072026","0","","YAMAHA","RayZR 125","Coruña (A)","Galicia","125"
"09072026","0","","YAMAHA","NMAX 125","Albacete","Castilla-La Mancha","125"
"09072026","0","","KAWASAKI","Z650","Cantabria","Cantabria","649"
"09072026","0","","ZONTES","368E","Valencia/València","Comunidad Valenciana","368"
"09072026","0","","QJMOTOR","SRV 125 E5+","Cádiz","Andalucía","125"
"09072026","0","","VOGE","625DSX","Jaén","Andalucía","581"
"09072026","0","","QJMOTOR","SRT 600 SX E5+","Cádiz","Andalucía","554"
"09072026","0","","VOGE","R125","Cantabria","Cantabria","125"
"09072026","0","","YAMAHA","NMAX 125","Alicante/Alacant","Comunidad Valenciana","125"
"09072026","0","","YAMAHA","MT-125","Castellón/Castelló","Comunidad Valenciana","125"
"09072026","0","","BMW","C 400 X","Asturias","Principado de Asturias","350"
"09072026","0","","ZONTES","125X","Málaga","Andalucía","125"
"09072026","0","","HONDA","VISION 110","Valencia/València","Comunidad Valenciana","109"
"09072026","0","","HONDA","CB500FAC","Málaga","Andalucía","471"
"09072026","0","","YAMAHA","XMAX 125","Madrid","Comunidad de Madrid","125"
"09072026","0","","ZONTES","368G","Palmas (Las)","Canarias","368"
"09072026","0","","ZONTES","368K","Barcelona","Cataluña","368"
"09072026","0","","HONDA","PCX 125","Coruña (A)","Galicia","125"
"09072026","0","","ZONTES","368G","Cádiz","Andalucía","368"
"09072026","0","","ZONTES","368G","Barcelona","Cataluña","368"
"09072026","0","","HONDA","ADV 350","Badajoz","Extremadura","330"
"09072026","0","","KOVE","KOVE 800 X PRO 2026","Córdoba","Andalucía","799"
"09072026","0","","ZONTES","368K","Lleida","Cataluña","368"
"09072026","0","","HONDA","PCX 125","Cádiz","Andalucía","125"
"09072026","0","","HONDA","PCX 125","Barcelona","Cataluña","125"
"09072026","0","","YAMAHA","NMAX 125","Alicante/Alacant","Comunidad Valenciana","125"
"09072026","0","","MITT","125GP","Cantabria","Cantabria","124"
"09072026","0","","ZONTES","703F","Madrid","Comunidad de Madrid","699"
"09072026","0","","ZONTES","125X","Granada","Andalucía","125"
"09072026","0","","PIAGGIO","MEDLEY 125","Granada","Andalucía","125"
"09072026","0","","KYMCO","DTX","Tarragona","Cataluña","321"
"09072026","0","","ZONTES","125D","Valencia/València","Comunidad Valenciana","125"
"09072026","0","","KAWASAKI","Z500","Córdoba","Andalucía","451"
"09072026","0","","ZONTES","125X","Sevilla","Andalucía","125"
"09072026","0","","ZONTES","368G","Valencia/València","Comunidad Valenciana","368"
"09072026","0","","KAWASAKI","Z900","Madrid","Comunidad de Madrid","948"
"09072026","0","","HONDA","FORZA125","Barcelona","Cataluña","125"
"09072026","0","","SYM","SYMPHONY 125","Gipuzkoa","País Vasco","125"
"09072026","0","","YAMAHA","RayZR 125","Illes Balears","Illes Balears","125"
"09072026","0","","HONDA","FORZA 350","Alicante/Alacant","Comunidad Valenciana","330"
"09072026","0","","ZONTES","368G","Toledo","Castilla-La Mancha","368"
"09072026","0","","KYMCO","AGILITY S","Albacete","Castilla-La Mancha","125"
"09072026","0","","HONDA","FORZA 350","Barcelona","Cataluña","330"
"09072026","0","","QJMOTOR","FORT 125 N E5+","Valencia/València","Comunidad Valenciana","125"
"09072026","0","","QJMOTOR","MTX 125 E5+","Valencia/València","Comunidad Valenciana","125"
"09072026","0","","HONDA","FORZA125","Cuenca","Castilla-La Mancha","125"
"09072026","0","","VOGE","SR1","Santa Cruz de Tenerife","Canarias","125"
"09072026","0","","VOGE","625DSX","Valencia/València","Comunidad Valenciana","581"
"09072026","0","","SYM","SYMPHONY 125","Zaragoza","Aragón","125"
"09072026","0","","HONDA","CB 125 F","Madrid","Comunidad de Madrid","124"
"09072026","0","","KYMCO","SUPER DINK GT 125 E5+","Asturias","Principado de Asturias","124"
"09072026","0","","CFMOTO","1000MT-X","Tarragona","Cataluña","946"
"09072026","0","","BMW","C 400 GT","Alicante/Alacant","Comunidad Valenciana","350"
"09072026","0","","HONDA","PCX 125","Barcelona","Cataluña","125"
"09072026","0","","ZONTES","368E","Asturias","Principado de Asturias","368"
"09072026","0","","HONDA","ADV 350","Palmas (Las)","Canarias","330"
"09072026","0","","ZONTES","368G","Madrid","Comunidad de Madrid","368"
"09072026","0","","ZONTES","125X","Barcelona","Cataluña","125"
"09072026","0","","MITT","TY125T-26F","Málaga","Andalucía","125"
"09072026","0","","LAMBRETTA","X125","Barcelona","Cataluña","124"
"09072026","0","","LETBE","VELOCITY","Illes Balears","Illes Balears","125"
"09072026","0","","SYM","JET 14","Barcelona","Cataluña","125"
"09072026","0","","BMW","F 900 XR","Madrid","Comunidad de Madrid","895"
"09072026","0","","CFMOTO","675NK","Madrid","Comunidad de Madrid","674"
"09072026","0","","KYMCO","AGILITY S","Málaga","Andalucía","125"
"09072026","0","","ZONTES","125X","Madrid","Comunidad de Madrid","125"
"09072026","0","","SYM","SYMPHONY 125","Illes Balears","Illes Balears","125"
"09072026","0","","KAWASAKI","NINJA 650","Valencia/València","Comunidad Valenciana","649"
"09072026","0","","ROYAL ENFIELD","CLASSIC 650 TWIN","Ávila","Castilla y León","648"
"09072026","0","","KYMCO","AGILITY S","Madrid","Comunidad de Madrid","125"
"09072026","0","","HERO MOTOCORP","X PULSE 200 4V","Madrid","Comunidad de Madrid","200"
"09072026","0","","QJMOTOR","SRK 600","Madrid","Comunidad de Madrid","554"
"09072026","0","","YAMAHA","MT-07","Guadalajara","Castilla-La Mancha","689"
"09072026","0","","SHERCO","300 ST","Valencia/València","Comunidad Valenciana","294"
"09072026","0","","HONDA","PCX 125","Zaragoza","Aragón","125"
"09072026","0","","PEUGEOT","TWEET FL 125 CC","Valencia/València","Comunidad Valenciana","125"
"09072026","0","","KYMCO","AGILITY S","Murcia","Región de Murcia","125"
"09072026","0","","YAMAHA","NMAX 125","Alicante/Alacant","Comunidad Valenciana","125"
"09072026","0","","KTM","KTM 390 ENDURO R","Madrid","Comunidad de Madrid","399"
"09072026","0","","YAMAHA","NMAX 125","Girona","Cataluña","125"
"09072026","0","","HONDA","VISION 110","Barcelona","Cataluña","109"
"09072026","0","","VOGE","DS900X","Valencia/València","Comunidad Valenciana","895"
"09072026","0","","KOVE","KOVE 800 X PRO 2026","Barcelona","Cataluña","799"
"09072026","0","","VOGE","R125","Murcia","Región de Murcia","125"
"09072026","0","","BENDA","NAPOLEON 125","Barcelona","Cataluña","125"
"09072026","0","","KYMCO","AGILITY S","Madrid","Comunidad de Madrid","125"
"09072026","0","","HONDA","ADV 350","Valencia/València","Comunidad Valenciana","330"
"09072026","0","","QJMOTOR","SRK 125 R E5+","Madrid","Comunidad de Madrid","125"
"09072026","0","","HONDA","PCX 125","Girona","Cataluña","125"
"09072026","0","","KAWASAKI","KLE500","Palmas (Las)","Canarias","451"
"09072026","0","","HONDA","Rebel 500","Illes Balears","Illes Balears","471"
"09072026","0","","MOTO MORINI","X-CAPE 1200","Almería","Andalucía","1187"
"09072026","0","","KYMCO","AGILITY S","Cuenca","Castilla-La Mancha","125"
"09072026","0","","HONDA","ADV 750","Palmas (Las)","Canarias","745"
"09072026","0","","VOGE","DS800X RALLY","Ávila","Castilla y León","798"
"09072026","0","","KYMCO","DTX","Alicante/Alacant","Comunidad Valenciana","321"
"09072026","0","","KYMCO","DTX","Bizkaia","País Vasco","321"
"09072026","0","","KYMCO","DTX","Granada","Andalucía","124"
"09072026","0","","MACBOR","MONTANA XR1 125 EVO","Barcelona","Cataluña","124"
"09072026","0","","ZONTES","125X","Cádiz","Andalucía","125"
"09072026","0","","PEUGEOT","KISBEE M","Illes Balears","Illes Balears","125"
"09072026","0","","HONDA","SH125i","Málaga","Andalucía","125"
"09072026","0","","HONDA","VISION 110","Barcelona","Cataluña","109"
"09072026","0","","SHARMAX","FX125 ADV","Barcelona","Cataluña","125"
"09072026","0","","ZONTES","368G","Barcelona","Cataluña","368"
"09072026","0","","HONDA","FORZA125","Barcelona","Cataluña","125"
"09072026","0","","ZONTES","125X","Valencia/València","Comunidad Valenciana","125"
"09072026","0","","HONDA","FORZA 750","Madrid","Comunidad de Madrid","745"
"09072026","0","","VOGE","625R","Madrid","Comunidad de Madrid","581"
"09072026","0","","YAMAHA","RayZR 125","Barcelona","Cataluña","125"
"09072026","0","","DUCATI","HYPERMOTARD V2","Córdoba","Andalucía","890"
"09072026","0","","YAMAHA","MT-09","Cádiz","Andalucía","890"
"09072026","0","","QJMOTOR","SRT 900 S","Madrid","Comunidad de Madrid","904"
"09072026","0","","HONDA","VISION 110","Barcelona","Cataluña","109"
"09072026","0","","SYM","JET 14","Girona","Cataluña","125"
"09072026","0","","YAMAHA","Tracer 9 GT","Madrid","Comunidad de Madrid","890"
"09072026","0","","TRIUMPH","TRIDENT 660 - TRIPLE T","Santa Cruz de Tenerife","Canarias","660"
"09072026","0","","BMW","R 1300 GS ADVENTURE","Huelva","Andalucía","1300"
"09072026","0","","HONDA","ADV 350","Alicante/Alacant","Comunidad Valenciana","330"
"09072026","0","","KYMCO","AGILITY S","Illes Balears","Illes Balears","125"
"09072026","0","","VOGE","SR1","Murcia","Región de Murcia","125"
"09072026","0","","YAMAHA","RayZR 125","Badajoz","Extremadura","125"
"09072026","0","","RIEJU","RALLY 307","Valencia/València","Comunidad Valenciana","292"
"09072026","0","","ZONTES","125X","Barcelona","Cataluña","125"
"09072026","0","","ROYAL ENFIELD","INTERCEPTOR BEAR 650","Palmas (Las)","Canarias","648"
"09072026","0","","SYM","CRUISYM 125 TCS E5+","Guadalajara","Castilla-La Mancha","124"
"09072026","0","","HONDA","FORZA 350","Málaga","Andalucía","330"
"09072026","0","","HONDA","FORZA 750","Castellón/Castelló","Comunidad Valenciana","745"
"09072026","0","","KYMCO","SUPER DINK GT 125 E5+","Illes Balears","Illes Balears","124"
"09072026","0","","SCORPA","CITY CORP 125","Córdoba","Andalucía","125"
"09072026","0","","RIEJU","NOT APPLICABLE","Cádiz","Andalucía","124"
"09072026","0","","ZONTES","125X","Barcelona","Cataluña","125"
"09072026","0","","YAMAHA","NMAX 125","Tarragona","Cataluña","125"
"09072026","0","","HONDA","NX500","Barcelona","Cataluña","471"
"09072026","0","","YAMAHA","XMAX 300","Badajoz","Extremadura","292"
"09072026","0","","YAMAHA","RayZR 125","Rioja (La)","La Rioja","125"
"09072026","0","","KYMCO","AGILITY S","Huesca","Aragón","125"
"09072026","0","","YAMAHA","MT-07","Madrid","Comunidad de Madrid","689"
"09072026","0","","KYMCO","AGILITY S","Málaga","Andalucía","125"
"09072026","0","","DUCATI","MULTISTRADA V4","Jaén","Andalucía","1158"
"09072026","0","","ZONTES","125E","Santa Cruz de Tenerife","Canarias","125"
"09072026","0","","ZONTES","368G","Málaga","Andalucía","368"
"09072026","0","","VOGE","DS525X","Barcelona","Cataluña","494"
"09072026","0","","ZONTES","368G","Cantabria","Cantabria","368"
"09072026","0","","ZONTES","703RR","Madrid","Comunidad de Madrid","699"
"09072026","0","","KAWASAKI","ELIMINATOR","Girona","Cataluña","451"
"09072026","0","","ZONTES","125X","Madrid","Comunidad de Madrid","125"
"09072026","0","","ZONTES","368G","Gipuzkoa","País Vasco","368"
"09072026","0","","SYM","JET 14","Cádiz","Andalucía","125"
"09072026","0","","ZONTES","ZT125-G1","Ciudad Real","Castilla-La Mancha","125"
"09072026","0","","SYM","JOYMAX Z 300 E5+","Granada","Andalucía","278"
"09072026","0","","ZONTES","ZT125-Z2","Granada","Andalucía","125"
"09072026","0","","KAWASAKI","ELIMINATOR","Lleida","Cataluña","451"
"09072026","0","","YAMAHA","XMAX 300","Almería","Andalucía","292"
"09072026","0","","HONDA","PCX 125","Huelva","Andalucía","125"
"09072026","0","","HONDA","CBR 650 R","Illes Balears","Illes Balears","649"
"09072026","0","","VOGE","625DSX","Barcelona","Cataluña","581"
"09072026","0","","KYMCO","AGILITY S","Barcelona","Cataluña","125"
"09072026","0","","MH MOTORCYCLES","VR10","Cádiz","Andalucía","124"
"09072026","0","","ZONTES","703F","Barcelona","Cataluña","699"
"09072026","0","","CFMOTO","800MT","Cádiz","Andalucía","799"
"09072026","0","","HONDA","PCX 125","Huelva","Andalucía","125"
"09072026","0","","KTM","KTM 125 ENDURO","Valladolid","Castilla y León","125"
"09072026","0","","PEUGEOT","KISBEE M","Málaga","Andalucía","125"
"09072026","0","","VOGE","SR1ADV","Santa Cruz de Tenerife","Canarias","125"
"09072026","0","","ZONTES","125E","Valencia/València","Comunidad Valenciana","125"
"09072026","0","","YAMAHA","NMAX 125","Cádiz","Andalucía","125"
"09072026","0","","HONDA","PCX 125","Barcelona","Cataluña","125"
"09072026","0","","SYM","SYMPHONY 125","Barcelona","Cataluña","125"
"09072026","0","","HONDA","ADV 350","Santa Cruz de Tenerife","Canarias","330"
"09072026","0","","ZONTES","703F","Illes Balears","Illes Balears","699"
"09072026","0","","YAMAHA","MT-07","Castellón/Castelló","Comunidad Valenciana","689"
"09072026","0","","KAWASAKI","NINJA ZX-10RR","Valencia/València","Comunidad Valenciana","998"
"09072026","0","","SUZUKI","V-Strom 800","Valencia/València","Comunidad Valenciana","776"
"09072026","0","","HONDA","FORZA 350","Illes Balears","Illes Balears","330"
"09072026","0","","SYM","SYMPHONY 125","Illes Balears","Illes Balears","125"
"09072026","0","","ZONTES","368G","Madrid","Comunidad de Madrid","368"
"09072026","0","","KYMCO","SUPER DINK GT","Barcelona","Cataluña","321"
"09072026","0","","HONDA","PCX 125","Pontevedra","Galicia","125"
"09072026","0","","BMW","C 400 X","Valencia/València","Comunidad Valenciana","350"
"09072026","0","","PEUGEOT","PM-03","Murcia","Región de Murcia","292"
"09072026","0","","YAMAHA","NMAX 125","Illes Balears","Illes Balears","125"
"09072026","0","","BENDA","NAPOLEON 125","Alicante/Alacant","Comunidad Valenciana","125"
"09072026","0","","DUCATI","MULTISTRADA V4","Lleida","Cataluña","1158"
"09072026","0","","ZONTES","125C","Toledo","Castilla-La Mancha","125"
"09072026","0","","VOGE","R125S","Barcelona","Cataluña","125"
"09072026","0","","KOVE","KOVE 350 RR","Lugo","Galicia","344"
"09072026","0","","RIEJU","N/A","Asturias","Principado de Asturias","125"
"09072026","0","","HONDA","NX500","Palmas (Las)","Canarias","471"
"09072026","0","","KAWASAKI","Z900","Valencia/València","Comunidad Valenciana","948"
"09072026","0","","HONDA","PCX 125","Bizkaia","País Vasco","125"
"09072026","0","","KAWASAKI","KLE500","Granada","Andalucía","451"
"09072026","0","","ZONTES","125C","Bizkaia","País Vasco","125"
"09072026","0","","VOGE","625DSX","Barcelona","Cataluña","581"
"09072026","0","","ZONTES","125X","Sevilla","Andalucía","125"
"09072026","0","","HONDA","ADV 750","Palmas (Las)","Canarias","745"
"09072026","0","","DUCATI","SCRAMBLER FULL THROTTL","Zamora","Castilla y León","803"
"09072026","0","","YAMAHA","NMAX 125","Illes Balears","Illes Balears","125"
"09072026","0","","SYM","SYMPHONY 125","Barcelona","Cataluña","125"
"09072026","0","","YAMAHA","TMAX 560","Valencia/València","Comunidad Valenciana","562"
"09072026","0","","HONDA","PCX 125","Illes Balears","Illes Balears","125"
"09072026","0","","DUCATI","MULTISTRADA V4","Granada","Andalucía","1158"
"09072026","0","","KAWASAKI","Z900","Valencia/València","Comunidad Valenciana","948"
"09072026","0","","ZONTES","125E","Murcia","Región de Murcia","125"
"09072026","0","","QJMOTOR","SQ 16 E5+","Málaga","Andalucía","125"
"09072026","0","","YAMAHA","XTZ 700 Tenere","Illes Balears","Illes Balears","689"
"09072026","0","","VOGE","300RALLY","Navarra","Comunidad Foral de Navarra","292"
"09072026","0","","HONDA","SH125i","Barcelona","Cataluña","125"
"09072026","0","","ROYAL ENFIELD","HIMALAYAN 452","Lleida","Cataluña","452"
"09072026","0","","ZONTES","125X","Barcelona","Cataluña","125"
"09072026","0","","TRIUMPH","TRIDENT 660","Pontevedra","Galicia","660"
"09072026","0","","SYM","SYMPHONY 125","Girona","Cataluña","125"
"09072026","0","","VOGE","DS900X","Sevilla","Andalucía","895"
"09072026","0","","HONDA","Rebel 500","Valencia/València","Comunidad Valenciana","471"
"09072026","0","","RIEJU","NOT APPLICABLE","Alicante/Alacant","Comunidad Valenciana","124"
"09072026","0","","RIEJU","N/A","Málaga","Andalucía","125"
"09072026","0","","ZONTES","125X","Alicante/Alacant","Comunidad Valenciana","125"
"09072026","0","","BMW","R 1300 GS","Barcelona","Cataluña","1300"
"09072026","0","","KOVE","KOVE 800 X PRO 2026","Lleida","Cataluña","799"
"09072026","0","","YAMAHA","RayZR 125","Valencia/València","Comunidad Valenciana","125"
"09072026","0","","HONDA","ADV 350","Girona","Cataluña","330"
"09072026","0","","YAMAHA","NMAX 125","Madrid","Comunidad de Madrid","125"
"09072026","0","","SUZUKI","AVENIS 125","Pontevedra","Galicia","124"
"09072026","0","","YAMAHA","NMAX 125","Barcelona","Cataluña","125"
"09072026","0","","KYMCO","AGILITY S","Castellón/Castelló","Comunidad Valenciana","125"
"09072026","0","","CFMOTO","1000MT-X","Alicante/Alacant","Comunidad Valenciana","946"
"09072026","0","","HONDA","PCX 125","Pontevedra","Galicia","125"
"09072026","0","","ZONTES","368G","Jaén","Andalucía","368"
"09072026","0","","HONDA","SH350i","Barcelona","Cataluña","330"
"09072026","0","","KTM","KTM 790 DUKE","Bizkaia","País Vasco","799"
"09072026","0","","PIAGGIO","VESPA GTV","Alicante/Alacant","Comunidad Valenciana","310"
"09072026","0","","YAMAHA","XMAX 300","Pontevedra","Galicia","292"
"09072026","0","","ZAIRON","ZS2","Madrid","Comunidad de Madrid","125"
"09072026","0","","SYM","SYMPHONY 125","Almería","Andalucía","125"
"09072026","0","","BMW","S 1000 RR","Alicante/Alacant","Comunidad Valenciana","999"
"09072026","0","","KAWASAKI","NINJA ZX-6R","Barcelona","Cataluña","636"
"09072026","0","","MITT","TY125T-26F","Málaga","Andalucía","125"
"09072026","0","","LAMBRETTA","X125","Alicante/Alacant","Comunidad Valenciana","124"
"09072026","0","","KEEWAY","VERSILIA 125","Pontevedra","Galicia","125"
"09072026","0","","VOGE","R125","Tarragona","Cataluña","125"
"09072026","0","","HONDA","FORZA 350","Illes Balears","Illes Balears","330"
"09072026","0","","KYMCO","AGILITY S","Madrid","Comunidad de Madrid","125"
"09072026","0","","KTM","KTM 125 DUKE","Bizkaia","País Vasco","125"
"09072026","0","","KTM","KTM 1390 SUPER ADVENTU","Valencia/València","Comunidad Valenciana","1350"
"09072026","0","","HONDA","ADV 350","Palmas (Las)","Canarias","330"
"09072026","0","","YAMAHA","NMAX 125","Valencia/València","Comunidad Valenciana","125"
"09072026","0","","VOGE","DS900X","Cádiz","Andalucía","895"
"09072026","0","","ZONTES","125X","Sevilla","Andalucía","125"
"09072026","0","","YAMAHA","RayZR 125","Córdoba","Andalucía","125"
"09072026","0","","CYCLONE","CARRERA 125","Girona","Cataluña","125"
"09072026","0","","YAMAHA","RayZR 125","Santa Cruz de Tenerife","Canarias","125"
"09072026","0","","ZONTES","368E","Alicante/Alacant","Comunidad Valenciana","368"
"09072026","0","","HONDA","ADV 750","Sevilla","Andalucía","745"
"09072026","0","","HONDA","VISION 110","Gipuzkoa","País Vasco","109"
"09072026","0","","HONDA","NX500","Barcelona","Cataluña","471"
"09072026","0","","CYCLONE","RX2","Cádiz","Andalucía","124"
"09072026","0","","YAMAHA","RayZR 125","Illes Balears","Illes Balears","125"
"09072026","0","","YAMAHA","TMAX 560","Illes Balears","Illes Balears","562"
"09072026","0","","HONDA","PCX 125","Almería","Andalucía","125"
"09072026","0","","PIAGGIO","BEVERLY 400 HPE","Palmas (Las)","Canarias","399"
"09072026","0","","VOGE","DS900X","Murcia","Región de Murcia","895"
"09072026","0","","VERTIGO MOTORS","VERTIGO NITRO 300","Barcelona","Cataluña","294"
"09072026","0","","YAMAHA","NMAX 125","Cádiz","Andalucía","125"
"09072026","0","","BENDA","NAPOLEON","Ciudad Real","Castilla-La Mancha","476"
"09072026","0","","APRILIA","SR GT 125","Zaragoza","Aragón","125"
"09072026","0","","MH MOTORCYCLES","TRAY","Huelva","Andalucía","125"
"09072026","0","","YAMAHA","RayZR 125","Madrid","Comunidad de Madrid","125"
"09072026","0","","VOGE","DS900X","Badajoz","Extremadura","895"
"09072026","0","","HONDA","FORZA125","Girona","Cataluña","125"
"09072026","0","","HONDA","CB650RA","Valencia/València","Comunidad Valenciana","649"
"09072026","0","","ZONTES","368G","Madrid","Comunidad de Madrid","368"
"09072026","0","","SYM","SYMPHONY 125","Granada","Andalucía","125"
"09072026","0","","PIAGGIO","VESPA PRIMAVERA 125","Cádiz","Andalucía","124"
"09072026","0","","HONDA","ADV 750","Santa Cruz de Tenerife","Canarias","745"
"09072026","0","","YAMAHA","XMAX 300","Cádiz","Andalucía","292"
"09072026","0","","ZAIRON","ZS1","Madrid","Comunidad de Madrid","125"
"09072026","0","","DUCATI","MULTISTRADA V2","Cádiz","Andalucía","890"
"09072026","0","","HONDA","PCX 125","Illes Balears","Illes Balears","125"
"09072026","0","","PIAGGIO","MEDLEY 125","Granada","Andalucía","125"
"09072026","0","","ZONTES","125X","Barcelona","Cataluña","125"
"09072026","0","","HONDA","PCX 125","Valencia/València","Comunidad Valenciana","125"
"09072026","0","","KYMCO","SKYTOWN 125","Barcelona","Cataluña","125"
"09072026","0","","HONDA","SH125i","Barcelona","Cataluña","125"
"09072026","0","","ZONTES","125C","León","Castilla y León","125"
"09072026","0","","KAWASAKI","Z125","Madrid","Comunidad de Madrid","125"
"09072026","0","","PEUGEOT","KISBEE M","Illes Balears","Illes Balears","125"
"09072026","0","","ZONTES","368G","Burgos","Castilla y León","368"
"09072026","0","","ZONTES","125C","Barcelona","Cataluña","125"
"09072026","0","","SYM","SYMPHONY 125","Palencia","Castilla y León","125"
"09072026","0","","YAMAHA","XMAX 125","Málaga","Andalucía","125"
"09072026","0","","HONDA","ADV 750","Málaga","Andalucía","745"
"09072026","0","","KYMCO","XCITING VS 400","Barcelona","Cataluña","400"
"09072026","0","","TRIUMPH","STREET TRIPLE 765 RX","Madrid","Comunidad de Madrid","765"
"09072026","0","","BAJAJ","PULSAR NS 200","Madrid","Comunidad de Madrid","200"
"09072026","0","","KAWASAKI","Z650RS","Cantabria","Cantabria","649"
"09072026","0","","CFMOTO","DUAL250","Madrid","Comunidad de Madrid","249"
"09072026","0","","HONDA","GB350S","Illes Balears","Illes Balears","348"
"09072026","0","","ZONTES","125X","Badajoz","Extremadura","125"
"09072026","0","","HONDA","ADV 350","Madrid","Comunidad de Madrid","330"
"09072026","0","","YAMAHA","XTZ 700 Tenere","Bizkaia","País Vasco","689"
"09072026","0","","SYM","SYMPHONY 125","Cantabria","Cantabria","125"
"09072026","0","","PIAGGIO","VESPA PRIMAVERA 125","Granada","Andalucía","124"
"09072026","0","","BMW","R 1300 RS","Murcia","Región de Murcia","1300"
"09072026","0","","HONDA","PCX 125","Zamora","Castilla y León","125"
"09072026","0","","SYM","JET 14","Alicante/Alacant","Comunidad Valenciana","125"
"09072026","0","","MORBIDELLI","SC125 RE","Huelva","Andalucía","125"
"09072026","0","","ZONTES","703RR","Palencia","Castilla y León","699"
"09072026","0","","VOGE","DS800X RALLY","Ciudad Real","Castilla-La Mancha","798"
"09072026","0","","PIAGGIO","LIBERTY 125 ABS","Cádiz","Andalucía","124"
"09072026","0","","BAJAJ","PULSAR NS 125","Madrid","Comunidad de Madrid","124"
"09072026","0","","CYCLONE","SR650","Madrid","Comunidad de Madrid","650"
"09072026","0","","VOGE","SR16","Córdoba","Andalucía","125"
"09072026","0","","KYMCO","AGILITY S","Barcelona","Cataluña","125"
"09072026","0","","ZONTES","125X","Madrid","Comunidad de Madrid","125"
"09072026","0","","KAWASAKI","Z900","Jaén","Andalucía","948"
"09072026","0","","KAWASAKI","Z900","Granada","Andalucía","948"
"09072026","0","","RIEJU","N/A","Lleida","Cataluña","125"
"09072026","0","","YAMAHA","MT-07","Barcelona","Cataluña","689"
"09072026","0","","APRILIA","SR GT 200","Granada","Andalucía","174"
"09072026","0","","ZONTES","125X","Badajoz","Extremadura","125"
"09072026","0","","YAMAHA","MT-09","Tarragona","Cataluña","890"
"09072026","0","","YAMAHA","NMAX 125","Illes Balears","Illes Balears","125"
"09072026","0","","YAMAHA","NMAX 125","Asturias","Principado de Asturias","125"
"09072026","0","","PIAGGIO","LIBERTY 125 ABS","Murcia","Región de Murcia","124"
"09072026","0","","SYM","JET 14","Valencia/València","Comunidad Valenciana","125"
"09072026","0","","SYM","JET X","Madrid","Comunidad de Madrid","125"
"09072026","0","","HERO MOTOCORP","X PULSE 200 4V","Madrid","Comunidad de Madrid","200"
"09072026","0","","KYMCO","AGILITY S","Murcia","Región de Murcia","125"
"09072026","0","","SYM","SYMPHONY 125","Valencia/València","Comunidad Valenciana","125"
"09072026","0","","ZONTES","368M","Barcelona","Cataluña","368"
"09072026","0","","HONDA","NT1100","Barcelona","Cataluña","1084"
"09072026","0","","KYMCO","DTX","Alicante/Alacant","Comunidad Valenciana","124"
"09072026","0","","ZONTES","368G","Murcia","Región de Murcia","368"
"09072026","0","","BENELLI","BN125","Zaragoza","Aragón","125"
"09072026","0","","YAMAHA","RayZR 125","Valencia/València","Comunidad Valenciana","125"
"09072026","0","","HONDA","PCX 125","Salamanca","Castilla y León","125"
"09072026","0","","HONDA","FORZA 350","Madrid","Comunidad de Madrid","330"
"09072026","0","","HONDA","PCX 125","Illes Balears","Illes Balears","125"
"09072026","0","","HONDA","PCX 125","Madrid","Comunidad de Madrid","125"
"09072026","0","","ZONTES","125X","Cádiz","Andalucía","125"
"09072026","0","","VOGE","DS900X","Badajoz","Extremadura","895"
"09072026","0","","VOGE","SR1ADV","Sevilla","Andalucía","125"
"09072026","0","","ZONTES","125C","Bizkaia","País Vasco","125"
"09072026","0","","KTM","KTM 1390 SUPER ADVENTU","Tarragona","Cataluña","1350"
"09072026","0","","HONDA","FORZA125","Barcelona","Cataluña","125"
"09072026","0","","KYMCO","AGILITY S","Barcelona","Cataluña","125"
"09072026","0","","SYM","JET 14","Málaga","Andalucía","125"
"09072026","0","","ZONTES","125X","Palmas (Las)","Canarias","125"
"09072026","0","","YAMAHA","NMAX 125","Cádiz","Andalucía","125"
"09072026","0","","ITALJET","DRAGSTER125","Badajoz","Extremadura","124"
"09072026","0","","APRILIA","SR GT 125","Palmas (Las)","Canarias","125"
"09072026","0","","KYMCO","SUPER DINK GT 125 E5+","Bizkaia","País Vasco","124"
"09072026","0","","HONDA","PCX 125","Salamanca","Castilla y León","125"
"09072026","0","","KYMCO","SUPER DINK GT 125 E5+","Málaga","Andalucía","124"
"09072026","0","","YAMAHA","RayZR 125","Málaga","Andalucía","125"
"09072026","0","","YAMAHA","RayZR 125","Granada","Andalucía","125"
"09072026","0","","SYM","JET 14","Barcelona","Cataluña","125"
"09072026","0","","ZONTES","ZT125-G1","Bizkaia","País Vasco","125"
"09072026","0","","HONDA","PCX 125","Salamanca","Castilla y León","125"
"09072026","0","","YAMAHA","NMAX 125","Badajoz","Extremadura","125"
"09072026","0","","KYMCO","AGILITY S","Madrid","Comunidad de Madrid","125"
"09072026","0","","RIEJU","NKD 125","Lugo","Galicia","124"
"09072026","0","","ZONTES","368G","Madrid","Comunidad de Madrid","368"
"09072026","0","","ZONTES","703RR","Jaén","Andalucía","699"
"09072026","0","","MACBOR","SHIFTER 125 EVO","Illes Balears","Illes Balears","125"
"09072026","0","","PEUGEOT","TWEET FL 125 CC","Alicante/Alacant","Comunidad Valenciana","125"
"09072026","0","","YAMAHA","XMAX 125","Málaga","Andalucía","125"
"09072026","0","","KAWASAKI","Z500","Lleida","Cataluña","451"
"09072026","0","","ZONTES","125X","Cádiz","Andalucía","125"
"09072026","0","","HONDA","ADV 350","Barcelona","Cataluña","330"
"09072026","0","","HONDA","ADV 350","Pontevedra","Galicia","330"
"09072026","0","","YAMAHA","XTZ 700 Tenere","Granada","Andalucía","689"
"09072026","0","","ZONTES","703F","Jaén","Andalucía","699"
"09072026","0","","RIEJU","RALLY 307","León","Castilla y León","292"
"09072026","0","","ORCAL","SK125-K","Toledo","Castilla-La Mancha","124"
"09072026","0","","MACBOR","EIGHT MILE 125 LC","Madrid","Comunidad de Madrid","124"
"09072026","0","","HONDA","MSX125A","Santa Cruz de Tenerife","Canarias","124"
"09072026","0","","MOTO MORINI","SEIEMMEZZO","Coruña (A)","Galicia","649"
"09072026","0","","ZONTES","125X","Coruña (A)","Galicia","125"
"09072026","0","","ZONTES","368G","Huesca","Aragón","368"
"09072026","0","","SYM","SYMPHONY 125","Illes Balears","Illes Balears","125"
"09072026","0","","HONDA","SH350i","Barcelona","Cataluña","330"
"09072026","0","","KAWASAKI","VERSYS 650","Girona","Cataluña","649"
"09072026","0","","ZONTES","125X","Albacete","Castilla-La Mancha","125"
"09072026","0","","MACBOR","SHIFTER 125 EVO","Madrid","Comunidad de Madrid","125"
"09072026","0","","YAMAHA","NMAX 125","Gipuzkoa","País Vasco","125"
"09072026","0","","DUCATI","MULTISTRADA V4","Illes Balears","Illes Balears","1158"
"09072026","0","","YAMAHA","XMAX 300","Alicante/Alacant","Comunidad Valenciana","292"
"09072026","0","","HONDA","PCX 125","Granada","Andalucía","125"
"09072026","0","","MH MOTORCYCLES","VRT","Jaén","Andalucía","124"
"09072026","0","","HONDA","FORZA125","Murcia","Región de Murcia","125"
"09072026","0","","KYMCO","DTX","Barcelona","Cataluña","321"
"09072026","0","","QJMOTOR","ATR 125 E5+","Barcelona","Cataluña","125"
"09072026","0","","VOGE","DS800X RALLY","Bizkaia","País Vasco","798"
"09072026","0","","HONDA","PCX 125","Barcelona","Cataluña","125"
"09072026","0","","ZONTES","703RR","Valencia/València","Comunidad Valenciana","699"
"09072026","0","","ZONTES","125X","Murcia","Región de Murcia","125"
"09072026","0","","ZONTES","ZT125-G1","Asturias","Principado de Asturias","125"
"09072026","0","","WOTTAN","STORM-X","Sevilla","Andalucía","125"
"09072026","0","","ZONTES","125X","Barcelona","Cataluña","125"
"09072026","0","","CFMOTO","675SR-R","Madrid","Comunidad de Madrid","674"
"09072026","0","","MACBOR","ROCKSTER 125 EVO E5+","Granada","Andalucía","125"
"09072026","0","","CC","CJL 125","Granada","Andalucía","123"
"09072026","0","","YAMAHA","MT-07","Rioja (La)","La Rioja","689"
"09072026","0","","ZONTES","125E","Alicante/Alacant","Comunidad Valenciana","125"
"09072026","0","","KAWASAKI","Z900","Lleida","Cataluña","948"
"09072026","0","","SYM","SYMPHONY 125","Illes Balears","Illes Balears","125"
"09072026","0","","YAMAHA","TMAX 560","Pontevedra","Galicia","562"
"09072026","0","","HONDA","PCX 125","Castellón/Castelló","Comunidad Valenciana","125"
"09072026","0","","HONDA","SH125i","Barcelona","Cataluña","125"
"09072026","0","","KYMCO","SUPER DINK GT 125 E5+","Asturias","Principado de Asturias","124"
"09072026","0","","YAMAHA","NMAX 125","Málaga","Andalucía","125"
"09072026","0","","KYMCO","AGILITY S","Albacete","Castilla-La Mancha","125"
"09072026","0","","SYM","JET 14","Pontevedra","Galicia","125"
"09072026","0","","ZONTES","703RR","Barcelona","Cataluña","699"
"09072026","0","","KAWASAKI","Z650","Huesca","Aragón","649"
"09072026","0","","ZONTES","368G","Madrid","Comunidad de Madrid","368"
"09072026","0","","HONDA","VISION 110","Málaga","Andalucía","109"
"09072026","0","","HONDA","PCX 125","Murcia","Región de Murcia","125"
"09072026","0","","ZONTES","125E","Cantabria","Cantabria","125"
"09072026","0","","KYMCO","AGILITY S","Cádiz","Andalucía","125"
"09072026","0","","ZONTES","125C","Valladolid","Castilla y León","125"
"09072026","0","","ZONTES","368D","Málaga","Andalucía","368"
"09072026","0","","YAMAHA","MT-07","Huelva","Andalucía","689"
"09072026","0","","SYM","SYMPHONY 125","Illes Balears","Illes Balears","125"
"09072026","0","","BENDA","CHINCHILLA","Córdoba","Andalucía","476"
"09072026","0","","VOGE","DS900X","Madrid","Comunidad de Madrid","895"
"09072026","0","","BSA","GOLDSTAR","Barcelona","Cataluña","652"
"09072026","0","","YAMAHA","RayZR 125","Girona","Cataluña","125"
"09072026","0","","YAMAHA","NMAX 125","Girona","Cataluña","125"
"09072026","0","","ZONTES","125X","Barcelona","Cataluña","125"
"09072026","0","","YAMAHA","WR125","Málaga","Andalucía","125"
"09072026","0","","PEUGEOT","PULSION EVO","Palencia","Castilla y León","125"
"09072026","0","","YAMAHA","NMAX 125","Alicante/Alacant","Comunidad Valenciana","125"
"09072026","0","","HONDA","FORZA 350","Madrid","Comunidad de Madrid","330"
"09072026","0","","YAMAHA","MT-07","Barcelona","Cataluña","689"
"09072026","0","","KYMCO","SUPER DINK GT 125 E5+","Madrid","Comunidad de Madrid","124"
"09072026","0","","ZONTES","368G","Cádiz","Andalucía","368"
"09072026","0","","CYCLONE","RX600","Pontevedra","Galicia","550"
"09072026","0","","ZONTES","368G","Lleida","Cataluña","368"
"09072026","0","","KAWASAKI","NINJA ZX-6R","Valencia/València","Comunidad Valenciana","636"
"09072026","0","","SUZUKI","DR-Z400","Lleida","Cataluña","398"
"09072026","0","","QJMOTOR","SRV 125 E5+","Valladolid","Castilla y León","125"
"09072026","0","","YAMAHA","MT-09","Madrid","Comunidad de Madrid","890"
"09072026","0","","ZONTES","368G","Córdoba","Andalucía","368"
"09072026","0","","VOGE","R125","Pontevedra","Galicia","125"
"09072026","0","","HONDA","FORZA 350","Murcia","Región de Murcia","330"
"09072026","0","","SYM","ADX 125 LC TCS E5+","Granada","Andalucía","125"
"09072026","0","","HONDA","CB750 Hornet","Madrid","Comunidad de Madrid","755"
"09072026","0","","YAMAHA","NMAX 125","Madrid","Comunidad de Madrid","125"
"09072026","0","","RIEJU","NOT APPLICABLE","Barcelona","Cataluña","124"
"09072026","0","","CFMOTO","450MT","Sevilla","Andalucía","449"
"09072026","0","","KYMCO","SKYTOWN 125","Cádiz","Andalucía","125"
"09072026","0","","YAMAHA","MT-09","Lleida","Cataluña","890"
"09072026","0","","YAMAHA","XMAX 300","Pontevedra","Galicia","292"
"09072026","0","","CFMOTO","450MT","Cádiz","Andalucía","449"
"09072026","0","","KYMCO","AGILITY S","Valencia/València","Comunidad Valenciana","125"
"09072026","0","","KEEWAY","ARIIC 125","Tarragona","Cataluña","125"
"09072026","0","","ZONTES","368D","Girona","Cataluña","368"
"09072026","0","","KAWASAKI","Z900","Barcelona","Cataluña","948"
"09072026","0","","HONDA","ADV 750","Barcelona","Cataluña","745"
"09072026","0","","NEXT","NX2 125I","Madrid","Comunidad de Madrid","125"
"09072026","0","","LAMBRETTA","V125 SPECIAL FLEX","Illes Balears","Illes Balears","125"
"09072026","0","","VOGE","625DSX","Valencia/València","Comunidad Valenciana","581"
"09072026","0","","SYM","SYMPHONY 125","Barcelona","Cataluña","125"
"09072026","0","","HONDA","VISION 110","Málaga","Andalucía","109"
"09072026","0","","VOGE","SR1","Álava/Araba","País Vasco","125"
"09072026","0","","HONDA","PCX 125","Madrid","Comunidad de Madrid","125"
"09072026","0","","PEUGEOT","PULSION EVO","Alicante/Alacant","Comunidad Valenciana","125"
"09072026","0","","KYMCO","DTX","Ciudad Real","Castilla-La Mancha","124"
"09072026","0","","MITT","URBAN","Madrid","Comunidad de Madrid","125"
"09072026","0","","KTM","KTM 390 ADVENTURE R","Castellón/Castelló","Comunidad Valenciana","399"
"09072026","0","","QJMOTOR","SQ 16 E5+","Illes Balears","Illes Balears","125"
"09072026","0","","PIAGGIO","VESPA GTS 125","Bizkaia","País Vasco","125"
"09072026","0","","VOGE","625R","Bizkaia","País Vasco","581"
"09072026","0","","HONDA","Rebel 500","Barcelona","Cataluña","471"
"09072026","0","","SUZUKI","BURGMAN 400","Illes Balears","Illes Balears","400"
"09072026","0","","VOGE","SR16","Barcelona","Cataluña","125"
"09072026","0","","HONDA","FORZA 750","Málaga","Andalucía","745"
"09072026","0","","SYM","SYMPHONY 125","Bizkaia","País Vasco","125"
"09072026","0","","VOGE","R125","Santa Cruz de Tenerife","Canarias","125"
"09072026","0","","SYM","SYMPHONY 125","Illes Balears","Illes Balears","125"
"09072026","0","","PIAGGIO","MEDLEY 125","Alicante/Alacant","Comunidad Valenciana","125"
"09072026","0","","HONDA","FORZA 350","Barcelona","Cataluña","330"
"09072026","0","","PEUGEOT","KISBEE M","Tarragona","Cataluña","125"
"09072026","0","","HONDA","NC 750 X","Madrid","Comunidad de Madrid","745"
"09072026","0","","HERO MOTOCORP","X PULSE 200 4V","Asturias","Principado de Asturias","200"
"09072026","0","","HONDA","SH125i","Málaga","Andalucía","125"
"09072026","0","","RIEJU","NKD 125","Alicante/Alacant","Comunidad Valenciana","124"
"09072026","0","","HONDA","SH125i","Málaga","Andalucía","125"
"09072026","0","","KYMCO","AGILITY S","Madrid","Comunidad de Madrid","125"
"09072026","0","","YAMAHA","RayZR 125","Cádiz","Andalucía","125"
"09072026","0","","HONDA","SH125i","Alicante/Alacant","Comunidad Valenciana","125"
"09072026","0","","BMW","R 1300 RS","Madrid","Comunidad de Madrid","1300"
"09072026","0","","VOGE","SR1ADV","Sevilla","Andalucía","125"
"09072026","0","","YAMAHA","XMAX 300","Cantabria","Cantabria","292"
"09072026","0","","SUZUKI","V-Strom 800","Barcelona","Cataluña","776"
"09072026","0","","YAMAHA","NMAX 125","Barcelona","Cataluña","125"
"09072026","0","","HONDA","CB650RA","Barcelona","Cataluña","649"
"09072026","0","","SYM","SYMPHONY 125","Barcelona","Cataluña","125"
"09072026","0","","BMW","R 1300 RS","Barcelona","Cataluña","1300"
"09072026","0","","HUSQVARNA","HUSQVARNA 801 SVARTPIL","Girona","Cataluña","799"
"09072026","0","","HONDA","PCX 125","Málaga","Andalucía","125"
"09072026","0","","KTM","KTM 125 DUKE","Álava/Araba","País Vasco","125"
"09072026","0","","YAMAHA","RayZR 125","Valencia/València","Comunidad Valenciana","125"
"09072026","0","","YAMAHA","RayZR 125","Tarragona","Cataluña","125"
"09072026","0","","HONDA","FORZA125","Illes Balears","Illes Balears","125"
"09072026","0","","SYM","JET X","Valencia/València","Comunidad Valenciana","125"
"09072026","0","","YAMAHA","XMAX 125","Cádiz","Andalucía","125"
"09072026","0","","HONDA","FORZA125","Barcelona","Cataluña","125"
"09072026","0","","PIAGGIO","LIBERTY 125 ABS","Murcia","Región de Murcia","124"
"09072026","0","","RIEJU","NKD 125","Ciudad Real","Castilla-La Mancha","124"
"09072026","0","","SYM","SYMPHONY 125","Cantabria","Cantabria","125"
"09072026","0","","MOTO MORINI","CALIBRO","León","Castilla y León","693"
"09072026","0","","YAMAHA","XTZ 700 Tenere","Illes Balears","Illes Balears","689"
"09072026","0","","YAMAHA","YZF-R9","Santa Cruz de Tenerife","Canarias","890"
"09072026","0","","KYMCO","DTX","Cádiz","Andalucía","124"
"09072026","0","","HONDA","ADV 750","Santa Cruz de Tenerife","Canarias","745"
"09072026","0","","ZONTES","125E","Madrid","Comunidad de Madrid","125"
"09072026","0","","KTM","KTM 125 DUKE","Murcia","Región de Murcia","125"
"09072026","0","","SUZUKI","GSX-8S","Valladolid","Castilla y León","776"
"09072026","0","","YAMAHA","MT-07","Madrid","Comunidad de Madrid","689"
"09072026","0","","ZONTES","125X","Sevilla","Andalucía","125"
"09072026","0","","CFMOTO","1000MT-X","Ciudad Real","Castilla-La Mancha","946"
"09072026","0","","CYCLONE","LS-Z","Barcelona","Cataluña","124"
"09072026","0","","YAMAHA","R125","Asturias","Principado de Asturias","125"
"09072026","0","","YAMAHA","XSR-900","Barcelona","Cataluña","890"
"09072026","0","","ZAIRON","ZS5","Madrid","Comunidad de Madrid","125"
"09072026","0","","MORBIDELLI","F125","Asturias","Principado de Asturias","125"
"09072026","0","","SYM","SYMPHONY 125","Girona","Cataluña","125"
"09072026","0","","ZONTES","125C","Illes Balears","Illes Balears","125"
"09072026","0","","KYMCO","AGILITY S","Illes Balears","Illes Balears","125"
"09072026","0","","ZONTES","125C","Granada","Andalucía","125"
"09072026","0","","CFMOTO","675SR-R","Madrid","Comunidad de Madrid","674"
"09072026","0","","YAMAHA","MT-125","Barcelona","Cataluña","125"
"09072026","0","","DUCATI","HYPERMOTARD V2 SP LIMI","Bizkaia","País Vasco","890"
"09072026","0","","HONDA","PCX 125","Asturias","Principado de Asturias","125"
"09072026","0","","VOGE","R125","Murcia","Región de Murcia","125"
"09072026","0","","YAMAHA","RayZR 125","Sevilla","Andalucía","125"
"09072026","0","","KAWASAKI","Z125","Almería","Andalucía","125"
"09072026","0","","KYMCO","SUPER DINK GT 125 E5+","Barcelona","Cataluña","124"
"09072026","0","","HONDA","PCX 125","Barcelona","Cataluña","125"
"09072026","0","","HUSQVARNA","HUSQVARNA TE 300","Gipuzkoa","País Vasco","293"
"09072026","0","","KYMCO","DTX","Granada","Andalucía","124"
"09072026","0","","KYMCO","AGILITY S","Almería","Andalucía","125"
"09072026","0","","QJMOTOR","SRT 700 X E5+","Illes Balears","Illes Balears","698"
"09072026","0","","BMW","R 1300 GS ADVENTURE","Valencia/València","Comunidad Valenciana","1300"
"09072026","0","","YAMAHA","MT-07","Barcelona","Cataluña","689"
"09072026","0","","ZONTES","368E","Murcia","Región de Murcia","368"
"09072026","0","","BMW","R 1300 GS","Alicante/Alacant","Comunidad Valenciana","1300"
"09072026","0","","HUSQVARNA","HUSQVARNA TE 300","Málaga","Andalucía","293"
"09072026","0","","ZONTES","368G","Albacete","Castilla-La Mancha","368"
"09072026","0","","YAMAHA","XTZ 700 Tenere","Almería","Andalucía","689"
"09072026","0","","HONDA","PCX 125","Santa Cruz de Tenerife","Canarias","125"
"09072026","0","","CFMOTO","DUAL250","Madrid","Comunidad de Madrid","249"
"09072026","0","","HONDA","PCX 125","Barcelona","Cataluña","125"
"09072026","0","","SYM","SYMPHONY 125","Málaga","Andalucía","125"
"09072026","0","","MORBIDELLI","SC 125","Valencia/València","Comunidad Valenciana","125"
"09072026","0","","ZONTES","125X","Alicante/Alacant","Comunidad Valenciana","125"
"09072026","0","","ZONTES","ZT125-G1","Valladolid","Castilla y León","125"
"09072026","0","","HONDA","NC 750 X","Barcelona","Cataluña","745"
"09072026","0","","HONDA","ADV 750","Santa Cruz de Tenerife","Canarias","745"
"09072026","0","","SYM","SYMPHONY 125","Barcelona","Cataluña","125"
"09072026","0","","YAMAHA","NMAX 125","Madrid","Comunidad de Madrid","125"
"09072026","0","","KYMCO","PEOPLE S 125 E5+","Cádiz","Andalucía","125"
"09072026","0","","VOGE","300RALLY","Girona","Cataluña","292"
"09072026","0","","CFMOTO","450MT","Barcelona","Cataluña","449"
"09072026","0","","ZONTES","368G","Madrid","Comunidad de Madrid","368"
"09072026","0","","ZONTES","368G","Valladolid","Castilla y León","368"
"09072026","0","","KEEWAY","VERSILIA 125","Murcia","Región de Murcia","125"
"09072026","0","","YAMAHA","XMAX 125","Valencia/València","Comunidad Valenciana","125"
"09072026","0","","CFMOTO","675SR-R","Cuenca","Castilla-La Mancha","674"
"09072026","0","","HONDA","ADV 350","Girona","Cataluña","330"
"09072026","0","","HONDA","NC 750 X","Málaga","Andalucía","745"
"09072026","0","","ZONTES","125X","Málaga","Andalucía","125"
"09072026","0","","VOGE","625DSX","Barcelona","Cataluña","581"
"09072026","0","","BENELLI","BN125","Barcelona","Cataluña","125"
"09072026","0","","BMW","F 900 GS","Murcia","Región de Murcia","895"
"09072026","0","","VOGE","R125","Madrid","Comunidad de Madrid","125"
"09072026","0","","YAMAHA","NMAX 125","Madrid","Comunidad de Madrid","125"
"09072026","0","","BAJAJ","PULSAR NS 200","Illes Balears","Illes Balears","200"
"09072026","0","","ZONTES","125C","Melilla","Melilla","125"
"09072026","0","","SYM","ADX 300 TCS","Ourense","Galicia","278"
"09072026","0","","SYM","JET 14","Bizkaia","País Vasco","125"
"09072026","0","","HONDA","SH125i","Gipuzkoa","País Vasco","125"
"09072026","0","","TRIUMPH","SCRAMBLER 400XC","Girona","Cataluña","398"
"09072026","0","","CYCLONE","RX2","Barcelona","Cataluña","124"
"09072026","0","","ITALJET","DRAGSTER 700 TWIN","Barcelona","Cataluña","698"
"09072026","0","","TRIUMPH","TRIDENT 660","Girona","Cataluña","660"
"09072026","0","","ZONTES","368G","Cádiz","Andalucía","368"
"09072026","0","","BMW","R 1300 GS","Valencia/València","Comunidad Valenciana","1300"
"09072026","0","","ZONTES","125C","Madrid","Comunidad de Madrid","125"
"09072026","0","","TRIUMPH","TRIDENT 800","Barcelona","Cataluña","798"
"09072026","0","","MORBIDELLI","N125V","Huelva","Andalucía","125"
"09072026","0","","SYM","SYMPHONY 125","Alicante/Alacant","Comunidad Valenciana","125"
"09072026","0","","MORBIDELLI","T352X","Alicante/Alacant","Comunidad Valenciana","349"
"09072026","0","","YAMAHA","MT-09","Málaga","Andalucía","890"
"09072026","0","","HONDA","PCX 125","Málaga","Andalucía","125"
"09072026","0","","YAMAHA","NMAX 125","Barcelona","Cataluña","125"
"09072026","0","","SYM","ADX 125 LC TCS E5+","Barcelona","Cataluña","125"
"09072026","0","","ZONTES","125X","Barcelona","Cataluña","125"
"09072026","0","","HONDA","FORZA 350","Santa Cruz de Tenerife","Canarias","330"
"09072026","0","","YAMAHA","NMAX 125","León","Castilla y León","125"
"09072026","0","","SUZUKI","GSX-S125","Guadalajara","Castilla-La Mancha","124"
"09072026","0","","HONDA","FORZA 750","Barcelona","Cataluña","745"
"09072026","0","","ROYAL ENFIELD","GUERRILLA 450","Murcia","Región de Murcia","452"
"09072026","0","","HONDA","PCX 125","Pontevedra","Galicia","125"
"09072026","0","","ZONTES","125X","Madrid","Comunidad de Madrid","125"
"09072026","0","","APRILIA","SR GT 125","Cádiz","Andalucía","125"
"09072026","0","","ZONTES","125X","Sevilla","Andalucía","124"
"09072026","0","","ZONTES","703RR","Bizkaia","País Vasco","699"
"09072026","0","","PIAGGIO","LIBERTY 125 ABS","Cádiz","Andalucía","124"
"09072026","0","","KAWASAKI","Z1100","Lleida","Cataluña","1099"
"09072026","0","","ZONTES","125X","Madrid","Comunidad de Madrid","125"
"09072026","0","","ZONTES","125X","Sevilla","Andalucía","125"
"09072026","0","","YAMAHA","XTZ 700 Tenere","Illes Balears","Illes Balears","689"
"09072026","0","","SUZUKI","V-Strom 800","Girona","Cataluña","776"
"09072026","0","","CYCLONE","RX2","León","Castilla y León","124"
"09072026","0","","ZONTES","368D","Bizkaia","País Vasco","368"
"09072026","0","","NEXT","NX CROSS 125I","Alicante/Alacant","Comunidad Valenciana","125"
"09072026","0","","HONDA","SH125i","Cádiz","Andalucía","125"
"09072026","0","","BSA","BANTAM","Barcelona","Cataluña","334"
"09072026","0","","ZONTES","125X","Jaén","Andalucía","125"
"09072026","0","","LETBE","S125","Illes Balears","Illes Balears","125"
"09072026","0","","HONDA","PCX 125","Málaga","Andalucía","125"
"09072026","0","","ZONTES","125X","Cádiz","Andalucía","125"
"09072026","0","","SYM","JOYMAX Z 300 E5+","Barcelona","Cataluña","278"
"09072026","0","","HONDA","PCX 125","Málaga","Andalucía","125"
"09072026","0","","HONDA","VISION 110","Barcelona","Cataluña","109"
"09072026","0","","YAMAHA","MT-09","Bizkaia","País Vasco","890"
"09072026","0","","PEUGEOT","KISBEE M","Illes Balears","Illes Balears","125"
"09072026","0","","YAMAHA","WR125","Alicante/Alacant","Comunidad Valenciana","125"
"09072026","0","","KEEWAY","RKF 125 ABS","Asturias","Principado de Asturias","125"
"09072026","0","","YAMAHA","NMAX 125","Cantabria","Cantabria","125"
"09072026","0","","SUZUKI","GSX-8S","Valencia/València","Comunidad Valenciana","776"
"09072026","0","","HONDA","FORZA125","Madrid","Comunidad de Madrid","125"
"09072026","0","","ZONTES","125C","Cádiz","Andalucía","125"
"09072026","0","","PIAGGIO","LIBERTY 125 ABS","Cádiz","Andalucía","124"
"09072026","0","","YAMAHA","MT-07","Alicante/Alacant","Comunidad Valenciana","689"
"09072026","0","","QJMOTOR","ATR 125 E5+","Barcelona","Cataluña","125"
"09072026","0","","HONDA","FORZA125","Alicante/Alacant","Comunidad Valenciana","125"
"09072026","0","","YAMAHA","TMAX 560","Lleida","Cataluña","562"
"09072026","0","","KEEWAY","X-LIGHT 125","Alicante/Alacant","Comunidad Valenciana","125"
"09072026","0","","YAMAHA","R125","Toledo","Castilla-La Mancha","125"
"09072026","0","","YAMAHA","NMAX 125","Tarragona","Cataluña","125"
"09072026","0","","ZONTES","125C","Santa Cruz de Tenerife","Canarias","125"
"09072026","0","","ZONTES","125C","Barcelona","Cataluña","125"
"09072026","0","","ZONTES","368E","Cádiz","Andalucía","368"
"09072026","0","","APRILIA","RS 457","Murcia","Región de Murcia","457"
"09072026","0","","CFMOTO","1000MT-X","Toledo","Castilla-La Mancha","946"
"09072026","0","","HONDA","PCX 125","Illes Balears","Illes Balears","125"
"09072026","0","","ZONTES","125M","Málaga","Andalucía","125"
"09072026","0","","HONDA","CB500FAC","Barcelona","Cataluña","471"
"09072026","0","","HONDA","PCX 125","Salamanca","Castilla y León","125"
"09072026","0","","MORBIDELLI","SC300","Bizkaia","País Vasco","278"
"09072026","0","","HONDA","Rebel 500","Madrid","Comunidad de Madrid","471"
"09072026","0","","YAMAHA","TMAX 560","Tarragona","Cataluña","562"
"09072026","0","","YAMAHA","R125","Barcelona","Cataluña","125"
"09072026","0","","ITALJET","DRAGSTER200","Ciudad Real","Castilla-La Mancha","181"
"09072026","0","","TRIUMPH","SCRAMBLER 400XC","Almería","Andalucía","398"
"09072026","0","","HONDA","ADV 350","Barcelona","Cataluña","330"
"09072026","0","","KYMCO","DTX","Valencia/València","Comunidad Valenciana","124"
"09072026","0","","SYM","ADXTG 400","Cádiz","Andalucía","399"
"09072026","0","","ZONTES","125X","Madrid","Comunidad de Madrid","125"
"09072026","0","","CFMOTO","450MT","Madrid","Comunidad de Madrid","449"
"09072026","0","","HONDA","FORZA125","Murcia","Región de Murcia","125"
"09072026","0","","PIAGGIO","VESPA GTS","Sevilla","Andalucía","310"
"09072026","0","","YAMAHA","TMAX 560","Valencia/València","Comunidad Valenciana","562"
"09072026","0","","ZONTES","ZT125-U1","Murcia","Región de Murcia","125"
"09072026","0","","KYMCO","SUPER DINK GT 125 E5+","Madrid","Comunidad de Madrid","124"
"09072026","0","","PIAGGIO","VESPA PRIMAVERA 125","Cádiz","Andalucía","124"
"09072026","0","","HONDA","FORZA125","Girona","Cataluña","125"
"09072026","0","","KEEWAY","RKS 125","Madrid","Comunidad de Madrid","124"
"09072026","0","","HONDA","GB350S","Illes Balears","Illes Balears","348"
"09072026","0","","ZONTES","125X","Valencia/València","Comunidad Valenciana","125"
"09072026","0","","YAMAHA","XMAX 300","Barcelona","Cataluña","292"
"09072026","0","","ZONTES","125E","Asturias","Principado de Asturias","125"
"09072026","0","","YAMAHA","MT-09","Almería","Andalucía","890"
"09072026","0","","HONDA","SH125i","Barcelona","Cataluña","125"
"09072026","0","","ZONTES","368G","Barcelona","Cataluña","368"
"09072026","0","","KYMCO","SKYTOWN 125","Valencia/València","Comunidad Valenciana","125"
"09072026","0","","YAMAHA","NMAX 125","Illes Balears","Illes Balears","125"
"09072026","0","","HONDA","FORZA125","Zaragoza","Aragón","125"
"09072026","0","","HONDA","CB650RA","Asturias","Principado de Asturias","649"
"09072026","0","","YAMAHA","XMAX 125","Málaga","Andalucía","125"
"09072026","0","","HONDA","FORZA 350","Alicante/Alacant","Comunidad Valenciana","330"
"09072026","0","","SUZUKI","V-Strom 1050","Madrid","Comunidad de Madrid","1037"
"09072026","0","","ZONTES","368E","Toledo","Castilla-La Mancha","368"
"09072026","0","","BMW","R 1300 RS","Valencia/València","Comunidad Valenciana","1300"
"09072026","0","","DUCATI","PANIGALE V4","Palmas (Las)","Canarias","1103"
"09072026","0","","YAMAHA","XMAX 300","Barcelona","Cataluña","292"
"09072026","0","","ZONTES","368G","Cádiz","Andalucía","368"
"09072026","0","","HONDA","VISION 110","Alicante/Alacant","Comunidad Valenciana","109"
"09072026","0","","AJP","AJP PR7","Tarragona","Cataluña","600"
"09072026","0","","KAWASAKI","Z7 HYBRID","Barcelona","Cataluña","451"
"09072026","0","","CFMOTO","700MT","Asturias","Principado de Asturias","693"
"09072026","0","","YAMAHA","NMAX 125","Cádiz","Andalucía","125"
"09072026","0","","YAMAHA","WR125","Barcelona","Cataluña","125"
"09072026","0","","PIAGGIO","MEDLEY 200","Barcelona","Cataluña","174"
"09072026","0","","HONDA","VISION 110","Málaga","Andalucía","109"
"09072026","0","","APRILIA","SR GT 125","Granada","Andalucía","125"
"09072026","0","","YAMAHA","NMAX 125","Cantabria","Cantabria","125"
"09072026","0","","SYM","SYMPHONY 125","Illes Balears","Illes Balears","125"
"09072026","0","","YAMAHA","XMAX 125","Cantabria","Cantabria","125"
"09072026","0","","KOVE","KOVE 800 X PRO 2026","Granada","Andalucía","799"
"09072026","0","","ZONTES","125X","Palmas (Las)","Canarias","125"
"09072026","0","","HONDA","PCX 125","Málaga","Andalucía","125"
"09072026","0","","VOGE","DS800X RALLY","Madrid","Comunidad de Madrid","798"
"09072026","0","","KAWASAKI","NINJA ZX-4R","Barcelona","Cataluña","399"
"09072026","0","","HONDA","CB650RA","Barcelona","Cataluña","649"
"09072026","0","","YAMAHA","RayZR 125","Málaga","Andalucía","125"
"09072026","0","","YAMAHA","NMAX 125","Málaga","Andalucía","125"
"09072026","0","","MITT","125 DESERT","Badajoz","Extremadura","125"
"09072026","0","","DUCATI","STREETFIGHTER","Málaga","Andalucía","890"
"09072026","0","","SYM","SYMPHONY 125","Barcelona","Cataluña","125"
"09072026","0","","ZONTES","ZT125-Z2","Valencia/València","Comunidad Valenciana","125"
"09072026","0","","HONDA","ADV 350","Girona","Cataluña","330"
"09072026","0","","ZONTES","125X","Sevilla","Andalucía","125"
"09072026","0","","VOGE","DS525X","Valencia/València","Comunidad Valenciana","494"
"09072026","0","","YAMAHA","MT-07","Barcelona","Cataluña","689"
"09072026","0","","QJMOTOR","SRK 125 R E5+","Barcelona","Cataluña","125"
"09072026","0","","BAJAJ","PULSAR NS 125","Cádiz","Andalucía","124"
"09072026","0","","HONDA","VISION 110","Ourense","Galicia","109"
"09072026","0","","KYMCO","AGILITY S","Madrid","Comunidad de Madrid","125"
"09072026","0","","BETA","N/A","Málaga","Andalucía","293"
"09072026","0","","YAMAHA","YZF-R9","Palmas (Las)","Canarias","890"
"09072026","0","","HONDA","FORZA125","Valencia/València","Comunidad Valenciana","125"
"09072026","0","","KYMCO","PEOPLE S 125 E5+","Murcia","Región de Murcia","125"
"09072026","0","","ZONTES","350R","Barcelona","Cataluña","348"
"09072026","0","","PEUGEOT","KISBEE M","Granada","Andalucía","125"
"09072026","0","","ZONTES","368G","Barcelona","Cataluña","368"
"09072026","0","","SUZUKI","GSX-8S","Ávila","Castilla y León","776"
"09072026","0","","YAMAHA","TRACER 700","Castellón/Castelló","Comunidad Valenciana","689"
"09072026","0","","ZONTES","703RR","Madrid","Comunidad de Madrid","699"
"09072026","0","","KAWASAKI","NINJA ZX-10R","León","Castilla y León","998"
"09072026","0","","YAMAHA","NMAX 125","Badajoz","Extremadura","125"
"09072026","0","","HONDA","GB350S","Málaga","Andalucía","348"
"09072026","0","","YAMAHA","NMAX 125","Málaga","Andalucía","125"
"09072026","0","","ZONTES","125X","Barcelona","Cataluña","125"
"09072026","0","","SYM","SYMPHONY 125","Girona","Cataluña","125"
"09072026","0","","KYMCO","AGILITY S","Alicante/Alacant","Comunidad Valenciana","125"
"09072026","0","","ZONTES","125X","Cádiz","Andalucía","125"
"09072026","0","","SYM","SYMPHONY 125","Barcelona","Cataluña","125"
"09072026","0","","CFMOTO","450MT","Málaga","Andalucía","449"
"09072026","0","","YAMAHA","WR125","Madrid","Comunidad de Madrid","125"
"09072026","0","","CFMOTO","1000MT-X","Barcelona","Cataluña","946"
"09072026","0","","SWM","HOKU 125","Madrid","Comunidad de Madrid","125"
"09072026","0","","BMW","R 1300 GS","Madrid","Comunidad de Madrid","1300"
"09072026","0","","YAMAHA","NMAX 125","Toledo","Castilla-La Mancha","125"
"09072026","0","","HONDA","ADV 350","Huelva","Andalucía","330"
"09072026","0","","KYMCO","AGILITY S","Alicante/Alacant","Comunidad Valenciana","125"
"09072026","0","","VOGE","SR3","Bizkaia","País Vasco","244"
"09072026","0","","ZONTES","703RR","Barcelona","Cataluña","699"
"09072026","0","","ZONTES","368G","Huelva","Andalucía","368"
"09072026","0","","HONDA","PCX 125","Alicante/Alacant","Comunidad Valenciana","125"
"09072026","0","","ZONTES","125X","Badajoz","Extremadura","125"
"09072026","0","","SYM","JET X","Tarragona","Cataluña","125"
"09072026","0","","VOGE","SR16","Tarragona","Cataluña","125"
"09072026","0","","HONDA","CBR500","Palmas (Las)","Canarias","471"
"09072026","0","","YAMAHA","NMAX 125","Gipuzkoa","País Vasco","125"
"09072026","0","","YAMAHA","RayZR 125","Asturias","Principado de Asturias","125"
"09072026","0","","HONDA","SH125i","Huelva","Andalucía","125"
"09072026","0","","KEEWAY","XDV 125 EVO PRO","Cádiz","Andalucía","125"
"09072026","0","","VOGE","DS900X","Pontevedra","Galicia","895"
"09072026","0","","KYMCO","AGILITY S","Madrid","Comunidad de Madrid","125"
"09072026","0","","ZONTES","125E","Toledo","Castilla-La Mancha","125"
"09072026","0","","HONDA","SH125i","Málaga","Andalucía","125"
"09072026","0","","BMW","S 1000 RR","Granada","Andalucía","999"
"09072026","0","","SYM","JET X","Barcelona","Cataluña","125"
"09072026","0","","SUZUKI","AVENIS 125","Bizkaia","País Vasco","124"
"09072026","0","","SYM","JET 14","Sevilla","Andalucía","125"
"09072026","0","","KYMCO","DTX","Cádiz","Andalucía","124"
"09072026","0","","DUCATI","MULTISTRADA V2","Huesca","Aragón","890"
"09072026","0","","HONDA","SH350i","Barcelona","Cataluña","330"
"09072026","0","","HONDA","FORZA125","Madrid","Comunidad de Madrid","125"
"09072026","0","","HONDA","PCX 125","Zaragoza","Aragón","125"
"09072026","0","","VOGE","DS800X RALLY","Tarragona","Cataluña","798"
"09072026","0","","HONDA","FORZA125","Barcelona","Cataluña","125"
"09072026","0","","CFMOTO","675SR-R","Madrid","Comunidad de Madrid","674"
"09072026","0","","ZONTES","125E","Barcelona","Cataluña","125"
"09072026","0","","YAMAHA","YZF-R9","Barcelona","Cataluña","890"
"09072026","0","","YAMAHA","R125","Huelva","Andalucía","125"
"09072026","0","","QJMOTOR","SRT 900 S","Santa Cruz de Tenerife","Canarias","904"
"09072026","0","","SYM","ADX 125 LC TCS E5+","Valencia/València","Comunidad Valenciana","125"
"09072026","0","","HONDA","PCX 125","Palmas (Las)","Canarias","125"
"09072026","0","","SUZUKI","GSX-8S","Almería","Andalucía","776"
"09072026","0","","YAMAHA","R125","Illes Balears","Illes Balears","125"
"09072026","0","","BETA","N/A","Málaga","Andalucía","293"
"09072026","0","","YAMAHA","NMAX 125","Illes Balears","Illes Balears","125"
"09072026","0","","CFMOTO","450MT","Valencia/València","Comunidad Valenciana","449"
"09072026","0","","YAMAHA","RayZR 125","Granada","Andalucía","125"
"09072026","0","","SYM","ADX 125 LC TCS E5+","Alicante/Alacant","Comunidad Valenciana","125"
"09072026","0","","KYMCO","DTX","Bizkaia","País Vasco","124"
"09072026","0","","KAWASAKI","Z1100","Barcelona","Cataluña","1099"
"09072026","0","","DUCATI","DESERT X","Córdoba","Andalucía","890"
"09072026","0","","KEEWAY","VERSILIA 125","Asturias","Principado de Asturias","125"
"09072026","0","","ZAIRON","ZS5","Madrid","Comunidad de Madrid","125"
"09072026","0","","YAMAHA","RayZR 125","Illes Balears","Illes Balears","125"
"09072026","0","","HUSQVARNA","HUSQVARNA SVARTPILEN12","Madrid","Comunidad de Madrid","125"
"09072026","0","","HONDA","FORZA125","Sevilla","Andalucía","125"
"09072026","0","","HONDA","FORZA125","Barcelona","Cataluña","125"
"09072026","0","","KAWASAKI","Z125","Granada","Andalucía","125"
"09072026","0","","SYM","SYMPHONY 125","Valencia/València","Comunidad Valenciana","125"
"09072026","0","","QJMOTOR","ATR 125 E5+","Valladolid","Castilla y León","125"
"09072026","0","","YAMAHA","RayZR 125","Sevilla","Andalucía","125"
"09072026","0","","CFMOTO","675SR-R","Sevilla","Andalucía","674"
"09072026","0","","SYM","SYMPHONY 125","Illes Balears","Illes Balears","125"
"09072026","0","","SYM","SYMPHONY 125","Gipuzkoa","País Vasco","125"
"09072026","0","","YAMAHA","NMAX 125","Barcelona","Cataluña","125"
"09072026","0","","ZONTES","125X","Barcelona","Cataluña","125"
"09072026","0","","QJMOTOR","FORT 125 N E5+","Tarragona","Cataluña","125"
"09072026","0","","HONDA","NT1100","Asturias","Principado de Asturias","1084"
"09072026","0","","SYM","JET X","Barcelona","Cataluña","125"
"09072026","0","","YAMAHA","MT-07","Castellón/Castelló","Comunidad Valenciana","689"
"09072026","0","","SYM","CRUISYM 125 TCS E5+","Alicante/Alacant","Comunidad Valenciana","124"
"09072026","0","","YAMAHA","R7","Lleida","Cataluña","689"
"09072026","0","","HERO MOTOCORP","X PULSE 200 4V","Zaragoza","Aragón","200"
"09072026","0","","VOGE","R125S","Santa Cruz de Tenerife","Canarias","125"
"09072026","0","","HONDA","Rebel 500","Málaga","Andalucía","471"
"09072026","0","","HONDA","VISION 110","Barcelona","Cataluña","109"
"09072026","0","","SUZUKI","GSX-8S","Madrid","Comunidad de Madrid","776"
"09072026","0","","PIAGGIO","VESPA PRIMAVERA 125","Illes Balears","Illes Balears","124"
"09072026","0","","ZONTES","125C","Madrid","Comunidad de Madrid","125"
"09072026","0","","ZONTES","125E","Valencia/València","Comunidad Valenciana","125"
"09072026","0","","SYM","SYMPHONY 125","Barcelona","Cataluña","125"
"09072026","0","","KYMCO","AGILITY S","Jaén","Andalucía","125"
"09072026","0","","HONDA","VISION 110","Málaga","Andalucía","109"
"09072026","0","","YAMAHA","NMAX 125","Barcelona","Cataluña","125"
"09072026","0","","HONDA","PCX 125","Valencia/València","Comunidad Valenciana","125"
"09072026","0","","ZONTES","125C","Barcelona","Cataluña","125"
"09072026","0","","BENELLI","LEONCINO BOBBER 400","Barcelona","Cataluña","385"
"09072026","0","","HONDA","CBR500","Barcelona","Cataluña","471"
"09072026","0","","YAMAHA","MT-07","Barcelona","Cataluña","689"
"09072026","0","","PIAGGIO","MEDLEY 125","Castellón/Castelló","Comunidad Valenciana","125"
"09072026","0","","HONDA","PCX 125","Málaga","Andalucía","125"
"09072026","0","","SYM","SYMPHONY 125","Málaga","Andalucía","125"
"09072026","0","","QJMOTOR","SRK 125 S E5+","Málaga","Andalucía","125"
"09072026","0","","YAMAHA","R7","Madrid","Comunidad de Madrid","689"
"09072026","0","","YAMAHA","NMAX 125","Cantabria","Cantabria","125"
"09072026","0","","PIAGGIO","VESPA GTS 125","Pontevedra","Galicia","125"
"09072026","0","","KAWASAKI","Z125","Santa Cruz de Tenerife","Canarias","125"
"09072026","0","","ZONTES","125M","Valencia/València","Comunidad Valenciana","125"
"09072026","0","","YAMAHA","MT-07","Pontevedra","Galicia","689"
"09072026","0","","KYMCO","DTX","Alicante/Alacant","Comunidad Valenciana","124"
"09072026","0","","KEEWAY","VIESTE 125","Barcelona","Cataluña","125"
"09072026","0","","SYM","SYMPHONY 125","Valencia/València","Comunidad Valenciana","125"
"09072026","0","","ZONTES","368G","Barcelona","Cataluña","368"
"09072026","0","","KYMCO","AGILITY S","Alicante/Alacant","Comunidad Valenciana","125"
"09072026","0","","YAMAHA","NMAX 125","Barcelona","Cataluña","125"
"09072026","0","","HONDA","CBF 125","Palmas (Las)","Canarias","125"
"09072026","0","","SYM","SYMPHONY 125","Illes Balears","Illes Balears","125"
"09072026","0","","YAMAHA","NMAX 125","Málaga","Andalucía","125"
"09072026","0","","ZONTES","368G","Barcelona","Cataluña","368"
"09072026","0","","BRIXTON","FELSBERG 125 ABS","Sevilla","Andalucía","125"
"09072026","0","","MH MOTORCYCLES","TRAY","Murcia","Región de Murcia","125"
"09072026","0","","YAMAHA","NMAX 125","Guadalajara","Castilla-La Mancha","125"
"09072026","0","","ROYAL ENFIELD","METEOR 350","Málaga","Andalucía","349"
"09072026","0","","PIAGGIO","VESPA PRIMAVERA 125","Málaga","Andalucía","124"
"09072026","0","","MITT","GT-S","Cantabria","Cantabria","125"
"09072026","0","","HONDA","PCX 125","Almería","Andalucía","125"
"09072026","0","","YAMAHA","R125","Coruña (A)","Galicia","125"
"09072026","0","","PEUGEOT","PULSION EVO","Córdoba","Andalucía","125"
"09072026","0","","YAMAHA","XMAX 125","Málaga","Andalucía","125"
"09072026","0","","APRILIA","RX 125","Madrid","Comunidad de Madrid","124"
"09072026","0","","PIAGGIO","VESPA PRIMAVERA 125","Valencia/València","Comunidad Valenciana","124"
"09072026","0","","SYM","ADX 125 LC TCS E5+","Girona","Cataluña","125"
"09072026","0","","BMW","R 1300 RS","Pontevedra","Galicia","1300"
"09072026","0","","ZONTES","ZT125-U","Málaga","Andalucía","125"
"09072026","0","","VOGE","DS800X RALLY","Málaga","Andalucía","798"
"09072026","0","","YAMAHA","XMAX 125","Valencia/València","Comunidad Valenciana","125"
"09072026","0","","BAJAJ","PULSAR NS 200","Illes Balears","Illes Balears","200"
"09072026","0","","ROYAL ENFIELD","INTERCEPTOR BEAR 650","Tarragona","Cataluña","648"
"09072026","0","","HONDA","CBF 125","Granada","Andalucía","125"
"09072026","0","","RIEJU","RALLY 307","Girona","Cataluña","292"
"09072026","0","","CYCLONE","RX2","Ciudad Real","Castilla-La Mancha","124"
"09072026","0","","HONDA","CB750 Hornet","Gipuzkoa","País Vasco","755"
"09072026","0","","YAMAHA","RayZR 125","Tarragona","Cataluña","125"
"09072026","0","","HONDA","PCX 125","Castellón/Castelló","Comunidad Valenciana","125"
"09072026","0","","QJMOTOR","MTX 125 E5+","Málaga","Andalucía","125"
"09072026","0","","VOGE","SR1","Barcelona","Cataluña","125"
"09072026","0","","ZONTES","368G","Ávila","Castilla y León","368"
"09072026","0","","KTM","KTM 125 DUKE","Granada","Andalucía","125"
"09072026","0","","YAMAHA","TRACER 700","Barcelona","Cataluña","689"
"09072026","0","","KYMCO","SKYTOWN 125","Cádiz","Andalucía","125"
"09072026","0","","CYCLONE","RA125 PLUS","Murcia","Región de Murcia","124"
"09072026","0","","MH MOTORCYCLES","VR10","Sevilla","Andalucía","124"
"09072026","0","","HUSQVARNA","HUSQVARNA TE 300","Málaga","Andalucía","293"
"09072026","0","","SUZUKI","AVENIS 125","Alicante/Alacant","Comunidad Valenciana","124"
"09072026","0","","ZONTES","368G","Barcelona","Cataluña","368"
"09072026","0","","YAMAHA","MT-09","Coruña (A)","Galicia","890"
"09072026","0","","HONDA","FORZA125","Madrid","Comunidad de Madrid","125"
"09072026","0","","ROYAL ENFIELD","SUPER METEOR 650","Cantabria","Cantabria","648"
"09072026","0","","KYMCO","AGILITY S","Madrid","Comunidad de Madrid","125"
"09072026","0","","KTM","KTM 300 EXC","Málaga","Andalucía","293"
"09072026","0","","KTM","KTM 990 RC R","Granada","Andalucía","947"
"09072026","0","","ZONTES","125X","Valencia/València","Comunidad Valenciana","125"
"09072026","0","","HONDA","SH125i","Málaga","Andalucía","125"
"09072026","0","","HONDA","SH125i","Barcelona","Cataluña","125"
"09072026","0","","MH MOTORCYCLES","TRAY","Pontevedra","Galicia","125"
"09072026","0","","YAMAHA","NMAX 125","Cantabria","Cantabria","125"
"09072026","0","","ZONTES","368D","Murcia","Región de Murcia","368"
"09072026","0","","HONDA","NX500","Santa Cruz de Tenerife","Canarias","471"
"09072026","0","","YAMAHA","XMAX 125","Bizkaia","País Vasco","125"
"09072026","0","","SUZUKI","GSX-S125","Valencia/València","Comunidad Valenciana","124"
"09072026","0","","KTM","KTM 390 ADVENTURE X","Valladolid","Castilla y León","399"
"09072026","0","","YAMAHA","XMAX 300","Alicante/Alacant","Comunidad Valenciana","292"
"09072026","0","","YAMAHA","NMAX 125","Málaga","Andalucía","125"
"09072026","0","","KAWASAKI","Z900RS","Barcelona","Cataluña","948"
"09072026","0","","MACBOR","SHIFTER 125 EVO","Zaragoza","Aragón","125"
"09072026","0","","KYMCO","DTX","Barcelona","Cataluña","124"
"09072026","0","","KTM","KTM 390 DUKE","Madrid","Comunidad de Madrid","399"
"09072026","0","","YAMAHA","NMAX 125","Cantabria","Cantabria","125"
"09072026","0","","SYM","SYMPHONY 125","Murcia","Región de Murcia","125"
"09072026","0","","HONDA","PCX 125","Granada","Andalucía","125"
"09072026","0","","ROYAL ENFIELD","GOAN CLASSIC 350","Murcia","Región de Murcia","349"
"09072026","0","","HUSQVARNA","HUSQVARNA SVARTPILEN12","Madrid","Comunidad de Madrid","125"
"09072026","0","","HONDA","PCX 125","Illes Balears","Illes Balears","125"
"09072026","0","","HONDA","PCX 125","Illes Balears","Illes Balears","125"
"09072026","0","","BMW","C 400 GT","Valencia/València","Comunidad Valenciana","350"
"09072026","0","","HONDA","CBF 125","Palmas (Las)","Canarias","125"
"09072026","0","","HONDA","CBR 650 R","Murcia","Región de Murcia","649"
"09072026","0","","KEEWAY","XDV 125 EVO PRO","Cádiz","Andalucía","125"
"09072026","0","","SYM","SYMPHONY 125","Illes Balears","Illes Balears","125"
"09072026","0","","KYMCO","AGILITY S","Barcelona","Cataluña","125"
"09072026","0","","SYM","JET X","Sevilla","Andalucía","125"
"09072026","0","","KYMCO","AGILITY S","Málaga","Andalucía","125"
"09072026","0","","RIEJU","NKD 125","Cádiz","Andalucía","124"
"09072026","0","","ZONTES","125X","Barcelona","Cataluña","125"
"09072026","0","","KOVE","KOVE 800 X GT","Bizkaia","País Vasco","799"
"09072026","0","","ZONTES","125X","Huesca","Aragón","125"
"09072026","0","","HONDA","XL750 Transalp","Gipuzkoa","País Vasco","755"
"09072026","0","","YAMAHA","NMAX 125","Illes Balears","Illes Balears","125"
"09072026","0","","KYMCO","SUPER DINK GT 125 E5+","Córdoba","Andalucía","124"
"09072026","0","","TRIUMPH","SPEED 400","Girona","Cataluña","398"
"09072026","0","","SYM","SYMPHONY 125","Barcelona","Cataluña","125"
"09072026","0","","TRIUMPH","BONNEVILLE SPEEDMASTER","Illes Balears","Illes Balears","1200"
"09072026","0","","KYMCO","DTX","Bizkaia","País Vasco","321"
"09072026","0","","YAMAHA","NMAX 125","Cádiz","Andalucía","125"
"09072026","0","","ZONTES","368M","Cantabria","Cantabria","368"
"09072026","0","","KEEWAY","VIESTE 125LX","Alicante/Alacant","Comunidad Valenciana","125"
"09072026","0","","ZONTES","125C","Santa Cruz de Tenerife","Canarias","125"
"09072026","0","","APRILIA","RS 660","Barcelona","Cataluña","659"
"09072026","0","","TRIUMPH","SPEED 400","Palmas (Las)","Canarias","398"
"09072026","0","","KTM","KTM 125 ENDURO","Toledo","Castilla-La Mancha","125"
"09072026","0","","VOGE","625DSX","Illes Balears","Illes Balears","581"
"09072026","0","","MH MOTORCYCLES","TRAY","Murcia","Región de Murcia","125"
"09072026","0","","SYM","ADX 300 TCS","Valencia/València","Comunidad Valenciana","278"
"09072026","0","","VOGE","R125S","Barcelona","Cataluña","125"
"09072026","0","","BENELLI","TRK 702","Asturias","Principado de Asturias","698"
"09072026","0","","HONDA","ADV 350","Málaga","Andalucía","330"
"09072026","0","","MORBIDELLI","T1002VX","Coruña (A)","Galicia","997"
"09072026","0","","ZONTES","125X","Alicante/Alacant","Comunidad Valenciana","125"
"09072026","0","","SYM","ADX 125 LC TCS E5+","Sevilla","Andalucía","125"
"09072026","0","","QJMOTOR","SQ 16 E5+","Barcelona","Cataluña","125"
"09072026","0","","CFMOTO","800MT","Girona","Cataluña","799"
"09072026","0","","MORBIDELLI","T502X","Tarragona","Cataluña","486"
"09072026","0","","BMW","F 800 GS","Valencia/València","Comunidad Valenciana","895"
"09072026","0","","CFMOTO","675SR-R","Córdoba","Andalucía","674"
"09072026","0","","ZONTES","703F","Almería","Andalucía","699"
"09072026","0","","ZONTES","125X","Barcelona","Cataluña","125"
"09072026","0","","HONDA","ADV 350","Madrid","Comunidad de Madrid","330"
"09072026","0","","QJMOTOR","SRV 125 E5+","Madrid","Comunidad de Madrid","125"
"09072026","0","","HONDA","NC 750 X","Valladolid","Castilla y León","745"
"09072026","0","","APRILIA","RS 660","Ourense","Galicia","659"
"09072026","0","","ZONTES","368G","Madrid","Comunidad de Madrid","368"
"09072026","0","","SYM","JET X","Cádiz","Andalucía","125"
"09072026","0","","KAWASAKI","Z900","Alicante/Alacant","Comunidad Valenciana","948"
"09072026","0","","LINHAI","BUCK ADV","Barcelona","Cataluña","124"
"09072026","0","","HONDA","FORZA125","Barcelona","Cataluña","125"
"09072026","0","","VOGE","DS800X RALLY","Sevilla","Andalucía","798"
"09072026","0","","VOGE","DS900X","Jaén","Andalucía","895"
"09072026","0","","ZONTES","125X","Alicante/Alacant","Comunidad Valenciana","125"
"09072026","0","","HUSQVARNA","HUSQVARNA SVARTPILEN12","Madrid","Comunidad de Madrid","125"
"09072026","0","","HONDA","CBR500","Cantabria","Cantabria","471"
"09072026","0","","YAMAHA","MT-09","Santa Cruz de Tenerife","Canarias","890"
"09072026","0","","ZONTES","125X","Barcelona","Cataluña","125"
"09072026","0","","QJMOTOR","SRT 450 RX","Bizkaia","País Vasco","450"
"09072026","0","","PIAGGIO","LIBERTY 125 ABS","Pontevedra","Galicia","124"
"09072026","0","","KAWASAKI","NINJA 650","Barcelona","Cataluña","649"
"09072026","0","","SYM","JET X","Barcelona","Cataluña","125"
"09072026","0","","APRILIA","RX 125","Jaén","Andalucía","124"
"09072026","0","","ZONTES","125X","Murcia","Región de Murcia","125"
"09072026","0","","VOGE","625R","Illes Balears","Illes Balears","581"
"09072026","0","","VOGE","625R","Málaga","Andalucía","581"
"09072026","0","","VOGE","R125S","Santa Cruz de Tenerife","Canarias","125"
"09072026","0","","KAWASAKI","ELIMINATOR","Barcelona","Cataluña","451"
"09072026","0","","CFMOTO","800NK","Madrid","Comunidad de Madrid","799"
"09072026","0","","HONDA","CB 125 F","Barcelona","Cataluña","124"
"09072026","0","","KYMCO","AGILITY S","Pontevedra","Galicia","125"
"09072026","0","","YAMAHA","NMAX 125","Cantabria","Cantabria","125"
"09072026","0","","YAMAHA","NMAX 125","Almería","Andalucía","125"
"09072026","0","","KYMCO","AGILITY S","Cádiz","Andalucía","125"
"09072026","0","","ZONTES","125C","Madrid","Comunidad de Madrid","125"
"09072026","0","","KEEWAY","ICON 125 S","Gipuzkoa","País Vasco","124"
"09072026","0","","YAMAHA","NMAX 125","Murcia","Región de Murcia","125"
"09072026","0","","YAMAHA","XMAX 125","Barcelona","Cataluña","125"
"09072026","0","","HONDA","PCX 125","Illes Balears","Illes Balears","125"
"09072026","0","","KYMCO","SKYTOWN 125","Ciudad Real","Castilla-La Mancha","125"
"09072026","0","","SYM","CRUISYM 125 TCS E5+","Castellón/Castelló","Comunidad Valenciana","124"
"09072026","0","","MOTO GUZZI","V85 STRADA","Tarragona","Cataluña","853"
"09072026","0","","HONDA","ADV 350","Málaga","Andalucía","330"
"09072026","0","","YAMAHA","MT-07","Valencia/València","Comunidad Valenciana","689"
"09072026","0","","YAMAHA","RayZR 125","Alicante/Alacant","Comunidad Valenciana","125"
"09072026","0","","APRILIA","SR GT 125","Huelva","Andalucía","125"
"09072026","0","","SUZUKI","BURGMAN 400","Zaragoza","Aragón","400"
"09072026","0","","RIEJU","NKD 125","Huelva","Andalucía","124"
"09072026","0","","SYM","JET 14","Cádiz","Andalucía","125"
"09072026","0","","YAMAHA","NMAX 125","Málaga","Andalucía","125"
"09072026","0","","ZONTES","125X","Cádiz","Andalucía","125"
"09072026","0","","HONDA","CBR500","Girona","Cataluña","471"
"09072026","0","","ZONTES","125X","Toledo","Castilla-La Mancha","125"
"09072026","0","","ZONTES","368G","Córdoba","Andalucía","368"
"09072026","0","","PIAGGIO","MEDLEY 125","Alicante/Alacant","Comunidad Valenciana","125"
"09072026","0","","KYMCO","DTX","Bizkaia","País Vasco","321"
"09072026","0","","KAWASAKI","Z1100","Córdoba","Andalucía","1099"
"09072026","0","","KYMCO","AGILITY S","Barcelona","Cataluña","125"
"09072026","0","","ZONTES","125C","Sevilla","Andalucía","125"
"09072026","0","","BMW","R 12 NINET","Murcia","Región de Murcia","1170"
"09072026","0","","ZAIRON","ZS2","Sevilla","Andalucía","125"
"09072026","0","","HONDA","ADV 350","Illes Balears","Illes Balears","330"
"09072026","0","","VOGE","625DSX","Castellón/Castelló","Comunidad Valenciana","581"
"09072026","0","","VOGE","625R","Valladolid","Castilla y León","581"
"09072026","0","","YAMAHA","NMAX 125","Cádiz","Andalucía","125"
"09072026","0","","KYMCO","SKYTOWN 125","Granada","Andalucía","125"
"09072026","0","","YAMAHA","TMAX 560","Granada","Andalucía","562"
"09072026","0","","SYM","SYMPHONY 125","Murcia","Región de Murcia","125"
"09072026","0","","CYCLONE","RT1","Ávila","Castilla y León","125"
"09072026","0","","YAMAHA","RayZR 125","Ciudad Real","Castilla-La Mancha","125"
"09072026","0","","KTM","KTM 300 EXC","Barcelona","Cataluña","293"
"09072026","0","","HONDA","PCX 125","Ourense","Galicia","125"
"09072026","0","","YAMAHA","NMAX 125","Málaga","Andalucía","125"
"09072026","0","","YAMAHA","NMAX 125","Cádiz","Andalucía","125"
"09072026","0","","SUZUKI","BURGMAN 400","Girona","Cataluña","400"
"09072026","0","","KYMCO","AGILITY S","Valencia/València","Comunidad Valenciana","125"
"09072026","0","","YAMAHA","XMAX 300","Barcelona","Cataluña","292"
"09072026","0","","DUCATI","PANIGALE V4","Cádiz","Andalucía","1103"
"09072026","0","","KYMCO","AGILITY S","Córdoba","Andalucía","125"
"09072026","0","","ZONTES","125E","Huelva","Andalucía","125"
"09072026","0","","ZONTES","368G","Barcelona","Cataluña","368"
"09072026","0","","HONDA","NX500","Valencia/València","Comunidad Valenciana","471"
"09072026","0","","BENDA","LFC700","Girona","Cataluña","680"
"09072026","0","","ZONTES","368D","Asturias","Principado de Asturias","368"
"09072026","0","","KAWASAKI","Z125","Cáceres","Extremadura","125"
"09072026","0","","ZONTES","368E","Badajoz","Extremadura","368"
"09072026","0","","KTM","KTM 390 DUKE","Tarragona","Cataluña","399"
"09072026","0","","YAMAHA","NMAX 125","Illes Balears","Illes Balears","125"
"09072026","0","","CYCLONE","RA125 PLUS","Málaga","Andalucía","124"
"09072026","0","","HONDA","PCX 125","Salamanca","Castilla y León","125"
"09072026","0","","HONDA","PCX 125","Granada","Andalucía","125"
"09072026","0","","APRILIA","SR GT 125","Alicante/Alacant","Comunidad Valenciana","125"
"09072026","0","","HONDA","SH Mode 125","Barcelona","Cataluña","125"
"09072026","0","","KAWASAKI","ELIMINATOR","Barcelona","Cataluña","451"
"09072026","0","","ROYAL ENFIELD","INTERCEPTOR BEAR 650","Tarragona","Cataluña","648"
"09072026","0","","YAMAHA","XMAX 300","Illes Balears","Illes Balears","292"
"09072026","0","","HONDA","SH125i","Málaga","Andalucía","125"
"09072026","0","","YAMAHA","Tracer 9 GT","Guadalajara","Castilla-La Mancha","890"
"09072026","0","","YAMAHA","R125","Zaragoza","Aragón","125"
"09072026","0","","HONDA","GB350S","Málaga","Andalucía","348"
"09072026","0","","ZONTES","703F","Barcelona","Cataluña","699"
"09072026","0","","APRILIA","TUONO 660 FACTORY","Illes Balears","Illes Balears","659"
"09072026","0","","VOGE","DS800X RALLY","Burgos","Castilla y León","798"
"09072026","0","","ZONTES","125X","Coruña (A)","Galicia","125"
"09072026","0","","KYMCO","AGILITY S","Madrid","Comunidad de Madrid","125"
"09072026","0","","YAMAHA","NMAX 125","Valencia/València","Comunidad Valenciana","125"
"09072026","0","","MORBIDELLI","N125V","Málaga","Andalucía","125"
"09072026","0","","HONDA","FORZA 750","Málaga","Andalucía","745"
"09072026","0","","DUCATI","MULTISTRADA V2","Illes Balears","Illes Balears","890"
"09072026","0","","HONDA","FORZA 350","Granada","Andalucía","330"
"09072026","0","","QJMOTOR","LTR 125","Murcia","Región de Murcia","125"
"09072026","0","","HONDA","XL750 Transalp","Bizkaia","País Vasco","755"
"09072026","0","","SYM","SYMPHONY 125","Granada","Andalucía","125"
"09072026","0","","ZONTES","125X","Barcelona","Cataluña","125"
"09072026","0","","RIEJU","RALLY 307","Barcelona","Cataluña","292"
"09072026","0","","SCORPA","CITY CORP 125","Illes Balears","Illes Balears","125"
"09072026","0","","KYMCO","AGILITY S","Cádiz","Andalucía","125"
"09072026","0","","KOVE","NK 125 R","Murcia","Región de Murcia","125"
"09072026","0","","MORBIDELLI","T502X","Córdoba","Andalucía","486"
"09072026","0","","KOVE","KOVE 800 X GT","Granada","Andalucía","799"
"09072026","0","","NEXT","NX CROSS 125I","León","Castilla y León","125"
"09072026","0","","MITT","IBIZA","Cantabria","Cantabria","125"
"09072026","0","","HONDA","SH125i","Illes Balears","Illes Balears","125"
"09072026","0","","VOGE","DS800X RALLY","Alicante/Alacant","Comunidad Valenciana","798"
